date,n_names,n_univ_r,y_z10,y_zdec,y_r10,y_rdec,disp20,breadth,spyvol20,scoredisp,skill60,regime
2023-10-03,292,292,2.0705169693263747,1.0226696394412145,0.3954833954718389,0.19533713919947088,0.014186970735219049,0.11301369863013698,0.11907424485838619,0.05381746205058424,,BULL_VOLATILE
2023-10-04,292,292,1.9044171003806505,0.9405626829008019,0.3414094681616936,0.16861695123285453,0.014400920572758213,0.14726027397260275,0.12377642778961688,0.052220175468814356,,BULL_VOLATILE
2023-10-05,292,292,1.0108790828993286,0.805434654885051,0.16798670561577222,0.13384619046113017,0.014323790947569975,0.1541095890410959,0.12396481715486161,0.05285105559760923,,BULL_VOLATILE
2023-10-06,292,292,0.9575174215767088,0.7520277006184175,0.1443439825437698,0.11336678669694568,0.014431716982625246,0.2089041095890411,0.1333064520096249,0.051447560501223705,,BULL_CALM
2023-10-09,292,292,1.3430423046007394,0.4711754385912428,0.20286865246262623,0.07117179106946184,0.014557695768800024,0.273972602739726,0.1331625857752861,0.05095877656779264,,BULL_CALM
2023-10-10,292,292,1.2327339971415803,0.48009524285219374,0.1822003733161972,0.07095896817791232,0.014315558675893698,0.3047945205479452,0.1346367523840537,0.05061186286956501,,BULL_CALM
2023-10-11,292,292,1.6385685722814993,0.7609851811744646,0.2538392521068255,0.11788820591422758,0.014431182123545383,0.3767123287671233,0.1357358745884419,0.04975730580638385,,BULL_CALM
2023-10-12,292,292,0.8463410100657551,0.7885537696704055,0.13979813200251937,0.13025286813751677,0.014589682805025974,0.3321917808219178,0.1317218756647888,0.05083946288401475,,BULL_CALM
2023-10-13,292,292,1.685206199697571,0.9977407790387257,0.2884995639046121,0.17080864032791832,0.014838610209954351,0.3219178082191781,0.12218635831880398,0.0498920987905529,,BULL_CALM
2023-10-16,292,292,0.9308036600699954,1.019103237056219,0.152297377232951,0.16674488594254247,0.014832685192887255,0.3801369863013699,0.12914190758127986,0.05016016427068507,,BULL_CALM
2023-10-17,292,292,1.2967577554658416,0.9670890266465613,0.19999945907151884,0.149154521257389,0.014847925451529692,0.4246575342465753,0.12908365546468029,0.048939811379888905,,BULL_CALM
2023-10-18,292,292,0.8800962353937211,0.721285398365853,0.14716668811646513,0.12061088207789092,0.015144460643020297,0.3356164383561644,0.1334365746272131,0.0488792241175998,,BULL_CALM
2023-10-19,292,292,1.0972975711001447,0.8384360747645083,0.18710811028084853,0.14296777252791532,0.015313332804449012,0.273972602739726,0.12392913220172623,0.0505224107936779,,BULL_CALM
2023-10-20,292,292,0.9460574937873363,0.8278870819741788,0.16513878899519535,0.1445115873398645,0.01546667496787143,0.1952054794520548,0.13069430560004788,0.04959373088014697,,BULL_VOLATILE
2023-10-23,292,292,1.0917819504732027,0.9937124730525234,0.20059544254152492,0.18257692683471105,0.015652823042715203,0.1780821917808219,0.1292182607299701,0.049696113170203796,,BULL_VOLATILE
2023-10-24,292,292,1.472188360316338,0.8748336908668166,0.268006487895819,0.15926026268253612,0.015970116239184002,0.2054794520547945,0.12270197147954809,0.050373211990420615,,BULL_VOLATILE
2023-10-25,292,292,1.5781956014160772,0.9939417300987128,0.3124934259941178,0.1968071994360986,0.016390244193347208,0.17123287671232876,0.13247215228183198,0.05226132333890188,,BULL_VOLATILE
2023-10-26,292,292,1.621232211855273,1.1479867840365487,0.3303321473062657,0.23390661539844854,0.016790775699034935,0.1643835616438356,0.1354116193464476,0.05285819220541061,,BULL_VOLATILE
2023-10-27,292,292,1.4758537693403186,1.0300555036043213,0.29663601218370855,0.20703376124698572,0.017372811516757722,0.11986301369863013,0.13573396100007698,0.050419229393898854,,BULL_VOLATILE
2023-10-30,292,292,1.4302316681819125,1.1391915154631198,0.27718255752973375,0.2207782311054788,0.01757574153064731,0.1643835616438356,0.1444337459901527,0.05341823846266272,,BULL_VOLATILE
2023-10-31,292,292,1.5083630865974091,1.2217131552293201,0.3021906714425169,0.24476223395371582,0.01756924924902347,0.2226027397260274,0.13948303216880995,0.05325207752119486,,BULL_VOLATILE
2023-11-01,292,292,1.4026635033018438,1.1803818594084894,0.26808655608042586,0.22560258166247782,0.017725549955942062,0.2636986301369863,0.14242908931148726,0.05158616732193302,,BULL_VOLATILE
2023-11-02,292,292,1.5851642529855565,0.8748801901971627,0.2753242231247876,0.15195630877975336,0.01845834010602564,0.4383561643835616,0.15812848406302893,0.04996955502631266,,BULL_VOLATILE
2023-11-03,292,292,1.3966448380407503,0.8563080078857711,0.23630748571449642,0.14488435916502607,0.018881181216749855,0.5205479452054794,0.15585504591558763,0.04978594926218779,,BULL_VOLATILE
2023-11-06,292,292,1.4203808773666635,0.9462516201041664,0.25762483392822594,0.17162855426187268,0.01881104513253868,0.5068493150684932,0.15451871904585074,0.05168449594602494,,BULL_VOLATILE
2023-11-07,292,292,1.1859082711137554,0.4750190779737427,0.2131501364355715,0.08537791981542767,0.01960442808736986,0.5273972602739726,0.15377841478500423,0.049509185199387025,,BULL_VOLATILE
2023-11-08,292,292,1.5088543121665416,0.6693852391590044,0.26803800839428177,0.11891186902934452,0.019566584218725414,0.5342465753424658,0.15314474057260283,0.049595202567942934,,BULL_VOLATILE
2023-11-09,292,292,1.2536811034239854,0.6283965664478713,0.22993802182168174,0.11525440003357404,0.019769304809190695,0.4726027397260274,0.1541814386777383,0.05153383422787093,,BULL_VOLATILE
2023-11-10,292,292,1.2457120096008887,0.7098242200607789,0.23412546827012265,0.13340798405279006,0.01965763091043913,0.565068493150685,0.16234461568258118,0.051615343913966494,,BULL_VOLATILE
2023-11-13,292,292,1.296558753085273,0.7339256609188598,0.2540393068152435,0.1438006304844131,0.019661729384362735,0.547945205479452,0.15857332814647976,0.0514479799990702,,BULL_VOLATILE
2023-11-14,292,292,1.4508596758556807,0.976508014841296,0.25396176233898504,0.17093017368545838,0.020200069823245577,0.702054794520548,0.1720987742466498,0.05003380487658879,,BULL_VOLATILE
2023-11-15,292,292,1.0150928295632138,0.7412778083901672,0.17789976550759484,0.12991240253892694,0.02024516311686334,0.7191780821917808,0.16294965185305907,0.04958289989885863,,BULL_VOLATILE
2023-11-16,292,292,1.88919911543664,1.018321388066576,0.3726347030850737,0.20085859927986777,0.020187283340233283,0.6746575342465754,0.157735636457533,0.0496322926357011,,BULL_CALM
2023-11-17,292,292,1.8761569324717808,0.9640815408769267,0.3883543866938108,0.1995596898372542,0.02005199495199863,0.708904109589041,0.14759431559423367,0.04879638190389208,,BULL_CALM
2023-11-20,292,292,2.065316538718223,0.8994530432736308,0.35855719167549555,0.15615299214149733,0.01994807327153588,0.7363013698630136,0.14700315563748648,0.04979369014856236,,BULL_CALM
2023-11-21,292,292,0.9005088245720143,0.8448913398107301,0.15454157460146306,0.14499673346737774,0.01968859341775326,0.7294520547945206,0.14786971915574998,0.049758423281159175,,BULL_VOLATILE
2023-11-22,292,292,0.536966119293288,0.7902231427765236,0.08409365318011769,0.12375594756520468,0.01897327570363962,0.7431506849315068,0.13211707782089943,0.05130360774290099,,BULL_VOLATILE
2023-11-24,292,292,1.4130007190668412,0.8421449764994695,0.2798639929031762,0.1667982560420368,0.01816335686473829,0.7636986301369864,0.1183384370780946,0.047741620195887464,,BULL_CALM
2023-11-27,292,292,1.4173829534518398,0.8734779324701498,0.25347228755255,0.15620510260172504,0.017555582912098397,0.7705479452054794,0.11579948235199519,0.04886910135141909,,BULL_CALM
2023-11-28,292,292,1.420767373532192,0.5490587843901225,0.2713700492927346,0.10487157303882191,0.017356052067159032,0.7636986301369864,0.11371828479768858,0.0467412483702377,,BULL_CALM
2023-11-29,292,292,0.48796318078078105,0.6572212653216088,0.08932019179475366,0.12030237481481076,0.017617073902104687,0.773972602739726,0.11500899752185015,0.04788658091261413,,BULL_CALM
2023-11-30,292,292,1.7072544865189319,0.6662596587575251,0.31537544225138076,0.12307593050368508,0.017415437316651843,0.8013698630136986,0.11244997906208705,0.046675530388155764,,BULL_CALM
2023-12-01,292,292,1.3328009271500159,0.6229990521591119,0.2592863090117831,0.1211997391820493,0.01740161430055449,0.839041095890411,0.09737564281165344,0.04789445558761857,,BULL_CALM
2023-12-04,292,292,1.3008261852509668,0.7084044030060833,0.2774099765065766,0.1510720271649198,0.016941394520442295,0.8356164383561644,0.09914564143241808,0.04897708780938672,,BULL_CALM
2023-12-05,292,292,1.5033682534631507,0.6696282890271322,0.3660999326643513,0.16306774534998308,0.016814744757153423,0.8116438356164384,0.09960427248311357,0.04785053739162703,,BULL_CALM
2023-12-06,292,292,0.4450026896944356,0.658318432483368,0.11207609872992616,0.1658007093966083,0.01615699844145218,0.7842465753424658,0.1021224266065752,0.05018507631401985,,BULL_CALM
2023-12-07,292,292,1.618640989766456,0.6698043405769953,0.41591067029203443,0.17210658448362093,0.016118376839895053,0.791095890410959,0.10388780771495713,0.049061251780348855,,BULL_CALM
2023-12-08,292,292,0.4798129710523348,0.5483536770300256,0.12081330859810857,0.13807134446290345,0.015826012745637656,0.8082191780821918,0.09682314603777539,0.049579178845645125,,BULL_CALM
2023-12-11,292,292,1.7848990167563514,0.664611250959984,0.44542842824322426,0.1658562989439303,0.015904638720861154,0.8253424657534246,0.08472290728358724,0.048197548092880266,,BULL_CALM
2023-12-12,292,292,1.8675092668493576,0.5332586303390147,0.4251214238399438,0.1213914555760793,0.016049789908001478,0.8253424657534246,0.08410152854025195,0.04552888752682605,,BULL_CALM
2023-12-13,292,292,1.2053421329230978,0.4494781509023547,0.2917572184080519,0.10879773589631288,0.015949097350800308,0.8732876712328768,0.07055783018459424,0.04722068743305459,,BULL_CALM
2023-12-14,292,292,0.31063213745258855,0.3266735541787083,0.0718653423131442,0.07557655491871804,0.016473427347982354,0.8664383561643836,0.0706101739036591,0.048014393712334395,,BULL_CALM
2023-12-15,292,292,-0.0393694040796714,0.22534319809903483,-0.008633852206586969,0.04941857550623489,0.016305496437844458,0.8458904109589042,0.07620889498804752,0.047067418752710956,,BULL_CALM
2023-12-18,292,292,1.0963870640114208,0.27375455415334204,0.2189905547112174,0.054679285844016386,0.0163019669198431,0.863013698630137,0.0771444297389667,0.0475417287217567,,BULL_CALM
2023-12-19,292,292,-0.29149356287491934,0.25799868499695044,-0.056942723885211016,0.05039956195819283,0.016404660743273652,0.8801369863013698,0.07584936121315992,0.047179307843599944,,BULL_CALM
2023-12-20,292,292,-0.2369144569129152,0.09859974055519162,-0.04498584777352718,0.01872233960275186,0.01649742520175088,0.8321917808219178,0.09400485743961581,0.052258976999377996,,BULL_CALM
2023-12-21,292,292,-0.10011220998313908,0.2811717742400639,-0.018810418495783986,0.05283030654850657,0.016663672136248663,0.8595890410958904,0.09780315957069653,0.047842490149324304,,BULL_CALM
2023-12-22,292,292,-0.26388631168020926,0.2916474300854001,-0.05509519109151843,0.060891263323191405,0.01688428355916315,0.8732876712328768,0.09768052185016966,0.04786929664964499,,BULL_CALM
2023-12-26,292,292,0.6885578446231898,0.19367055712066572,0.14413538634944506,0.040540937545161,0.016657665417767007,0.8904109589041096,0.09691249778032282,0.048659604118226646,,BULL_CALM
2023-12-27,292,292,0.8289625188155894,0.24679809217076998,0.18069573105758108,0.053796595957234385,0.016262954544946997,0.8835616438356164,0.09680966676235328,0.047874703455826395,,BULL_CALM
2023-12-28,292,292,0.5034102179716223,0.4356953460273473,0.10975812452426056,0.09499430551210247,0.015492399785388855,0.8801369863013698,0.09643456553736003,0.04622948927796335,,BULL_CALM
2023-12-29,292,292,0.6070991989341937,0.031531576967567546,0.1315786799021446,0.006833946214900421,0.015118441784967846,0.8801369863013698,0.09801869831242381,0.05144447380207295,,BULL_CALM
2024-01-02,292,292,-0.2879690701855913,0.20871036977125168,-0.06314792795031086,0.04576751032429864,0.014788634790830027,0.9075342465753424,0.10048397540928775,0.0540059008498341,,BULL_CALM
2024-01-03,292,292,-0.47416057009277823,0.26360882056322976,-0.10796515629857076,0.06002305824000118,0.014877844662862752,0.8972602739726028,0.10355957520622418,0.05634730820035099,,BULL_CALM
2024-01-04,292,292,-0.46643377885568593,0.23335069562356148,-0.10296823830878048,0.051513657727436414,0.014728255789238379,0.8732876712328768,0.10470047781833691,0.05615399760701505,,BULL_CALM
2024-01-05,292,292,-0.36373116812692313,0.11171800808984121,-0.08226614273879031,0.02526758882759577,0.014495135239140514,0.8801369863013698,0.10287721920351392,0.060412149355111855,,BULL_CALM
2024-01-08,292,292,-0.6568581236496863,-0.05283123730749319,-0.13188151979383006,-0.010607258428939764,0.014607426845829196,0.8938356164383562,0.11058992642019022,0.05607266589936077,,BULL_CALM
2024-01-09,292,292,-0.8064482043741112,0.22699770462788063,-0.16207872668245,0.04562165149152991,0.014703787793289142,0.8561643835616438,0.1107594299492566,0.05512559408764347,,BULL_CALM
2024-01-10,292,292,-0.6733292904056032,-0.07885639698460385,-0.1325419621135732,-0.015522541096125872,0.01445077138458826,0.8527397260273972,0.11144234543312156,0.05626057021901804,,BULL_CALM
2024-01-11,292,292,-0.1240998396858481,-0.19368325995985392,-0.022872563905489716,-0.03569732847415208,0.014447562653634413,0.8493150684931506,0.11107736361761898,0.05702621220224819,,BULL_CALM
2024-01-12,292,292,-0.13555979897982437,-0.2559784361845887,-0.02611958702383036,-0.049321783378732116,0.01421789616947097,0.8287671232876712,0.10084395635522965,0.058351462344468516,,BULL_CALM
2024-01-16,292,292,-0.06240796829683189,0.12048499557348583,-0.012548494739958303,0.024226158525249383,0.013652742049492248,0.797945205479452,0.10150310586598661,0.05548065125836821,,BULL_CALM
2024-01-17,292,292,-0.6465462281033344,-0.06740489384653588,-0.12692266455225235,-0.013232168650896096,0.013443713603199311,0.7191780821917808,0.10141039198428906,0.057008544603779535,,BULL_CALM
2024-01-18,292,292,-0.8479165648168483,-0.039393496534969395,-0.16050156348990213,-0.007456768799607485,0.013680434436416219,0.708904109589041,0.10429412544899914,0.05785496923943152,,BULL_CALM
2024-01-19,292,292,-0.30664713397781956,-0.4394626902433567,-0.05365839006393305,-0.07689900813920235,0.01428943155724716,0.7534246575342466,0.1110709108364184,0.0585963996442951,,BULL_CALM
2024-01-22,292,292,-0.4569068078545799,-0.34007416661143886,-0.07613934953421585,-0.05667025615303701,0.014284530206335744,0.7602739726027398,0.09661330894622086,0.05575441382205097,,BULL_CALM
2024-01-23,292,292,-0.2559039212096806,-0.15340062023656928,-0.041010518761377776,-0.024583597564587934,0.01443499058420505,0.7568493150684932,0.09223437093176749,0.05520265458083521,,BULL_CALM
2024-01-24,292,292,-0.4797660641334627,-0.4454337524022993,-0.06996126360303287,-0.06495479880552013,0.014814110835394434,0.7294520547945206,0.09219645909716262,0.05593354617063656,,BULL_CALM
2024-01-25,292,292,-0.12612650075377957,-0.40845265748324167,-0.018439965286700877,-0.05971665574037575,0.015631297809179732,0.7397260273972602,0.09281720240612526,0.05456149125730894,,BULL_CALM
2024-01-26,292,292,0.3056200087978994,-0.09939819626578038,0.0456226478633839,-0.014838062875287713,0.016330700712361985,0.7431506849315068,0.09323677046319391,0.054379224315305036,,BULL_CALM
2024-01-29,292,292,0.04890350761322196,-0.14035198623534997,0.007093540746878535,-0.0203583051984724,0.016831573638334284,0.7636986301369864,0.09620646020372939,0.052071929088094576,,BULL_CALM
2024-01-30,292,292,0.158154291366791,0.04578910994101562,0.02348053135941517,0.006798124936086846,0.01732282037339273,0.7465753424657534,0.09520326033635404,0.05049825817972237,,BULL_CALM
2024-01-31,292,292,0.48466671289715546,-0.0011394604750911658,0.07681912565229737,-0.0001806031961399208,0.01708271062118295,0.6746575342465754,0.11210377127274773,0.05404635984993152,,BULL_CALM
2024-02-01,292,292,0.3482597128585109,0.020598611966389246,0.05383257740524924,0.003184050098760202,0.017050667114125548,0.7226027397260274,0.11418285204800803,0.053299603423953665,,BULL_CALM
2024-02-02,292,292,0.058887251886495365,-0.325627059311696,0.008625618386645488,-0.04769682163810394,0.017816273888703833,0.6917808219178082,0.11600763633113001,0.05296838697691222,,BULL_CALM
2024-02-05,292,292,-0.4029975553142062,-0.06443776329364309,-0.058107911699057255,-0.009291232192791843,0.018369552570750753,0.636986301369863,0.11819581878311916,0.05200540011588994,,BULL_CALM
2024-02-06,292,292,0.15510071516116464,0.0005875419659899862,0.02272399116166506,8.6081475693979e-05,0.018827435843971795,0.6917808219178082,0.1098905110770837,0.053804155052629025,,BULL_CALM
2024-02-07,292,292,0.2158023975632367,-0.18534249432982208,0.03146301059626317,-0.027022094883483623,0.019037567604942147,0.684931506849315,0.11123774920603213,0.05467611521602011,,BULL_CALM
2024-02-08,292,292,-0.1758275898982877,-0.2739560713874083,-0.026542868716533358,-0.04135630842201538,0.019672413551033087,0.6712328767123288,0.11082663338183574,0.052461849162091546,,BULL_CALM
2024-02-09,292,292,-0.6651473095501353,-0.5240382466213258,-0.0988645836145545,-0.07789075037431765,0.020129429112543548,0.6541095890410958,0.11101687916687698,0.0526392168836016,1.343788331435101,BULL_CALM
2024-02-12,292,292,-0.470760473088531,-0.4113988108257194,-0.07018987093033435,-0.06133911210366184,0.02002561099577421,0.6883561643835616,0.11134276828331867,0.054599381940384224,1.3472422457712487,BULL_CALM
2024-02-13,292,292,-0.4259316144349487,-0.41357758835126124,-0.06689596048436029,-0.06495566205919295,0.020077256863624448,0.5856164383561644,0.12385485680626382,0.055732668023772615,1.336862576514748,BULL_CALM
2024-02-14,292,292,-0.7930022860563646,-0.5124252888854949,-0.12319893335827684,-0.07960916396653706,0.020530892009388048,0.613013698630137,0.12289581093202359,0.0562891190025414,1.353600047391169,BULL_CALM
2024-02-15,292,292,-0.5500936373224679,-0.2238595240861209,-0.0862869610173007,-0.03511430912415256,0.020896015796128445,0.6541095890410958,0.1217707986697113,0.053607718676801995,1.3689693675405987,BULL_CALM
2024-02-16,292,292,-0.33423833704643807,0.25894692902624067,-0.06741210218726292,0.05222667451869696,0.02058363824490658,0.6301369863013698,0.11881007418734899,0.055425834066407845,1.3888650010028165,BULL_CALM
2024-02-20,292,292,-0.004504030479426546,0.20888032593761016,-0.0008459089478647808,0.039230137884420396,0.0205546803488472,0.6267123287671232,0.1215621112093875,0.05530878925579746,1.3752995516575164,BULL_CALM
2024-02-21,292,292,0.1668962200828328,0.22083044294935666,0.026153798994926897,0.03460566700666837,0.02107396039168031,0.678082191780822,0.12143598737786228,0.056900992844513956,1.352641891323348,BULL_CALM
2024-02-22,292,292,-0.14578668183599025,-0.025087142641667295,-0.0213889284739318,-0.0036806318164344124,0.0215158065645358,0.7054794520547946,0.13959892806403654,0.055364519119155145,1.3542302815271243,BULL_CALM
2024-02-23,292,292,0.6615502360874068,0.1538428778898677,0.09772097620461542,0.022724920027900948,0.021062079876382322,0.708904109589041,0.139184712199327,0.058345210723276156,1.3558495808072453,BULL_CALM
2024-02-26,292,292,-0.005652376594634201,-0.060772224180612275,-0.0008244265224351694,-0.008863923449374377,0.020969950597966268,0.6678082191780822,0.1401921569629383,0.05613943563812802,1.3574725256253686,BULL_CALM
2024-02-27,292,292,-0.029228357040154383,-0.14441719595183938,-0.004130672069993298,-0.020409634278296056,0.020796423676250113,0.6746575342465754,0.13838508594348367,0.057609345512825705,1.336264980629159,BULL_CALM
2024-02-28,292,292,0.35013483040715404,-0.2930214871369596,0.04971429539632364,-0.041604991860013506,0.020713580357265258,0.6815068493150684,0.1385237268508821,0.0590326843699244,1.3450980641027253,BULL_CALM
2024-02-29,292,292,0.38144753918466345,-0.26749435324602416,0.05469505013242386,-0.038355515655453545,0.021178279583449634,0.702054794520548,0.12137535480011231,0.05971928291160645,1.3448120841735924,BULL_CALM
2024-03-01,292,292,0.35449013749888475,-0.30828659979413753,0.050320217115563066,-0.04376158035005559,0.021678129240303476,0.7123287671232876,0.11778199170588557,0.05949476010559657,1.3438124046526239,BULL_CALM
2024-03-04,292,292,0.2819447964660095,-0.33362117756971105,0.03826055371277034,-0.045273156816932,0.021452016632964928,0.7328767123287672,0.11429764272025827,0.05979168501866992,1.3473580901817466,BULL_CALM
2024-03-05,292,292,0.005775996821444096,-0.1923419179447796,0.0007967661530329725,-0.026532481711014726,0.02139751986160277,0.678082191780822,0.12037869476275169,0.06185009173877207,1.3277416684320225,BULL_CALM
2024-03-06,292,292,-0.7405619741283471,-0.5245540919277352,-0.10035151185898458,-0.0710808791373914,0.020930183818743668,0.7191780821917808,0.12095889328914952,0.06208589858068026,1.333931015694457,BULL_CALM
2024-03-07,292,292,-0.8602116456543607,-0.21044460349890437,-0.12010134268224985,-0.029381931258586645,0.020721042561448938,0.7397260273972602,0.1222551694186934,0.06190606576355357,1.316136889764413,BULL_CALM
2024-03-08,292,292,-0.07527125113765527,-0.15418629967501832,-0.010338125817732687,-0.021176708787474376,0.02032777064496198,0.7602739726027398,0.1252240976196328,0.0651213941531633,1.3257034637846565,BULL_CALM
2024-03-11,292,292,0.7418110646579985,0.3645483878732984,0.11202131677383746,0.055050662335663504,0.020000010986095666,0.797945205479452,0.12432876965244705,0.06407742518049331,1.3365395798459505,BULL_CALM
2024-03-12,292,292,-0.16638426254882532,0.17108173216362899,-0.030041150723534575,0.03088929219169856,0.020077232832773392,0.7773972602739726,0.12884998418825552,0.06316181342166723,1.3339670808866788,BULL_CALM
2024-03-13,292,292,-0.5021546288330532,-0.03668780942640298,-0.06811271062195101,-0.00497636784235371,0.020052767769417564,0.7842465753424658,0.11621950294219868,0.06265928673836683,1.3142875627437154,BULL_CALM
2024-03-14,292,292,-0.15443174076796468,-0.0014787549604112695,-0.020963636388817247,-0.0002007364622328492,0.020006696275376386,0.7431506849315068,0.1141340154030037,0.06494986880526658,1.288746865256482,BULL_CALM
2024-03-15,292,292,0.01981037628228522,0.37814859540770623,0.0028491682758769697,0.054386093744544756,0.01955205318725446,0.7191780821917808,0.11938099916533042,0.06200499972751015,1.2851846467149068,BULL_CALM
2024-03-18,292,292,0.05392672802925404,0.33773610520754227,0.007590351249664718,0.04753738566946432,0.019274484179332686,0.7054794520547946,0.1186611564490942,0.06489905270464905,1.25651777017691,BULL_CALM
2024-03-19,292,292,0.7697459444040163,0.46603980539490236,0.11694576132922657,0.07080437415468258,0.019178128574429826,0.726027397260274,0.11667009241088634,0.06693110705200228,1.2298493375503061,BULL_CALM
2024-03-20,292,292,0.5096920169258429,0.24007149659867297,0.07541917798494333,0.03552340301559273,0.018676999371218916,0.7534246575342466,0.1194537270260042,0.06536115263796331,1.2065166788216493,BULL_CALM
2024-03-21,292,292,-0.505092187616924,0.27925502951277636,-0.0707377273226868,0.03910942718073776,0.018093226808907667,0.773972602739726,0.09798662727470814,0.06597220246298163,1.1811649031233413,BULL_CALM
2024-03-22,292,292,-0.4139974143557402,0.3392358018492414,-0.05965073031648348,0.04887871911300634,0.017958475501686104,0.7431506849315068,0.09867893919868065,0.06395182172561233,1.1728156309453728,BULL_CALM
2024-03-25,292,292,-0.513249136275383,0.21206310360605402,-0.06838022198728493,0.028253183639288453,0.017698247563970627,0.7431506849315068,0.09812684054525998,0.06303035062583404,1.1670847457432096,BULL_CALM
2024-03-26,292,292,-0.5639766837167224,-0.07564418772639776,-0.0718787425774399,-0.009640840222742829,0.01771306398223384,0.7397260273972602,0.09875802311686105,0.06280434529722827,1.1409662998872967,BULL_CALM
2024-03-27,292,292,-0.1867740995801849,0.1799719764162329,-0.024377667198648853,0.02348985729830528,0.017776222145523414,0.791095890410959,0.10149009100981429,0.061188777630383245,1.1193443348631893,BULL_CALM
2024-03-28,292,292,-0.33228935790504976,0.4053217908036241,-0.047635225235098416,0.05810476423124311,0.01701628805747011,0.8082191780821918,0.10142425432878836,0.05973979588165012,1.0976968656451072,BULL_CALM
2024-04-01,292,292,-0.3719684024887033,0.2581044146582336,-0.051999578733515864,0.03608188421836838,0.016385282078580362,0.7636986301369864,0.0975247427395419,0.061383371944634425,1.0738355657839491,BULL_CALM
2024-04-02,292,292,-0.018229961398193117,0.5266544124741249,-0.0026765933378684395,0.07732543481562068,0.01605385085082727,0.702054794520548,0.10070826705826288,0.061199658459239775,1.0436776310596754,BULL_CALM
2024-04-03,292,292,-0.1562818599075571,0.5613328432595006,-0.022299580646363004,0.08009558508659767,0.015806681218682648,0.684931506849315,0.09251751423730088,0.06398683975126923,1.0170698783052003,BULL_CALM
2024-04-04,292,292,-0.29991722939174026,0.24385180003010282,-0.04303188846262796,0.034987664701984694,0.015658705231624163,0.6198630136986302,0.10271670281378598,0.06365183822899154,0.9788127667063473,BULL_CALM
2024-04-05,292,292,0.557663255251794,0.5395419380966072,0.08207425067075386,0.07940724058416049,0.015494804793430813,0.6712328767123288,0.10337514444189967,0.06223267941206315,0.9512662797990161,BULL_CALM
2024-04-08,292,292,0.3945586002690836,0.6200615296252294,0.059398743698508165,0.09334703603063213,0.015255901846505045,0.678082191780822,0.10059670586098804,0.06426004006333084,0.9119573549639632,BULL_CALM
2024-04-09,292,292,0.7113106330150061,0.32921775822205096,0.1079445002919176,0.049960235021194926,0.015139388462341669,0.6917808219178082,0.1004368941814716,0.06373613621132018,0.8943756299680327,BULL_CALM
2024-04-10,292,292,0.6805522045322613,0.17387092895420392,0.10796257409923132,0.027582826013798575,0.015116900953498963,0.5547945205479452,0.10018442907182269,0.0651746744094079,0.8705036707272714,BULL_CALM
2024-04-11,292,292,0.32620372451230156,-0.01626336986839608,0.051172323969043025,-0.002551272009472569,0.014916517817885494,0.5684931506849316,0.10374222492821629,0.06249343558507766,0.8547952673324288,BULL_CALM
2024-04-12,292,292,0.5524073808109068,0.1209024748507729,0.09227408953835109,0.02019554078624322,0.014760664115319417,0.4315068493150685,0.1149469465687355,0.0633057555854545,0.825731204012371,BULL_VOLATILE
2024-04-15,292,292,0.7685062063247697,0.2353335162934149,0.12839075521653873,0.039316075310791294,0.014712970725079128,0.363013698630137,0.11812367617925373,0.06452833862663401,0.7958316363689678,BULL_VOLATILE
2024-04-16,292,292,0.8449611930707052,0.0016897206090460827,0.14156403231910547,0.00028309425908658314,0.014692799948742516,0.339041095890411,0.1156936529033271,0.0628874134829802,0.7725244849614508,BULL_VOLATILE
2024-04-17,292,292,0.7287452547731826,0.3058874114288952,0.12596181504499226,0.05287188258260456,0.01482597007163768,0.3082191780821918,0.11437239432166559,0.06321865580050062,0.7403728988252688,BULL_VOLATILE
2024-04-18,292,292,0.7859595719067121,0.19223539313409954,0.14089787974343573,0.03446177166407144,0.014662631972280668,0.3082191780821918,0.10713564273591468,0.06455978112666248,0.7098045734481728,BULL_VOLATILE
2024-04-19,292,292,1.125444198346779,0.3838728833358181,0.1927873954139247,0.06575701705784846,0.015060295346324356,0.3287671232876712,0.10769963867299784,0.06734859994776755,0.6747879355150274,BULL_VOLATILE
2024-04-22,292,292,1.0244305100383193,0.43675667549827746,0.17190700541643028,0.07329099577260348,0.015101408244456577,0.3732876712328767,0.11562963950511608,0.06497481700667335,0.6480882643467923,BULL_VOLATILE
2024-04-23,292,292,0.7989799691073312,0.21965646288843957,0.12710050901524172,0.034942613483540046,0.01513814208886174,0.4246575342465753,0.12570220358690495,0.06336951739224903,0.6293447366903921,BULL_VOLATILE
2024-04-24,292,292,0.4962261345926538,0.13487992018655678,0.07831102851490596,0.021285830268670515,0.015311065371154935,0.4280821917808219,0.12572409668339848,0.06470845528270507,0.605020410373989,BULL_VOLATILE
2024-04-25,292,292,0.3121284716447632,0.18328277751535432,0.04847377880895233,0.028463948738649984,0.015546780627793091,0.4143835616438356,0.12061892543897035,0.06319855383481345,0.5842785901750714,BULL_VOLATILE
2024-04-26,292,292,0.10493717716117335,-0.16711905893843995,0.014982865845237007,-0.023861156817770277,0.016125163068415802,0.4828767123287671,0.12712564125446593,0.05977055453563534,0.5659369645069315,BULL_CALM
2024-04-29,292,292,-0.0042259258106698725,-0.18477116941076807,-0.0006041485691244339,-0.02641533302196638,0.016246515215811115,0.4931506849315068,0.12831759798614853,0.061441898078921246,0.5484638790872275,BULL_CALM
2024-04-30,292,292,0.3121945431585763,-0.10713528962110042,0.04688728970787839,-0.016090234350606362,0.016379525900850057,0.3835616438356164,0.13751734220582298,0.059709691686441316,0.5257723186625579,BULL_CALM
2024-05-01,292,292,-0.0816760607488148,-0.20184808944802557,-0.0117658259607957,-0.029077179643474053,0.016855484974003812,0.3595890410958904,0.1372450575819948,0.06206214395390434,0.49929055488875845,BULL_CALM
2024-05-02,292,292,-0.20645206252474643,-0.6190614757136566,-0.0275369057665107,-0.08257140816096557,0.017328201740480154,0.4041095890410959,0.13696695782026924,0.06135970736418924,0.47672799493866896,BULL_CALM
2024-05-03,292,292,-0.64018695858674,-0.47236622556357655,-0.08069001227147177,-0.05953766478076344,0.018048232829815675,0.4212328767123288,0.13923612038623376,0.05743627108219019,0.4594300165076564,BULL_CALM
2024-05-06,292,292,-0.7331223273978349,-0.768849493112491,-0.09763096683696723,-0.10238880546868252,0.018137963850275343,0.5342465753424658,0.14458153527519474,0.057122206969044846,0.43573768984933686,BULL_CALM
2024-05-07,292,292,-0.9379523683198654,-0.7296031497149236,-0.12899086663928214,-0.10033786977163776,0.01836149622897974,0.5376712328767124,0.14457517849712592,0.05794169839982579,0.4030425888054134,BULL_CALM
2024-05-08,292,292,-0.24234419636358914,-0.691478316277164,-0.03125022152629632,-0.08916595028284478,0.01937139781041113,0.5273972602739726,0.13982256860031458,0.05769192464480595,0.37101558632300985,BULL_CALM
2024-05-09,292,292,-0.34201171870420743,-0.4396873655494939,-0.04420132855628675,-0.05682485319606753,0.02006159229930181,0.5684931506849316,0.13874075705470007,0.05762442506082283,0.34699851225637374,BULL_CALM
2024-05-10,292,292,-0.7147935481903998,-0.5713052727008296,-0.09403635213266145,-0.07515941342077011,0.020038493480826324,0.571917808219178,0.12843202885435132,0.05890033947420031,0.3022951555648237,BULL_CALM
2024-05-13,292,292,-0.36741641696741456,-0.6082710108684671,-0.048869097739376435,-0.08090453803754975,0.02155523991185261,0.5753424657534246,0.11819951987478812,0.056611453420950975,0.2618576460682529,BULL_CALM
2024-05-14,292,292,-1.1803481786919447,-0.6948189977653576,-0.16303350286645976,-0.09597064417838475,0.02273461168194914,0.613013698630137,0.11790331612196771,0.05738807633423502,0.22186506480550858,BULL_VOLATILE
2024-05-15,292,292,-1.2409247821399654,-0.6871251032120831,-0.16909389122642504,-0.09363070117845788,0.023119537906456072,0.6506849315068494,0.11958203542577969,0.056485221399093566,0.2067815172213179,BULL_VOLATILE
2024-05-16,292,292,-0.35540039031269743,-0.5742096432287124,-0.04662931706684133,-0.07533757487827067,0.023687481525988312,0.6472602739726028,0.119581912098869,0.05615441880421737,0.20061368556781028,BULL_VOLATILE
2024-05-17,292,292,-0.6620460021001338,-0.5535896271143602,-0.08659811352392982,-0.07241161070748148,0.0233189467077341,0.6472602739726028,0.1116900876887904,0.05674312533124873,0.1746338955527631,BULL_CALM
2024-05-20,292,292,-1.015164109121915,-0.47866520414056646,-0.12844138914993516,-0.06056205415962773,0.023363267071425355,0.6335616438356164,0.10975497200842672,0.05568332755767494,0.16203668359668924,BULL_CALM
2024-05-21,292,292,-0.505484794766679,-0.2834309996740519,-0.06509517715561103,-0.03649959667667246,0.023151823232404885,0.6301369863013698,0.10460494457070416,0.0527419384895471,0.13826302109457542,BULL_CALM
2024-05-22,292,292,-0.6357110643841241,-0.19075163273174248,-0.08248745717968817,-0.024751208557552615,0.023078200927430494,0.5924657534246576,0.10585378610076689,0.055927309143554996,0.12964316213089316,BULL_CALM
2024-05-23,292,292,-0.43680053036164795,-0.0432513106493202,-0.05888702656339733,-0.0058309019840235374,0.022784761836572933,0.5171232876712328,0.10924593453009235,0.05458375708181648,0.10702450119569688,BULL_CALM
2024-05-24,292,292,-0.32154849360491705,-0.33922351377183496,-0.04353756745912777,-0.04593075977121536,0.0226537919571989,0.5136986301369864,0.10717653045145263,0.054037657166058566,0.09116861139627436,BULL_CALM
2024-05-28,292,292,-0.5655317856589299,-0.2857092449565756,-0.07886094788793331,-0.03984091159680604,0.022883562938649477,0.4691780821917808,0.10713215039462075,0.05413019211582437,0.07539634393373963,BULL_CALM
2024-05-29,292,292,-0.3528079631361389,-0.17025319253823473,-0.049587772918561944,-0.02392938236200885,0.02279508915812303,0.4383561643835616,0.09108612013835216,0.05319521336715026,0.05503928631712062,BULL_CALM
2024-05-30,292,292,-0.6046087056484036,-0.17277439390139554,-0.08270646154494192,-0.023634391353713296,0.022892900098690515,0.4657534246575342,0.0945797665523392,0.05474650946598609,0.04771884143590409,BULL_CALM
2024-05-31,292,292,-0.5622308946830715,0.0376221366167983,-0.0764757332023551,0.00511743575391865,0.023111354114336156,0.5205479452054794,0.09433725091141923,0.05440794824773941,0.008398792037657376,BULL_CALM
2024-06-03,292,292,-0.6252697961313377,-0.24452979876935968,-0.08545482467503403,-0.03341957537521569,0.022965490888764734,0.5034246575342466,0.08632644754056695,0.05411660657417392,-0.013934951574120884,BULL_CALM
2024-06-04,292,292,-0.4153512312933178,-0.15869792212292147,-0.058575218872367704,-0.022380493477760985,0.0230213467697486,0.4931506849315068,0.07993787231360432,0.052822861874636515,-0.044937789372354334,BULL_CALM
2024-06-05,292,292,-0.5610002282201051,-0.03770852681525157,-0.07782427046216417,-0.005231082701892456,0.02328046187699139,0.5376712328767124,0.08856173923539337,0.053114890600842,-0.06369942607554366,BULL_CALM
2024-06-06,292,292,-0.6980518273772918,-0.12059977539559957,-0.09908549219103506,-0.017118625916500246,0.023079319553009035,0.547945205479452,0.0885900926422673,0.052454900188260954,-0.08656153266674237,BULL_CALM
2024-06-07,292,292,-0.6804086146160021,-0.11666184797611982,-0.097687279840177,-0.016749315551137022,0.022947270797172202,0.5376712328767124,0.08778164638249839,0.05133312975402842,-0.10010797877150308,BULL_CALM
2024-06-10,292,292,-0.5130383334451492,-0.06299979910138695,-0.07393109566852965,-0.009078550024100199,0.023024424863452353,0.5513698630136986,0.08800338653753316,0.05113830756469572,-0.10202568438297462,BULL_CALM
2024-06-11,292,292,-0.8005630980127485,-0.3846413687087878,-0.11697111955666714,-0.05620035652075388,0.02175278538680102,0.5171232876712328,0.08793347119740039,0.04995749397700812,-0.11996862917846023,BULL_CALM
2024-06-12,292,292,-0.7430375875178452,-0.39658138167475654,-0.111259510553278,-0.05938252809938292,0.02099828514649173,0.5376712328767124,0.0905080531235216,0.04895534777234465,-0.11421162433005731,BULL_CALM
2024-06-13,292,292,-0.7407703374291315,-0.16439922876056268,-0.11515268474195745,-0.025555845860387363,0.0208938082008229,0.5171232876712328,0.08131223623047241,0.050351169691957826,-0.09743395097477513,BULL_CALM
2024-06-14,292,292,-0.9665354183715749,-0.21971020213658726,-0.14584251668412032,-0.03315252417212302,0.02052690899394532,0.4828767123287671,0.08044397807164286,0.04931891221566143,-0.08727054719295874,BULL_CALM
2024-06-17,292,292,-0.8717651806126959,-0.3150559921856764,-0.13371716921209875,-0.04832539352944676,0.02056039820686483,0.5068493150684932,0.08382134598573109,0.05072106971240639,-0.09129064512523732,BULL_CALM
2024-06-18,292,292,-0.4560896525129829,-0.27799997605442867,-0.07112345510141006,-0.0433518250329904,0.020547968494442133,0.5273972602739726,0.08385594069698116,0.04987904516990852,-0.1096665661082195,BULL_CALM
2024-06-20,292,292,-0.6626120899580885,-0.2277888668282981,-0.10306391611898577,-0.0354307037547647,0.020825088722770092,0.5513698630136986,0.08525571745377955,0.049382262716904816,-0.13203676035973572,BULL_CALM
2024-06-21,292,292,-0.6606111136741813,-0.20646375973665423,-0.100537065469562,-0.03142130082294311,0.020723192856001608,0.5684931506849316,0.08658271570395155,0.047146882206325694,-0.14982654205454143,BULL_CALM
2024-06-24,292,292,-0.6174006858328638,-0.1440905144841178,-0.08879725997922744,-0.020723726372164294,0.02127216591861121,0.5958904109589042,0.0822779227200023,0.04844296393911152,-0.1630577636964478,BULL_CALM
2024-06-25,292,292,-0.6439749680214872,-0.3230218695578805,-0.09458124935013532,-0.04744254591768756,0.021112116829060154,0.5513698630136986,0.08060311430031755,0.04708595650345223,-0.16379643515843875,BULL_CALM
2024-06-26,292,292,-0.42226290169452046,-0.0822945038540831,-0.0624656560791764,-0.01217388540249857,0.02083255428851339,0.5205479452054794,0.08055915987567874,0.04827861820843448,-0.16209323236503748,BULL_CALM
2024-06-27,292,292,-0.23176511694091967,-0.26667137558577886,-0.034013129236122444,-0.039135863416779014,0.020959763663199335,0.5342465753424658,0.07408279653356256,0.04831050716507887,-0.15462316874074594,BULL_CALM
2024-06-28,292,292,-0.3448392491331245,-0.2824983255178383,-0.05052918172361147,-0.04139438669638264,0.020542625200867932,0.5445205479452054,0.07049096240790002,0.04730838532676981,-0.15116568027042315,BULL_CALM
2024-07-01,292,292,-0.2583699279862205,-0.29944346463096494,-0.03881365346293852,-0.04498393043848284,0.019920832349195616,0.5,0.06536743276888393,0.04981930982084023,-0.14521666536612404,BULL_CALM
2024-07-02,292,292,-0.4418957734828952,-0.1541611641025891,-0.06530229768067758,-0.02278156713217972,0.019349871974363494,0.5342465753424658,0.0676553266616342,0.05055299028943584,-0.122481474372359,BULL_CALM
2024-07-03,292,292,-0.665298625781961,-0.40119030904141845,-0.09704353623829315,-0.05851947499238103,0.01916060822303066,0.547945205479452,0.06812978229502471,0.050790452178056014,-0.10468334286111423,BULL_CALM
2024-07-05,292,292,-1.1296157914989675,-0.36939366225348347,-0.16906679113992104,-0.05528623237618514,0.01863848009267147,0.523972602739726,0.05943874622110712,0.048675360421100454,-0.09075983498276667,BULL_CALM
2024-07-08,292,292,-0.5709747097432688,-0.2916567695212583,-0.08798770187448579,-0.04494456312758715,0.01781012302587485,0.5171232876712328,0.05909667612553109,0.0491173972721313,-0.07715796825756523,BULL_CALM
2024-07-09,292,292,-0.657504290205911,-0.4294892123595791,-0.10118882297510012,-0.06609767955363212,0.017184347959812756,0.5102739726027398,0.05806787298060586,0.0491590363641617,-0.07068110671074637,BULL_CALM
2024-07-10,292,292,-0.49939819181976136,-0.32384356877236026,-0.07615729510679276,-0.04938554171684859,0.017120008203620148,0.5821917808219178,0.06442361356562366,0.05155134598964296,-0.050698546562175636,BULL_CALM
2024-07-11,292,292,-0.3598684909409239,-0.26739488122843175,-0.05235364207433374,-0.03890058801130325,0.017267221191815046,0.6506849315068494,0.07527649338711039,0.051454638642544535,-0.023758167043148672,BULL_CALM
2024-07-12,292,292,-0.5548032844985039,-0.08042288572175212,-0.07917322777923932,-0.011476751540264507,0.016790639862668568,0.7157534246575342,0.07340353724793493,0.050782977309448675,-0.00456469492567325,BULL_CALM
2024-07-15,292,292,-0.5503586975280697,-0.0013319829933451223,-0.07913328089443437,-0.00019151906716911513,0.016734702463310942,0.726027397260274,0.07349134187884876,0.05104648626635791,0.015196172784789443,BULL_CALM
2024-07-16,292,292,-0.47348708759905395,-0.02412991478922369,-0.06716625370275695,-0.003422935959620751,0.01688449944262645,0.7671232876712328,0.07482017409031869,0.05138415715863005,0.032560564336729325,BULL_CALM
2024-07-17,292,292,-0.03795726753643473,0.23399673355314132,-0.005324445814178078,0.03282383083298706,0.017476813202490206,0.7465753424657534,0.09063491954876719,0.052677048105019705,0.059314068711400006,BULL_CALM
2024-07-18,292,292,-0.06050199369011302,0.07308670144112472,-0.008592631728874497,0.01037994075002541,0.017725418540772052,0.6815068493150684,0.09533679341800852,0.055496744823678223,0.07849001889126832,BULL_CALM
2024-07-19,292,292,-0.3873544978530327,0.3191009910195637,-0.054534330204309034,0.04492514972521545,0.017802382753446932,0.6472602739726028,0.09801581406071064,0.05476659663461304,0.08671268489642553,BULL_CALM
2024-07-22,292,292,0.10532798973744391,0.3177886702704025,0.015242714428692064,0.04598931358777761,0.018052510577719196,0.684931506849315,0.1025516597543022,0.05371768918865459,0.0941680620127494,BULL_CALM
2024-07-23,292,292,0.07332395114219233,0.2960570503972249,0.010523137492629283,0.04248883207276551,0.017623209465493023,0.684931506849315,0.10181050677266529,0.05163191816513534,0.0967342983507156,BULL_CALM
2024-07-24,292,292,0.38833301743616144,0.52111186709143,0.05825313110936607,0.07817104534850414,0.01812643648063102,0.541095890410959,0.1312882104180447,0.05534051387078258,0.09040547275511587,BULL_VOLATILE
2024-07-25,292,292,0.3939655821665792,0.3810989773526434,0.05924575786719556,0.057310838199372896,0.01896528779257601,0.5582191780821918,0.13227683967363316,0.05477336585597906,0.08453071211062957,BULL_VOLATILE
2024-07-26,292,292,0.5652250400478794,0.34107316163070284,0.08490596793221493,0.051234720460194984,0.01972880811036495,0.6643835616438356,0.13865466308203644,0.05442258029133658,0.08875250029849759,BULL_VOLATILE
2024-07-29,292,292,0.3868327248744975,0.3157928796826828,0.05833440388132325,0.047621589906159986,0.019479702499286412,0.6541095890410958,0.137940589472031,0.056738468045918075,0.0941078585412541,BULL_VOLATILE
2024-07-30,292,292,0.7244726606269057,0.4604174963117151,0.11190756568700683,0.07111959361912319,0.01985745737543073,0.6301369863013698,0.13890430683380267,0.05613409015986738,0.08808197891315557,BULL_VOLATILE
2024-07-31,292,292,0.6032128954424258,0.23877834576184326,0.08966843030859942,0.035494730994510185,0.02050793644900389,0.6815068493150684,0.14901751174319045,0.05662703261191761,0.0738154896439893,BULL_VOLATILE
2024-08-01,292,292,1.4791203979010838,0.5931264620696318,0.22498187739284553,0.09021760849026308,0.021521345921793885,0.589041095890411,0.15643968071283856,0.05668763655753979,0.06452724401899683,BULL_VOLATILE
2024-08-02,292,292,1.502557778006921,0.7910764582397039,0.2561692841997991,0.13486968223170973,0.02248710310267687,0.4691780821917808,0.16663233661175292,0.057044310109688086,0.05998049303950134,BULL_VOLATILE
2024-08-05,292,292,1.6161354513358581,0.7250232633385718,0.29619453571018517,0.13287743220170448,0.022446174493402086,0.3321917808219178,0.19190746683764576,0.059860169541175595,0.06378743098491704,BULL_VOLATILE
2024-08-06,292,292,1.4044440445087303,0.634312819341345,0.2526408419042642,0.11410445673193118,0.02263249624407977,0.3972602739726027,0.1966083248228579,0.06034623496661141,0.06518609591376272,BULL_VOLATILE
2024-08-07,292,292,1.4217074224332356,0.8054364002545293,0.2537089264020782,0.14373309245582658,0.023428424224873713,0.3664383561643836,0.19085778105872156,0.06273155689402891,0.06648957487819546,BULL_VOLATILE
2024-08-08,292,292,1.1873712292180352,0.8031418740118409,0.1947359980022246,0.1317200809018029,0.023530457788013423,0.4726027397260274,0.21242232202783706,0.06159566603826936,0.06953419521744635,BULL_VOLATILE
2024-08-09,292,292,1.0537172851617096,0.7924370026901759,0.16636398714743392,0.12511228693611837,0.02357649150525908,0.523972602739726,0.2115085826722594,0.06064331102930336,0.05543236452335456,BULL_VOLATILE
2024-08-12,292,292,1.0853594357284566,0.789891354508503,0.18810330019741542,0.1368958205819931,0.023271542764735854,0.4931506849315068,0.21093911468977866,0.06147069463809024,0.03482535199567892,BULL_VOLATILE
2024-08-13,292,292,0.8026459105682496,0.6714969429590241,0.1513512389761234,0.12662108278054413,0.02348511850381698,0.565068493150685,0.21963257549501083,0.06020774215495182,0.02612040848908677,BULL_VOLATILE
2024-08-14,292,292,0.9930647005700214,0.8269377707105395,0.20554419640571533,0.17115930055782574,0.02266160303068703,0.5684931506849316,0.21555583566559045,0.061650583879190785,0.017516086484684383,BULL_VOLATILE
2024-08-15,292,292,0.5142361240093953,0.5770365311352654,0.11525426256481268,0.1293295370819524,0.022736222666088907,0.6575342465753424,0.22338243974610353,0.05909393833491698,-0.010429152602137667,BULL_VOLATILE
2024-08-16,292,292,1.102805221982884,0.7456296888646395,0.25971026185474805,0.17559554296770943,0.02233015893790986,0.6712328767123288,0.22203201819975057,0.056783626856064785,-0.018759692905005076,BULL_VOLATILE
2024-08-19,292,292,0.8230701551895174,0.5972489564311765,0.19225568949734026,0.1395075610460005,0.021969023767768266,0.7226027397260274,0.221612283896448,0.05665148942560073,-0.028867738027404565,BULL_VOLATILE
2024-08-20,292,292,0.9674142147954325,0.4793643782620714,0.22329598217174798,0.11064561386955954,0.021682788753096715,0.684931506849315,0.22161963228694254,0.05736180587359343,-0.04198332737355127,BULL_VOLATILE
2024-08-21,292,292,0.5453773789487186,0.5786628444211198,0.12125594785297378,0.1286564393683414,0.021028220561092777,0.7226027397260274,0.20405336801960372,0.05498752988355882,-0.05369992792004428,BULL_VOLATILE
2024-08-22,292,292,0.5922420184500568,0.4456715779173962,0.13868399809857604,0.10436192357009828,0.020254871532469236,0.6952054794520548,0.20547230835452984,0.05850358251234044,-0.06903362663934119,BULL_VOLATILE
2024-08-23,292,292,0.6183051940774723,0.5248107023940775,0.14313438770477707,0.12149090654198529,0.019282867287778508,0.7602739726027398,0.20513025760522297,0.05721710415286073,-0.07961283929937699,BULL_VOLATILE
2024-08-26,292,292,0.9048164617864085,0.8827805703468928,0.22321234292200917,0.21777623166152407,0.01924399506737066,0.726027397260274,0.20561067939697092,0.05834233844823291,-0.08978591767387446,BULL_VOLATILE
2024-08-27,292,292,0.6587808085134517,0.8473846650436125,0.1627192655639193,0.20930453432176588,0.01866729563326775,0.7157534246575342,0.2041354386757516,0.05720755320315735,-0.08681373301645319,BULL_VOLATILE
2024-08-28,292,292,1.2511668995939191,0.9286358967638231,0.3178637597767881,0.23592351884056562,0.018137584846070153,0.7054794520547946,0.1984327936587365,0.05941714514299612,-0.08289803552440282,BULL_VOLATILE
2024-08-29,292,292,1.0741705857804544,0.7719084569905047,0.2657566937670668,0.1909751040814315,0.01816817222578452,0.7294520547945206,0.19051982396096015,0.05763747951840099,-0.08856603519366386,BULL_VOLATILE
2024-08-30,292,292,0.8331416628800964,0.9255359683217986,0.19638411232789765,0.21816284992649088,0.017710072832409888,0.7842465753424658,0.176890124425097,0.054029708611715056,-0.11027955674163224,BULL_VOLATILE
2024-09-03,292,292,1.2431097831455413,0.7900834235248639,0.31802674663936853,0.20212829483290193,0.01828425674856033,0.6472602739726028,0.15798173365258678,0.056189972911576284,-0.11914068282210669,BULL_VOLATILE
2024-09-04,292,292,1.051331630032679,0.8845432866438263,0.26823368040687956,0.2256797897807907,0.01855730222961272,0.6267123287671232,0.15744163180096968,0.05919129924459928,-0.12211158258515584,BULL_VOLATILE
2024-09-05,292,292,1.1352832679156895,0.9222532575123931,0.29502553031091366,0.23966552143246045,0.01763991349944171,0.6027397260273972,0.15476875622364591,0.05886681068398693,-0.1280883591297756,BULL_VOLATILE
2024-09-06,292,292,1.290044362679168,0.8923067082126824,0.3503722647152773,0.24234788447726016,0.01741690993815443,0.5136986301369864,0.15062212360297397,0.059233854605457555,-0.14176125036802614,BULL_VOLATILE
2024-09-09,292,292,1.2921583641710235,0.9310373745702963,0.3602001650620313,0.2595346091454425,0.01755660740702638,0.5547945205479452,0.1545645049660934,0.05851430921046017,-0.1550439889604778,BULL_VOLATILE
2024-09-10,292,292,1.2287022278403688,1.050048039062934,0.3602236993722253,0.30784691406854275,0.017767788178097453,0.5445205479452054,0.15491106240360053,0.05890527629946447,-0.18021926032436358,BULL_VOLATILE
2024-09-11,292,292,1.001255676188444,0.9062111818082741,0.2687115727566327,0.24320404638337131,0.01772061694209872,0.5993150684931506,0.14840423316023665,0.056687605636328686,-0.20482305091265385,BULL_VOLATILE
2024-09-12,292,292,1.3492575503930622,1.113455854471418,0.36775521451193965,0.3034848287426095,0.017764522126799544,0.6438356164383562,0.1505016393111005,0.05735372915430138,-0.21093426746258342,BULL_CALM
2024-09-13,292,292,1.4323553097775932,0.9307563705597239,0.331438798878637,0.21537168285071293,0.017436254188953546,0.6712328767123288,0.1395541784612109,0.054748976318657404,-0.2116358047652041,BULL_CALM
2024-09-16,292,292,1.2585950049718704,1.1124696716919402,0.27273551702673055,0.24107039189484128,0.01754476074021781,0.684931506849315,0.13947855824105548,0.0571403756269583,-0.21412518732658253,BULL_CALM
2024-09-17,292,292,1.2541345964739072,1.1667654054085173,0.28408109750156124,0.2642906094985489,0.01767598427247286,0.6746575342465754,0.13558319001212682,0.055902823199826715,-0.21573576115920687,BULL_CALM
2024-09-18,292,292,0.9811900223673218,1.0725446889113426,0.2203074787819905,0.24081942427927988,0.017514965647631737,0.6678082191780822,0.13592424211099663,0.05581136790223419,-0.22291287093008486,BULL_CALM
2024-09-19,292,292,1.0891773221928134,1.366483729657333,0.23830062062678742,0.29897236585697445,0.01780510041593475,0.7773972602739726,0.14818217868882233,0.05463900331072999,-0.22810763109869212,BULL_VOLATILE
2024-09-20,292,292,1.0825380427494478,1.310570353048115,0.24912059906058492,0.301596857172025,0.0178722366095398,0.7431506849315068,0.1461506660212843,0.05302456361166345,-0.22894587275212244,BULL_VOLATILE
2024-09-23,292,292,1.2163786496301134,0.9219197519536662,0.2721702972563091,0.20628376945944724,0.017696361220237967,0.75,0.1419193839836487,0.05357242988893776,-0.2325047920111679,BULL_VOLATILE
2024-09-24,292,292,1.9921406719849295,1.1451818949589594,0.39703309485156507,0.22823444062838505,0.017766007811604263,0.7705479452054794,0.14162649324984633,0.05248719085265804,-0.23564741516492738,BULL_VOLATILE
2024-09-25,292,292,0.7114332611848535,0.9217392021907602,0.14611996418740372,0.18931431317946842,0.01784689901868696,0.6986301369863014,0.14205932579451297,0.05179638350556153,-0.23495496014150202,BULL_CALM
2024-09-26,292,292,1.4142590339457208,1.0074318208388502,0.3054752313171464,0.21760191105048515,0.018204115027187783,0.7636986301369864,0.1402671435948627,0.054298317920615666,-0.25161427728708025,BULL_CALM
2024-09-27,292,292,1.2596333500589796,1.0254296696642373,0.27241465431272266,0.22176458647312958,0.017259102642050616,0.7808219178082192,0.14054616436100517,0.05341570512131487,-0.2692785643879309,BULL_CALM
2024-09-30,292,292,1.3933078723809875,1.1714744267595405,0.3068583387863092,0.2580023436685074,0.01663493685538673,0.797945205479452,0.13752617247204244,0.05359789565862689,-0.2999606714631638,BULL_CALM
2024-10-01,292,292,1.5601145300815689,1.0078014747221247,0.35688496787371593,0.2305402520098855,0.016270713747301154,0.7397260273972602,0.11826709549670891,0.054196210354837154,-0.3208194533677559,BULL_CALM
2024-10-02,292,292,1.3171851932208187,1.1966491721162096,0.2827469675878879,0.25687270584561805,0.015873539545811458,0.7294520547945206,0.11760698118374512,0.054085295412298555,-0.3372145869463929,BULL_CALM
2024-10-03,292,292,1.2146267704494775,0.9811815556740544,0.2527736616469511,0.204191823037461,0.015936767582175635,0.7191780821917808,0.11734974086540653,0.053036347528917276,-0.3547446798235706,BULL_CALM
2024-10-04,292,292,1.2410519415215968,1.1129542846971792,0.23295556851016117,0.20891059386247235,0.015734770574533513,0.7568493150684932,0.097594709140503,0.05336671044063445,-0.3735509247779988,BULL_CALM
2024-10-07,292,292,1.928343156725775,1.000278015447509,0.37538236321638974,0.19471986819485124,0.01582371513440437,0.6643835616438356,0.10129009645225023,0.05206012905367799,-0.3968803327374857,BULL_CALM
2024-10-08,292,292,1.962538436771736,1.1272794615165609,0.3860901690603356,0.22176967835142333,0.01581023103861324,0.6815068493150684,0.1044721078541861,0.05212387413975983,-0.41819873194250656,BULL_CALM
2024-10-09,292,292,1.543230391356637,1.2538792342344485,0.3033711125716398,0.24648992169327544,0.015349034587657729,0.7363013698630136,0.10169372468712125,0.052033041893926685,-0.439189509600936,BULL_CALM
2024-10-10,292,292,1.7294151009389638,1.104369693657747,0.3124721195362258,0.1995384096862859,0.015373865122584563,0.726027397260274,0.099600470781194,0.05286216781751508,-0.4585795340323229,BULL_CALM
2024-10-11,292,292,0.8749785879237703,1.035900076222035,0.15584881088415414,0.1845117095460558,0.01545595311744205,0.7876712328767124,0.10001403733339874,0.05291138277148385,-0.47666174242779674,BULL_CALM
2024-10-14,292,292,1.1152206870693306,1.109497504614581,0.19234872393167188,0.19136161272152025,0.015538147002389448,0.8184931506849316,0.1027328302773676,0.05182595758349232,-0.4964339835438028,BULL_CALM
2024-10-15,292,292,0.840287096706362,0.9623481528192037,0.1397837322195716,0.16008887560329527,0.016084681761950773,0.7602739726027398,0.10825466625192372,0.05235925109725309,-0.502948952624723,BULL_CALM
2024-10-16,292,292,0.8639891280771567,1.0989054915227785,0.1443729554068593,0.18362758091303527,0.016360880247596816,0.773972602739726,0.10737503479989616,0.053995990809660104,-0.5069290279664325,BULL_CALM
2024-10-17,292,292,0.9604761619325093,1.1644125546512811,0.17206077166829958,0.20859416468019917,0.016300666452999806,0.75,0.09115813460374401,0.05237373648571467,-0.5022057639618493,BULL_CALM
2024-10-18,292,292,1.209996704954667,0.9249747830874372,0.21322073710741482,0.16299532407657555,0.016137408914392967,0.7705479452054794,0.0890177557580424,0.05084830113572777,-0.49556923882889525,BULL_CALM
2024-10-21,292,292,0.9975988079810099,0.9154888728411005,0.1756859817907279,0.16122569529637737,0.016201474111869327,0.6986301369863014,0.08957228895850061,0.05277724817136662,-0.49135206388074015,BULL_CALM
2024-10-22,292,292,1.1194639607989738,1.1470647230879465,0.1982689850463329,0.20315737387989036,0.01631594089022847,0.6506849315068494,0.08956046705793032,0.05189670780766226,-0.4835435841203516,BULL_CALM
2024-10-23,292,292,1.5602357959337887,1.383404471420909,0.29667625115456475,0.2630520678228526,0.016415049362307286,0.6472602739726028,0.09605399240196731,0.05494827152749705,-0.4680281720678241,BULL_CALM
2024-10-24,292,292,1.4969366424693338,1.2165967994192164,0.2734295776592374,0.22222286475534062,0.016456743912429714,0.636986301369863,0.09545531926766325,0.05321193618738594,-0.44730484116733804,BULL_CALM
2024-10-25,292,292,1.2805206879377056,0.9552602870824191,0.22736239020542814,0.1696108967120007,0.01664728788695654,0.6198630136986302,0.09521773399942852,0.052403028585139795,-0.4104341290790226,BULL_CALM
2024-10-28,292,292,0.1673659724117304,0.6941841830841142,0.026720876413128355,0.11083023327171251,0.01677504093621104,0.6267123287671232,0.09484743255155227,0.050280732571632555,-0.3697589599735763,BULL_CALM
2024-10-29,292,292,0.8805083003701993,1.0951469066224846,0.1530278955443767,0.19033100126587388,0.016766534545009287,0.6027397260273972,0.0878381787466047,0.05314771557859761,-0.33878429917858544,BULL_CALM
2024-10-30,292,292,1.050818484898079,1.143276640725072,0.1779321410958663,0.19358782080126072,0.017548433911211046,0.5856164383561644,0.08906522373170517,0.05214637797372511,-0.30967670312503653,BULL_CALM
2024-10-31,292,292,1.073943760437314,1.085055189779564,0.188029880906991,0.18997530934830792,0.01848327516728397,0.5205479452054794,0.1150671125692322,0.05466409728690907,-0.27406835361464255,BULL_VOLATILE
2024-11-01,292,292,1.5200239000767062,1.1874872273154709,0.2657470126760692,0.20760935616482737,0.018842418214810277,0.541095890410959,0.11125768411090145,0.05272265083306702,-0.24815522617821845,BULL_VOLATILE
2024-11-04,292,292,1.4559126017165807,1.1188184960730818,0.2613300186907367,0.20082308384829647,0.01869679960396648,0.5342465753424658,0.10654132465616252,0.05384459047974723,-0.21092080178065745,BULL_VOLATILE
2024-11-05,292,292,1.5886030001280045,0.8650997119332826,0.2857195135036904,0.1555932280159635,0.018903949339628988,0.5787671232876712,0.10993405230942598,0.051136458811258605,-0.17214939814951716,BULL_CALM
2024-11-06,292,292,1.8329849134948453,0.6901008334282396,0.30328494993387717,0.11418380761059067,0.0205637533379542,0.660958904109589,0.13885003336575896,0.05044789902940424,-0.15284862646816802,BULL_CALM
2024-11-07,292,292,1.7197742633739357,0.6288790923208063,0.25782225886740034,0.0942792502421443,0.021696454290677392,0.6917808219178082,0.14022640537360867,0.05074171796414249,-0.12526344809033207,BULL_CALM
2024-11-08,292,292,1.7546436343977265,0.6535776433712721,0.2681483589238364,0.09988112062394412,0.022246383705447875,0.6917808219178082,0.13967688049231264,0.050137035536221675,-0.09977344420481028,BULL_CALM
2024-11-11,292,292,1.6382937234202377,0.500639223221439,0.25628738969035497,0.0783177752937759,0.022999472219785034,0.678082191780822,0.13751396784271844,0.050717798003214104,-0.07296861059231757,BULL_CALM
2024-11-12,292,292,1.4180108598740726,0.6029695453064762,0.21326611022553774,0.09068546169201629,0.02277740000545783,0.6472602739726028,0.13441543636233197,0.05066099696522501,-0.04865559026609021,BULL_VOLATILE
2024-11-13,292,292,1.4522700380914488,0.5492335739007506,0.22722703747746378,0.08593492574193595,0.022926741449372005,0.6643835616438356,0.13402533857035978,0.05275579010662141,-0.025252011180138857,BULL_VOLATILE
2024-11-14,292,292,1.273654629432851,0.8041354993961686,0.21992332485064284,0.13885094794998437,0.022938251044784568,0.636986301369863,0.13677395047239863,0.05523441479794198,-0.010803246637578263,BULL_VOLATILE
2024-11-15,292,292,1.0297415538848842,0.8678473276044917,0.18423252122919823,0.15526779569436625,0.02337376973221588,0.589041095890411,0.1446787984269178,0.05503420715980681,0.008492983430904858,BULL_VOLATILE
2024-11-18,292,292,1.4892746386487161,0.7750136649394779,0.26634760125120904,0.13860642304419743,0.023651032622738245,0.613013698630137,0.14517549276836383,0.05593975832878541,0.024678202717798376,BULL_VOLATILE
2024-11-19,292,292,0.293609771153049,0.45543580798718686,0.04530188801566281,0.07027048824272145,0.02411162527520496,0.5753424657534246,0.14556970175230574,0.05380198380186594,0.04983528884171191,BULL_VOLATILE
2024-11-20,292,292,1.1265163932882298,0.4638864892430798,0.17203403103913856,0.0708416345865482,0.02431614848525556,0.5856164383561644,0.1409453179684054,0.05485968595422671,0.0701854838949873,BULL_VOLATILE
2024-11-21,292,292,0.3684028588485799,0.3904697059864927,0.05026605024331679,0.05327692059978659,0.024499569174138938,0.636986301369863,0.1417204775282466,0.05542250607818362,0.1014594288237416,BULL_VOLATILE
2024-11-22,292,292,-0.26658232878149335,0.04828136674032503,-0.03339862294800949,0.006048904931340783,0.02454429571314314,0.6643835616438356,0.1417275911587893,0.054662051174324065,0.1262847924416378,BULL_VOLATILE
2024-11-25,292,292,-0.2867332333635793,-0.1302396528194022,-0.033943157159822115,-0.015417623385441708,0.02493333286640853,0.6815068493150684,0.141778039303319,0.055555591429221854,0.14952049062664113,BULL_VOLATILE
2024-11-26,292,292,-0.08442406183563746,-0.13086854969354628,-0.009938327671011181,-0.015405732683374057,0.024896313027808183,0.6917808219178082,0.1424082047817829,0.05706120777150171,0.18187318413535503,BULL_VOLATILE
2024-11-27,292,292,-0.44117016182230095,-0.15222384185734217,-0.04969359019844695,-0.017146556749091487,0.024165535460942016,0.6952054794520548,0.14241028782697596,0.057626528394512766,0.2107355215461664,BULL_VOLATILE
2024-11-29,292,292,-0.12124335334502387,-0.06343407733256125,-0.014071674848025517,-0.007362248617193531,0.02307279882114745,0.6952054794520548,0.11888414742331206,0.055248554057555035,0.23820754823551368,BULL_CALM
2024-12-02,292,292,-1.1657846343480727,-0.29814967309859886,-0.13982194544415272,-0.035759492875368726,0.02309471680597874,0.6917808219178082,0.11884611917400774,0.05746786540062342,0.2730510059137123,BULL_CALM
2024-12-03,292,292,-1.109265429958333,-0.3184644759234389,-0.1319491316109826,-0.037881926103676425,0.02313259451949099,0.6438356164383562,0.11775555579951483,0.055569255800363815,0.3069709384418601,BULL_CALM
2024-12-04,292,292,-0.7525693509619418,-0.5080744122565157,-0.0899063568439395,-0.06069755478777025,0.02329481271485203,0.6335616438356164,0.1134626484914581,0.05745592584051871,0.3397954811963518,BULL_CALM
2024-12-05,292,292,-1.2258825644318292,-0.8652510744814033,-0.14865755967972388,-0.10492531419784076,0.02175434090517884,0.613013698630137,0.07810980330970768,0.05666169429841688,0.3725919994390187,BULL_CALM
2024-12-06,292,292,-1.4765258660457719,-0.7997924657081621,-0.18717350805883418,-0.10138661635947316,0.021176639671202386,0.6027397260273972,0.07441169757319889,0.05688814515355579,0.4096090449557814,BULL_CALM
2024-12-09,292,292,-1.1337035191206035,-1.1144710236125992,-0.1515152360391976,-0.14894488493119498,0.02102930208709478,0.5924657534246576,0.07640735512253681,0.05837681700903392,0.4410831276606243,BULL_CALM
2024-12-10,292,292,-1.3023614679544524,-0.6968850189393098,-0.1609524291425384,-0.08612458168583388,0.020503048398854275,0.5445205479452054,0.07747675493628223,0.05731188287198474,0.47310324590945696,BULL_CALM
2024-12-11,292,292,-0.7902000247689142,-0.7038067511536137,-0.09926557034529328,-0.08841277698841159,0.020434591147669854,0.5445205479452054,0.08055738526207251,0.0563520858731491,0.5050156744119252,BULL_CALM
2024-12-12,292,292,-0.9213447106499805,-0.6192362935174281,-0.12254997346303606,-0.08236590546482152,0.020223832832078112,0.5,0.08336932802903144,0.055851666200695385,0.5316588528819283,BULL_CALM
2024-12-13,292,292,-0.9192374253394963,-0.5794871026427288,-0.12050706794367734,-0.07596763330742468,0.02035392386483586,0.4931506849315068,0.079223692078197,0.05477138380939277,0.5605447243854997,BULL_CALM
2024-12-16,292,292,-0.09297024127556978,-0.7687469991441499,-0.012973202257252979,-0.10727207080158474,0.02011993025225817,0.476027397260274,0.06109365226259017,0.05656360426138935,0.5856247401262327,BULL_CALM
2024-12-17,292,292,-0.7156496315798341,-0.7355765010877752,-0.10187378861750676,-0.10471040810626307,0.019994203136272894,0.410958904109589,0.06384838275983033,0.05769365267371677,0.6097604695690833,BULL_CALM
2024-12-18,292,292,-0.4863357653100042,-0.5215933741118148,-0.06601527294014022,-0.07080114483007736,0.01965068310271334,0.273972602739726,0.1270707064292686,0.060483701781038825,0.6487101349210509,BULL_VOLATILE
2024-12-19,292,292,-0.622350943582359,-0.5143275827079253,-0.08721410263170737,-0.07207608351391669,0.019629488143796812,0.2773972602739726,0.12704759537256766,0.060364926837349564,0.6648735214072353,BULL_VOLATILE
2024-12-20,292,292,-0.2589528755048027,-0.37361537044724924,-0.03515795842682693,-0.05072565282853679,0.019133293822702395,0.3116438356164384,0.12948399117757048,0.05914763351613669,0.695809434864379,BULL_VOLATILE
2024-12-23,292,292,-0.8466754329696584,-0.26206632751892994,-0.10916620518984763,-0.033789555441496484,0.01881368365637494,0.3219178082191781,0.1308534052450052,0.05758484342096384,0.7278916344617278,BULL_VOLATILE
2024-12-24,292,292,-0.2634092651167702,-0.27700956034029056,-0.03433549073347578,-0.03610829401893618,0.018152181301704665,0.363013698630137,0.1362954265337509,0.05206424299681217,0.7699403621930606,BULL_VOLATILE
2024-12-26,292,292,-0.8787013409565487,-0.3164628240144841,-0.11864705343710416,-0.04273053862741297,0.017687658556493666,0.3801369863013699,0.1350745219679652,0.0541670166420368,0.8054585161901412,BULL_CALM
2024-12-27,292,292,-0.7174359482543736,-0.5903878035110983,-0.1001748587982853,-0.08243525432041036,0.01732772304656757,0.3287671232876712,0.13990739817736453,0.05670748824874511,0.8383700075805867,BULL_VOLATILE
2024-12-30,292,292,-1.2463768111500317,-0.5828778296909574,-0.17999737080015446,-0.08417717331026567,0.01722437556037099,0.2773972602739726,0.14300826536393035,0.055388652619386,0.8669370902850739,BULL_VOLATILE
2024-12-31,292,292,-0.8650417513180457,-0.5596410332728375,-0.12596685925563292,-0.08149459048022008,0.01649853965744488,0.2534246575342466,0.1428183870849497,0.0538324268603356,0.8936190974927828,BULL_VOLATILE
2025-01-02,292,292,-1.1352886257540282,-0.6713808668677195,-0.16254787592641112,-0.09612668652828102,0.016446200867581775,0.25,0.14267950935903242,0.05396748415823413,0.9350048715131873,BULL_VOLATILE
2025-01-03,292,292,-0.9942868974945158,-0.5712853398394202,-0.13977278058857162,-0.08030895374368874,0.015987834428657442,0.3184931506849315,0.14885322835467923,0.05496030030342217,0.9768864904181842,BULL_VOLATILE
2025-01-06,292,292,-1.221750594866809,-0.6378876679870804,-0.21106048445417788,-0.11019669709870382,0.01617736323108422,0.3253424657534247,0.15091046019935378,0.054419935633387914,1.010498448400779,BULL_VOLATILE
2025-01-07,292,292,-1.0593774204928594,-0.8192973175765382,-0.17025657942198924,-0.13167239184246218,0.01573477039601846,0.3013698630136986,0.15489253561114627,0.056069689720732604,1.0399546545420357,BULL_VOLATILE
2025-01-08,292,292,-1.0653592746274696,-0.7754028164269997,-0.1604624909410685,-0.11678977258643958,0.015307746576151355,0.3082191780821918,0.1546357608661672,0.05762683286030003,1.0555459975689339,BULL_VOLATILE
2025-01-10,292,292,-1.1582578149102618,-0.7788968591313441,-0.18152370866501336,-0.12206975400205382,0.015359177446742802,0.2191780821917808,0.1624259975054208,0.057442135111104624,1.0805889173176397,BULL_VOLATILE
2025-01-13,292,292,-0.6560094409802104,-0.3907739192938171,-0.09156513937956459,-0.05454383146159095,0.015325973376329866,0.24315068493150685,0.15904557961484866,0.055452927826332155,1.0928382357671218,BULL_VOLATILE
2025-01-14,292,292,-0.6163878652801811,-0.3005549568247342,-0.09534316795286188,-0.04648998356672737,0.01544403154066162,0.2910958904109589,0.15909523325107428,0.05852280944905849,1.1060159887160377,BULL_VOLATILE
2025-01-15,292,292,-0.6153816912051682,-0.49931218486948176,-0.09837953425845125,-0.07982379212619777,0.015249870755783523,0.363013698630137,0.17424392678408643,0.05762029408736401,1.115551707790977,BULL_VOLATILE
2025-01-16,292,292,-0.6907638021424248,-0.5230354505332815,-0.11025082925797336,-0.08348018812474244,0.015093183109143149,0.4178082191780822,0.17319180842474013,0.05609830191521768,1.1291522265041114,BULL_VOLATILE
2025-01-17,292,292,-0.703509909080861,-0.48573790857144994,-0.11335915584769206,-0.07826874727439567,0.01504853965266111,0.4417808219178082,0.17727776761525238,0.05621684127928257,1.1363584559696636,BULL_VOLATILE
2025-01-21,292,292,-0.5823239443338255,-0.5377735144471847,-0.09335639866803595,-0.0862142096273851,0.01497835136973659,0.5616438356164384,0.14236033627699654,0.05448971241687471,1.1485689765684048,BULL_CALM
2025-01-22,292,292,-0.5481124237542006,-0.5672283235156501,-0.09029175395059967,-0.09344075777354377,0.015078451141381793,0.547945205479452,0.142944424291946,0.054843784608191525,1.162498362156853,BULL_CALM
2025-01-23,292,292,-0.7424315771403256,-0.5729898886404331,-0.12091731344258716,-0.09332092019985977,0.015039467041432993,0.5993150684931506,0.14136189687943937,0.05457679442694751,1.1773937579406348,BULL_CALM
2025-01-24,292,292,-0.5315422840983328,-0.5489117781055647,-0.08568517003981217,-0.08848515057200977,0.015227889934403938,0.5856164383561644,0.14122027233703008,0.05662746418943546,1.1740837627745788,BULL_CALM
2025-01-27,292,292,-0.3063945258321642,-0.3432909217968533,-0.04320497641854156,-0.04840777145299585,0.017253973013979206,0.5787671232876712,0.14594794361733807,0.05769712022374397,1.151830566014659,BULL_CALM
2025-01-28,292,292,0.08465367996724289,-0.39988549747638785,0.011831164383394231,-0.055887836854927625,0.018216701430054758,0.5616438356164384,0.14919456309875848,0.05974332340651806,1.1395701134985647,BULL_VOLATILE
2025-01-29,292,292,0.00860186973192143,-0.2703147992272005,0.0011931877334090545,-0.03749606918596992,0.018600102386836844,0.547945205479452,0.14485396929649222,0.058360921053483596,1.13367635417172,BULL_VOLATILE
2025-01-30,292,292,0.07901225718270742,-0.20509654615764755,0.010926920084920506,-0.028363619132859074,0.019361839418284343,0.6164383561643836,0.13849285763622476,0.058998381038326865,1.1278802931384548,BULL_VOLATILE
2025-01-31,292,292,-0.05725159550544778,-0.36901267629223694,-0.007934460446476513,-0.051141220754460655,0.019921984613159107,0.5513698630136986,0.13943861374329072,0.05810961491159295,1.1334245043194329,BULL_CALM
2025-02-03,292,292,-0.20865607557191704,-0.31230405505808523,-0.02873421901334187,-0.04300767706953644,0.020004087102969012,0.5136986301369864,0.14179575892460003,0.05756802908061887,1.1401277595953474,BULL_VOLATILE
2025-02-04,292,292,-0.7113806365711204,-0.37254831707791547,-0.0932491562991814,-0.04883435739218692,0.02053258174409956,0.5136986301369864,0.13705382192943522,0.05608780486216016,1.1485151523353396,BULL_VOLATILE
2025-02-05,292,292,-0.5667285260158609,-0.33452514022719143,-0.07253073558769936,-0.04281301077930463,0.020495596939812004,0.5547945205479452,0.13637673703363418,0.05705780383022425,1.165687469050783,BULL_CALM
2025-02-06,292,292,-0.8507519499884113,-0.44430043136124764,-0.11195699080552887,-0.05846891013236149,0.02101934659833165,0.5445205479452054,0.12890212788578143,0.05616206419122851,1.177799295097515,BULL_CALM
2025-02-07,292,292,-1.3471599524474178,-0.598375240014144,-0.17786789112021975,-0.0790045323471159,0.021531993463904206,0.5136986301369864,0.1343503234343579,0.05547922960900087,1.198472753603987,BULL_VOLATILE
2025-02-10,292,292,-0.8327301540543417,-0.5267408791771723,-0.1096059239692212,-0.06933088765127908,0.021629203324682243,0.5582191780821918,0.12113108533091069,0.0559485649465777,1.2073975619612762,BULL_CALM
2025-02-11,292,292,-0.5974887956427086,-0.5219712295469089,-0.07421275797447524,-0.06483288860058932,0.021626479522962802,0.565068493150685,0.12120975522230776,0.05872504854748191,1.2173132403726856,BULL_CALM
2025-02-12,292,292,-0.6453263472658513,-0.35073231234086594,-0.08188237598252922,-0.04450274685047925,0.02183924337385371,0.5205479452054794,0.12263685513891259,0.05878827365147289,1.2253941707609526,BULL_CALM
2025-02-13,292,292,-0.4728729922592276,-0.37090082491707255,-0.05347237535748753,-0.041941384801048455,0.02222099079050176,0.589041095890411,0.11161839499771163,0.057087401916693224,1.237532124935688,BULL_CALM
2025-02-14,292,292,-0.5307867596459273,-0.43589503944734165,-0.060175692169505544,-0.049417746835838924,0.022515742719818124,0.6027397260273972,0.11106764645011212,0.057491953835946435,1.2448237838596021,BULL_CALM
2025-02-18,292,292,-0.06906939387144236,-0.3824683574376717,-0.007925508937899747,-0.04388711432705095,0.02280446870793869,0.6164383561643836,0.10662019406961035,0.056588818300613485,1.2593399412691226,BULL_CALM
2025-02-19,292,292,-0.08406472384619437,-0.3865849465923514,-0.010214758463220217,-0.046974184584043246,0.023067273937142092,0.6301369863013698,0.10252297154721766,0.0572029726059487,1.2491531630919002,BULL_CALM
2025-02-20,292,292,0.3704017816503301,-0.2683159785929311,0.04443266578605593,-0.0321866545802227,0.023073395679946766,0.613013698630137,0.10234261872195484,0.05788504066259185,1.2569487561714796,BULL_CALM
2025-02-21,292,292,-0.07646138183256829,-0.04569181126513522,-0.009238616154763415,-0.0055208145023959735,0.023476339043281644,0.5513698630136986,0.11758872394270005,0.06062777387754208,1.2422360221590574,BULL_CALM
2025-02-24,292,292,0.3536171516144992,0.14376519455310485,0.043826327431144,0.01781785883665307,0.023573784157804294,0.541095890410959,0.11812282028896823,0.06078069401848702,1.2198901402496916,BULL_CALM
2025-02-25,292,292,0.42891712800022974,0.28050126821000254,0.05465585513221417,0.03574358699818589,0.022329165744210074,0.5171232876712328,0.108545377812665,0.062451046831941075,1.2012255586456304,BULL_CALM
2025-02-26,292,292,0.7255672941223885,0.5174846264187664,0.0926995189916562,0.06611457867959643,0.022049252354524148,0.5308219178082192,0.10332224045880688,0.060527263253272526,1.1790999945626106,BULL_CALM
2025-02-27,292,292,0.8060206478159937,0.6084465093227676,0.10735978139055895,0.08104343779001247,0.022435325741000985,0.4623287671232877,0.11598958661526784,0.06219271686279854,1.1542249646983611,BULL_VOLATILE
2025-02-28,292,292,0.6501951281019924,0.4776928945415714,0.08627964502660268,0.06338892986339317,0.022580505850804206,0.523972602739726,0.12887346635758323,0.06040188249732501,1.133282854344016,BULL_VOLATILE
2025-03-03,292,292,1.0672748737934006,0.7156859315183889,0.1429501685004075,0.09585855248357426,0.022825120193393146,0.4212328767123288,0.1411466864288723,0.06397551875419635,1.0923523710602285,BULL_VOLATILE
2025-03-04,292,292,0.3762634673509312,0.6190119180406632,0.0484152042174318,0.07965054018122626,0.023348929564380245,0.363013698630137,0.1447817577697954,0.06326774269690402,1.0523286411580726,BULL_VOLATILE
2025-03-05,292,292,0.6170400353125818,0.3839246749420683,0.07963307074627402,0.04954800183332378,0.023042339664693698,0.4315068493150685,0.14856832997882768,0.06374625462884316,1.019307448178034,BULL_VOLATILE
2025-03-06,292,292,1.4912408401512747,0.7279036860772333,0.21710546477924594,0.10597340404403963,0.023835119999406188,0.3458904109589041,0.15757326419824963,0.06402005323486258,0.9821884775010294,BULL_VOLATILE
2025-03-07,292,292,0.9687804971896481,1.0115581568177248,0.14378673192962138,0.15013580676686467,0.023641077757216262,0.386986301369863,0.15884320444555472,0.06399639931857991,0.9350920872270486,BULL_VOLATILE
2025-03-10,292,292,1.2598395309126613,1.1005440871761998,0.21827104762471053,0.19067262533912582,0.024017861987613968,0.3287671232876712,0.17932583668445637,0.0639111532158964,0.8923244400787456,BULL_VOLATILE
2025-03-11,292,292,1.0523067203454817,1.019754068863244,0.1685301027370027,0.16331669718461567,0.024198690138246413,0.2773972602739726,0.17592911314088397,0.06379891764093051,0.8496418321966402,BULL_VOLATILE
2025-03-12,292,292,0.8029600676096178,0.6773857438957187,0.12175901863879651,0.10271721688749387,0.0243382265410386,0.2465753424657534,0.17833572358899918,0.06186855087126169,0.8155695885092598,BULL_VOLATILE
2025-03-13,292,292,0.7855735940679782,0.7378339469701178,0.12261365768608287,0.11516237267407047,0.024459397755202887,0.22602739726027396,0.18139224891002842,0.06250716472339965,0.7838606762923047,BULL_VOLATILE
2025-03-14,292,292,0.8411501071313534,0.8847495859293522,0.11942212493186397,0.12561215256169542,0.024171840430706255,0.2945205479452055,0.1954540986272058,0.058458264859151704,0.7503870971667662,BULL_VOLATILE
2025-03-17,292,292,1.1249411114975643,0.9064440427351849,0.16178638625984504,0.13036265145085119,0.023797735890431597,0.339041095890411,0.19939585651822903,0.058092424632713954,0.7307952924330159,BULL_VOLATILE
2025-03-18,292,292,0.9054390932311707,1.092813970198344,0.13537859144110045,0.16339433220698873,0.02351685231886249,0.3184931506849315,0.19944816809994517,0.06045765372631273,0.6985948210795168,BULL_VOLATILE
2025-03-19,292,292,0.8274871033214243,0.811798704905237,0.1175043659470269,0.1152765906726824,0.023236596098542565,0.363013698630137,0.20539469683954972,0.0633446230407834,0.6572868804579346,BULL_VOLATILE
2025-03-20,292,292,1.254196541423363,1.0424409764800027,0.1893852077054975,0.15740985908582997,0.02275019135576879,0.3458904109589041,0.20541420137008767,0.0612556429897075,0.6350571437118142,BULL_VOLATILE
2025-03-21,292,292,0.9147916874068274,0.7911871152244911,0.1369510953857698,0.11844657486148982,0.02238836740557327,0.3253424657534247,0.19924942603320886,0.05795184464867971,0.6071702785543055,BULL_VOLATILE
2025-03-24,292,292,1.2398403254554085,0.8808225959616908,0.17836190403746968,0.12671405511612746,0.022474144673105805,0.3801369863013699,0.21245837263528056,0.05747899755486784,0.572065132170495,BULL_VOLATILE
2025-03-25,292,292,1.1736179654651258,0.624219260963478,0.1670246590531325,0.08883641210749794,0.02198263339407843,0.3767123287671233,0.21265112188717322,0.05720870199351346,0.5444531798788657,BULL_VOLATILE
2025-03-26,292,292,1.0678378694112536,0.8270787979221905,0.16664425868249774,0.12907196597901652,0.02199018811007262,0.3561643835616438,0.21564640632509588,0.05959472169926303,0.5038062486948971,BULL_VOLATILE
2025-03-27,292,292,1.0061491254528396,1.0968869408219217,0.1704275469676956,0.18579725996486218,0.02201955685265909,0.3356164383561644,0.209418289384978,0.06034071338161995,0.46989589633697726,BULL_VOLATILE
2025-03-28,292,292,1.0953898919955691,1.2567578975680656,0.2029867260987732,0.23288983492569132,0.021519316993740677,0.2705479452054795,0.20918499202815552,0.06179929622438683,0.42887916997698544,BULL_VOLATILE
2025-03-31,292,292,1.4166057195446171,1.2141570878927679,0.28147324522178596,0.24124760406026768,0.02091887708988646,0.3082191780821918,0.20492191231736964,0.06083004843112492,0.39377760842965803,BULL_VOLATILE
2025-04-01,292,292,1.1387296036729064,1.0263884399433392,0.21499465060272727,0.19378439211253015,0.02026083205558462,0.3253424657534247,0.20222688429043822,0.06005971014294233,0.3427170787216613,BULL_VOLATILE
2025-04-02,292,292,1.2317102304824084,1.3677586107914685,0.22488024333839782,0.2497193589944509,0.019947297739887133,0.3321917808219178,0.19931701505967703,0.061209745931364516,0.29343665648389045,BULL_VOLATILE
2025-04-03,292,292,1.0095773525692242,1.0117279139732782,0.2151001932160337,0.21555839106720148,0.02085311521978917,0.2568493150684932,0.25653898228938476,0.05871776341478938,0.24735364004683297,BULL_VOLATILE
2025-04-04,292,292,1.102315463503636,1.080216677047391,0.28300894825010614,0.27733529626965825,0.021226536428843742,0.08904109589041095,0.32065790795827986,0.058929090811355105,0.20087376468963597,BEAR
2025-04-07,292,292,1.257160325826343,0.9612011495435229,0.3093429815758631,0.23651782782637187,0.020801531905757675,0.06506849315068493,0.3117902064575565,0.057651782322582036,0.16853480031378196,BEAR
2025-04-08,292,292,1.1599387860563324,0.9812913145885127,0.29819105768472315,0.25226529064419984,0.02065982392837611,0.0547945205479452,0.3138853541654929,0.05801080642839115,0.1306434919474554,BEAR
2025-04-09,292,292,1.1437950115621383,1.0331801539064267,0.2235070506687626,0.20189198822762866,0.022249399775082033,0.14383561643835616,0.5022418781763758,0.05183436443367856,0.10570521631934585,BEAR
2025-04-10,292,292,1.2607632823485042,1.2942445047289701,0.2872291806485661,0.29485692822504983,0.022787722247930797,0.13013698630136986,0.5237999168063382,0.05587638319528324,0.08103226643005688,BEAR
2025-04-11,292,292,1.2928364480182981,1.1581345468651922,0.29844184032572973,0.2673468914347634,0.022734561157696814,0.1643835616438356,0.5222801177139703,0.0556422953291981,0.05476796887776225,BEAR
2025-04-14,292,292,1.41706443157678,1.109568774807939,0.3253380611252438,0.25474138355124487,0.02267738490080647,0.19863013698630136,0.5228248355742292,0.05810102124109524,0.023088627092810742,BEAR
2025-04-15,292,292,1.4028902171346629,1.3082428375074289,0.319331391449416,0.29778738247119635,0.022646824045928042,0.2089041095890411,0.5218128409860567,0.05788477414981134,-0.005263184858220425,BEAR
2025-04-16,292,292,1.42831232344257,1.1839531837622344,0.3476207557889681,0.2881489530008464,0.022587975530104394,0.17465753424657535,0.524510682708615,0.057808352306482264,-0.03362631661043374,BEAR
2025-04-17,292,292,1.4439262244715412,1.1499621454417337,0.3488996002533294,0.27786830521616435,0.023180690008027503,0.21232876712328766,0.5247773910894703,0.05787781489273513,-0.06876545360523358,BEAR
2025-04-21,292,292,1.5385747648679573,1.15473609922682,0.3996020635860981,0.29991063072453267,0.02314774710997953,0.11301369863013698,0.5299014369123642,0.058591803538077115,-0.10608825726539456,BEAR
2025-04-22,292,292,1.7073393679433877,0.9807404343188175,0.42514318730967465,0.24421337784299374,0.02303785564752625,0.18835616438356165,0.5351294238460548,0.060287243270105824,-0.13628930679932852,BEAR
2025-04-23,292,292,1.6222669345494225,0.978575155698785,0.3648515603041298,0.22008380053109036,0.02339290871572021,0.2089041095890411,0.5391189044140032,0.059293316152797766,-0.14418531510339344,BEAR
2025-04-24,292,292,1.231272851834724,0.8832627629744046,0.23697383333649163,0.16999494667126933,0.023591807846121027,0.2910958904109589,0.5446051543455284,0.05727245423474551,-0.15744955877677605,BEAR
2025-04-25,292,292,1.272827699436111,0.945644370709323,0.23863914283093568,0.17729639459366572,0.023474887163743678,0.3082191780821918,0.545435329095442,0.05756819196362657,-0.17481983569621204,BEAR
2025-04-28,292,292,1.4197095606073031,0.9147283005012785,0.2722257662557258,0.1753968694929681,0.023088373194406327,0.3287671232876712,0.540689024516435,0.05855437176700707,-0.19140202741712214,BEAR
2025-04-29,292,292,1.3095780693456867,0.8824849316461685,0.2592761517179581,0.17471833286015884,0.02313738254792953,0.3904109589041096,0.5406240070686038,0.05797591749888374,-0.21768995234349137,BEAR
2025-04-30,292,292,1.566253088690416,0.908491432998758,0.3317438642158802,0.1924251328002342,0.023383684782941793,0.4280821917808219,0.5405295026952291,0.05893058057391345,-0.245432763631633,BEAR
2025-05-01,292,292,1.6627026718921847,0.9925198386690152,0.33456302982174035,0.1997112592628483,0.023982803071997634,0.4657534246575342,0.5406546643075023,0.05850121891767964,-0.2837658242432851,BEAR
2025-05-02,292,292,1.4172873213962256,1.069009088761792,0.27525882604897756,0.2076178784400447,0.022298979194075582,0.6198630136986302,0.5101863987540566,0.05929590973623909,-0.3237610482351302,BEAR
2025-05-05,292,292,1.5150009809876883,1.1690967453857832,0.3093348502340317,0.23870767820046973,0.02146367793649647,0.5856164383561644,0.457085667529345,0.05810633292835526,-0.3666031517911693,BEAR
2025-05-06,292,292,1.216754090577196,0.9019492416530961,0.2362897869889141,0.17515568333443904,0.02112589564961699,0.5547945205479452,0.4591333204698439,0.05708424268421804,-0.41829987823858833,BEAR
2025-05-07,292,292,1.4801211497708149,0.9649817555769586,0.2954971853069565,0.19265273838544217,0.021328360592802204,0.589041095890411,0.4523425074120692,0.05695535610885324,-0.45948360952983136,BEAR
2025-05-08,292,292,1.3371365701758373,0.8241554286763063,0.25835750235057875,0.1592408306306965,0.019779107082117692,0.6404109589041096,0.2637051593022789,0.05518715696691254,-0.49307527045511096,BULL_VOLATILE
2025-05-09,292,292,1.518813457530997,0.9960559942004417,0.29821178557421757,0.19557084847357178,0.019245145319585027,0.6506849315068494,0.20267736968453226,0.05733355070761903,-0.528035210211066,BULL_VOLATILE
2025-05-12,292,292,1.1838380718122845,0.7694363551710666,0.2166984310109662,0.14084329174607355,0.020120746316962597,0.7602739726027398,0.22289034416257422,0.055267663944913926,-0.557144003905934,BULL_VOLATILE
2025-05-13,292,292,0.4896319767665581,0.48356722792558987,0.08445751792191658,0.08341139826831356,0.02109589296677992,0.7363013698630136,0.22220125623292095,0.056330182911713156,-0.5831528091314475,BULL_VOLATILE
2025-05-14,292,292,0.6036606984167557,0.4818682628275253,0.10264998308302299,0.08193968757154751,0.021479795422199317,0.7191780821917808,0.22093015451818337,0.05396084819298104,-0.6091252096734502,BULL_VOLATILE
2025-05-15,292,292,1.2060064263149282,0.6014460391787079,0.2131279171882559,0.10628877163031866,0.021758843833606063,0.7671232876712328,0.19701829779725866,0.05356324058425048,-0.6154197845901043,BULL_VOLATILE
2025-05-16,292,292,0.21566866696478862,0.24060366365903735,0.03670551479337505,0.040949301815914274,0.02129558947906155,0.8047945205479452,0.19630864399070028,0.05086734321994649,-0.6280216947840693,BULL_VOLATILE
2025-05-19,292,292,0.7643223945839008,0.7593087615225635,0.12820529295948688,0.12736432022340727,0.021083655116900437,0.7876712328767124,0.16299575515278408,0.05377727092899274,-0.6354360987954217,BULL_VOLATILE
2025-05-20,292,292,0.4890952725032368,0.5835800261981274,0.08069254555598372,0.09628095076147548,0.020801600517433214,0.791095890410959,0.15142008959297312,0.05113878738397743,-0.6250994407888217,BULL_VOLATILE
2025-05-21,292,292,0.9900590601859017,0.5810268446848273,0.16882379409511977,0.09907606559591507,0.020609501022144795,0.708904109589041,0.16702671376527145,0.05640974764443827,-0.6131719347660917,BULL_VOLATILE
2025-05-22,292,292,0.7387891716709497,0.465482196663424,0.1176729254785272,0.07414111351371078,0.02012133739571388,0.6917808219178082,0.15524131525801665,0.05446459784657781,-0.5996720788334577,BULL_VOLATILE
2025-05-23,292,292,0.9845234983618047,0.08845226888200397,0.15133436561133046,0.013596291018359912,0.020054464070302237,0.660958904109589,0.15847545735782412,0.05307503379297034,-0.5788855653394863,BULL_VOLATILE
2025-05-27,292,292,0.25051266957177604,0.2654261367127583,0.03722592800649342,0.039442054061380814,0.020384347123274586,0.75,0.17081451052759078,0.05211666184005241,-0.5660282573153694,BULL_VOLATILE
2025-05-28,292,292,0.31107447953408024,0.11053591887967638,0.04838600845086347,0.017193284106901574,0.02047489339822937,0.708904109589041,0.17363623936278388,0.05162013523613875,-0.5288105988463448,BULL_VOLATILE
2025-05-29,292,292,0.31367771627940966,0.6806552123494329,0.049782947252223514,0.10802495929662916,0.020476493240167867,0.708904109589041,0.17339102766200645,0.05445753848820432,-0.5040517838911904,BULL_VOLATILE
2025-05-30,292,292,0.2791274400482173,0.4916872161590482,0.04592903612966934,0.08090469325253173,0.020246402240768204,0.7226027397260274,0.17337535318086675,0.05317996558883075,-0.48122496078661503,BULL_VOLATILE
2025-06-02,292,292,0.27300481104090546,0.49358673750985643,0.04444156995755657,0.08034938813543355,0.019983661969249562,0.7226027397260274,0.167851092196513,0.056961614131212375,-0.43593957071023,BULL_VOLATILE
2025-06-03,292,292,0.8598441041692038,0.49222138075862093,0.139842854997205,0.08005363163181786,0.020208332185345977,0.7397260273972602,0.1654890160053507,0.05653004965187634,-0.39518446465630636,BULL_VOLATILE
2025-06-04,292,292,0.7083430955825339,0.5232795056434386,0.11290968502070994,0.08341060219045962,0.0202551435361406,0.7431506849315068,0.16063211062248836,0.053814280848208065,-0.3552920804890852,BULL_VOLATILE
2025-06-05,292,292,0.5641556202552022,0.5802578727621165,0.08843579873438519,0.09095995255071614,0.019768914345358175,0.7397260273972602,0.16311855571785416,0.05372491876019706,-0.3160476106840864,BULL_VOLATILE
2025-06-06,292,292,1.2346068241785202,0.6322353813176429,0.19128208064452715,0.09795450407946062,0.01954432346721553,0.797945205479452,0.16464620206160507,0.05082561551009822,-0.28949494247777746,BULL_VOLATILE
2025-06-09,292,292,-0.33513159375265666,0.4328691537061704,-0.053569350615689855,0.06919228117512859,0.019193557605233558,0.797945205479452,0.1640802759177343,0.05225593853093425,-0.2610463040658115,BULL_CALM
2025-06-10,292,292,-0.04308210899489949,0.21254333807664716,-0.006913236425211387,0.03410609139170631,0.018243384222557175,0.8082191780821918,0.12087969423449473,0.05453475562588442,-0.23170651185796398,BULL_CALM
2025-06-11,292,292,0.2789030547979726,0.3124581599452192,0.04476485773882383,0.05015056249353092,0.01731609839688236,0.791095890410959,0.12047498977413414,0.05384882847480869,-0.21140798931174506,BULL_CALM
2025-06-12,292,292,0.19807489019617086,0.5611803471794186,0.03178543606505089,0.09005362582086285,0.017186290149773447,0.815068493150685,0.1208628265346803,0.052046500550416167,-0.18438984389822835,BULL_CALM
2025-06-13,292,292,0.8464736150531837,0.5369308377530169,0.1495281458872214,0.09484793289609707,0.017118835630932375,0.7465753424657534,0.12793851262952155,0.053091982826581285,-0.16249279608770456,BULL_CALM
2025-06-16,292,292,1.080974768069683,0.7917681753493602,0.18309785716842675,0.13411141551388903,0.0173814908556894,0.7671232876712328,0.13031098938188126,0.050911827597762915,-0.1312170046709425,BULL_CALM
2025-06-17,292,292,1.5158290690622507,0.7709330064904607,0.2613135618938373,0.13290103351308263,0.017490452703057012,0.7191780821917808,0.1343924259182364,0.05075947839053394,-0.11165459528908202,BULL_CALM
2025-06-18,292,292,1.2630668042372815,0.8224518957873334,0.22404090269514107,0.14588528851947277,0.017724963471978012,0.6883561643835616,0.13372662009610628,0.049856922374394284,-0.07687933264866423,BULL_CALM
2025-06-20,292,292,0.860183720904484,0.4360520471053983,0.1552824518796246,0.07871717329230248,0.017433425662162695,0.6815068493150684,0.11945934664124698,0.04925038611711476,-0.05292887880563265,BULL_CALM
2025-06-23,292,292,0.8823910474972194,0.7476083065005125,0.15099286878663537,0.1279291344210813,0.017563654705661576,0.7363013698630136,0.12349880360082487,0.052080520556390446,-0.020486558632835928,BULL_CALM
2025-06-24,292,292,1.1762084345106114,0.835664125993346,0.20358828488637154,0.14464394333546943,0.01750592115350056,0.7568493150684932,0.1238674338551398,0.04966671554180766,0.008239859262284295,BULL_CALM
2025-06-25,292,292,0.9604475891247111,0.7930135633914174,0.1674730494525279,0.1382776126695357,0.01752725428984249,0.702054794520548,0.10301543233786915,0.0501118632713306,0.04726930431471099,BULL_CALM
2025-06-26,292,292,0.7629772558440394,0.7581731704532944,0.1299925887145082,0.12917409053312048,0.01751959517675744,0.7363013698630136,0.10182631572520154,0.050613280750259865,0.08529676216242203,BULL_CALM
2025-06-27,292,292,0.8067237199029179,0.5732336522089578,0.1376137220727359,0.09778417883549519,0.017410303622216548,0.7294520547945206,0.10214472673220111,0.050865853273726,0.12319706598620428,BULL_CALM
2025-06-30,292,292,0.8309890265630164,0.6023846485582841,0.13535330137255985,0.0981177227041637,0.017043847394899614,0.75,0.10183679228464658,0.05125687778095259,0.160297018119153,BULL_CALM
2025-07-01,292,292,1.0262183189945964,0.7392056553319544,0.17219540423776725,0.12403580629844493,0.017451710578076877,0.8253424657534246,0.10150781413503263,0.05561322343262732,0.1974858172430869,BULL_CALM
2025-07-02,292,292,0.5632374862936445,0.8456495471048393,0.09236258360930188,0.13867396773004945,0.018049530552294767,0.7808219178082192,0.1010384641041253,0.053209600950835906,0.23351403197636184,BULL_CALM
2025-07-03,292,292,0.5957864092187374,0.5551670109955061,0.09857556126085212,0.09185489775464074,0.01780888756217513,0.815068493150685,0.1027136193990781,0.051722051688035835,0.2722226919839254,BULL_CALM
2025-07-07,292,292,0.5515310530376059,0.6198854255704132,0.09367284452987748,0.10528225160847837,0.01763948732618059,0.7671232876712328,0.10555201740527113,0.0531774954344015,0.3108593020000353,BULL_CALM
2025-07-08,292,292,0.4192583587176558,0.8241004564627995,0.07676243440574891,0.15088538109642077,0.017679401460300954,0.7636986301369864,0.10163192428784702,0.053231788279192636,0.34085604287574106,BULL_CALM
2025-07-09,292,292,0.5747224992685861,0.9747330450800857,0.10156040092555023,0.17224709138706046,0.017655723539756175,0.773972602739726,0.10266531819261578,0.052436764041409824,0.37214189533621916,BULL_CALM
2025-07-10,292,292,0.4832962553210806,0.4514518366574294,0.08341477893707264,0.07791857425110144,0.01780933270520956,0.7671232876712328,0.10181443615238964,0.054199653662386764,0.4039455309899436,BULL_CALM
2025-07-11,292,292,1.2171513365788567,0.6388116222477427,0.20760115663479298,0.10895771763529406,0.017779884856928278,0.7226027397260274,0.10224893657088965,0.05396079570174499,0.43907600155193033,BULL_CALM
2025-07-14,292,292,0.7349875380823391,0.7451941230539564,0.12410148708717508,0.12582485286881018,0.017538488410392072,0.7465753424657534,0.10193913323604992,0.054768941426380814,0.474182670322189,BULL_CALM
2025-07-15,292,292,0.5231304367559204,0.500454910961993,0.090268142286621,0.0863553942510002,0.01734535767356988,0.6746575342465754,0.09287821710455138,0.05596216908362437,0.5076932747851289,BULL_CALM
2025-07-16,292,292,1.1533331846978254,0.8958734383404009,0.19667514431349703,0.15277115070472086,0.017156397510377563,0.678082191780822,0.08882215899714423,0.05725144151040411,0.5408939189222246,BULL_CALM
2025-07-17,292,292,0.31934501348397937,0.5914085785955698,0.05079668265536692,0.09407253164480017,0.017341799771181044,0.6986301369863014,0.08115176912388006,0.05503657172502463,0.5789106912890295,BULL_CALM
2025-07-18,292,292,0.8256970377632064,0.6427924504068073,0.13851257404573555,0.10782990953220081,0.017194696969254727,0.7123287671232876,0.08143008645254143,0.054858382946130296,0.6162253854897248,BULL_CALM
2025-07-21,292,292,0.27782566960948774,0.3141322980636408,0.04466933916239501,0.050506787885334185,0.017320003626741205,0.6712328767123288,0.07616603039720424,0.05536587177249735,0.6483697431627513,BULL_CALM
2025-07-22,292,292,0.4555297435765585,0.7272523685616743,0.08106662412549127,0.12942271111360282,0.017545932525816457,0.7328767123287672,0.07195062223285807,0.05577301954444806,0.6674800626938759,BULL_CALM
2025-07-23,292,292,0.26022790448629796,0.48049905595098885,0.046614333934179575,0.08607125931929709,0.017550142112068425,0.7705479452054794,0.0683532127407587,0.05265448615358256,0.6885504931889458,BULL_CALM
2025-07-24,292,292,0.2662989873772821,0.186899767237519,0.04655316368638427,0.03267295735086074,0.01789810676658131,0.7363013698630136,0.06843191631155696,0.05360009699919378,0.7108954482460224,BULL_CALM
2025-07-25,292,292,0.2470728170115671,0.8076689138038656,0.04333299536718164,0.14165343530462526,0.018120327308660263,0.7671232876712328,0.06565216408953198,0.051976570518354914,0.7336759426602079,BULL_CALM
2025-07-28,292,292,0.16757596106250808,0.32101994202807765,0.0277489448946716,0.053157771705125464,0.01816765056756548,0.7157534246575342,0.06516679500993351,0.05104530472475459,0.7632577620645802,BULL_CALM
2025-07-29,292,292,0.5843652704937548,0.3298083187391393,0.0919669307537805,0.05190496482769223,0.01881656409471143,0.7054794520547946,0.06593573200364106,0.055348493233486826,0.8028258172056353,BULL_CALM
2025-07-30,292,292,0.8351728516942811,0.2594921628565326,0.1375739929412014,0.04274489156190821,0.018645720553832495,0.6746575342465754,0.06634227767813597,0.055426277422219464,0.8358927479958366,BULL_CALM
2025-07-31,292,292,0.6327630587816723,0.6199625073842079,0.1091612867808767,0.10695299626413513,0.01871113090227716,0.5993150684931506,0.06757899314256657,0.055905081434882195,0.8753219635121049,BULL_CALM
2025-08-01,292,292,0.7280860772802027,0.686576514685612,0.13389215126686882,0.12625870680560686,0.019456780224699766,0.5136986301369864,0.08671284009526063,0.05814566453095364,0.9180538642291818,BULL_CALM
2025-08-04,292,292,0.6308156743351345,0.6146668674084832,0.1154670044110983,0.11251106270499067,0.0196568454872814,0.5753424657534246,0.09834834135026418,0.055726054895836444,0.9566013859596011,BULL_CALM
2025-08-05,292,292,0.9997497095837705,1.0616423969523126,0.19649102475997182,0.20865542695945488,0.01993133528710687,0.5684931506849316,0.1004914556226134,0.057826673868459244,0.9888451420565769,BULL_CALM
2025-08-06,292,292,0.8842538723600368,0.3839427399731009,0.1690530884780609,0.07340279530577395,0.020513296295622645,0.5273972602739726,0.10183371312195383,0.05723364854507332,1.024914138803191,BULL_CALM
2025-08-07,292,292,0.9905536559934587,0.5081366026703933,0.1853797487219855,0.09509655044885625,0.021038920236872163,0.5308219178082192,0.10165769326153902,0.05766179345473386,1.0525259898710495,BULL_CALM
2025-08-08,292,292,0.6950258161889085,0.6051656018140102,0.13128184873359214,0.11430835682012469,0.02128190360956865,0.589041095890411,0.10359856464166768,0.056447660116670934,1.0695329688112578,BULL_CALM
2025-08-11,292,292,0.8923197121544586,0.716476705487615,0.15467495573464818,0.12419427834742325,0.021169810347877665,0.5513698630136986,0.10411160192501893,0.060950186855775135,1.0807451370160612,BULL_CALM
2025-08-12,292,292,0.6782964164499976,0.5019071051047642,0.12216394458026147,0.09039551188160797,0.0211953349101669,0.5993150684931506,0.10768302396067422,0.05820698648657704,1.1022463228520796,BULL_CALM
2025-08-13,292,292,0.5381439715808255,0.4473608100350739,0.10075587850556834,0.08375868504415031,0.02131994786338353,0.6198630136986302,0.10770007928741142,0.05637899038749776,1.0996674376073208,BULL_CALM
2025-08-14,292,292,0.7805422390720528,1.1119888056782874,0.14888541451100512,0.21210756571205422,0.02127006184266095,0.613013698630137,0.10650226075508618,0.05912226800864032,1.1136805005475952,BULL_CALM
2025-08-15,292,292,1.1125816800486283,0.5879687474668455,0.2328931768427438,0.12307762381618353,0.021590658536237383,0.5958904109589042,0.10707124038472407,0.0568005154350824,1.1159384692290744,BULL_CALM
2025-08-18,292,292,1.1438658560513522,0.4861821007963226,0.2246980402738801,0.09550435017116848,0.021454410881492206,0.5924657534246576,0.10717020579149018,0.05630810081638829,1.1252908347655017,BULL_CALM
2025-08-19,292,292,0.9948419654160038,0.5690327184618909,0.19809338676477412,0.11330605492998722,0.021188761545391913,0.6198630136986302,0.10966766344910522,0.06079049467070693,1.1255111993913114,BULL_CALM
2025-08-20,292,292,0.6445463310850326,0.6691499629656924,0.12043654389257769,0.12503384938949005,0.02090969126395007,0.6267123287671232,0.10649158362463282,0.05937713968864751,1.128486246900408,BULL_CALM
2025-08-21,292,292,1.1802235243628745,0.537330223649462,0.22377859172430808,0.1018815489244679,0.02026404718287472,0.5787671232876712,0.10759992680255356,0.05584474025659711,1.1218248725915712,BULL_CALM
2025-08-22,292,292,0.8061712090986974,0.5511507896568306,0.15293473581085212,0.10455607872966158,0.02031425238498607,0.6952054794520548,0.11980828547927368,0.059822678197854515,1.1092215326872492,BULL_CALM
2025-08-25,292,292,0.6037987494809774,0.5470404711645598,0.1098069564310851,0.09948488504628736,0.02015210491918731,0.6575342465753424,0.12112858412755287,0.05610987342746692,1.1081784368360574,BULL_CALM
2025-08-26,292,292,0.8041442826520934,0.41563769259496436,0.14985760097649153,0.0774568306103764,0.019418660292091355,0.6472602739726028,0.12123625369103948,0.05660724985555676,1.1025465602483178,BULL_CALM
2025-08-27,292,292,0.45238260910652867,0.19469258913389972,0.07503092946284692,0.032291174833391376,0.01969397483407534,0.6712328767123288,0.12108909934184163,0.0533074286741432,1.0822426264298115,BULL_CALM
2025-08-28,292,292,0.07919942493368974,0.09882541456062041,0.012946501920376456,0.01615470592699752,0.019097332209455885,0.6712328767123288,0.12007417392440126,0.05634511726893641,1.0804270198794705,BULL_CALM
2025-08-29,292,292,0.6691536973326371,0.18272247694991614,0.12708372664764286,0.03470212210684409,0.01862230026347829,0.6404109589041096,0.10432156878290746,0.05620654903813419,1.0712354126239687,BULL_CALM
2025-09-02,292,292,0.7865699288302,0.23243592496479723,0.14956421373169024,0.044197082911699666,0.01842585389794369,0.5993150684931506,0.09657120893297136,0.0578103484205303,1.0630995609557974,BULL_CALM
2025-09-03,292,292,0.36750012926779163,0.3680435137137051,0.07092513216048717,0.07103000182057995,0.018092654673146878,0.5753424657534246,0.09538117369785314,0.05605510262418694,1.070293673565279,BULL_CALM
2025-09-04,292,292,0.6301204140295686,0.5027991542127441,0.12014854233045967,0.09587149395355792,0.017495618416183665,0.6027397260273972,0.09603221009925907,0.05527124568215998,1.0516152537682684,BULL_CALM
2025-09-05,292,292,0.34788373701980135,0.3762984842709238,0.06329794109276367,0.06846804479774067,0.017086014490340477,0.5856164383561644,0.09691193746450363,0.054881843843251836,1.0368780501661643,BULL_CALM
2025-09-08,292,292,0.45996820466983906,0.3145187877658246,0.08394253572559149,0.05739854257394429,0.016937454735227588,0.5821917808219178,0.09388936752055753,0.0551192597354949,1.0227774158878378,BULL_CALM
2025-09-09,292,292,0.6523556460652378,0.619824355363609,0.11587595051771979,0.11009751623213299,0.01729454813698951,0.589041095890411,0.09336502566928569,0.05492141924216178,1.0109880125039212,BULL_CALM
2025-09-10,292,292,0.505002118897687,0.5631463974759182,0.08750622614376138,0.09758140444467338,0.017914936386542367,0.5856164383561644,0.08671066751350666,0.05661962724329485,1.011304454366117,BULL_CALM
2025-09-11,292,292,0.6531675366054631,0.52024665628768,0.11377102266903358,0.09061839544812966,0.0178274046124215,0.6541095890410958,0.09036732279631116,0.055209694769014994,1.0084174248102225,BULL_CALM
2025-09-12,292,292,0.7165648860931784,0.7426007115563754,0.12522888037057248,0.1297789739288212,0.017668771763112004,0.6232876712328768,0.09043658697839863,0.05493829906543288,1.0184347145044794,BULL_CALM
2025-09-15,292,292,0.5981915667255044,0.7402567342825571,0.1033365472550299,0.12787805655933887,0.017448410113412464,0.5924657534246576,0.09080357421523207,0.056448355838709025,1.0188218224841774,BULL_CALM
2025-09-16,292,292,0.7631798916584435,0.4719190306426226,0.1356419705444261,0.08387541122798464,0.01758127890022796,0.571917808219178,0.091162522794137,0.055035707082365395,1.0135979184081667,BULL_CALM
2025-09-17,292,292,0.8024545118548584,0.6996971934227093,0.14693356562854967,0.12811816990379507,0.0173180359579129,0.5958904109589042,0.08823329152345803,0.05778396214062605,1.010507138042933,BULL_CALM
2025-09-18,292,292,0.8037275986638646,0.5584782844828111,0.12739844317234805,0.08852410208005056,0.01781064108474901,0.6335616438356164,0.08747807280059638,0.05615855367647267,1.0133414598605626,BULL_CALM
2025-09-19,292,292,0.3759234662066014,0.352368138840746,0.06147917816825812,0.057626898919637924,0.01838229807271579,0.6301369863013698,0.08466899363329979,0.051285720315140934,1.0110924214793815,BULL_CALM
2025-09-22,292,292,0.32206878697891134,0.29336273245964406,0.05010362540732006,0.04563787939061695,0.018078128341134533,0.5958904109589042,0.06984421239918842,0.05765865877079659,1.0001986137510386,BULL_CALM
2025-09-23,292,292,-0.01775088983248032,0.3536235689711869,-0.0027340694362485533,0.05446664369986468,0.018138103019846193,0.6198630136986302,0.07112871942122115,0.05816008542738423,0.9946651823548721,BULL_CALM
2025-09-24,292,292,1.3947830335535605,0.33359444873381155,0.23047766536610412,0.055124035691325284,0.018518781383246367,0.5993150684931506,0.07237157679330264,0.057306420074708875,0.9879864956228823,BULL_CALM
2025-09-25,292,292,0.1851160004577066,0.4824519397205134,0.03290318363841399,0.08575274276714866,0.01808600432866996,0.5273972602739726,0.07513073746616376,0.05732798562973656,0.9882638450633051,BULL_CALM
2025-09-26,292,292,0.30519453984163813,0.40622820215553096,0.055382165251285816,0.07371625138898033,0.01769650625727904,0.5958904109589042,0.0765441408158591,0.056063534103611895,0.9792792121098052,BULL_CALM
2025-09-29,292,292,0.13500953921511916,0.5689779657506423,0.02406840325006341,0.10143276689706417,0.017533978674255442,0.613013698630137,0.07217503069448679,0.05450353889407668,0.9682563134996784,BULL_CALM
2025-09-30,292,292,0.45058258610802593,0.4093357183170997,0.07894788929753795,0.07172090527146745,0.017871739085192538,0.6027397260273972,0.06450573721364987,0.05500491209652043,0.958116184616033,BULL_CALM
2025-10-01,292,292,0.3602538895576074,0.30866639114327665,0.0589737628968928,0.050528860598498364,0.018457966303230332,0.6301369863013698,0.06347545768131362,0.05533906749543003,0.9460405737352916,BULL_CALM
2025-10-02,292,292,-0.18956295214590252,0.28429142385770173,-0.030385450372085406,0.045569679375899126,0.018642445346175797,0.6335616438356164,0.05871694275992674,0.05578494185337241,0.9346065606839598,BULL_CALM
2025-10-03,292,292,0.5206011003572819,0.2714627646151118,0.08222815994080918,0.042877134933880144,0.018436355724355754,0.6541095890410958,0.05669035903444079,0.054826600802610884,0.9211142241390059,BULL_CALM
2025-10-06,292,292,0.5652281305190179,0.31623450260685465,0.08931239650642618,0.0499686051716875,0.018792284997287745,0.6541095890410958,0.057037289555512696,0.05566171589049785,0.917782339222374,BULL_CALM
2025-10-07,292,292,1.2242257134792094,0.3879531263777053,0.2131906712009004,0.06755942674320842,0.018686914175952796,0.613013698630137,0.06014441949219968,0.05755299424369796,0.9066506279048351,BULL_CALM
2025-10-08,292,292,0.31755908663820953,0.27473746073462174,0.05397404964999454,0.04669585589058588,0.018265856138419977,0.6232876712328768,0.062089950750060185,0.055694588294740326,0.8915642631267243,BULL_CALM
2025-10-09,292,292,0.6383639437199602,0.19109087796943394,0.1210253643461892,0.03622830417820293,0.018160818793579607,0.571917808219178,0.058639747100074004,0.055133734661038866,0.8867210457971625,BULL_CALM
2025-10-10,292,292,0.8021741259703458,0.547818504701347,0.16085154324818096,0.10984828486524888,0.01864896397946519,0.4417808219178082,0.11566895086384206,0.05799914870654346,0.8664005499407629,BULL_CALM
2025-10-13,292,292,0.5060598852012739,0.10509749812113613,0.09139679035351965,0.018981101413791175,0.018935335323707617,0.4931506849315068,0.1270499827322235,0.057342920068859965,0.8517065111044265,BULL_CALM
2025-10-14,292,292,0.2820228053141383,0.5114485485646714,0.05222856405412136,0.09471653630756302,0.01917056727071426,0.5513698630136986,0.12702576213731268,0.05920578284733191,0.8292991566887608,BULL_CALM
2025-10-15,292,292,0.9474891829471158,0.42231033471896556,0.1741943803903897,0.07764108383803499,0.019402463065464885,0.5582191780821918,0.12776941968215821,0.056020344951141644,0.816370104884458,BULL_CALM
2025-10-16,292,292,1.006931017364861,0.3134963891983498,0.18523986440681195,0.05767230090806218,0.019201800298039737,0.4794520547945205,0.12926877430925793,0.05767347422265495,0.7994934416352943,BULL_VOLATILE
2025-10-17,292,292,0.6713767054857485,0.06613856452845573,0.12200573801381914,0.012019011548264298,0.01884698037319115,0.5205479452054794,0.13067266751049925,0.05669390862649619,0.7802699320814608,BULL_CALM
2025-10-20,292,292,0.39443757700773735,0.09633610192258941,0.07453762858575684,0.01820481871676421,0.018934044319953457,0.5821917808219178,0.13483004161675954,0.055504558015730156,0.7625615112092256,BULL_CALM
2025-10-21,292,292,1.1201883769747423,0.2003566010206652,0.20878792963191012,0.03734375465327164,0.019192845729889406,0.613013698630137,0.13309244796081462,0.05298021408677348,0.7392502257487605,BULL_CALM
2025-10-22,292,292,1.148712137458377,0.45333548197476586,0.22257855988706365,0.08783989951295126,0.019210288661401655,0.589041095890411,0.1340497921490793,0.05597883041458142,0.7212779357254534,BULL_VOLATILE
2025-10-23,292,292,1.00209595730785,0.27783769242190876,0.1947372059452775,0.05399217064389812,0.019676721162467582,0.6164383561643836,0.13389968212225492,0.056151235434551826,0.7115760278970876,BULL_CALM
2025-10-24,292,292,0.42581703397610104,0.3135179227731116,0.07983174301736731,0.05877802024135693,0.02013495897593002,0.613013698630137,0.13530196294959956,0.05481622498766145,0.6968720625269872,BULL_CALM
2025-10-27,292,292,1.3461710075947306,0.137885000903162,0.24365564912600146,0.024957051674903977,0.020172694966653432,0.6506849315068494,0.1403964740753833,0.054333285560162696,0.688727595638704,BULL_VOLATILE
2025-10-28,292,292,0.45060765129812064,0.1726213757955558,0.08138720209910053,0.031178278393685775,0.020147749122194938,0.5924657534246576,0.14022825007038917,0.05680781165066241,0.6745725043814426,BULL_VOLATILE
2025-10-29,292,292,0.9087749703217518,0.09664942454270327,0.1658851818888384,0.017642109315622455,0.02028985973649989,0.547945205479452,0.14010762952848055,0.05953394347652601,0.6689493900382414,BULL_VOLATILE
2025-10-30,292,292,1.135078504998121,0.17133607621552824,0.2157381742562104,0.03256491256260922,0.020777445741044714,0.5068493150684932,0.14690651232720406,0.059833483393569725,0.6583733969520587,BULL_VOLATILE
2025-10-31,292,292,1.6043606058883326,0.11472935545436176,0.31395333974015155,0.022451102438524287,0.021207742626078455,0.5171232876712328,0.14712129988245082,0.05792301771872389,0.655151990021745,BULL_VOLATILE
2025-11-03,292,292,1.23695563466176,-0.13449622375603906,0.2322587147906073,-0.025253872651875203,0.020984947653780305,0.5034246575342466,0.14684644909501568,0.057472974241995156,0.6585752206787843,BULL_VOLATILE
2025-11-04,292,292,1.7379525641324978,-0.11976643324007834,0.3498915096310176,-0.024111853795279276,0.02129861864214349,0.4897260273972603,0.15296123246121132,0.06123925685782551,0.6633862042410794,BULL_VOLATILE
2025-11-05,292,292,0.5875142266680029,-0.13612273903940353,0.11707816473315388,-0.027126152426244485,0.021550154481083626,0.4691780821917808,0.152032181967839,0.05949175155316913,0.6545910374099971,BULL_VOLATILE
2025-11-06,292,292,-0.1863435668133679,-0.5456700600696212,-0.03648611519593841,-0.10684232899016596,0.022520161136085532,0.4589041095890411,0.15673710895880846,0.061350750040954166,0.6599656258202644,BULL_VOLATILE
2025-11-07,292,292,-0.17038081882111675,-0.30380832668537744,-0.03482927903925362,-0.06210455530022539,0.022871774531126588,0.4931506849315068,0.11992799539742176,0.06030622482519652,0.6602359565617335,BULL_CALM
2025-11-10,292,292,0.0821568439441436,-0.40384762084288495,0.017177370462377828,-0.08443654673838796,0.02282332178326791,0.5102739726027398,0.12033273589854258,0.06136696480376774,0.67062739668749,BULL_CALM
2025-11-11,292,292,0.3387446813550602,-0.2567310072120771,0.0712065496138289,-0.05396668998411113,0.022829658578782684,0.5684931506849316,0.11996422528670644,0.060168152350390726,0.6731908432852476,BULL_CALM
2025-11-12,292,292,0.05391431674817735,-0.4071150314475715,0.010920948714955338,-0.08246570943842409,0.022738499188391572,0.571917808219178,0.11952438292076731,0.06069601920140316,0.6774583898476652,BULL_CALM
2025-11-13,292,292,1.2053718186238953,-0.20477772494587607,0.2729190149358877,-0.046365556344966245,0.022815569220073682,0.4897260273972603,0.13273026612291014,0.061935180529320163,0.6717921037263855,BULL_VOLATILE
2025-11-14,292,292,0.31038202137659565,-0.10553799944685899,0.07137828285609758,-0.02427048172176317,0.022771118436297852,0.4726027397260274,0.13155015447848303,0.06325986933197258,0.6872872846395705,BULL_VOLATILE
2025-11-17,292,292,0.5335167064949282,-0.13253824129497446,0.12092087147440393,-0.030039620964007217,0.02284161452233257,0.3938356164383562,0.1306768217549211,0.064821974351946,0.695538896798981,BULL_VOLATILE
2025-11-18,292,292,0.3527479315404303,-0.10898957679718836,0.0811341293561895,-0.02506825308294096,0.02255583604546818,0.3698630136986301,0.1337111559088846,0.0650066076204852,0.7003742473523403,BULL_VOLATILE
2025-11-19,292,292,0.3434207174607441,-0.06572610228127683,0.07769738435669324,-0.014870233423816215,0.022422650487004286,0.386986301369863,0.1336333503020336,0.0648744940348237,0.7091245280624051,BULL_VOLATILE
2025-11-20,292,292,0.6158143061557755,0.06558071796446437,0.1520406723973698,0.016191466089612375,0.02224769810955007,0.2979452054794521,0.14133763735093147,0.06678318298363996,0.7121141580301656,BULL_VOLATILE
2025-11-21,292,292,0.6537702253974426,0.08906631715493961,0.1594939625919042,0.02172864303796144,0.022341794521366466,0.3561643835616438,0.14307853121313271,0.0678605910895304,0.6991034133762404,BULL_VOLATILE
2025-11-24,292,292,0.5146204720715706,-0.13714133323331607,0.12421012010878502,-0.033100784747677234,0.02273202405495822,0.3972602739726027,0.14695445745850463,0.06348606616184534,0.698450256738742,BULL_VOLATILE
2025-11-25,292,292,0.04285040210996649,-0.09281644132056445,0.010323108641100087,-0.02236044844978532,0.022540084718441995,0.4828767123287671,0.15118254445981308,0.06746498934704494,0.7021571618816584,BULL_VOLATILE
2025-11-26,292,292,0.6746876543164998,0.14311766082898314,0.15668456019737304,0.033236606005757216,0.02181470170017552,0.5513698630136986,0.1536262701807001,0.061197614969739314,0.6877053836331464,BULL_VOLATILE
2025-11-28,292,292,-0.1669036988808208,-0.3509871472719581,-0.035377342892407085,-0.07439615025389178,0.020934504748421175,0.5856164383561644,0.1497965422157796,0.060284668382823675,0.7037929170961834,BULL_VOLATILE
2025-12-01,292,292,-0.08361138814987071,-0.15172821224532218,-0.01830149163208699,-0.03321141615041562,0.02036558803982763,0.5342465753424658,0.15031666024224274,0.06471972988920727,0.7103090145297617,BULL_VOLATILE
2025-12-02,292,292,0.0910949959963879,-0.03706263949298814,0.021071341097855037,-0.008573023251184426,0.020462686435854402,0.523972602739726,0.15031243811996264,0.06248405827093625,0.7133267670276262,BULL_VOLATILE
2025-12-03,292,292,0.3323657354724602,-0.2896378021825346,0.07025153374779045,-0.06122020913418792,0.020331721298449387,0.5924657534246576,0.14411894360297806,0.06363341941200729,0.7208981129587774,BULL_VOLATILE
2025-12-04,292,292,0.4971107732650967,-0.17950091801658838,0.10105273620127364,-0.03648896763406825,0.019959258041611944,0.5993150684931506,0.14374330719452724,0.0622641686979951,0.7152069213561858,BULL_VOLATILE
2025-12-05,292,292,0.17745704666712864,-0.24146132685570063,0.033376818267987184,-0.045414994651224665,0.019065738531863462,0.5993150684931506,0.1374655079950694,0.061772309439677535,0.7080768008317821,BULL_VOLATILE
2025-12-08,292,292,0.044567963502987085,-0.271941776451854,0.007894807409903976,-0.048172000312526234,0.018402605523970085,0.5513698630136986,0.13826396423325293,0.06096903316077586,0.6947557311156309,BULL_VOLATILE
2025-12-09,292,292,0.790547539302428,-0.3505588215256913,0.14658247276765574,-0.06500023889150736,0.01812683968150406,0.5547945205479452,0.12704987751309027,0.06086683268567985,0.6836744771571014,BULL_CALM
2025-12-10,292,292,0.7477394609868021,-0.3410464976497921,0.1409422320838699,-0.06428422884050035,0.01816678871729201,0.589041095890411,0.128941922023297,0.0610421539325105,0.6820577466696675,BULL_CALM
2025-12-11,292,292,0.35892584300495783,-0.13985345387568004,0.06909620240047432,-0.026922950084889583,0.018263249443012032,0.6404109589041096,0.1291298356487741,0.06097466857909548,0.680725471075628,BULL_CALM
2025-12-12,292,292,0.640556430079046,-0.17653554513389846,0.13160858033552497,-0.03627095347550141,0.018322889626090168,0.6095890410958904,0.1202611658421964,0.06202998691390066,0.6745174571448488,BULL_CALM
2025-12-15,292,292,1.2698076946144679,-0.10584614299368689,0.2565788716125964,-0.021387399091254693,0.01852264121341976,0.6232876712328768,0.1204911057782614,0.06097080643319966,0.664775388429547,BULL_CALM
2025-12-16,292,292,1.1632010130495494,-0.09024168477350945,0.24520802673332504,-0.019023354694637278,0.018474310155413586,0.5821917808219178,0.11540682593318269,0.06024383056103328,0.6574269139484615,BULL_CALM
2025-12-17,292,292,0.52493979923639,0.14984257094040443,0.11385564150560099,0.03249976866696982,0.018685935875315727,0.5821917808219178,0.11855147777409801,0.06237330387374216,0.6436856704528715,BULL_VOLATILE
2025-12-18,292,292,1.4022333105921603,0.01614060549648403,0.30602651734362407,0.0035225616526114722,0.018664892550294358,0.5787671232876712,0.1204905816723306,0.05971326471302276,0.6530822372360472,BULL_VOLATILE
2025-12-19,292,292,1.1905622993461495,-0.10069322523100056,0.2609382365633573,-0.022069162311022426,0.01849166042364338,0.5958904109589042,0.10500531377692879,0.05510770125040442,0.6390638652604324,BULL_CALM
2025-12-22,292,292,0.7558095015073182,-0.195430234985329,0.15753591419867552,-0.040734180595872915,0.018028263710350087,0.6267123287671232,0.10210892928768606,0.055901784603908024,0.6347631494862324,BULL_CALM
2025-12-23,292,292,0.9443941159606963,-0.32094116953706836,0.1954394271896519,-0.06641777757381968,0.01731847707888111,0.6198630136986302,0.09101859048723761,0.05480861288772849,0.627083534986172,BULL_CALM
2025-12-24,292,292,0.8407863043075725,-0.20507116064849654,0.19014695551670308,-0.04637760708257669,0.01682684504444394,0.6267123287671232,0.08646443373278376,0.05218144137778371,0.6254010605373457,BULL_CALM
2025-12-26,292,292,0.7578367779091169,-0.2723283146528432,0.17354372789324093,-0.06236286270789252,0.016340616700560827,0.636986301369863,0.08380562407345846,0.052260211823618924,0.6244176527180115,BULL_CALM
2025-12-29,292,292,0.28104104665669505,-0.30001182298031764,0.062424318207623584,-0.06663807200607878,0.016229920684059304,0.6404109589041096,0.08325629007010218,0.05573255311572275,0.6116795618611034,BULL_CALM
2025-12-30,292,292,0.13725107116037202,-0.3977480266299985,0.03162893905510039,-0.09165938004860497,0.01588257076271094,0.6438356164383562,0.08147085430106316,0.0489486412014374,0.6123013092783733,BULL_CALM
2025-12-31,292,292,0.13170277785749213,-0.36134893059263784,0.029108109289697225,-0.0798630395995659,0.01516223698116223,0.565068493150685,0.08594987117478223,0.05005234164723131,0.6014359225107094,BULL_CALM
2026-01-02,292,292,-0.0607287939477502,-0.3382680274070883,-0.01250275451330364,-0.06964212248326694,0.01536936872442162,0.5753424657534246,0.08528181679536831,0.05637535707988387,0.6095898921006573,BULL_CALM
2026-01-05,292,292,0.7096306907991415,-0.2775095433165569,0.1523208539952699,-0.05956688623798514,0.015595990255711812,0.6506849315068494,0.08852697077126694,0.055697435962551084,0.6061637029320289,BULL_CALM
2026-01-06,292,292,0.14191749127074632,-0.38370386667846623,0.0308816702867991,-0.08349510826631173,0.016177083641814128,0.6917808219178082,0.09066292732097073,0.056468876576356006,0.5975808822490642,BULL_CALM
2026-01-07,292,292,0.4517855248226635,-0.3580991170363509,0.10042646009548223,-0.07960110431026911,0.016339634024758992,0.6575342465753424,0.09077724239179659,0.056006437218484514,0.6056280341238371,BULL_CALM
2026-01-08,292,292,0.47025604993873404,-0.12771410662532554,0.10665993981097602,-0.02896715295304438,0.016992733727218923,0.6917808219178082,0.09067144340888539,0.05769406247865128,0.600300748247805,BULL_CALM
2026-01-09,292,292,0.7707760715433739,-0.05562264733841573,0.1781644670465305,-0.012857144486754228,0.017012866405264688,0.6917808219178082,0.09065459423474255,0.05747804839206292,0.600370700509549,BULL_CALM
2026-01-12,292,292,1.060808232236289,-0.04645867678381822,0.2511441398436314,-0.010998994978148314,0.017018015588026104,0.6815068493150684,0.09049044933601681,0.056472406691039694,0.6085700244990584,BULL_CALM
2026-01-13,292,292,0.9958554251681202,-0.28397383939197207,0.23228342783326694,-0.06623694078666603,0.016893687494965955,0.6575342465753424,0.08095287882344152,0.057501560730494575,0.6210150763803678,BULL_CALM
2026-01-14,292,292,1.2934509520526905,-0.09313594565697064,0.29328555613383195,-0.021118255450433363,0.017067929160504716,0.660958904109589,0.08316152091725433,0.06042644771146501,0.6277663716821755,BULL_CALM
2026-01-15,292,292,0.5952720123033537,-0.096789229819984,0.12853047021139047,-0.020898622752351378,0.017155908318742592,0.6815068493150684,0.08241281949857994,0.05868091254353388,0.630222451015445,BULL_CALM
2026-01-16,292,292,1.4034489551367486,0.13238531007654733,0.28707117905849977,0.027079009118644085,0.01716554942999835,0.6712328767123288,0.06971540370013242,0.057189768518534884,0.6460993246139825,BULL_CALM
2026-01-20,292,292,0.6116122979528116,-0.02794395981463711,0.12728059846971237,-0.005815324415034924,0.017423066614503956,0.5753424657534246,0.10095386327638937,0.05949946106405811,0.6555051057300593,BULL_CALM
2026-01-21,292,292,0.7097423410557369,0.15541691713729772,0.1400026942363203,0.030657304588533593,0.017505404454124317,0.636986301369863,0.10692029194132492,0.05891671890898243,0.6582871574902855,BULL_CALM
2026-01-22,292,292,0.9298889022638595,0.19010917400797947,0.18817420270994137,0.03847087771421338,0.01781149567094143,0.6506849315068494,0.10624658742019158,0.05884930313687002,0.6548380570768593,BULL_CALM
2026-01-23,292,292,0.8392594894759104,0.18998688039355602,0.17543624385159848,0.0397142779977885,0.018242998467760146,0.6267123287671232,0.10505899873031445,0.057544290427131294,0.6651394725821015,BULL_CALM
2026-01-26,292,292,1.0526721870524296,0.23199407902447672,0.22740298257868102,0.0501164048596001,0.018740493156956438,0.660958904109589,0.10587258289480411,0.05694178374748586,0.6621360055314847,BULL_CALM
2026-01-27,292,292,0.5558861505204635,-0.28431385052607794,0.11867711521930208,-0.06069866566334731,0.019908845387437247,0.6506849315068494,0.10671280516041663,0.05850097736375136,0.6606197598771177,BULL_CALM
2026-01-28,292,292,-0.002209660675309788,0.10959947088425809,-0.00045942309402309794,0.02278744812702139,0.020579283348678812,0.6164383561643836,0.10571207182476608,0.06132317916187265,0.6648001704210855,BULL_CALM
2026-01-29,292,292,0.2924576540932888,-0.013952716911098704,0.058838574030131055,-0.002807100294366968,0.02159500513946916,0.6335616438356164,0.10591798348671409,0.06236935852867986,0.6750302862526668,BULL_CALM
2026-01-30,292,292,0.1955787882475697,0.33672144005438587,0.03814304957806317,0.0656696091486847,0.022793918375042785,0.636986301369863,0.10263176340504261,0.06212819816577062,0.6840624498938811,BULL_CALM
2026-02-02,292,292,0.20029632478295545,0.003899726434011631,0.04083995426871896,0.0007951451400725071,0.02258571683503598,0.6506849315068494,0.10366960574017489,0.06079459514001027,0.6981563307601816,BULL_CALM
2026-02-03,292,292,1.2523721930372747,0.4411736974823044,0.25648608126092626,0.09035246347030781,0.023433494441359344,0.5993150684931506,0.10639603495662457,0.06207116179199404,0.6966432942638151,BULL_CALM
2026-02-04,292,292,0.8945950744951485,0.5776967615695553,0.19095446555020554,0.12331140590937516,0.023947152873921566,0.6267123287671232,0.10549287185366527,0.06548495011379235,0.6845685019572453,BULL_CALM
2026-02-05,292,292,1.1156451600837582,0.6129278409624036,0.24381541646056953,0.13395052670089713,0.02441233525553388,0.5924657534246576,0.11361237795588804,0.06514312022580085,0.6687197843256923,BULL_CALM
2026-02-06,292,292,1.4496780294455203,0.7025233227957625,0.30955355100673676,0.1500116472894733,0.024438098021636927,0.6472602739726028,0.13407979357152477,0.06350580367311148,0.6515460370572844,BULL_CALM
2026-02-09,292,292,1.3817381313415653,0.5602655853955728,0.30157752764705453,0.12228330841913984,0.02458633072208963,0.6438356164383562,0.13307505431983088,0.062393937684193095,0.638127350812346,BULL_CALM
2026-02-10,292,292,1.8265794536375766,0.9548052045201089,0.3897576486805655,0.20373744526722531,0.024917038679580956,0.6335616438356164,0.13326485797270302,0.0638142568145744,0.6224452233345491,BULL_CALM
2026-02-11,292,292,1.2348938528645041,0.8421674633099189,0.28670552811525213,0.19552617155690505,0.025492378015655452,0.6198630136986302,0.13309334548936444,0.06646771721935481,0.63179231479353,BULL_CALM
2026-02-12,292,292,1.5640630144917578,1.0046434731537586,0.40358731772483425,0.2592359520320488,0.026292400759943803,0.5924657534246576,0.14303201737484497,0.06776514596224348,0.6172949564104255,BULL_VOLATILE
2026-02-13,292,292,1.9911356211508013,0.7057467879945256,0.4738313852805952,0.16794686140942178,0.02659549529175184,0.5958904109589042,0.14258426685173262,0.06520071189880938,0.6127507147003627,BULL_VOLATILE
2026-02-17,153,153,1.198771242940229,0.819678371820234,0.35580388601337865,0.24328640822200615,0.02804762743579084,0.5620915032679739,0.14282378768267537,0.07584103914950975,0.6085665344013534,BULL_VOLATILE
2026-02-18,153,153,1.0872115733781191,0.5792293561853152,0.3234213142009879,0.17230787841888978,0.027887319093990504,0.5947712418300654,0.12335733925903267,0.07465317959603011,0.600887808314831,BULL_CALM
2026-02-19,153,153,0.9062357756145888,0.8210950410592123,0.2531732363226347,0.2293876433342618,0.027829710594742457,0.5751633986928104,0.11687776063728156,0.07326692808535015,0.6036116699323184,BULL_CALM
2026-02-20,153,153,0.6626377441891792,0.47482683198188236,0.17494024130976682,0.12535706167614213,0.027953706743012265,0.5751633986928104,0.11828673279807539,0.07299877446696318,0.6131878499400476,BULL_CALM
2026-02-23,153,153,0.6566372138551386,0.5006299782494358,0.18392709194815185,0.14022875051641373,0.02871371276806232,0.5228758169934641,0.12375525358345663,0.07211050219982142,0.6106122961856966,BULL_VOLATILE
2026-02-24,153,153,0.578067238279446,0.7567472233145293,0.16787923313767253,0.21977053034043803,0.028701891083406574,0.5490196078431373,0.12529229695658933,0.0741510861541377,0.5982169707403594,BULL_CALM
2026-02-25,153,153,0.5270790449764304,0.6805737629241804,0.15086047110393064,0.1947937021482383,0.02827287646662016,0.5686274509803921,0.12830204054519773,0.07051499266596782,0.6033367628245045,BULL_CALM
2026-02-26,153,153,0.6345685662451055,0.7146037521104689,0.2002227650988037,0.2254759324814598,0.028435392940764064,0.5620915032679739,0.1297337728945302,0.06959222247151475,0.5900530276093313,BULL_CALM
2026-02-27,153,153,0.6984410896718166,0.8400768613028867,0.23435294012377597,0.28187700478617667,0.028606087213186093,0.5424836601307189,0.1305700416814826,0.06973623242600052,0.5828614421898368,BULL_CALM
2026-03-02,153,153,0.6141008902967544,0.3344089286162194,0.20116786322106106,0.10954605452413681,0.028255805701845542,0.5228758169934641,0.13030113027130513,0.06975390678805514,0.5767135553786125,BULL_CALM
2026-03-03,153,153,1.145997069607763,0.8849642544445712,0.4117191957426628,0.3179386586264408,0.028793279525297793,0.5163398692810458,0.13197892547721463,0.071517517021121,0.5713803902020661,BULL_CALM
2026-03-04,153,153,1.0391493486142052,0.6534625249582593,0.3850636289308333,0.24214483853191623,0.027931849816024944,0.5424836601307189,0.13193998613877844,0.07115042287389159,0.5712488677748564,BULL_CALM
2026-03-05,153,153,0.7306778268064953,0.5762076136276448,0.2933352340483317,0.23132219016775746,0.027317664662085496,0.49019607843137253,0.13230020574801732,0.07116488878212375,0.5633203596092176,BULL_CALM
2026-03-06,153,153,1.2606762719991675,1.0999382012741465,0.5614175105193326,0.4898359558280413,0.027294944409720755,0.42483660130718953,0.13306964332827353,0.06766784072209742,0.5521204108993809,BULL_VOLATILE
2026-03-09,153,153,0.8583977064635123,0.9454947810297839,0.36629989363006765,0.40346640620214136,0.026893014837476237,0.477124183006536,0.11693395583267395,0.06887086362365648,0.5553263437756631,BULL_CALM
2026-03-10,153,153,0.7292376796727482,0.9384000858362723,0.30088074141744897,0.3871803685450274,0.026606523890207224,0.477124183006536,0.11498979292530953,0.06830406325558962,0.5550690032644691,BULL_CALM
2026-03-11,153,153,0.6430150112708362,0.8140917382433902,0.21781191521487403,0.2757616502870607,0.026183182896756734,0.477124183006536,0.11486487427792161,0.06506255487141567,0.5476768587836374,BULL_VOLATILE
2026-03-12,153,153,0.7874943053255259,0.7884545142441348,0.29947190685286,0.2998370594563624,0.025477002560541993,0.3790849673202614,0.12512241062871965,0.06659962158054948,0.5449573393072238,BULL_VOLATILE
2026-03-13,153,153,0.6297874938885524,0.566753418097571,0.22123110739482094,0.19908856165332744,0.024526320866404595,0.37254901960784315,0.11549296822661823,0.06849827083305303,0.5598554097806883,BULL_VOLATILE
2026-03-16,153,153,0.5237999117920229,0.6103455177636267,0.16904516509785614,0.19697589956459416,0.0240872939929923,0.40522875816993464,0.12245239795939068,0.06493318883771221,0.5738742802151988,BULL_VOLATILE
2026-03-17,153,153,0.5634297541624294,0.6775036550689125,0.20538627208739044,0.2469694740332619,0.023950940493393105,0.42483660130718953,0.12278350915550869,0.06705465206124293,0.5829191250330135,BULL_VOLATILE
2026-03-18,153,153,0.5216112103814652,0.5439499557847146,0.19608169686768093,0.20447917571281712,0.023886819690766694,0.3660130718954248,0.12902757645005816,0.0670123299189942,0.58304329631699,BULL_VOLATILE
2026-03-19,153,153,0.6332220595227589,0.38446053607866915,0.25392409985316455,0.15416992204348878,0.02383200030842649,0.3464052287581699,0.1290143533183854,0.06596766832128532,0.5998007346317974,BULL_VOLATILE
2026-03-20,153,153,0.6238721861369048,0.4704756514365646,0.23757557322640685,0.1791609324198676,0.024283957144059457,0.2549019607843137,0.13506779246129513,0.06587047304933853,0.6073109839928921,BULL_VOLATILE
2026-03-23,153,153,0.7730893121595539,0.758076773723765,0.30187618857980825,0.2960140872512511,0.023340588705172294,0.3006535947712418,0.14033856459028415,0.06559525340720519,0.6208007269386514,BULL_VOLATILE
2026-03-24,153,153,0.3975033646782847,0.4738503119385445,0.16459577038742393,0.1962090489597977,0.023973972234273923,0.29411764705882354,0.13605406867976508,0.0649527655960868,0.6273041222419773,BULL_VOLATILE
2026-03-25,153,153,0.4495497687846088,0.7611883567175144,0.18801743726347955,0.31835559495838006,0.023714691937981626,0.32679738562091504,0.13334869578644157,0.06593928985577892,0.6339305037145025,BULL_VOLATILE
2026-03-26,153,153,0.8154446628536354,0.5183876435735804,0.3261466319080226,0.20733520210016546,0.023718840437152437,0.24183006535947713,0.14365215373682516,0.07069016804825616,0.6417739036945459,BULL_VOLATILE
2026-03-27,153,153,0.43717990072659035,0.5335233739590478,0.1784280757695297,0.21774914362569206,0.022949337164678646,0.20915032679738563,0.15173849643054563,0.07063205737562867,0.6353847365412639,BULL_VOLATILE
2026-03-30,153,153,0.5633677716663416,0.5359695735585818,0.2679311878745998,0.25490092215151305,0.02308000907950477,0.20261437908496732,0.15084936210304897,0.07104648716075768,0.6281593139969053,BULL_VOLATILE
2026-03-31,153,153,0.4897216885054937,0.5199813923383064,0.19652511712803794,0.2086683241363927,0.022865082800026727,0.26143790849673204,0.1899416344006336,0.06932550908465962,0.6067434055397892,BULL_VOLATILE
