{
  "5d": {
    "XGB": {
      "n": 817,
      "K": 163,
      "mde": 0.02980996272564268,
      "real": 0.01611176658235395,
      "floor": 0.012449800760468371,
      "clean": 0.0042000566392348376,
      "lb95": -0.01416505598969516,
      "lb_bonf": -0.01889922582620358,
      "exists": false
    },
    "PatchTST": {
      "n": 817,
      "K": 163,
      "mde": 0.027996291991559303,
      "real": -0.01659899256942994,
      "floor": -0.0030893271437385374,
      "clean": -0.014793799262475158,
      "lb95": -0.027192518302580643,
      "lb_bonf": -0.03052380119853711,
      "exists": false
    },
    "ENSEMBLE": {
      "n": 817,
      "K": 163,
      "mde": 0.03327430194177446,
      "real": 0.0032477694738629334,
      "floor": 0.010879413863278183,
      "clean": -0.0079948263095682,
      "lb95": -0.026435739529030312,
      "lb_bonf": -0.031186337027138716,
      "exists": false
    }
  },
  "20d": {
    "XGB": {
      "n": 787,
      "K": 39,
      "mde": 0.04743662874270606,
      "real": 0.023682815936401633,
      "floor": 0.021483181982524125,
      "clean": 0.002573607793747466,
      "lb95": -0.022199294757929474,
      "lb_bonf": -0.027599960782292078,
      "exists": false
    },
    "PatchTST": {
      "n": 787,
      "K": 39,
      "mde": 0.09480719387442123,
      "real": 0.01581313513392882,
      "floor": 0.03553275729347634,
      "clean": -0.022439873596703543,
      "lb95": -0.08288395084479272,
      "lb_bonf": -0.09604474555007098,
      "exists": false
    },
    "ENSEMBLE": {
      "n": 787,
      "K": 39,
      "mde": 0.0864205435360399,
      "real": 0.03451070440144278,
      "floor": 0.04548144592922213,
      "clean": -0.011270169840250085,
      "lb95": -0.06420776591383093,
      "lb_bonf": -0.07660396899076476,
      "exists": false
    }
  },
  "60d": {
    "XGB": {
      "n": 707,
      "K": 11,
      "mde": 0.08983705825517731,
      "real": 0.046591347828167234,
      "floor": 0.041134293168646766,
      "clean": 0.0026355842404940347,
      "lb95": -0.0377880496832907,
      "lb_bonf": -0.04689474818019623,
      "exists": false
    },
    "PatchTST": {
      "n": 707,
      "K": 11,
      "mde": 0.14753015550950288,
      "real": 0.04344930364997475,
      "floor": 0.05305550613407226,
      "clean": 0.005183590006556442,
      "lb95": -0.06847866570844148,
      "lb_bonf": -0.08308775077118107,
      "exists": false
    },
    "ENSEMBLE": {
      "n": 707,
      "K": 11,
      "mde": 0.1454346882314121,
      "real": 0.07155611378789341,
      "floor": 0.059527085067307646,
      "clean": 0.019421618978937617,
      "lb95": -0.05790663850046056,
      "lb_bonf": -0.06896397291531951,
      "exists": false
    }
  }
}