{
  "method": "leakage-correct single-split PatchTST (hf_trainer --train-cutoff 2023-01-01, seed 44, 15 epochs, MPS), scored via HFPatchTSTPanelScorer over test 2023-01..2026-04",
  "panel": "transformer_v4_wl200_clean.parquet (10y, ~142 names/day in test, 172 feat)",
  "placebo": "shifted-label at 2*horizon; clean = real - placebo",
  "horizons": {
    "5d": {
      "n": 817,
      "K": 163,
      "mde": 0.055564543324313244,
      "val_ic": 0.04647183090760411,
      "real": 0.017012784129073786,
      "floor": 0.013260725830954268,
      "clean": 0.0020453638139468168,
      "lb95": -0.032497648155850004,
      "lb_bonf": -0.03917655569960892,
      "exists": false
    },
    "20d": {
      "n": 787,
      "K": 39,
      "mde": 0.09699068448366094,
      "val_ic": 0.1453947780849658,
      "real": 0.027787124765603636,
      "floor": 0.043881919704563954,
      "clean": -0.0193097638157086,
      "lb95": -0.08262995417899366,
      "lb_bonf": -0.0959214140844472,
      "exists": false
    },
    "60d": {
      "n": 707,
      "K": 11,
      "mde": 0.18592281105722347,
      "val_ic": 0.19942369987989542,
      "real": 0.0746779197367468,
      "floor": 0.06480636504936507,
      "clean": 0.022051542751050514,
      "lb95": -0.0742179385605775,
      "lb_bonf": -0.09605677975352522,
      "exists": false
    }
  },
  "verdict": "PatchTST: no placebo-clean edge at any horizon. val_ic (0.046/0.145/0.199) is within-train optimism; leakage-clean OOS clean IC ~0 (20d below its own floor). Confirmed null at 5d (K=163).",
  "note": "val_ic magnitude (0.145/0.199) matches the retracted '+0.13' \u2014 the placebo-clean OOS test exposed it as overfit/overlap optimism."
}