{
  "5d": {
    "n": 817,
    "K": 163,
    "real": -0.01659899256942994,
    "floor": -0.0030893271437385374,
    "clean": -0.014793799262475158,
    "lb95": -0.027192518302580643,
    "lb_bonf": -0.03052380119853711,
    "mde": 0.036430658073202234,
    "exists": false,
    "val_ic": 0.014348050726122203
  },
  "20d": {
    "n": 787,
    "K": 39,
    "real": 0.01581313513392882,
    "floor": 0.03553275729347634,
    "clean": -0.022439873596703543,
    "lb95": -0.08288395084479272,
    "lb_bonf": -0.09604474555007098,
    "mde": 0.12336949707340376,
    "exists": false,
    "val_ic": -0.04389623467895149
  },
  "60d": {
    "n": 707,
    "K": 11,
    "real": 0.04344930364997475,
    "floor": 0.05305550613407226,
    "clean": 0.005183590006556442,
    "lb95": -0.06847866570844148,
    "lb_bonf": -0.08308775077118107,
    "mde": 0.19197616071705012,
    "exists": false,
    "val_ic": -0.05689197566281816
  }
}