date,prod_gmm_label,prod_gmm_p_bear,sim_hmm_label,sim_hmm_p_bear
2017-01-03,BULL_CALM,0.0,BULL_CALM,0.0
2017-01-04,BULL_CALM,0.0,BULL_CALM,0.0
2017-01-05,BULL_CALM,1.2e-05,BULL_CALM,0.0
2017-01-06,BULL_CALM,0.0,BULL_CALM,0.0
2017-01-09,BULL_CALM,9e-06,BULL_CALM,0.0
2017-01-10,BULL_CALM,1.5e-05,BULL_CALM,0.0
2017-01-11,BULL_CALM,2e-06,BULL_CALM,0.0
2017-01-12,BULL_CALM,1.3e-05,BULL_CALM,0.0
2017-01-13,BULL_CALM,0.000153,BULL_CALM,0.0
2017-01-17,BULL_CALM,0.000216,BULL_CALM,0.0
2017-01-18,BULL_CALM,0.000259,BULL_CALM,0.0
2017-01-19,BULL_CALM,0.000149,BULL_CALM,0.0
2017-01-20,BULL_CALM,1.6e-05,BULL_CALM,0.0
2017-01-23,BULL_CALM,0.0,BULL_CALM,0.0
2017-01-24,BULL_CALM,0.0,BULL_CALM,0.0
2017-01-25,BULL_CALM,0.000355,BULL_CALM,0.0
2017-01-26,BULL_CALM,0.000295,BULL_CALM,0.0
2017-01-27,BULL_CALM,0.00029,BULL_CALM,0.0
2017-01-30,BULL_CALM,0.000332,BULL_CALM,0.0
2017-01-31,BULL_CALM,0.000533,BULL_CALM,0.0
2017-02-01,BULL_CALM,0.000308,BULL_CALM,0.0
2017-02-02,BULL_CALM,0.000472,BULL_CALM,0.0
2017-02-03,BULL_CALM,0.000314,BULL_CALM,0.0
2017-02-06,BULL_CALM,0.000408,BULL_CALM,0.0
2017-02-07,BULL_CALM,0.00047,BULL_CALM,0.0
2017-02-08,BULL_CALM,0.000554,BULL_CALM,0.0
2017-02-09,BULL_CALM,0.000573,BULL_CALM,0.0
2017-02-10,BULL_CALM,0.000368,BULL_CALM,0.0
2017-02-13,BULL_CALM,0.003746,BULL_CALM,0.0
2017-02-14,BULL_CALM,0.000169,BULL_CALM,0.0
2017-02-15,BULL_CALM,0.000295,BULL_CALM,0.0
2017-02-16,BULL_CALM,0.000244,BULL_CALM,0.0
2017-02-17,BULL_CALM,5e-06,BULL_CALM,0.0
2017-02-21,BULL_CALM,1e-06,BULL_CALM,0.0
2017-02-22,BULL_CALM,3e-06,BULL_CALM,0.0
2017-02-23,BULL_CALM,0.0,BULL_CALM,0.0
2017-02-24,BULL_CALM,0.0,BULL_CALM,0.0
2017-02-27,BULL_CALM,0.0,BULL_CALM,0.0
2017-02-28,BULL_CALM,0.0,BULL_CALM,0.0
2017-03-01,BULL_CALM,0.0,BULL_CALM,0.0
2017-03-02,BULL_CALM,0.0,BULL_CALM,0.0
2017-03-03,BULL_CALM,0.0,BULL_CALM,0.0
2017-03-06,BULL_CALM,0.0,BULL_CALM,0.0
2017-03-07,BULL_CALM,0.0,BULL_CALM,0.0
2017-03-08,BULL_CALM,0.0,BULL_CALM,0.0
2017-03-09,BULL_CALM,0.0,BULL_CALM,0.0
2017-03-10,BULL_CALM,0.0,BULL_CALM,0.0
2017-03-13,BULL_CALM,0.0,BULL_CALM,0.0
2017-03-14,BULL_CALM,0.0,BULL_CALM,0.0
2017-03-15,BULL_CALM,0.0,BULL_CALM,0.0
2017-03-16,BULL_CALM,0.0,BULL_CALM,0.0
2017-03-17,BULL_CALM,0.0,BULL_CALM,0.0
2017-03-20,BULL_CALM,0.0,BULL_CALM,0.0
2017-03-21,BULL_CALM,0.0,BULL_CALM,0.0
2017-03-22,BULL_CALM,0.0,BULL_CALM,0.0
2017-03-23,BULL_CALM,0.0,BULL_CALM,0.0
2017-03-24,BULL_CALM,0.0,BULL_CALM,0.0
2017-03-27,BULL_CALM,5e-06,BULL_CALM,0.0
2017-03-28,BULL_CALM,1.1e-05,BULL_CALM,0.0
2017-03-29,BULL_CALM,0.000873,BULL_CALM,0.0
2017-03-30,BULL_CALM,0.000645,BULL_CALM,0.0
2017-03-31,BULL_CALM,0.000467,BULL_CALM,0.0
2017-04-03,BULL_CALM,0.000501,BULL_CALM,0.0
2017-04-04,BULL_CALM,4.5e-05,BULL_CALM,0.0
2017-04-05,BULL_CALM,0.000106,BULL_CALM,0.0
2017-04-06,BULL_CALM,0.000213,BULL_CALM,0.0
2017-04-07,BULL_CALM,2e-06,BULL_CALM,0.0
2017-04-10,BULL_CALM,0.0,BULL_CALM,0.0
2017-04-11,BULL_CALM,0.0,BULL_CALM,0.0
2017-04-12,BULL_CALM,6.5e-05,BULL_CALM,0.0
2017-04-13,BULL_CALM,0.000224,BULL_CALM,0.0
2017-04-17,BULL_CALM,1e-06,BULL_CALM,0.0
2017-04-18,BULL_CALM,5.4e-05,BULL_CALM,0.0
2017-04-19,BULL_CALM,6.8e-05,BULL_CALM,0.0
2017-04-20,BULL_CALM,7.8e-05,BULL_CALM,0.0
2017-04-21,BULL_CALM,6.5e-05,BULL_CALM,0.0
2017-04-24,BULL_CALM,0.0,BULL_CALM,0.0
2017-04-25,BULL_CALM,0.0,BULL_CALM,0.0
2017-04-26,BULL_CALM,0.000127,BULL_CALM,0.0
2017-04-27,BULL_CALM,0.000161,BULL_CALM,0.0
2017-04-28,BULL_CALM,4.3e-05,BULL_CALM,0.0
2017-05-01,BULL_CALM,1e-06,BULL_CALM,0.0
2017-05-02,BULL_CALM,7e-06,BULL_CALM,0.0
2017-05-03,BULL_CALM,8e-06,BULL_CALM,0.0
2017-05-04,BULL_CALM,0.0,BULL_CALM,0.0
2017-05-05,BULL_CALM,0.0,BULL_CALM,0.0
2017-05-08,BULL_CALM,0.0,BULL_CALM,0.0
2017-05-09,BULL_CALM,0.0,BULL_CALM,0.0
2017-05-10,BULL_CALM,0.0,BULL_CALM,0.0
2017-05-11,BULL_CALM,0.0,BULL_CALM,0.0
2017-05-12,BULL_CALM,0.0,BULL_CALM,0.0
2017-05-15,BULL_CALM,0.0,BULL_CALM,0.0
2017-05-16,BULL_CALM,0.0,BULL_CALM,0.0
2017-05-17,BULL_CALM,0.0,BULL_CALM,0.0
2017-05-18,BULL_CALM,0.0,BULL_CALM,0.0
2017-05-19,BULL_CALM,0.0,BULL_CALM,0.0
2017-05-22,BULL_CALM,0.0,BULL_CALM,0.0
2017-05-23,BULL_CALM,0.0,BULL_CALM,0.0
2017-05-24,BULL_CALM,0.0,BULL_CALM,0.0
2017-05-25,BULL_CALM,0.0,BULL_CALM,0.0
2017-05-26,BULL_CALM,0.0,BULL_CALM,0.0
2017-05-30,BULL_CALM,0.0,BULL_CALM,0.0
2017-05-31,BULL_CALM,0.0,BULL_CALM,0.0
2017-06-01,BULL_CALM,0.002556,BULL_CALM,0.0
2017-06-02,BULL_CALM,0.003412,BULL_CALM,0.0
2017-06-05,BULL_CALM,0.000653,BULL_CALM,0.0
2017-06-06,BULL_CALM,9.2e-05,BULL_CALM,0.0
2017-06-07,BULL_CALM,4e-06,BULL_CALM,0.0
2017-06-08,BULL_CALM,2e-06,BULL_CALM,0.0
2017-06-09,BULL_CALM,0.000671,BULL_CALM,0.0
2017-06-12,BULL_CALM,0.00099,BULL_CALM,0.0
2017-06-13,BULL_CALM,0.000844,BULL_CALM,0.0
2017-06-14,BULL_CALM,0.000387,BULL_CALM,0.0
2017-06-15,BULL_CALM,0.018266,BULL_CALM,0.0
2017-06-16,BULL_CALM,0.020307,BULL_CALM,0.0
2017-06-19,BULL_CALM,0.001045,BULL_CALM,0.0
2017-06-20,BULL_CALM,0.000107,BULL_CALM,0.0
2017-06-21,BULL_CALM,9e-05,BULL_CALM,0.0
2017-06-22,BULL_CALM,7.1e-05,BULL_CALM,0.0
2017-06-23,BULL_CALM,8.7e-05,BULL_CALM,0.0
2017-06-26,BULL_CALM,0.0,BULL_CALM,0.0
2017-06-27,BULL_CALM,2e-06,BULL_CALM,0.0
2017-06-28,BULL_CALM,0.0,BULL_CALM,0.0
2017-06-29,BULL_CALM,1e-06,BULL_CALM,0.0
2017-06-30,BULL_CALM,1e-06,BULL_CALM,0.0
2017-07-03,BULL_CALM,1e-06,BULL_CALM,0.0
2017-07-05,BULL_CALM,1e-06,BULL_CALM,0.0
2017-07-06,BULL_CALM,1e-06,BULL_CALM,0.0
2017-07-07,BULL_CALM,0.0,BULL_CALM,0.0
2017-07-10,BULL_CALM,0.0,BULL_CALM,0.0
2017-07-11,BULL_CALM,1e-06,BULL_CALM,0.0
2017-07-12,BULL_CALM,0.0,BULL_CALM,0.0
2017-07-13,BULL_CALM,0.0,BULL_CALM,0.0
2017-07-14,BULL_CALM,0.0,BULL_CALM,0.0
2017-07-17,BULL_CALM,2e-06,BULL_CALM,0.0
2017-07-18,BULL_CALM,0.0,BULL_CALM,0.0
2017-07-19,BULL_CALM,3e-06,BULL_CALM,0.0
2017-07-20,BULL_CALM,0.0,BULL_CALM,0.0
2017-07-21,BULL_CALM,0.0,BULL_CALM,0.0
2017-07-24,BULL_CALM,0.0,BULL_CALM,0.0
2017-07-25,BULL_CALM,0.0,BULL_CALM,0.0
2017-07-26,BULL_CALM,0.0,BULL_CALM,0.0
2017-07-27,BULL_CALM,0.0,BULL_CALM,0.0
2017-07-28,BULL_CALM,2e-06,BULL_CALM,0.0
2017-07-31,BULL_CALM,1e-06,BULL_CALM,0.0
2017-08-01,BULL_CALM,9.5e-05,BULL_CALM,0.0
2017-08-02,BULL_CALM,5.8e-05,BULL_CALM,0.0
2017-08-03,BULL_CALM,0.000956,BULL_CALM,0.0
2017-08-04,BULL_CALM,0.002644,BULL_CALM,0.0
2017-08-07,BULL_CALM,0.002431,BULL_CALM,0.0
2017-08-08,BULL_CALM,2.1e-05,BULL_CALM,0.0
2017-08-09,BULL_CALM,8e-06,BULL_CALM,0.0
2017-08-10,BULL_CALM,0.001058,BULL_CALM,0.0
2017-08-11,BULL_CALM,3.5e-05,BULL_CALM,0.0
2017-08-14,BULL_CALM,0.0,BULL_CALM,0.0
2017-08-15,BULL_CALM,0.0,BULL_CALM,0.0
2017-08-16,BULL_CALM,0.00063,BULL_CALM,0.0
2017-08-17,BULL_CALM,0.000424,BULL_CALM,0.0
2017-08-18,BULL_CALM,0.002179,BULL_CALM,0.0
2017-08-21,BULL_CALM,0.002509,BULL_CALM,0.0
2017-08-22,BULL_CALM,0.000638,BULL_CALM,0.0
2017-08-23,BULL_CALM,0.000519,BULL_CALM,0.0
2017-08-24,BULL_CALM,0.000486,BULL_CALM,0.0
2017-08-25,BULL_CALM,0.000316,BULL_CALM,0.0
2017-08-28,BULL_CALM,0.000618,BULL_CALM,0.0
2017-08-29,BULL_CALM,0.000474,BULL_CALM,0.0
2017-08-30,BULL_CALM,0.000316,BULL_CALM,0.0
2017-08-31,BULL_CALM,5.4e-05,BULL_CALM,0.0
2017-09-01,BULL_CALM,0.000485,BULL_CALM,2e-06
2017-09-05,BULL_CALM,0.000535,BULL_CALM,0.0
2017-09-06,BULL_CALM,0.000584,BULL_CALM,0.0
2017-09-07,BULL_CALM,0.000509,BULL_CALM,0.0
2017-09-08,BULL_CALM,0.000285,BULL_CALM,0.0
2017-09-11,BULL_CALM,0.000264,BULL_CALM,0.0
2017-09-12,BULL_CALM,0.000459,BULL_CALM,0.0
2017-09-13,BULL_CALM,0.000659,BULL_CALM,0.0
2017-09-14,BULL_CALM,0.000767,BULL_CALM,0.0
2017-09-15,BULL_CALM,0.000378,BULL_CALM,0.0
2017-09-18,BULL_CALM,0.000367,BULL_CALM,0.0
2017-09-19,BULL_CALM,0.000514,BULL_CALM,0.0
2017-09-20,BULL_CALM,0.00127,BULL_CALM,0.0
2017-09-21,BULL_CALM,0.001115,BULL_CALM,0.0
2017-09-22,BULL_CALM,0.001726,BULL_CALM,0.0
2017-09-25,BULL_CALM,0.001661,BULL_CALM,0.0
2017-09-26,BULL_CALM,0.001122,BULL_CALM,0.0
2017-09-27,BULL_CALM,0.000826,BULL_CALM,0.0
2017-09-28,BULL_CALM,0.0007,BULL_CALM,0.0
2017-09-29,BULL_CALM,0.000965,BULL_CALM,0.0
2017-10-02,BULL_CALM,0.000887,BULL_CALM,0.0
2017-10-03,BULL_CALM,0.001239,BULL_CALM,0.0
2017-10-04,BULL_CALM,0.001117,BULL_CALM,0.0
2017-10-05,BULL_CALM,0.003207,BULL_CALM,0.0
2017-10-06,BULL_CALM,1.4e-05,BULL_CALM,0.0
2017-10-09,BULL_CALM,3.5e-05,BULL_CALM,0.0
2017-10-10,BULL_CALM,0.004183,BULL_CALM,0.0
2017-10-11,BULL_CALM,0.001948,BULL_CALM,0.0
2017-10-12,BULL_CALM,0.0,BULL_CALM,0.0
2017-10-13,BULL_CALM,0.0,BULL_CALM,0.0
2017-10-16,BULL_CALM,0.0,BULL_CALM,0.0
2017-10-17,BULL_CALM,0.0,BULL_CALM,0.0
2017-10-18,BULL_CALM,0.0,BULL_CALM,0.0
2017-10-19,BULL_CALM,0.0,BULL_CALM,0.0
2017-10-20,BULL_CALM,0.0,BULL_CALM,0.0
2017-10-23,BULL_CALM,0.0,BULL_CALM,0.0
2017-10-24,BULL_CALM,0.0,BULL_CALM,0.0
2017-10-25,BULL_CALM,0.0,BULL_CALM,0.0
2017-10-26,BULL_CALM,0.0,BULL_CALM,0.0
2017-10-27,BULL_CALM,0.0,BULL_CALM,0.0
2017-10-30,BULL_CALM,0.0,BULL_CALM,0.0
2017-10-31,BULL_CALM,0.0,BULL_CALM,0.0
2017-11-01,BULL_CALM,0.0,BULL_CALM,0.0
2017-11-02,BULL_CALM,0.0,BULL_CALM,0.0
2017-11-03,BULL_CALM,0.0,BULL_CALM,0.0
2017-11-06,BULL_CALM,0.0,BULL_CALM,0.0
2017-11-07,BULL_CALM,0.0,BULL_CALM,0.0
2017-11-08,BULL_CALM,0.0,BULL_CALM,0.0
2017-11-09,BULL_CALM,0.0,BULL_CALM,0.0
2017-11-10,BULL_CALM,0.0,BULL_CALM,0.0
2017-11-13,BULL_CALM,0.0,BULL_CALM,0.0
2017-11-14,BULL_CALM,2.8e-05,BULL_CALM,0.0
2017-11-15,BULL_CALM,0.000123,BULL_CALM,0.0
2017-11-16,BULL_CALM,2.2e-05,BULL_CALM,0.0
2017-11-17,BULL_CALM,2.8e-05,BULL_CALM,0.0
2017-11-20,BULL_CALM,3e-05,BULL_CALM,0.0
2017-11-21,BULL_CALM,1.9e-05,BULL_CALM,0.0
2017-11-22,BULL_CALM,4.2e-05,BULL_CALM,0.0
2017-11-24,BULL_CALM,9e-06,BULL_CALM,0.0
2017-11-27,BULL_CALM,1.3e-05,BULL_CALM,0.0
2017-11-28,BULL_CALM,0.0,BULL_CALM,0.0
2017-11-29,BULL_CALM,0.0,BULL_CALM,0.0
2017-11-30,BULL_CALM,3e-06,BULL_CALM,0.0
2017-12-01,BULL_CALM,1e-06,BULL_CALM,0.0
2017-12-04,BULL_CALM,0.0,BULL_CALM,0.0
2017-12-05,BULL_CALM,0.0,BULL_CALM,0.0
2017-12-06,BULL_CALM,0.0,BULL_CALM,0.0
2017-12-07,BULL_CALM,3e-06,BULL_CALM,0.0
2017-12-08,BULL_CALM,2e-06,BULL_CALM,0.0
2017-12-11,BULL_CALM,3e-06,BULL_CALM,0.0
2017-12-12,BULL_CALM,0.0,BULL_CALM,0.0
2017-12-13,BULL_CALM,0.0,BULL_CALM,0.0
2017-12-14,BULL_CALM,0.0,BULL_CALM,0.0
2017-12-15,BULL_CALM,0.0,BULL_CALM,0.0
2017-12-18,BULL_CALM,0.0,BULL_CALM,0.0
2017-12-19,BULL_CALM,0.0,BULL_CALM,0.0
2017-12-20,BULL_CALM,0.0,BULL_CALM,0.0
2017-12-21,BULL_CALM,0.0,BULL_CALM,0.0
2017-12-22,BULL_CALM,0.0,BULL_CALM,0.0
2017-12-26,BULL_CALM,0.0,BULL_CALM,0.0
2017-12-27,BULL_CALM,1e-06,BULL_CALM,0.0
2017-12-28,BULL_CALM,1e-06,BULL_CALM,0.0
2017-12-29,BULL_CALM,1e-06,BULL_CALM,0.0
2018-01-02,BULL_CALM,0.0,BULL_CALM,0.0
2018-01-03,BULL_CALM,0.0,BULL_CALM,0.0
2018-01-04,BULL_CALM,0.0,BULL_CALM,0.0
2018-01-05,BULL_CALM,3.6e-05,BULL_CALM,0.0
2018-01-08,BULL_CALM,0.000626,BULL_CALM,0.0
2018-01-09,BULL_CALM,1.1e-05,BULL_CALM,0.0
2018-01-10,BULL_CALM,0.003147,BULL_CALM,0.0
2018-01-11,BULL_CALM,0.0,BULL_CALM,0.0
2018-01-12,BULL_CALM,9e-06,BULL_CALM,0.0
2018-01-16,BULL_CALM,0.0,BULL_CALM,0.0
2018-01-17,BULL_CALM,0.0,BULL_CALM,0.0
2018-01-18,BULL_CALM,0.0,BULL_CALM,0.0
2018-01-19,BULL_CALM,0.0,BULL_CALM,0.0
2018-01-22,BULL_CALM,0.0,BULL_CALM,0.0
2018-01-23,BULL_CALM,0.0,BULL_CALM,2e-06
2018-01-24,BULL_CALM,0.0,BULL_CALM,3e-06
2018-01-25,BULL_CALM,0.0,BULL_CALM,2e-06
2018-01-26,BULL_CALM,0.0,BULL_CALM,0.0
2018-01-29,BULL_CALM,0.0,BULL_CALM,0.0
2018-01-30,BULL_CALM,0.0,BULL_CALM,0.0
2018-01-31,BULL_CALM,0.0,BULL_CALM,0.0
2018-02-01,BULL_CALM,0.0,BULL_CALM,0.0
2018-02-02,BULL_CALM,0.0,BULL_CALM,1e-06
2018-02-05,BULL_VOLATILE,0.0,BULL_VOLATILE,0.000364
2018-02-06,BULL_VOLATILE,0.0,BULL_VOLATILE,0.001348
2018-02-07,BULL_VOLATILE,0.0,BULL_VOLATILE,0.029284
2018-02-08,BULL_VOLATILE,0.0,BULL_VOLATILE,0.306852
2018-02-09,BULL_VOLATILE,0.0,BEAR,0.957478
2018-02-12,BULL_VOLATILE,0.0,BEAR,0.999878
2018-02-13,BULL_VOLATILE,0.0,BEAR,0.999766
2018-02-14,BULL_VOLATILE,0.0,BEAR,0.999511
2018-02-15,BULL_VOLATILE,0.0,BEAR,0.998535
2018-02-16,BULL_VOLATILE,0.0,BEAR,0.996703
2018-02-20,BULL_VOLATILE,0.0,BEAR,0.992519
2018-02-21,BULL_VOLATILE,8.6e-05,BEAR,0.980548
2018-02-22,BULL_VOLATILE,0.000288,BEAR,0.965213
2018-02-23,BULL_VOLATILE,6e-06,BEAR,0.97365
2018-02-26,BULL_VOLATILE,0.0,BEAR,0.910554
2018-02-27,BULL_VOLATILE,0.0,BEAR,0.547562
2018-02-28,BULL_VOLATILE,2.7e-05,BULL_VOLATILE,0.116493
2018-03-01,BULL_VOLATILE,1e-06,BULL_VOLATILE,0.007909
2018-03-02,BULL_VOLATILE,0.0,BULL_VOLATILE,0.001828
2018-03-05,BULL_VOLATILE,1.1e-05,BULL_VOLATILE,0.000886
2018-03-06,BULL_VOLATILE,1.3e-05,BULL_VOLATILE,0.000172
2018-03-07,BULL_VOLATILE,0.0002,BULL_VOLATILE,0.00016
2018-03-08,BULL_VOLATILE,0.002405,BULL_VOLATILE,0.000191
2018-03-09,BULL_VOLATILE,0.024877,BULL_VOLATILE,0.000122
2018-03-12,BULL_VOLATILE,0.016911,BULL_VOLATILE,9.9e-05
2018-03-13,BULL_VOLATILE,0.013918,BULL_VOLATILE,0.000123
2018-03-14,BULL_VOLATILE,0.006576,BULL_VOLATILE,0.000108
2018-03-15,BULL_VOLATILE,0.000368,BULL_VOLATILE,0.000214
2018-03-16,BULL_VOLATILE,0.00822,BULL_VOLATILE,0.000225
2018-03-19,BULL_VOLATILE,0.009034,BULL_VOLATILE,9.4e-05
2018-03-20,BULL_VOLATILE,0.01876,BULL_VOLATILE,0.000113
2018-03-21,BULL_VOLATILE,0.004839,BULL_VOLATILE,0.000116
2018-03-22,BULL_VOLATILE,0.003068,BULL_VOLATILE,9.7e-05
2018-03-23,BULL_VOLATILE,0.085411,BULL_VOLATILE,0.000422
2018-03-26,BULL_VOLATILE,0.01715,BULL_VOLATILE,0.001296
2018-03-27,BULL_VOLATILE,0.019153,BULL_VOLATILE,0.00094
2018-03-28,BULL_VOLATILE,0.020248,BULL_VOLATILE,0.001123
2018-03-29,BULL_VOLATILE,0.006578,BULL_VOLATILE,0.000874
2018-04-02,BULL_VOLATILE,0.008074,BULL_VOLATILE,0.000859
2018-04-03,BULL_VOLATILE,0.003335,BULL_VOLATILE,0.005501
2018-04-04,BULL_VOLATILE,0.006834,BULL_VOLATILE,0.00107
2018-04-05,BULL_VOLATILE,0.00377,BULL_VOLATILE,0.00033
2018-04-06,BULL_VOLATILE,0.001244,BULL_VOLATILE,0.000168
2018-04-09,BULL_VOLATILE,3e-06,BULL_VOLATILE,0.000179
2018-04-10,BULL_VOLATILE,0.000586,BULL_VOLATILE,5.2e-05
2018-04-11,BULL_VOLATILE,0.00372,BULL_VOLATILE,9.4e-05
2018-04-12,BULL_VOLATILE,0.0,BULL_VOLATILE,0.000159
2018-04-13,BULL_VOLATILE,0.0,BULL_VOLATILE,7.3e-05
2018-04-16,BULL_VOLATILE,0.0,BULL_VOLATILE,0.000272
2018-04-17,BULL_VOLATILE,8e-06,BULL_VOLATILE,0.000382
2018-04-18,BULL_VOLATILE,0.0,BULL_VOLATILE,0.000271
2018-04-19,BULL_VOLATILE,1.9e-05,BULL_VOLATILE,0.00015
2018-04-20,BULL_VOLATILE,0.0,BULL_VOLATILE,0.000177
2018-04-23,BULL_VOLATILE,1e-06,BULL_VOLATILE,0.000141
2018-04-24,BULL_VOLATILE,0.000415,BULL_VOLATILE,7.4e-05
2018-04-25,BULL_VOLATILE,0.000771,BULL_VOLATILE,6e-05
2018-04-26,BULL_VOLATILE,0.000528,BULL_VOLATILE,8.5e-05
2018-04-27,BULL_VOLATILE,0.000965,BULL_VOLATILE,0.00012
2018-04-30,BULL_VOLATILE,0.002442,BULL_VOLATILE,0.000102
2018-05-01,BULL_VOLATILE,0.003692,BULL_VOLATILE,9.9e-05
2018-05-02,BULL_VOLATILE,0.000992,BULL_VOLATILE,6.9e-05
2018-05-03,BULL_VOLATILE,0.003068,BULL_VOLATILE,5.3e-05
2018-05-04,BULL_CALM,0.00159,BULL_VOLATILE,0.00011
2018-05-07,BULL_CALM,0.001532,BULL_VOLATILE,0.000126
2018-05-08,BULL_CALM,0.001321,BULL_VOLATILE,0.000191
2018-05-09,BULL_CALM,0.002011,BULL_CALM,8.6e-05
2018-05-10,BULL_CALM,0.002398,BULL_CALM,3.1e-05
2018-05-11,BULL_CALM,0.004849,BULL_CALM,1e-05
2018-05-14,BULL_CALM,1.4e-05,BULL_CALM,5e-06
2018-05-15,BULL_CALM,0.000762,BULL_CALM,2e-06
2018-05-16,BULL_VOLATILE,0.005906,BULL_CALM,3e-06
2018-05-17,BULL_VOLATILE,0.005961,BULL_CALM,2e-06
2018-05-18,BULL_CALM,0.00171,BULL_CALM,2e-06
2018-05-21,BULL_CALM,0.000264,BULL_CALM,2e-06
2018-05-22,BULL_CALM,0.0004,BULL_CALM,3e-06
2018-05-23,BULL_CALM,1.9e-05,BULL_CALM,1e-05
2018-05-24,BULL_CALM,0.000691,BULL_CALM,1.1e-05
2018-05-25,BULL_CALM,0.00076,BULL_CALM,0.0
2018-05-29,BULL_CALM,0.004212,BULL_CALM,0.0
2018-05-30,BULL_CALM,0.000165,BULL_CALM,0.0
2018-05-31,BULL_CALM,0.000156,BULL_CALM,0.0
2018-06-01,BULL_CALM,9e-06,BULL_CALM,0.0
2018-06-04,BULL_CALM,1e-06,BULL_CALM,0.0
2018-06-05,BULL_CALM,7.3e-05,BULL_CALM,0.0
2018-06-06,BULL_CALM,7e-05,BULL_CALM,0.0
2018-06-07,BULL_CALM,2e-06,BULL_CALM,0.0
2018-06-08,BULL_CALM,0.0,BULL_CALM,0.0
2018-06-11,BULL_CALM,0.0,BULL_CALM,0.0
2018-06-12,BULL_CALM,0.0,BULL_CALM,0.0
2018-06-13,BULL_CALM,0.0,BULL_CALM,0.0
2018-06-14,BULL_CALM,0.0,BULL_CALM,0.0
2018-06-15,BULL_CALM,0.0,BULL_CALM,0.0
2018-06-18,BULL_CALM,0.0,BULL_CALM,0.0
2018-06-19,BULL_CALM,1.7e-05,BULL_CALM,0.0
2018-06-20,BULL_CALM,2.6e-05,BULL_CALM,0.0
2018-06-21,BULL_CALM,8.2e-05,BULL_CALM,0.0
2018-06-22,BULL_CALM,2.9e-05,BULL_CALM,0.0
2018-06-25,BULL_VOLATILE,0.000121,BULL_CALM,0.0
2018-06-26,BULL_VOLATILE,1.5e-05,BULL_VOLATILE,3e-06
2018-06-27,BULL_VOLATILE,3e-06,BULL_VOLATILE,8e-06
2018-06-28,BULL_VOLATILE,1e-06,BULL_VOLATILE,6e-06
2018-06-29,BULL_CALM,0.0,BULL_VOLATILE,3.8e-05
2018-07-02,BULL_CALM,0.0,BULL_VOLATILE,7.7e-05
2018-07-03,BULL_CALM,0.0,BULL_VOLATILE,6.7e-05
2018-07-05,BULL_CALM,0.0,BULL_VOLATILE,7.5e-05
2018-07-06,BULL_CALM,1e-06,BULL_CALM,4.2e-05
2018-07-09,BULL_CALM,9.2e-05,BULL_CALM,2e-06
2018-07-10,BULL_CALM,9.8e-05,BULL_CALM,0.0
2018-07-11,BULL_CALM,0.000139,BULL_CALM,0.0
2018-07-12,BULL_CALM,0.0,BULL_CALM,0.0
2018-07-13,BULL_CALM,0.0,BULL_CALM,0.0
2018-07-16,BULL_CALM,0.0,BULL_CALM,0.0
2018-07-17,BULL_CALM,0.0,BULL_CALM,0.0
2018-07-18,BULL_CALM,0.0,BULL_CALM,0.0
2018-07-19,BULL_CALM,0.0,BULL_CALM,0.0
2018-07-20,BULL_CALM,0.0,BULL_CALM,0.0
2018-07-23,BULL_CALM,0.0,BULL_CALM,0.0
2018-07-24,BULL_CALM,4e-06,BULL_CALM,0.0
2018-07-25,BULL_CALM,6e-06,BULL_CALM,0.0
2018-07-26,BULL_CALM,0.000414,BULL_CALM,0.0
2018-07-27,BULL_CALM,0.000917,BULL_CALM,0.0
2018-07-30,BULL_CALM,0.00182,BULL_CALM,0.0
2018-07-31,BULL_CALM,0.00129,BULL_CALM,0.0
2018-08-01,BULL_CALM,0.002667,BULL_CALM,0.0
2018-08-02,BULL_CALM,0.0,BULL_CALM,0.0
2018-08-03,BULL_CALM,0.0,BULL_CALM,0.0
2018-08-06,BULL_CALM,0.0,BULL_CALM,0.0
2018-08-07,BULL_CALM,0.0,BULL_CALM,0.0
2018-08-08,BULL_CALM,1e-06,BULL_CALM,0.0
2018-08-09,BULL_CALM,0.0,BULL_CALM,0.0
2018-08-10,BULL_CALM,3e-06,BULL_CALM,0.0
2018-08-13,BULL_CALM,1e-06,BULL_CALM,0.0
2018-08-14,BULL_CALM,2e-06,BULL_CALM,0.0
2018-08-15,BULL_CALM,8e-06,BULL_CALM,0.0
2018-08-16,BULL_CALM,0.000396,BULL_CALM,0.0
2018-08-17,BULL_CALM,0.000268,BULL_CALM,0.0
2018-08-20,BULL_CALM,0.000155,BULL_CALM,0.0
2018-08-21,BULL_CALM,0.000203,BULL_CALM,0.0
2018-08-22,BULL_CALM,0.000731,BULL_CALM,0.0
2018-08-23,BULL_CALM,0.000298,BULL_CALM,0.0
2018-08-24,BULL_CALM,0.000186,BULL_CALM,0.0
2018-08-27,BULL_CALM,0.000683,BULL_CALM,0.0
2018-08-28,BULL_CALM,0.000541,BULL_CALM,0.0
2018-08-29,BULL_CALM,0.00052,BULL_CALM,0.0
2018-08-30,BULL_CALM,2.9e-05,BULL_CALM,0.0
2018-08-31,BULL_CALM,0.0,BULL_CALM,0.0
2018-09-04,BULL_CALM,0.0,BULL_CALM,0.0
2018-09-05,BULL_CALM,0.0,BULL_CALM,0.0
2018-09-06,BULL_CALM,0.000172,BULL_CALM,0.0
2018-09-07,BULL_CALM,0.000304,BULL_CALM,0.0
2018-09-10,BULL_CALM,0.000109,BULL_CALM,0.0
2018-09-11,BULL_CALM,2.6e-05,BULL_CALM,0.0
2018-09-12,BULL_CALM,0.000923,BULL_CALM,0.0
2018-09-13,BULL_CALM,0.011863,BULL_CALM,0.0
2018-09-14,BULL_CALM,0.007078,BULL_CALM,0.0
2018-09-17,BULL_CALM,0.001556,BULL_CALM,0.0
2018-09-18,BULL_CALM,0.000132,BULL_CALM,0.0
2018-09-19,BULL_CALM,0.0,BULL_CALM,0.0
2018-09-20,BULL_CALM,0.0,BULL_CALM,0.0
2018-09-21,BULL_CALM,0.0,BULL_CALM,0.0
2018-09-24,BULL_CALM,0.0,BULL_CALM,0.0
2018-09-25,BULL_CALM,1e-06,BULL_CALM,0.0
2018-09-26,BULL_CALM,0.000275,BULL_CALM,0.0
2018-09-27,BULL_CALM,0.000783,BULL_CALM,0.0
2018-09-28,BULL_CALM,0.000534,BULL_CALM,0.0
2018-10-01,BULL_CALM,0.000675,BULL_CALM,0.0
2018-10-02,BULL_CALM,0.000405,BULL_CALM,0.0
2018-10-03,BULL_CALM,0.000376,BULL_CALM,0.0
2018-10-04,BULL_CALM,0.000199,BULL_CALM,0.0
2018-10-05,BULL_CALM,0.003576,BULL_CALM,0.0
2018-10-08,BULL_CALM,0.002188,BULL_CALM,0.0
2018-10-09,BULL_CALM,0.002264,BULL_CALM,0.0
2018-10-10,BULL_VOLATILE,0.007408,BULL_VOLATILE,8e-06
2018-10-11,BULL_VOLATILE,0.14474,BULL_VOLATILE,0.000235
2018-10-12,BULL_VOLATILE,0.028466,BULL_VOLATILE,0.002487
2018-10-15,BULL_VOLATILE,0.004977,BULL_VOLATILE,0.003726
2018-10-16,BULL_VOLATILE,0.006891,BULL_VOLATILE,0.001112
2018-10-17,BULL_VOLATILE,0.004659,BULL_VOLATILE,0.000697
2018-10-18,BULL_VOLATILE,0.00279,BULL_VOLATILE,0.000774
2018-10-19,BULL_VOLATILE,2e-06,BULL_VOLATILE,0.000821
2018-10-22,BULL_VOLATILE,4e-06,BULL_VOLATILE,0.000924
2018-10-23,BULL_VOLATILE,0.0,BULL_VOLATILE,0.001084
2018-10-24,BULL_VOLATILE,1e-06,BULL_VOLATILE,0.000621
2018-10-25,BULL_VOLATILE,0.0,BULL_VOLATILE,0.002461
2018-10-26,BULL_VOLATILE,0.0,BULL_VOLATILE,0.000687
2018-10-29,BULL_VOLATILE,0.0,BULL_VOLATILE,0.005753
2018-10-30,BULL_VOLATILE,0.0,BULL_VOLATILE,0.013375
2018-10-31,BULL_VOLATILE,0.0,BULL_VOLATILE,0.000575
2018-11-01,BULL_VOLATILE,0.0,BULL_VOLATILE,0.000254
2018-11-02,BULL_VOLATILE,0.0,BULL_VOLATILE,0.000223
2018-11-05,BULL_VOLATILE,0.0,BULL_VOLATILE,0.000247
2018-11-06,BULL_VOLATILE,0.0,BULL_VOLATILE,0.000312
2018-11-07,BULL_VOLATILE,0.0,BULL_VOLATILE,0.001932
2018-11-08,BULL_VOLATILE,0.0,BULL_VOLATILE,0.000543
2018-11-09,BULL_VOLATILE,0.0,BULL_VOLATILE,0.001011
2018-11-12,BULL_VOLATILE,0.0,BULL_VOLATILE,0.000374
2018-11-13,BULL_VOLATILE,0.0,BULL_VOLATILE,0.000237
2018-11-14,BULL_VOLATILE,0.0,BULL_VOLATILE,0.000128
2018-11-15,BULL_VOLATILE,0.0,BULL_VOLATILE,0.000193
2018-11-16,BULL_VOLATILE,0.0,BULL_VOLATILE,0.000226
2018-11-19,BULL_VOLATILE,0.0,BULL_VOLATILE,0.000117
2018-11-20,BULL_VOLATILE,0.015193,BULL_VOLATILE,0.00024
2018-11-21,BULL_VOLATILE,0.053041,BULL_VOLATILE,0.000236
2018-11-23,BULL_VOLATILE,0.058008,BULL_VOLATILE,0.000296
2018-11-26,BULL_VOLATILE,0.004168,BULL_VOLATILE,0.000144
2018-11-27,BULL_VOLATILE,0.013658,BULL_VOLATILE,0.000114
2018-11-28,BULL_VOLATILE,0.008059,BULL_VOLATILE,0.000139
2018-11-29,BULL_VOLATILE,0.006193,BULL_VOLATILE,0.000152
2018-11-30,BULL_VOLATILE,0.011024,BULL_VOLATILE,0.000109
2018-12-03,BULL_VOLATILE,0.005116,BULL_VOLATILE,0.000165
2018-12-04,BULL_VOLATILE,0.005037,BULL_VOLATILE,0.000142
2018-12-06,BULL_VOLATILE,0.009095,BULL_VOLATILE,0.00024
2018-12-07,BULL_VOLATILE,0.008281,BULL_VOLATILE,0.000108
2018-12-10,BULL_VOLATILE,0.005578,BULL_VOLATILE,0.000136
2018-12-11,BULL_VOLATILE,0.003367,BULL_VOLATILE,0.000323
2018-12-12,BULL_VOLATILE,0.00024,BULL_VOLATILE,0.000341
2018-12-13,BULL_VOLATILE,0.000554,BULL_VOLATILE,0.000361
2018-12-14,BULL_VOLATILE,0.001269,BULL_VOLATILE,0.00047
2018-12-17,BULL_VOLATILE,0.113613,BULL_VOLATILE,0.001684
2018-12-18,BULL_VOLATILE,0.022715,BULL_VOLATILE,0.143224
2018-12-19,BULL_VOLATILE,0.117271,BEAR,0.518179
2018-12-20,BULL_VOLATILE,0.27517,BEAR,0.999278
2018-12-21,BULL_VOLATILE,0.492973,BEAR,1.0
2018-12-24,BEAR,0.846017,BEAR,1.0
2018-12-26,BEAR,0.659739,BEAR,1.0
2018-12-27,BULL_VOLATILE,0.255388,BEAR,1.0
2018-12-28,BULL_VOLATILE,0.169139,BEAR,0.999999
2018-12-31,BULL_VOLATILE,0.01792,BEAR,0.999973
2019-01-02,BULL_VOLATILE,0.0788,BEAR,0.999926
2019-01-03,BULL_VOLATILE,0.237864,BEAR,0.999969
2019-01-04,BULL_VOLATILE,0.102779,BEAR,0.999934
2019-01-07,BULL_VOLATILE,0.007947,BEAR,0.998115
2019-01-08,BULL_VOLATILE,0.000285,BEAR,0.997586
2019-01-09,BULL_VOLATILE,1e-06,BEAR,0.999718
2019-01-10,BULL_VOLATILE,1e-06,BEAR,0.988716
2019-01-11,BULL_VOLATILE,1e-06,BEAR,0.981678
2019-01-14,BULL_VOLATILE,0.0,BEAR,0.973488
2019-01-15,BULL_VOLATILE,2e-06,BEAR,0.971103
2019-01-16,BULL_VOLATILE,0.034388,BEAR,0.978792
2019-01-17,BULL_VOLATILE,0.136165,BEAR,0.989042
2019-01-18,BULL_VOLATILE,0.11508,BEAR,0.884468
2019-01-22,BULL_VOLATILE,0.059202,BEAR,0.728719
2019-01-23,BULL_VOLATILE,0.009507,BULL_VOLATILE,0.316583
2019-01-24,BULL_VOLATILE,0.005964,BULL_VOLATILE,0.04771
2019-01-25,BULL_VOLATILE,0.001597,BULL_VOLATILE,0.002538
2019-01-28,BULL_VOLATILE,0.001544,BULL_VOLATILE,6.6e-05
2019-01-29,BULL_VOLATILE,0.001474,BULL_VOLATILE,6.5e-05
2019-01-30,BULL_VOLATILE,4.9e-05,BULL_VOLATILE,6.8e-05
2019-01-31,BULL_VOLATILE,0.0,BULL_VOLATILE,0.000176
2019-02-01,BULL_CALM,0.0,BULL_VOLATILE,0.000137
2019-02-04,BULL_CALM,0.0,BULL_VOLATILE,0.000371
2019-02-05,BULL_CALM,0.0,BULL_VOLATILE,0.000469
2019-02-06,BULL_CALM,0.0,BULL_CALM,0.000262
2019-02-07,BULL_CALM,0.0,BULL_CALM,6.5e-05
2019-02-08,BULL_CALM,0.0,BULL_CALM,1.7e-05
2019-02-11,BULL_CALM,0.0,BULL_CALM,1e-05
2019-02-12,BULL_CALM,0.0,BULL_CALM,6.1e-05
2019-02-13,BULL_CALM,0.0,BULL_CALM,2e-05
2019-02-14,BULL_CALM,0.0,BULL_CALM,8e-06
2019-02-15,BULL_CALM,0.0,BULL_CALM,6e-06
2019-02-19,BULL_CALM,0.0,BULL_CALM,4e-06
2019-02-20,BULL_CALM,0.0,BULL_CALM,2e-06
2019-02-21,BULL_CALM,0.0,BULL_CALM,0.0
2019-02-22,BULL_CALM,0.0,BULL_CALM,0.0
2019-02-25,BULL_CALM,0.0,BULL_CALM,0.0
2019-02-26,BULL_CALM,0.0,BULL_CALM,0.0
2019-02-27,BULL_CALM,0.0,BULL_CALM,0.0
2019-02-28,BULL_CALM,2e-06,BULL_CALM,0.0
2019-03-01,BULL_CALM,0.0,BULL_CALM,0.0
2019-03-04,BULL_CALM,0.0,BULL_CALM,0.0
2019-03-05,BULL_CALM,0.0,BULL_CALM,0.0
2019-03-06,BULL_CALM,0.0,BULL_CALM,0.0
2019-03-07,BULL_CALM,3e-06,BULL_CALM,0.0
2019-03-08,BULL_CALM,1.2e-05,BULL_CALM,0.0
2019-03-11,BULL_CALM,2.3e-05,BULL_CALM,0.0
2019-03-12,BULL_CALM,0.000191,BULL_CALM,0.0
2019-03-13,BULL_CALM,0.000609,BULL_CALM,0.0
2019-03-14,BULL_CALM,0.000324,BULL_CALM,0.0
2019-03-15,BULL_CALM,0.000412,BULL_CALM,0.0
2019-03-18,BULL_CALM,0.000603,BULL_CALM,0.0
2019-03-19,BULL_CALM,0.00011,BULL_CALM,0.0
2019-03-20,BULL_CALM,5.8e-05,BULL_CALM,0.0
2019-03-21,BULL_CALM,9e-06,BULL_CALM,0.0
2019-03-22,BULL_CALM,0.000259,BULL_CALM,0.0
2019-03-25,BULL_CALM,0.000321,BULL_CALM,0.0
2019-03-26,BULL_CALM,0.000406,BULL_CALM,0.0
2019-03-27,BULL_CALM,8.4e-05,BULL_CALM,1e-06
2019-03-28,BULL_CALM,9e-06,BULL_CALM,1e-06
2019-03-29,BULL_CALM,0.000362,BULL_CALM,0.0
2019-04-01,BULL_CALM,0.000576,BULL_CALM,1e-06
2019-04-02,BULL_CALM,0.000735,BULL_CALM,1e-06
2019-04-03,BULL_CALM,0.000441,BULL_CALM,2e-06
2019-04-04,BULL_CALM,0.000117,BULL_CALM,0.0
2019-04-05,BULL_CALM,1.5e-05,BULL_CALM,1e-06
2019-04-08,BULL_CALM,0.0,BULL_CALM,5e-06
2019-04-09,BULL_CALM,5e-06,BULL_CALM,0.0
2019-04-10,BULL_CALM,0.0,BULL_CALM,0.0
2019-04-11,BULL_CALM,0.0,BULL_CALM,0.0
2019-04-12,BULL_CALM,0.0,BULL_CALM,0.0
2019-04-15,BULL_CALM,0.0,BULL_CALM,0.0
2019-04-16,BULL_CALM,0.0,BULL_CALM,0.0
2019-04-17,BULL_CALM,0.0,BULL_CALM,0.0
2019-04-18,BULL_CALM,0.0,BULL_CALM,0.0
2019-04-22,BULL_CALM,0.0,BULL_CALM,0.0
2019-04-23,BULL_CALM,0.0,BULL_CALM,0.0
2019-04-24,BULL_CALM,0.0,BULL_CALM,0.0
2019-04-25,BULL_CALM,0.0,BULL_CALM,0.0
2019-04-26,BULL_CALM,0.0,BULL_CALM,0.0
2019-04-29,BULL_CALM,0.0,BULL_CALM,0.0
2019-04-30,BULL_CALM,0.0,BULL_CALM,0.0
2019-05-01,BULL_CALM,0.0,BULL_CALM,0.0
2019-05-02,BULL_CALM,0.0,BULL_CALM,0.0
2019-05-03,BULL_CALM,0.0,BULL_CALM,0.0
2019-05-06,BULL_CALM,0.0,BULL_CALM,0.0
2019-05-07,BULL_CALM,0.0,BULL_CALM,0.0
2019-05-08,BULL_CALM,0.0,BULL_CALM,0.0
2019-05-09,BULL_CALM,0.0,BULL_CALM,0.0
2019-05-10,BULL_CALM,0.0,BULL_CALM,1.3e-05
2019-05-13,BULL_VOLATILE,0.0,BULL_VOLATILE,5.9e-05
2019-05-14,BULL_VOLATILE,0.0,BULL_VOLATILE,3.5e-05
2019-05-15,BULL_VOLATILE,5.9e-05,BULL_VOLATILE,5e-05
2019-05-16,BULL_VOLATILE,5.5e-05,BULL_VOLATILE,6.7e-05
2019-05-17,BULL_VOLATILE,1.5e-05,BULL_VOLATILE,5.3e-05
2019-05-20,BULL_VOLATILE,0.002636,BULL_VOLATILE,5.5e-05
2019-05-21,BULL_VOLATILE,0.000601,BULL_VOLATILE,6e-05
2019-05-22,BULL_VOLATILE,0.001181,BULL_VOLATILE,4.2e-05
2019-05-23,BULL_VOLATILE,0.002064,BULL_VOLATILE,3.3e-05
2019-05-24,BULL_VOLATILE,0.000905,BULL_VOLATILE,2.7e-05
2019-05-28,BULL_VOLATILE,1.9e-05,BULL_VOLATILE,2.4e-05
2019-05-29,BULL_VOLATILE,4.4e-05,BULL_VOLATILE,3.4e-05
2019-05-30,BULL_VOLATILE,0.0,BULL_VOLATILE,7.1e-05
2019-05-31,BULL_VOLATILE,0.0,BULL_VOLATILE,4.5e-05
2019-06-03,BULL_VOLATILE,0.0,BULL_VOLATILE,2.3e-05
2019-06-04,BULL_VOLATILE,3e-06,BULL_VOLATILE,5.2e-05
2019-06-05,BULL_VOLATILE,4.3e-05,BULL_VOLATILE,8.2e-05
2019-06-06,BULL_VOLATILE,0.002448,BULL_VOLATILE,9e-05
2019-06-07,BULL_VOLATILE,0.003463,BULL_VOLATILE,0.000136
2019-06-10,BULL_VOLATILE,0.001925,BULL_VOLATILE,0.000147
2019-06-11,BULL_VOLATILE,0.010227,BULL_VOLATILE,0.000361
2019-06-12,BULL_VOLATILE,0.005929,BULL_VOLATILE,0.000512
2019-06-13,BULL_VOLATILE,0.000535,BULL_VOLATILE,0.000691
2019-06-14,BULL_VOLATILE,0.010349,BULL_VOLATILE,0.001465
2019-06-17,BULL_VOLATILE,0.003166,BULL_VOLATILE,0.001843
2019-06-18,BULL_VOLATILE,0.00038,BULL_VOLATILE,0.001284
2019-06-19,BULL_CALM,0.000339,BULL_VOLATILE,0.000943
2019-06-20,BULL_CALM,1.2e-05,BULL_VOLATILE,0.001831
2019-06-21,BULL_CALM,0.0,BULL_VOLATILE,0.00632
2019-06-24,BULL_CALM,0.000526,BULL_VOLATILE,0.001239
2019-06-25,BULL_CALM,0.002493,BULL_VOLATILE,0.000204
2019-06-26,BULL_CALM,0.004082,BULL_VOLATILE,0.000153
2019-06-27,BULL_CALM,0.00264,BULL_VOLATILE,0.000115
2019-06-28,BULL_CALM,0.000288,BULL_VOLATILE,0.000142
2019-07-01,BULL_CALM,0.001144,BULL_CALM,0.000205
2019-07-02,BULL_CALM,0.0,BULL_CALM,8e-06
2019-07-03,BULL_CALM,0.0,BULL_CALM,0.0
2019-07-05,BULL_CALM,0.0,BULL_CALM,0.0
2019-07-08,BULL_CALM,0.0,BULL_CALM,0.0
2019-07-09,BULL_CALM,0.0,BULL_CALM,0.0
2019-07-10,BULL_CALM,0.0,BULL_CALM,0.0
2019-07-11,BULL_CALM,0.0,BULL_CALM,0.0
2019-07-12,BULL_CALM,0.0,BULL_CALM,0.0
2019-07-15,BULL_CALM,0.0,BULL_CALM,0.0
2019-07-16,BULL_CALM,0.0,BULL_CALM,0.0
2019-07-17,BULL_CALM,0.0,BULL_CALM,0.0
2019-07-18,BULL_CALM,2.1e-05,BULL_CALM,0.0
2019-07-19,BULL_CALM,0.0,BULL_CALM,0.0
2019-07-22,BULL_CALM,0.0,BULL_CALM,0.0
2019-07-23,BULL_CALM,0.0,BULL_CALM,0.0
2019-07-24,BULL_CALM,0.0,BULL_CALM,0.0
2019-07-25,BULL_CALM,0.0,BULL_CALM,0.0
2019-07-26,BULL_CALM,0.0,BULL_CALM,0.0
2019-07-29,BULL_CALM,0.0,BULL_CALM,0.0
2019-07-30,BULL_CALM,0.0,BULL_CALM,0.0
2019-07-31,BULL_CALM,2e-06,BULL_CALM,0.0
2019-08-01,BULL_CALM,3e-05,BULL_CALM,0.0
2019-08-02,BULL_CALM,0.0,BULL_CALM,0.0
2019-08-05,BULL_VOLATILE,2.5e-05,BULL_VOLATILE,1.1e-05
2019-08-06,BULL_VOLATILE,4.5e-05,BULL_VOLATILE,0.00052
2019-08-07,BULL_VOLATILE,0.000963,BULL_VOLATILE,0.00056
2019-08-08,BULL_VOLATILE,0.000966,BULL_VOLATILE,0.000223
2019-08-09,BULL_VOLATILE,0.000891,BULL_VOLATILE,0.000199
2019-08-12,BULL_VOLATILE,0.00026,BULL_VOLATILE,0.000237
2019-08-13,BULL_VOLATILE,0.0,BULL_VOLATILE,0.000141
2019-08-14,BULL_VOLATILE,0.0,BULL_VOLATILE,8.3e-05
2019-08-15,BULL_VOLATILE,0.0,BULL_VOLATILE,8.1e-05
2019-08-16,BULL_VOLATILE,0.0,BULL_VOLATILE,8.2e-05
2019-08-19,BULL_VOLATILE,2.7e-05,BULL_VOLATILE,0.000236
2019-08-20,BULL_VOLATILE,0.0,BULL_VOLATILE,6.9e-05
2019-08-21,BULL_VOLATILE,0.0,BULL_VOLATILE,0.000103
2019-08-22,BULL_VOLATILE,0.0,BULL_VOLATILE,5.5e-05
2019-08-23,BULL_VOLATILE,0.0,BULL_VOLATILE,9.7e-05
2019-08-26,BULL_VOLATILE,0.0,BULL_VOLATILE,0.000119
2019-08-27,BULL_VOLATILE,0.0,BULL_VOLATILE,7.1e-05
2019-08-28,BULL_VOLATILE,2.2e-05,BULL_VOLATILE,0.00023
2019-08-29,BULL_VOLATILE,1.2e-05,BULL_VOLATILE,0.001222
2019-08-30,BULL_VOLATILE,1e-06,BULL_VOLATILE,0.000555
2019-09-03,BULL_VOLATILE,0.000209,BULL_VOLATILE,0.000105
2019-09-04,BULL_VOLATILE,1e-05,BULL_VOLATILE,6.4e-05
2019-09-05,BULL_VOLATILE,2.2e-05,BULL_VOLATILE,0.000206
2019-09-06,BULL_VOLATILE,0.00199,BULL_VOLATILE,0.000115
2019-09-09,BULL_VOLATILE,0.003389,BULL_VOLATILE,0.000395
2019-09-10,BULL_VOLATILE,0.002779,BULL_VOLATILE,0.000118
2019-09-11,BULL_VOLATILE,0.002787,BULL_VOLATILE,0.000337
2019-09-12,BULL_VOLATILE,0.003487,BULL_VOLATILE,0.000457
2019-09-13,BULL_VOLATILE,0.00092,BULL_VOLATILE,0.00037
2019-09-16,BULL_VOLATILE,0.000355,BULL_VOLATILE,0.000265
2019-09-17,BULL_VOLATILE,0.000757,BULL_VOLATILE,0.000423
2019-09-18,BULL_CALM,0.000462,BULL_VOLATILE,0.000309
2019-09-19,BULL_CALM,0.000909,BULL_VOLATILE,0.000143
2019-09-20,BULL_VOLATILE,0.000869,BULL_VOLATILE,0.000109
2019-09-23,BULL_CALM,0.001316,BULL_VOLATILE,0.00031
2019-09-24,BULL_CALM,0.003604,BULL_CALM,0.000115
2019-09-25,BULL_CALM,0.002038,BULL_CALM,6e-06
2019-09-26,BULL_CALM,0.003332,BULL_CALM,0.0
2019-09-27,BULL_VOLATILE,0.004559,BULL_CALM,0.0
2019-09-30,BULL_CALM,0.00242,BULL_CALM,0.0
2019-10-01,BULL_VOLATILE,0.003235,BULL_CALM,0.0
2019-10-02,BULL_VOLATILE,1e-06,BULL_VOLATILE,8.8e-05
2019-10-03,BULL_VOLATILE,0.0,BULL_VOLATILE,0.000234
2019-10-04,BULL_VOLATILE,1e-06,BULL_VOLATILE,0.000447
2019-10-07,BULL_VOLATILE,0.0,BULL_VOLATILE,0.000392
2019-10-08,BULL_VOLATILE,0.000274,BULL_VOLATILE,0.000261
2019-10-09,BULL_VOLATILE,3e-06,BULL_VOLATILE,0.000222
2019-10-10,BULL_VOLATILE,0.001008,BULL_VOLATILE,0.000133
2019-10-11,BULL_VOLATILE,0.001622,BULL_VOLATILE,0.000127
2019-10-14,BULL_VOLATILE,0.0,BULL_VOLATILE,0.000112
2019-10-15,BULL_CALM,0.0,BULL_VOLATILE,0.000164
2019-10-16,BULL_CALM,0.0,BULL_VOLATILE,0.000335
2019-10-17,BULL_CALM,0.0,BULL_VOLATILE,0.000188
2019-10-18,BULL_CALM,0.0,BULL_VOLATILE,0.000131
2019-10-21,BULL_CALM,0.0,BULL_VOLATILE,0.00014
2019-10-22,BULL_CALM,0.0,BULL_VOLATILE,0.000287
2019-10-23,BULL_CALM,0.0,BULL_VOLATILE,9.7e-05
2019-10-24,BULL_CALM,0.000148,BULL_VOLATILE,7.4e-05
2019-10-25,BULL_CALM,0.000722,BULL_VOLATILE,3.1e-05
2019-10-28,BULL_CALM,6.9e-05,BULL_VOLATILE,1.6e-05
2019-10-29,BULL_CALM,7e-06,BULL_VOLATILE,1e-05
2019-10-30,BULL_CALM,9.3e-05,BULL_CALM,2e-06
2019-10-31,BULL_CALM,0.000166,BULL_CALM,0.0
2019-11-01,BULL_CALM,0.000516,BULL_CALM,0.0
2019-11-04,BULL_CALM,1.6e-05,BULL_CALM,0.0
2019-11-05,BULL_CALM,4e-06,BULL_CALM,0.0
2019-11-06,BULL_CALM,0.0,BULL_CALM,0.0
2019-11-07,BULL_CALM,0.0,BULL_CALM,0.0
2019-11-08,BULL_CALM,0.0,BULL_CALM,0.0
2019-11-11,BULL_CALM,0.0,BULL_CALM,0.0
2019-11-12,BULL_CALM,0.0,BULL_CALM,0.0
2019-11-13,BULL_CALM,0.0,BULL_CALM,0.0
2019-11-14,BULL_CALM,0.0,BULL_CALM,0.0
2019-11-15,BULL_CALM,0.0,BULL_CALM,0.0
2019-11-18,BULL_CALM,0.0,BULL_CALM,0.0
2019-11-19,BULL_CALM,0.0,BULL_CALM,0.0
2019-11-20,BULL_CALM,0.0,BULL_CALM,0.0
2019-11-21,BULL_CALM,0.0,BULL_CALM,0.0
2019-11-22,BULL_CALM,0.0,BULL_CALM,0.0
2019-11-25,BULL_CALM,0.0,BULL_CALM,0.0
2019-11-26,BULL_CALM,0.0,BULL_CALM,0.0
2019-11-27,BULL_CALM,0.0,BULL_CALM,0.0
2019-11-29,BULL_CALM,0.0,BULL_CALM,0.0
2019-12-02,BULL_CALM,0.0,BULL_CALM,0.0
2019-12-03,BULL_CALM,0.0,BULL_CALM,0.0
2019-12-04,BULL_CALM,0.0,BULL_CALM,0.0
2019-12-05,BULL_CALM,0.0,BULL_CALM,0.0
2019-12-06,BULL_CALM,0.0,BULL_CALM,0.0
2019-12-09,BULL_CALM,0.0,BULL_CALM,0.0
2019-12-10,BULL_CALM,0.0,BULL_CALM,0.0
2019-12-11,BULL_CALM,0.001586,BULL_CALM,0.0
2019-12-12,BULL_CALM,0.002885,BULL_CALM,0.0
2019-12-13,BULL_CALM,0.001245,BULL_CALM,0.0
2019-12-16,BULL_CALM,2e-06,BULL_CALM,0.0
2019-12-17,BULL_CALM,2e-06,BULL_CALM,0.0
2019-12-18,BULL_CALM,0.0,BULL_CALM,0.0
2019-12-19,BULL_CALM,0.0,BULL_CALM,0.0
2019-12-20,BULL_CALM,0.001672,BULL_CALM,0.0
2019-12-23,BULL_CALM,9e-06,BULL_CALM,0.0
2019-12-24,BULL_CALM,0.000537,BULL_CALM,0.0
2019-12-26,BULL_CALM,0.000107,BULL_CALM,0.0
2019-12-27,BULL_CALM,5.3e-05,BULL_CALM,0.0
2019-12-30,BULL_CALM,3.9e-05,BULL_CALM,0.0
2019-12-31,BULL_CALM,0.0,BULL_CALM,0.0
2020-01-02,BULL_CALM,0.0,BULL_CALM,0.0
2020-01-03,BULL_CALM,0.0,BULL_CALM,0.0
2020-01-06,BULL_CALM,0.0,BULL_CALM,0.0
2020-01-07,BULL_CALM,0.0,BULL_CALM,0.0
2020-01-08,BULL_CALM,0.0,BULL_CALM,0.0
2020-01-09,BULL_CALM,0.0,BULL_CALM,0.0
2020-01-10,BULL_CALM,0.0,BULL_CALM,0.0
2020-01-13,BULL_CALM,0.0,BULL_CALM,0.0
2020-01-14,BULL_CALM,0.0,BULL_CALM,0.0
2020-01-15,BULL_CALM,0.0,BULL_CALM,0.0
2020-01-16,BULL_CALM,0.0,BULL_CALM,0.0
2020-01-17,BULL_CALM,0.0,BULL_CALM,0.0
2020-01-21,BULL_CALM,0.0,BULL_CALM,0.0
2020-01-22,BULL_CALM,0.0,BULL_CALM,0.0
2020-01-23,BULL_CALM,0.0,BULL_CALM,0.0
2020-01-24,BULL_CALM,0.0,BULL_CALM,0.0
2020-01-27,BULL_CALM,5e-06,BULL_CALM,0.0
2020-01-28,BULL_CALM,1e-06,BULL_CALM,0.0
2020-01-29,BULL_CALM,0.0,BULL_CALM,0.0
2020-01-30,BULL_CALM,0.0,BULL_CALM,0.0
2020-01-31,BULL_VOLATILE,2e-06,BULL_CALM,1e-06
2020-02-03,BULL_VOLATILE,0.0,BULL_VOLATILE,2.4e-05
2020-02-04,BULL_VOLATILE,1e-06,BULL_VOLATILE,5e-05
2020-02-05,BULL_CALM,1.2e-05,BULL_VOLATILE,0.000113
2020-02-06,BULL_CALM,2e-06,BULL_VOLATILE,0.00013
2020-02-07,BULL_CALM,0.0,BULL_VOLATILE,0.000133
2020-02-10,BULL_CALM,0.0,BULL_VOLATILE,0.000324
2020-02-11,BULL_CALM,0.0,BULL_VOLATILE,0.000151
2020-02-12,BULL_CALM,9.7e-05,BULL_VOLATILE,0.000299
2020-02-13,BULL_VOLATILE,0.003746,BULL_VOLATILE,0.000265
2020-02-14,BULL_VOLATILE,0.006361,BULL_VOLATILE,0.000818
2020-02-18,BULL_VOLATILE,0.004894,BULL_VOLATILE,0.000501
2020-02-19,BULL_VOLATILE,0.002346,BULL_VOLATILE,0.000296
2020-02-20,BULL_CALM,0.002187,BULL_VOLATILE,0.000192
2020-02-21,BULL_VOLATILE,0.00295,BULL_VOLATILE,0.000117
2020-02-24,BULL_VOLATILE,0.015524,BULL_VOLATILE,8.9e-05
2020-02-25,BULL_VOLATILE,0.060077,BULL_VOLATILE,0.000177
2020-02-26,BULL_VOLATILE,0.084499,BULL_VOLATILE,0.000791
2020-02-27,BEAR,0.955991,BULL_VOLATILE,0.119906
2020-02-28,BEAR,0.982106,BEAR,0.999993
2020-03-02,BEAR,0.88473,BEAR,1.0
2020-03-03,BEAR,0.978985,BEAR,1.0
2020-03-04,BEAR,0.535936,BEAR,1.0
2020-03-05,BEAR,0.776886,BEAR,1.0
2020-03-06,BEAR,0.941953,BEAR,1.0
2020-03-09,BEAR,1.0,BEAR,1.0
2020-03-10,BEAR,0.999623,BEAR,1.0
2020-03-11,BEAR,1.0,BEAR,1.0
2020-03-12,BEAR,1.0,BEAR,1.0
2020-03-13,BEAR,1.0,BEAR,1.0
2020-03-16,BEAR,1.0,BEAR,1.0
2020-03-17,BEAR,1.0,BEAR,1.0
2020-03-18,BEAR,1.0,BEAR,1.0
2020-03-19,BEAR,1.0,BEAR,1.0
2020-03-20,BEAR,1.0,BEAR,1.0
2020-03-23,BEAR,1.0,BEAR,1.0
2020-03-24,BEAR,1.0,BEAR,1.0
2020-03-25,BEAR,1.0,BEAR,1.0
2020-03-26,BEAR,1.0,BEAR,1.0
2020-03-27,BEAR,1.0,BEAR,1.0
2020-03-30,BEAR,1.0,BEAR,1.0
2020-03-31,BEAR,1.0,BEAR,1.0
2020-04-01,BEAR,1.0,BEAR,1.0
2020-04-02,BEAR,1.0,BEAR,1.0
2020-04-03,BEAR,1.0,BEAR,1.0
2020-04-06,BEAR,1.0,BEAR,1.0
2020-04-07,BEAR,1.0,BEAR,1.0
2020-04-08,BEAR,1.0,BEAR,1.0
2020-04-09,BEAR,1.0,BEAR,1.0
2020-04-13,BEAR,1.0,BEAR,1.0
2020-04-14,BEAR,1.0,BEAR,1.0
2020-04-15,BEAR,1.0,BEAR,1.0
2020-04-16,BEAR,1.0,BEAR,1.0
2020-04-17,BEAR,1.0,BEAR,1.0
2020-04-20,BEAR,1.0,BEAR,1.0
2020-04-21,BEAR,1.0,BEAR,1.0
2020-04-22,BEAR,0.999979,BEAR,1.0
2020-04-23,BEAR,0.99997,BEAR,1.0
2020-04-24,BEAR,0.998794,BEAR,1.0
2020-04-27,BULL_VOLATILE,0.169809,BEAR,1.0
2020-04-28,BULL_VOLATILE,0.013106,BEAR,0.999983
2020-04-29,BULL_VOLATILE,1e-05,BEAR,0.999996
2020-04-30,BULL_VOLATILE,0.0,BEAR,0.999626
2020-05-01,BULL_VOLATILE,0.000153,BEAR,0.99975
2020-05-04,BULL_VOLATILE,0.001146,BEAR,0.999549
2020-05-05,BULL_VOLATILE,1.4e-05,BEAR,0.967973
2020-05-06,BULL_VOLATILE,0.000104,BEAR,0.814166
2020-05-07,BULL_VOLATILE,1e-06,BEAR,0.512939
2020-05-08,BULL_VOLATILE,2e-05,BULL_VOLATILE,0.261723
2020-05-11,BULL_VOLATILE,5.1e-05,BULL_VOLATILE,0.059728
2020-05-12,BULL_VOLATILE,6.5e-05,BULL_VOLATILE,0.00778
2020-05-13,BULL_VOLATILE,0.003043,BULL_VOLATILE,0.002664
2020-05-14,BULL_VOLATILE,0.029129,BULL_VOLATILE,0.001601
2020-05-15,BULL_VOLATILE,0.013993,BULL_VOLATILE,0.000606
2020-05-18,BULL_VOLATILE,0.010509,BULL_VOLATILE,0.002296
2020-05-19,BULL_VOLATILE,0.007915,BULL_VOLATILE,0.000768
2020-05-20,BULL_VOLATILE,0.00604,BULL_VOLATILE,0.001758
2020-05-21,BULL_VOLATILE,0.001549,BULL_VOLATILE,0.001044
2020-05-22,BULL_VOLATILE,0.000685,BULL_VOLATILE,0.000646
2020-05-26,BULL_VOLATILE,0.004495,BULL_VOLATILE,0.000845
2020-05-27,BULL_VOLATILE,0.004329,BULL_VOLATILE,0.017823
2020-05-28,BULL_VOLATILE,0.027941,BULL_VOLATILE,0.208424
2020-05-29,BULL_VOLATILE,0.00392,BEAR,0.956874
2020-06-01,BULL_VOLATILE,0.001829,BEAR,0.999536
2020-06-02,BULL_VOLATILE,0.006876,BEAR,0.99891
2020-06-03,BULL_VOLATILE,0.015004,BEAR,0.999882
2020-06-04,BULL_VOLATILE,0.0011,BEAR,0.999997
2020-06-05,BULL_VOLATILE,0.00091,BEAR,0.998779
2020-06-08,BULL_VOLATILE,0.054829,BEAR,0.995674
2020-06-09,BULL_VOLATILE,0.013231,BEAR,0.99188
2020-06-10,BULL_VOLATILE,4.3e-05,BEAR,0.950671
2020-06-11,BULL_VOLATILE,0.05761,BEAR,0.598679
2020-06-12,BULL_VOLATILE,0.056502,BULL_VOLATILE,0.418784
2020-06-15,BULL_VOLATILE,0.025077,BULL_VOLATILE,0.156841
2020-06-16,BULL_VOLATILE,0.023426,BULL_VOLATILE,0.030897
2020-06-17,BULL_VOLATILE,0.030113,BULL_VOLATILE,0.004137
2020-06-18,BULL_VOLATILE,0.030856,BULL_VOLATILE,0.001319
2020-06-19,BULL_VOLATILE,0.07889,BULL_VOLATILE,0.001131
2020-06-22,BULL_VOLATILE,0.032527,BULL_VOLATILE,0.001321
2020-06-23,BULL_VOLATILE,0.000117,BULL_VOLATILE,0.00099
2020-06-24,BULL_VOLATILE,0.012484,BULL_VOLATILE,0.001976
2020-06-25,BULL_VOLATILE,0.000108,BULL_VOLATILE,0.003209
2020-06-26,BULL_VOLATILE,0.000522,BULL_VOLATILE,0.002047
2020-06-29,BULL_VOLATILE,0.000932,BULL_VOLATILE,0.002571
2020-06-30,BULL_VOLATILE,0.010429,BULL_VOLATILE,0.002445
2020-07-01,BULL_VOLATILE,0.004763,BULL_VOLATILE,0.001613
2020-07-02,BULL_VOLATILE,0.04541,BULL_VOLATILE,0.002032
2020-07-06,BULL_VOLATILE,0.059324,BULL_VOLATILE,0.003323
2020-07-07,BULL_VOLATILE,0.005725,BULL_VOLATILE,0.001438
2020-07-08,BULL_VOLATILE,0.001956,BULL_VOLATILE,0.001357
2020-07-09,BULL_VOLATILE,0.014581,BULL_VOLATILE,0.002834
2020-07-10,BULL_VOLATILE,0.003029,BULL_VOLATILE,0.000102
2020-07-13,BULL_VOLATILE,0.002277,BULL_VOLATILE,0.000184
2020-07-14,BULL_VOLATILE,0.002753,BULL_VOLATILE,0.000519
2020-07-15,BULL_VOLATILE,4.5e-05,BULL_VOLATILE,0.000614
2020-07-16,BULL_VOLATILE,2.1e-05,BULL_VOLATILE,0.000257
2020-07-17,BULL_VOLATILE,2.5e-05,BULL_VOLATILE,0.000198
2020-07-20,BULL_VOLATILE,4.2e-05,BULL_VOLATILE,0.000144
2020-07-21,BULL_VOLATILE,0.001823,BULL_VOLATILE,5.4e-05
2020-07-22,BULL_VOLATILE,0.001476,BULL_VOLATILE,3.3e-05
2020-07-23,BULL_VOLATILE,0.000213,BULL_VOLATILE,2.8e-05
2020-07-24,BULL_VOLATILE,0.001261,BULL_VOLATILE,5.6e-05
2020-07-27,BULL_VOLATILE,0.001213,BULL_VOLATILE,0.000175
2020-07-28,BULL_CALM,0.000286,BULL_VOLATILE,0.000107
2020-07-29,BULL_CALM,0.000139,BULL_VOLATILE,0.000131
2020-07-30,BULL_CALM,9.9e-05,BULL_VOLATILE,4.7e-05
2020-07-31,BULL_CALM,1.8e-05,BULL_VOLATILE,5.3e-05
2020-08-03,BULL_CALM,0.0,BULL_VOLATILE,7.3e-05
2020-08-04,BULL_CALM,0.0,BULL_VOLATILE,4.8e-05
2020-08-05,BULL_CALM,0.0,BULL_CALM,2.2e-05
2020-08-06,BULL_CALM,0.0,BULL_CALM,5.3e-05
2020-08-07,BULL_CALM,0.0,BULL_CALM,8.5e-05
2020-08-10,BULL_CALM,0.0,BULL_CALM,1e-06
2020-08-11,BULL_CALM,0.0,BULL_CALM,0.0
2020-08-12,BULL_CALM,0.0,BULL_CALM,0.0
2020-08-13,BULL_CALM,0.0,BULL_CALM,0.0
2020-08-14,BULL_CALM,0.0,BULL_CALM,0.0
2020-08-17,BULL_CALM,0.0,BULL_CALM,0.0
2020-08-18,BULL_CALM,0.0,BULL_CALM,0.0
2020-08-19,BULL_CALM,0.0,BULL_CALM,1e-06
2020-08-20,BULL_CALM,0.0,BULL_CALM,6e-06
2020-08-21,BULL_CALM,0.0,BULL_CALM,0.0
2020-08-24,BULL_CALM,0.0,BULL_CALM,0.0
2020-08-25,BULL_CALM,0.0,BULL_CALM,0.0
2020-08-26,BULL_CALM,0.0,BULL_CALM,0.0
2020-08-27,BULL_CALM,0.0,BULL_CALM,0.0
2020-08-28,BULL_CALM,0.0,BULL_CALM,0.0
2020-08-31,BULL_CALM,0.0,BULL_CALM,1e-06
2020-09-01,BULL_CALM,0.0,BULL_CALM,0.0
2020-09-02,BULL_CALM,0.0,BULL_CALM,1.5e-05
2020-09-03,BULL_CALM,0.0,BULL_VOLATILE,6.2e-05
2020-09-04,BULL_CALM,0.0,BULL_VOLATILE,0.000199
2020-09-08,BULL_VOLATILE,0.0,BULL_VOLATILE,0.000128
2020-09-09,BULL_VOLATILE,0.0,BULL_VOLATILE,0.000205
2020-09-10,BULL_VOLATILE,0.0,BULL_VOLATILE,0.000173
2020-09-11,BULL_VOLATILE,0.0,BULL_VOLATILE,0.000191
2020-09-14,BULL_VOLATILE,0.0,BULL_VOLATILE,0.000331
2020-09-15,BULL_VOLATILE,0.0,BULL_VOLATILE,0.000283
2020-09-16,BULL_VOLATILE,0.0,BULL_VOLATILE,0.000313
2020-09-17,BULL_VOLATILE,0.0,BULL_VOLATILE,0.000615
2020-09-18,BULL_VOLATILE,0.0,BULL_VOLATILE,0.000324
2020-09-21,BULL_VOLATILE,0.0,BULL_VOLATILE,0.001908
2020-09-22,BULL_VOLATILE,0.0,BULL_VOLATILE,0.076972
2020-09-23,BULL_VOLATILE,0.0,BULL_VOLATILE,0.402554
2020-09-24,BULL_VOLATILE,0.009825,BEAR,0.535008
2020-09-25,BULL_VOLATILE,0.007409,BULL_VOLATILE,0.055253
2020-09-28,BULL_VOLATILE,0.009478,BULL_VOLATILE,0.001898
2020-09-29,BULL_VOLATILE,0.018058,BULL_VOLATILE,0.000347
2020-09-30,BULL_VOLATILE,0.00419,BULL_VOLATILE,0.000281
2020-10-01,BULL_VOLATILE,0.0009,BULL_VOLATILE,0.000281
2020-10-02,BULL_VOLATILE,0.00146,BULL_VOLATILE,0.000174
2020-10-05,BULL_VOLATILE,0.000712,BULL_VOLATILE,0.000507
2020-10-06,BULL_VOLATILE,0.00109,BULL_VOLATILE,8.9e-05
2020-10-07,BULL_VOLATILE,0.000103,BULL_VOLATILE,0.000483
2020-10-08,BULL_VOLATILE,2.5e-05,BULL_VOLATILE,0.000896
2020-10-09,BULL_VOLATILE,3e-06,BULL_VOLATILE,0.000494
2020-10-12,BULL_VOLATILE,8e-06,BULL_VOLATILE,0.0015
2020-10-13,BULL_VOLATILE,2.9e-05,BULL_VOLATILE,0.021945
2020-10-14,BULL_VOLATILE,6.7e-05,BULL_VOLATILE,0.040667
2020-10-15,BULL_VOLATILE,0.001237,BULL_VOLATILE,0.022
2020-10-16,BULL_VOLATILE,0.003148,BULL_VOLATILE,0.000699
2020-10-19,BULL_VOLATILE,0.002546,BULL_VOLATILE,8.3e-05
2020-10-20,BULL_VOLATILE,0.002421,BULL_VOLATILE,0.000185
2020-10-21,BULL_VOLATILE,0.000595,BULL_VOLATILE,0.00016
2020-10-22,BULL_VOLATILE,0.00156,BULL_VOLATILE,0.000128
2020-10-23,BULL_VOLATILE,0.000311,BULL_VOLATILE,9.5e-05
2020-10-26,BULL_VOLATILE,0.00243,BULL_VOLATILE,7.8e-05
2020-10-27,BULL_VOLATILE,0.004038,BULL_VOLATILE,3.7e-05
2020-10-28,BULL_VOLATILE,0.002063,BULL_VOLATILE,0.000113
2020-10-29,BULL_VOLATILE,0.000118,BULL_VOLATILE,0.00057
2020-10-30,BULL_VOLATILE,0.0,BULL_VOLATILE,0.001132
2020-11-02,BULL_VOLATILE,0.0,BULL_VOLATILE,0.001314
2020-11-03,BULL_VOLATILE,2e-06,BULL_VOLATILE,0.000893
2020-11-04,BULL_VOLATILE,0.00471,BULL_VOLATILE,0.000434
2020-11-05,BULL_VOLATILE,0.003345,BULL_VOLATILE,0.000374
2020-11-06,BULL_VOLATILE,0.009085,BULL_VOLATILE,0.00043
2020-11-09,BULL_VOLATILE,0.019269,BULL_VOLATILE,0.001311
2020-11-10,BULL_VOLATILE,0.020143,BULL_VOLATILE,0.210701
2020-11-11,BULL_VOLATILE,0.067547,BEAR,0.991223
2020-11-12,BULL_VOLATILE,0.029139,BEAR,0.999571
2020-11-13,BULL_VOLATILE,0.000775,BEAR,0.999946
2020-11-16,BULL_VOLATILE,0.00022,BEAR,0.999923
2020-11-17,BULL_VOLATILE,0.0,BEAR,0.999379
2020-11-18,BULL_VOLATILE,0.0,BEAR,0.99123
2020-11-19,BULL_VOLATILE,0.0,BEAR,0.994173
2020-11-20,BULL_VOLATILE,5.6e-05,BEAR,0.947078
2020-11-23,BULL_VOLATILE,0.008536,BEAR,0.713129
2020-11-24,BULL_VOLATILE,0.003208,BULL_VOLATILE,0.051184
2020-11-25,BULL_VOLATILE,0.006083,BULL_VOLATILE,0.000493
2020-11-27,BULL_VOLATILE,0.00856,BULL_VOLATILE,0.000144
2020-11-30,BULL_VOLATILE,0.001616,BULL_VOLATILE,9.4e-05
2020-12-01,BULL_VOLATILE,0.002391,BULL_VOLATILE,0.000116
2020-12-02,BULL_VOLATILE,0.000424,BULL_VOLATILE,8.2e-05
2020-12-03,BULL_CALM,2e-06,BULL_VOLATILE,0.000193
2020-12-04,BULL_CALM,0.0,BULL_VOLATILE,0.000147
2020-12-07,BULL_CALM,0.0,BULL_VOLATILE,0.000152
2020-12-08,BULL_CALM,0.0,BULL_VOLATILE,0.000142
2020-12-09,BULL_CALM,0.0,BULL_VOLATILE,6.2e-05
2020-12-10,BULL_CALM,0.0,BULL_VOLATILE,4.7e-05
2020-12-11,BULL_CALM,0.0,BULL_VOLATILE,3.4e-05
2020-12-14,BULL_CALM,4e-06,BULL_CALM,1.8e-05
2020-12-15,BULL_CALM,1e-06,BULL_CALM,1e-06
2020-12-16,BULL_CALM,0.0,BULL_CALM,0.0
2020-12-17,BULL_CALM,3.6e-05,BULL_CALM,0.0
2020-12-18,BULL_CALM,0.000147,BULL_CALM,0.0
2020-12-21,BULL_CALM,0.000111,BULL_CALM,0.0
2020-12-22,BULL_CALM,2e-06,BULL_CALM,0.0
2020-12-23,BULL_CALM,0.0,BULL_CALM,3e-06
2020-12-24,BULL_CALM,0.0,BULL_CALM,1e-06
2020-12-28,BULL_CALM,0.0,BULL_CALM,0.0
2020-12-29,BULL_CALM,0.0,BULL_CALM,0.0
2020-12-30,BULL_CALM,0.0,BULL_CALM,0.0
2020-12-31,BULL_CALM,0.0,BULL_CALM,0.0
2021-01-04,BULL_CALM,2e-06,BULL_CALM,0.0
2021-01-05,BULL_CALM,0.0,BULL_CALM,1e-06
2021-01-06,BULL_CALM,0.0,BULL_CALM,0.0
2021-01-07,BULL_CALM,0.0,BULL_CALM,0.0
2021-01-08,BULL_CALM,0.0,BULL_CALM,1e-06
2021-01-11,BULL_CALM,2.4e-05,BULL_CALM,0.0
2021-01-12,BULL_CALM,0.0,BULL_CALM,0.0
2021-01-13,BULL_CALM,0.0,BULL_CALM,0.0
2021-01-14,BULL_CALM,0.0,BULL_CALM,0.0
2021-01-15,BULL_CALM,0.0,BULL_CALM,0.0
2021-01-19,BULL_CALM,0.0,BULL_CALM,0.0
2021-01-20,BULL_CALM,0.0,BULL_CALM,0.0
2021-01-21,BULL_CALM,0.0,BULL_CALM,1e-06
2021-01-22,BULL_CALM,0.0,BULL_CALM,1e-06
2021-01-25,BULL_CALM,0.000145,BULL_CALM,5e-06
2021-01-26,BULL_CALM,0.000134,BULL_CALM,1e-06
2021-01-27,BULL_VOLATILE,0.000755,BULL_CALM,1.1e-05
2021-01-28,BULL_VOLATILE,7e-05,BULL_VOLATILE,5.2e-05
2021-01-29,BULL_VOLATILE,0.0,BULL_VOLATILE,2.8e-05
2021-02-01,BULL_VOLATILE,2e-06,BULL_VOLATILE,1.9e-05
2021-02-02,BULL_VOLATILE,0.000213,BULL_VOLATILE,4.8e-05
2021-02-03,BULL_VOLATILE,0.000373,BULL_VOLATILE,4e-05
2021-02-04,BULL_VOLATILE,0.000391,BULL_VOLATILE,4.1e-05
2021-02-05,BULL_VOLATILE,0.001718,BULL_VOLATILE,5.4e-05
2021-02-08,BULL_VOLATILE,0.001581,BULL_VOLATILE,7e-05
2021-02-09,BULL_VOLATILE,0.00155,BULL_VOLATILE,9.2e-05
2021-02-10,BULL_VOLATILE,0.002727,BULL_VOLATILE,0.000283
2021-02-11,BULL_VOLATILE,0.001526,BULL_VOLATILE,0.000185
2021-02-12,BULL_VOLATILE,0.005145,BULL_VOLATILE,0.000852
2021-02-16,BULL_VOLATILE,0.00224,BULL_VOLATILE,0.000344
2021-02-17,BULL_VOLATILE,0.000445,BULL_VOLATILE,0.00025
2021-02-18,BULL_VOLATILE,0.000871,BULL_VOLATILE,0.000337
2021-02-19,BULL_VOLATILE,0.000281,BULL_VOLATILE,0.000207
2021-02-22,BULL_VOLATILE,0.00111,BULL_VOLATILE,7.8e-05
2021-02-23,BULL_VOLATILE,0.001761,BULL_VOLATILE,8.8e-05
2021-02-24,BULL_VOLATILE,0.001337,BULL_VOLATILE,0.000138
2021-02-25,BULL_VOLATILE,0.000494,BULL_VOLATILE,5e-06
2021-02-26,BULL_VOLATILE,0.000633,BULL_VOLATILE,3.3e-05
2021-03-01,BULL_VOLATILE,0.001658,BULL_VOLATILE,3.3e-05
2021-03-02,BULL_VOLATILE,0.001063,BULL_VOLATILE,2.2e-05
2021-03-03,BULL_VOLATILE,0.002704,BULL_VOLATILE,2.7e-05
2021-03-04,BULL_VOLATILE,0.003994,BULL_VOLATILE,3.9e-05
2021-03-05,BULL_VOLATILE,0.003015,BULL_VOLATILE,4.7e-05
2021-03-08,BULL_VOLATILE,4.8e-05,BULL_VOLATILE,4.4e-05
2021-03-09,BULL_VOLATILE,0.000906,BULL_VOLATILE,4.1e-05
2021-03-10,BULL_VOLATILE,0.000662,BULL_VOLATILE,4.2e-05
2021-03-11,BULL_VOLATILE,0.000602,BULL_VOLATILE,0.000128
2021-03-12,BULL_VOLATILE,0.004015,BULL_VOLATILE,0.000256
2021-03-15,BULL_VOLATILE,0.000202,BULL_VOLATILE,9.2e-05
2021-03-16,BULL_VOLATILE,0.001818,BULL_VOLATILE,0.000153
2021-03-17,BULL_VOLATILE,9.4e-05,BULL_VOLATILE,0.000427
2021-03-18,BULL_VOLATILE,8e-06,BULL_VOLATILE,0.000342
2021-03-19,BULL_VOLATILE,0.002971,BULL_VOLATILE,0.000111
2021-03-22,BULL_VOLATILE,0.003649,BULL_VOLATILE,0.000239
2021-03-23,BULL_VOLATILE,0.001644,BULL_VOLATILE,0.000125
2021-03-24,BULL_VOLATILE,0.000231,BULL_VOLATILE,0.000108
2021-03-25,BULL_VOLATILE,6.5e-05,BULL_VOLATILE,0.000121
2021-03-26,BULL_VOLATILE,0.002441,BULL_VOLATILE,0.000103
2021-03-29,BULL_VOLATILE,0.004601,BULL_VOLATILE,9.4e-05
2021-03-30,BULL_VOLATILE,0.002521,BULL_VOLATILE,9.1e-05
2021-03-31,BULL_CALM,6e-05,BULL_VOLATILE,9.1e-05
2021-04-01,BULL_VOLATILE,0.000291,BULL_VOLATILE,0.000234
2021-04-05,BULL_VOLATILE,0.006165,BULL_VOLATILE,0.000616
2021-04-06,BULL_VOLATILE,0.009324,BULL_VOLATILE,0.000623
2021-04-07,BULL_VOLATILE,0.012586,BULL_VOLATILE,0.001259
2021-04-08,BULL_VOLATILE,0.017863,BULL_VOLATILE,0.002122
2021-04-09,BULL_VOLATILE,0.006394,BULL_VOLATILE,0.004196
2021-04-12,BULL_VOLATILE,0.007496,BULL_VOLATILE,0.004323
2021-04-13,BULL_CALM,1.2e-05,BULL_VOLATILE,0.00575
2021-04-14,BULL_CALM,2.9e-05,BULL_VOLATILE,0.006278
2021-04-15,BULL_CALM,0.0,BULL_VOLATILE,0.013868
2021-04-16,BULL_CALM,0.0,BULL_VOLATILE,0.008493
2021-04-19,BULL_CALM,0.0,BULL_VOLATILE,0.002373
2021-04-20,BULL_CALM,4e-06,BULL_VOLATILE,0.001009
2021-04-21,BULL_CALM,0.0,BULL_VOLATILE,0.000649
2021-04-22,BULL_CALM,0.0,BULL_CALM,5.3e-05
2021-04-23,BULL_CALM,0.0,BULL_CALM,1e-06
2021-04-26,BULL_CALM,0.0,BULL_CALM,0.0
2021-04-27,BULL_CALM,0.0,BULL_CALM,0.0
2021-04-28,BULL_CALM,0.0,BULL_CALM,0.0
2021-04-29,BULL_CALM,0.0,BULL_CALM,0.0
2021-04-30,BULL_CALM,0.0,BULL_CALM,0.0
2021-05-03,BULL_CALM,0.0,BULL_CALM,0.0
2021-05-04,BULL_CALM,0.0,BULL_CALM,0.0
2021-05-05,BULL_CALM,0.0,BULL_CALM,0.0
2021-05-06,BULL_CALM,0.0,BULL_CALM,0.0
2021-05-07,BULL_CALM,0.0,BULL_CALM,0.0
2021-05-10,BULL_CALM,0.0,BULL_CALM,0.0
2021-05-11,BULL_CALM,0.0,BULL_CALM,0.0
2021-05-12,BULL_VOLATILE,0.000844,BULL_VOLATILE,1.2e-05
2021-05-13,BULL_VOLATILE,1.1e-05,BULL_VOLATILE,6e-05
2021-05-14,BULL_VOLATILE,7.2e-05,BULL_VOLATILE,9.4e-05
2021-05-17,BULL_VOLATILE,0.000699,BULL_VOLATILE,8.9e-05
2021-05-18,BULL_VOLATILE,0.001999,BULL_VOLATILE,8.8e-05
2021-05-19,BULL_VOLATILE,0.00067,BULL_VOLATILE,9.2e-05
2021-05-20,BULL_VOLATILE,0.002529,BULL_VOLATILE,9.1e-05
2021-05-21,BULL_VOLATILE,0.001606,BULL_VOLATILE,9.2e-05
2021-05-24,BULL_VOLATILE,0.004245,BULL_VOLATILE,0.000102
2021-05-25,BULL_VOLATILE,0.003775,BULL_VOLATILE,0.000126
2021-05-26,BULL_VOLATILE,0.002601,BULL_VOLATILE,0.000275
2021-05-27,BULL_VOLATILE,0.003602,BULL_VOLATILE,9.9e-05
2021-05-28,BULL_VOLATILE,0.003155,BULL_VOLATILE,0.000122
2021-06-01,BULL_VOLATILE,0.004255,BULL_VOLATILE,6.3e-05
2021-06-02,BULL_VOLATILE,0.001113,BULL_VOLATILE,0.000125
2021-06-03,BULL_VOLATILE,0.001945,BULL_VOLATILE,6.8e-05
2021-06-04,BULL_VOLATILE,0.001659,BULL_VOLATILE,1e-05
2021-06-07,BULL_VOLATILE,0.001958,BULL_VOLATILE,1.2e-05
2021-06-08,BULL_CALM,0.001734,BULL_VOLATILE,9e-06
2021-06-09,BULL_CALM,0.000227,BULL_VOLATILE,7e-06
2021-06-10,BULL_CALM,0.000352,BULL_CALM,0.0
2021-06-11,BULL_CALM,4.3e-05,BULL_CALM,0.0
2021-06-14,BULL_CALM,4.6e-05,BULL_CALM,0.0
2021-06-15,BULL_CALM,2e-05,BULL_CALM,0.0
2021-06-16,BULL_CALM,9e-06,BULL_CALM,0.0
2021-06-17,BULL_CALM,1.7e-05,BULL_CALM,0.0
2021-06-18,BULL_CALM,0.000874,BULL_CALM,0.0
2021-06-21,BULL_CALM,0.0,BULL_CALM,0.0
2021-06-22,BULL_CALM,0.0,BULL_CALM,0.0
2021-06-23,BULL_CALM,6e-05,BULL_CALM,0.0
2021-06-24,BULL_CALM,3.3e-05,BULL_CALM,0.0
2021-06-25,BULL_CALM,1.5e-05,BULL_CALM,0.0
2021-06-28,BULL_CALM,0.0,BULL_CALM,0.0
2021-06-29,BULL_CALM,1e-06,BULL_CALM,0.0
2021-06-30,BULL_CALM,0.0,BULL_CALM,0.0
2021-07-01,BULL_CALM,1e-06,BULL_CALM,0.0
2021-07-02,BULL_CALM,0.0,BULL_CALM,0.0
2021-07-06,BULL_CALM,0.0,BULL_CALM,0.0
2021-07-07,BULL_CALM,1e-05,BULL_CALM,0.0
2021-07-08,BULL_CALM,3e-06,BULL_CALM,0.0
2021-07-09,BULL_CALM,0.0,BULL_CALM,0.0
2021-07-12,BULL_CALM,2e-06,BULL_CALM,0.0
2021-07-13,BULL_CALM,3e-06,BULL_CALM,0.0
2021-07-14,BULL_CALM,1e-05,BULL_CALM,0.0
2021-07-15,BULL_CALM,1e-06,BULL_CALM,0.0
2021-07-16,BULL_CALM,0.0,BULL_CALM,0.0
2021-07-19,BULL_VOLATILE,0.001647,BULL_CALM,0.0
2021-07-20,BULL_CALM,2e-06,BULL_CALM,0.0
2021-07-21,BULL_CALM,1.9e-05,BULL_CALM,0.0
2021-07-22,BULL_CALM,5e-06,BULL_CALM,0.0
2021-07-23,BULL_CALM,0.0,BULL_CALM,0.0
2021-07-26,BULL_CALM,0.0,BULL_CALM,0.0
2021-07-27,BULL_CALM,0.0,BULL_CALM,0.0
2021-07-28,BULL_CALM,2.8e-05,BULL_CALM,0.0
2021-07-29,BULL_CALM,4e-06,BULL_CALM,0.0
2021-07-30,BULL_CALM,1.1e-05,BULL_CALM,0.0
2021-08-02,BULL_CALM,3.7e-05,BULL_CALM,0.0
2021-08-03,BULL_CALM,0.000286,BULL_CALM,0.0
2021-08-04,BULL_CALM,0.000581,BULL_CALM,0.0
2021-08-05,BULL_CALM,8.8e-05,BULL_CALM,0.0
2021-08-06,BULL_CALM,0.000759,BULL_CALM,0.0
2021-08-09,BULL_CALM,0.000766,BULL_CALM,0.0
2021-08-10,BULL_CALM,0.000328,BULL_CALM,0.0
2021-08-11,BULL_CALM,0.000491,BULL_CALM,0.0
2021-08-12,BULL_CALM,1e-05,BULL_CALM,0.0
2021-08-13,BULL_CALM,2.2e-05,BULL_CALM,0.0
2021-08-16,BULL_CALM,0.000229,BULL_CALM,0.0
2021-08-17,BULL_CALM,8.2e-05,BULL_CALM,0.0
2021-08-18,BULL_CALM,0.000202,BULL_CALM,0.0
2021-08-19,BULL_CALM,0.000738,BULL_CALM,0.0
2021-08-20,BULL_CALM,0.000395,BULL_CALM,0.0
2021-08-23,BULL_CALM,0.001006,BULL_CALM,0.0
2021-08-24,BULL_CALM,0.000778,BULL_CALM,0.0
2021-08-25,BULL_CALM,0.000318,BULL_CALM,0.0
2021-08-26,BULL_CALM,0.000584,BULL_CALM,0.0
2021-08-27,BULL_CALM,0.00045,BULL_CALM,0.0
2021-08-30,BULL_CALM,0.000774,BULL_CALM,0.0
2021-08-31,BULL_CALM,0.002008,BULL_CALM,0.0
2021-09-01,BULL_CALM,0.005768,BULL_CALM,0.0
2021-09-02,BULL_CALM,4e-06,BULL_CALM,0.0
2021-09-03,BULL_CALM,0.003965,BULL_CALM,0.0
2021-09-07,BULL_CALM,0.001552,BULL_CALM,0.0
2021-09-08,BULL_CALM,0.000525,BULL_CALM,0.0
2021-09-09,BULL_CALM,3e-05,BULL_CALM,0.0
2021-09-10,BULL_CALM,0.006749,BULL_CALM,0.0
2021-09-13,BULL_CALM,0.007738,BULL_CALM,0.0
2021-09-14,BULL_CALM,0.01959,BULL_CALM,0.0
2021-09-15,BULL_CALM,0.001754,BULL_CALM,0.0
2021-09-16,BULL_CALM,0.001609,BULL_CALM,0.0
2021-09-17,BULL_VOLATILE,0.011586,BULL_CALM,0.0
2021-09-20,BULL_VOLATILE,0.029232,BULL_VOLATILE,6.6e-05
2021-09-21,BULL_VOLATILE,0.007366,BULL_VOLATILE,0.000866
2021-09-22,BULL_VOLATILE,0.001274,BULL_VOLATILE,0.000553
2021-09-23,BULL_VOLATILE,0.0002,BULL_VOLATILE,0.000255
2021-09-24,BULL_CALM,8.7e-05,BULL_VOLATILE,0.00025
2021-09-27,BULL_VOLATILE,0.000331,BULL_VOLATILE,0.000274
2021-09-28,BULL_VOLATILE,0.007759,BULL_VOLATILE,0.000141
2021-09-29,BULL_VOLATILE,0.001142,BULL_VOLATILE,0.000167
2021-09-30,BULL_VOLATILE,0.000563,BULL_VOLATILE,0.000155
2021-10-01,BULL_VOLATILE,0.0,BULL_VOLATILE,8.8e-05
2021-10-04,BULL_VOLATILE,0.0,BULL_VOLATILE,7.3e-05
2021-10-05,BULL_VOLATILE,0.0,BULL_VOLATILE,4.9e-05
2021-10-06,BULL_VOLATILE,0.0,BULL_VOLATILE,4.5e-05
2021-10-07,BULL_VOLATILE,0.0,BULL_VOLATILE,3.9e-05
2021-10-08,BULL_VOLATILE,0.0,BULL_VOLATILE,2.3e-05
2021-10-11,BULL_VOLATILE,0.0,BULL_VOLATILE,1.7e-05
2021-10-12,BULL_VOLATILE,0.0,BULL_VOLATILE,2.4e-05
2021-10-13,BULL_VOLATILE,0.0,BULL_VOLATILE,1.6e-05
2021-10-14,BULL_VOLATILE,0.0,BULL_VOLATILE,6.5e-05
2021-10-15,BULL_VOLATILE,5e-06,BULL_VOLATILE,8.7e-05
2021-10-18,BULL_CALM,0.0,BULL_VOLATILE,0.000304
2021-10-19,BULL_VOLATILE,0.0,BULL_VOLATILE,0.000368
2021-10-20,BULL_CALM,0.0,BULL_VOLATILE,0.000336
2021-10-21,BULL_CALM,0.0,BULL_VOLATILE,0.000298
2021-10-22,BULL_CALM,0.0,BULL_VOLATILE,0.000319
2021-10-25,BULL_VOLATILE,0.0,BULL_VOLATILE,0.000483
2021-10-26,BULL_CALM,0.0,BULL_VOLATILE,0.001968
2021-10-27,BULL_VOLATILE,0.000733,BULL_VOLATILE,0.001359
2021-10-28,BULL_CALM,0.000107,BULL_VOLATILE,0.001539
2021-10-29,BULL_CALM,5e-06,BULL_VOLATILE,0.001201
2021-11-01,BULL_CALM,0.0,BULL_VOLATILE,0.003229
2021-11-02,BULL_CALM,0.0,BULL_VOLATILE,0.008089
2021-11-03,BULL_CALM,0.0002,BULL_CALM,0.000956
2021-11-04,BULL_CALM,0.0,BULL_CALM,2.5e-05
2021-11-05,BULL_CALM,0.0,BULL_CALM,3e-06
2021-11-08,BULL_CALM,0.0,BULL_CALM,0.0
2021-11-09,BULL_CALM,0.0,BULL_CALM,0.0
2021-11-10,BULL_CALM,0.0,BULL_CALM,0.0
2021-11-11,BULL_CALM,0.0,BULL_CALM,0.0
2021-11-12,BULL_CALM,0.0,BULL_CALM,0.0
2021-11-15,BULL_CALM,0.0,BULL_CALM,0.0
2021-11-16,BULL_CALM,0.0,BULL_CALM,0.0
2021-11-17,BULL_CALM,0.0,BULL_CALM,0.0
2021-11-18,BULL_CALM,0.0,BULL_CALM,0.0
2021-11-19,BULL_CALM,0.0,BULL_CALM,0.0
2021-11-22,BULL_CALM,0.0,BULL_CALM,0.0
2021-11-23,BULL_CALM,0.0,BULL_CALM,0.0
2021-11-24,BULL_CALM,0.0,BULL_CALM,0.0
2021-11-26,BULL_CALM,0.0,BULL_CALM,0.0
2021-11-29,BULL_CALM,0.0,BULL_CALM,0.0
2021-11-30,BULL_VOLATILE,0.0,BULL_CALM,0.0
2021-12-01,BULL_VOLATILE,0.00046,BULL_VOLATILE,1.3e-05
2021-12-02,BULL_VOLATILE,9.9e-05,BULL_VOLATILE,1.4e-05
2021-12-03,BULL_VOLATILE,1.8e-05,BULL_VOLATILE,1.2e-05
2021-12-06,BULL_VOLATILE,0.0,BULL_VOLATILE,1.2e-05
2021-12-07,BULL_VOLATILE,2e-06,BULL_VOLATILE,4e-05
2021-12-08,BULL_VOLATILE,1.9e-05,BULL_VOLATILE,4.8e-05
2021-12-09,BULL_VOLATILE,0.000653,BULL_VOLATILE,3.9e-05
2021-12-10,BULL_VOLATILE,0.000444,BULL_VOLATILE,9.1e-05
2021-12-13,BULL_VOLATILE,0.00023,BULL_VOLATILE,3.8e-05
2021-12-14,BULL_VOLATILE,0.002027,BULL_VOLATILE,8.6e-05
2021-12-15,BULL_VOLATILE,0.003378,BULL_VOLATILE,0.000378
2021-12-16,BULL_VOLATILE,0.000136,BULL_VOLATILE,3.8e-05
2021-12-17,BULL_VOLATILE,0.002614,BULL_VOLATILE,9e-05
2021-12-20,BULL_VOLATILE,0.002111,BULL_VOLATILE,8.8e-05
2021-12-21,BULL_VOLATILE,0.00099,BULL_VOLATILE,9.4e-05
2021-12-22,BULL_VOLATILE,0.00071,BULL_VOLATILE,0.000104
2021-12-23,BULL_VOLATILE,0.000375,BULL_VOLATILE,0.000143
2021-12-27,BULL_VOLATILE,0.000367,BULL_VOLATILE,0.000172
2021-12-28,BULL_VOLATILE,0.003524,BULL_VOLATILE,0.000167
2021-12-29,BULL_VOLATILE,0.002296,BULL_VOLATILE,0.000213
2021-12-30,BULL_VOLATILE,0.003196,BULL_VOLATILE,0.000116
2021-12-31,BULL_VOLATILE,0.004465,BULL_VOLATILE,0.000142
2022-01-03,BULL_VOLATILE,0.007319,BULL_VOLATILE,0.000252
2022-01-04,BULL_VOLATILE,0.003169,BULL_VOLATILE,0.000559
2022-01-05,BULL_VOLATILE,0.003964,BULL_VOLATILE,0.000145
2022-01-06,BULL_VOLATILE,0.00398,BULL_VOLATILE,9.7e-05
2022-01-07,BULL_VOLATILE,0.005297,BULL_VOLATILE,0.000106
2022-01-10,BULL_VOLATILE,0.012467,BULL_VOLATILE,0.00012
2022-01-11,BULL_VOLATILE,0.00465,BULL_VOLATILE,6.3e-05
2022-01-12,BULL_VOLATILE,0.012219,BULL_VOLATILE,7.1e-05
2022-01-13,BULL_VOLATILE,0.023917,BULL_VOLATILE,6e-05
2022-01-14,BULL_VOLATILE,0.014833,BULL_VOLATILE,5.8e-05
2022-01-18,BULL_VOLATILE,0.018356,BULL_VOLATILE,5.9e-05
2022-01-19,BULL_VOLATILE,0.104134,BULL_VOLATILE,0.00012
2022-01-20,BULL_VOLATILE,0.041499,BULL_VOLATILE,0.000243
2022-01-21,BULL_VOLATILE,0.12251,BULL_VOLATILE,0.002886
2022-01-24,BULL_VOLATILE,0.000832,BULL_VOLATILE,0.071014
2022-01-25,BULL_VOLATILE,3.9e-05,BEAR,0.999999
2022-01-26,BULL_VOLATILE,0.027812,BEAR,1.0
2022-01-27,BULL_VOLATILE,0.042226,BEAR,1.0
2022-01-28,BULL_VOLATILE,0.000876,BEAR,0.999979
2022-01-31,BULL_VOLATILE,8e-06,BEAR,0.997787
2022-02-01,BULL_VOLATILE,2.3e-05,BEAR,0.990774
2022-02-02,BULL_VOLATILE,8.3e-05,BEAR,0.974233
2022-02-03,BULL_VOLATILE,0.0,BEAR,0.982418
2022-02-04,BULL_VOLATILE,0.0,BEAR,0.884035
2022-02-07,BULL_VOLATILE,0.0,BULL_VOLATILE,0.341737
2022-02-08,BULL_VOLATILE,0.0,BULL_VOLATILE,0.079704
2022-02-09,BULL_VOLATILE,0.0,BULL_VOLATILE,0.023879
2022-02-10,BULL_VOLATILE,0.0,BULL_VOLATILE,0.004118
2022-02-11,BULL_VOLATILE,0.0,BULL_VOLATILE,0.000456
2022-02-14,BULL_VOLATILE,0.0,BULL_VOLATILE,0.000141
2022-02-15,BULL_VOLATILE,0.0,BULL_VOLATILE,0.000135
2022-02-16,BULL_VOLATILE,0.0,BULL_VOLATILE,0.000119
2022-02-17,BULL_VOLATILE,3e-06,BULL_VOLATILE,0.000125
2022-02-18,BULL_VOLATILE,0.001785,BULL_VOLATILE,0.000139
2022-02-22,BULL_VOLATILE,0.004324,BULL_VOLATILE,0.000161
2022-02-23,BULL_VOLATILE,0.16952,BULL_VOLATILE,0.000557
2022-02-24,BULL_VOLATILE,0.037531,BULL_VOLATILE,0.001625
2022-02-25,BULL_VOLATILE,0.011439,BULL_VOLATILE,0.012481
2022-02-28,BULL_VOLATILE,0.002672,BULL_VOLATILE,0.010177
2022-03-01,BULL_VOLATILE,0.011175,BULL_VOLATILE,0.017214
2022-03-02,BULL_VOLATILE,0.011382,BULL_VOLATILE,0.039821
2022-03-03,BULL_VOLATILE,0.01995,BULL_VOLATILE,0.054555
2022-03-04,BULL_VOLATILE,0.011939,BULL_VOLATILE,0.008666
2022-03-07,BULL_VOLATILE,0.009476,BULL_VOLATILE,0.001046
2022-03-08,BULL_VOLATILE,0.02858,BULL_VOLATILE,0.000755
2022-03-09,BULL_VOLATILE,0.015881,BULL_VOLATILE,0.001258
2022-03-10,BULL_VOLATILE,5.1e-05,BULL_VOLATILE,0.000568
2022-03-11,BULL_VOLATILE,1e-06,BULL_VOLATILE,0.000342
2022-03-14,BULL_VOLATILE,0.0,BULL_VOLATILE,0.000284
2022-03-15,BULL_VOLATILE,0.0,BULL_VOLATILE,0.00031
2022-03-16,BULL_VOLATILE,0.0,BULL_VOLATILE,0.000458
2022-03-17,BULL_VOLATILE,0.00027,BULL_VOLATILE,0.001207
2022-03-18,BULL_VOLATILE,0.00042,BULL_VOLATILE,0.001264
2022-03-21,BULL_VOLATILE,9e-06,BULL_VOLATILE,0.003275
2022-03-22,BULL_VOLATILE,0.001393,BULL_VOLATILE,0.013806
2022-03-23,BULL_VOLATILE,0.01476,BULL_VOLATILE,0.002643
2022-03-24,BULL_VOLATILE,0.00479,BULL_VOLATILE,0.004078
2022-03-25,BULL_VOLATILE,6e-05,BULL_VOLATILE,0.009669
2022-03-28,BULL_VOLATILE,1e-05,BULL_VOLATILE,0.064124
2022-03-29,BULL_VOLATILE,0.000272,BULL_VOLATILE,0.182004
2022-03-30,BULL_VOLATILE,0.000101,BULL_VOLATILE,0.30187
2022-03-31,BULL_VOLATILE,0.002564,BULL_VOLATILE,0.188297
2022-04-01,BULL_VOLATILE,0.000702,BULL_VOLATILE,0.16344
2022-04-04,BULL_VOLATILE,0.000324,BULL_VOLATILE,0.134698
2022-04-05,BULL_VOLATILE,0.009371,BULL_VOLATILE,0.005503
2022-04-06,BULL_VOLATILE,0.013714,BULL_VOLATILE,0.000156
2022-04-07,BULL_VOLATILE,0.005761,BULL_VOLATILE,7.3e-05
2022-04-08,BULL_VOLATILE,0.00635,BULL_VOLATILE,8.4e-05
2022-04-11,BULL_VOLATILE,0.03177,BULL_VOLATILE,0.000124
2022-04-12,BULL_VOLATILE,0.020685,BULL_VOLATILE,0.0001
2022-04-13,BULL_VOLATILE,9e-06,BULL_VOLATILE,6.7e-05
2022-04-14,BULL_VOLATILE,0.0,BULL_VOLATILE,4.9e-05
2022-04-18,BULL_VOLATILE,0.0,BULL_VOLATILE,4.4e-05
2022-04-19,BULL_VOLATILE,0.0,BULL_VOLATILE,6.4e-05
2022-04-20,BULL_VOLATILE,1e-06,BULL_VOLATILE,5.7e-05
2022-04-21,BULL_VOLATILE,0.0014,BULL_VOLATILE,5.3e-05
2022-04-22,BULL_VOLATILE,0.042332,BULL_VOLATILE,0.000114
2022-04-25,BULL_VOLATILE,0.008999,BULL_VOLATILE,0.000309
2022-04-26,BULL_VOLATILE,0.01986,BULL_VOLATILE,0.002493
2022-04-27,BULL_VOLATILE,0.011076,BULL_VOLATILE,0.000801
2022-04-28,BULL_VOLATILE,0.016441,BULL_VOLATILE,0.000569
2022-04-29,BULL_VOLATILE,0.028303,BULL_VOLATILE,0.000664
2022-05-02,BULL_VOLATILE,0.000526,BULL_VOLATILE,0.002243
2022-05-03,BULL_VOLATILE,4e-05,BULL_VOLATILE,0.058244
2022-05-04,BULL_VOLATILE,1e-05,BULL_VOLATILE,0.109159
2022-05-05,BULL_VOLATILE,3.6e-05,BULL_VOLATILE,0.223567
2022-05-06,BULL_VOLATILE,0.0,BULL_VOLATILE,0.420748
2022-05-09,BULL_VOLATILE,0.04033,BEAR,0.906081
2022-05-10,BULL_VOLATILE,0.068085,BEAR,0.999839
2022-05-11,BULL_VOLATILE,0.007739,BEAR,0.99999
2022-05-12,BULL_VOLATILE,1e-06,BEAR,0.99956
2022-05-13,BULL_VOLATILE,0.0,BEAR,0.994833
2022-05-16,BULL_VOLATILE,0.0,BEAR,0.993193
2022-05-17,BULL_VOLATILE,0.0,BEAR,0.993164
2022-05-18,BEAR,0.769184,BEAR,0.999736
2022-05-19,BULL_VOLATILE,0.086681,BEAR,0.999298
2022-05-20,BULL_VOLATILE,0.004955,BEAR,0.998896
2022-05-23,BULL_VOLATILE,0.006012,BEAR,0.999734
2022-05-24,BULL_VOLATILE,0.255152,BEAR,0.999398
2022-05-25,BULL_VOLATILE,0.071876,BEAR,0.997569
2022-05-26,BULL_VOLATILE,0.002317,BEAR,0.988991
2022-05-27,BULL_VOLATILE,0.000117,BEAR,0.981186
2022-05-31,BULL_VOLATILE,0.002425,BEAR,0.96726
2022-06-01,BULL_VOLATILE,0.056475,BEAR,0.924784
2022-06-02,BULL_VOLATILE,0.047377,BEAR,0.979294
2022-06-03,BULL_VOLATILE,0.089206,BEAR,0.941305
2022-06-06,BULL_VOLATILE,0.080978,BEAR,0.933211
2022-06-07,BULL_VOLATILE,0.022027,BEAR,0.790971
2022-06-08,BULL_VOLATILE,0.029374,BEAR,0.558796
2022-06-09,BULL_VOLATILE,0.029388,BULL_VOLATILE,0.156076
2022-06-10,BULL_VOLATILE,0.201093,BULL_VOLATILE,0.046162
2022-06-13,BEAR,0.964709,BULL_VOLATILE,0.360608
2022-06-14,BEAR,0.934969,BEAR,0.989396
2022-06-15,BEAR,0.848696,BEAR,0.999383
2022-06-16,BEAR,0.957467,BEAR,0.999994
2022-06-17,BEAR,0.958874,BEAR,1.0
2022-06-21,BEAR,0.931228,BEAR,1.0
2022-06-22,BEAR,0.960821,BEAR,1.0
2022-06-23,BEAR,0.844704,BEAR,0.999999
2022-06-24,BULL_VOLATILE,0.403726,BEAR,0.999918
2022-06-27,BULL_VOLATILE,0.204225,BEAR,0.999742
2022-06-28,BULL_VOLATILE,0.124103,BEAR,0.999836
2022-06-29,BULL_VOLATILE,0.107951,BEAR,0.999966
2022-06-30,BULL_VOLATILE,0.040591,BEAR,0.999536
2022-07-01,BULL_VOLATILE,0.070085,BEAR,0.947568
2022-07-05,BULL_VOLATILE,0.006352,BEAR,0.880043
2022-07-06,BULL_VOLATILE,0.002128,BEAR,0.638031
2022-07-07,BULL_VOLATILE,0.012707,BEAR,0.55626
2022-07-08,BULL_VOLATILE,0.000114,BULL_VOLATILE,0.353522
2022-07-11,BULL_VOLATILE,0.000488,BULL_VOLATILE,0.068762
2022-07-12,BULL_VOLATILE,0.022983,BULL_VOLATILE,0.007324
2022-07-13,BULL_VOLATILE,0.004336,BULL_VOLATILE,0.000342
2022-07-14,BULL_VOLATILE,0.00444,BULL_VOLATILE,0.000261
2022-07-15,BULL_VOLATILE,0.016954,BULL_VOLATILE,0.000437
2022-07-18,BULL_VOLATILE,0.004884,BULL_VOLATILE,9.1e-05
2022-07-19,BULL_VOLATILE,0.009594,BULL_VOLATILE,0.000211
2022-07-20,BULL_VOLATILE,0.006934,BULL_VOLATILE,0.000223
2022-07-21,BULL_VOLATILE,0.005761,BULL_VOLATILE,0.000205
2022-07-22,BULL_VOLATILE,0.001116,BULL_VOLATILE,0.000188
2022-07-25,BULL_VOLATILE,0.002578,BULL_VOLATILE,0.000479
2022-07-26,BULL_VOLATILE,0.002114,BULL_VOLATILE,0.0004
2022-07-27,BULL_VOLATILE,0.001334,BULL_VOLATILE,0.001623
2022-07-28,BULL_VOLATILE,0.000532,BULL_VOLATILE,0.009369
2022-07-29,BULL_VOLATILE,0.006616,BULL_VOLATILE,0.036681
2022-08-01,BULL_VOLATILE,0.006031,BEAR,0.658228
2022-08-02,BULL_VOLATILE,0.000364,BEAR,0.897901
2022-08-03,BULL_VOLATILE,0.0,BEAR,0.974228
2022-08-04,BULL_VOLATILE,0.000164,BEAR,0.695044
2022-08-05,BULL_VOLATILE,0.00106,BULL_VOLATILE,0.339947
2022-08-08,BULL_VOLATILE,6e-06,BULL_VOLATILE,0.036054
2022-08-09,BULL_VOLATILE,0.0,BULL_VOLATILE,0.003585
2022-08-10,BULL_VOLATILE,0.0,BULL_VOLATILE,0.000688
2022-08-11,BULL_VOLATILE,0.0,BULL_VOLATILE,0.000448
2022-08-12,BULL_VOLATILE,0.0,BULL_VOLATILE,0.001659
2022-08-15,BULL_VOLATILE,0.0,BULL_VOLATILE,0.00553
2022-08-16,BULL_CALM,0.0,BULL_VOLATILE,0.010147
2022-08-17,BULL_CALM,0.0,BULL_VOLATILE,0.001688
2022-08-18,BULL_CALM,0.0,BULL_VOLATILE,0.000209
2022-08-19,BULL_CALM,0.0,BULL_VOLATILE,0.00012
2022-08-22,BULL_VOLATILE,0.0,BULL_VOLATILE,9.7e-05
2022-08-23,BULL_VOLATILE,0.0,BULL_VOLATILE,9.7e-05
2022-08-24,BULL_VOLATILE,0.0,BULL_VOLATILE,7.8e-05
2022-08-25,BULL_VOLATILE,0.0,BULL_VOLATILE,8.5e-05
2022-08-26,BULL_VOLATILE,0.0,BULL_VOLATILE,9.8e-05
2022-08-29,BULL_VOLATILE,0.000767,BULL_VOLATILE,0.000206
2022-08-30,BULL_VOLATILE,0.000261,BULL_VOLATILE,0.00068
2022-08-31,BULL_VOLATILE,5.3e-05,BULL_VOLATILE,0.005623
2022-09-01,BULL_VOLATILE,1e-06,BULL_VOLATILE,0.013991
2022-09-02,BULL_VOLATILE,3e-06,BULL_VOLATILE,0.205554
2022-09-06,BULL_VOLATILE,0.0,BEAR,0.632083
2022-09-07,BULL_VOLATILE,7.9e-05,BEAR,0.737535
2022-09-08,BULL_VOLATILE,0.000172,BEAR,0.696562
2022-09-09,BULL_VOLATILE,0.018695,BULL_VOLATILE,0.205719
2022-09-12,BULL_VOLATILE,0.010761,BULL_VOLATILE,0.007481
2022-09-13,BULL_VOLATILE,0.023262,BULL_VOLATILE,0.000545
2022-09-14,BULL_VOLATILE,0.015239,BULL_VOLATILE,0.000389
2022-09-15,BULL_VOLATILE,0.011852,BULL_VOLATILE,0.000368
2022-09-16,BULL_VOLATILE,0.022638,BULL_VOLATILE,0.000408
2022-09-19,BULL_VOLATILE,0.000113,BULL_VOLATILE,0.000326
2022-09-20,BULL_VOLATILE,0.0,BULL_VOLATILE,0.000256
2022-09-21,BULL_VOLATILE,0.0,BULL_VOLATILE,0.000609
2022-09-22,BULL_VOLATILE,0.0,BULL_VOLATILE,0.00324
2022-09-23,BULL_VOLATILE,0.000437,BULL_VOLATILE,0.132485
2022-09-26,BULL_VOLATILE,0.000829,BEAR,0.999984
2022-09-27,BULL_VOLATILE,0.000643,BEAR,0.999999
2022-09-28,BULL_VOLATILE,0.004387,BEAR,0.999999
2022-09-29,BULL_VOLATILE,0.074796,BEAR,0.999998
2022-09-30,BULL_VOLATILE,0.015427,BEAR,1.0
2022-10-03,BULL_VOLATILE,0.002843,BEAR,0.99987
2022-10-04,BULL_VOLATILE,0.000391,BEAR,0.925865
2022-10-05,BULL_VOLATILE,0.001259,BEAR,0.729641
2022-10-06,BULL_VOLATILE,0.000663,BULL_VOLATILE,0.229043
2022-10-07,BULL_VOLATILE,0.016757,BULL_VOLATILE,0.040134
2022-10-10,BULL_VOLATILE,0.016006,BULL_VOLATILE,0.006052
2022-10-11,BULL_VOLATILE,0.004796,BULL_VOLATILE,0.000871
2022-10-12,BULL_VOLATILE,0.000193,BULL_VOLATILE,0.000295
2022-10-13,BULL_VOLATILE,0.0,BULL_VOLATILE,0.00076
2022-10-14,BULL_VOLATILE,0.0,BULL_VOLATILE,0.001058
2022-10-17,BULL_VOLATILE,0.0,BULL_VOLATILE,0.002483
2022-10-18,BULL_VOLATILE,0.0,BULL_VOLATILE,0.002504
2022-10-19,BULL_VOLATILE,0.0,BULL_VOLATILE,0.001792
2022-10-20,BULL_VOLATILE,0.0,BULL_VOLATILE,0.001717
2022-10-21,BULL_VOLATILE,0.0,BULL_VOLATILE,0.006233
2022-10-24,BULL_VOLATILE,0.074136,BULL_VOLATILE,0.020476
2022-10-25,BULL_VOLATILE,0.251777,BULL_VOLATILE,0.157923
2022-10-26,BULL_VOLATILE,0.208166,BEAR,0.598677
2022-10-27,BULL_VOLATILE,0.013511,BEAR,0.749811
2022-10-28,BULL_VOLATILE,0.029283,BEAR,0.99246
2022-10-31,BULL_VOLATILE,0.00589,BEAR,0.990822
2022-11-01,BULL_VOLATILE,0.006852,BEAR,0.973405
2022-11-02,BULL_VOLATILE,0.003787,BEAR,0.958453
2022-11-03,BULL_VOLATILE,0.023099,BEAR,0.571393
2022-11-04,BULL_VOLATILE,0.010712,BULL_VOLATILE,0.096209
2022-11-07,BULL_VOLATILE,0.002736,BULL_VOLATILE,0.003785
2022-11-08,BULL_VOLATILE,0.004745,BULL_VOLATILE,0.00039
2022-11-09,BULL_VOLATILE,0.009868,BULL_VOLATILE,0.00043
2022-11-10,BULL_VOLATILE,0.128735,BULL_VOLATILE,0.015696
2022-11-11,BULL_VOLATILE,0.005822,BULL_VOLATILE,0.012095
2022-11-14,BULL_VOLATILE,0.043306,BULL_VOLATILE,0.00607
2022-11-15,BULL_VOLATILE,0.002585,BULL_VOLATILE,0.007528
2022-11-16,BULL_VOLATILE,0.001115,BULL_VOLATILE,0.022914
2022-11-17,BULL_VOLATILE,1.9e-05,BULL_VOLATILE,0.060155
2022-11-18,BULL_VOLATILE,1e-05,BULL_VOLATILE,0.043971
2022-11-21,BULL_VOLATILE,0.0,BULL_VOLATILE,0.016311
2022-11-22,BULL_VOLATILE,0.0016,BULL_VOLATILE,0.011124
2022-11-23,BULL_VOLATILE,0.035532,BULL_VOLATILE,0.046234
2022-11-25,BULL_VOLATILE,0.013163,BULL_VOLATILE,0.004864
2022-11-28,BULL_VOLATILE,0.00789,BULL_VOLATILE,0.000791
2022-11-29,BULL_VOLATILE,0.000821,BULL_VOLATILE,0.000441
2022-11-30,BULL_VOLATILE,0.016551,BULL_VOLATILE,0.002165
2022-12-01,BULL_VOLATILE,2.2e-05,BULL_VOLATILE,0.002389
2022-12-02,BULL_VOLATILE,2.8e-05,BULL_VOLATILE,0.003487
2022-12-05,BULL_VOLATILE,0.000432,BULL_VOLATILE,0.003091
2022-12-06,BULL_VOLATILE,0.000906,BULL_VOLATILE,0.004848
2022-12-07,BULL_VOLATILE,0.016104,BULL_VOLATILE,0.00446
2022-12-08,BULL_VOLATILE,0.046175,BULL_VOLATILE,0.00202
2022-12-09,BULL_VOLATILE,0.00816,BULL_VOLATILE,9.1e-05
2022-12-12,BULL_VOLATILE,0.000653,BULL_VOLATILE,0.000106
2022-12-13,BULL_VOLATILE,1e-06,BULL_VOLATILE,0.000155
2022-12-14,BULL_VOLATILE,2.1e-05,BULL_VOLATILE,7.3e-05
2022-12-15,BULL_VOLATILE,0.002326,BULL_VOLATILE,0.000166
2022-12-16,BULL_VOLATILE,0.034197,BULL_VOLATILE,0.000226
2022-12-19,BULL_VOLATILE,0.035327,BULL_VOLATILE,0.000246
2022-12-20,BULL_VOLATILE,0.039954,BULL_VOLATILE,0.000258
2022-12-21,BULL_VOLATILE,0.024633,BULL_VOLATILE,0.000241
2022-12-22,BULL_VOLATILE,0.017144,BULL_VOLATILE,0.000447
2022-12-23,BULL_VOLATILE,0.001733,BULL_VOLATILE,0.001243
2022-12-27,BULL_VOLATILE,0.015473,BULL_VOLATILE,0.001886
2022-12-28,BULL_VOLATILE,0.015319,BULL_VOLATILE,0.003609
2022-12-29,BULL_VOLATILE,0.008715,BULL_VOLATILE,0.006081
2022-12-30,BULL_VOLATILE,0.006266,BULL_VOLATILE,0.003674
2023-01-03,BULL_VOLATILE,0.007795,BULL_VOLATILE,0.003461
2023-01-04,BULL_VOLATILE,0.001951,BULL_VOLATILE,0.006257
2023-01-05,BULL_VOLATILE,0.004282,BULL_VOLATILE,0.000326
2023-01-06,BULL_VOLATILE,0.00269,BULL_VOLATILE,9e-06
2023-01-09,BULL_VOLATILE,0.004972,BULL_VOLATILE,1.6e-05
2023-01-10,BULL_VOLATILE,0.000531,BULL_VOLATILE,2.3e-05
2023-01-11,BULL_VOLATILE,0.000146,BULL_VOLATILE,6.6e-05
2023-01-12,BULL_VOLATILE,0.00611,BULL_VOLATILE,0.000208
2023-01-13,BULL_VOLATILE,0.000644,BULL_VOLATILE,5.1e-05
2023-01-17,BULL_VOLATILE,8.9e-05,BULL_VOLATILE,8.2e-05
2023-01-18,BULL_VOLATILE,9e-05,BULL_VOLATILE,0.000125
2023-01-19,BULL_VOLATILE,8.9e-05,BULL_VOLATILE,0.000111
2023-01-20,BULL_VOLATILE,0.000206,BULL_VOLATILE,0.000273
2023-01-23,BULL_VOLATILE,0.000338,BULL_VOLATILE,0.000205
2023-01-24,BULL_VOLATILE,0.000203,BULL_VOLATILE,0.000257
2023-01-25,BULL_VOLATILE,0.000434,BULL_VOLATILE,0.000168
2023-01-26,BULL_VOLATILE,0.000177,BULL_VOLATILE,0.000159
2023-01-27,BULL_VOLATILE,0.000161,BULL_VOLATILE,0.000201
2023-01-30,BULL_VOLATILE,2e-06,BULL_VOLATILE,0.000103
2023-01-31,BULL_VOLATILE,3e-06,BULL_VOLATILE,0.000146
2023-02-01,BULL_VOLATILE,1e-06,BULL_VOLATILE,0.000524
2023-02-02,BULL_VOLATILE,0.0,BULL_VOLATILE,0.002847
2023-02-03,BULL_CALM,0.0,BULL_VOLATILE,0.001316
2023-02-06,BULL_CALM,0.0,BULL_VOLATILE,0.000856
2023-02-07,BULL_VOLATILE,0.0,BULL_VOLATILE,0.001503
2023-02-08,BULL_VOLATILE,3.9e-05,BULL_VOLATILE,0.000658
2023-02-09,BULL_VOLATILE,2e-06,BULL_VOLATILE,0.000301
2023-02-10,BULL_VOLATILE,0.0,BULL_VOLATILE,0.000104
2023-02-13,BULL_VOLATILE,0.0,BULL_VOLATILE,0.000215
2023-02-14,BULL_VOLATILE,2e-05,BULL_VOLATILE,0.000117
2023-02-15,BULL_VOLATILE,8e-06,BULL_VOLATILE,9.8e-05
2023-02-16,BULL_VOLATILE,0.000121,BULL_VOLATILE,4.7e-05
2023-02-17,BULL_VOLATILE,0.00042,BULL_VOLATILE,2.9e-05
2023-02-21,BULL_VOLATILE,0.00462,BULL_VOLATILE,4.7e-05
2023-02-22,BULL_VOLATILE,0.003889,BULL_VOLATILE,4.8e-05
2023-02-23,BULL_VOLATILE,0.001009,BULL_VOLATILE,5.5e-05
2023-02-24,BULL_VOLATILE,0.003296,BULL_VOLATILE,6.1e-05
2023-02-27,BULL_VOLATILE,0.004163,BULL_VOLATILE,6.1e-05
2023-02-28,BULL_VOLATILE,0.003041,BULL_VOLATILE,7.9e-05
2023-03-01,BULL_VOLATILE,0.00365,BULL_VOLATILE,5.9e-05
2023-03-02,BULL_VOLATILE,0.002984,BULL_VOLATILE,4.4e-05
2023-03-03,BULL_VOLATILE,0.0028,BULL_VOLATILE,9.4e-05
2023-03-06,BULL_VOLATILE,0.002794,BULL_VOLATILE,0.00011
2023-03-07,BULL_VOLATILE,0.003755,BULL_VOLATILE,9.9e-05
2023-03-08,BULL_VOLATILE,0.004701,BULL_VOLATILE,0.000109
2023-03-09,BULL_VOLATILE,0.006102,BULL_VOLATILE,6.1e-05
2023-03-10,BULL_VOLATILE,0.001862,BULL_VOLATILE,8.1e-05
2023-03-13,BULL_VOLATILE,0.010469,BULL_VOLATILE,0.000111
2023-03-14,BULL_VOLATILE,0.000345,BULL_VOLATILE,0.000158
2023-03-15,BULL_VOLATILE,0.001092,BULL_VOLATILE,0.000157
2023-03-16,BULL_VOLATILE,0.001049,BULL_VOLATILE,0.000139
2023-03-17,BULL_VOLATILE,0.004347,BULL_VOLATILE,0.000121
2023-03-20,BULL_VOLATILE,0.002049,BULL_VOLATILE,8.2e-05
2023-03-21,BULL_VOLATILE,0.001408,BULL_VOLATILE,0.000119
2023-03-22,BULL_VOLATILE,0.003617,BULL_VOLATILE,6.6e-05
2023-03-23,BULL_VOLATILE,0.002395,BULL_VOLATILE,9.5e-05
2023-03-24,BULL_VOLATILE,0.002962,BULL_VOLATILE,0.000192
2023-03-27,BULL_VOLATILE,0.003382,BULL_VOLATILE,6e-05
2023-03-28,BULL_VOLATILE,0.003013,BULL_VOLATILE,1.3e-05
2023-03-29,BULL_VOLATILE,0.002935,BULL_VOLATILE,2.8e-05
2023-03-30,BULL_VOLATILE,0.001859,BULL_VOLATILE,2.6e-05
2023-03-31,BULL_VOLATILE,0.001192,BULL_VOLATILE,0.000219
2023-04-03,BULL_VOLATILE,0.003369,BULL_VOLATILE,0.000327
2023-04-04,BULL_VOLATILE,0.0015,BULL_VOLATILE,0.000218
2023-04-05,BULL_VOLATILE,0.004214,BULL_VOLATILE,0.000298
2023-04-06,BULL_VOLATILE,0.001557,BULL_VOLATILE,0.000353
2023-04-10,BULL_VOLATILE,0.000767,BULL_VOLATILE,0.000299
2023-04-11,BULL_VOLATILE,0.000906,BULL_VOLATILE,0.000278
2023-04-12,BULL_VOLATILE,0.000616,BULL_VOLATILE,0.000282
2023-04-13,BULL_VOLATILE,0.000291,BULL_VOLATILE,0.000264
2023-04-14,BULL_CALM,0.00022,BULL_VOLATILE,0.00029
2023-04-17,BULL_CALM,0.000427,BULL_VOLATILE,0.000194
2023-04-18,BULL_CALM,5.1e-05,BULL_VOLATILE,0.000134
2023-04-19,BULL_CALM,0.0,BULL_CALM,2.4e-05
2023-04-20,BULL_CALM,0.0,BULL_CALM,1e-06
2023-04-21,BULL_CALM,0.0,BULL_CALM,0.0
2023-04-24,BULL_CALM,0.0,BULL_CALM,0.0
2023-04-25,BULL_CALM,0.0,BULL_CALM,0.0
2023-04-26,BULL_VOLATILE,1e-05,BULL_CALM,0.0
2023-04-27,BULL_CALM,1e-06,BULL_CALM,0.0
2023-04-28,BULL_CALM,4.2e-05,BULL_CALM,5e-06
2023-05-01,BULL_CALM,0.0,BULL_CALM,4e-06
2023-05-02,BULL_VOLATILE,5e-06,BULL_CALM,3e-06
2023-05-03,BULL_VOLATILE,6e-06,BULL_CALM,1e-05
2023-05-04,BULL_VOLATILE,6.5e-05,BULL_CALM,3.8e-05
2023-05-05,BULL_VOLATILE,1e-06,BULL_VOLATILE,0.000113
2023-05-08,BULL_VOLATILE,2e-05,BULL_VOLATILE,0.000134
2023-05-09,BULL_VOLATILE,0.000644,BULL_VOLATILE,0.000183
2023-05-10,BULL_VOLATILE,0.001661,BULL_VOLATILE,0.000253
2023-05-11,BULL_CALM,0.000231,BULL_VOLATILE,0.000114
2023-05-12,BULL_VOLATILE,0.001742,BULL_VOLATILE,0.000133
2023-05-15,BULL_VOLATILE,0.00464,BULL_VOLATILE,8.2e-05
2023-05-16,BULL_VOLATILE,0.003648,BULL_VOLATILE,7.9e-05
2023-05-17,BULL_VOLATILE,0.00034,BULL_VOLATILE,9.2e-05
2023-05-18,BULL_VOLATILE,0.005849,BULL_VOLATILE,0.0002
2023-05-19,BULL_VOLATILE,0.004008,BULL_VOLATILE,3.1e-05
2023-05-22,BULL_VOLATILE,0.004704,BULL_VOLATILE,7.7e-05
2023-05-23,BULL_VOLATILE,0.002939,BULL_VOLATILE,7.9e-05
2023-05-24,BULL_VOLATILE,0.008023,BULL_VOLATILE,9.5e-05
2023-05-25,BULL_CALM,0.000689,BULL_VOLATILE,0.000155
2023-05-26,BULL_CALM,0.002202,BULL_VOLATILE,0.000391
2023-05-30,BULL_CALM,0.002703,BULL_VOLATILE,0.000327
2023-05-31,BULL_CALM,0.0018,BULL_VOLATILE,0.000285
2023-06-01,BULL_CALM,0.000865,BULL_VOLATILE,0.000236
2023-06-02,BULL_CALM,0.000232,BULL_VOLATILE,0.000345
2023-06-05,BULL_CALM,2e-06,BULL_VOLATILE,0.000273
2023-06-06,BULL_CALM,4e-05,BULL_VOLATILE,0.000197
2023-06-07,BULL_CALM,3e-06,BULL_CALM,0.000145
2023-06-08,BULL_CALM,0.0,BULL_VOLATILE,0.000457
2023-06-09,BULL_CALM,0.0,BULL_CALM,0.000162
2023-06-12,BULL_CALM,0.0,BULL_CALM,7.2e-05
2023-06-13,BULL_CALM,0.0,BULL_CALM,6.1e-05
2023-06-14,BULL_CALM,1e-06,BULL_CALM,0.000227
2023-06-15,BULL_CALM,0.0,BULL_CALM,0.000205
2023-06-16,BULL_CALM,0.0,BULL_CALM,0.000248
2023-06-20,BULL_CALM,0.0,BULL_CALM,0.000379
2023-06-21,BULL_CALM,0.0,BULL_VOLATILE,0.000635
2023-06-22,BULL_CALM,0.0,BULL_VOLATILE,0.001257
2023-06-23,BULL_CALM,0.0,BULL_VOLATILE,0.000165
2023-06-26,BULL_CALM,0.0,BULL_CALM,5.3e-05
2023-06-27,BULL_CALM,0.0,BULL_CALM,8e-06
2023-06-28,BULL_CALM,0.0,BULL_CALM,2e-06
2023-06-29,BULL_CALM,0.0,BULL_CALM,0.0
2023-06-30,BULL_CALM,0.0,BULL_CALM,0.0
2023-07-03,BULL_CALM,0.0,BULL_CALM,0.0
2023-07-05,BULL_CALM,0.0,BULL_CALM,0.0
2023-07-06,BULL_CALM,0.0,BULL_CALM,0.0
2023-07-07,BULL_CALM,0.0,BULL_CALM,0.0
2023-07-10,BULL_CALM,0.0,BULL_CALM,0.0
2023-07-11,BULL_CALM,0.0,BULL_CALM,0.0
2023-07-12,BULL_CALM,0.0,BULL_CALM,1e-06
2023-07-13,BULL_CALM,0.0,BULL_CALM,1e-06
2023-07-14,BULL_CALM,4e-06,BULL_CALM,0.0
2023-07-17,BULL_CALM,5.6e-05,BULL_CALM,0.0
2023-07-18,BULL_CALM,0.0,BULL_CALM,0.0
2023-07-19,BULL_CALM,0.0,BULL_CALM,0.0
2023-07-20,BULL_CALM,0.0,BULL_CALM,0.0
2023-07-21,BULL_CALM,0.0,BULL_CALM,0.0
2023-07-24,BULL_CALM,0.0,BULL_CALM,0.0
2023-07-25,BULL_CALM,0.0,BULL_CALM,0.0
2023-07-26,BULL_CALM,6.5e-05,BULL_CALM,0.0
2023-07-27,BULL_CALM,0.000537,BULL_CALM,0.0
2023-07-28,BULL_CALM,0.0,BULL_CALM,0.0
2023-07-31,BULL_CALM,0.0,BULL_CALM,0.0
2023-08-01,BULL_CALM,0.0,BULL_CALM,0.0
2023-08-02,BULL_CALM,0.0,BULL_CALM,0.0
2023-08-03,BULL_CALM,0.0,BULL_CALM,0.0
2023-08-04,BULL_CALM,0.0,BULL_CALM,0.0
2023-08-07,BULL_CALM,0.0,BULL_CALM,0.0
2023-08-08,BULL_CALM,0.0,BULL_CALM,0.0
2023-08-09,BULL_VOLATILE,0.000138,BULL_CALM,0.0
2023-08-10,BULL_CALM,0.000167,BULL_CALM,0.0
2023-08-11,BULL_VOLATILE,0.000432,BULL_CALM,3e-06
2023-08-14,BULL_VOLATILE,0.0,BULL_CALM,4.1e-05
2023-08-15,BULL_VOLATILE,6e-06,BULL_VOLATILE,7.9e-05
2023-08-16,BULL_VOLATILE,2e-06,BULL_VOLATILE,0.000135
2023-08-17,BULL_VOLATILE,1.7e-05,BULL_VOLATILE,0.000178
2023-08-18,BULL_VOLATILE,3e-06,BULL_VOLATILE,0.000298
2023-08-21,BULL_VOLATILE,3.4e-05,BULL_VOLATILE,0.000469
2023-08-22,BULL_VOLATILE,0.003452,BULL_VOLATILE,0.000261
2023-08-23,BULL_CALM,0.000179,BULL_VOLATILE,0.000189
2023-08-24,BULL_VOLATILE,0.000406,BULL_VOLATILE,5.4e-05
2023-08-25,BULL_CALM,2e-06,BULL_VOLATILE,3.6e-05
2023-08-28,BULL_CALM,6e-06,BULL_VOLATILE,5.4e-05
2023-08-29,BULL_CALM,1e-05,BULL_VOLATILE,0.000113
2023-08-30,BULL_CALM,0.000412,BULL_VOLATILE,0.000258
2023-08-31,BULL_CALM,1.9e-05,BULL_VOLATILE,0.000241
2023-09-01,BULL_CALM,0.000588,BULL_VOLATILE,0.000147
2023-09-05,BULL_CALM,4e-06,BULL_CALM,2.9e-05
2023-09-06,BULL_CALM,1e-06,BULL_CALM,8e-06
2023-09-07,BULL_CALM,0.0,BULL_CALM,4e-06
2023-09-08,BULL_CALM,0.0,BULL_CALM,2e-06
2023-09-11,BULL_CALM,0.000521,BULL_CALM,1e-06
2023-09-12,BULL_CALM,0.001629,BULL_CALM,0.0
2023-09-13,BULL_CALM,0.00051,BULL_CALM,1e-06
2023-09-14,BULL_CALM,0.000457,BULL_CALM,1e-06
2023-09-15,BULL_VOLATILE,0.000862,BULL_CALM,2e-06
2023-09-18,BULL_CALM,0.000462,BULL_CALM,5e-06
2023-09-19,BULL_CALM,0.000337,BULL_CALM,3e-06
2023-09-20,BULL_VOLATILE,0.001831,BULL_CALM,6e-06
2023-09-21,BULL_VOLATILE,0.014416,BULL_VOLATILE,5.8e-05
2023-09-22,BULL_VOLATILE,0.031835,BULL_VOLATILE,0.000134
2023-09-25,BULL_VOLATILE,0.013058,BULL_VOLATILE,0.000123
2023-09-26,BULL_VOLATILE,0.014516,BULL_VOLATILE,8.6e-05
2023-09-27,BULL_VOLATILE,0.003099,BULL_VOLATILE,0.000416
2023-09-28,BULL_VOLATILE,0.001974,BULL_VOLATILE,0.001362
2023-09-29,BULL_VOLATILE,0.00023,BULL_VOLATILE,0.000928
2023-10-02,BULL_VOLATILE,0.000723,BULL_VOLATILE,0.001318
2023-10-03,BULL_VOLATILE,0.000374,BULL_VOLATILE,0.001263
2023-10-04,BULL_VOLATILE,0.0,BULL_VOLATILE,0.001542
2023-10-05,BULL_VOLATILE,3.3e-05,BULL_VOLATILE,0.000421
2023-10-06,BULL_CALM,0.0,BULL_VOLATILE,0.000134
2023-10-09,BULL_CALM,0.0,BULL_VOLATILE,0.000136
2023-10-10,BULL_CALM,0.0,BULL_VOLATILE,0.000237
2023-10-11,BULL_CALM,0.0,BULL_VOLATILE,0.000201
2023-10-12,BULL_CALM,0.0,BULL_VOLATILE,0.000107
2023-10-13,BULL_CALM,0.0,BULL_VOLATILE,0.000133
2023-10-16,BULL_CALM,0.0,BULL_VOLATILE,0.000142
2023-10-17,BULL_CALM,0.0,BULL_VOLATILE,0.000272
2023-10-18,BULL_CALM,0.0,BULL_VOLATILE,0.000106
2023-10-19,BULL_CALM,1e-06,BULL_VOLATILE,0.00015
2023-10-20,BULL_VOLATILE,1.6e-05,BULL_VOLATILE,0.000113
2023-10-23,BULL_VOLATILE,0.0,BULL_VOLATILE,0.000118
2023-10-24,BULL_VOLATILE,0.0,BULL_VOLATILE,0.000147
2023-10-25,BULL_VOLATILE,0.0,BULL_VOLATILE,0.000122
2023-10-26,BULL_VOLATILE,0.013592,BULL_VOLATILE,0.000151
2023-10-27,BULL_VOLATILE,0.02481,BULL_VOLATILE,0.000405
2023-10-30,BULL_VOLATILE,0.001206,BULL_VOLATILE,0.000568
2023-10-31,BULL_VOLATILE,0.000837,BULL_VOLATILE,0.000458
2023-11-01,BULL_VOLATILE,0.003349,BULL_VOLATILE,0.000236
2023-11-02,BULL_VOLATILE,0.006822,BULL_VOLATILE,8.8e-05
2023-11-03,BULL_VOLATILE,0.001261,BULL_VOLATILE,0.000165
2023-11-06,BULL_VOLATILE,0.01007,BULL_VOLATILE,0.000248
2023-11-07,BULL_VOLATILE,0.013869,BULL_VOLATILE,0.000192
2023-11-08,BULL_VOLATILE,0.003067,BULL_VOLATILE,0.000368
2023-11-09,BULL_VOLATILE,0.000436,BULL_VOLATILE,0.000235
2023-11-10,BULL_VOLATILE,3.3e-05,BULL_VOLATILE,0.002944
2023-11-13,BULL_VOLATILE,9.7e-05,BULL_VOLATILE,0.003802
2023-11-14,BULL_VOLATILE,0.0,BULL_VOLATILE,0.00776
2023-11-15,BULL_VOLATILE,0.0,BULL_VOLATILE,0.099138
2023-11-16,BULL_CALM,0.0,BULL_VOLATILE,0.358476
2023-11-17,BULL_CALM,0.0,BULL_VOLATILE,0.451823
2023-11-20,BULL_CALM,0.0,BULL_VOLATILE,0.375658
2023-11-21,BULL_VOLATILE,3.2e-05,BULL_VOLATILE,0.173751
2023-11-22,BULL_VOLATILE,0.000714,BULL_VOLATILE,0.012339
2023-11-24,BULL_CALM,0.0,BULL_VOLATILE,0.001041
2023-11-27,BULL_CALM,0.0,BULL_VOLATILE,8.7e-05
2023-11-28,BULL_CALM,0.0,BULL_CALM,5.7e-05
2023-11-29,BULL_CALM,0.0,BULL_CALM,1.1e-05
2023-11-30,BULL_CALM,0.0,BULL_CALM,1.8e-05
2023-12-01,BULL_CALM,0.0,BULL_CALM,9e-06
2023-12-04,BULL_CALM,0.0,BULL_CALM,0.0
2023-12-05,BULL_CALM,0.0,BULL_CALM,0.0
2023-12-06,BULL_CALM,0.0,BULL_CALM,0.0
2023-12-07,BULL_CALM,0.0,BULL_CALM,0.0
2023-12-08,BULL_CALM,0.0,BULL_CALM,0.0
2023-12-11,BULL_CALM,0.0,BULL_CALM,0.0
2023-12-12,BULL_CALM,0.0,BULL_CALM,0.0
2023-12-13,BULL_CALM,0.0,BULL_CALM,1e-06
2023-12-14,BULL_CALM,0.0,BULL_CALM,1e-06
2023-12-15,BULL_CALM,0.0,BULL_CALM,0.0
2023-12-18,BULL_CALM,0.0,BULL_CALM,0.0
2023-12-19,BULL_CALM,0.0,BULL_CALM,0.0
2023-12-20,BULL_CALM,0.0,BULL_CALM,0.0
2023-12-21,BULL_CALM,0.0,BULL_CALM,0.0
2023-12-22,BULL_CALM,0.0,BULL_CALM,0.0
2023-12-26,BULL_CALM,0.0,BULL_CALM,0.0
2023-12-27,BULL_CALM,0.0,BULL_CALM,0.0
2023-12-28,BULL_CALM,0.0,BULL_CALM,0.0
2023-12-29,BULL_CALM,0.0,BULL_CALM,0.0
2024-01-02,BULL_CALM,0.0,BULL_CALM,0.0
2024-01-03,BULL_CALM,0.0,BULL_CALM,0.0
2024-01-04,BULL_CALM,0.0,BULL_CALM,0.0
2024-01-05,BULL_CALM,0.0,BULL_CALM,0.0
2024-01-08,BULL_CALM,0.0,BULL_CALM,0.0
2024-01-09,BULL_CALM,0.0,BULL_CALM,0.0
2024-01-10,BULL_CALM,0.0,BULL_CALM,1e-06
2024-01-11,BULL_CALM,1.6e-05,BULL_CALM,1e-06
2024-01-12,BULL_CALM,2e-06,BULL_CALM,0.0
2024-01-16,BULL_CALM,2e-06,BULL_CALM,0.0
2024-01-17,BULL_CALM,1.3e-05,BULL_CALM,0.0
2024-01-18,BULL_CALM,3e-06,BULL_CALM,0.0
2024-01-19,BULL_CALM,0.000114,BULL_CALM,7.8e-05
2024-01-22,BULL_CALM,0.010804,BULL_CALM,0.000102
2024-01-23,BULL_CALM,0.001832,BULL_CALM,2e-06
2024-01-24,BULL_CALM,0.00339,BULL_CALM,0.0
2024-01-25,BULL_CALM,0.00017,BULL_CALM,0.0
2024-01-26,BULL_CALM,7.8e-05,BULL_CALM,0.0
2024-01-29,BULL_CALM,0.003829,BULL_CALM,0.0
2024-01-30,BULL_CALM,0.000698,BULL_CALM,0.0
2024-01-31,BULL_CALM,0.000439,BULL_CALM,0.0
2024-02-01,BULL_CALM,0.000259,BULL_CALM,0.0
2024-02-02,BULL_CALM,0.000556,BULL_CALM,0.0
2024-02-05,BULL_CALM,2.1e-05,BULL_CALM,0.0
2024-02-06,BULL_CALM,0.0,BULL_CALM,1e-06
2024-02-07,BULL_CALM,0.000164,BULL_CALM,0.0
2024-02-08,BULL_CALM,0.0,BULL_CALM,0.0
2024-02-09,BULL_CALM,0.0,BULL_CALM,0.0
2024-02-12,BULL_CALM,0.0,BULL_CALM,0.0
2024-02-13,BULL_CALM,0.0,BULL_CALM,0.0
2024-02-14,BULL_CALM,0.0,BULL_CALM,1e-06
2024-02-15,BULL_CALM,0.0,BULL_CALM,1e-06
2024-02-16,BULL_CALM,0.0,BULL_CALM,0.0
2024-02-20,BULL_CALM,0.0,BULL_CALM,0.0
2024-02-21,BULL_CALM,0.000134,BULL_CALM,0.0
2024-02-22,BULL_CALM,0.000334,BULL_CALM,4e-06
2024-02-23,BULL_CALM,0.0,BULL_VOLATILE,6.2e-05
2024-02-26,BULL_CALM,0.0,BULL_VOLATILE,7.7e-05
2024-02-27,BULL_CALM,0.0,BULL_VOLATILE,9.7e-05
2024-02-28,BULL_CALM,0.0,BULL_VOLATILE,0.000166
2024-02-29,BULL_CALM,0.0,BULL_VOLATILE,0.000141
2024-03-01,BULL_CALM,0.0,BULL_VOLATILE,0.000194
2024-03-04,BULL_CALM,0.0,BULL_CALM,8.5e-05
2024-03-05,BULL_CALM,0.001297,BULL_CALM,2.5e-05
2024-03-06,BULL_CALM,0.001111,BULL_CALM,1e-05
2024-03-07,BULL_CALM,0.000697,BULL_CALM,2e-06
2024-03-08,BULL_CALM,0.000456,BULL_CALM,1e-06
2024-03-11,BULL_CALM,0.000314,BULL_CALM,1e-06
2024-03-12,BULL_CALM,0.000315,BULL_CALM,2e-06
2024-03-13,BULL_CALM,3e-06,BULL_CALM,2e-06
2024-03-14,BULL_CALM,1e-06,BULL_CALM,1e-06
2024-03-15,BULL_CALM,0.000264,BULL_CALM,1e-06
2024-03-18,BULL_CALM,0.000405,BULL_CALM,0.0
2024-03-19,BULL_CALM,0.000307,BULL_CALM,2e-06
2024-03-20,BULL_CALM,0.000357,BULL_CALM,3.3e-05
2024-03-21,BULL_CALM,4.8e-05,BULL_CALM,3e-06
2024-03-22,BULL_CALM,0.0,BULL_CALM,0.0
2024-03-25,BULL_CALM,0.000152,BULL_CALM,0.0
2024-03-26,BULL_CALM,0.000395,BULL_CALM,0.0
2024-03-27,BULL_CALM,4.5e-05,BULL_CALM,0.0
2024-03-28,BULL_CALM,0.0,BULL_CALM,0.0
2024-04-01,BULL_CALM,3e-06,BULL_CALM,0.0
2024-04-02,BULL_CALM,8.3e-05,BULL_CALM,0.0
2024-04-03,BULL_CALM,0.000392,BULL_CALM,0.0
2024-04-04,BULL_CALM,0.002261,BULL_CALM,0.0
2024-04-05,BULL_CALM,0.000261,BULL_CALM,0.0
2024-04-08,BULL_CALM,0.000433,BULL_CALM,0.0
2024-04-09,BULL_CALM,0.000273,BULL_CALM,0.0
2024-04-10,BULL_CALM,0.000743,BULL_CALM,0.0
2024-04-11,BULL_CALM,0.000253,BULL_CALM,0.0
2024-04-12,BULL_VOLATILE,0.000113,BULL_CALM,0.0
2024-04-15,BULL_VOLATILE,0.005097,BULL_VOLATILE,5e-06
2024-04-16,BULL_VOLATILE,0.004712,BULL_VOLATILE,3.5e-05
2024-04-17,BULL_VOLATILE,0.00141,BULL_VOLATILE,4.6e-05
2024-04-18,BULL_VOLATILE,1.6e-05,BULL_VOLATILE,0.00011
2024-04-19,BULL_VOLATILE,0.000217,BULL_VOLATILE,0.000157
2024-04-22,BULL_VOLATILE,7e-06,BULL_VOLATILE,0.000332
2024-04-23,BULL_VOLATILE,0.000763,BULL_VOLATILE,0.000261
2024-04-24,BULL_VOLATILE,8.2e-05,BULL_VOLATILE,0.000241
2024-04-25,BULL_VOLATILE,1e-06,BULL_VOLATILE,0.00019
2024-04-26,BULL_CALM,1e-06,BULL_VOLATILE,0.00017
2024-04-29,BULL_CALM,0.0,BULL_VOLATILE,0.000174
2024-04-30,BULL_CALM,0.0,BULL_VOLATILE,0.000109
2024-05-01,BULL_CALM,0.0,BULL_VOLATILE,0.000121
2024-05-02,BULL_CALM,0.0,BULL_VOLATILE,0.000128
2024-05-03,BULL_CALM,0.0,BULL_VOLATILE,0.00031
2024-05-06,BULL_CALM,0.0,BULL_VOLATILE,0.000402
2024-05-07,BULL_CALM,0.0,BULL_VOLATILE,0.000206
2024-05-08,BULL_CALM,0.0,BULL_VOLATILE,0.000212
2024-05-09,BULL_CALM,0.0,BULL_VOLATILE,0.000315
2024-05-10,BULL_CALM,0.0,BULL_VOLATILE,0.000277
2024-05-13,BULL_CALM,0.000997,BULL_VOLATILE,0.000264
2024-05-14,BULL_VOLATILE,0.006006,BULL_VOLATILE,0.000681
2024-05-15,BULL_VOLATILE,0.000522,BULL_VOLATILE,0.001201
2024-05-16,BULL_VOLATILE,0.00734,BULL_VOLATILE,0.001717
2024-05-17,BULL_CALM,0.006869,BULL_VOLATILE,0.001535
2024-05-20,BULL_CALM,7.3e-05,BULL_VOLATILE,0.001227
2024-05-21,BULL_CALM,9e-06,BULL_VOLATILE,0.001341
2024-05-22,BULL_CALM,2e-06,BULL_VOLATILE,0.001155
2024-05-23,BULL_CALM,0.001304,BULL_CALM,7.6e-05
2024-05-24,BULL_CALM,2e-06,BULL_CALM,4e-06
2024-05-28,BULL_CALM,1e-06,BULL_CALM,0.0
2024-05-29,BULL_CALM,0.0,BULL_CALM,0.0
2024-05-30,BULL_CALM,3.6e-05,BULL_CALM,0.0
2024-05-31,BULL_CALM,1e-06,BULL_CALM,0.0
2024-06-03,BULL_CALM,1e-06,BULL_CALM,0.0
2024-06-04,BULL_CALM,0.0,BULL_CALM,0.0
2024-06-05,BULL_CALM,0.0,BULL_CALM,0.0
2024-06-06,BULL_CALM,0.0,BULL_CALM,0.0
2024-06-07,BULL_CALM,0.0,BULL_CALM,0.0
2024-06-10,BULL_CALM,0.0,BULL_CALM,0.0
2024-06-11,BULL_CALM,0.0,BULL_CALM,0.0
2024-06-12,BULL_CALM,0.0,BULL_CALM,0.0
2024-06-13,BULL_CALM,1e-05,BULL_CALM,0.0
2024-06-14,BULL_CALM,7e-06,BULL_CALM,0.0
2024-06-17,BULL_CALM,0.0,BULL_CALM,0.0
2024-06-18,BULL_CALM,4e-05,BULL_CALM,0.0
2024-06-20,BULL_CALM,0.0,BULL_CALM,1e-06
2024-06-21,BULL_CALM,0.0,BULL_CALM,3.1e-05
2024-06-24,BULL_CALM,0.0,BULL_CALM,9e-06
2024-06-25,BULL_CALM,0.0,BULL_CALM,1e-06
2024-06-26,BULL_CALM,0.000192,BULL_CALM,0.0
2024-06-27,BULL_CALM,3e-05,BULL_CALM,0.0
2024-06-28,BULL_CALM,0.000134,BULL_CALM,0.0
2024-07-01,BULL_CALM,5.8e-05,BULL_CALM,0.0
2024-07-02,BULL_CALM,0.0,BULL_CALM,0.0
2024-07-03,BULL_CALM,0.0,BULL_CALM,0.0
2024-07-05,BULL_CALM,0.0,BULL_CALM,0.0
2024-07-08,BULL_CALM,0.0,BULL_CALM,0.0
2024-07-09,BULL_CALM,0.0,BULL_CALM,0.0
2024-07-10,BULL_CALM,0.0,BULL_CALM,0.0
2024-07-11,BULL_CALM,0.0,BULL_CALM,0.0
2024-07-12,BULL_CALM,0.0,BULL_CALM,0.0
2024-07-15,BULL_CALM,0.0,BULL_CALM,0.0
2024-07-16,BULL_CALM,0.0,BULL_CALM,0.0
2024-07-17,BULL_CALM,0.0,BULL_CALM,0.0
2024-07-18,BULL_CALM,0.0,BULL_CALM,0.0
2024-07-19,BULL_CALM,0.0,BULL_CALM,0.0
2024-07-22,BULL_CALM,0.0,BULL_CALM,0.0
2024-07-23,BULL_CALM,0.0,BULL_CALM,0.0
2024-07-24,BULL_VOLATILE,0.0,BULL_VOLATILE,9e-06
2024-07-25,BULL_VOLATILE,0.0,BULL_VOLATILE,7.9e-05
2024-07-26,BULL_VOLATILE,0.0,BULL_VOLATILE,9.1e-05
2024-07-29,BULL_VOLATILE,0.0,BULL_VOLATILE,0.000103
2024-07-30,BULL_VOLATILE,0.0,BULL_VOLATILE,0.000108
2024-07-31,BULL_VOLATILE,0.0,BULL_VOLATILE,6.9e-05
2024-08-01,BULL_VOLATILE,0.0,BULL_VOLATILE,4.7e-05
2024-08-02,BULL_VOLATILE,0.0,BULL_VOLATILE,5.7e-05
2024-08-05,BULL_VOLATILE,0.0,BULL_VOLATILE,0.000371
2024-08-06,BULL_VOLATILE,0.00022,BULL_VOLATILE,0.009142
2024-08-07,BULL_VOLATILE,0.002938,BULL_VOLATILE,0.007351
2024-08-08,BULL_VOLATILE,0.000104,BULL_VOLATILE,0.001334
2024-08-09,BULL_VOLATILE,4.9e-05,BULL_VOLATILE,0.000674
2024-08-12,BULL_VOLATILE,2.3e-05,BULL_VOLATILE,0.000594
2024-08-13,BULL_VOLATILE,0.0,BULL_VOLATILE,0.000405
2024-08-14,BULL_VOLATILE,0.0,BULL_VOLATILE,0.000315
2024-08-15,BULL_VOLATILE,0.0,BULL_VOLATILE,0.000455
2024-08-16,BULL_VOLATILE,0.0,BULL_VOLATILE,0.000716
2024-08-19,BULL_VOLATILE,0.0,BULL_VOLATILE,0.010077
2024-08-20,BULL_VOLATILE,6e-06,BULL_VOLATILE,0.020638
2024-08-21,BULL_VOLATILE,0.0,BULL_VOLATILE,0.103626
2024-08-22,BULL_VOLATILE,0.0,BULL_VOLATILE,0.079198
2024-08-23,BULL_VOLATILE,0.0,BULL_VOLATILE,0.141415
2024-08-26,BULL_VOLATILE,3.3e-05,BULL_VOLATILE,0.024133
2024-08-27,BULL_VOLATILE,0.000457,BULL_VOLATILE,0.002873
2024-08-28,BULL_VOLATILE,0.001711,BULL_VOLATILE,0.000424
2024-08-29,BULL_VOLATILE,0.004222,BULL_VOLATILE,8.6e-05
2024-08-30,BULL_VOLATILE,0.00044,BULL_VOLATILE,6.5e-05
2024-09-03,BULL_VOLATILE,0.001041,BULL_VOLATILE,7e-06
2024-09-04,BULL_VOLATILE,0.00099,BULL_VOLATILE,1.3e-05
2024-09-05,BULL_VOLATILE,0.002682,BULL_VOLATILE,1.1e-05
2024-09-06,BULL_VOLATILE,0.005486,BULL_VOLATILE,1.5e-05
2024-09-09,BULL_VOLATILE,0.00308,BULL_VOLATILE,9e-06
2024-09-10,BULL_VOLATILE,0.000537,BULL_VOLATILE,2.1e-05
2024-09-11,BULL_VOLATILE,8e-05,BULL_VOLATILE,3.5e-05
2024-09-12,BULL_CALM,0.0,BULL_VOLATILE,6.2e-05
2024-09-13,BULL_CALM,0.0,BULL_VOLATILE,9.2e-05
2024-09-16,BULL_CALM,0.0,BULL_VOLATILE,7.7e-05
2024-09-17,BULL_CALM,0.0,BULL_VOLATILE,0.000148
2024-09-18,BULL_CALM,1e-06,BULL_VOLATILE,0.000192
2024-09-19,BULL_VOLATILE,0.0,BULL_VOLATILE,0.00034
2024-09-20,BULL_VOLATILE,3e-06,BULL_VOLATILE,0.000792
2024-09-23,BULL_VOLATILE,0.001676,BULL_VOLATILE,0.000312
2024-09-24,BULL_VOLATILE,2.1e-05,BULL_VOLATILE,0.000402
2024-09-25,BULL_CALM,0.0,BULL_VOLATILE,0.00022
2024-09-26,BULL_CALM,0.0,BULL_VOLATILE,0.000178
2024-09-27,BULL_CALM,0.0,BULL_VOLATILE,0.000103
2024-09-30,BULL_CALM,0.0,BULL_VOLATILE,8.6e-05
2024-10-01,BULL_CALM,2.6e-05,BULL_VOLATILE,0.000152
2024-10-02,BULL_CALM,0.000315,BULL_VOLATILE,2.4e-05
2024-10-03,BULL_CALM,0.000175,BULL_CALM,4e-06
2024-10-04,BULL_CALM,8.4e-05,BULL_CALM,0.0
2024-10-07,BULL_CALM,1e-06,BULL_CALM,0.0
2024-10-08,BULL_CALM,0.0,BULL_CALM,0.0
2024-10-09,BULL_CALM,0.0,BULL_CALM,0.0
2024-10-10,BULL_CALM,0.0,BULL_CALM,0.0
2024-10-11,BULL_CALM,0.0,BULL_CALM,0.0
2024-10-14,BULL_CALM,0.0,BULL_CALM,0.0
2024-10-15,BULL_CALM,0.0,BULL_CALM,0.0
2024-10-16,BULL_CALM,0.0,BULL_CALM,0.0
2024-10-17,BULL_CALM,0.0,BULL_CALM,0.0
2024-10-18,BULL_CALM,0.0,BULL_CALM,0.0
2024-10-21,BULL_CALM,0.0,BULL_CALM,0.0
2024-10-22,BULL_CALM,0.0,BULL_CALM,0.0
2024-10-23,BULL_CALM,0.0,BULL_CALM,0.0
2024-10-24,BULL_CALM,0.0,BULL_CALM,0.0
2024-10-25,BULL_CALM,1e-06,BULL_CALM,0.0
2024-10-28,BULL_CALM,5e-06,BULL_CALM,0.0
2024-10-29,BULL_CALM,0.0,BULL_CALM,0.0
2024-10-30,BULL_CALM,0.0,BULL_CALM,0.0
2024-10-31,BULL_VOLATILE,1e-06,BULL_CALM,0.0
2024-11-01,BULL_VOLATILE,0.0,BULL_CALM,2e-06
2024-11-04,BULL_VOLATILE,5.3e-05,BULL_CALM,6e-06
2024-11-05,BULL_CALM,5e-06,BULL_CALM,2e-06
2024-11-06,BULL_CALM,0.0,BULL_VOLATILE,0.000215
2024-11-07,BULL_CALM,0.0,BULL_VOLATILE,0.000287
2024-11-08,BULL_CALM,7e-06,BULL_VOLATILE,0.000296
2024-11-11,BULL_CALM,1.6e-05,BULL_VOLATILE,0.000289
2024-11-12,BULL_VOLATILE,0.011933,BULL_VOLATILE,0.000259
2024-11-13,BULL_VOLATILE,0.014177,BULL_VOLATILE,0.000296
2024-11-14,BULL_VOLATILE,0.006767,BULL_VOLATILE,0.000503
2024-11-15,BULL_VOLATILE,0.017443,BULL_VOLATILE,0.000194
2024-11-18,BULL_VOLATILE,0.013702,BULL_VOLATILE,0.000211
2024-11-19,BULL_VOLATILE,0.011829,BULL_VOLATILE,0.000149
2024-11-20,BULL_VOLATILE,0.00021,BULL_VOLATILE,7.9e-05
2024-11-21,BULL_VOLATILE,0.000963,BULL_VOLATILE,8.8e-05
2024-11-22,BULL_VOLATILE,0.000836,BULL_VOLATILE,0.000113
2024-11-25,BULL_VOLATILE,0.013674,BULL_VOLATILE,0.000109
2024-11-26,BULL_VOLATILE,0.010561,BULL_VOLATILE,0.000292
2024-11-27,BULL_VOLATILE,0.014491,BULL_VOLATILE,0.00024
2024-11-29,BULL_CALM,0.004278,BULL_VOLATILE,0.000329
2024-12-02,BULL_CALM,0.000266,BULL_VOLATILE,0.000528
2024-12-03,BULL_CALM,0.003036,BULL_VOLATILE,6.8e-05
2024-12-04,BULL_CALM,0.001886,BULL_VOLATILE,1.9e-05
2024-12-05,BULL_CALM,0.000533,BULL_CALM,1e-06
2024-12-06,BULL_CALM,0.00097,BULL_CALM,0.0
2024-12-09,BULL_CALM,0.000485,BULL_CALM,0.0
2024-12-10,BULL_CALM,4e-06,BULL_CALM,0.0
2024-12-11,BULL_CALM,1e-06,BULL_CALM,0.0
2024-12-12,BULL_CALM,0.0,BULL_CALM,0.0
2024-12-13,BULL_CALM,0.0,BULL_CALM,0.0
2024-12-16,BULL_CALM,0.0,BULL_CALM,0.0
2024-12-17,BULL_CALM,5e-06,BULL_CALM,0.0
2024-12-18,BULL_VOLATILE,0.017222,BULL_CALM,0.0
2024-12-19,BULL_VOLATILE,0.008466,BULL_VOLATILE,7.5e-05
2024-12-20,BULL_VOLATILE,0.000198,BULL_VOLATILE,7.7e-05
2024-12-23,BULL_VOLATILE,5.7e-05,BULL_VOLATILE,0.000103
2024-12-24,BULL_VOLATILE,0.0,BULL_VOLATILE,0.000115
2024-12-26,BULL_CALM,0.0,BULL_VOLATILE,0.000106
2024-12-27,BULL_VOLATILE,0.0,BULL_VOLATILE,9.5e-05
2024-12-30,BULL_VOLATILE,0.0,BULL_VOLATILE,9.6e-05
2024-12-31,BULL_VOLATILE,3.3e-05,BULL_VOLATILE,0.000104
2025-01-02,BULL_VOLATILE,1e-06,BULL_VOLATILE,0.000102
2025-01-03,BULL_VOLATILE,1e-06,BULL_VOLATILE,0.000125
2025-01-06,BULL_VOLATILE,0.000317,BULL_VOLATILE,0.000139
2025-01-07,BULL_VOLATILE,0.000186,BULL_VOLATILE,9.3e-05
2025-01-08,BULL_VOLATILE,8.2e-05,BULL_VOLATILE,9.5e-05
2025-01-10,BULL_VOLATILE,0.0,BULL_VOLATILE,9.5e-05
2025-01-13,BULL_VOLATILE,0.0,BULL_VOLATILE,6.9e-05
2025-01-14,BULL_VOLATILE,0.0,BULL_VOLATILE,5.9e-05
2025-01-15,BULL_VOLATILE,0.0,BULL_VOLATILE,0.000107
2025-01-16,BULL_VOLATILE,0.0,BULL_VOLATILE,8.6e-05
2025-01-17,BULL_VOLATILE,0.0,BULL_VOLATILE,0.00011
2025-01-21,BULL_CALM,0.0,BULL_VOLATILE,0.000123
2025-01-22,BULL_CALM,0.0,BULL_VOLATILE,0.000142
2025-01-23,BULL_CALM,0.0,BULL_VOLATILE,0.000349
2025-01-24,BULL_CALM,0.0,BULL_VOLATILE,0.000345
2025-01-27,BULL_CALM,1e-06,BULL_VOLATILE,0.000361
2025-01-28,BULL_VOLATILE,0.002237,BULL_VOLATILE,0.000475
2025-01-29,BULL_VOLATILE,0.000316,BULL_VOLATILE,0.000346
2025-01-30,BULL_VOLATILE,0.000583,BULL_VOLATILE,0.00024
2025-01-31,BULL_CALM,7.7e-05,BULL_VOLATILE,0.000199
2025-02-03,BULL_VOLATILE,0.000435,BULL_VOLATILE,0.000154
2025-02-04,BULL_VOLATILE,0.001307,BULL_VOLATILE,0.00012
2025-02-05,BULL_CALM,0.000529,BULL_VOLATILE,5.6e-05
2025-02-06,BULL_CALM,0.000385,BULL_VOLATILE,4.2e-05
2025-02-07,BULL_VOLATILE,0.000809,BULL_VOLATILE,2e-05
2025-02-10,BULL_CALM,0.000349,BULL_VOLATILE,2.3e-05
2025-02-11,BULL_CALM,0.000283,BULL_CALM,3e-06
2025-02-12,BULL_CALM,8.6e-05,BULL_CALM,2e-06
2025-02-13,BULL_CALM,4.5e-05,BULL_CALM,0.0
2025-02-14,BULL_CALM,2.7e-05,BULL_CALM,0.0
2025-02-18,BULL_CALM,0.000238,BULL_CALM,0.0
2025-02-19,BULL_CALM,7.6e-05,BULL_CALM,0.0
2025-02-20,BULL_CALM,3e-06,BULL_CALM,0.0
2025-02-21,BULL_CALM,3.8e-05,BULL_CALM,0.0
2025-02-24,BULL_CALM,0.000312,BULL_CALM,1e-06
2025-02-25,BULL_CALM,0.000671,BULL_CALM,1e-06
2025-02-26,BULL_CALM,0.002343,BULL_CALM,8e-06
2025-02-27,BULL_VOLATILE,0.007504,BULL_VOLATILE,0.000121
2025-02-28,BULL_VOLATILE,0.002467,BULL_VOLATILE,6.2e-05
2025-03-03,BULL_VOLATILE,0.001332,BULL_VOLATILE,2.7e-05
2025-03-04,BULL_VOLATILE,0.004904,BULL_VOLATILE,7.2e-05
2025-03-05,BULL_VOLATILE,4.3e-05,BULL_VOLATILE,0.000226
2025-03-06,BULL_VOLATILE,0.00028,BULL_VOLATILE,0.000115
2025-03-07,BULL_VOLATILE,1.1e-05,BULL_VOLATILE,0.000117
2025-03-10,BULL_VOLATILE,3.7e-05,BULL_VOLATILE,0.000313
2025-03-11,BULL_VOLATILE,1e-06,BULL_VOLATILE,0.082771
2025-03-12,BULL_VOLATILE,0.0,BEAR,0.703515
2025-03-13,BULL_VOLATILE,0.0,BEAR,0.936843
2025-03-14,BULL_VOLATILE,0.0,BEAR,0.791075
2025-03-17,BULL_VOLATILE,0.0,BULL_VOLATILE,0.203951
2025-03-18,BULL_VOLATILE,0.0,BULL_VOLATILE,0.019751
2025-03-19,BULL_VOLATILE,0.0,BULL_VOLATILE,0.001291
2025-03-20,BULL_VOLATILE,0.0,BULL_VOLATILE,0.000382
2025-03-21,BULL_VOLATILE,0.0,BULL_VOLATILE,0.000443
2025-03-24,BULL_VOLATILE,0.0,BULL_VOLATILE,0.000154
2025-03-25,BULL_VOLATILE,0.0,BULL_VOLATILE,0.000271
2025-03-26,BULL_VOLATILE,0.0,BULL_VOLATILE,5.4e-05
2025-03-27,BULL_VOLATILE,0.0,BULL_VOLATILE,0.000109
2025-03-28,BULL_VOLATILE,0.0,BULL_VOLATILE,5.8e-05
2025-03-31,BULL_VOLATILE,0.0,BULL_VOLATILE,7.1e-05
2025-04-01,BULL_VOLATILE,0.0,BULL_VOLATILE,4.9e-05
2025-04-02,BULL_VOLATILE,0.0,BULL_VOLATILE,5.7e-05
2025-04-03,BULL_VOLATILE,4.6e-05,BULL_VOLATILE,0.00041
2025-04-04,BEAR,0.992473,BULL_VOLATILE,0.341525
2025-04-07,BEAR,0.997403,BEAR,0.999994
2025-04-08,BEAR,0.999789,BEAR,1.0
2025-04-09,BEAR,0.999996,BEAR,1.0
2025-04-10,BEAR,1.0,BEAR,1.0
2025-04-11,BEAR,1.0,BEAR,1.0
2025-04-14,BEAR,1.0,BEAR,1.0
2025-04-15,BEAR,0.999999,BEAR,1.0
2025-04-16,BEAR,1.0,BEAR,1.0
2025-04-17,BEAR,1.0,BEAR,1.0
2025-04-21,BEAR,0.999999,BEAR,1.0
2025-04-22,BEAR,1.0,BEAR,1.0
2025-04-23,BEAR,1.0,BEAR,1.0
2025-04-24,BEAR,1.0,BEAR,1.0
2025-04-25,BEAR,0.999982,BEAR,1.0
2025-04-28,BEAR,0.999839,BEAR,1.0
2025-04-29,BEAR,0.999994,BEAR,1.0
2025-04-30,BEAR,1.0,BEAR,1.0
2025-05-01,BEAR,1.0,BEAR,1.0
2025-05-02,BEAR,1.0,BEAR,1.0
2025-05-05,BEAR,0.999979,BEAR,1.0
2025-05-06,BEAR,0.999848,BEAR,1.0
2025-05-07,BEAR,0.999825,BEAR,1.0
2025-05-08,BULL_VOLATILE,0.020456,BEAR,0.907374
2025-05-09,BULL_VOLATILE,0.009741,BEAR,0.960991
2025-05-12,BULL_VOLATILE,0.021054,BEAR,0.891443
2025-05-13,BULL_VOLATILE,0.00443,BEAR,0.67036
2025-05-14,BULL_VOLATILE,0.015697,BEAR,0.606302
2025-05-15,BULL_VOLATILE,1e-06,BULL_VOLATILE,0.287405
2025-05-16,BULL_VOLATILE,0.0,BULL_VOLATILE,0.088326
2025-05-19,BULL_VOLATILE,6.5e-05,BULL_VOLATILE,0.193186
2025-05-20,BULL_VOLATILE,0.000478,BEAR,0.579753
2025-05-21,BULL_VOLATILE,0.000122,BULL_VOLATILE,0.057706
2025-05-22,BULL_VOLATILE,0.000173,BULL_VOLATILE,0.003454
2025-05-23,BULL_VOLATILE,0.000698,BULL_VOLATILE,0.000487
2025-05-27,BULL_VOLATILE,3e-06,BULL_VOLATILE,0.000219
2025-05-28,BULL_VOLATILE,8e-06,BULL_VOLATILE,0.000141
2025-05-29,BULL_VOLATILE,0.0,BULL_VOLATILE,6.1e-05
2025-05-30,BULL_VOLATILE,0.0,BULL_VOLATILE,4.7e-05
2025-06-02,BULL_VOLATILE,0.0,BULL_VOLATILE,4.3e-05
2025-06-03,BULL_VOLATILE,0.0,BULL_VOLATILE,4.8e-05
2025-06-04,BULL_VOLATILE,0.0,BULL_VOLATILE,4.4e-05
2025-06-05,BULL_VOLATILE,0.0,BULL_VOLATILE,6.6e-05
2025-06-06,BULL_VOLATILE,0.0,BULL_VOLATILE,4.2e-05
2025-06-09,BULL_CALM,0.0,BULL_VOLATILE,2.6e-05
2025-06-10,BULL_CALM,0.0,BULL_VOLATILE,1.2e-05
2025-06-11,BULL_CALM,6e-06,BULL_CALM,6e-06
2025-06-12,BULL_CALM,4e-06,BULL_CALM,3e-06
2025-06-13,BULL_CALM,5.1e-05,BULL_CALM,1e-06
2025-06-16,BULL_CALM,0.0,BULL_CALM,0.0
2025-06-17,BULL_CALM,5e-06,BULL_CALM,0.0
2025-06-18,BULL_CALM,6e-06,BULL_CALM,0.0
2025-06-20,BULL_CALM,7e-06,BULL_CALM,0.0
2025-06-23,BULL_CALM,5e-06,BULL_CALM,0.0
2025-06-24,BULL_CALM,6.1e-05,BULL_CALM,0.0
2025-06-25,BULL_CALM,4.1e-05,BULL_CALM,0.0
2025-06-26,BULL_CALM,6.7e-05,BULL_CALM,0.0
2025-06-27,BULL_CALM,8.2e-05,BULL_CALM,0.0
2025-06-30,BULL_CALM,0.000673,BULL_CALM,0.0
2025-07-01,BULL_CALM,1e-06,BULL_CALM,0.0
2025-07-02,BULL_CALM,0.0,BULL_CALM,0.0
2025-07-03,BULL_CALM,0.0,BULL_CALM,2e-06
2025-07-07,BULL_CALM,5.5e-05,BULL_CALM,6e-06
2025-07-08,BULL_CALM,1e-06,BULL_CALM,2e-06
2025-07-09,BULL_CALM,2e-06,BULL_CALM,1e-06
2025-07-10,BULL_CALM,1e-06,BULL_CALM,1e-06
2025-07-11,BULL_CALM,0.0,BULL_CALM,1e-06
2025-07-14,BULL_CALM,0.0,BULL_CALM,6e-06
2025-07-15,BULL_CALM,0.0,BULL_CALM,0.0
2025-07-16,BULL_CALM,0.0,BULL_CALM,0.0
2025-07-17,BULL_CALM,0.0,BULL_CALM,0.0
2025-07-18,BULL_CALM,0.0,BULL_CALM,0.0
2025-07-21,BULL_CALM,0.0,BULL_CALM,0.0
2025-07-22,BULL_CALM,0.0,BULL_CALM,0.0
2025-07-23,BULL_CALM,0.0,BULL_CALM,0.0
2025-07-24,BULL_CALM,0.0,BULL_CALM,0.0
2025-07-25,BULL_CALM,0.0,BULL_CALM,0.0
2025-07-28,BULL_CALM,0.0,BULL_CALM,0.0
2025-07-29,BULL_CALM,0.0,BULL_CALM,0.0
2025-07-30,BULL_CALM,0.0,BULL_CALM,0.0
2025-07-31,BULL_CALM,0.0,BULL_CALM,0.0
2025-08-01,BULL_CALM,0.0,BULL_CALM,0.0
2025-08-04,BULL_CALM,0.0,BULL_CALM,0.0
2025-08-05,BULL_CALM,0.0,BULL_CALM,0.0
2025-08-06,BULL_CALM,0.0,BULL_CALM,0.0
2025-08-07,BULL_CALM,0.0,BULL_CALM,0.0
2025-08-08,BULL_CALM,0.0,BULL_CALM,0.0
2025-08-11,BULL_CALM,3e-06,BULL_CALM,0.0
2025-08-12,BULL_CALM,1e-06,BULL_CALM,0.0
2025-08-13,BULL_CALM,0.0,BULL_CALM,0.0
2025-08-14,BULL_CALM,0.0,BULL_CALM,0.0
2025-08-15,BULL_CALM,0.0,BULL_CALM,0.0
2025-08-18,BULL_CALM,0.0,BULL_CALM,0.0
2025-08-19,BULL_CALM,2e-06,BULL_CALM,0.0
2025-08-20,BULL_CALM,1e-06,BULL_CALM,0.0
2025-08-21,BULL_CALM,1.3e-05,BULL_CALM,0.0
2025-08-22,BULL_CALM,0.000105,BULL_CALM,0.0
2025-08-25,BULL_CALM,8.5e-05,BULL_CALM,0.0
2025-08-26,BULL_CALM,7.4e-05,BULL_CALM,0.0
2025-08-27,BULL_CALM,4.7e-05,BULL_CALM,0.0
2025-08-28,BULL_CALM,1e-06,BULL_CALM,1e-06
2025-08-29,BULL_CALM,6e-06,BULL_CALM,0.0
2025-09-02,BULL_CALM,3.3e-05,BULL_CALM,0.0
2025-09-03,BULL_CALM,9e-06,BULL_CALM,0.0
2025-09-04,BULL_CALM,3.9e-05,BULL_CALM,0.0
2025-09-05,BULL_CALM,1.2e-05,BULL_CALM,0.0
2025-09-08,BULL_CALM,4e-06,BULL_CALM,0.0
2025-09-09,BULL_CALM,0.000246,BULL_CALM,0.0
2025-09-10,BULL_CALM,3.8e-05,BULL_CALM,0.0
2025-09-11,BULL_CALM,0.000129,BULL_CALM,0.0
2025-09-12,BULL_CALM,0.0,BULL_CALM,0.0
2025-09-15,BULL_CALM,0.0,BULL_CALM,0.0
2025-09-16,BULL_CALM,0.0,BULL_CALM,0.0
2025-09-17,BULL_CALM,0.0,BULL_CALM,0.0
2025-09-18,BULL_CALM,0.0,BULL_CALM,0.0
2025-09-19,BULL_CALM,3e-06,BULL_CALM,0.0
2025-09-22,BULL_CALM,0.0,BULL_CALM,0.0
2025-09-23,BULL_CALM,1.8e-05,BULL_CALM,0.0
2025-09-24,BULL_CALM,9.9e-05,BULL_CALM,0.0
2025-09-25,BULL_CALM,0.000131,BULL_CALM,0.0
2025-09-26,BULL_CALM,5e-06,BULL_CALM,0.0
2025-09-29,BULL_CALM,0.0,BULL_CALM,0.0
2025-09-30,BULL_CALM,0.0,BULL_CALM,0.0
2025-10-01,BULL_CALM,0.0,BULL_CALM,0.0
2025-10-02,BULL_CALM,0.0,BULL_CALM,0.0
2025-10-03,BULL_CALM,0.0,BULL_CALM,0.0
2025-10-06,BULL_CALM,0.0,BULL_CALM,0.0
2025-10-07,BULL_CALM,7e-06,BULL_CALM,0.0
2025-10-08,BULL_CALM,0.0,BULL_CALM,0.0
2025-10-09,BULL_CALM,0.0,BULL_CALM,0.0
2025-10-10,BULL_CALM,0.0,BULL_CALM,0.0
2025-10-13,BULL_CALM,0.0,BULL_CALM,0.0
2025-10-14,BULL_CALM,0.0,BULL_CALM,0.0
2025-10-15,BULL_CALM,0.000139,BULL_CALM,0.0
2025-10-16,BULL_VOLATILE,9.4e-05,BULL_CALM,0.0
2025-10-17,BULL_CALM,1.2e-05,BULL_CALM,1e-06
2025-10-20,BULL_CALM,4.9e-05,BULL_CALM,2e-06
2025-10-21,BULL_CALM,8e-06,BULL_CALM,4e-06
2025-10-22,BULL_VOLATILE,1.5e-05,BULL_CALM,6e-06
2025-10-23,BULL_CALM,1e-06,BULL_CALM,1e-05
2025-10-24,BULL_CALM,0.0,BULL_VOLATILE,0.000167
2025-10-27,BULL_VOLATILE,4.4e-05,BULL_VOLATILE,5.1e-05
2025-10-28,BULL_VOLATILE,6e-05,BULL_VOLATILE,0.000281
2025-10-29,BULL_VOLATILE,7.3e-05,BULL_VOLATILE,0.000327
2025-10-30,BULL_VOLATILE,9e-06,BULL_VOLATILE,0.000255
2025-10-31,BULL_VOLATILE,5.6e-05,BULL_VOLATILE,0.00023
2025-11-03,BULL_VOLATILE,2.6e-05,BULL_VOLATILE,0.000169
2025-11-04,BULL_VOLATILE,0.000985,BULL_VOLATILE,0.000107
2025-11-05,BULL_VOLATILE,0.000338,BULL_VOLATILE,0.000127
2025-11-06,BULL_VOLATILE,0.00015,BULL_VOLATILE,7.5e-05
2025-11-07,BULL_CALM,0.001978,BULL_VOLATILE,0.000119
2025-11-10,BULL_CALM,0.001727,BULL_VOLATILE,0.000115
2025-11-11,BULL_CALM,0.001564,BULL_VOLATILE,9.3e-05
2025-11-12,BULL_CALM,0.00256,BULL_VOLATILE,7.7e-05
2025-11-13,BULL_VOLATILE,0.000968,BULL_VOLATILE,5.5e-05
2025-11-14,BULL_VOLATILE,0.001638,BULL_VOLATILE,5.8e-05
2025-11-17,BULL_VOLATILE,0.007042,BULL_VOLATILE,6.4e-05
2025-11-18,BULL_VOLATILE,0.007787,BULL_VOLATILE,6.6e-05
2025-11-19,BULL_VOLATILE,0.010579,BULL_VOLATILE,7.2e-05
2025-11-20,BULL_VOLATILE,0.005677,BULL_VOLATILE,5.8e-05
2025-11-21,BULL_VOLATILE,0.001353,BULL_VOLATILE,5.6e-05
2025-11-24,BULL_VOLATILE,0.00153,BULL_VOLATILE,8e-05
2025-11-25,BULL_VOLATILE,0.002424,BULL_VOLATILE,8.5e-05
2025-11-26,BULL_VOLATILE,0.006187,BULL_VOLATILE,8.9e-05
2025-11-28,BULL_VOLATILE,0.001193,BULL_VOLATILE,0.000149
2025-12-01,BULL_VOLATILE,0.002471,BULL_VOLATILE,0.000131
2025-12-02,BULL_VOLATILE,0.004737,BULL_VOLATILE,0.000186
2025-12-03,BULL_VOLATILE,0.007859,BULL_VOLATILE,0.000334
2025-12-04,BULL_VOLATILE,0.002382,BULL_VOLATILE,0.000282
2025-12-05,BULL_VOLATILE,0.00012,BULL_VOLATILE,0.000805
2025-12-08,BULL_VOLATILE,0.000171,BULL_VOLATILE,0.000472
2025-12-09,BULL_CALM,1.9e-05,BULL_VOLATILE,0.000116
2025-12-10,BULL_CALM,0.000208,BULL_VOLATILE,0.000165
2025-12-11,BULL_CALM,0.004673,BULL_VOLATILE,0.00024
2025-12-12,BULL_CALM,0.004937,BULL_VOLATILE,0.000234
2025-12-15,BULL_CALM,0.002872,BULL_VOLATILE,9.5e-05
2025-12-16,BULL_CALM,0.002997,BULL_VOLATILE,9.7e-05
2025-12-17,BULL_VOLATILE,0.001706,BULL_VOLATILE,0.000205
2025-12-18,BULL_VOLATILE,0.005863,BULL_VOLATILE,3.2e-05
2025-12-19,BULL_CALM,0.017665,BULL_CALM,1.1e-05
2025-12-22,BULL_CALM,0.005904,BULL_CALM,1e-06
2025-12-23,BULL_CALM,4.6e-05,BULL_CALM,0.0
2025-12-24,BULL_CALM,0.0,BULL_CALM,0.0
2025-12-26,BULL_CALM,0.0,BULL_CALM,0.0
2025-12-29,BULL_CALM,0.0,BULL_CALM,0.0
2025-12-30,BULL_CALM,0.0,BULL_CALM,0.0
2025-12-31,BULL_CALM,0.0,BULL_CALM,0.0
2026-01-02,BULL_CALM,0.0,BULL_CALM,0.0
2026-01-05,BULL_CALM,0.000738,BULL_CALM,0.0
2026-01-06,BULL_CALM,0.003029,BULL_CALM,0.0
2026-01-07,BULL_CALM,0.002022,BULL_CALM,0.0
2026-01-08,BULL_CALM,0.001652,BULL_CALM,0.0
2026-01-09,BULL_CALM,0.001628,BULL_CALM,0.0
2026-01-12,BULL_CALM,0.002623,BULL_CALM,0.0
2026-01-13,BULL_CALM,0.000909,BULL_CALM,0.0
2026-01-14,BULL_CALM,0.0009,BULL_CALM,0.0
2026-01-15,BULL_CALM,0.001496,BULL_CALM,0.0
2026-01-16,BULL_CALM,0.010665,BULL_CALM,0.0
2026-01-20,BULL_CALM,0.001441,BULL_CALM,0.0
2026-01-21,BULL_CALM,0.000114,BULL_CALM,0.0
2026-01-22,BULL_CALM,0.00038,BULL_CALM,0.0
2026-01-23,BULL_CALM,0.000281,BULL_CALM,0.0
2026-01-26,BULL_CALM,0.000229,BULL_CALM,0.0
2026-01-27,BULL_CALM,0.000255,BULL_CALM,0.0
2026-01-28,BULL_CALM,0.000268,BULL_CALM,0.0
2026-01-29,BULL_CALM,0.000265,BULL_CALM,0.0
2026-01-30,BULL_CALM,0.000222,BULL_CALM,0.0
2026-02-02,BULL_CALM,0.000196,BULL_CALM,0.0
2026-02-03,BULL_CALM,0.000123,BULL_CALM,0.0
2026-02-04,BULL_CALM,0.000237,BULL_CALM,0.0
2026-02-05,BULL_CALM,0.001368,BULL_CALM,0.0
2026-02-06,BULL_CALM,0.000346,BULL_CALM,0.0
2026-02-09,BULL_CALM,0.000255,BULL_CALM,5e-06
2026-02-10,BULL_CALM,0.000785,BULL_CALM,1.1e-05
2026-02-11,BULL_CALM,0.00019,BULL_CALM,1.8e-05
2026-02-12,BULL_VOLATILE,0.001124,BULL_VOLATILE,4.5e-05
2026-02-13,BULL_VOLATILE,0.000816,BULL_VOLATILE,4.7e-05
2026-02-17,BULL_VOLATILE,0.001567,BULL_VOLATILE,4.7e-05
2026-02-18,BULL_CALM,0.001902,BULL_VOLATILE,7.3e-05
2026-02-19,BULL_CALM,0.000266,BULL_VOLATILE,7.2e-05
2026-02-20,BULL_CALM,8.5e-05,BULL_VOLATILE,7.6e-05
2026-02-23,BULL_VOLATILE,0.001096,BULL_CALM,1.2e-05
2026-02-24,BULL_CALM,0.000392,BULL_CALM,2.3e-05
2026-02-25,BULL_CALM,9.4e-05,BULL_CALM,1.5e-05
2026-02-26,BULL_CALM,3.2e-05,BULL_CALM,1e-05
2026-02-27,BULL_CALM,0.000145,BULL_CALM,2e-05
2026-03-02,BULL_CALM,0.000369,BULL_CALM,1.6e-05
2026-03-03,BULL_CALM,0.000875,BULL_CALM,1e-05
2026-03-04,BULL_CALM,0.000588,BULL_CALM,8e-06
2026-03-05,BULL_CALM,1.3e-05,BULL_CALM,5e-06
2026-03-06,BULL_VOLATILE,3.7e-05,BULL_VOLATILE,2.2e-05
2026-03-09,BULL_CALM,0.0,BULL_VOLATILE,1.7e-05
2026-03-10,BULL_CALM,2.6e-05,BULL_VOLATILE,5.5e-05
2026-03-11,BULL_VOLATILE,2.4e-05,BULL_VOLATILE,7.5e-05
2026-03-12,BULL_VOLATILE,0.000118,BULL_VOLATILE,2.7e-05
2026-03-13,BULL_VOLATILE,0.000215,BULL_VOLATILE,6.2e-05
2026-03-16,BULL_VOLATILE,5.4e-05,BULL_VOLATILE,5.2e-05
2026-03-17,BULL_VOLATILE,2e-06,BULL_VOLATILE,8.2e-05
2026-03-18,BULL_VOLATILE,0.0,BULL_VOLATILE,5.8e-05
2026-03-19,BULL_VOLATILE,0.0,BULL_VOLATILE,5.7e-05
2026-03-20,BULL_VOLATILE,0.0,BULL_VOLATILE,7.9e-05
2026-03-23,BULL_VOLATILE,0.0,BULL_VOLATILE,0.000161
2026-03-24,BULL_VOLATILE,0.0,BULL_VOLATILE,0.000231
2026-03-25,BULL_VOLATILE,0.0,BULL_VOLATILE,0.000175
2026-03-26,BULL_VOLATILE,0.0,BULL_VOLATILE,6.3e-05
2026-03-27,BULL_VOLATILE,0.0,BULL_VOLATILE,0.000114
2026-03-30,BULL_VOLATILE,0.0,BULL_VOLATILE,0.001914
2026-03-31,BULL_VOLATILE,0.0,BULL_VOLATILE,0.000439
2026-04-01,BULL_VOLATILE,0.0,BULL_VOLATILE,0.000128
2026-04-02,BULL_VOLATILE,0.0,BULL_VOLATILE,0.000123
2026-04-06,BULL_VOLATILE,0.0,BULL_VOLATILE,0.000187
2026-04-07,BULL_VOLATILE,0.0,BULL_VOLATILE,0.000151
2026-04-08,BULL_VOLATILE,0.0,BULL_VOLATILE,0.00031
2026-04-09,BULL_VOLATILE,0.0,BULL_VOLATILE,0.000356
2026-04-10,BULL_VOLATILE,0.0,BULL_VOLATILE,0.001077
2026-04-13,BULL_VOLATILE,0.0,BULL_VOLATILE,0.006715
2026-04-14,BULL_VOLATILE,0.0,BULL_VOLATILE,0.098901
2026-04-15,BULL_VOLATILE,0.000164,BULL_VOLATILE,0.420532
2026-04-16,BULL_VOLATILE,1.6e-05,BEAR,0.927698
2026-04-17,BULL_VOLATILE,0.0,BEAR,0.99866
2026-04-20,BULL_VOLATILE,0.0,BEAR,0.999984
2026-04-21,BULL_VOLATILE,0.001091,BEAR,0.99886
2026-04-22,BULL_VOLATILE,0.007283,BEAR,0.982592
2026-04-23,BULL_VOLATILE,0.002245,BEAR,0.946005
2026-04-24,BULL_VOLATILE,0.000359,BEAR,0.910358
2026-04-27,BULL_VOLATILE,6e-06,BEAR,0.956322
2026-04-28,BULL_VOLATILE,0.000786,BULL_VOLATILE,0.230214
2026-04-29,BULL_CALM,1e-06,BULL_VOLATILE,0.012739
2026-04-30,BULL_CALM,2e-06,BULL_VOLATILE,0.000491
2026-05-01,BULL_CALM,0.0,BULL_VOLATILE,0.000339
2026-05-04,BULL_CALM,0.0,BULL_VOLATILE,9e-05
2026-05-05,BULL_CALM,0.0,BULL_VOLATILE,5.9e-05
2026-05-06,BULL_CALM,0.0,BULL_CALM,4.3e-05
2026-05-07,BULL_CALM,0.0,BULL_CALM,5e-06
2026-05-08,BULL_CALM,0.0,BULL_CALM,0.0
2026-05-11,BULL_CALM,0.0,BULL_CALM,0.0
2026-05-12,BULL_CALM,0.0,BULL_CALM,0.0
2026-05-13,BULL_CALM,0.0,BULL_CALM,0.0
2026-05-14,BULL_CALM,0.0,BULL_CALM,0.0
2026-05-15,BULL_CALM,0.0,BULL_CALM,0.0
2026-05-18,BULL_CALM,0.0,BULL_CALM,1e-06
2026-05-19,BULL_CALM,0.0,BULL_CALM,2e-06
2026-05-20,BULL_CALM,0.0,BULL_CALM,6e-06
2026-05-21,BULL_CALM,0.0,BULL_CALM,0.0
2026-05-22,BULL_CALM,4e-06,BULL_CALM,0.0
2026-05-26,BULL_CALM,1e-06,BULL_CALM,0.0
2026-05-27,BULL_CALM,0.0,BULL_CALM,0.0
2026-05-28,BULL_CALM,0.0,BULL_CALM,0.0
2026-05-29,BULL_CALM,0.0,BULL_CALM,0.0
2026-06-01,BULL_CALM,0.0,BULL_CALM,0.0
2026-06-02,BULL_CALM,0.0,BULL_CALM,0.0
2026-06-03,BULL_CALM,0.0,BULL_CALM,0.0
2026-06-04,BULL_CALM,0.0,BULL_CALM,0.0
2026-06-05,BULL_CALM,0.0,BULL_CALM,0.0
2026-06-08,BULL_VOLATILE,7e-06,BULL_CALM,4e-06
2026-06-09,BULL_VOLATILE,0.000281,BULL_VOLATILE,2.4e-05
2026-06-10,BULL_VOLATILE,0.000479,BULL_VOLATILE,6e-05
2026-06-11,BULL_VOLATILE,0.0,BULL_VOLATILE,2.1e-05
2026-06-12,BULL_VOLATILE,1e-06,BULL_VOLATILE,3.8e-05
2026-06-15,BULL_VOLATILE,5e-06,BULL_VOLATILE,5.4e-05
2026-06-16,BULL_VOLATILE,3.7e-05,BULL_VOLATILE,4e-05
2026-06-17,BULL_VOLATILE,4.9e-05,BULL_VOLATILE,4.1e-05
2026-06-18,BULL_VOLATILE,1.3e-05,BULL_VOLATILE,3.9e-05
2026-06-22,BULL_VOLATILE,0.0,BULL_VOLATILE,6e-05
2026-06-23,BULL_VOLATILE,1e-06,BULL_VOLATILE,4.9e-05
2026-06-24,BULL_VOLATILE,0.000116,BULL_VOLATILE,5.4e-05
2026-06-25,BULL_VOLATILE,6.8e-05,BULL_VOLATILE,8e-05
2026-06-26,BULL_VOLATILE,0.000269,BULL_VOLATILE,4.2e-05
2026-06-29,BULL_VOLATILE,0.000205,BULL_VOLATILE,7.1e-05
2026-06-30,BULL_VOLATILE,0.0,BULL_VOLATILE,6.5e-05
2026-07-01,BULL_VOLATILE,0.0,BULL_VOLATILE,5.6e-05
2026-07-02,BULL_VOLATILE,0.0,BULL_VOLATILE,8.1e-05
2026-07-06,BULL_VOLATILE,1e-06,BULL_VOLATILE,7.1e-05
2026-07-07,BULL_VOLATILE,0.001156,BULL_VOLATILE,8.7e-05
2026-07-08,BULL_VOLATILE,0.000126,BULL_VOLATILE,0.000122
2026-07-09,BULL_VOLATILE,0.0,BULL_VOLATILE,0.000125
2026-07-10,BULL_CALM,0.0,BULL_VOLATILE,0.000131
2026-07-13,BULL_CALM,1e-06,BULL_VOLATILE,0.000166
2026-07-14,BULL_CALM,0.0,BULL_VOLATILE,9.6e-05
2026-07-15,BULL_CALM,0.0,BULL_VOLATILE,0.000204
2026-07-16,BULL_CALM,2.8e-05,BULL_VOLATILE,8.5e-05
2026-07-17,BULL_CALM,1e-05,BULL_VOLATILE,0.000162
2026-07-20,BULL_VOLATILE,0.003666,BULL_VOLATILE,9e-05
2026-07-21,BULL_CALM,0.000556,BULL_VOLATILE,0.000154
2026-07-22,BULL_CALM,0.00029,BULL_VOLATILE,0.000159
2026-07-23,BULL_VOLATILE,0.003541,BULL_CALM,7.7e-05
2026-07-24,BULL_VOLATILE,0.000215,BULL_CALM,5.9e-05
2026-07-27,BULL_VOLATILE,0.000318,BULL_CALM,1.6e-05
2026-07-28,BULL_CALM,9.6e-05,BULL_CALM,4e-06
2026-07-29,BULL_VOLATILE,0.003992,BULL_CALM,1.9e-05
2026-07-30,BULL_CALM,0.000206,BULL_CALM,4e-06
2026-07-31,BULL_CALM,0.000545,BULL_CALM,1.4e-05
2026-08-03,BULL_CALM,0.00195,BULL_VOLATILE,8.4e-05
2026-08-04,BULL_VOLATILE,0.006296,BULL_VOLATILE,0.000282
2026-08-05,BULL_VOLATILE,0.001834,BULL_VOLATILE,0.000319
2026-08-06,BULL_VOLATILE,0.005086,BULL_VOLATILE,0.000726
2026-08-07,BULL_VOLATILE,0.00092,BULL_VOLATILE,0.000988
