date,ticker,sector,run_id,created_at,panel_score,fwd5,in_topk
2026-05-20,AFRM,finance,2026-05-20-live-2858f63b,2026-05-21 03:41:27,0.215661,0.087604,True
2026-05-20,AMAT,ai_chip,2026-05-20-live-2858f63b,2026-05-21 03:41:27,-0.160541,0.054791,False
2026-05-20,ASML,ai_chip,2026-05-20-live-2858f63b,2026-05-21 03:41:27,-0.236991,0.035894,False
2026-05-20,AVGO,ai_chip,2026-05-20-live-2858f63b,2026-05-21 03:41:27,0.01834,0.021113,False
2026-05-20,AXP,finance,2026-05-20-live-2858f63b,2026-05-21 03:41:27,-0.048635,0.017107,False
2026-05-20,BAC,finance,2026-05-20-live-2858f63b,2026-05-21 03:41:27,0.07176,-0.008979,False
2026-05-20,BLK,finance,2026-05-20-live-2858f63b,2026-05-21 03:41:27,-0.016288,-0.004831,False
2026-05-20,C,finance,2026-05-20-live-2858f63b,2026-05-21 03:41:27,0.012911,-0.001122,False
2026-05-20,CAT,industrial,2026-05-20-live-2858f63b,2026-05-21 03:41:27,-0.164306,0.017317,False
2026-05-20,CME,finance,2026-05-20-live-2858f63b,2026-05-21 03:41:27,-0.00728,-0.043775,False
2026-05-20,COST,consumer,2026-05-20-live-2858f63b,2026-05-21 03:41:27,-0.108659,-0.073379,False
2026-05-20,CRWD,software,2026-05-20-live-2858f63b,2026-05-21 03:41:27,0.302824,0.032133,False
2026-05-20,DLR,datacenter_hw,2026-05-20-live-2858f63b,2026-05-21 03:41:27,-0.097145,0.004091,False
2026-05-20,EMR,industrial,2026-05-20-live-2858f63b,2026-05-21 03:41:27,0.006167,0.067214,True
2026-05-20,EQIX,datacenter_hw,2026-05-20-live-2858f63b,2026-05-21 03:41:27,-0.028263,0.004112,True
2026-05-20,ETN,industrial,2026-05-20-live-2858f63b,2026-05-21 03:41:27,-0.244021,0.0586,False
2026-05-20,FDX,industrial,2026-05-20-live-2858f63b,2026-05-21 03:41:27,-0.183835,0.063489,False
2026-05-20,FTNT,software,2026-05-20-live-2858f63b,2026-05-21 03:41:27,0.17698,-0.002308,False
2026-05-20,GE,industrial,2026-05-20-live-2858f63b,2026-05-21 03:41:27,-0.155456,0.068794,False
2026-05-20,GM,consumer,2026-05-20-live-2858f63b,2026-05-21 03:41:27,0.032567,0.107828,False
2026-05-20,HLT,consumer,2026-05-20-live-2858f63b,2026-05-21 03:41:27,-0.224278,0.042726,False
2026-05-20,HON,industrial,2026-05-20-live-2858f63b,2026-05-21 03:41:27,-0.068924,0.071806,False
2026-05-20,HPE,datacenter_hw,2026-05-20-live-2858f63b,2026-05-21 03:41:27,0.201228,0.130473,True
2026-05-20,IBM,datacenter_hw,2026-05-20-live-2858f63b,2026-05-21 03:41:27,-0.15586,0.174311,False
2026-05-20,JPM,finance,2026-05-20-live-2858f63b,2026-05-21 03:41:27,0.08324,-0.017385,True
2026-05-20,KLAC,ai_chip,2026-05-20-live-2858f63b,2026-05-21 03:41:27,-0.137728,0.053655,False
2026-05-20,KO,consumer,2026-05-20-live-2858f63b,2026-05-21 03:41:27,-0.349152,-0.013979,False
2026-05-20,LHX,industrial,2026-05-20-live-2858f63b,2026-05-21 03:41:27,0.081747,0.018211,True
2026-05-20,LRCX,ai_chip,2026-05-20-live-2858f63b,2026-05-21 03:41:27,0.050723,0.088706,False
2026-05-20,MCD,consumer,2026-05-20-live-2858f63b,2026-05-21 03:41:27,0.208489,-0.008206,True
2026-05-20,MMM,industrial,2026-05-20-live-2858f63b,2026-05-21 03:41:27,-0.333351,0.025718,False
2026-05-20,MO,consumer,2026-05-20-live-2858f63b,2026-05-21 03:41:27,0.049408,-0.018546,False
2026-05-20,MPWR,ai_chip,2026-05-20-live-2858f63b,2026-05-21 03:41:27,0.080121,0.05144,True
2026-05-20,MS,finance,2026-05-20-live-2858f63b,2026-05-21 03:41:27,0.011572,0.030439,False
2026-05-20,MU,ai_chip,2026-05-20-live-2858f63b,2026-05-21 03:41:27,0.073684,0.261657,False
2026-05-20,PG,consumer,2026-05-20-live-2858f63b,2026-05-21 03:41:27,-0.351733,0.024361,False
2026-05-20,PH,industrial,2026-05-20-live-2858f63b,2026-05-21 03:41:27,0.027198,-0.007714,True
2026-05-20,PM,consumer,2026-05-20-live-2858f63b,2026-05-21 03:41:27,0.079835,-0.053332,True
2026-05-20,PNC,finance,2026-05-20-live-2858f63b,2026-05-21 03:41:27,-0.194024,0.013605,False
2026-05-20,PYPL,finance,2026-05-20-live-2858f63b,2026-05-21 03:41:27,0.030539,0.001915,False
2026-05-20,ROST,consumer,2026-05-20-live-2858f63b,2026-05-21 03:41:27,-0.354246,0.043207,False
2026-05-20,SCHW,finance,2026-05-20-live-2858f63b,2026-05-21 03:41:27,-0.36564,-0.052824,False
2026-05-20,TJX,consumer,2026-05-20-live-2858f63b,2026-05-21 03:41:27,-0.209371,-0.027134,False
2026-05-20,TXN,ai_chip,2026-05-20-live-2858f63b,2026-05-21 03:41:27,0.192494,0.036309,True
2026-05-20,UNP,industrial,2026-05-20-live-2858f63b,2026-05-21 03:41:27,-0.12633,0.004515,False
2026-05-20,V,finance,2026-05-20-live-2858f63b,2026-05-21 03:41:27,-0.376372,-0.017536,False
2026-05-20,WFC,finance,2026-05-20-live-2858f63b,2026-05-21 03:41:27,0.126577,0.01108,True
2026-05-20,XLF,finance,2026-05-20-live-2858f63b,2026-05-21 03:41:27,-0.428443,-0.007549,False
2026-05-21,AFRM,finance,2026-05-21-live-b2d754d0,2026-05-21 21:20:05,0.131252,0.096308,True
2026-05-21,AMAT,ai_chip,2026-05-21-live-b2d754d0,2026-05-21 21:20:05,-0.249787,0.053117,False
2026-05-21,ASML,ai_chip,2026-05-21-live-b2d754d0,2026-05-21 21:20:05,-0.198382,0.01304,False
2026-05-21,AVGO,ai_chip,2026-05-21-live-b2d754d0,2026-05-21 21:20:05,0.008797,0.077671,False
2026-05-21,AXP,finance,2026-05-21-live-b2d754d0,2026-05-21 21:20:05,-0.011883,0.02186,False
2026-05-21,BAC,finance,2026-05-21-live-b2d754d0,2026-05-21 21:20:05,0.18224,0.002136,True
2026-05-21,BLK,finance,2026-05-21-live-b2d754d0,2026-05-21 21:20:05,-0.057513,-0.015859,False
2026-05-21,C,finance,2026-05-21-live-b2d754d0,2026-05-21 21:20:05,-0.004176,0.00543,False
2026-05-21,CAT,industrial,2026-05-21-live-b2d754d0,2026-05-21 21:20:05,-0.166974,0.011456,False
2026-05-21,CME,finance,2026-05-21-live-b2d754d0,2026-05-21 21:20:05,0.036301,-0.054444,False
2026-05-21,COST,consumer,2026-05-21-live-b2d754d0,2026-05-21 21:20:05,-0.086754,-0.089609,False
2026-05-21,CRWD,software,2026-05-21-live-b2d754d0,2026-05-21 21:20:05,0.340685,0.127686,False
2026-05-21,DLR,datacenter_hw,2026-05-21-live-b2d754d0,2026-05-21 21:20:05,-0.107003,-0.02198,True
2026-05-21,EMR,industrial,2026-05-21-live-b2d754d0,2026-05-21 21:20:05,-0.058691,0.066123,False
2026-05-21,EQIX,datacenter_hw,2026-05-21-live-b2d754d0,2026-05-21 21:20:05,-0.118322,-0.009625,False
2026-05-21,ETN,industrial,2026-05-21-live-b2d754d0,2026-05-21 21:20:05,-0.230801,0.050038,False
2026-05-21,FDX,industrial,2026-05-21-live-b2d754d0,2026-05-21 21:20:05,-0.092184,0.058728,False
2026-05-21,FTNT,software,2026-05-21-live-b2d754d0,2026-05-21 21:20:05,0.159876,0.065735,False
2026-05-21,GE,industrial,2026-05-21-live-b2d754d0,2026-05-21 21:20:05,-0.145346,0.072906,False
2026-05-21,GM,consumer,2026-05-21-live-b2d754d0,2026-05-21 21:20:05,0.083758,0.078099,True
2026-05-21,HLT,consumer,2026-05-21-live-b2d754d0,2026-05-21 21:20:05,-0.140224,0.015656,False
2026-05-21,HON,industrial,2026-05-21-live-b2d754d0,2026-05-21 21:20:05,-0.045504,0.062824,True
2026-05-21,HPE,datacenter_hw,2026-05-21-live-b2d754d0,2026-05-21 21:20:05,0.227002,0.267,True
2026-05-21,IBM,datacenter_hw,2026-05-21-live-b2d754d0,2026-05-21 21:20:05,-0.243092,0.177215,False
2026-05-21,JPM,finance,2026-05-21-live-b2d754d0,2026-05-21 21:20:05,0.089806,-0.012178,False
2026-05-21,KLAC,ai_chip,2026-05-21-live-b2d754d0,2026-05-21 21:20:05,-0.207942,0.043172,False
2026-05-21,KO,consumer,2026-05-21-live-b2d754d0,2026-05-21 21:20:05,-0.369062,-0.026611,False
2026-05-21,LHX,industrial,2026-05-21-live-b2d754d0,2026-05-21 21:20:05,0.062611,0.02889,True
2026-05-21,MCD,consumer,2026-05-21-live-b2d754d0,2026-05-21 21:20:05,0.221878,-0.017524,True
2026-05-21,MMM,industrial,2026-05-21-live-b2d754d0,2026-05-21 21:20:05,-0.242329,0.015261,False
2026-05-21,MO,consumer,2026-05-21-live-b2d754d0,2026-05-21 21:20:05,0.03889,-0.05603,False
2026-05-21,MPWR,ai_chip,2026-05-21-live-b2d754d0,2026-05-21 21:20:05,0.173991,0.003177,True
2026-05-21,MS,finance,2026-05-21-live-b2d754d0,2026-05-21 21:20:05,0.01346,0.037355,False
2026-05-21,MU,ai_chip,2026-05-21-live-b2d754d0,2026-05-21 21:20:05,0.100007,0.274111,False
2026-05-21,PG,consumer,2026-05-21-live-b2d754d0,2026-05-21 21:20:05,-0.246603,0.001116,False
2026-05-21,PH,industrial,2026-05-21-live-b2d754d0,2026-05-21 21:20:05,-0.035454,-0.023244,True
2026-05-21,PM,consumer,2026-05-21-live-b2d754d0,2026-05-21 21:20:05,0.068151,-0.058792,False
2026-05-21,PNC,finance,2026-05-21-live-b2d754d0,2026-05-21 21:20:05,-0.111077,0.012593,False
2026-05-21,PYPL,finance,2026-05-21-live-b2d754d0,2026-05-21 21:20:05,0.060441,0.010158,False
2026-05-21,ROST,consumer,2026-05-21-live-b2d754d0,2026-05-21 21:20:05,-0.264034,0.066946,False
2026-05-21,SCHW,finance,2026-05-21-live-b2d754d0,2026-05-21 21:20:05,-0.23542,-0.033846,False
2026-05-21,TJX,consumer,2026-05-21-live-b2d754d0,2026-05-21 21:20:05,-0.227086,-0.017211,False
2026-05-21,TXN,ai_chip,2026-05-21-live-b2d754d0,2026-05-21 21:20:05,0.302767,0.024431,True
2026-05-21,UNP,industrial,2026-05-21-live-b2d754d0,2026-05-21 21:20:05,-0.049262,-0.00535,False
2026-05-21,V,finance,2026-05-21-live-b2d754d0,2026-05-21 21:20:05,-0.277684,-0.014375,False
2026-05-21,WFC,finance,2026-05-21-live-b2d754d0,2026-05-21 21:20:05,0.20271,0.021338,True
2026-05-21,XLF,finance,2026-05-21-live-b2d754d0,2026-05-21 21:20:05,-0.343272,-0.0029,False
2026-05-22,AFRM,finance,2026-05-22-live-ff554178,2026-05-23 01:25:41,0.172726,0.117909,True
2026-05-22,AMAT,ai_chip,2026-05-22-live-ff554178,2026-05-23 01:25:41,-0.258369,0.060186,False
2026-05-22,ASML,ai_chip,2026-05-22-live-ff554178,2026-05-23 01:25:41,-0.237255,-0.002652,False
2026-05-22,AVGO,ai_chip,2026-05-22-live-ff554178,2026-05-23 01:25:41,-0.012581,0.110663,False
2026-05-22,AXP,finance,2026-05-22-live-ff554178,2026-05-23 01:25:41,-0.013102,0.005645,False
2026-05-22,BAC,finance,2026-05-22-live-ff554178,2026-05-23 01:25:41,0.177737,-0.005598,True
2026-05-22,BLK,finance,2026-05-22-live-ff554178,2026-05-23 01:25:41,-0.014549,-0.048714,False
2026-05-22,C,finance,2026-05-22-live-ff554178,2026-05-23 01:25:41,-0.000388,0.031977,False
2026-05-22,CAT,industrial,2026-05-22-live-ff554178,2026-05-23 01:25:41,-0.199475,-0.016513,False
2026-05-22,CME,finance,2026-05-22-live-ff554178,2026-05-23 01:25:41,0.051963,-0.114926,False
2026-05-22,COST,consumer,2026-05-22-live-ff554178,2026-05-23 01:25:41,-0.0791,-0.079874,False
2026-05-22,CRWD,software,2026-05-22-live-ff554178,2026-05-23 01:25:41,0.342918,0.178926,False
2026-05-22,DLR,datacenter_hw,2026-05-22-live-ff554178,2026-05-23 01:25:41,-0.130211,-0.036609,True
2026-05-22,EMR,industrial,2026-05-22-live-ff554178,2026-05-23 01:25:41,-0.165303,0.038337,False
2026-05-22,EQIX,datacenter_hw,2026-05-22-live-ff554178,2026-05-23 01:25:41,-0.142034,-0.026876,False
2026-05-22,ETN,industrial,2026-05-22-live-ff554178,2026-05-23 01:25:41,-0.235051,0.022307,False
2026-05-22,FDX,industrial,2026-05-22-live-ff554178,2026-05-23 01:25:41,-0.160609,0.065617,False
2026-05-22,FTNT,software,2026-05-22-live-ff554178,2026-05-23 01:25:41,0.20112,0.098634,False
2026-05-22,GE,industrial,2026-05-22-live-ff554178,2026-05-23 01:25:41,-0.157093,0.071853,False
2026-05-22,GM,consumer,2026-05-22-live-ff554178,2026-05-23 01:25:41,0.055818,0.049372,False
2026-05-22,HLT,consumer,2026-05-22-live-ff554178,2026-05-23 01:25:41,-0.16539,0.036035,False
2026-05-22,HON,industrial,2026-05-22-live-ff554178,2026-05-23 01:25:41,-0.042641,0.03782,False
2026-05-22,HPE,datacenter_hw,2026-05-22-live-ff554178,2026-05-23 01:25:41,0.277571,0.250665,True
2026-05-22,IBM,datacenter_hw,2026-05-22-live-ff554178,2026-05-23 01:25:41,-0.275499,0.262291,False
2026-05-22,JPM,finance,2026-05-22-live-ff554178,2026-05-23 01:25:41,0.107755,-0.031986,False
2026-05-22,KLAC,ai_chip,2026-05-22-live-ff554178,2026-05-23 01:25:41,-0.204669,0.027357,False
2026-05-22,KO,consumer,2026-05-22-live-ff554178,2026-05-23 01:25:41,-0.364751,-0.034855,False
2026-05-22,LHX,industrial,2026-05-22-live-ff554178,2026-05-23 01:25:41,0.064077,-0.007661,True
2026-05-22,MCD,consumer,2026-05-22-live-ff554178,2026-05-23 01:25:41,0.221271,-0.021823,True
2026-05-22,MMM,industrial,2026-05-22-live-ff554178,2026-05-23 01:25:41,-0.269023,-0.009906,False
2026-05-22,MO,consumer,2026-05-22-live-ff554178,2026-05-23 01:25:41,0.03962,-0.071042,False
2026-05-22,MPWR,ai_chip,2026-05-22-live-ff554178,2026-05-23 01:25:41,0.204013,-0.029827,True
2026-05-22,MS,finance,2026-05-22-live-ff554178,2026-05-23 01:25:41,0.002725,0.049644,False
2026-05-22,MU,ai_chip,2026-05-22-live-ff554178,2026-05-23 01:25:41,0.084237,0.378828,False
2026-05-22,PG,consumer,2026-05-22-live-ff554178,2026-05-23 01:25:41,-0.263247,-0.028801,False
2026-05-22,PH,industrial,2026-05-22-live-ff554178,2026-05-23 01:25:41,-0.040717,-0.05036,True
2026-05-22,PM,consumer,2026-05-22-live-ff554178,2026-05-23 01:25:41,0.06089,-0.086407,True
2026-05-22,PNC,finance,2026-05-22-live-ff554178,2026-05-23 01:25:41,-0.106834,-0.014414,False
2026-05-22,PYPL,finance,2026-05-22-live-ff554178,2026-05-23 01:25:41,0.05691,0.021705,False
2026-05-22,ROST,consumer,2026-05-22-live-ff554178,2026-05-23 01:25:41,-0.259079,-0.045739,False
2026-05-22,SCHW,finance,2026-05-22-live-ff554178,2026-05-23 01:25:41,-0.20427,-0.015641,False
2026-05-22,TJX,consumer,2026-05-22-live-ff554178,2026-05-23 01:25:41,-0.227306,-0.034877,False
2026-05-22,TXN,ai_chip,2026-05-22-live-ff554178,2026-05-23 01:25:41,0.276453,-0.051777,True
2026-05-22,UNP,industrial,2026-05-22-live-ff554178,2026-05-23 01:25:41,-0.040172,-0.003744,True
2026-05-22,V,finance,2026-05-22-live-ff554178,2026-05-23 01:25:41,-0.281994,-0.018578,False
2026-05-22,WFC,finance,2026-05-22-live-ff554178,2026-05-23 01:25:41,0.203256,0.010078,True
2026-05-22,XLF,finance,2026-05-22-live-ff554178,2026-05-23 01:25:41,-0.351887,-0.009819,False
2026-05-30,ADI,ai_chip,2026-05-30-live-0a4b06a7,2026-05-30 17:01:20,0.061165,,False
2026-05-30,AFRM,finance,2026-05-30-live-0a4b06a7,2026-05-30 17:01:20,0.186325,,False
2026-05-30,AMAT,ai_chip,2026-05-30-live-0a4b06a7,2026-05-30 17:01:20,-0.036687,,False
2026-05-30,ANET,datacenter_hw,2026-05-30-live-0a4b06a7,2026-05-30 17:01:20,0.016521,,False
2026-05-30,ASML,ai_chip,2026-05-30-live-0a4b06a7,2026-05-30 17:01:20,-0.189874,,False
2026-05-30,AVGO,ai_chip,2026-05-30-live-0a4b06a7,2026-05-30 17:01:20,0.006488,,False
2026-05-30,AXP,finance,2026-05-30-live-0a4b06a7,2026-05-30 17:01:20,-0.059174,,False
2026-05-30,BLK,finance,2026-05-30-live-0a4b06a7,2026-05-30 17:01:20,0.012095,,False
2026-05-30,C,finance,2026-05-30-live-0a4b06a7,2026-05-30 17:01:20,-0.023552,,False
2026-05-30,CME,finance,2026-05-30-live-0a4b06a7,2026-05-30 17:01:20,0.072689,,False
2026-05-30,CRWD,software,2026-05-30-live-0a4b06a7,2026-05-30 17:01:20,0.371266,,False
2026-05-30,DLR,datacenter_hw,2026-05-30-live-0a4b06a7,2026-05-30 17:01:20,-0.210131,,False
2026-05-30,EMR,industrial,2026-05-30-live-0a4b06a7,2026-05-30 17:01:20,-0.186647,,False
2026-05-30,EQIX,datacenter_hw,2026-05-30-live-0a4b06a7,2026-05-30 17:01:20,-0.127051,,False
2026-05-30,ETN,industrial,2026-05-30-live-0a4b06a7,2026-05-30 17:01:20,-0.268263,,False
2026-05-30,FDX,industrial,2026-05-30-live-0a4b06a7,2026-05-30 17:01:20,-0.226175,,False
2026-05-30,FTNT,software,2026-05-30-live-0a4b06a7,2026-05-30 17:01:20,0.206071,,False
2026-05-30,GE,industrial,2026-05-30-live-0a4b06a7,2026-05-30 17:01:20,-0.258675,,False
2026-05-30,GM,consumer,2026-05-30-live-0a4b06a7,2026-05-30 17:01:20,0.083181,,False
2026-05-30,HLT,consumer,2026-05-30-live-0a4b06a7,2026-05-30 17:01:20,-0.267019,,False
2026-05-30,HON,industrial,2026-05-30-live-0a4b06a7,2026-05-30 17:01:20,-0.060648,,False
2026-05-30,IBM,datacenter_hw,2026-05-30-live-0a4b06a7,2026-05-30 17:01:20,-0.28852,,False
2026-05-30,JPM,finance,2026-05-30-live-0a4b06a7,2026-05-30 17:01:20,0.064661,,False
2026-05-30,KLAC,ai_chip,2026-05-30-live-0a4b06a7,2026-05-30 17:01:20,-0.211069,,False
2026-05-30,KO,consumer,2026-05-30-live-0a4b06a7,2026-05-30 17:01:20,-0.379181,,False
2026-05-30,LHX,industrial,2026-05-30-live-0a4b06a7,2026-05-30 17:01:20,0.065904,,False
2026-05-30,LRCX,ai_chip,2026-05-30-live-0a4b06a7,2026-05-30 17:01:20,0.183636,,False
2026-05-30,MCD,consumer,2026-05-30-live-0a4b06a7,2026-05-30 17:01:20,0.130857,,False
2026-05-30,MMM,industrial,2026-05-30-live-0a4b06a7,2026-05-30 17:01:20,-0.354413,,False
2026-05-30,MO,consumer,2026-05-30-live-0a4b06a7,2026-05-30 17:01:20,0.063346,,False
2026-05-30,MPWR,ai_chip,2026-05-30-live-0a4b06a7,2026-05-30 17:01:20,0.20545,,False
2026-05-30,MS,finance,2026-05-30-live-0a4b06a7,2026-05-30 17:01:20,0.00618,,False
2026-05-30,MU,ai_chip,2026-05-30-live-0a4b06a7,2026-05-30 17:01:20,-0.009948,,False
2026-05-30,NVDA,ai_chip,2026-05-30-live-0a4b06a7,2026-05-30 17:01:20,-0.018862,,False
2026-05-30,PG,consumer,2026-05-30-live-0a4b06a7,2026-05-30 17:01:20,-0.381727,,False
2026-05-30,PH,industrial,2026-05-30-live-0a4b06a7,2026-05-30 17:01:20,-0.091435,,False
2026-05-30,PLTR,software,2026-05-30-live-0a4b06a7,2026-05-30 17:01:20,-0.016338,,False
2026-05-30,PM,consumer,2026-05-30-live-0a4b06a7,2026-05-30 17:01:20,0.09378,,False
2026-05-30,PNC,finance,2026-05-30-live-0a4b06a7,2026-05-30 17:01:20,-0.268539,,False
2026-05-30,PYPL,finance,2026-05-30-live-0a4b06a7,2026-05-30 17:01:20,0.048497,,False
2026-05-30,ROST,consumer,2026-05-30-live-0a4b06a7,2026-05-30 17:01:20,-0.358183,,False
2026-05-30,SCHW,finance,2026-05-30-live-0a4b06a7,2026-05-30 17:01:20,-0.304352,,False
2026-05-30,TJX,consumer,2026-05-30-live-0a4b06a7,2026-05-30 17:01:20,-0.233555,,False
2026-05-30,TSM,ai_chip,2026-05-30-live-0a4b06a7,2026-05-30 17:01:20,-0.172544,,False
2026-05-30,TXN,ai_chip,2026-05-30-live-0a4b06a7,2026-05-30 17:01:20,0.239596,,False
2026-05-30,UNP,industrial,2026-05-30-live-0a4b06a7,2026-05-30 17:01:20,-0.144191,,False
2026-05-30,V,finance,2026-05-30-live-0a4b06a7,2026-05-30 17:01:20,-0.420029,,False
2026-05-30,XLF,finance,2026-05-30-live-0a4b06a7,2026-05-30 17:01:20,-0.340002,,False
2026-05-30,ZM,software,2026-05-30-live-0a4b06a7,2026-05-30 17:01:20,-0.067458,,False
2026-06-01,ADI,ai_chip,2026-06-01-live-87e6abd6,2026-06-01 22:38:26,0.054349,0.005587,False
2026-06-01,AFRM,finance,2026-06-01-live-87e6abd6,2026-06-01 22:38:26,0.207307,-0.102181,True
2026-06-01,AMAT,ai_chip,2026-06-01-live-87e6abd6,2026-06-01 22:38:26,-0.034279,0.074208,False
2026-06-01,ANET,datacenter_hw,2026-06-01-live-87e6abd6,2026-06-01 22:38:26,-0.038076,-0.083665,True
2026-06-01,ASML,ai_chip,2026-06-01-live-87e6abd6,2026-06-01 22:38:26,-0.188251,0.073973,False
2026-06-01,AXP,finance,2026-06-01-live-87e6abd6,2026-06-01 22:38:26,-0.047688,-0.003955,False
2026-06-01,BLK,finance,2026-06-01-live-87e6abd6,2026-06-01 22:38:26,0.059502,-0.019824,True
2026-06-01,C,finance,2026-06-01-live-87e6abd6,2026-06-01 22:38:26,-0.034474,0.032458,False
2026-06-01,CAT,industrial,2026-06-01-live-87e6abd6,2026-06-01 22:38:26,-0.176813,0.058103,False
2026-06-01,CME,finance,2026-06-01-live-87e6abd6,2026-06-01 22:38:26,0.033544,-0.02223,False
2026-06-01,COST,consumer,2026-06-01-live-87e6abd6,2026-06-01 22:38:26,0.0255,0.030271,False
2026-06-01,CRWD,software,2026-06-01-live-87e6abd6,2026-06-01 22:38:26,0.360164,-0.157741,True
2026-06-01,DLR,datacenter_hw,2026-06-01-live-87e6abd6,2026-06-01 22:38:26,-0.140004,-0.015405,False
2026-06-01,EMR,industrial,2026-06-01-live-87e6abd6,2026-06-01 22:38:26,-0.113188,-0.018214,False
2026-06-01,EQIX,datacenter_hw,2026-06-01-live-87e6abd6,2026-06-01 22:38:26,-0.117535,0.011392,True
2026-06-01,ETN,industrial,2026-06-01-live-87e6abd6,2026-06-01 22:38:26,-0.248383,0.007649,False
2026-06-01,FDX,industrial,2026-06-01-live-87e6abd6,2026-06-01 22:38:26,0.02814,-0.024432,True
2026-06-01,FTNT,software,2026-06-01-live-87e6abd6,2026-06-01 22:38:26,0.222819,-0.027865,True
2026-06-01,GE,industrial,2026-06-01-live-87e6abd6,2026-06-01 22:38:26,-0.27295,-0.007887,False
2026-06-01,GM,consumer,2026-06-01-live-87e6abd6,2026-06-01 22:38:26,0.098113,0.015404,False
2026-06-01,HLT,consumer,2026-06-01-live-87e6abd6,2026-06-01 22:38:26,-0.203698,0.023989,False
2026-06-01,HON,industrial,2026-06-01-live-87e6abd6,2026-06-01 22:38:26,-0.051622,-0.104591,False
2026-06-01,IBM,datacenter_hw,2026-06-01-live-87e6abd6,2026-06-01 22:38:26,-0.152805,-0.123588,False
2026-06-01,JPM,finance,2026-06-01-live-87e6abd6,2026-06-01 22:38:26,0.092873,0.048992,True
2026-06-01,KLAC,ai_chip,2026-06-01-live-87e6abd6,2026-06-01 22:38:26,-0.186677,0.086606,False
2026-06-01,KO,consumer,2026-06-01-live-87e6abd6,2026-06-01 22:38:26,-0.351621,0.011445,False
2026-06-01,LHX,industrial,2026-06-01-live-87e6abd6,2026-06-01 22:38:26,0.065178,-0.020231,True
2026-06-01,LRCX,ai_chip,2026-06-01-live-87e6abd6,2026-06-01 22:38:26,0.174068,0.023114,False
2026-06-01,MCD,consumer,2026-06-01-live-87e6abd6,2026-06-01 22:38:26,0.18597,0.012819,True
2026-06-01,MMM,industrial,2026-06-01-live-87e6abd6,2026-06-01 22:38:26,-0.333251,0.019347,False
2026-06-01,MO,consumer,2026-06-01-live-87e6abd6,2026-06-01 22:38:26,0.087212,0.038456,False
2026-06-01,MPWR,ai_chip,2026-06-01-live-87e6abd6,2026-06-01 22:38:26,0.194972,0.010886,True
2026-06-01,MS,finance,2026-06-01-live-87e6abd6,2026-06-01 22:38:26,0.005684,0.005829,False
2026-06-01,MU,ai_chip,2026-06-01-live-87e6abd6,2026-06-01 22:38:26,0.146207,-0.083264,False
2026-06-01,NVDA,ai_chip,2026-06-01-live-87e6abd6,2026-06-01 22:38:26,-0.007006,-0.069003,False
2026-06-01,PG,consumer,2026-06-01-live-87e6abd6,2026-06-01 22:38:26,-0.374914,0.03436,False
2026-06-01,PH,industrial,2026-06-01-live-87e6abd6,2026-06-01 22:38:26,-0.039211,0.072683,True
2026-06-01,PLTR,software,2026-06-01-live-87e6abd6,2026-06-01 22:38:26,-0.01664,-0.150513,True
2026-06-01,PM,consumer,2026-06-01-live-87e6abd6,2026-06-01 22:38:26,0.102059,0.019692,True
2026-06-01,PNC,finance,2026-06-01-live-87e6abd6,2026-06-01 22:38:26,-0.246444,0.051233,False
2026-06-01,PYPL,finance,2026-06-01-live-87e6abd6,2026-06-01 22:38:26,0.020929,-0.083976,False
2026-06-01,ROST,consumer,2026-06-01-live-87e6abd6,2026-06-01 22:38:26,-0.349835,0.014951,False
2026-06-01,SCHW,finance,2026-06-01-live-87e6abd6,2026-06-01 22:38:26,-0.335197,-0.007437,False
2026-06-01,TJX,consumer,2026-06-01-live-87e6abd6,2026-06-01 22:38:26,-0.211238,0.045827,False
2026-06-01,TSM,ai_chip,2026-06-01-live-87e6abd6,2026-06-01 22:38:26,-0.179281,-0.02027,False
2026-06-01,TXN,ai_chip,2026-06-01-live-87e6abd6,2026-06-01 22:38:26,0.23065,-0.007845,True
2026-06-01,UNP,industrial,2026-06-01-live-87e6abd6,2026-06-01 22:38:26,-0.124022,0.019621,False
2026-06-01,V,finance,2026-06-01-live-87e6abd6,2026-06-01 22:38:26,-0.383844,-0.009604,False
2026-06-01,XLF,finance,2026-06-01-live-87e6abd6,2026-06-01 22:38:26,-0.328449,0.0105,False
2026-06-01,ZM,software,2026-06-01-live-87e6abd6,2026-06-01 22:38:26,-0.069326,-0.0938,False
2026-06-02,ADI,ai_chip,2026-06-02-live-237c90a5,2026-06-02 21:10:27,0.028416,-0.043904,False
2026-06-02,AFRM,finance,2026-06-02-live-237c90a5,2026-06-02 21:10:27,0.155806,-0.083087,True
2026-06-02,AMAT,ai_chip,2026-06-02-live-237c90a5,2026-06-02 21:10:27,0.104071,0.018692,False
2026-06-02,ANET,datacenter_hw,2026-06-02-live-237c90a5,2026-06-02 21:10:27,0.019074,-0.132151,True
2026-06-02,ASML,ai_chip,2026-06-02-live-237c90a5,2026-06-02 21:10:27,-0.157852,0.042454,False
2026-06-02,AXP,finance,2026-06-02-live-237c90a5,2026-06-02 21:10:27,-0.063199,0.023829,False
2026-06-02,BLK,finance,2026-06-02-live-237c90a5,2026-06-02 21:10:27,0.073311,-0.001154,False
2026-06-02,C,finance,2026-06-02-live-237c90a5,2026-06-02 21:10:27,-0.018459,0.026436,False
2026-06-02,CAT,industrial,2026-06-02-live-237c90a5,2026-06-02 21:10:27,-0.16559,0.005375,False
2026-06-02,CME,finance,2026-06-02-live-237c90a5,2026-06-02 21:10:27,0.090831,0.026783,True
2026-06-02,COST,consumer,2026-06-02-live-237c90a5,2026-06-02 21:10:27,0.044422,0.015006,False
2026-06-02,CRWD,software,2026-06-02-live-237c90a5,2026-06-02 21:10:27,0.350714,-0.161285,True
2026-06-02,DLR,datacenter_hw,2026-06-02-live-237c90a5,2026-06-02 21:10:27,-0.212097,-0.012443,False
2026-06-02,EMR,industrial,2026-06-02-live-237c90a5,2026-06-02 21:10:27,-0.153143,0.002746,False
2026-06-02,EQIX,datacenter_hw,2026-06-02-live-237c90a5,2026-06-02 21:10:27,-0.163785,-0.011159,False
2026-06-02,ETN,industrial,2026-06-02-live-237c90a5,2026-06-02 21:10:27,-0.268245,-0.038073,False
2026-06-02,FDX,industrial,2026-06-02-live-237c90a5,2026-06-02 21:10:27,-0.230763,0.008389,False
2026-06-02,FTNT,software,2026-06-02-live-237c90a5,2026-06-02 21:10:27,0.222819,-0.070335,True
2026-06-02,GE,industrial,2026-06-02-live-237c90a5,2026-06-02 21:10:27,-0.250485,0.040035,False
2026-06-02,GM,consumer,2026-06-02-live-237c90a5,2026-06-02 21:10:27,0.06795,0.027084,False
2026-06-02,HLT,consumer,2026-06-02-live-237c90a5,2026-06-02 21:10:27,-0.299033,0.029202,False
2026-06-02,HON,industrial,2026-06-02-live-237c90a5,2026-06-02 21:10:27,-0.040057,-0.083025,True
2026-06-02,IBM,datacenter_hw,2026-06-02-live-237c90a5,2026-06-02 21:10:27,-0.159441,-0.157155,True
2026-06-02,JPM,finance,2026-06-02-live-237c90a5,2026-06-02 21:10:27,0.075137,0.039009,True
2026-06-02,KLAC,ai_chip,2026-06-02-live-237c90a5,2026-06-02 21:10:27,-0.085683,0.046044,False
2026-06-02,KO,consumer,2026-06-02-live-237c90a5,2026-06-02 21:10:27,-0.37147,0.037368,False
2026-06-02,LHX,industrial,2026-06-02-live-237c90a5,2026-06-02 21:10:27,0.050038,0.004224,True
2026-06-02,LRCX,ai_chip,2026-06-02-live-237c90a5,2026-06-02 21:10:27,0.163948,-0.02168,False
2026-06-02,MCD,consumer,2026-06-02-live-237c90a5,2026-06-02 21:10:27,0.133426,0.021313,True
2026-06-02,MMM,industrial,2026-06-02-live-237c90a5,2026-06-02 21:10:27,-0.357923,0.022825,False
2026-06-02,MO,consumer,2026-06-02-live-237c90a5,2026-06-02 21:10:27,0.062721,0.033507,False
2026-06-02,MPWR,ai_chip,2026-06-02-live-237c90a5,2026-06-02 21:10:27,0.283816,-0.057237,True
2026-06-02,MS,finance,2026-06-02-live-237c90a5,2026-06-02 21:10:27,-0.019706,-0.022002,False
2026-06-02,MU,ai_chip,2026-06-02-live-237c90a5,2026-06-02 21:10:27,-0.008168,-0.120487,False
2026-06-02,NVDA,ai_chip,2026-06-02-live-237c90a5,2026-06-02 21:10:27,-0.039115,-0.06459,False
2026-06-02,PG,consumer,2026-06-02-live-237c90a5,2026-06-02 21:10:27,-0.37849,0.055745,False
2026-06-02,PH,industrial,2026-06-02-live-237c90a5,2026-06-02 21:10:27,0.002543,0.082755,True
2026-06-02,PLTR,software,2026-06-02-live-237c90a5,2026-06-02 21:10:27,0.002385,-0.132089,False
2026-06-02,PM,consumer,2026-06-02-live-237c90a5,2026-06-02 21:10:27,0.168872,0.027813,True
2026-06-02,PNC,finance,2026-06-02-live-237c90a5,2026-06-02 21:10:27,-0.248602,0.050588,False
2026-06-02,PYPL,finance,2026-06-02-live-237c90a5,2026-06-02 21:10:27,0.040207,-0.065893,False
2026-06-02,ROST,consumer,2026-06-02-live-237c90a5,2026-06-02 21:10:27,-0.325535,0.027142,False
2026-06-02,SCHW,finance,2026-06-02-live-237c90a5,2026-06-02 21:10:27,-0.314799,0.01324,False
2026-06-02,TJX,consumer,2026-06-02-live-237c90a5,2026-06-02 21:10:27,-0.236042,0.072744,False
2026-06-02,TSM,ai_chip,2026-06-02-live-237c90a5,2026-06-02 21:10:27,-0.125886,-0.04202,False
2026-06-02,TXN,ai_chip,2026-06-02-live-237c90a5,2026-06-02 21:10:27,0.251859,-0.063255,True
2026-06-02,UNP,industrial,2026-06-02-live-237c90a5,2026-06-02 21:10:27,-0.101758,0.024936,False
2026-06-02,V,finance,2026-06-02-live-237c90a5,2026-06-02 21:10:27,-0.375151,0.02436,False
2026-06-02,XLF,finance,2026-06-02-live-237c90a5,2026-06-02 21:10:27,-0.340002,0.019433,False
2026-06-02,ZM,software,2026-06-02-live-237c90a5,2026-06-02 21:10:27,0.084517,-0.134519,True
2026-06-03,ADI,ai_chip,2026-06-03-live-2b917827,2026-06-03 21:10:44,0.007911,-0.102817,False
2026-06-03,AFRM,finance,2026-06-03-live-2b917827,2026-06-03 21:10:44,0.191223,-0.052211,True
2026-06-03,AMAT,ai_chip,2026-06-03-live-2b917827,2026-06-03 21:10:44,0.172757,-0.007508,False
2026-06-03,ANET,datacenter_hw,2026-06-03-live-2b917827,2026-06-03 21:10:44,0.04258,-0.129667,True
2026-06-03,ASML,ai_chip,2026-06-03-live-2b917827,2026-06-03 21:10:44,-0.124612,0.004536,False
2026-06-03,AXP,finance,2026-06-03-live-2b917827,2026-06-03 21:10:44,-0.056856,0.042486,False
2026-06-03,BLK,finance,2026-06-03-live-2b917827,2026-06-03 21:10:44,0.057937,0.025863,False
2026-06-03,C,finance,2026-06-03-live-2b917827,2026-06-03 21:10:44,-0.02403,0.026553,False
2026-06-03,CAT,industrial,2026-06-03-live-2b917827,2026-06-03 21:10:44,-0.205543,-0.075601,False
2026-06-03,CME,finance,2026-06-03-live-2b917827,2026-06-03 21:10:44,0.093176,0.049477,True
2026-06-03,COST,consumer,2026-06-03-live-2b917827,2026-06-03 21:10:44,0.050129,0.022395,False
2026-06-03,CRWD,software,2026-06-03-live-2b917827,2026-06-03 21:10:44,0.34463,-0.133586,True
2026-06-03,DLR,datacenter_hw,2026-06-03-live-2b917827,2026-06-03 21:10:44,-0.188284,-0.014823,False
2026-06-03,EMR,industrial,2026-06-03-live-2b917827,2026-06-03 21:10:44,-0.163737,-0.02676,False
2026-06-03,EQIX,datacenter_hw,2026-06-03-live-2b917827,2026-06-03 21:10:44,-0.171869,-0.035905,True
2026-06-03,ETN,industrial,2026-06-03-live-2b917827,2026-06-03 21:10:44,-0.281105,-0.108616,False
2026-06-03,FDX,industrial,2026-06-03-live-2b917827,2026-06-03 21:10:44,-0.252248,-0.016057,False
2026-06-03,FTNT,software,2026-06-03-live-2b917827,2026-06-03 21:10:44,0.222776,-0.051884,True
2026-06-03,GE,industrial,2026-06-03-live-2b917827,2026-06-03 21:10:44,-0.239797,0.012935,False
2026-06-03,GM,consumer,2026-06-03-live-2b917827,2026-06-03 21:10:44,0.077082,-0.026021,False
2026-06-03,HLT,consumer,2026-06-03-live-2b917827,2026-06-03 21:10:44,-0.311482,0.020672,False
2026-06-03,HON,industrial,2026-06-03-live-2b917827,2026-06-03 21:10:44,-0.049523,-0.077846,True
2026-06-03,IBM,datacenter_hw,2026-06-03-live-2b917827,2026-06-03 21:10:44,-0.257199,-0.108857,False
2026-06-03,JPM,finance,2026-06-03-live-2b917827,2026-06-03 21:10:44,0.06173,0.027555,True
2026-06-03,KLAC,ai_chip,2026-06-03-live-2b917827,2026-06-03 21:10:44,-0.126265,0.004955,False
2026-06-03,KO,consumer,2026-06-03-live-2b917827,2026-06-03 21:10:44,-0.373923,0.061325,False
2026-06-03,LHX,industrial,2026-06-03-live-2b917827,2026-06-03 21:10:44,0.066264,0.002572,True
2026-06-03,LRCX,ai_chip,2026-06-03-live-2b917827,2026-06-03 21:10:44,0.191657,-0.063746,False
2026-06-03,MCD,consumer,2026-06-03-live-2b917827,2026-06-03 21:10:44,0.136191,0.033774,True
2026-06-03,MMM,industrial,2026-06-03-live-2b917827,2026-06-03 21:10:44,-0.370417,0.03429,False
2026-06-03,MO,consumer,2026-06-03-live-2b917827,2026-06-03 21:10:44,0.060148,0.040256,False
2026-06-03,MPWR,ai_chip,2026-06-03-live-2b917827,2026-06-03 21:10:44,0.296098,-0.128322,True
2026-06-03,MS,finance,2026-06-03-live-2b917827,2026-06-03 21:10:44,-0.01528,-0.01656,False
2026-06-03,MU,ai_chip,2026-06-03-live-2b917827,2026-06-03 21:10:44,0.024576,-0.173856,False
2026-06-03,NVDA,ai_chip,2026-06-03-live-2b917827,2026-06-03 21:10:44,-0.032498,-0.065662,False
2026-06-03,PG,consumer,2026-06-03-live-2b917827,2026-06-03 21:10:44,-0.369435,0.0632,False
2026-06-03,PH,industrial,2026-06-03-live-2b917827,2026-06-03 21:10:44,-0.004451,0.029197,True
2026-06-03,PLTR,software,2026-06-03-live-2b917827,2026-06-03 21:10:44,0.044402,-0.084318,True
2026-06-03,PM,consumer,2026-06-03-live-2b917827,2026-06-03 21:10:44,0.162426,0.039843,True
2026-06-03,PNC,finance,2026-06-03-live-2b917827,2026-06-03 21:10:44,-0.265026,0.065836,False
2026-06-03,PYPL,finance,2026-06-03-live-2b917827,2026-06-03 21:10:44,0.011346,-0.041697,False
2026-06-03,ROST,consumer,2026-06-03-live-2b917827,2026-06-03 21:10:44,-0.347576,-0.001076,False
2026-06-03,SCHW,finance,2026-06-03-live-2b917827,2026-06-03 21:10:44,-0.304648,0.03095,False
2026-06-03,TJX,consumer,2026-06-03-live-2b917827,2026-06-03 21:10:44,-0.218006,0.061811,False
2026-06-03,TSM,ai_chip,2026-06-03-live-2b917827,2026-06-03 21:10:44,-0.117669,-0.063981,False
2026-06-03,TXN,ai_chip,2026-06-03-live-2b917827,2026-06-03 21:10:44,0.253896,-0.086134,True
2026-06-03,UNP,industrial,2026-06-03-live-2b917827,2026-06-03 21:10:44,-0.110897,0.018693,False
2026-06-03,V,finance,2026-06-03-live-2b917827,2026-06-03 21:10:44,-0.38651,0.033803,False
2026-06-03,WMT,consumer,2026-06-03-live-2b917827,2026-06-03 21:10:44,-0.025715,0.031654,False
2026-06-03,XLF,finance,2026-06-03-live-2b917827,2026-06-03 21:10:44,-0.344313,0.026735,False
2026-06-03,ZM,software,2026-06-03-live-2b917827,2026-06-03 21:10:44,-0.025205,-0.115254,False
2026-06-04,ADI,ai_chip,2026-06-04-live-38548bd0,2026-06-04 21:10:21,0.058848,-0.038786,False
2026-06-04,AFRM,finance,2026-06-04-live-38548bd0,2026-06-04 21:10:21,0.163672,-0.032169,True
2026-06-04,AMAT,ai_chip,2026-06-04-live-38548bd0,2026-06-04 21:10:21,0.167097,0.101535,False
2026-06-04,ANET,datacenter_hw,2026-06-04-live-38548bd0,2026-06-04 21:10:21,0.009325,-0.057888,True
2026-06-04,ASML,ai_chip,2026-06-04-live-38548bd0,2026-06-04 21:10:21,-0.146277,0.080804,False
2026-06-04,AXP,finance,2026-06-04-live-38548bd0,2026-06-04 21:10:21,-0.056904,0.01907,False
2026-06-04,BLK,finance,2026-06-04-live-38548bd0,2026-06-04 21:10:21,0.034241,-0.000126,False
2026-06-04,C,finance,2026-06-04-live-38548bd0,2026-06-04 21:10:21,-0.021948,0.021606,False
2026-06-04,CAT,industrial,2026-06-04-live-38548bd0,2026-06-04 21:10:21,-0.207881,-0.045562,False
2026-06-04,CME,finance,2026-06-04-live-38548bd0,2026-06-04 21:10:21,0.142311,0.029101,True
2026-06-04,COST,consumer,2026-06-04-live-38548bd0,2026-06-04 21:10:21,0.051632,0.003435,False
2026-06-04,CRWD,software,2026-06-04-live-38548bd0,2026-06-04 21:10:21,0.359566,-0.038326,True
2026-06-04,DLR,datacenter_hw,2026-06-04-live-38548bd0,2026-06-04 21:10:21,-0.199773,-0.031055,False
2026-06-04,EMR,industrial,2026-06-04-live-38548bd0,2026-06-04 21:10:21,-0.214763,0.000211,False
2026-06-04,EQIX,datacenter_hw,2026-06-04-live-38548bd0,2026-06-04 21:10:21,-0.184513,-0.042207,True
2026-06-04,ETN,industrial,2026-06-04-live-38548bd0,2026-06-04 21:10:21,-0.272061,-0.05965,False
2026-06-04,FDX,industrial,2026-06-04-live-38548bd0,2026-06-04 21:10:21,-0.22123,0.030488,False
2026-06-04,FTNT,software,2026-06-04-live-38548bd0,2026-06-04 21:10:21,0.222776,-0.030801,True
2026-06-04,GE,industrial,2026-06-04-live-38548bd0,2026-06-04 21:10:21,-0.284691,0.015596,False
2026-06-04,GM,consumer,2026-06-04-live-38548bd0,2026-06-04 21:10:21,0.068308,-0.026349,False
2026-06-04,HLT,consumer,2026-06-04-live-38548bd0,2026-06-04 21:10:21,-0.287475,0.010971,False
2026-06-04,HON,industrial,2026-06-04-live-38548bd0,2026-06-04 21:10:21,-0.061253,0.0068,True
2026-06-04,IBM,datacenter_hw,2026-06-04-live-38548bd0,2026-06-04 21:10:21,-0.285386,-0.089207,False
2026-06-04,JPM,finance,2026-06-04-live-38548bd0,2026-06-04 21:10:21,0.08267,0.008363,True
2026-06-04,KLAC,ai_chip,2026-06-04-live-38548bd0,2026-06-04 21:10:21,-0.030233,0.131641,False
2026-06-04,KO,consumer,2026-06-04-live-38548bd0,2026-06-04 21:10:21,-0.354075,0.07433,False
2026-06-04,LHX,industrial,2026-06-04-live-38548bd0,2026-06-04 21:10:21,0.04833,0.011807,True
2026-06-04,LRCX,ai_chip,2026-06-04-live-38548bd0,2026-06-04 21:10:21,0.158752,0.077614,False
2026-06-04,MCD,consumer,2026-06-04-live-38548bd0,2026-06-04 21:10:21,0.131458,0.044184,True
2026-06-04,MMM,industrial,2026-06-04-live-38548bd0,2026-06-04 21:10:21,-0.37242,0.033645,False
2026-06-04,MO,consumer,2026-06-04-live-38548bd0,2026-06-04 21:10:21,0.053549,0.011473,False
2026-06-04,MPWR,ai_chip,2026-06-04-live-38548bd0,2026-06-04 21:10:21,0.283816,-0.038152,True
2026-06-04,MS,finance,2026-06-04-live-38548bd0,2026-06-04 21:10:21,-0.027955,-0.025702,False
2026-06-04,MU,ai_chip,2026-06-04-live-38548bd0,2026-06-04 21:10:21,0.072528,-0.000131,False
2026-06-04,NVDA,ai_chip,2026-06-04-live-38548bd0,2026-06-04 21:10:21,-0.028471,-0.063066,False
2026-06-04,PG,consumer,2026-06-04-live-38548bd0,2026-06-04 21:10:21,-0.367864,0.053701,False
2026-06-04,PH,industrial,2026-06-04-live-38548bd0,2026-06-04 21:10:21,-0.066188,0.034555,True
2026-06-04,PLTR,software,2026-06-04-live-38548bd0,2026-06-04 21:10:21,0.038138,-0.074947,True
2026-06-04,PM,consumer,2026-06-04-live-38548bd0,2026-06-04 21:10:21,0.119828,0.03303,True
2026-06-04,PNC,finance,2026-06-04-live-38548bd0,2026-06-04 21:10:21,-0.245241,0.03021,False
2026-06-04,PYPL,finance,2026-06-04-live-38548bd0,2026-06-04 21:10:21,0.031114,-0.035322,False
2026-06-04,ROST,consumer,2026-06-04-live-38548bd0,2026-06-04 21:10:21,-0.369762,0.027949,False
2026-06-04,SCHW,finance,2026-06-04-live-38548bd0,2026-06-04 21:10:21,-0.326625,0.007955,False
2026-06-04,TJX,consumer,2026-06-04-live-38548bd0,2026-06-04 21:10:21,-0.246102,0.061212,False
2026-06-04,TSM,ai_chip,2026-06-04-live-38548bd0,2026-06-04 21:10:21,-0.131375,-0.051459,False
2026-06-04,TXN,ai_chip,2026-06-04-live-38548bd0,2026-06-04 21:10:21,0.241851,-0.027082,True
2026-06-04,UNP,industrial,2026-06-04-live-38548bd0,2026-06-04 21:10:21,-0.114093,0.016597,False
2026-06-04,V,finance,2026-06-04-live-38548bd0,2026-06-04 21:10:21,-0.395455,-0.003529,False
2026-06-04,WMT,consumer,2026-06-04-live-38548bd0,2026-06-04 21:10:21,0.008853,0.023441,False
2026-06-04,XLF,finance,2026-06-04-live-38548bd0,2026-06-04 21:10:21,-0.341407,0.008239,False
2026-06-04,ZM,software,2026-06-04-live-38548bd0,2026-06-04 21:10:21,-0.033949,-0.122517,False
2026-06-09,ADI,ai_chip,2026-06-09-live-b92892f6,2026-06-10 04:39:58,-0.194413,0.028125,False
2026-06-09,AFRM,finance,2026-06-09-live-b92892f6,2026-06-10 04:39:58,-0.160748,0.147136,True
2026-06-09,AMAT,ai_chip,2026-06-09-live-b92892f6,2026-06-10 04:39:58,-0.139837,0.138258,True
2026-06-09,ASML,ai_chip,2026-06-09-live-b92892f6,2026-06-10 04:39:58,-0.161703,0.014693,False
2026-06-09,AVGO,ai_chip,2026-06-09-live-b92892f6,2026-06-10 04:39:58,-0.14669,-0.039397,False
2026-06-09,AXP,finance,2026-06-09-live-b92892f6,2026-06-10 04:39:58,-0.236844,0.07023,False
2026-06-09,BLK,finance,2026-06-09-live-b92892f6,2026-06-10 04:39:58,-0.169184,0.039794,True
2026-06-09,C,finance,2026-06-09-live-b92892f6,2026-06-10 04:39:58,-0.236985,0.061308,False
2026-06-09,CAT,industrial,2026-06-09-live-b92892f6,2026-06-10 04:39:58,-0.182853,0.033629,False
2026-06-09,CME,finance,2026-06-09-live-b92892f6,2026-06-10 04:39:58,-0.25445,0.022115,False
2026-06-09,COST,consumer,2026-06-09-live-b92892f6,2026-06-10 04:39:58,-0.18225,0.018677,False
2026-06-09,DLR,datacenter_hw,2026-06-09-live-b92892f6,2026-06-10 04:39:58,-0.258055,0.036644,False
2026-06-09,EMR,industrial,2026-06-09-live-b92892f6,2026-06-10 04:39:58,-0.153296,0.044867,True
2026-06-09,EQIX,datacenter_hw,2026-06-09-live-b92892f6,2026-06-10 04:39:58,-0.163621,0.032873,True
2026-06-09,ETN,industrial,2026-06-09-live-b92892f6,2026-06-10 04:39:58,-0.160865,0.014911,False
2026-06-09,FDX,industrial,2026-06-09-live-b92892f6,2026-06-10 04:39:58,-0.166986,0.011997,False
2026-06-09,GE,industrial,2026-06-09-live-b92892f6,2026-06-10 04:39:58,-0.246683,0.064429,False
2026-06-09,GM,consumer,2026-06-09-live-b92892f6,2026-06-10 04:39:58,-0.127316,-0.014924,True
2026-06-09,GS,finance,2026-06-09-live-b92892f6,2026-06-10 04:39:58,-0.194121,0.056841,False
2026-06-09,HD,consumer,2026-06-09-live-b92892f6,2026-06-10 04:39:58,-0.268655,0.049046,False
2026-06-09,HLT,consumer,2026-06-09-live-b92892f6,2026-06-10 04:39:58,-0.178389,0.022331,False
2026-06-09,HON,industrial,2026-06-09-live-b92892f6,2026-06-10 04:39:58,-0.12331,0.063931,True
2026-06-09,IBM,datacenter_hw,2026-06-09-live-b92892f6,2026-06-10 04:39:58,-0.128282,-0.024073,True
2026-06-09,JPM,finance,2026-06-09-live-b92892f6,2026-06-10 04:39:58,-0.228573,0.05897,False
2026-06-09,KLAC,ai_chip,2026-06-09-live-b92892f6,2026-06-10 04:39:58,-0.150851,0.109345,False
2026-06-09,KO,consumer,2026-06-09-live-b92892f6,2026-06-10 04:39:58,-0.212727,-0.006567,False
2026-06-09,LHX,industrial,2026-06-09-live-b92892f6,2026-06-10 04:39:58,-0.168066,0.007399,False
2026-06-09,LMT,industrial,2026-06-09-live-b92892f6,2026-06-10 04:39:58,-0.154488,0.010978,True
2026-06-09,MCD,consumer,2026-06-09-live-b92892f6,2026-06-10 04:39:58,-0.268042,0.020124,False
2026-06-09,MMM,industrial,2026-06-09-live-b92892f6,2026-06-10 04:39:58,-0.192656,0.033506,False
2026-06-09,MO,consumer,2026-06-09-live-b92892f6,2026-06-10 04:39:58,-0.209138,-0.004204,False
2026-06-09,MPWR,ai_chip,2026-06-09-live-b92892f6,2026-06-10 04:39:58,-0.160441,-0.021678,False
2026-06-09,MS,finance,2026-06-09-live-b92892f6,2026-06-10 04:39:58,-0.193966,0.050321,False
2026-06-09,MU,ai_chip,2026-06-09-live-b92892f6,2026-06-10 04:39:58,-0.108864,0.090684,True
2026-06-09,NVDA,ai_chip,2026-06-09-live-b92892f6,2026-06-10 04:39:58,-0.15948,-0.003747,False
2026-06-09,PANW,software,2026-06-09-live-b92892f6,2026-06-10 04:39:58,-0.195031,0.07439,False
2026-06-09,PG,consumer,2026-06-09-live-b92892f6,2026-06-10 04:39:58,-0.299086,0.025695,False
2026-06-09,PH,industrial,2026-06-09-live-b92892f6,2026-06-10 04:39:58,-0.200993,0.036421,False
2026-06-09,PLTR,software,2026-06-09-live-b92892f6,2026-06-10 04:39:58,-0.145929,0.008935,True
2026-06-09,PM,consumer,2026-06-09-live-b92892f6,2026-06-10 04:39:58,-0.205635,0.031206,False
2026-06-09,PNC,finance,2026-06-09-live-b92892f6,2026-06-10 04:39:58,-0.202524,0.010811,False
2026-06-09,PYPL,finance,2026-06-09-live-b92892f6,2026-06-10 04:39:58,-0.189839,0.052822,False
2026-06-09,ROST,consumer,2026-06-09-live-b92892f6,2026-06-10 04:39:58,-0.177867,0.021966,False
2026-06-09,RTX,industrial,2026-06-09-live-b92892f6,2026-06-10 04:39:58,-0.208836,0.028696,False
2026-06-09,SCHW,finance,2026-06-09-live-b92892f6,2026-06-10 04:39:58,-0.280264,0.055199,False
2026-06-09,SOFI,finance,2026-06-09-live-b92892f6,2026-06-10 04:39:58,-0.16421,0.075288,True
2026-06-09,SPOT,software,2026-06-09-live-b92892f6,2026-06-10 04:39:58,-0.109693,-0.053222,True
2026-06-09,TJX,consumer,2026-06-09-live-b92892f6,2026-06-10 04:39:58,-0.259895,0.008795,False
2026-06-09,TSM,ai_chip,2026-06-09-live-b92892f6,2026-06-10 04:39:58,-0.181563,-0.002627,False
2026-06-09,TXN,ai_chip,2026-06-09-live-b92892f6,2026-06-10 04:39:58,-0.208417,0.059176,False
2026-06-09,UNP,industrial,2026-06-09-live-b92892f6,2026-06-10 04:39:58,-0.265382,-0.014118,False
2026-06-09,V,finance,2026-06-09-live-b92892f6,2026-06-10 04:39:58,-0.183327,0.024827,False
2026-06-09,WMT,consumer,2026-06-09-live-b92892f6,2026-06-10 04:39:58,-0.166877,0.018085,True
2026-06-09,XLF,finance,2026-06-09-live-b92892f6,2026-06-10 04:39:58,-0.282717,0.036027,False
2026-06-09,ZM,software,2026-06-09-live-b92892f6,2026-06-10 04:39:58,-0.18072,-0.049158,True
2026-06-10,ADI,ai_chip,2026-06-10-live-c2bf522c,2026-06-10 23:55:57,-0.194413,0.055466,False
2026-06-10,AFRM,finance,2026-06-10-live-c2bf522c,2026-06-10 23:55:57,-0.160748,0.126095,True
2026-06-10,AMAT,ai_chip,2026-06-10-live-c2bf522c,2026-06-10 23:55:57,-0.139837,0.192974,True
2026-06-10,ASML,ai_chip,2026-06-10-live-c2bf522c,2026-06-10 23:55:57,-0.161703,0.077062,False
2026-06-10,AVGO,ai_chip,2026-06-10-live-c2bf522c,2026-06-10 23:55:57,-0.14669,0.055899,False
2026-06-10,AXP,finance,2026-06-10-live-c2bf522c,2026-06-10 23:55:57,-0.236844,0.086807,False
2026-06-10,BLK,finance,2026-06-10-live-c2bf522c,2026-06-10 23:55:57,-0.169184,0.046207,True
2026-06-10,C,finance,2026-06-10-live-c2bf522c,2026-06-10 23:55:57,-0.236985,0.077973,False
2026-06-10,CAT,industrial,2026-06-10-live-c2bf522c,2026-06-10 23:55:57,-0.182853,0.11652,False
2026-06-10,CME,finance,2026-06-10-live-c2bf522c,2026-06-10 23:55:57,-0.25445,-0.042684,False
2026-06-10,COST,consumer,2026-06-10-live-c2bf522c,2026-06-10 23:55:57,-0.18225,-0.018081,False
2026-06-10,DLR,datacenter_hw,2026-06-10-live-c2bf522c,2026-06-10 23:55:57,-0.258055,0.041677,False
2026-06-10,EMR,industrial,2026-06-10-live-c2bf522c,2026-06-10 23:55:57,-0.153296,0.086719,True
2026-06-10,EQIX,datacenter_hw,2026-06-10-live-c2bf522c,2026-06-10 23:55:57,-0.163621,0.048337,True
2026-06-10,ETN,industrial,2026-06-10-live-c2bf522c,2026-06-10 23:55:57,-0.160865,0.091035,False
2026-06-10,FDX,industrial,2026-06-10-live-c2bf522c,2026-06-10 23:55:57,-0.166986,0.020924,False
2026-06-10,GE,industrial,2026-06-10-live-c2bf522c,2026-06-10 23:55:57,-0.246683,0.120235,False
2026-06-10,GM,consumer,2026-06-10-live-c2bf522c,2026-06-10 23:55:57,-0.127316,0.002267,True
2026-06-10,GS,finance,2026-06-10-live-c2bf522c,2026-06-10 23:55:57,-0.194121,0.097724,False
2026-06-10,HD,consumer,2026-06-10-live-c2bf522c,2026-06-10 23:55:57,-0.268655,0.026841,False
2026-06-10,HLT,consumer,2026-06-10-live-c2bf522c,2026-06-10 23:55:57,-0.178389,0.03276,False
2026-06-10,HON,industrial,2026-06-10-live-c2bf522c,2026-06-10 23:55:57,-0.12331,0.110404,True
2026-06-10,IBM,datacenter_hw,2026-06-10-live-c2bf522c,2026-06-10 23:55:57,-0.128282,-0.036753,True
2026-06-10,JPM,finance,2026-06-10-live-c2bf522c,2026-06-10 23:55:57,-0.228573,0.07867,False
2026-06-10,KLAC,ai_chip,2026-06-10-live-c2bf522c,2026-06-10 23:55:57,-0.150851,0.117838,False
2026-06-10,KO,consumer,2026-06-10-live-c2bf522c,2026-06-10 23:55:57,-0.212727,-0.037521,False
2026-06-10,LHX,industrial,2026-06-10-live-c2bf522c,2026-06-10 23:55:57,-0.168066,0.033564,False
2026-06-10,LMT,industrial,2026-06-10-live-c2bf522c,2026-06-10 23:55:57,-0.154488,0.013904,True
2026-06-10,MCD,consumer,2026-06-10-live-c2bf522c,2026-06-10 23:55:57,-0.268042,0.004602,False
2026-06-10,MMM,industrial,2026-06-10-live-c2bf522c,2026-06-10 23:55:57,-0.192656,0.015174,False
2026-06-10,MO,consumer,2026-06-10-live-c2bf522c,2026-06-10 23:55:57,-0.209138,-0.042797,False
2026-06-10,MPWR,ai_chip,2026-06-10-live-c2bf522c,2026-06-10 23:55:57,-0.160441,-0.016856,False
2026-06-10,MS,finance,2026-06-10-live-c2bf522c,2026-06-10 23:55:57,-0.193966,0.088551,False
2026-06-10,MU,ai_chip,2026-06-10-live-c2bf522c,2026-06-10 23:55:57,-0.108864,0.169653,True
2026-06-10,NVDA,ai_chip,2026-06-10-live-c2bf522c,2026-06-10 23:55:57,-0.15948,0.021106,False
2026-06-10,PANW,software,2026-06-10-live-c2bf522c,2026-06-10 23:55:57,-0.195031,0.071841,False
2026-06-10,PG,consumer,2026-06-10-live-c2bf522c,2026-06-10 23:55:57,-0.299086,0.010131,False
2026-06-10,PH,industrial,2026-06-10-live-c2bf522c,2026-06-10 23:55:57,-0.200993,0.080368,False
2026-06-10,PLTR,software,2026-06-10-live-c2bf522c,2026-06-10 23:55:57,-0.145929,0.003226,True
2026-06-10,PM,consumer,2026-06-10-live-c2bf522c,2026-06-10 23:55:57,-0.205635,-0.019186,False
2026-06-10,PNC,finance,2026-06-10-live-c2bf522c,2026-06-10 23:55:57,-0.202524,0.002106,False
2026-06-10,PYPL,finance,2026-06-10-live-c2bf522c,2026-06-10 23:55:57,-0.189839,0.033907,False
2026-06-10,ROST,consumer,2026-06-10-live-c2bf522c,2026-06-10 23:55:57,-0.177867,0.005735,False
2026-06-10,RTX,industrial,2026-06-10-live-c2bf522c,2026-06-10 23:55:57,-0.208836,0.085508,False
2026-06-10,SCHW,finance,2026-06-10-live-c2bf522c,2026-06-10 23:55:57,-0.280264,0.058698,False
2026-06-10,SOFI,finance,2026-06-10-live-c2bf522c,2026-06-10 23:55:57,-0.16421,0.097669,True
2026-06-10,SPOT,software,2026-06-10-live-c2bf522c,2026-06-10 23:55:57,-0.109693,-0.094415,True
2026-06-10,TJX,consumer,2026-06-10-live-c2bf522c,2026-06-10 23:55:57,-0.259895,-0.021055,False
2026-06-10,TSM,ai_chip,2026-06-10-live-c2bf522c,2026-06-10 23:55:57,-0.181563,0.059646,False
2026-06-10,TXN,ai_chip,2026-06-10-live-c2bf522c,2026-06-10 23:55:57,-0.208417,0.070458,False
2026-06-10,UNP,industrial,2026-06-10-live-c2bf522c,2026-06-10 23:55:57,-0.265382,-0.033629,False
2026-06-10,V,finance,2026-06-10-live-c2bf522c,2026-06-10 23:55:57,-0.183327,0.022975,False
2026-06-10,WMT,consumer,2026-06-10-live-c2bf522c,2026-06-10 23:55:57,-0.166877,-0.0204,True
2026-06-10,XLF,finance,2026-06-10-live-c2bf522c,2026-06-10 23:55:57,-0.282717,0.034846,False
2026-06-10,ZM,software,2026-06-10-live-c2bf522c,2026-06-10 23:55:57,-0.18072,-0.069923,True
2026-06-11,ADI,ai_chip,2026-06-11-live-f68231b0,2026-06-11 21:18:02,-0.228125,0.054182,False
2026-06-11,AMAT,ai_chip,2026-06-11-live-f68231b0,2026-06-11 21:18:02,-0.125862,0.116658,True
2026-06-11,ASML,ai_chip,2026-06-11-live-f68231b0,2026-06-11 21:18:02,-0.240535,0.015899,False
2026-06-11,AVGO,ai_chip,2026-06-11-live-f68231b0,2026-06-11 21:18:02,-0.197237,0.066862,False
2026-06-11,AXP,finance,2026-06-11-live-f68231b0,2026-06-11 21:18:02,-0.210841,0.061258,False
2026-06-11,BLK,finance,2026-06-11-live-f68231b0,2026-06-11 21:18:02,-0.20141,0.032963,False
2026-06-11,C,finance,2026-06-11-live-f68231b0,2026-06-11 21:18:02,-0.201557,0.036141,False
2026-06-11,CAT,industrial,2026-06-11-live-f68231b0,2026-06-11 21:18:02,-0.197154,0.098248,False
2026-06-11,CME,finance,2026-06-11-live-f68231b0,2026-06-11 21:18:02,-0.177978,-0.060264,False
2026-06-11,COST,consumer,2026-06-11-live-f68231b0,2026-06-11 21:18:02,-0.203451,-0.024844,False
2026-06-11,CSCO,datacenter_hw,2026-06-11-live-f68231b0,2026-06-11 21:18:02,-0.151817,-0.018797,True
2026-06-11,DLR,datacenter_hw,2026-06-11-live-f68231b0,2026-06-11 21:18:02,-0.176809,0.035832,False
2026-06-11,EMR,industrial,2026-06-11-live-f68231b0,2026-06-11 21:18:02,-0.158747,0.060314,True
2026-06-11,EQIX,datacenter_hw,2026-06-11-live-f68231b0,2026-06-11 21:18:02,-0.201545,0.046981,False
2026-06-11,ETN,industrial,2026-06-11-live-f68231b0,2026-06-11 21:18:02,-0.15134,0.071461,True
2026-06-11,FDX,industrial,2026-06-11-live-f68231b0,2026-06-11 21:18:02,-0.224645,-0.034911,False
2026-06-11,GE,industrial,2026-06-11-live-f68231b0,2026-06-11 21:18:02,-0.207617,0.074769,False
2026-06-11,GM,consumer,2026-06-11-live-f68231b0,2026-06-11 21:18:02,-0.215693,-0.019295,False
2026-06-11,GS,finance,2026-06-11-live-f68231b0,2026-06-11 21:18:02,-0.190318,0.058824,False
2026-06-11,HD,consumer,2026-06-11-live-f68231b0,2026-06-11 21:18:02,-0.207222,0.025367,False
2026-06-11,HLT,consumer,2026-06-11-live-f68231b0,2026-06-11 21:18:02,-0.203844,0.020418,False
2026-06-11,HON,industrial,2026-06-11-live-f68231b0,2026-06-11 21:18:02,-0.155085,0.045135,True
2026-06-11,IBM,datacenter_hw,2026-06-11-live-f68231b0,2026-06-11 21:18:02,-0.127375,-0.093687,True
2026-06-11,JPM,finance,2026-06-11-live-f68231b0,2026-06-11 21:18:02,-0.212189,0.037417,False
2026-06-11,KO,consumer,2026-06-11-live-f68231b0,2026-06-11 21:18:02,-0.1921,-0.031746,False
2026-06-11,LHX,industrial,2026-06-11-live-f68231b0,2026-06-11 21:18:02,-0.209312,-0.055579,False
2026-06-11,LMT,industrial,2026-06-11-live-f68231b0,2026-06-11 21:18:02,-0.168497,-0.068765,False
2026-06-11,MCD,consumer,2026-06-11-live-f68231b0,2026-06-11 21:18:02,-0.247584,-0.021632,False
2026-06-11,MMM,industrial,2026-06-11-live-f68231b0,2026-06-11 21:18:02,-0.199181,0.017035,False
2026-06-11,MO,consumer,2026-06-11-live-f68231b0,2026-06-11 21:18:02,-0.190159,-0.017325,False
2026-06-11,MS,finance,2026-06-11-live-f68231b0,2026-06-11 21:18:02,-0.190463,0.049422,False
2026-06-11,MU,ai_chip,2026-06-11-live-f68231b0,2026-06-11 21:18:02,-0.117109,0.138693,True
2026-06-11,NVDA,ai_chip,2026-06-11-live-f68231b0,2026-06-11 21:18:02,-0.190449,0.028408,False
2026-06-11,PANW,software,2026-06-11-live-f68231b0,2026-06-11 21:18:02,-0.172955,0.029514,False
2026-06-11,PG,consumer,2026-06-11-live-f68231b0,2026-06-11 21:18:02,-0.181226,0.013752,False
2026-06-11,PH,industrial,2026-06-11-live-f68231b0,2026-06-11 21:18:02,-0.178076,0.056407,False
2026-06-11,PLTR,software,2026-06-11-live-f68231b0,2026-06-11 21:18:02,-0.12756,-0.019912,True
2026-06-11,PM,consumer,2026-06-11-live-f68231b0,2026-06-11 21:18:02,-0.202825,-0.013111,False
2026-06-11,PNC,finance,2026-06-11-live-f68231b0,2026-06-11 21:18:02,-0.197533,-0.008122,False
2026-06-11,PYPL,finance,2026-06-11-live-f68231b0,2026-06-11 21:18:02,-0.136952,0.030795,True
2026-06-11,ROST,consumer,2026-06-11-live-f68231b0,2026-06-11 21:18:02,-0.15128,-0.02639,True
2026-06-11,RTX,industrial,2026-06-11-live-f68231b0,2026-06-11 21:18:02,-0.216463,0.007546,False
2026-06-11,SCHW,finance,2026-06-11-live-f68231b0,2026-06-11 21:18:02,-0.232413,0.033822,False
2026-06-11,SOFI,finance,2026-06-11-live-f68231b0,2026-06-11 21:18:02,-0.147915,0.074385,True
2026-06-11,SPOT,software,2026-06-11-live-f68231b0,2026-06-11 21:18:02,-0.166629,-0.036872,True
2026-06-11,TJX,consumer,2026-06-11-live-f68231b0,2026-06-11 21:18:02,-0.179486,-0.02691,True
2026-06-11,TSM,ai_chip,2026-06-11-live-f68231b0,2026-06-11 21:18:02,-0.193188,0.09749,False
2026-06-11,TXN,ai_chip,2026-06-11-live-f68231b0,2026-06-11 21:18:02,-0.186821,0.086705,False
2026-06-11,UNP,industrial,2026-06-11-live-f68231b0,2026-06-11 21:18:02,-0.190862,-0.042493,False
2026-06-11,V,finance,2026-06-11-live-f68231b0,2026-06-11 21:18:02,-0.141653,0.02567,True
2026-06-11,WMT,consumer,2026-06-11-live-f68231b0,2026-06-11 21:18:02,-0.187358,-0.027552,False
2026-06-11,XLF,finance,2026-06-11-live-f68231b0,2026-06-11 21:18:02,-0.207228,0.018054,False
2026-06-11,ZM,software,2026-06-11-live-f68231b0,2026-06-11 21:18:02,-0.166221,-0.064558,True
2026-06-22,ADI,ai_chip,2026-06-22-live-c26c0042,2026-06-23 04:20:15,-0.016534,-0.120544,False
2026-06-22,ASML,ai_chip,2026-06-22-live-c26c0042,2026-06-23 04:20:15,0.097638,-0.023916,False
2026-06-22,AVGO,ai_chip,2026-06-22-live-c26c0042,2026-06-23 04:20:15,0.163872,-0.050187,True
2026-06-22,AXP,finance,2026-06-22-live-c26c0042,2026-06-23 04:20:15,-0.389078,0.008312,False
2026-06-22,BA,industrial,2026-06-22-live-c26c0042,2026-06-23 04:20:15,-0.354484,-0.027804,False
2026-06-22,BLK,finance,2026-06-22-live-c26c0042,2026-06-23 04:20:15,-0.455935,-0.096573,False
2026-06-22,C,finance,2026-06-22-live-c26c0042,2026-06-23 04:20:15,-0.287388,-0.02183,False
2026-06-22,CAT,industrial,2026-06-22-live-c26c0042,2026-06-23 04:20:15,0.064159,0.010672,True
2026-06-22,CME,finance,2026-06-22-live-c26c0042,2026-06-23 04:20:15,-0.132214,-0.108564,True
2026-06-22,COST,consumer,2026-06-22-live-c26c0042,2026-06-23 04:20:15,-0.156078,-0.004909,False
2026-06-22,CRWD,software,2026-06-22-live-c26c0042,2026-06-23 04:20:15,0.317844,0.09989,True
2026-06-22,CSCO,datacenter_hw,2026-06-22-live-c26c0042,2026-06-23 04:20:15,0.188088,-0.031515,True
2026-06-22,DLR,datacenter_hw,2026-06-22-live-c26c0042,2026-06-23 04:20:15,-0.475437,-0.025366,False
2026-06-22,EMR,industrial,2026-06-22-live-c26c0042,2026-06-23 04:20:15,-0.513053,-0.049198,False
2026-06-22,ETN,industrial,2026-06-22-live-c26c0042,2026-06-23 04:20:15,-0.362578,-0.063151,False
2026-06-22,FDX,industrial,2026-06-22-live-c26c0042,2026-06-23 04:20:15,-0.405771,-0.01028,False
2026-06-22,GM,consumer,2026-06-22-live-c26c0042,2026-06-23 04:20:15,-0.419747,-0.038419,False
2026-06-22,GS,finance,2026-06-22-live-c26c0042,2026-06-23 04:20:15,-0.292887,-0.077876,False
2026-06-22,HD,consumer,2026-06-22-live-c26c0042,2026-06-23 04:20:15,-0.186853,0.074062,False
2026-06-22,HLT,consumer,2026-06-22-live-c26c0042,2026-06-23 04:20:15,-0.416161,-0.030298,False
2026-06-22,IBM,datacenter_hw,2026-06-22-live-c26c0042,2026-06-23 04:20:15,0.022871,0.102212,True
2026-06-22,JPM,finance,2026-06-22-live-c26c0042,2026-06-23 04:20:15,-0.482568,-0.006305,False
2026-06-22,KO,consumer,2026-06-22-live-c26c0042,2026-06-23 04:20:15,-0.398376,0.039231,False
2026-06-22,LHX,industrial,2026-06-22-live-c26c0042,2026-06-23 04:20:15,-0.272459,0.01242,True
2026-06-22,LMT,industrial,2026-06-22-live-c26c0042,2026-06-23 04:20:15,0.038876,0.01716,True
2026-06-22,MCD,consumer,2026-06-22-live-c26c0042,2026-06-23 04:20:15,-0.314059,-0.010811,False
2026-06-22,MMM,industrial,2026-06-22-live-c26c0042,2026-06-23 04:20:15,-0.401801,-0.00484,False
2026-06-22,MO,consumer,2026-06-22-live-c26c0042,2026-06-23 04:20:15,-0.076277,0.065314,True
2026-06-22,MS,finance,2026-06-22-live-c26c0042,2026-06-23 04:20:15,-0.167517,-0.067682,True
2026-06-22,MU,ai_chip,2026-06-22-live-c26c0042,2026-06-23 04:20:15,0.310222,-0.054566,True
2026-06-22,NVDA,ai_chip,2026-06-22-live-c26c0042,2026-06-23 04:20:15,-0.01022,-0.065564,False
2026-06-22,PG,consumer,2026-06-22-live-c26c0042,2026-06-23 04:20:15,-0.398577,0.005214,False
2026-06-22,PH,industrial,2026-06-22-live-c26c0042,2026-06-23 04:20:15,-0.355357,0.001715,False
2026-06-22,PLTR,software,2026-06-22-live-c26c0042,2026-06-23 04:20:15,0.034023,-0.031799,True
2026-06-22,PM,consumer,2026-06-22-live-c26c0042,2026-06-23 04:20:15,0.045619,0.06469,True
2026-06-22,PNC,finance,2026-06-22-live-c26c0042,2026-06-23 04:20:15,-0.396729,0.051212,False
2026-06-22,PYPL,finance,2026-06-22-live-c26c0042,2026-06-23 04:20:15,-0.275995,0.048181,False
2026-06-22,ROST,consumer,2026-06-22-live-c26c0042,2026-06-23 04:20:15,-0.443042,-0.118749,False
2026-06-22,RTX,industrial,2026-06-22-live-c26c0042,2026-06-23 04:20:15,-0.328952,0.030248,False
2026-06-22,SCHW,finance,2026-06-22-live-c26c0042,2026-06-23 04:20:15,-0.051276,-0.016082,True
2026-06-22,SOFI,finance,2026-06-22-live-c26c0042,2026-06-23 04:20:15,-0.205311,0.063743,False
2026-06-22,SPOT,software,2026-06-22-live-c26c0042,2026-06-23 04:20:15,-0.098748,0.006422,False
2026-06-22,TJX,consumer,2026-06-22-live-c26c0042,2026-06-23 04:20:15,-0.197876,-0.078821,False
2026-06-22,TSM,ai_chip,2026-06-22-live-c26c0042,2026-06-23 04:20:15,-0.225765,-0.026878,False
2026-06-22,TXN,ai_chip,2026-06-22-live-c26c0042,2026-06-23 04:20:15,0.042123,-0.140845,False
2026-06-22,UNP,industrial,2026-06-22-live-c26c0042,2026-06-23 04:20:15,-0.350709,0.049209,False
2026-06-22,V,finance,2026-06-22-live-c26c0042,2026-06-23 04:20:15,-0.400484,0.046081,False
2026-06-22,WMT,consumer,2026-06-22-live-c26c0042,2026-06-23 04:20:15,-0.268159,-0.022017,False
2026-06-22,XLF,finance,2026-06-22-live-c26c0042,2026-06-23 04:20:15,-0.412872,0.000372,False
2026-06-22,ZM,software,2026-06-22-live-c26c0042,2026-06-23 04:20:15,0.074417,0.021342,True
2026-06-23,ADI,ai_chip,2026-06-23-live-844746ad,2026-06-23 21:07:21,-0.01873,-0.024775,False
2026-06-23,ASML,ai_chip,2026-06-23-live-844746ad,2026-06-23 21:07:21,0.059737,0.118631,False
2026-06-23,AVGO,ai_chip,2026-06-23-live-844746ad,2026-06-23 21:07:21,0.165826,-0.006313,True
2026-06-23,AXP,finance,2026-06-23-live-844746ad,2026-06-23 21:07:21,-0.398808,0.001391,False
2026-06-23,BA,industrial,2026-06-23-live-844746ad,2026-06-23 21:07:21,-0.332394,-0.001107,True
2026-06-23,BLK,finance,2026-06-23-live-844746ad,2026-06-23 21:07:21,-0.446012,-0.052958,False
2026-06-23,C,finance,2026-06-23-live-844746ad,2026-06-23 21:07:21,-0.269282,-0.034559,False
2026-06-23,CAT,industrial,2026-06-23-live-844746ad,2026-06-23 21:07:21,0.016082,0.081952,True
2026-06-23,CME,finance,2026-06-23-live-844746ad,2026-06-23 21:07:21,-0.067813,-0.088459,True
2026-06-23,COST,consumer,2026-06-23-live-844746ad,2026-06-23 21:07:21,-0.146495,-0.023191,False
2026-06-23,CRWD,software,2026-06-23-live-844746ad,2026-06-23 21:07:21,0.321311,0.120748,True
2026-06-23,CSCO,datacenter_hw,2026-06-23-live-844746ad,2026-06-23 21:07:21,0.205994,-0.030458,True
2026-06-23,DLR,datacenter_hw,2026-06-23-live-844746ad,2026-06-23 21:07:21,-0.506497,-0.079077,False
2026-06-23,EMR,industrial,2026-06-23-live-844746ad,2026-06-23 21:07:21,-0.507329,7e-05,False
2026-06-23,ETN,industrial,2026-06-23-live-844746ad,2026-06-23 21:07:21,-0.368201,0.051421,False
2026-06-23,FDX,industrial,2026-06-23-live-844746ad,2026-06-23 21:07:21,-0.391145,-0.012955,False
2026-06-23,GM,consumer,2026-06-23-live-844746ad,2026-06-23 21:07:21,-0.431463,-0.023686,False
2026-06-23,GS,finance,2026-06-23-live-844746ad,2026-06-23 21:07:21,-0.277752,-0.075902,False
2026-06-23,HD,consumer,2026-06-23-live-844746ad,2026-06-23 21:07:21,-0.150644,0.087009,False
2026-06-23,HLT,consumer,2026-06-23-live-844746ad,2026-06-23 21:07:21,-0.416161,-0.038885,False
2026-06-23,IBM,datacenter_hw,2026-06-23-live-844746ad,2026-06-23 21:07:21,0.00539,0.06141,True
2026-06-23,JPM,finance,2026-06-23-live-844746ad,2026-06-23 21:07:21,-0.477838,-0.020381,False
2026-06-23,KO,consumer,2026-06-23-live-844746ad,2026-06-23 21:07:21,-0.394728,0.011954,False
2026-06-23,LHX,industrial,2026-06-23-live-844746ad,2026-06-23 21:07:21,-0.380156,-0.010825,False
2026-06-23,LMT,industrial,2026-06-23-live-844746ad,2026-06-23 21:07:21,0.033005,0.011496,True
2026-06-23,MCD,consumer,2026-06-23-live-844746ad,2026-06-23 21:07:21,-0.324226,-0.004969,False
2026-06-23,MMM,industrial,2026-06-23-live-844746ad,2026-06-23 21:07:21,-0.392183,0.000433,False
2026-06-23,MO,consumer,2026-06-23-live-844746ad,2026-06-23 21:07:21,-0.063029,0.004748,True
2026-06-23,MS,finance,2026-06-23-live-844746ad,2026-06-23 21:07:21,-0.109106,-0.075167,True
2026-06-23,MU,ai_chip,2026-06-23-live-844746ad,2026-06-23 21:07:21,0.33365,0.097474,True
2026-06-23,NVDA,ai_chip,2026-06-23-live-844746ad,2026-06-23 21:07:21,0.035335,0.00025,False
2026-06-23,PANW,software,2026-06-23-live-844746ad,2026-06-23 21:07:21,0.430444,0.172212,True
2026-06-23,PG,consumer,2026-06-23-live-844746ad,2026-06-23 21:07:21,-0.398577,-0.027973,False
2026-06-23,PH,industrial,2026-06-23-live-844746ad,2026-06-23 21:07:21,-0.349196,0.032229,False
2026-06-23,PLTR,software,2026-06-23-live-844746ad,2026-06-23 21:07:21,0.036402,-0.000257,False
2026-06-23,PM,consumer,2026-06-23-live-844746ad,2026-06-23 21:07:21,0.044555,0.020741,True
2026-06-23,PNC,finance,2026-06-23-live-844746ad,2026-06-23 21:07:21,-0.396729,0.031634,False
2026-06-23,PYPL,finance,2026-06-23-live-844746ad,2026-06-23 21:07:21,-0.261293,0.035492,False
2026-06-23,ROST,consumer,2026-06-23-live-844746ad,2026-06-23 21:07:21,-0.443042,-0.070727,False
2026-06-23,RTX,industrial,2026-06-23-live-844746ad,2026-06-23 21:07:21,-0.352907,0.017919,False
2026-06-23,SCHW,finance,2026-06-23-live-844746ad,2026-06-23 21:07:21,-0.038684,-0.00966,True
2026-06-23,SOFI,finance,2026-06-23-live-844746ad,2026-06-23 21:07:21,-0.20013,0.037016,False
2026-06-23,SPOT,software,2026-06-23-live-844746ad,2026-06-23 21:07:21,-0.005591,0.007969,False
2026-06-23,TJX,consumer,2026-06-23-live-844746ad,2026-06-23 21:07:21,-0.187061,-0.078187,False
2026-06-23,TSM,ai_chip,2026-06-23-live-844746ad,2026-06-23 21:07:21,-0.053807,0.094365,False
2026-06-23,UNP,industrial,2026-06-23-live-844746ad,2026-06-23 21:07:21,-0.368238,0.051777,False
2026-06-23,V,finance,2026-06-23-live-844746ad,2026-06-23 21:07:21,-0.400484,0.044478,False
2026-06-23,WMT,consumer,2026-06-23-live-844746ad,2026-06-23 21:07:21,-0.266043,-0.051583,False
2026-06-23,XLF,finance,2026-06-23-live-844746ad,2026-06-23 21:07:21,-0.412872,-0.005011,False
2026-06-23,ZM,software,2026-06-23-live-844746ad,2026-06-23 21:07:21,0.071444,-0.001562,True
2026-06-24,ADI,ai_chip,2026-06-24-live-710e3805,2026-06-24 21:07:21,-0.032485,-0.058525,False
2026-06-24,ASML,ai_chip,2026-06-24-live-710e3805,2026-06-24 21:07:21,0.08574,0.045536,True
2026-06-24,AXP,finance,2026-06-24-live-710e3805,2026-06-24 21:07:21,-0.385811,0.01588,False
2026-06-24,BA,industrial,2026-06-24-live-710e3805,2026-06-24 21:07:21,-0.385536,-0.017162,False
2026-06-24,BLK,finance,2026-06-24-live-710e3805,2026-06-24 21:07:21,-0.365737,-0.002259,False
2026-06-24,C,finance,2026-06-24-live-710e3805,2026-06-24 21:07:21,-0.30276,-0.024096,False
2026-06-24,CAT,industrial,2026-06-24-live-710e3805,2026-06-24 21:07:21,0.123742,-0.003057,True
2026-06-24,CME,finance,2026-06-24-live-710e3805,2026-06-24 21:07:21,0.093501,-0.002935,True
2026-06-24,COST,consumer,2026-06-24-live-710e3805,2026-06-24 21:07:21,-0.312791,-0.037895,False
2026-06-24,CRWD,software,2026-06-24-live-710e3805,2026-06-24 21:07:21,0.290948,0.148168,True
2026-06-24,CSCO,datacenter_hw,2026-06-24-live-710e3805,2026-06-24 21:07:21,0.184639,-0.022718,True
2026-06-24,DLR,datacenter_hw,2026-06-24-live-710e3805,2026-06-24 21:07:21,-0.487342,-0.08652,False
2026-06-24,EMR,industrial,2026-06-24-live-710e3805,2026-06-24 21:07:21,-0.501397,-0.013575,False
2026-06-24,ETN,industrial,2026-06-24-live-710e3805,2026-06-24 21:07:21,-0.258137,0.019081,True
2026-06-24,FDX,industrial,2026-06-24-live-710e3805,2026-06-24 21:07:21,-0.332229,-0.009279,False
2026-06-24,GM,consumer,2026-06-24-live-710e3805,2026-06-24 21:07:21,-0.416566,-0.043445,False
2026-06-24,GS,finance,2026-06-24-live-710e3805,2026-06-24 21:07:21,-0.224294,-0.053208,False
2026-06-24,HD,consumer,2026-06-24-live-710e3805,2026-06-24 21:07:21,-0.148607,0.023275,False
2026-06-24,HLT,consumer,2026-06-24-live-710e3805,2026-06-24 21:07:21,-0.429357,-0.032904,False
2026-06-24,IBM,datacenter_hw,2026-06-24-live-710e3805,2026-06-24 21:07:21,0.026791,0.088569,True
2026-06-24,JPM,finance,2026-06-24-live-710e3805,2026-06-24 21:07:21,-0.38048,0.001859,False
2026-06-24,KO,consumer,2026-06-24-live-710e3805,2026-06-24 21:07:21,-0.4075,0.008561,False
2026-06-24,LHX,industrial,2026-06-24-live-710e3805,2026-06-24 21:07:21,-0.272623,0.017266,False
2026-06-24,LMT,industrial,2026-06-24-live-710e3805,2026-06-24 21:07:21,0.038362,0.061386,True
2026-06-24,MCD,consumer,2026-06-24-live-710e3805,2026-06-24 21:07:21,-0.30963,-0.016248,False
2026-06-24,MMM,industrial,2026-06-24-live-710e3805,2026-06-24 21:07:21,-0.374657,-0.035863,False
2026-06-24,MO,consumer,2026-06-24-live-710e3805,2026-06-24 21:07:21,-0.074297,-0.007354,True
2026-06-24,MS,finance,2026-06-24-live-710e3805,2026-06-24 21:07:21,-0.102307,-0.036387,True
2026-06-24,MU,ai_chip,2026-06-24-live-710e3805,2026-06-24 21:07:21,0.293074,-0.015479,True
2026-06-24,NVDA,ai_chip,2026-06-24-live-710e3805,2026-06-24 21:07:21,0.02119,-0.007136,False
2026-06-24,PANW,software,2026-06-24-live-710e3805,2026-06-24 21:07:21,0.190679,0.234102,True
2026-06-24,PG,consumer,2026-06-24-live-710e3805,2026-06-24 21:07:21,-0.413035,-0.030321,False
2026-06-24,PH,industrial,2026-06-24-live-710e3805,2026-06-24 21:07:21,-0.318075,0.00283,False
2026-06-24,PLTR,software,2026-06-24-live-710e3805,2026-06-24 21:07:21,0.048953,0.107753,False
2026-06-24,PM,consumer,2026-06-24-live-710e3805,2026-06-24 21:07:21,0.020356,0.002069,True
2026-06-24,PNC,finance,2026-06-24-live-710e3805,2026-06-24 21:07:21,-0.517777,0.048766,False
2026-06-24,PYPL,finance,2026-06-24-live-710e3805,2026-06-24 21:07:21,-0.268296,0.037429,False
2026-06-24,ROST,consumer,2026-06-24-live-710e3805,2026-06-24 21:07:21,-0.436454,-0.073013,False
2026-06-24,RTX,industrial,2026-06-24-live-710e3805,2026-06-24 21:07:21,-0.354597,0.036313,False
2026-06-24,SCHW,finance,2026-06-24-live-710e3805,2026-06-24 21:07:21,-0.046412,0.048036,True
2026-06-24,SOFI,finance,2026-06-24-live-710e3805,2026-06-24 21:07:21,-0.213534,0.06528,False
2026-06-24,SPOT,software,2026-06-24-live-710e3805,2026-06-24 21:07:21,0.003336,0.038395,False
2026-06-24,TJX,consumer,2026-06-24-live-710e3805,2026-06-24 21:07:21,-0.273308,-0.083671,False
2026-06-24,TSM,ai_chip,2026-06-24-live-710e3805,2026-06-24 21:07:21,-0.171595,0.007713,False
2026-06-24,TXN,ai_chip,2026-06-24-live-710e3805,2026-06-24 21:07:21,0.057984,-0.015506,False
2026-06-24,UNP,industrial,2026-06-24-live-710e3805,2026-06-24 21:07:21,-0.380643,0.068357,False
2026-06-24,V,finance,2026-06-24-live-710e3805,2026-06-24 21:07:21,-0.398777,0.056738,False
2026-06-24,WMT,consumer,2026-06-24-live-710e3805,2026-06-24 21:07:21,-0.341413,-0.085546,False
2026-06-24,ZM,software,2026-06-24-live-710e3805,2026-06-24 21:07:21,0.062535,0.054522,True
2026-06-25,ADI,ai_chip,2026-06-25-live-6c3aa3fa,2026-06-25 21:07:10,-0.05686,-0.097552,False
2026-06-25,ANET,datacenter_hw,2026-06-25-live-6c3aa3fa,2026-06-25 21:07:10,0.079722,-0.033001,True
2026-06-25,ASML,ai_chip,2026-06-25-live-6c3aa3fa,2026-06-25 21:07:10,0.067879,-0.039029,True
2026-06-25,AXP,finance,2026-06-25-live-6c3aa3fa,2026-06-25 21:07:10,-0.373262,0.030515,False
2026-06-25,BA,industrial,2026-06-25-live-6c3aa3fa,2026-06-25 21:07:10,-0.376898,-0.007565,False
2026-06-25,BAC,finance,2026-06-25-live-6c3aa3fa,2026-06-25 21:07:10,-0.38926,0.00928,False
2026-06-25,BLK,finance,2026-06-25-live-6c3aa3fa,2026-06-25 21:07:10,-0.367771,0.024498,False
2026-06-25,C,finance,2026-06-25-live-6c3aa3fa,2026-06-25 21:07:10,-0.298942,-0.034556,False
2026-06-25,CAT,industrial,2026-06-25-live-6c3aa3fa,2026-06-25 21:07:10,-0.080121,-0.088438,True
2026-06-25,COST,consumer,2026-06-25-live-6c3aa3fa,2026-06-25 21:07:10,-0.307794,0.010008,False
2026-06-25,CRWD,software,2026-06-25-live-6c3aa3fa,2026-06-25 21:07:10,0.285371,0.143329,True
2026-06-25,CSCO,datacenter_hw,2026-06-25-live-6c3aa3fa,2026-06-25 21:07:10,0.131613,-0.052786,True
2026-06-25,DLR,datacenter_hw,2026-06-25-live-6c3aa3fa,2026-06-25 21:07:10,-0.495399,-0.09946,False
2026-06-25,EMR,industrial,2026-06-25-live-6c3aa3fa,2026-06-25 21:07:10,-0.493486,-0.043278,False
2026-06-25,ETN,industrial,2026-06-25-live-6c3aa3fa,2026-06-25 21:07:10,-0.237249,-0.050849,True
2026-06-25,FDX,industrial,2026-06-25-live-6c3aa3fa,2026-06-25 21:07:10,-0.329726,-0.049903,False
2026-06-25,GM,consumer,2026-06-25-live-6c3aa3fa,2026-06-25 21:07:10,-0.396492,-0.032217,False
2026-06-25,GS,finance,2026-06-25-live-6c3aa3fa,2026-06-25 21:07:10,-0.200293,-0.041396,True
2026-06-25,HD,consumer,2026-06-25-live-6c3aa3fa,2026-06-25 21:07:10,-0.193865,0.037391,False
2026-06-25,HLT,consumer,2026-06-25-live-6c3aa3fa,2026-06-25 21:07:10,-0.41921,-0.007135,False
2026-06-25,IBM,datacenter_hw,2026-06-25-live-6c3aa3fa,2026-06-25 21:07:10,0.039211,0.120997,False
2026-06-25,JPM,finance,2026-06-25-live-6c3aa3fa,2026-06-25 21:07:10,-0.372747,-0.00194,False
2026-06-25,KO,consumer,2026-06-25-live-6c3aa3fa,2026-06-25 21:07:10,-0.403134,0.046257,False
2026-06-25,LHX,industrial,2026-06-25-live-6c3aa3fa,2026-06-25 21:07:10,-0.251321,0.046964,False
2026-06-25,LMT,industrial,2026-06-25-live-6c3aa3fa,2026-06-25 21:07:10,0.069311,0.080967,True
2026-06-25,MCD,consumer,2026-06-25-live-6c3aa3fa,2026-06-25 21:07:10,-0.300175,0.060823,False
2026-06-25,MMM,industrial,2026-06-25-live-6c3aa3fa,2026-06-25 21:07:10,-0.389196,-0.044829,False
2026-06-25,MO,consumer,2026-06-25-live-6c3aa3fa,2026-06-25 21:07:10,-0.069685,-0.00683,True
2026-06-25,MS,finance,2026-06-25-live-6c3aa3fa,2026-06-25 21:07:10,-0.199986,-0.032166,True
2026-06-25,MU,ai_chip,2026-06-25-live-6c3aa3fa,2026-06-25 21:07:10,0.29979,-0.196117,True
2026-06-25,NVDA,ai_chip,2026-06-25-live-6c3aa3fa,2026-06-25 21:07:10,-0.095934,-0.004649,False
2026-06-25,PANW,software,2026-06-25-live-6c3aa3fa,2026-06-25 21:07:10,0.213599,0.187553,True
2026-06-25,PG,consumer,2026-06-25-live-6c3aa3fa,2026-06-25 21:07:10,-0.400709,0.019596,False
2026-06-25,PH,industrial,2026-06-25-live-6c3aa3fa,2026-06-25 21:07:10,-0.278281,-0.027295,False
2026-06-25,PLTR,software,2026-06-25-live-6c3aa3fa,2026-06-25 21:07:10,0.046413,0.20537,False
2026-06-25,PM,consumer,2026-06-25-live-6c3aa3fa,2026-06-25 21:07:10,0.022756,0.018667,True
2026-06-25,PNC,finance,2026-06-25-live-6c3aa3fa,2026-06-25 21:07:10,-0.488079,0.017164,False
2026-06-25,PYPL,finance,2026-06-25-live-6c3aa3fa,2026-06-25 21:07:10,-0.245316,0.072912,False
2026-06-25,ROST,consumer,2026-06-25-live-6c3aa3fa,2026-06-25 21:07:10,-0.374033,-0.007902,False
2026-06-25,RTX,industrial,2026-06-25-live-6c3aa3fa,2026-06-25 21:07:10,-0.34278,0.067849,False
2026-06-25,SCHW,finance,2026-06-25-live-6c3aa3fa,2026-06-25 21:07:10,-0.035692,0.084526,True
2026-06-25,SOFI,finance,2026-06-25-live-6c3aa3fa,2026-06-25 21:07:10,-0.22128,0.054335,False
2026-06-25,SPOT,software,2026-06-25-live-6c3aa3fa,2026-06-25 21:07:10,-0.006349,0.101448,False
2026-06-25,TJX,consumer,2026-06-25-live-6c3aa3fa,2026-06-25 21:07:10,-0.218426,-0.005993,False
2026-06-25,TSM,ai_chip,2026-06-25-live-6c3aa3fa,2026-06-25 21:07:10,-0.232929,-0.001908,False
2026-06-25,TXN,ai_chip,2026-06-25-live-6c3aa3fa,2026-06-25 21:07:10,0.060852,-0.060069,False
2026-06-25,UNP,industrial,2026-06-25-live-6c3aa3fa,2026-06-25 21:07:10,-0.383768,0.054234,False
2026-06-25,V,finance,2026-06-25-live-6c3aa3fa,2026-06-25 21:07:10,-0.384769,0.095637,False
2026-06-25,WFC,finance,2026-06-25-live-6c3aa3fa,2026-06-25 21:07:10,-0.324758,0.009087,False
2026-06-25,WMT,consumer,2026-06-25-live-6c3aa3fa,2026-06-25 21:07:10,-0.335342,-0.03403,False
2026-06-25,ZM,software,2026-06-25-live-6c3aa3fa,2026-06-25 21:07:10,0.072719,0.05146,True
2026-06-26,ADI,ai_chip,2026-06-26-live-3d74ce5c,2026-06-26 21:07:23,-0.074054,0.004962,False
2026-06-26,ANET,datacenter_hw,2026-06-26-live-3d74ce5c,2026-06-26 21:07:23,-0.045239,0.099492,True
2026-06-26,ASML,ai_chip,2026-06-26-live-3d74ce5c,2026-06-26 21:07:23,-0.153729,0.016967,False
2026-06-26,AVGO,ai_chip,2026-06-26-live-3d74ce5c,2026-06-26 21:07:23,0.082941,0.024327,True
2026-06-26,AXP,finance,2026-06-26-live-3d74ce5c,2026-06-26 21:07:23,-0.070736,0.048863,False
2026-06-26,BA,industrial,2026-06-26-live-3d74ce5c,2026-06-26 21:07:23,-0.201471,-0.00359,False
2026-06-26,BAC,finance,2026-06-26-live-3d74ce5c,2026-06-26 21:07:23,0.165351,0.0349,False
2026-06-26,BLK,finance,2026-06-26-live-3d74ce5c,2026-06-26 21:07:23,0.13845,0.048201,False
2026-06-26,C,finance,2026-06-26-live-3d74ce5c,2026-06-26 21:07:23,-0.047343,0.014814,False
2026-06-26,CAT,industrial,2026-06-26-live-3d74ce5c,2026-06-26 21:07:23,-0.049851,-0.02762,False
2026-06-26,CME,finance,2026-06-26-live-3d74ce5c,2026-06-26 21:07:23,0.216179,0.062262,True
2026-06-26,COST,consumer,2026-06-26-live-3d74ce5c,2026-06-26 21:07:23,0.056073,-0.002404,True
2026-06-26,CRWD,software,2026-06-26-live-3d74ce5c,2026-06-26 21:07:23,0.238617,0.137543,True
2026-06-26,CSCO,datacenter_hw,2026-06-26-live-3d74ce5c,2026-06-26 21:07:23,-0.008067,0.005538,True
2026-06-26,DLR,datacenter_hw,2026-06-26-live-3d74ce5c,2026-06-26 21:07:23,-0.185283,-0.1,False
2026-06-26,EMR,industrial,2026-06-26-live-3d74ce5c,2026-06-26 21:07:23,-0.255957,-0.01345,False
2026-06-26,ETN,industrial,2026-06-26-live-3d74ce5c,2026-06-26 21:07:23,-0.076936,0.026671,False
2026-06-26,FDX,industrial,2026-06-26-live-3d74ce5c,2026-06-26 21:07:23,-0.069091,-0.026999,False
2026-06-26,FTNT,software,2026-06-26-live-3d74ce5c,2026-06-26 21:07:23,0.291353,0.072679,True
2026-06-26,GM,consumer,2026-06-26-live-3d74ce5c,2026-06-26 21:07:23,0.003907,-0.003201,False
2026-06-26,GS,finance,2026-06-26-live-3d74ce5c,2026-06-26 21:07:23,-0.02853,0.034994,False
2026-06-26,HD,consumer,2026-06-26-live-3d74ce5c,2026-06-26 21:07:23,-0.237439,0.005131,False
2026-06-26,HLT,consumer,2026-06-26-live-3d74ce5c,2026-06-26 21:07:23,-0.193685,0.019678,False
2026-06-26,IBM,datacenter_hw,2026-06-26-live-3d74ce5c,2026-06-26 21:07:23,-0.207948,0.102676,False
2026-06-26,JPM,finance,2026-06-26-live-3d74ce5c,2026-06-26 21:07:23,0.204755,0.030907,True
2026-06-26,KO,consumer,2026-06-26-live-3d74ce5c,2026-06-26 21:07:23,-0.360501,0.003994,False
2026-06-26,LHX,industrial,2026-06-26-live-3d74ce5c,2026-06-26 21:07:23,0.026062,0.034403,True
2026-06-26,LMT,industrial,2026-06-26-live-3d74ce5c,2026-06-26 21:07:23,0.005768,0.060307,True
2026-06-26,MCD,consumer,2026-06-26-live-3d74ce5c,2026-06-26 21:07:23,-0.04486,0.036106,False
2026-06-26,MMM,industrial,2026-06-26-live-3d74ce5c,2026-06-26 21:07:23,-0.278024,-0.029632,False
2026-06-26,MO,consumer,2026-06-26-live-3d74ce5c,2026-06-26 21:07:23,0.009017,-0.025884,False
2026-06-26,MS,finance,2026-06-26-live-3d74ce5c,2026-06-26 21:07:23,-0.063358,0.047493,False
2026-06-26,MU,ai_chip,2026-06-26-live-3d74ce5c,2026-06-26 21:07:23,0.136637,-0.130201,True
2026-06-26,NVDA,ai_chip,2026-06-26-live-3d74ce5c,2026-06-26 21:07:23,-0.045745,0.015686,False
2026-06-26,PANW,software,2026-06-26-live-3d74ce5c,2026-06-26 21:07:23,0.016182,0.175312,False
2026-06-26,PG,consumer,2026-06-26-live-3d74ce5c,2026-06-26 21:07:23,-0.278265,0.001946,False
2026-06-26,PH,industrial,2026-06-26-live-3d74ce5c,2026-06-26 21:07:23,-0.131316,0.002518,False
2026-06-26,PLTR,software,2026-06-26-live-3d74ce5c,2026-06-26 21:07:23,0.09701,0.173647,True
2026-06-26,PM,consumer,2026-06-26-live-3d74ce5c,2026-06-26 21:07:23,0.029836,0.022072,False
2026-06-26,PNC,finance,2026-06-26-live-3d74ce5c,2026-06-26 21:07:23,-0.104701,0.03343,False
2026-06-26,PYPL,finance,2026-06-26-live-3d74ce5c,2026-06-26 21:07:23,0.033102,0.018063,False
2026-06-26,ROST,consumer,2026-06-26-live-3d74ce5c,2026-06-26 21:07:23,-0.22051,-0.008909,False
2026-06-26,RTX,industrial,2026-06-26-live-3d74ce5c,2026-06-26 21:07:23,-0.122738,0.071174,False
2026-06-26,SCHW,finance,2026-06-26-live-3d74ce5c,2026-06-26 21:07:23,-0.205282,0.109739,False
2026-06-26,SOFI,finance,2026-06-26-live-3d74ce5c,2026-06-26 21:07:23,0.189459,0.040828,True
2026-06-26,SPOT,software,2026-06-26-live-3d74ce5c,2026-06-26 21:07:23,-0.172855,0.049976,False
2026-06-26,TJX,consumer,2026-06-26-live-3d74ce5c,2026-06-26 21:07:23,0.05748,-0.026507,True
2026-06-26,TSM,ai_chip,2026-06-26-live-3d74ce5c,2026-06-26 21:07:23,-0.169087,0.044964,False
2026-06-26,UNP,industrial,2026-06-26-live-3d74ce5c,2026-06-26 21:07:23,0.003277,0.053065,True
2026-06-26,V,finance,2026-06-26-live-3d74ce5c,2026-06-26 21:07:23,-0.289789,0.062517,False
2026-06-26,WFC,finance,2026-06-26-live-3d74ce5c,2026-06-26 21:07:23,0.070416,0.042809,False
2026-06-26,WMT,consumer,2026-06-26-live-3d74ce5c,2026-06-26 21:07:23,-0.004598,-0.043565,False
2026-06-26,ZM,software,2026-06-26-live-3d74ce5c,2026-06-26 21:07:23,0.030877,-0.017576,False
2026-06-29,ADI,ai_chip,2026-06-29-live-5970796e,2026-06-29 18:08:01,-0.074054,-0.032544,False
2026-06-29,ANET,datacenter_hw,2026-06-29-live-5970796e,2026-06-29 18:08:01,-0.045239,0.014381,True
2026-06-29,ASML,ai_chip,2026-06-29-live-5970796e,2026-06-29 18:08:01,-0.044815,-0.072131,False
2026-06-29,AVGO,ai_chip,2026-06-29-live-5970796e,2026-06-29 18:08:01,0.137133,-0.004484,True
2026-06-29,AXP,finance,2026-06-29-live-5970796e,2026-06-29 18:08:01,-0.043086,0.02829,False
2026-06-29,BA,industrial,2026-06-29-live-5970796e,2026-06-29 18:08:01,-0.201471,0.008291,False
2026-06-29,BLK,finance,2026-06-29-live-5970796e,2026-06-29 18:08:01,0.184355,0.062368,True
2026-06-29,CAT,industrial,2026-06-29-live-5970796e,2026-06-29 18:08:01,-0.083981,-0.09008,True
2026-06-29,COST,consumer,2026-06-29-live-5970796e,2026-06-29 18:08:01,0.049963,0.000866,True
2026-06-29,CRWD,software,2026-06-29-live-5970796e,2026-06-29 18:08:01,0.260182,0.047879,True
2026-06-29,CSCO,datacenter_hw,2026-06-29-live-5970796e,2026-06-29 18:08:01,-0.005863,-0.046713,True
2026-06-29,DLR,datacenter_hw,2026-06-29-live-5970796e,2026-06-29 18:08:01,-0.161062,-0.082275,False
2026-06-29,FTNT,software,2026-06-29-live-5970796e,2026-06-29 18:08:01,0.291353,0.020911,True
2026-06-29,GS,finance,2026-06-29-live-5970796e,2026-06-29 18:08:01,0.053626,0.022319,False
2026-06-29,HD,consumer,2026-06-29-live-5970796e,2026-06-29 18:08:01,-0.229494,-0.015963,False
2026-06-29,IBM,datacenter_hw,2026-06-29-live-5970796e,2026-06-29 18:08:01,-0.207948,0.101187,False
2026-06-29,JPM,finance,2026-06-29-live-5970796e,2026-06-29 18:08:01,0.062349,0.034417,True
2026-06-29,LMT,industrial,2026-06-29-live-5970796e,2026-06-29 18:08:01,0.002774,0.066345,True
2026-06-29,MCD,consumer,2026-06-29-live-5970796e,2026-06-29 18:08:01,-0.060109,0.056254,False
2026-06-29,MU,ai_chip,2026-06-29-live-5970796e,2026-06-29 18:08:01,0.161106,-0.18053,True
2026-06-29,NVDA,ai_chip,2026-06-29-live-5970796e,2026-06-29 18:08:01,-0.03588,0.010053,False
2026-06-29,PANW,software,2026-06-29-live-5970796e,2026-06-29 18:08:01,0.016182,0.015181,False
2026-06-29,PG,consumer,2026-06-29-live-5970796e,2026-06-29 18:08:01,-0.353356,0.028966,False
2026-06-29,PLTR,software,2026-06-29-live-5970796e,2026-06-29 18:08:01,0.09701,0.161366,False
2026-06-29,PYPL,finance,2026-06-29-live-5970796e,2026-06-29 18:08:01,-0.028045,0.028617,False
2026-06-29,RTX,industrial,2026-06-29-live-5970796e,2026-06-29 18:08:01,-0.122738,0.072172,True
2026-06-29,SOFI,finance,2026-06-29-live-5970796e,2026-06-29 18:08:01,0.257761,-0.024189,True
2026-06-29,SPOT,software,2026-06-29-live-5970796e,2026-06-29 18:08:01,-0.10874,0.068485,False
2026-06-29,TSM,ai_chip,2026-06-29-live-5970796e,2026-06-29 18:08:01,-0.111823,-0.049506,False
2026-06-29,UNP,industrial,2026-06-29-live-5970796e,2026-06-29 18:08:01,-0.369878,0.03821,False
2026-06-29,V,finance,2026-06-29-live-5970796e,2026-06-29 18:08:01,-0.367045,0.03088,False
2026-06-29,WMT,consumer,2026-06-29-live-5970796e,2026-06-29 18:08:01,-0.048874,-0.026702,True
2026-06-29,ZM,software,2026-06-29-live-5970796e,2026-06-29 18:08:01,0.103616,-0.00534,True
2026-06-30,ADI,ai_chip,2026-06-30-live-b616357c,2026-06-30 22:51:25,-0.096101,-0.029635,False
2026-06-30,APH,industrial,2026-06-30-live-b616357c,2026-06-30 22:51:25,-0.298839,-0.102654,False
2026-06-30,ASML,ai_chip,2026-06-30-live-b616357c,2026-06-30 22:51:25,0.174906,-0.110981,True
2026-06-30,ATI,industrial,2026-06-30-live-b616357c,2026-06-30 22:51:25,-0.170951,0.0,False
2026-06-30,AVGO,ai_chip,2026-06-30-live-b616357c,2026-06-30 22:51:25,0.109583,0.028961,False
2026-06-30,AXP,finance,2026-06-30-live-b616357c,2026-06-30 22:51:25,-0.02314,-0.002815,False
2026-06-30,BA,industrial,2026-06-30-live-b616357c,2026-06-30 22:51:25,-0.208421,0.0,False
2026-06-30,BAC,finance,2026-06-30-live-b616357c,2026-06-30 22:51:25,0.070408,0.023166,False
2026-06-30,BLK,finance,2026-06-30-live-b616357c,2026-06-30 22:51:25,0.19244,0.029931,True
2026-06-30,BWXT,industrial,2026-06-30-live-b616357c,2026-06-30 22:51:25,0.023167,-0.054148,True
2026-06-30,C,finance,2026-06-30-live-b616357c,2026-06-30 22:51:25,-0.033869,-0.018362,False
2026-06-30,CAT,industrial,2026-06-30-live-b616357c,2026-06-30 22:51:25,-0.048412,-0.1097,False
2026-06-30,CMG,consumer,2026-06-30-live-b616357c,2026-06-30 22:51:25,-0.210757,-0.016765,False
2026-06-30,CRM,software,2026-06-30-live-b616357c,2026-06-30 22:51:25,-0.151071,0.063322,False
2026-06-30,CRWD,software,2026-06-30-live-eb6b4031,2026-06-30 21:06:15,0.283907,0.001756,True
2026-06-30,CSCO,datacenter_hw,2026-06-30-live-eb6b4031,2026-06-30 21:06:15,-0.032787,-0.027419,True
2026-06-30,DE,industrial,2026-06-30-live-b616357c,2026-06-30 22:51:25,-0.324588,-0.059259,False
2026-06-30,DLR,datacenter_hw,2026-06-30-live-b616357c,2026-06-30 22:51:25,-0.115439,-0.018265,True
2026-06-30,EME,industrial,2026-06-30-live-b616357c,2026-06-30 22:51:25,0.091841,-0.073384,True
2026-06-30,EMR,industrial,2026-06-30-live-b616357c,2026-06-30 22:51:25,-0.235356,-0.046594,False
2026-06-30,ETN,industrial,2026-06-30-live-b616357c,2026-06-30 22:51:25,0.01298,-0.06233,True
2026-06-30,FDX,industrial,2026-06-30-live-b616357c,2026-06-30 22:51:25,-0.012284,-0.010762,False
2026-06-30,FTNT,software,2026-06-30-live-b616357c,2026-06-30 22:51:25,0.324411,0.020115,True
2026-06-30,GM,consumer,2026-06-30-live-b616357c,2026-06-30 22:51:25,0.027842,-0.010898,False
2026-06-30,GRMN,consumer,2026-06-30-live-b616357c,2026-06-30 22:51:25,0.139567,0.025217,True
2026-06-30,GS,finance,2026-06-30-live-b616357c,2026-06-30 22:51:25,0.108569,0.018065,True
2026-06-30,HLT,consumer,2026-06-30-live-b616357c,2026-06-30 22:51:25,-0.11713,0.00808,False
2026-06-30,IBM,datacenter_hw,2026-06-30-live-b616357c,2026-06-30 22:51:25,-0.207823,0.074108,False
2026-06-30,JPM,finance,2026-06-30-live-b616357c,2026-06-30 22:51:25,0.068797,0.014537,False
2026-06-30,KO,consumer,2026-06-30-live-b616357c,2026-06-30 22:51:25,-0.372943,0.026209,False
2026-06-30,LHX,industrial,2026-06-30-live-b616357c,2026-06-30 22:51:25,0.003806,0.009808,False
2026-06-30,LMT,industrial,2026-06-30-live-b616357c,2026-06-30 22:51:25,-0.015366,0.036313,False
2026-06-30,MA,finance,2026-06-30-live-b616357c,2026-06-30 22:51:25,-0.267921,0.012188,False
2026-06-30,MCHP,ai_chip,2026-06-30-live-b616357c,2026-06-30 22:51:25,0.08597,-0.06261,False
2026-06-30,MMM,industrial,2026-06-30-live-b616357c,2026-06-30 22:51:25,-0.356933,-0.044531,False
2026-06-30,MO,consumer,2026-06-30-live-b616357c,2026-06-30 22:51:25,0.021315,0.011953,False
2026-06-30,MS,finance,2026-06-30-live-b616357c,2026-06-30 22:51:25,0.063252,0.043198,False
2026-06-30,MU,ai_chip,2026-06-30-live-eb6b4031,2026-06-30 21:06:15,0.177389,-0.177898,True
2026-06-30,NVDA,ai_chip,2026-06-30-live-b616357c,2026-06-30 22:51:25,0.018137,0.020141,False
2026-06-30,PANW,software,2026-06-30-live-eb6b4031,2026-06-30 21:06:15,0.049473,-0.059908,False
2026-06-30,PG,consumer,2026-06-30-live-b616357c,2026-06-30 22:51:25,-0.36661,0.012002,False
2026-06-30,PH,industrial,2026-06-30-live-b616357c,2026-06-30 22:51:25,-0.260116,-0.039862,False
2026-06-30,PM,consumer,2026-06-30-live-b616357c,2026-06-30 22:51:25,0.108075,0.03405,True
2026-06-30,PNC,finance,2026-06-30-live-b616357c,2026-06-30 22:51:25,-0.154059,0.001259,False
2026-06-30,PYPL,finance,2026-06-30-live-b616357c,2026-06-30 22:51:25,-0.023318,0.031264,False
2026-06-30,ROST,consumer,2026-06-30-live-b616357c,2026-06-30 22:51:25,-0.17607,0.02288,False
2026-06-30,RTX,industrial,2026-06-30-live-b616357c,2026-06-30 22:51:25,-0.165524,0.027302,False
2026-06-30,SCHW,finance,2026-06-30-live-b616357c,2026-06-30 22:51:25,-0.255669,0.1022,False
2026-06-30,SOFI,finance,2026-06-30-live-eb6b4031,2026-06-30 21:06:15,0.242828,-0.011155,True
2026-06-30,SPOT,software,2026-06-30-live-b616357c,2026-06-30 22:51:25,-0.122534,0.056825,False
2026-06-30,TJX,consumer,2026-06-30-live-b616357c,2026-06-30 22:51:25,0.039299,0.008515,False
2026-06-30,TSM,ai_chip,2026-06-30-live-b616357c,2026-06-30 22:51:25,-0.061206,-0.084993,False
2026-06-30,UNP,industrial,2026-06-30-live-b616357c,2026-06-30 22:51:25,-0.376709,0.032868,False
2026-06-30,V,finance,2026-06-30-live-b616357c,2026-06-30 22:51:25,-0.377866,0.012941,False
2026-06-30,WFC,finance,2026-06-30-live-b616357c,2026-06-30 22:51:25,0.09092,0.035334,False
2026-06-30,WMT,consumer,2026-06-30-live-b616357c,2026-06-30 22:51:25,-0.066012,-0.001413,False
2026-06-30,XLF,finance,2026-06-30-live-b616357c,2026-06-30 22:51:25,-0.283588,0.025368,False
2026-06-30,XLI,industrial,2026-06-30-live-b616357c,2026-06-30 22:51:25,-0.267637,-0.025968,False
2026-06-30,XLY,consumer,2026-06-30-live-b616357c,2026-06-30 22:51:25,-0.278178,-0.016883,False
2026-06-30,ZM,software,2026-06-30-live-b616357c,2026-06-30 22:51:25,0.097973,0.012629,True
2026-07-01,ADI,ai_chip,2026-07-01-live-01c54b39,2026-07-01 22:13:39,-0.106472,0.01198,False
2026-07-01,APH,industrial,2026-07-01-live-01c54b39,2026-07-01 22:13:39,-0.292118,-0.057949,False
2026-07-01,ASML,ai_chip,2026-07-01-live-01c54b39,2026-07-01 22:13:39,0.000867,-0.021047,False
2026-07-01,ATI,industrial,2026-07-01-live-01c54b39,2026-07-01 22:13:39,-0.207646,0.0,False
2026-07-01,AVGO,ai_chip,2026-07-01-live-01c54b39,2026-07-01 22:13:39,0.090727,0.086018,False
2026-07-01,AXP,finance,2026-07-01-live-01c54b39,2026-07-01 22:13:39,-0.0124,-0.000989,False
2026-07-01,BA,industrial,2026-07-01-live-01c54b39,2026-07-01 22:13:39,-0.205335,0.0,False
2026-07-01,BAC,finance,2026-07-01-live-01c54b39,2026-07-01 22:13:39,0.131441,0.01525,False
2026-07-01,BLK,finance,2026-07-01-live-01c54b39,2026-07-01 22:13:39,0.20924,0.040086,True
2026-07-01,BWXT,industrial,2026-07-01-live-01c54b39,2026-07-01 22:13:39,0.030397,-0.022274,True
2026-07-01,C,finance,2026-07-01-live-01c54b39,2026-07-01 22:13:39,-0.055413,-0.003996,False
2026-07-01,CAT,industrial,2026-07-01-live-01c54b39,2026-07-01 22:13:39,-0.034937,-0.053479,False
2026-07-01,CMG,consumer,2026-07-01-live-01c54b39,2026-07-01 22:13:39,-0.205663,-0.011429,False
2026-07-01,CRM,software,2026-07-01-live-01c54b39,2026-07-01 22:13:39,-0.162559,-0.004472,False
2026-07-01,CRWD,software,2026-07-01-live-01c54b39,2026-07-01 22:13:39,0.280436,0.026995,True
2026-07-01,CSCO,datacenter_hw,2026-07-01-live-01c54b39,2026-07-01 22:13:39,-0.051504,0.014836,True
2026-07-01,DE,industrial,2026-07-01-live-01c54b39,2026-07-01 22:13:39,-0.345058,-0.055335,False
2026-07-01,DLR,datacenter_hw,2026-07-01-live-01c54b39,2026-07-01 22:13:39,-0.04689,0.017071,True
2026-07-01,EME,industrial,2026-07-01-live-01c54b39,2026-07-01 22:13:39,0.080304,-0.026009,True
2026-07-01,EMR,industrial,2026-07-01-live-01c54b39,2026-07-01 22:13:39,-0.218392,-0.012328,False
2026-07-01,ETN,industrial,2026-07-01-live-01c54b39,2026-07-01 22:13:39,0.001847,-0.015716,False
2026-07-01,FDX,industrial,2026-07-01-live-01c54b39,2026-07-01 22:13:39,-0.052856,-0.009717,False
2026-07-01,FTNT,software,2026-07-01-live-01c54b39,2026-07-01 22:13:39,0.338781,0.029878,True
2026-07-01,GM,consumer,2026-07-01-live-01c54b39,2026-07-01 22:13:39,0.062369,0.014963,False
2026-07-01,GRMN,consumer,2026-07-01-live-01c54b39,2026-07-01 22:13:39,0.133128,0.028909,True
2026-07-01,GS,finance,2026-07-01-live-01c54b39,2026-07-01 22:13:39,0.107033,0.035661,False
2026-07-01,HLT,consumer,2026-07-01-live-01c54b39,2026-07-01 22:13:39,-0.164692,0.016651,False
2026-07-01,IBM,datacenter_hw,2026-07-01-live-01c54b39,2026-07-01 22:13:39,-0.161511,0.031616,False
2026-07-01,JPM,finance,2026-07-01-live-01c54b39,2026-07-01 22:13:39,0.069205,0.008651,False
2026-07-01,KO,consumer,2026-07-01-live-01c54b39,2026-07-01 22:13:39,-0.372943,0.016484,False
2026-07-01,LHX,industrial,2026-07-01-live-01c54b39,2026-07-01 22:13:39,0.007061,-0.008076,True
2026-07-01,LMT,industrial,2026-07-01-live-01c54b39,2026-07-01 22:13:39,-0.003308,-0.006822,False
2026-07-01,MA,finance,2026-07-01-live-01c54b39,2026-07-01 22:13:39,-0.236733,0.00312,False
2026-07-01,MCHP,ai_chip,2026-07-01-live-01c54b39,2026-07-01 22:13:39,0.140522,-0.004848,True
2026-07-01,MMM,industrial,2026-07-01-live-01c54b39,2026-07-01 22:13:39,-0.33372,-0.028882,False
2026-07-01,MO,consumer,2026-07-01-live-01c54b39,2026-07-01 22:13:39,0.022348,0.000699,False
2026-07-01,MS,finance,2026-07-01-live-01c54b39,2026-07-01 22:13:39,0.063743,0.048475,False
2026-07-01,MU,ai_chip,2026-07-01-live-01c54b39,2026-07-01 22:13:39,0.179372,-0.039223,True
2026-07-01,NVDA,ai_chip,2026-07-01-live-01c54b39,2026-07-01 22:13:39,-0.016645,0.026318,False
2026-07-01,PANW,software,2026-07-01-live-01c54b39,2026-07-01 22:13:39,0.008263,-0.039001,False
2026-07-01,PG,consumer,2026-07-01-live-01c54b39,2026-07-01 22:13:39,-0.383676,-0.003934,False
2026-07-01,PH,industrial,2026-07-01-live-01c54b39,2026-07-01 22:13:39,-0.241705,-0.01519,False
2026-07-01,PM,consumer,2026-07-01-live-01c54b39,2026-07-01 22:13:39,0.09827,0.019585,True
2026-07-01,PNC,finance,2026-07-01-live-01c54b39,2026-07-01 22:13:39,-0.11771,-0.002822,False
2026-07-01,PYPL,finance,2026-07-01-live-01c54b39,2026-07-01 22:13:39,-0.042632,0.028364,False
2026-07-01,ROST,consumer,2026-07-01-live-01c54b39,2026-07-01 22:13:39,-0.204835,0.041057,False
2026-07-01,RTX,industrial,2026-07-01-live-01c54b39,2026-07-01 22:13:39,-0.217314,0.017833,False
2026-07-01,SCHW,finance,2026-07-01-live-01c54b39,2026-07-01 22:13:39,-0.26554,0.064001,False
2026-07-01,SOFI,finance,2026-07-01-live-01c54b39,2026-07-01 22:13:39,0.253021,0.009761,True
2026-07-01,SPOT,software,2026-07-01-live-01c54b39,2026-07-01 22:13:39,-0.11575,0.028361,False
2026-07-01,TJX,consumer,2026-07-01-live-01c54b39,2026-07-01 22:13:39,0.026077,-0.002973,False
2026-07-01,TSM,ai_chip,2026-07-01-live-01c54b39,2026-07-01 22:13:39,-0.123178,-0.016365,False
2026-07-01,UNP,industrial,2026-07-01-live-01c54b39,2026-07-01 22:13:39,-0.324536,0.026321,False
2026-07-01,V,finance,2026-07-01-live-01c54b39,2026-07-01 22:13:39,-0.322777,-0.008203,False
2026-07-01,WFC,finance,2026-07-01-live-01c54b39,2026-07-01 22:13:39,0.138135,0.011287,True
2026-07-01,WMT,consumer,2026-07-01-live-01c54b39,2026-07-01 22:13:39,0.04017,0.031152,False
2026-07-01,XLF,finance,2026-07-01-live-01c54b39,2026-07-01 22:13:39,-0.269333,0.013874,False
2026-07-01,XLI,industrial,2026-07-01-live-01c54b39,2026-07-01 22:13:39,-0.267637,-0.012271,False
2026-07-01,XLY,consumer,2026-07-01-live-01c54b39,2026-07-01 22:13:39,-0.27799,-0.0105,False
2026-07-01,ZM,software,2026-07-01-live-01c54b39,2026-07-01 22:13:39,0.10449,-0.002774,True
2026-07-02,ADI,ai_chip,2026-07-02-live-85496d1c,2026-07-02 21:07:27,-0.07248,0.049024,False
2026-07-02,APH,industrial,2026-07-02-live-85496d1c,2026-07-02 21:07:27,-0.206551,-0.033599,False
2026-07-02,ATI,industrial,2026-07-02-live-85496d1c,2026-07-02 21:07:27,-0.219549,0.0,False
2026-07-02,AVGO,ai_chip,2026-07-02-live-85496d1c,2026-07-02 21:07:27,0.131883,0.109641,True
2026-07-02,AXP,finance,2026-07-02-live-85496d1c,2026-07-02 21:07:27,-0.003699,-0.003921,False
2026-07-02,BA,industrial,2026-07-02-live-85496d1c,2026-07-02 21:07:27,-0.200115,0.0,False
2026-07-02,BAC,finance,2026-07-02-live-85496d1c,2026-07-02 21:07:27,0.115992,0.016005,False
2026-07-02,BLK,finance,2026-07-02-live-85496d1c,2026-07-02 21:07:27,0.257333,0.040553,True
2026-07-02,BWXT,industrial,2026-07-02-live-85496d1c,2026-07-02 21:07:27,0.00409,-0.026484,False
2026-07-02,C,finance,2026-07-02-live-85496d1c,2026-07-02 21:07:27,-0.03619,0.005858,False
2026-07-02,CAT,industrial,2026-07-02-live-85496d1c,2026-07-02 21:07:27,0.012527,-0.011541,True
2026-07-02,CMG,consumer,2026-07-02-live-85496d1c,2026-07-02 21:07:27,-0.246557,-0.003956,False
2026-07-02,CRM,software,2026-07-02-live-85496d1c,2026-07-02 21:07:27,-0.163183,-0.016796,False
2026-07-02,CSCO,datacenter_hw,2026-07-02-live-85496d1c,2026-07-02 21:07:27,-0.025757,0.08046,True
2026-07-02,DE,industrial,2026-07-02-live-85496d1c,2026-07-02 21:07:27,-0.309777,-0.055387,False
2026-07-02,DLR,datacenter_hw,2026-07-02-live-85496d1c,2026-07-02 21:07:27,-0.073201,0.041027,True
2026-07-02,EME,industrial,2026-07-02-live-85496d1c,2026-07-02 21:07:27,0.12107,0.009191,True
2026-07-02,EMR,industrial,2026-07-02-live-85496d1c,2026-07-02 21:07:27,-0.207102,-0.001223,False
2026-07-02,ETN,industrial,2026-07-02-live-85496d1c,2026-07-02 21:07:27,0.096838,0.021981,True
2026-07-02,FDX,industrial,2026-07-02-live-85496d1c,2026-07-02 21:07:27,-0.032439,0.005399,False
2026-07-02,FTNT,software,2026-07-02-live-85496d1c,2026-07-02 21:07:27,0.322828,0.008064,True
2026-07-02,GM,consumer,2026-07-02-live-85496d1c,2026-07-02 21:07:27,0.08084,0.024342,True
2026-07-02,GRMN,consumer,2026-07-02-live-85496d1c,2026-07-02 21:07:27,0.145326,0.012874,True
2026-07-02,GS,finance,2026-07-02-live-85496d1c,2026-07-02 21:07:27,0.127433,0.033477,True
2026-07-02,HLT,consumer,2026-07-02-live-85496d1c,2026-07-02 21:07:27,-0.170378,-0.007808,False
2026-07-02,IBM,datacenter_hw,2026-07-02-live-85496d1c,2026-07-02 21:07:27,-0.143985,-0.00677,False
2026-07-02,JPM,finance,2026-07-02-live-85496d1c,2026-07-02 21:07:27,0.107347,0.010448,False
2026-07-02,KO,consumer,2026-07-02-live-85496d1c,2026-07-02 21:07:27,-0.304318,-0.007725,False
2026-07-02,LHX,industrial,2026-07-02-live-85496d1c,2026-07-02 21:07:27,-0.002432,-0.037409,False
2026-07-02,LMT,industrial,2026-07-02-live-85496d1c,2026-07-02 21:07:27,-0.042311,-0.041564,False
2026-07-02,MA,finance,2026-07-02-live-85496d1c,2026-07-02 21:07:27,-0.258703,-0.021829,False
2026-07-02,MCHP,ai_chip,2026-07-02-live-85496d1c,2026-07-02 21:07:27,0.114313,0.046668,False
2026-07-02,MMM,industrial,2026-07-02-live-85496d1c,2026-07-02 21:07:27,-0.366163,-0.0182,False
2026-07-02,MO,consumer,2026-07-02-live-85496d1c,2026-07-02 21:07:27,0.026616,-0.012653,False
2026-07-02,MS,finance,2026-07-02-live-85496d1c,2026-07-02 21:07:27,0.097219,0.039031,False
2026-07-02,MU,ai_chip,2026-07-02-live-85496d1c,2026-07-02 21:07:27,0.214305,0.003987,True
2026-07-02,NVDA,ai_chip,2026-07-02-live-85496d1c,2026-07-02 21:07:27,-0.029364,0.08279,False
2026-07-02,PANW,software,2026-07-02-live-85496d1c,2026-07-02 21:07:27,0.068042,-0.063638,True
2026-07-02,PG,consumer,2026-07-02-live-85496d1c,2026-07-02 21:07:27,-0.365459,-0.028862,False
2026-07-02,PH,industrial,2026-07-02-live-85496d1c,2026-07-02 21:07:27,-0.230174,-0.001682,False
2026-07-02,PM,consumer,2026-07-02-live-85496d1c,2026-07-02 21:07:27,0.027342,-0.003566,False
2026-07-02,PNC,finance,2026-07-02-live-85496d1c,2026-07-02 21:07:27,-0.093981,0.0097,False
2026-07-02,PYPL,finance,2026-07-02-live-85496d1c,2026-07-02 21:07:27,0.000343,0.018694,False
2026-07-02,ROST,consumer,2026-07-02-live-85496d1c,2026-07-02 21:07:27,-0.201507,0.044277,False
2026-07-02,RTX,industrial,2026-07-02-live-85496d1c,2026-07-02 21:07:27,-0.194138,-0.016663,False
2026-07-02,SCHW,finance,2026-07-02-live-85496d1c,2026-07-02 21:07:27,-0.289807,0.063093,False
2026-07-02,SOFI,finance,2026-07-02-live-85496d1c,2026-07-02 21:07:27,0.25317,0.029605,True
2026-07-02,SPOT,software,2026-07-02-live-85496d1c,2026-07-02 21:07:27,-0.111471,-0.012758,False
2026-07-02,TJX,consumer,2026-07-02-live-85496d1c,2026-07-02 21:07:27,0.062831,-0.018929,False
2026-07-02,TSM,ai_chip,2026-07-02-live-85496d1c,2026-07-02 21:07:27,-0.11511,-0.000115,False
2026-07-02,UNP,industrial,2026-07-02-live-85496d1c,2026-07-02 21:07:27,-0.387356,0.016687,False
2026-07-02,V,finance,2026-07-02-live-85496d1c,2026-07-02 21:07:27,-0.331148,-0.036341,False
2026-07-02,WFC,finance,2026-07-02-live-85496d1c,2026-07-02 21:07:27,0.111847,0.019296,False
2026-07-02,WMT,consumer,2026-07-02-live-85496d1c,2026-07-02 21:07:27,0.069312,0.018419,False
2026-07-02,XLF,finance,2026-07-02-live-85496d1c,2026-07-02 21:07:27,-0.287773,0.001618,False
2026-07-02,XLI,industrial,2026-07-02-live-85496d1c,2026-07-02 21:07:27,-0.266994,-0.010821,False
2026-07-02,XLY,consumer,2026-07-02-live-85496d1c,2026-07-02 21:07:27,-0.280411,0.001025,False
2026-07-02,ZM,software,2026-07-02-live-85496d1c,2026-07-02 21:07:27,0.101975,0.030008,True
2026-07-06,ADI,ai_chip,2026-07-06-live-ebb9c2ca,2026-07-07 00:23:34,-0.127747,-0.007252,False
2026-07-06,ANET,datacenter_hw,2026-07-06-live-ebb9c2ca,2026-07-07 00:23:34,0.007584,0.045418,True
2026-07-06,ASML,ai_chip,2026-07-06-live-ebb9c2ca,2026-07-07 00:23:34,0.047868,-0.054261,False
2026-07-06,AVGO,ai_chip,2026-07-06-live-ebb9c2ca,2026-07-07 00:23:34,0.166848,0.027146,True
2026-07-06,CAT,industrial,2026-07-06-live-ebb9c2ca,2026-07-07 00:23:34,0.073095,-0.039642,True
2026-07-06,CMG,consumer,2026-07-06-live-ebb9c2ca,2026-07-07 00:23:34,-0.207705,0.077987,False
2026-07-06,CRM,software,2026-07-06-live-ebb9c2ca,2026-07-07 00:23:34,0.078578,0.033625,True
2026-07-06,CSCO,datacenter_hw,2026-07-06-live-ebb9c2ca,2026-07-07 00:23:34,0.078702,0.046236,True
2026-07-06,GM,consumer,2026-07-06-live-ebb9c2ca,2026-07-07 00:23:34,-0.287152,-0.014515,False
2026-07-06,GRMN,consumer,2026-07-06-live-ebb9c2ca,2026-07-07 00:23:34,-0.114877,-0.006566,True
2026-07-06,GS,finance,2026-07-06-live-ebb9c2ca,2026-07-07 00:23:34,-0.092931,-0.008889,True
2026-07-06,JPM,finance,2026-07-06-live-ebb9c2ca,2026-07-07 00:23:34,-0.424018,-0.009446,False
2026-07-06,LHX,industrial,2026-07-06-live-ebb9c2ca,2026-07-07 00:23:34,-0.278628,-0.041757,True
2026-07-06,LMT,industrial,2026-07-06-live-ebb9c2ca,2026-07-07 00:23:34,-0.030877,-0.032193,True
2026-07-06,MA,finance,2026-07-06-live-ebb9c2ca,2026-07-07 00:23:34,-0.372009,0.010306,True
2026-07-06,MCHP,ai_chip,2026-07-06-live-ebb9c2ca,2026-07-07 00:23:34,0.116185,-0.03836,False
2026-07-06,MO,consumer,2026-07-06-live-ebb9c2ca,2026-07-07 00:23:34,-0.163308,-0.000139,True
2026-07-06,MU,ai_chip,2026-07-06-live-ebb9c2ca,2026-07-07 00:23:34,0.230679,-0.048489,True
2026-07-06,NVDA,ai_chip,2026-07-06-live-ebb9c2ca,2026-07-07 00:23:34,-0.118962,0.040808,False
2026-07-06,PANW,software,2026-07-06-live-ebb9c2ca,2026-07-07 00:23:34,0.181596,-0.076161,True
2026-07-06,PG,consumer,2026-07-06-live-ebb9c2ca,2026-07-07 00:23:34,-0.383737,-0.006296,False
2026-07-06,PNC,finance,2026-07-06-live-ebb9c2ca,2026-07-07 00:23:34,-0.379226,-0.001303,False
2026-07-06,SOFI,finance,2026-07-06-live-ebb9c2ca,2026-07-07 00:23:34,-0.045984,-0.025793,True
2026-07-06,SPOT,software,2026-07-06-live-ebb9c2ca,2026-07-07 00:23:34,-0.047976,-0.006563,False
2026-07-06,TSM,ai_chip,2026-07-06-live-ebb9c2ca,2026-07-07 00:23:34,-0.098097,-0.066867,False
2026-07-06,UNP,industrial,2026-07-06-live-ebb9c2ca,2026-07-07 00:23:34,-0.351758,0.023143,False
2026-07-06,ZM,software,2026-07-06-live-ebb9c2ca,2026-07-07 00:23:34,0.11469,0.08145,True
2026-07-07,ADI,ai_chip,2026-07-07-live-dc2a3247,2026-07-07 21:36:23,-0.129773,0.036198,False
2026-07-07,ASML,ai_chip,2026-07-07-live-dc2a3247,2026-07-07 21:36:23,0.001625,0.016231,False
2026-07-07,AVGO,ai_chip,2026-07-07-live-dc2a3247,2026-07-07 21:36:23,0.150414,0.049436,True
2026-07-07,CAT,industrial,2026-07-07-live-dc2a3247,2026-07-07 21:36:23,0.086687,-0.007212,True
2026-07-07,CMG,consumer,2026-07-07-live-dc2a3247,2026-07-07 21:36:23,-0.213689,0.060553,False
2026-07-07,CRM,software,2026-07-07-live-dc2a3247,2026-07-07 21:36:23,0.024133,-0.011562,True
2026-07-07,CSCO,datacenter_hw,2026-07-07-live-dc2a3247,2026-07-07 21:36:23,0.0753,0.04741,False
2026-07-07,GM,consumer,2026-07-07-live-dc2a3247,2026-07-07 21:36:23,-0.300904,0.011048,False
2026-07-07,GRMN,consumer,2026-07-07-live-dc2a3247,2026-07-07 21:36:23,-0.140948,-0.029315,True
2026-07-07,GS,finance,2026-07-07-live-dc2a3247,2026-07-07 21:36:23,-0.127092,0.093022,True
2026-07-07,JPM,finance,2026-07-07-live-dc2a3247,2026-07-07 21:36:23,-0.431428,0.010819,False
2026-07-07,LHX,industrial,2026-07-07-live-dc2a3247,2026-07-07 21:36:23,-0.205885,-0.018246,True
2026-07-07,LMT,industrial,2026-07-07-live-dc2a3247,2026-07-07 21:36:23,-0.089667,-0.038085,True
2026-07-07,MA,finance,2026-07-07-live-dc2a3247,2026-07-07 21:36:23,-0.389442,0.013722,True
2026-07-07,MCHP,ai_chip,2026-07-07-live-dc2a3247,2026-07-07 21:36:23,0.101677,0.035175,False
2026-07-07,MO,consumer,2026-07-07-live-dc2a3247,2026-07-07 21:36:23,-0.144062,-0.038377,True
2026-07-07,MU,ai_chip,2026-07-07-live-dc2a3247,2026-07-07 21:36:23,0.209831,0.047678,True
2026-07-07,NVDA,ai_chip,2026-07-07-live-dc2a3247,2026-07-07 21:36:23,-0.186107,0.075509,False
2026-07-07,PANW,software,2026-07-07-live-dc2a3247,2026-07-07 21:36:23,0.183838,0.047027,True
2026-07-07,PG,consumer,2026-07-07-live-dc2a3247,2026-07-07 21:36:23,-0.426606,-0.043666,False
2026-07-07,PNC,finance,2026-07-07-live-dc2a3247,2026-07-07 21:36:23,-0.40932,-0.008385,False
2026-07-07,SOFI,finance,2026-07-07-live-dc2a3247,2026-07-07 21:36:23,-0.049032,0.04507,True
2026-07-07,SPOT,software,2026-07-07-live-dc2a3247,2026-07-07 21:36:23,-0.070018,-0.026096,False
2026-07-07,TSM,ai_chip,2026-07-07-live-dc2a3247,2026-07-07 21:36:23,-0.097432,-0.028157,False
2026-07-07,UNP,industrial,2026-07-07-live-dc2a3247,2026-07-07 21:36:23,-0.329355,0.018296,False
2026-07-07,ZM,software,2026-07-07-live-dc2a3247,2026-07-07 21:36:23,0.101485,0.063842,True
2026-07-08,AVGO,ai_chip,2026-07-08-live-369734c3,2026-07-08 21:06:54,0.192477,0.014382,True
2026-07-08,CSCO,datacenter_hw,2026-07-08-live-369734c3,2026-07-08 21:06:54,0.113663,-0.018011,False
2026-07-08,GRMN,consumer,2026-07-08-live-369734c3,2026-07-08 21:06:54,-0.121348,-0.007268,False
2026-07-08,MU,ai_chip,2026-07-08-live-369734c3,2026-07-08 21:06:54,0.220619,-0.046922,True
2026-07-08,PANW,software,2026-07-08-live-369734c3,2026-07-08 21:06:54,0.158968,0.104276,False
2026-07-09,AVGO,ai_chip,2026-07-09-live-40e2dbd0,2026-07-09 21:06:29,0.178602,-0.066465,True
2026-07-09,CSCO,datacenter_hw,2026-07-09-live-40e2dbd0,2026-07-09 21:06:29,0.101669,-0.073113,False
2026-07-09,GRMN,consumer,2026-07-09-live-40e2dbd0,2026-07-09 21:06:29,-0.123104,0.026502,False
2026-07-09,MU,ai_chip,2026-07-09-live-40e2dbd0,2026-07-09 21:06:29,0.251498,-0.139607,True
2026-07-09,PANW,software,2026-07-09-live-40e2dbd0,2026-07-09 21:06:29,0.179707,0.046348,False
2026-07-10,ADI,ai_chip,2026-07-10-live-6f9d5284,2026-07-10 21:07:33,-0.312267,-0.051283,False
2026-07-10,AFRM,finance,2026-07-10-live-6f9d5284,2026-07-10 21:07:33,-0.009259,-0.088108,True
2026-07-10,APH,industrial,2026-07-10-live-6f9d5284,2026-07-10 21:07:33,0.122963,-0.049415,True
2026-07-10,ASML,ai_chip,2026-07-10-live-6f9d5284,2026-07-10 21:07:33,0.033232,-0.027675,False
2026-07-10,ATI,industrial,2026-07-10-live-6f9d5284,2026-07-10 21:07:33,0.044827,0.0,True
2026-07-10,AVGO,ai_chip,2026-07-10-live-6f9d5284,2026-07-10 21:07:33,0.116763,-0.072856,True
2026-07-10,AXP,finance,2026-07-10-live-6f9d5284,2026-07-10 21:07:33,-0.346891,0.013606,False
2026-07-10,BA,industrial,2026-07-10-live-6f9d5284,2026-07-10 21:07:33,-0.411974,0.0,False
2026-07-10,BAC,finance,2026-07-10-live-6f9d5284,2026-07-10 21:07:33,-0.39927,0.026814,False
2026-07-10,BLK,finance,2026-07-10-live-6f9d5284,2026-07-10 21:07:33,-0.357872,0.034832,False
2026-07-10,BWXT,industrial,2026-07-10-live-6f9d5284,2026-07-10 21:07:33,-0.034701,-0.079677,False
2026-07-10,C,finance,2026-07-10-live-6f9d5284,2026-07-10 21:07:33,-0.353588,-0.081185,False
2026-07-10,CAT,industrial,2026-07-10-live-6f9d5284,2026-07-10 21:07:33,0.040129,-0.075734,False
2026-07-10,CME,finance,2026-07-10-live-6f9d5284,2026-07-10 21:07:33,0.051753,0.019894,True
2026-07-10,CMG,consumer,2026-07-10-live-6f9d5284,2026-07-10 21:07:33,-0.262406,-0.022979,False
2026-07-10,CRM,software,2026-07-10-live-6f9d5284,2026-07-10 21:07:33,0.001649,0.045616,False
2026-07-10,DE,industrial,2026-07-10-live-6f9d5284,2026-07-10 21:07:33,-0.373897,0.017687,False
2026-07-10,DLR,datacenter_hw,2026-07-10-live-6f9d5284,2026-07-10 21:07:33,-0.4593,-0.036195,True
2026-07-10,EME,industrial,2026-07-10-live-6f9d5284,2026-07-10 21:07:33,0.114884,-0.047626,True
2026-07-10,EMR,industrial,2026-07-10-live-6f9d5284,2026-07-10 21:07:33,-0.51909,0.004752,False
2026-07-10,ETN,industrial,2026-07-10-live-6f9d5284,2026-07-10 21:07:33,-0.304816,-0.017899,False
2026-07-10,FDX,industrial,2026-07-10-live-6f9d5284,2026-07-10 21:07:33,-0.383731,-0.005434,False
2026-07-10,FTNT,software,2026-07-10-live-6f9d5284,2026-07-10 21:07:33,0.230203,0.02603,True
2026-07-10,GM,consumer,2026-07-10-live-6f9d5284,2026-07-10 21:07:33,-0.30475,-0.022864,False
2026-07-10,GRMN,consumer,2026-07-10-live-6f9d5284,2026-07-10 21:07:33,-0.132134,0.026531,False
2026-07-10,GS,finance,2026-07-10-live-6f9d5284,2026-07-10 21:07:33,-0.15868,0.009515,False
2026-07-10,HD,consumer,2026-07-10-live-6f9d5284,2026-07-10 21:07:33,-0.225,-0.012904,False
2026-07-10,HLT,consumer,2026-07-10-live-6f9d5284,2026-07-10 21:07:33,-0.391979,-0.042208,False
2026-07-10,IBM,datacenter_hw,2026-07-10-live-6f9d5284,2026-07-10 21:07:33,0.05006,-0.260433,True
2026-07-10,JPM,finance,2026-07-10-live-6f9d5284,2026-07-10 21:07:33,-0.424811,0.013761,False
2026-07-10,KO,consumer,2026-07-10-live-6f9d5284,2026-07-10 21:07:33,-0.426818,-0.023117,False
2026-07-10,LHX,industrial,2026-07-10-live-6f9d5284,2026-07-10 21:07:33,-0.386785,-0.030127,False
2026-07-10,LMT,industrial,2026-07-10-live-6f9d5284,2026-07-10 21:07:33,-0.297617,-0.027617,False
2026-07-10,MA,finance,2026-07-10-live-6f9d5284,2026-07-10 21:07:33,-0.406735,0.032008,False
2026-07-10,MCD,consumer,2026-07-10-live-6f9d5284,2026-07-10 21:07:33,-0.36509,-0.025091,False
2026-07-10,MMM,industrial,2026-07-10-live-6f9d5284,2026-07-10 21:07:33,-0.406651,0.014728,False
2026-07-10,MO,consumer,2026-07-10-live-6f9d5284,2026-07-10 21:07:33,-0.157471,0.033709,False
2026-07-10,MS,finance,2026-07-10-live-6f9d5284,2026-07-10 21:07:33,-0.188661,-0.030502,False
2026-07-10,MU,ai_chip,2026-07-10-live-6f9d5284,2026-07-10 21:07:33,0.257424,-0.133105,True
2026-07-10,NVDA,ai_chip,2026-07-10-live-6f9d5284,2026-07-10 21:07:33,-0.16306,-0.038633,False
2026-07-10,PANW,software,2026-07-10-live-6f9d5284,2026-07-10 21:07:33,0.191579,0.100549,True
2026-07-10,PG,consumer,2026-07-10-live-6f9d5284,2026-07-10 21:07:33,-0.447827,0.019995,False
2026-07-10,PH,industrial,2026-07-10-live-6f9d5284,2026-07-10 21:07:33,-0.261653,-0.008385,False
2026-07-10,PM,consumer,2026-07-10-live-6f9d5284,2026-07-10 21:07:33,-0.082587,0.062548,True
2026-07-10,PNC,finance,2026-07-10-live-6f9d5284,2026-07-10 21:07:33,-0.380482,0.003771,False
2026-07-10,PYPL,finance,2026-07-10-live-6f9d5284,2026-07-10 21:07:33,-0.199259,0.221071,False
2026-07-10,ROST,consumer,2026-07-10-live-6f9d5284,2026-07-10 21:07:33,-0.350869,0.047469,False
2026-07-10,RTX,industrial,2026-07-10-live-6f9d5284,2026-07-10 21:07:33,-0.383464,-0.012351,False
2026-07-10,SCHW,finance,2026-07-10-live-6f9d5284,2026-07-10 21:07:33,-0.022336,-0.015128,True
2026-07-10,SOFI,finance,2026-07-10-live-6f9d5284,2026-07-10 21:07:33,-0.1044,-0.079872,False
2026-07-10,SPOT,software,2026-07-10-live-6f9d5284,2026-07-10 21:07:33,-0.041515,-0.003397,False
2026-07-10,TJX,consumer,2026-07-10-live-6f9d5284,2026-07-10 21:07:33,-0.257449,0.020616,False
2026-07-10,TSM,ai_chip,2026-07-10-live-6f9d5284,2026-07-10 21:07:33,-0.14219,-0.082329,False
2026-07-10,UNP,industrial,2026-07-10-live-6f9d5284,2026-07-10 21:07:33,-0.347348,0.05154,False
2026-07-10,V,finance,2026-07-10-live-6f9d5284,2026-07-10 21:07:33,-0.397232,0.027481,False
2026-07-10,WFC,finance,2026-07-10-live-6f9d5284,2026-07-10 21:07:33,-0.378888,0.004016,False
2026-07-10,WMT,consumer,2026-07-10-live-6f9d5284,2026-07-10 21:07:33,-0.126595,0.002985,True
2026-07-10,XLF,finance,2026-07-10-live-6f9d5284,2026-07-10 21:07:33,-0.407462,0.009873,False
2026-07-10,XLI,industrial,2026-07-10-live-6f9d5284,2026-07-10 21:07:33,-0.398153,-0.013797,False
2026-07-10,XLY,consumer,2026-07-10-live-6f9d5284,2026-07-10 21:07:33,-0.411914,-0.015353,False
2026-07-10,ZM,software,2026-07-10-live-6f9d5284,2026-07-10 21:07:33,0.087228,0.015263,True
2026-07-13,ADI,ai_chip,2026-07-13-live-d250791e,2026-07-13 22:42:45,-0.356947,-0.035103,False
2026-07-13,AFRM,finance,2026-07-13-live-d250791e,2026-07-13 22:42:45,0.031538,-0.080679,True
2026-07-13,APH,industrial,2026-07-13-live-d250791e,2026-07-13 22:42:45,0.123483,-0.035131,True
2026-07-13,ATI,industrial,2026-07-13-live-d250791e,2026-07-13 22:42:45,0.035278,0.0,False
2026-07-13,AVGO,ai_chip,2026-07-13-live-d250791e,2026-07-13 22:42:45,0.212383,-0.015337,True
2026-07-13,AXP,finance,2026-07-13-live-d250791e,2026-07-13 22:42:45,-0.366407,-0.007054,False
2026-07-13,BA,industrial,2026-07-13-live-d250791e,2026-07-13 22:42:45,-0.381929,0.0,False
2026-07-13,BAC,finance,2026-07-13-live-d250791e,2026-07-13 22:42:45,-0.417644,0.015462,False
2026-07-13,BWXT,industrial,2026-07-13-live-d250791e,2026-07-13 22:42:45,0.068154,-0.042791,True
2026-07-13,C,finance,2026-07-13-live-d250791e,2026-07-13 22:42:45,-0.295708,-0.085211,False
2026-07-13,CAT,industrial,2026-07-13-live-d250791e,2026-07-13 22:42:45,0.006362,-0.070362,False
2026-07-13,CME,finance,2026-07-13-live-d250791e,2026-07-13 22:42:45,0.065714,4.1e-05,True
2026-07-13,CMG,consumer,2026-07-13-live-d250791e,2026-07-13 22:42:45,-0.319502,-0.09555,False
2026-07-13,CRM,software,2026-07-13-live-d250791e,2026-07-13 22:42:45,0.018207,0.01501,False
2026-07-13,DE,industrial,2026-07-13-live-d250791e,2026-07-13 22:42:45,-0.423513,0.000615,False
2026-07-13,DLR,datacenter_hw,2026-07-13-live-d250791e,2026-07-13 22:42:45,-0.414207,-0.009386,True
2026-07-13,EME,industrial,2026-07-13-live-d250791e,2026-07-13 22:42:45,0.1049,-0.026779,True
2026-07-13,EMR,industrial,2026-07-13-live-d250791e,2026-07-13 22:42:45,-0.444493,0.008864,False
2026-07-13,ETN,industrial,2026-07-13-live-d250791e,2026-07-13 22:42:45,-0.317082,-0.003575,False
2026-07-13,FDX,industrial,2026-07-13-live-d250791e,2026-07-13 22:42:45,-0.394507,-0.023969,False
2026-07-13,FTNT,software,2026-07-13-live-d250791e,2026-07-13 22:42:45,0.202104,-0.001619,True
2026-07-13,GM,consumer,2026-07-13-live-d250791e,2026-07-13 22:42:45,-0.296688,-0.011992,False
2026-07-13,GRMN,consumer,2026-07-13-live-d250791e,2026-07-13 22:42:45,-0.152609,0.004844,False
2026-07-13,HD,consumer,2026-07-13-live-d250791e,2026-07-13 22:42:45,-0.210801,-0.012073,False
2026-07-13,HLT,consumer,2026-07-13-live-d250791e,2026-07-13 22:42:45,-0.326417,0.003039,False
2026-07-13,HON,industrial,2026-07-13-live-d250791e,2026-07-13 22:42:45,-0.357925,0.017683,False
2026-07-13,IBM,datacenter_hw,2026-07-13-live-d250791e,2026-07-13 22:42:45,0.050245,-0.266099,True
2026-07-13,KO,consumer,2026-07-13-live-d250791e,2026-07-13 22:42:45,-0.427753,-0.025282,False
2026-07-13,LHX,industrial,2026-07-13-live-d250791e,2026-07-13 22:42:45,-0.384526,-0.028196,False
2026-07-13,LMT,industrial,2026-07-13-live-d250791e,2026-07-13 22:42:45,-0.300844,-0.021395,False
2026-07-13,MA,finance,2026-07-13-live-d250791e,2026-07-13 22:42:45,-0.41251,0.018114,False
2026-07-13,MMM,industrial,2026-07-13-live-d250791e,2026-07-13 22:42:45,-0.418041,0.008941,False
2026-07-13,MO,consumer,2026-07-13-live-d250791e,2026-07-13 22:42:45,-0.142829,0.03882,True
2026-07-13,MS,finance,2026-07-13-live-d250791e,2026-07-13 22:42:45,-0.159005,-0.045909,False
2026-07-13,MU,ai_chip,2026-07-13-live-d250791e,2026-07-13 22:42:45,0.248083,-0.07635,True
2026-07-13,NVDA,ai_chip,2026-07-13-live-d250791e,2026-07-13 22:42:45,-0.17907,-0.001228,False
2026-07-13,PANW,software,2026-07-13-live-d250791e,2026-07-13 22:42:45,0.18969,0.055586,True
2026-07-13,PG,consumer,2026-07-13-live-d250791e,2026-07-13 22:42:45,-0.418883,0.005122,False
2026-07-13,PH,industrial,2026-07-13-live-d250791e,2026-07-13 22:42:45,-0.252179,-0.000494,False
2026-07-13,PM,consumer,2026-07-13-live-d250791e,2026-07-13 22:42:45,-0.072817,0.069538,True
2026-07-13,PNC,finance,2026-07-13-live-d250791e,2026-07-13 22:42:45,-0.380482,-0.002808,False
2026-07-13,PYPL,finance,2026-07-13-live-d250791e,2026-07-13 22:42:45,-0.128311,0.192445,False
2026-07-13,ROST,consumer,2026-07-13-live-d250791e,2026-07-13 22:42:45,-0.303464,0.074364,False
2026-07-13,RTX,industrial,2026-07-13-live-d250791e,2026-07-13 22:42:45,-0.450559,-0.009929,False
2026-07-13,SCHW,finance,2026-07-13-live-d250791e,2026-07-13 22:42:45,-0.020878,0.001563,True
2026-07-13,SOFI,finance,2026-07-13-live-d250791e,2026-07-13 22:42:45,-0.098534,-0.061776,False
2026-07-13,SPOT,software,2026-07-13-live-d250791e,2026-07-13 22:42:45,-0.059908,0.026009,False
2026-07-13,TJX,consumer,2026-07-13-live-d250791e,2026-07-13 22:42:45,-0.247962,0.034345,False
2026-07-13,UNP,industrial,2026-07-13-live-d250791e,2026-07-13 22:42:45,-0.344507,0.024626,False
2026-07-13,V,finance,2026-07-13-live-d250791e,2026-07-13 22:42:45,-0.369237,0.007883,False
2026-07-13,WFC,finance,2026-07-13-live-d250791e,2026-07-13 22:42:45,-0.378012,-0.015285,False
2026-07-13,WMT,consumer,2026-07-13-live-d250791e,2026-07-13 22:42:45,-0.155843,-0.022478,False
2026-07-13,XLF,finance,2026-07-13-live-d250791e,2026-07-13 22:42:45,-0.409941,-0.000535,False
2026-07-13,XLI,industrial,2026-07-13-live-d250791e,2026-07-13 22:42:45,-0.398153,-0.012474,False
2026-07-13,XLY,consumer,2026-07-13-live-d250791e,2026-07-13 22:42:45,-0.405684,-0.012323,False
2026-07-13,ZM,software,2026-07-13-live-d250791e,2026-07-13 22:42:45,0.119887,-0.010557,True
2026-07-16,APH,industrial,2026-07-16-live-a24a8be1,2026-07-17 01:01:22,0.090737,0.028014,True
2026-07-16,ATI,industrial,2026-07-16-live-a24a8be1,2026-07-17 01:01:22,-0.003852,0.0,True
2026-07-16,AVGO,ai_chip,2026-07-16-live-a24a8be1,2026-07-17 01:01:22,0.173081,0.048124,False
2026-07-16,BWXT,industrial,2026-07-16-live-a24a8be1,2026-07-17 01:01:22,-0.100898,0.016864,False
2026-07-16,EME,industrial,2026-07-16-live-a24a8be1,2026-07-17 01:01:22,-0.042547,0.025372,True
2026-07-16,FTNT,software,2026-07-16-live-a24a8be1,2026-07-17 01:01:22,0.181527,-0.05747,False
2026-07-16,GRMN,consumer,2026-07-16-live-a24a8be1,2026-07-17 01:01:22,-0.035877,-0.043388,True
2026-07-16,XLI,industrial,2026-07-16-live-a24a8be1,2026-07-17 01:01:22,-0.429903,0.009936,False
2026-07-16,XLY,consumer,2026-07-16-live-a24a8be1,2026-07-17 01:01:22,-0.433677,-0.073121,True
2026-07-17,APH,industrial,2026-07-17-live-41b03289,2026-07-17 21:34:14,0.096903,0.009722,True
2026-07-17,ATI,industrial,2026-07-17-live-41b03289,2026-07-17 21:34:14,-0.003505,0.0,False
2026-07-17,AVGO,ai_chip,2026-07-17-live-41b03289,2026-07-17 21:34:14,0.185883,0.029906,False
2026-07-17,BWXT,industrial,2026-07-17-live-41b03289,2026-07-17 21:34:14,0.020943,0.019512,True
2026-07-17,EME,industrial,2026-07-17-live-41b03289,2026-07-17 21:34:14,0.001736,0.000927,True
2026-07-17,FTNT,software,2026-07-17-live-41b03289,2026-07-17 21:34:14,0.213295,-0.057175,False
2026-07-17,GRMN,consumer,2026-07-17-live-41b03289,2026-07-17 21:34:14,-0.064168,-0.026166,True
2026-07-17,XLI,industrial,2026-07-17-live-41b03289,2026-07-17 21:34:14,-0.429903,0.018115,False
2026-07-17,XLY,consumer,2026-07-17-live-41b03289,2026-07-17 21:34:14,-0.433677,-0.052235,True
2026-07-20,ADI,ai_chip,2026-07-20-live-54ea6604,2026-07-20 21:07:37,-0.253447,-0.00153,False
2026-07-20,AFRM,finance,2026-07-20-live-54ea6604,2026-07-20 21:07:37,0.053481,-0.030138,True
2026-07-20,APH,industrial,2026-07-20-live-54ea6604,2026-07-20 21:07:37,0.09626,-0.008172,True
2026-07-20,ASML,ai_chip,2026-07-20-live-54ea6604,2026-07-20 21:07:37,0.024144,-0.048165,True
2026-07-20,ATI,industrial,2026-07-20-live-54ea6604,2026-07-20 21:07:37,-0.002724,0.0,False
2026-07-20,AVGO,ai_chip,2026-07-20-live-54ea6604,2026-07-20 21:07:37,0.112102,0.013381,True
2026-07-20,AXP,finance,2026-07-20-live-54ea6604,2026-07-20 21:07:37,-0.387244,-0.046998,False
2026-07-20,BA,industrial,2026-07-20-live-54ea6604,2026-07-20 21:07:37,-0.317497,0.0,False
2026-07-20,BAC,finance,2026-07-20-live-54ea6604,2026-07-20 21:07:37,-0.429059,0.028302,False
2026-07-20,BLK,finance,2026-07-20-live-54ea6604,2026-07-20 21:07:37,-0.424223,0.007618,False
2026-07-20,BWXT,industrial,2026-07-20-live-54ea6604,2026-07-20 21:07:37,0.122575,0.041106,True
2026-07-20,C,finance,2026-07-20-live-54ea6604,2026-07-20 21:07:37,-0.315454,0.034027,False
2026-07-20,CAT,industrial,2026-07-20-live-54ea6604,2026-07-20 21:07:37,-0.128847,0.01039,False
2026-07-20,CMG,consumer,2026-07-20-live-54ea6604,2026-07-20 21:07:37,-0.270626,0.002113,False
2026-07-20,CRM,software,2026-07-20-live-54ea6604,2026-07-20 21:07:37,-0.139973,-0.001093,False
2026-07-20,DE,industrial,2026-07-20-live-54ea6604,2026-07-20 21:07:37,-0.34647,0.066587,False
2026-07-20,EME,industrial,2026-07-20-live-54ea6604,2026-07-20 21:07:37,-0.05608,-0.00172,False
2026-07-20,EMR,industrial,2026-07-20-live-54ea6604,2026-07-20 21:07:37,-0.473842,0.093132,False
2026-07-20,EQIX,datacenter_hw,2026-07-20-live-54ea6604,2026-07-20 21:07:37,-0.384211,0.028978,False
2026-07-20,ETN,industrial,2026-07-20-live-54ea6604,2026-07-20 21:07:37,-0.313173,-0.006901,False
2026-07-20,FDX,industrial,2026-07-20-live-54ea6604,2026-07-20 21:07:37,-0.355777,0.014924,False
2026-07-20,FTNT,software,2026-07-20-live-54ea6604,2026-07-20 21:07:37,0.180112,-0.049763,True
2026-07-20,GE,industrial,2026-07-20-live-54ea6604,2026-07-20 21:07:37,0.041093,0.059508,True
2026-07-20,GM,consumer,2026-07-20-live-54ea6604,2026-07-20 21:07:37,-0.393473,0.148285,False
2026-07-20,GRMN,consumer,2026-07-20-live-54ea6604,2026-07-20 21:07:37,-0.061846,-0.009477,True
2026-07-20,GS,finance,2026-07-20-live-54ea6604,2026-07-20 21:07:37,-0.240771,-0.006445,True
2026-07-20,HD,consumer,2026-07-20-live-54ea6604,2026-07-20 21:07:37,-0.173065,0.009158,False
2026-07-20,HLT,consumer,2026-07-20-live-54ea6604,2026-07-20 21:07:37,-0.390854,0.022942,False
2026-07-20,JPM,finance,2026-07-20-live-54ea6604,2026-07-20 21:07:37,-0.430457,0.051141,False
2026-07-20,KO,consumer,2026-07-20-live-54ea6604,2026-07-20 21:07:37,-0.407344,0.023746,False
2026-07-20,LHX,industrial,2026-07-20-live-54ea6604,2026-07-20 21:07:37,-0.468902,0.081732,False
2026-07-20,MA,finance,2026-07-20-live-54ea6604,2026-07-20 21:07:37,-0.408892,0.0078,False
2026-07-20,MMM,industrial,2026-07-20-live-54ea6604,2026-07-20 21:07:37,-0.386403,0.120168,False
2026-07-20,MO,consumer,2026-07-20-live-54ea6604,2026-07-20 21:07:37,-0.081964,-0.023708,False
2026-07-20,MS,finance,2026-07-20-live-54ea6604,2026-07-20 21:07:37,-0.262343,0.017161,False
2026-07-20,NVDA,ai_chip,2026-07-20-live-54ea6604,2026-07-20 21:07:37,-0.220836,-0.033304,False
2026-07-20,PANW,software,2026-07-20-live-54ea6604,2026-07-20 21:07:37,0.18638,-0.089887,True
2026-07-20,PG,consumer,2026-07-20-live-54ea6604,2026-07-20 21:07:37,-0.424024,0.00401,False
2026-07-20,PH,industrial,2026-07-20-live-54ea6604,2026-07-20 21:07:37,-0.321398,0.03841,False
2026-07-20,PM,consumer,2026-07-20-live-54ea6604,2026-07-20 21:07:37,-0.033709,0.015255,True
2026-07-20,PNC,finance,2026-07-20-live-54ea6604,2026-07-20 21:07:37,-0.402809,-0.001999,False
2026-07-20,PYPL,finance,2026-07-20-live-54ea6604,2026-07-20 21:07:37,-0.201424,-0.0132,True
2026-07-20,ROST,consumer,2026-07-20-live-54ea6604,2026-07-20 21:07:37,-0.384831,0.032106,False
2026-07-20,SCHW,finance,2026-07-20-live-54ea6604,2026-07-20 21:07:37,-0.288677,0.015994,False
2026-07-20,SOFI,finance,2026-07-20-live-54ea6604,2026-07-20 21:07:37,-0.262581,-0.007643,False
2026-07-20,SPOT,software,2026-07-20-live-54ea6604,2026-07-20 21:07:37,-0.240571,0.004875,False
2026-07-20,TJX,consumer,2026-07-20-live-54ea6604,2026-07-20 21:07:37,-0.148764,0.004367,False
2026-07-20,TSM,ai_chip,2026-07-20-live-54ea6604,2026-07-20 21:07:37,-0.281657,-0.007979,False
2026-07-20,V,finance,2026-07-20-live-54ea6604,2026-07-20 21:07:37,-0.371516,0.005436,False
2026-07-20,WFC,finance,2026-07-20-live-54ea6604,2026-07-20 21:07:37,-0.399907,0.010888,False
2026-07-20,WMT,consumer,2026-07-20-live-54ea6604,2026-07-20 21:07:37,-0.208161,-0.0041,False
2026-07-20,XLF,finance,2026-07-20-live-54ea6604,2026-07-20 21:07:37,-0.434419,0.014989,False
2026-07-20,XLI,industrial,2026-07-20-live-54ea6604,2026-07-20 21:07:37,-0.436791,0.02852,False
2026-07-20,XLY,consumer,2026-07-20-live-54ea6604,2026-07-20 21:07:37,-0.438193,-0.032894,False
2026-07-20,ZM,software,2026-07-20-live-54ea6604,2026-07-20 21:07:37,0.06881,0.00341,True
2026-07-21,ADI,ai_chip,2026-07-21-live-fd5949f9,2026-07-21 21:07:50,-0.265871,-0.044356,False
2026-07-21,AFRM,finance,2026-07-21-live-fd5949f9,2026-07-21 21:07:50,0.060529,-0.031049,True
2026-07-21,APH,industrial,2026-07-21-live-fd5949f9,2026-07-21 21:07:50,0.074811,-0.088461,True
2026-07-21,ASML,ai_chip,2026-07-21-live-fd5949f9,2026-07-21 21:07:50,-0.007315,-0.120134,True
2026-07-21,ATI,industrial,2026-07-21-live-fd5949f9,2026-07-21 21:07:50,-0.001794,0.0,True
2026-07-21,AVGO,ai_chip,2026-07-21-live-fd5949f9,2026-07-21 21:07:50,0.111353,-0.014463,True
2026-07-21,BA,industrial,2026-07-21-live-fd5949f9,2026-07-21 21:07:50,-0.314686,0.0,False
2026-07-21,BAC,finance,2026-07-21-live-fd5949f9,2026-07-21 21:07:50,-0.411089,0.022868,False
2026-07-21,BLK,finance,2026-07-21-live-fd5949f9,2026-07-21 21:07:50,-0.412637,0.057126,False
2026-07-21,C,finance,2026-07-21-live-fd5949f9,2026-07-21 21:07:50,-0.295688,-0.002785,False
2026-07-21,CAT,industrial,2026-07-21-live-fd5949f9,2026-07-21 21:07:50,-0.137447,-0.055193,False
2026-07-21,CMG,consumer,2026-07-21-live-fd5949f9,2026-07-21 21:07:50,-0.258068,0.005702,False
2026-07-21,CRM,software,2026-07-21-live-fd5949f9,2026-07-21 21:07:50,-0.186474,0.06727,False
2026-07-21,DE,industrial,2026-07-21-live-fd5949f9,2026-07-21 21:07:50,-0.349952,0.09024,False
2026-07-21,EME,industrial,2026-07-21-live-fd5949f9,2026-07-21 21:07:50,-0.051514,-0.071619,False
2026-07-21,EMR,industrial,2026-07-21-live-fd5949f9,2026-07-21 21:07:50,-0.48327,0.090119,False
2026-07-21,EQIX,datacenter_hw,2026-07-21-live-fd5949f9,2026-07-21 21:07:50,-0.384101,0.006791,False
2026-07-21,ETN,industrial,2026-07-21-live-fd5949f9,2026-07-21 21:07:50,-0.328721,-0.04142,False
2026-07-21,FDX,industrial,2026-07-21-live-fd5949f9,2026-07-21 21:07:50,-0.36226,-0.00809,False
2026-07-21,FTNT,software,2026-07-21-live-fd5949f9,2026-07-21 21:07:50,0.192597,-0.05136,True
2026-07-21,GE,industrial,2026-07-21-live-fd5949f9,2026-07-21 21:07:50,-0.012262,0.067185,True
2026-07-21,GM,consumer,2026-07-21-live-fd5949f9,2026-07-21 21:07:50,-0.368788,0.135563,False
2026-07-21,GRMN,consumer,2026-07-21-live-fd5949f9,2026-07-21 21:07:50,-0.048862,0.071836,True
2026-07-21,GS,finance,2026-07-21-live-fd5949f9,2026-07-21 21:07:50,-0.269274,-0.048104,True
2026-07-21,HD,consumer,2026-07-21-live-fd5949f9,2026-07-21 21:07:50,-0.158178,0.038812,False
2026-07-21,HLT,consumer,2026-07-21-live-fd5949f9,2026-07-21 21:07:50,-0.388465,-0.004661,False
2026-07-21,JPM,finance,2026-07-21-live-fd5949f9,2026-07-21 21:07:50,-0.418024,0.034991,False
2026-07-21,KO,consumer,2026-07-21-live-fd5949f9,2026-07-21 21:07:50,-0.407344,0.076857,False
2026-07-21,LHX,industrial,2026-07-21-live-fd5949f9,2026-07-21 21:07:50,-0.449867,0.098988,False
2026-07-21,MA,finance,2026-07-21-live-fd5949f9,2026-07-21 21:07:50,-0.408154,0.045421,False
2026-07-21,MMM,industrial,2026-07-21-live-fd5949f9,2026-07-21 21:07:50,-0.352307,0.068634,False
2026-07-21,MO,consumer,2026-07-21-live-fd5949f9,2026-07-21 21:07:50,-0.066648,0.025072,False
2026-07-21,MS,finance,2026-07-21-live-fd5949f9,2026-07-21 21:07:50,-0.291496,-0.022274,False
2026-07-21,NVDA,ai_chip,2026-07-21-live-fd5949f9,2026-07-21 21:07:50,-0.20332,-0.049592,False
2026-07-21,PANW,software,2026-07-21-live-fd5949f9,2026-07-21 21:07:50,0.187636,-0.06766,True
2026-07-21,PG,consumer,2026-07-21-live-fd5949f9,2026-07-21 21:07:50,-0.426701,0.012693,False
2026-07-21,PH,industrial,2026-07-21-live-fd5949f9,2026-07-21 21:07:50,-0.32088,0.032702,False
2026-07-21,PM,consumer,2026-07-21-live-fd5949f9,2026-07-21 21:07:50,-0.008743,0.064508,True
2026-07-21,PNC,finance,2026-07-21-live-fd5949f9,2026-07-21 21:07:50,-0.407396,0.004873,False
2026-07-21,PYPL,finance,2026-07-21-live-fd5949f9,2026-07-21 21:07:50,-0.177413,0.044226,True
2026-07-21,ROST,consumer,2026-07-21-live-fd5949f9,2026-07-21 21:07:50,-0.372577,0.064543,False
2026-07-21,SCHW,finance,2026-07-21-live-fd5949f9,2026-07-21 21:07:50,-0.273457,0.060124,False
2026-07-21,SOFI,finance,2026-07-21-live-fd5949f9,2026-07-21 21:07:50,-0.303645,-0.05102,False
2026-07-21,SPOT,software,2026-07-21-live-fd5949f9,2026-07-21 21:07:50,-0.245899,0.037163,False
2026-07-21,TJX,consumer,2026-07-21-live-fd5949f9,2026-07-21 21:07:50,-0.155234,0.037085,False
2026-07-21,TSM,ai_chip,2026-07-21-live-fd5949f9,2026-07-21 21:07:50,-0.325369,-0.07607,False
2026-07-21,TXN,ai_chip,2026-07-21-live-fd5949f9,2026-07-21 21:07:50,-0.202705,-0.04885,False
2026-07-21,V,finance,2026-07-21-live-fd5949f9,2026-07-21 21:07:50,-0.362859,0.030268,False
2026-07-21,WFC,finance,2026-07-21-live-fd5949f9,2026-07-21 21:07:50,-0.411599,-0.009916,False
2026-07-21,WMT,consumer,2026-07-21-live-fd5949f9,2026-07-21 21:07:50,-0.224068,0.024549,False
2026-07-21,XLF,finance,2026-07-21-live-fd5949f9,2026-07-21 21:07:50,-0.434419,0.026555,False
2026-07-21,XLI,industrial,2026-07-21-live-fd5949f9,2026-07-21 21:07:50,-0.436791,0.021437,False
2026-07-21,XLY,consumer,2026-07-21-live-fd5949f9,2026-07-21 21:07:50,-0.43523,-0.020806,False
2026-07-21,ZM,software,2026-07-21-live-fd5949f9,2026-07-21 21:07:50,0.047141,0.019049,True
2026-07-22,ADI,ai_chip,2026-07-22-live-79dbf668,2026-07-22 23:20:19,-0.27835,-0.086262,False
2026-07-22,AFRM,finance,2026-07-22-live-79dbf668,2026-07-22 23:20:19,0.062071,-0.051478,True
2026-07-22,APH,industrial,2026-07-22-live-79dbf668,2026-07-22 23:20:19,0.02986,-0.045711,True
2026-07-22,ASML,ai_chip,2026-07-22-live-79dbf668,2026-07-22 23:20:19,0.024233,-0.138233,True
2026-07-22,ATI,industrial,2026-07-22-live-79dbf668,2026-07-22 23:20:19,-0.030311,0.0,True
2026-07-22,AVGO,ai_chip,2026-07-22-live-79dbf668,2026-07-22 23:20:19,0.148163,-0.066757,True
2026-07-22,BA,industrial,2026-07-22-live-79dbf668,2026-07-22 23:20:19,-0.354748,0.0,False
2026-07-22,BAC,finance,2026-07-22-live-79dbf668,2026-07-22 23:20:19,-0.44262,-0.008926,False
2026-07-22,BLK,finance,2026-07-22-live-79dbf668,2026-07-22 23:20:19,-0.430504,0.021351,False
2026-07-22,C,finance,2026-07-22-live-79dbf668,2026-07-22 23:20:19,-0.325295,-0.038715,False
2026-07-22,CAT,industrial,2026-07-22-live-79dbf668,2026-07-22 23:20:19,-0.140405,-0.119868,False
2026-07-22,CMG,consumer,2026-07-22-live-79dbf668,2026-07-22 23:20:19,-0.27709,0.063354,False
2026-07-22,CRM,software,2026-07-22-live-79dbf668,2026-07-22 23:20:19,-0.125256,0.155706,True
2026-07-22,DE,industrial,2026-07-22-live-79dbf668,2026-07-22 23:20:19,-0.349116,0.005961,False
2026-07-22,EME,industrial,2026-07-22-live-79dbf668,2026-07-22 23:20:19,-0.046086,-0.109475,False
2026-07-22,EMR,industrial,2026-07-22-live-79dbf668,2026-07-22 23:20:19,-0.500276,0.043687,False
2026-07-22,EQIX,datacenter_hw,2026-07-22-live-79dbf668,2026-07-22 23:20:19,-0.373867,-0.020141,False
2026-07-22,ETN,industrial,2026-07-22-live-79dbf668,2026-07-22 23:20:19,-0.313173,-0.110663,False
2026-07-22,FDX,industrial,2026-07-22-live-79dbf668,2026-07-22 23:20:19,-0.364494,-0.038658,False
2026-07-22,GE,industrial,2026-07-22-live-79dbf668,2026-07-22 23:20:19,-0.028562,0.027668,True
2026-07-22,GM,consumer,2026-07-22-live-79dbf668,2026-07-22 23:20:19,-0.357761,0.088518,False
2026-07-22,GRMN,consumer,2026-07-22-live-79dbf668,2026-07-22 23:20:19,-0.049202,0.225853,True
2026-07-22,GS,finance,2026-07-22-live-79dbf668,2026-07-22 23:20:19,-0.265344,-0.106948,True
2026-07-22,HD,consumer,2026-07-22-live-79dbf668,2026-07-22 23:20:19,-0.160592,0.020576,False
2026-07-22,HLT,consumer,2026-07-22-live-79dbf668,2026-07-22 23:20:19,-0.392815,-0.007741,False
2026-07-22,JPM,finance,2026-07-22-live-79dbf668,2026-07-22 23:20:19,-0.424468,-0.010051,False
2026-07-22,KO,consumer,2026-07-22-live-79dbf668,2026-07-22 23:20:19,-0.401492,0.083698,False
2026-07-22,LHX,industrial,2026-07-22-live-79dbf668,2026-07-22 23:20:19,-0.483331,0.043379,False
2026-07-22,MA,finance,2026-07-22-live-79dbf668,2026-07-22 23:20:19,-0.396022,0.058912,False
2026-07-22,MMM,industrial,2026-07-22-live-79dbf668,2026-07-22 23:20:19,-0.352621,0.042106,False
2026-07-22,MO,consumer,2026-07-22-live-79dbf668,2026-07-22 23:20:19,-0.061758,0.038104,False
2026-07-22,MS,finance,2026-07-22-live-79dbf668,2026-07-22 23:20:19,-0.315559,-0.070343,False
2026-07-22,NVDA,ai_chip,2026-07-22-live-79dbf668,2026-07-22 23:20:19,-0.230852,-0.10398,False
2026-07-22,PANW,software,2026-07-22-live-79dbf668,2026-07-22 23:20:19,0.176887,-0.063022,True
2026-07-22,PG,consumer,2026-07-22-live-79dbf668,2026-07-22 23:20:19,-0.427542,-0.01308,False
2026-07-22,PH,industrial,2026-07-22-live-79dbf668,2026-07-22 23:20:19,-0.316651,-0.020293,False
2026-07-22,PM,consumer,2026-07-22-live-79dbf668,2026-07-22 23:20:19,0.006476,0.021307,True
2026-07-22,PNC,finance,2026-07-22-live-79dbf668,2026-07-22 23:20:19,-0.335237,-0.01592,False
2026-07-22,PYPL,finance,2026-07-22-live-79dbf668,2026-07-22 23:20:19,-0.022229,0.051162,True
2026-07-22,ROST,consumer,2026-07-22-live-79dbf668,2026-07-22 23:20:19,-0.379456,0.057722,False
2026-07-22,SCHW,finance,2026-07-22-live-79dbf668,2026-07-22 23:20:19,-0.267747,0.036409,False
2026-07-22,SOFI,finance,2026-07-22-live-79dbf668,2026-07-22 23:20:19,-0.314557,-0.10662,False
2026-07-22,SPOT,software,2026-07-22-live-79dbf668,2026-07-22 23:20:19,-0.246316,0.105133,False
2026-07-22,TJX,consumer,2026-07-22-live-79dbf668,2026-07-22 23:20:19,-0.153318,0.040023,False
2026-07-22,TSM,ai_chip,2026-07-22-live-79dbf668,2026-07-22 23:20:19,-0.329684,-0.110491,False
2026-07-22,TXN,ai_chip,2026-07-22-live-79dbf668,2026-07-22 23:20:19,-0.19161,-0.077807,False
2026-07-22,V,finance,2026-07-22-live-79dbf668,2026-07-22 23:20:19,-0.36514,0.04332,False
2026-07-22,WFC,finance,2026-07-22-live-79dbf668,2026-07-22 23:20:19,-0.383581,-0.029507,False
2026-07-22,WMT,consumer,2026-07-22-live-79dbf668,2026-07-22 23:20:19,-0.218713,0.044727,False
2026-07-22,XLF,finance,2026-07-22-live-79dbf668,2026-07-22 23:20:19,-0.434419,0.01124,False
2026-07-22,XLI,industrial,2026-07-22-live-79dbf668,2026-07-22 23:20:19,-0.436791,-0.012245,False
2026-07-22,XLY,consumer,2026-07-22-live-79dbf668,2026-07-22 23:20:19,-0.43523,-0.021137,False
2026-07-22,ZM,software,2026-07-22-live-79dbf668,2026-07-22 23:20:19,0.048799,0.076914,True
2026-07-23,ADI,ai_chip,2026-07-23-live-0113fd5f,2026-07-23 21:10:38,-0.28941,-0.035587,False
2026-07-23,AFRM,finance,2026-07-23-live-0113fd5f,2026-07-23 21:10:38,0.07182,0.028648,True
2026-07-23,APH,industrial,2026-07-23-live-0113fd5f,2026-07-23 21:10:38,0.043706,0.015181,True
2026-07-23,ASML,ai_chip,2026-07-23-live-0113fd5f,2026-07-23 21:10:38,-0.007022,-0.082823,True
2026-07-23,ATI,industrial,2026-07-23-live-0113fd5f,2026-07-23 21:10:38,0.001374,0.0,True
2026-07-23,AVGO,ai_chip,2026-07-23-live-0113fd5f,2026-07-23 21:10:38,0.112294,-0.011797,True
2026-07-23,BA,industrial,2026-07-23-live-0113fd5f,2026-07-23 21:10:38,-0.325225,0.0,False
2026-07-23,BAC,finance,2026-07-23-live-0113fd5f,2026-07-23 21:10:38,-0.444074,0.007343,False
2026-07-23,BLK,finance,2026-07-23-live-0113fd5f,2026-07-23 21:10:38,-0.447143,0.059017,False
2026-07-23,C,finance,2026-07-23-live-0113fd5f,2026-07-23 21:10:38,-0.321352,0.003336,False
2026-07-23,CAT,industrial,2026-07-23-live-0113fd5f,2026-07-23 21:10:38,-0.140054,-0.095468,False
2026-07-23,CMG,consumer,2026-07-23-live-0113fd5f,2026-07-23 21:10:38,-0.283773,0.203374,False
2026-07-23,CRM,software,2026-07-23-live-0113fd5f,2026-07-23 21:10:38,-0.011843,0.151533,True
2026-07-23,DE,industrial,2026-07-23-live-0113fd5f,2026-07-23 21:10:38,-0.376328,-0.017295,False
2026-07-23,EME,industrial,2026-07-23-live-0113fd5f,2026-07-23 21:10:38,-0.05235,0.043299,False
2026-07-23,EMR,industrial,2026-07-23-live-0113fd5f,2026-07-23 21:10:38,-0.478968,0.025811,False
2026-07-23,EQIX,datacenter_hw,2026-07-23-live-0113fd5f,2026-07-23 21:10:38,-0.382901,0.013526,False
2026-07-23,ETN,industrial,2026-07-23-live-0113fd5f,2026-07-23 21:10:38,-0.311632,-0.068027,False
2026-07-23,FDX,industrial,2026-07-23-live-0113fd5f,2026-07-23 21:10:38,-0.372069,-0.0224,False
2026-07-23,GE,industrial,2026-07-23-live-0113fd5f,2026-07-23 21:10:38,-0.028174,0.017307,True
2026-07-23,GM,consumer,2026-07-23-live-0113fd5f,2026-07-23 21:10:38,-0.374665,0.095823,False
2026-07-23,GRMN,consumer,2026-07-23-live-0113fd5f,2026-07-23 21:10:38,-0.058972,0.239275,True
2026-07-23,GS,finance,2026-07-23-live-0113fd5f,2026-07-23 21:10:38,-0.279446,-0.046393,False
2026-07-23,HD,consumer,2026-07-23-live-0113fd5f,2026-07-23 21:10:38,-0.169404,0.026608,False
2026-07-23,HLT,consumer,2026-07-23-live-0113fd5f,2026-07-23 21:10:38,-0.358041,0.005747,False
2026-07-23,JPM,finance,2026-07-23-live-0113fd5f,2026-07-23 21:10:38,-0.424468,0.002715,False
2026-07-23,KO,consumer,2026-07-23-live-0113fd5f,2026-07-23 21:10:38,-0.405853,0.090181,False
2026-07-23,LHX,industrial,2026-07-23-live-0113fd5f,2026-07-23 21:10:38,-0.47507,-0.092669,False
2026-07-23,MA,finance,2026-07-23-live-0113fd5f,2026-07-23 21:10:38,-0.396022,0.088744,False
2026-07-23,MMM,industrial,2026-07-23-live-0113fd5f,2026-07-23 21:10:38,-0.360711,0.03821,False
2026-07-23,MO,consumer,2026-07-23-live-0113fd5f,2026-07-23 21:10:38,-0.072981,-0.057436,False
2026-07-23,MS,finance,2026-07-23-live-0113fd5f,2026-07-23 21:10:38,-0.319227,-0.023794,False
2026-07-23,NVDA,ai_chip,2026-07-23-live-0113fd5f,2026-07-23 21:10:38,-0.200959,-0.065721,False
2026-07-23,PANW,software,2026-07-23-live-0113fd5f,2026-07-23 21:10:38,0.165197,0.000154,True
2026-07-23,PG,consumer,2026-07-23-live-0113fd5f,2026-07-23 21:10:38,-0.429791,-0.013244,False
2026-07-23,PH,industrial,2026-07-23-live-0113fd5f,2026-07-23 21:10:38,-0.337046,-0.023024,False
2026-07-23,PM,consumer,2026-07-23-live-0113fd5f,2026-07-23 21:10:38,-0.03721,0.004604,True
2026-07-23,PNC,finance,2026-07-23-live-0113fd5f,2026-07-23 21:10:38,-0.344542,-0.002206,False
2026-07-23,PYPL,finance,2026-07-23-live-0113fd5f,2026-07-23 21:10:38,-0.010804,0.029464,True
2026-07-23,ROST,consumer,2026-07-23-live-0113fd5f,2026-07-23 21:10:38,-0.370066,0.086837,False
2026-07-23,SCHW,finance,2026-07-23-live-0113fd5f,2026-07-23 21:10:38,-0.262759,0.026769,True
2026-07-23,SOFI,finance,2026-07-23-live-0113fd5f,2026-07-23 21:10:38,-0.28538,-0.010811,False
2026-07-23,SPOT,software,2026-07-23-live-0113fd5f,2026-07-23 21:10:38,-0.236572,0.114331,False
2026-07-23,TJX,consumer,2026-07-23-live-0113fd5f,2026-07-23 21:10:38,-0.145864,0.03766,False
2026-07-23,TSM,ai_chip,2026-07-23-live-0113fd5f,2026-07-23 21:10:38,-0.324547,-0.029525,False
2026-07-23,TXN,ai_chip,2026-07-23-live-0113fd5f,2026-07-23 21:10:38,-0.186779,-0.02186,False
2026-07-23,V,finance,2026-07-23-live-0113fd5f,2026-07-23 21:10:38,-0.36514,0.041724,False
2026-07-23,WFC,finance,2026-07-23-live-0113fd5f,2026-07-23 21:10:38,-0.385076,-0.008818,False
2026-07-23,WMT,consumer,2026-07-23-live-0113fd5f,2026-07-23 21:10:38,-0.209155,0.024908,False
2026-07-23,XLF,finance,2026-07-23-live-0113fd5f,2026-07-23 21:10:38,-0.430734,0.020956,False
2026-07-23,XLI,industrial,2026-07-23-live-0113fd5f,2026-07-23 21:10:38,-0.434419,-0.019512,False
2026-07-23,XLY,consumer,2026-07-23-live-0113fd5f,2026-07-23 21:10:38,-0.414457,0.033376,False
2026-07-23,ZM,software,2026-07-23-live-0113fd5f,2026-07-23 21:10:38,0.052164,0.09761,True
2026-07-24,ADI,ai_chip,2026-07-24-live-4281dc85,2026-07-24 21:07:34,-0.288381,-0.011967,False
2026-07-24,APH,industrial,2026-07-24-live-4281dc85,2026-07-24 21:07:34,0.026807,0.052597,True
2026-07-24,ASML,ai_chip,2026-07-24-live-4281dc85,2026-07-24 21:07:34,0.013898,-0.071647,True
2026-07-24,ATI,industrial,2026-07-24-live-4281dc85,2026-07-24 21:07:34,-0.007722,0.0,True
2026-07-24,AVGO,ai_chip,2026-07-24-live-4281dc85,2026-07-24 21:07:34,0.115155,0.019271,True
2026-07-24,BA,industrial,2026-07-24-live-4281dc85,2026-07-24 21:07:34,-0.356253,0.0,False
2026-07-24,BAC,finance,2026-07-24-live-4281dc85,2026-07-24 21:07:34,-0.431237,-0.001612,False
2026-07-24,BLK,finance,2026-07-24-live-4281dc85,2026-07-24 21:07:34,-0.420754,0.032889,False
2026-07-24,C,finance,2026-07-24-live-4281dc85,2026-07-24 21:07:34,-0.333809,0.001967,False
2026-07-24,CAT,industrial,2026-07-24-live-4281dc85,2026-07-24 21:07:34,-0.214118,-0.083175,False
2026-07-24,CMG,consumer,2026-07-24-live-4281dc85,2026-07-24 21:07:34,-0.28034,0.170808,False
2026-07-24,CRM,software,2026-07-24-live-4281dc85,2026-07-24 21:07:34,-0.131212,0.124404,True
2026-07-24,DE,industrial,2026-07-24-live-4281dc85,2026-07-24 21:07:34,-0.355741,-0.056498,False
2026-07-24,EME,industrial,2026-07-24-live-4281dc85,2026-07-24 21:07:34,0.017036,0.070591,True
2026-07-24,EMR,industrial,2026-07-24-live-4281dc85,2026-07-24 21:07:34,-0.503659,0.012708,False
2026-07-24,EQIX,datacenter_hw,2026-07-24-live-4281dc85,2026-07-24 21:07:34,-0.359263,-0.059913,False
2026-07-24,ETN,industrial,2026-07-24-live-4281dc85,2026-07-24 21:07:34,-0.314003,0.027545,False
2026-07-24,FDX,industrial,2026-07-24-live-4281dc85,2026-07-24 21:07:34,-0.372069,-0.024003,False
2026-07-24,GE,industrial,2026-07-24-live-4281dc85,2026-07-24 21:07:34,-0.029596,0.017923,False
2026-07-24,GM,consumer,2026-07-24-live-4281dc85,2026-07-24 21:07:34,-0.364535,0.075266,False
2026-07-24,GRMN,consumer,2026-07-24-live-4281dc85,2026-07-24 21:07:34,-0.05312,0.208822,True
2026-07-24,GS,finance,2026-07-24-live-4281dc85,2026-07-24 21:07:34,-0.277402,-0.040378,True
2026-07-24,HD,consumer,2026-07-24-live-4281dc85,2026-07-24 21:07:34,-0.170516,-0.003063,False
2026-07-24,HLT,consumer,2026-07-24-live-4281dc85,2026-07-24 21:07:34,-0.384007,-0.013786,False
2026-07-24,JPM,finance,2026-07-24-live-4281dc85,2026-07-24 21:07:34,-0.42915,-0.00402,False
2026-07-24,KO,consumer,2026-07-24-live-4281dc85,2026-07-24 21:07:34,-0.401492,0.064924,False
2026-07-24,LHX,industrial,2026-07-24-live-4281dc85,2026-07-24 21:07:34,-0.485156,-0.077113,False
2026-07-24,MA,finance,2026-07-24-live-4281dc85,2026-07-24 21:07:34,-0.409619,0.061965,False
2026-07-24,MMM,industrial,2026-07-24-live-4281dc85,2026-07-24 21:07:34,-0.357712,0.021203,False
2026-07-24,MO,consumer,2026-07-24-live-4281dc85,2026-07-24 21:07:34,-0.063055,-0.063844,False
2026-07-24,MS,finance,2026-07-24-live-4281dc85,2026-07-24 21:07:34,-0.309375,-0.013568,False
2026-07-24,NVDA,ai_chip,2026-07-24-live-4281dc85,2026-07-24 21:07:34,-0.237925,-0.029443,False
2026-07-24,PANW,software,2026-07-24-live-4281dc85,2026-07-24 21:07:34,0.153608,0.024831,True
2026-07-24,PG,consumer,2026-07-24-live-4281dc85,2026-07-24 21:07:34,-0.431068,-0.019809,False
2026-07-24,PH,industrial,2026-07-24-live-4281dc85,2026-07-24 21:07:34,-0.346598,-0.011149,False
2026-07-24,PM,consumer,2026-07-24-live-4281dc85,2026-07-24 21:07:34,-0.057781,-0.011295,True
2026-07-24,PNC,finance,2026-07-24-live-4281dc85,2026-07-24 21:07:34,-0.353369,-0.004462,False
2026-07-24,PYPL,finance,2026-07-24-live-4281dc85,2026-07-24 21:07:34,-0.020102,0.018878,True
2026-07-24,ROST,consumer,2026-07-24-live-4281dc85,2026-07-24 21:07:34,-0.363248,0.050986,False
2026-07-24,SCHW,finance,2026-07-24-live-4281dc85,2026-07-24 21:07:34,-0.283696,0.032068,True
2026-07-24,SOFI,finance,2026-07-24-live-4281dc85,2026-07-24 21:07:34,-0.31277,-0.009113,False
2026-07-24,SPOT,software,2026-07-24-live-4281dc85,2026-07-24 21:07:34,-0.284633,0.035802,False
2026-07-24,TJX,consumer,2026-07-24-live-4281dc85,2026-07-24 21:07:34,-0.147879,0.020231,False
2026-07-24,TSM,ai_chip,2026-07-24-live-4281dc85,2026-07-24 21:07:34,-0.291603,0.002082,False
2026-07-24,TXN,ai_chip,2026-07-24-live-4281dc85,2026-07-24 21:07:34,-0.189384,-0.008656,False
2026-07-24,V,finance,2026-07-24-live-4281dc85,2026-07-24 21:07:34,-0.384868,0.029207,False
2026-07-24,WFC,finance,2026-07-24-live-4281dc85,2026-07-24 21:07:34,-0.388528,0.001622,False
2026-07-24,WMT,consumer,2026-07-24-live-4281dc85,2026-07-24 21:07:34,-0.215355,0.015803,False
2026-07-24,XLF,finance,2026-07-24-live-4281dc85,2026-07-24 21:07:34,-0.430734,0.011188,False
2026-07-24,XLI,industrial,2026-07-24-live-4281dc85,2026-07-24 21:07:34,-0.434419,-0.015439,False
2026-07-24,XLY,consumer,2026-07-24-live-4281dc85,2026-07-24 21:07:34,-0.40792,0.061055,False
2026-07-24,ZM,software,2026-07-24-live-4281dc85,2026-07-24 21:07:34,0.032293,0.091829,True
2026-07-27,ADI,ai_chip,2026-07-27-live-e548dd21,2026-07-27 20:56:47,-0.299491,-0.026917,False
2026-07-27,APH,industrial,2026-07-27-live-e548dd21,2026-07-27 20:56:47,0.056644,0.094185,True
2026-07-27,ASML,ai_chip,2026-07-27-live-e548dd21,2026-07-27 20:56:47,0.046017,-0.006356,True
2026-07-27,ATI,industrial,2026-07-27-live-e548dd21,2026-07-27 20:56:47,-0.026228,0.0,False
2026-07-27,AVGO,ai_chip,2026-07-27-live-e548dd21,2026-07-27 20:56:47,-0.139714,0.023511,True
2026-07-27,BA,industrial,2026-07-27-live-e548dd21,2026-07-27 20:56:47,-0.392941,0.0,False
2026-07-27,BAC,finance,2026-07-27-live-e548dd21,2026-07-27 20:56:47,-0.412473,0.005633,False
2026-07-27,BLK,finance,2026-07-27-live-e548dd21,2026-07-27 20:56:47,-0.441704,0.060717,False
2026-07-27,C,finance,2026-07-27-live-e548dd21,2026-07-27 20:56:47,-0.30517,0.008565,True
2026-07-27,CAT,industrial,2026-07-27-live-e548dd21,2026-07-27 20:56:47,-0.20405,-0.049526,False
2026-07-27,CMG,consumer,2026-07-27-live-e548dd21,2026-07-27 20:56:47,-0.292026,0.128313,False
2026-07-27,CRM,software,2026-07-27-live-e548dd21,2026-07-27 20:56:47,-0.122391,0.07114,True
2026-07-27,DE,industrial,2026-07-27-live-e548dd21,2026-07-27 20:56:47,-0.365861,-0.031935,False
2026-07-27,DLR,datacenter_hw,2026-07-27-live-e548dd21,2026-07-27 20:56:47,-0.347065,-0.023192,True
2026-07-27,EME,industrial,2026-07-27-live-e548dd21,2026-07-27 20:56:47,0.110051,0.100532,True
2026-07-27,EMR,industrial,2026-07-27-live-e548dd21,2026-07-27 20:56:47,-0.51175,0.037173,False
2026-07-27,EQIX,datacenter_hw,2026-07-27-live-e548dd21,2026-07-27 20:56:47,-0.365547,-0.014664,True
2026-07-27,ETN,industrial,2026-07-27-live-e548dd21,2026-07-27 20:56:47,-0.303549,0.099313,False
2026-07-27,FDX,industrial,2026-07-27-live-e548dd21,2026-07-27 20:56:47,0.009584,-0.004987,True
2026-07-27,GE,industrial,2026-07-27-live-e548dd21,2026-07-27 20:56:47,-0.046102,0.020243,False
2026-07-27,GM,consumer,2026-07-27-live-e548dd21,2026-07-27 20:56:47,-0.414157,0.007353,False
2026-07-27,GRMN,consumer,2026-07-27-live-e548dd21,2026-07-27 20:56:47,-0.069272,0.256898,True
2026-07-27,GS,finance,2026-07-27-live-e548dd21,2026-07-27 20:56:47,-0.241615,-0.020196,True
2026-07-27,HD,consumer,2026-07-27-live-e548dd21,2026-07-27 20:56:47,-0.166895,0.011693,False
2026-07-27,HLT,consumer,2026-07-27-live-e548dd21,2026-07-27 20:56:47,-0.370403,-0.049902,False
2026-07-27,HON,industrial,2026-07-27-live-e548dd21,2026-07-27 20:56:47,-0.441121,0.004151,False
2026-07-27,JPM,finance,2026-07-27-live-e548dd21,2026-07-27 20:56:47,-0.392077,-0.009994,False
2026-07-27,KO,consumer,2026-07-27-live-e548dd21,2026-07-27 20:56:47,-0.41074,0.033187,False
2026-07-27,LHX,industrial,2026-07-27-live-e548dd21,2026-07-27 20:56:47,-0.495129,-0.084421,False
2026-07-27,LMT,industrial,2026-07-27-live-e548dd21,2026-07-27 20:56:47,-0.393191,0.010845,False
2026-07-27,MA,finance,2026-07-27-live-e548dd21,2026-07-27 20:56:47,-0.392756,0.03491,False
2026-07-27,MMM,industrial,2026-07-27-live-e548dd21,2026-07-27 20:56:47,-0.336385,-0.005611,False
2026-07-27,MO,consumer,2026-07-27-live-e548dd21,2026-07-27 20:56:47,-0.092248,-0.06352,False
2026-07-27,MS,finance,2026-07-27-live-e548dd21,2026-07-27 20:56:47,-0.332093,-0.01014,False
2026-07-27,NVDA,ai_chip,2026-07-27-live-e548dd21,2026-07-27 20:56:47,-0.16366,0.05155,False
2026-07-27,PANW,software,2026-07-27-live-e548dd21,2026-07-27 20:56:47,0.059481,0.093943,True
2026-07-27,PG,consumer,2026-07-27-live-e548dd21,2026-07-27 20:56:47,-0.378356,-0.024625,False
2026-07-27,PH,industrial,2026-07-27-live-e548dd21,2026-07-27 20:56:47,-0.359535,0.010341,False
2026-07-27,PM,consumer,2026-07-27-live-e548dd21,2026-07-27 20:56:47,-0.084985,-0.042165,False
2026-07-27,PNC,finance,2026-07-27-live-e548dd21,2026-07-27 20:56:47,-0.39898,0.008332,False
2026-07-27,PYPL,finance,2026-07-27-live-e548dd21,2026-07-27 20:56:47,0.003675,0.032103,True
2026-07-27,ROST,consumer,2026-07-27-live-e548dd21,2026-07-27 20:56:47,-0.113449,0.039285,False
2026-07-27,RTX,industrial,2026-07-27-live-e548dd21,2026-07-27 20:56:47,-0.367676,-0.008104,False
2026-07-27,SCHW,finance,2026-07-27-live-e548dd21,2026-07-27 20:56:47,-0.317186,0.016222,False
2026-07-27,SOFI,finance,2026-07-27-live-e548dd21,2026-07-27 20:56:47,-0.344736,0.068128,False
2026-07-27,SPOT,software,2026-07-27-live-e548dd21,2026-07-27 20:56:47,-0.302787,-0.016959,False
2026-07-27,TJX,consumer,2026-07-27-live-e548dd21,2026-07-27 20:56:47,-0.243417,0.007162,False
2026-07-27,TSM,ai_chip,2026-07-27-live-e548dd21,2026-07-27 20:56:47,-0.261879,0.01759,False
2026-07-27,TXN,ai_chip,2026-07-27-live-e548dd21,2026-07-27 20:56:47,-0.18814,-0.032155,False
2026-07-27,UNP,industrial,2026-07-27-live-e548dd21,2026-07-27 20:56:47,-0.311778,-0.026963,False
2026-07-27,V,finance,2026-07-27-live-e548dd21,2026-07-27 20:56:47,-0.354618,0.008661,False
2026-07-27,WFC,finance,2026-07-27-live-e548dd21,2026-07-27 20:56:47,-0.362746,0.007104,False
2026-07-27,WMT,consumer,2026-07-27-live-e548dd21,2026-07-27 20:56:47,-0.019521,-0.009218,True
2026-07-27,XLF,finance,2026-07-27-live-e548dd21,2026-07-27 20:56:47,-0.409971,0.00879,False
2026-07-27,XLI,industrial,2026-07-27-live-e548dd21,2026-07-27 20:56:47,-0.423274,-0.000218,False
2026-07-27,XLY,consumer,2026-07-27-live-e548dd21,2026-07-27 20:56:47,-0.410075,0.066492,False
2026-07-27,ZM,software,2026-07-27-live-e548dd21,2026-07-27 20:56:47,-0.057731,0.077066,True
2026-07-28,ADI,ai_chip,2026-07-28-live-6194047c,2026-07-28 17:45:49,-0.303634,0.039527,False
2026-07-28,APH,industrial,2026-07-28-live-6194047c,2026-07-28 17:45:49,0.059602,0.191032,True
2026-07-28,ASML,ai_chip,2026-07-28-live-6194047c,2026-07-28 17:45:49,0.046017,0.081456,True
2026-07-28,ATI,industrial,2026-07-28-live-6194047c,2026-07-28 17:45:49,-0.013291,0.0,False
2026-07-28,AVGO,ai_chip,2026-07-28-live-6194047c,2026-07-28 17:45:49,-0.139714,0.097792,True
2026-07-28,AXP,finance,2026-07-28-live-6194047c,2026-07-28 17:45:49,-0.353003,0.029944,False
2026-07-28,BA,industrial,2026-07-28-live-6194047c,2026-07-28 17:45:49,-0.429585,0.0,False
2026-07-28,BAC,finance,2026-07-28-live-6194047c,2026-07-28 17:45:49,-0.412473,0.004471,False
2026-07-28,BLK,finance,2026-07-28-live-6194047c,2026-07-28 17:45:49,-0.441704,0.030595,False
2026-07-28,C,finance,2026-07-28-live-6194047c,2026-07-28 17:45:49,-0.30517,0.038398,True
2026-07-28,CAT,industrial,2026-07-28-live-6194047c,2026-07-28 17:45:49,-0.208193,0.042445,False
2026-07-28,CMG,consumer,2026-07-28-live-6194047c,2026-07-28 17:45:49,-0.298541,0.009251,False
2026-07-28,CRM,software,2026-07-28-live-6194047c,2026-07-28 17:45:49,-0.117943,0.052287,True
2026-07-28,DE,industrial,2026-07-28-live-6194047c,2026-07-28 17:45:49,-0.372376,-0.035118,False
2026-07-28,DLR,datacenter_hw,2026-07-28-live-6194047c,2026-07-28 17:45:49,-0.347065,0.003675,True
2026-07-28,EME,industrial,2026-07-28-live-6194047c,2026-07-28 17:45:49,0.121212,0.161599,True
2026-07-28,EMR,industrial,2026-07-28-live-6194047c,2026-07-28 17:45:49,-0.550765,0.046308,False
2026-07-28,EQIX,datacenter_hw,2026-07-28-live-6194047c,2026-07-28 17:45:49,-0.402191,0.016109,True
2026-07-28,ETN,industrial,2026-07-28-live-6194047c,2026-07-28 17:45:49,-0.340193,0.151478,False
2026-07-28,FDX,industrial,2026-07-28-live-6194047c,2026-07-28 17:45:49,0.009584,0.002239,True
2026-07-28,GE,industrial,2026-07-28-live-6194047c,2026-07-28 17:45:49,-0.046102,0.037652,False
2026-07-28,GM,consumer,2026-07-28-live-6194047c,2026-07-28 17:45:49,-0.414157,-0.022038,False
2026-07-28,GRMN,consumer,2026-07-28-live-6194047c,2026-07-28 17:45:49,-0.069272,0.211748,True
2026-07-28,GS,finance,2026-07-28-live-6194047c,2026-07-28 17:45:49,-0.241615,0.019006,True
2026-07-28,HD,consumer,2026-07-28-live-6194047c,2026-07-28 17:45:49,-0.166895,0.010944,False
2026-07-28,HLT,consumer,2026-07-28-live-6194047c,2026-07-28 17:45:49,-0.407047,-0.032131,False
2026-07-28,HON,industrial,2026-07-28-live-6194047c,2026-07-28 17:45:49,-0.441121,0.007043,False
2026-07-28,JPM,finance,2026-07-28-live-6194047c,2026-07-28 17:45:49,-0.392077,0.000588,False
2026-07-28,KO,consumer,2026-07-28-live-6194047c,2026-07-28 17:45:49,-0.449755,-0.019372,False
2026-07-28,LHX,industrial,2026-07-28-live-6194047c,2026-07-28 17:45:49,-0.531773,-0.065203,False
2026-07-28,LMT,industrial,2026-07-28-live-6194047c,2026-07-28 17:45:49,-0.393191,0.013796,False
2026-07-28,MA,finance,2026-07-28-live-6194047c,2026-07-28 17:45:49,-0.431771,0.014838,False
2026-07-28,MMM,industrial,2026-07-28-live-6194047c,2026-07-28 17:45:49,-0.336385,-0.005644,False
2026-07-28,MO,consumer,2026-07-28-live-6194047c,2026-07-28 17:45:49,-0.092248,-0.090217,False
2026-07-28,MS,finance,2026-07-28-live-6194047c,2026-07-28 17:45:49,-0.332093,0.031412,False
2026-07-28,NVDA,ai_chip,2026-07-28-live-6194047c,2026-07-28 17:45:49,-0.16366,0.075783,False
2026-07-28,PANW,software,2026-07-28-live-6194047c,2026-07-28 17:45:49,0.048634,0.148401,True
2026-07-28,PG,consumer,2026-07-28-live-6194047c,2026-07-28 17:45:49,-0.371902,-0.005844,False
2026-07-28,PH,industrial,2026-07-28-live-6194047c,2026-07-28 17:45:49,-0.366049,0.001705,False
2026-07-28,PM,consumer,2026-07-28-live-6194047c,2026-07-28 17:45:49,-0.084985,-0.066244,False
2026-07-28,PNC,finance,2026-07-28-live-6194047c,2026-07-28 17:45:49,-0.39898,0.010095,False
2026-07-28,PYPL,finance,2026-07-28-live-6194047c,2026-07-28 17:45:49,0.014751,0.003772,True
2026-07-28,ROST,consumer,2026-07-28-live-6194047c,2026-07-28 17:45:49,-0.113449,0.00012,False
2026-07-28,RTX,industrial,2026-07-28-live-6194047c,2026-07-28 17:45:49,-0.367676,-0.002974,False
2026-07-28,SCHW,finance,2026-07-28-live-6194047c,2026-07-28 17:45:49,-0.317186,0.003586,False
2026-07-28,SOFI,finance,2026-07-28-live-6194047c,2026-07-28 17:45:49,-0.344388,0.117085,False
2026-07-28,SPOT,software,2026-07-28-live-6194047c,2026-07-28 17:45:49,-0.309301,-0.065271,False
2026-07-28,TJX,consumer,2026-07-28-live-6194047c,2026-07-28 17:45:49,-0.243417,-0.020211,False
2026-07-28,TSM,ai_chip,2026-07-28-live-6194047c,2026-07-28 17:45:49,-0.261879,0.063368,False
2026-07-28,TXN,ai_chip,2026-07-28-live-6194047c,2026-07-28 17:45:49,-0.183228,0.028948,False
2026-07-28,UNP,industrial,2026-07-28-live-6194047c,2026-07-28 17:45:49,-0.318292,0.006453,False
2026-07-28,V,finance,2026-07-28-live-6194047c,2026-07-28 17:45:49,-0.361133,0.008184,False
2026-07-28,WFC,finance,2026-07-28-live-6194047c,2026-07-28 17:45:49,-0.362746,0.017497,False
2026-07-28,WMT,consumer,2026-07-28-live-6194047c,2026-07-28 17:45:49,-0.019174,-0.013705,True
2026-07-28,XLF,finance,2026-07-28-live-6194047c,2026-07-28 17:45:49,-0.448986,0.004861,False
2026-07-28,XLI,industrial,2026-07-28-live-6194047c,2026-07-28 17:45:49,-0.462289,0.021426,False
2026-07-28,XLY,consumer,2026-07-28-live-6194047c,2026-07-28 17:45:49,-0.446718,0.051654,False
2026-07-28,ZM,software,2026-07-28-live-6194047c,2026-07-28 17:45:49,-0.045733,0.11631,True
2026-07-29,ADI,ai_chip,2026-07-29-live-34603e64,2026-07-29 21:08:15,-0.240798,0.068823,False
2026-07-29,APH,industrial,2026-07-29-live-34603e64,2026-07-29 21:08:15,0.113274,0.145899,True
2026-07-29,ASML,ai_chip,2026-07-29-live-34603e64,2026-07-29 21:08:15,0.071303,0.082241,True
2026-07-29,ATI,industrial,2026-07-29-live-34603e64,2026-07-29 21:08:15,0.038989,0.0,True
2026-07-29,AVGO,ai_chip,2026-07-29-live-34603e64,2026-07-29 21:08:15,-0.13629,0.12951,True
2026-07-29,AXP,finance,2026-07-29-live-34603e64,2026-07-29 21:08:15,-0.333213,0.05276,False
2026-07-29,BA,industrial,2026-07-29-live-34603e64,2026-07-29 21:08:15,-0.39441,0.0,False
2026-07-29,BAC,finance,2026-07-29-live-34603e64,2026-07-29 21:08:15,-0.379241,0.035697,False
2026-07-29,BLK,finance,2026-07-29-live-34603e64,2026-07-29 21:08:15,-0.4343,0.050399,False
2026-07-29,C,finance,2026-07-29-live-34603e64,2026-07-29 21:08:15,-0.272426,0.088102,False
2026-07-29,CAT,industrial,2026-07-29-live-34603e64,2026-07-29 21:08:15,-0.120781,0.112903,False
2026-07-29,CMG,consumer,2026-07-29-live-34603e64,2026-07-29 21:08:15,-0.352775,0.007593,False
2026-07-29,CRM,software,2026-07-29-live-34603e64,2026-07-29 21:08:15,-0.109031,0.024419,True
2026-07-29,DE,industrial,2026-07-29-live-34603e64,2026-07-29 21:08:15,-0.368711,0.001719,False
2026-07-29,DLR,datacenter_hw,2026-07-29-live-34603e64,2026-07-29 21:08:15,-0.310414,0.03587,True
2026-07-29,EMR,industrial,2026-07-29-live-34603e64,2026-07-29 21:08:15,-0.51915,0.11487,False
2026-07-29,EQIX,datacenter_hw,2026-07-29-live-34603e64,2026-07-29 21:08:15,-0.396861,0.047797,True
2026-07-29,ETN,industrial,2026-07-29-live-34603e64,2026-07-29 21:08:15,-0.318667,0.23599,False
2026-07-29,FDX,industrial,2026-07-29-live-34603e64,2026-07-29 21:08:15,0.008552,0.006837,True
2026-07-29,GE,industrial,2026-07-29-live-34603e64,2026-07-29 21:08:15,-0.047362,0.087243,False
2026-07-29,GM,consumer,2026-07-29-live-34603e64,2026-07-29 21:08:15,-0.355783,-0.002685,False
2026-07-29,GRMN,consumer,2026-07-29-live-34603e64,2026-07-29 21:08:15,-0.036859,0.026185,True
2026-07-29,GS,finance,2026-07-29-live-34603e64,2026-07-29 21:08:15,-0.229606,0.081193,True
2026-07-29,HD,consumer,2026-07-29-live-34603e64,2026-07-29 21:08:15,-0.177719,0.043959,False
2026-07-29,HLT,consumer,2026-07-29-live-34603e64,2026-07-29 21:08:15,-0.401996,0.008828,False
2026-07-29,HON,industrial,2026-07-29-live-34603e64,2026-07-29 21:08:15,-0.438693,0.029031,False
2026-07-29,JPM,finance,2026-07-29-live-34603e64,2026-07-29 21:08:15,-0.348617,0.042151,False
2026-07-29,KO,consumer,2026-07-29-live-34603e64,2026-07-29 21:08:15,-0.444387,-0.025258,False
2026-07-29,LHX,industrial,2026-07-29-live-34603e64,2026-07-29 21:08:15,-0.500036,-0.038349,False
2026-07-29,LMT,industrial,2026-07-29-live-34603e64,2026-07-29 21:08:15,-0.319947,0.014757,False
2026-07-29,MA,finance,2026-07-29-live-34603e64,2026-07-29 21:08:15,-0.371743,0.01271,False
2026-07-29,MMM,industrial,2026-07-29-live-34603e64,2026-07-29 21:08:15,-0.343664,0.023209,False
2026-07-29,MO,consumer,2026-07-29-live-34603e64,2026-07-29 21:08:15,-0.149289,-0.086492,False
2026-07-29,MS,finance,2026-07-29-live-34603e64,2026-07-29 21:08:15,-0.317798,0.080406,False
2026-07-29,NVDA,ai_chip,2026-07-29-live-34603e64,2026-07-29 21:08:15,-0.157966,0.153729,False
2026-07-29,PANW,software,2026-07-29-live-34603e64,2026-07-29 21:08:15,0.056124,0.154417,True
2026-07-29,PG,consumer,2026-07-29-live-34603e64,2026-07-29 21:08:15,-0.335031,0.004791,False
2026-07-29,PH,industrial,2026-07-29-live-34603e64,2026-07-29 21:08:15,-0.36973,0.048188,False
2026-07-29,PM,consumer,2026-07-29-live-34603e64,2026-07-29 21:08:15,-0.075308,-0.047924,False
2026-07-29,PNC,finance,2026-07-29-live-34603e64,2026-07-29 21:08:15,-0.41175,0.027687,False
2026-07-29,PYPL,finance,2026-07-29-live-34603e64,2026-07-29 21:08:15,-0.006336,-0.007198,True
2026-07-29,ROST,consumer,2026-07-29-live-34603e64,2026-07-29 21:08:15,-0.039057,0.005001,False
2026-07-29,RTX,industrial,2026-07-29-live-34603e64,2026-07-29 21:08:15,-0.330326,0.032799,False
2026-07-29,SCHW,finance,2026-07-29-live-34603e64,2026-07-29 21:08:15,-0.329733,0.033981,False
2026-07-29,SOFI,finance,2026-07-29-live-34603e64,2026-07-29 21:08:15,-0.235172,0.196721,True
2026-07-29,SPOT,software,2026-07-29-live-34603e64,2026-07-29 21:08:15,-0.317921,-0.079731,False
2026-07-29,TJX,consumer,2026-07-29-live-34603e64,2026-07-29 21:08:15,-0.231645,-0.01058,False
2026-07-29,TSM,ai_chip,2026-07-29-live-34603e64,2026-07-29 21:08:15,-0.234888,0.104972,False
2026-07-29,TXN,ai_chip,2026-07-29-live-34603e64,2026-07-29 21:08:15,-0.144023,0.028936,False
2026-07-29,UNP,industrial,2026-07-29-live-34603e64,2026-07-29 21:08:15,-0.332756,0.011465,False
2026-07-29,V,finance,2026-07-29-live-34603e64,2026-07-29 21:08:15,-0.341903,-0.000515,False
2026-07-29,WFC,finance,2026-07-29-live-34603e64,2026-07-29 21:08:15,-0.346261,0.063193,False
2026-07-29,WMT,consumer,2026-07-29-live-34603e64,2026-07-29 21:08:15,-0.004334,-0.01646,True
2026-07-29,XLF,finance,2026-07-29-live-34603e64,2026-07-29 21:08:15,-0.448986,0.023289,False
2026-07-29,XLI,industrial,2026-07-29-live-34603e64,2026-07-29 21:08:15,-0.45724,0.054851,False
2026-07-29,XLY,consumer,2026-07-29-live-34603e64,2026-07-29 21:08:15,-0.45277,0.062987,False
2026-07-29,ZM,software,2026-07-29-live-34603e64,2026-07-29 21:08:15,-0.014168,0.08906,True
2026-07-30,ADI,ai_chip,2026-07-30-live-7521e521,2026-07-30 21:08:01,-0.285409,0.029018,False
2026-07-30,APH,industrial,2026-07-30-live-7521e521,2026-07-30 21:08:01,0.074981,0.067513,True
2026-07-30,ATI,industrial,2026-07-30-live-7521e521,2026-07-30 21:08:01,0.030499,0.0,True
2026-07-30,AVGO,ai_chip,2026-07-30-live-7521e521,2026-07-30 21:08:01,-0.12725,0.08439,True
2026-07-30,AXP,finance,2026-07-30-live-7521e521,2026-07-30 21:08:01,-0.312653,0.015051,False
2026-07-30,BA,industrial,2026-07-30-live-7521e521,2026-07-30 21:08:01,-0.414907,0.0,False
2026-07-30,BAC,finance,2026-07-30-live-7521e521,2026-07-30 21:08:01,-0.407802,0.020573,False
2026-07-30,BLK,finance,2026-07-30-live-7521e521,2026-07-30 21:08:01,-0.3816,0.02816,False
2026-07-30,C,finance,2026-07-30-live-7521e521,2026-07-30 21:08:01,-0.277244,0.016409,False
2026-07-30,CAT,industrial,2026-07-30-live-7521e521,2026-07-30 21:08:01,-0.123721,0.0591,False
2026-07-30,CMG,consumer,2026-07-30-live-7521e521,2026-07-30 21:08:01,-0.322688,-0.12487,False
2026-07-30,CRM,software,2026-07-30-live-7521e521,2026-07-30 21:08:01,-0.142046,0.033534,True
2026-07-30,DE,industrial,2026-07-30-live-7521e521,2026-07-30 21:08:01,-0.37182,0.025639,False
2026-07-30,DLR,datacenter_hw,2026-07-30-live-7521e521,2026-07-30 21:08:01,-0.379933,-0.003261,True
2026-07-30,EMR,industrial,2026-07-30-live-7521e521,2026-07-30 21:08:01,-0.542789,0.055638,False
2026-07-30,EQIX,datacenter_hw,2026-07-30-live-7521e521,2026-07-30 21:08:01,-0.405662,0.005088,True
2026-07-30,ETN,industrial,2026-07-30-live-7521e521,2026-07-30 21:08:01,-0.300152,0.158443,False
2026-07-30,FDX,industrial,2026-07-30-live-7521e521,2026-07-30 21:08:01,-0.021793,0.023724,True
2026-07-30,GE,industrial,2026-07-30-live-7521e521,2026-07-30 21:08:01,-0.087224,0.054951,False
2026-07-30,GM,consumer,2026-07-30-live-7521e521,2026-07-30 21:08:01,-0.323309,-0.016516,False
2026-07-30,GRMN,consumer,2026-07-30-live-7521e521,2026-07-30 21:08:01,-0.042625,0.014519,True
2026-07-30,GS,finance,2026-07-30-live-7521e521,2026-07-30 21:08:01,-0.302584,0.007533,False
2026-07-30,HD,consumer,2026-07-30-live-7521e521,2026-07-30 21:08:01,-0.168209,0.048508,False
2026-07-30,HLT,consumer,2026-07-30-live-7521e521,2026-07-30 21:08:01,-0.369587,-0.000124,False
2026-07-30,HON,industrial,2026-07-30-live-7521e521,2026-07-30 21:08:01,-0.444547,-0.004837,False
2026-07-30,JPM,finance,2026-07-30-live-7521e521,2026-07-30 21:08:01,-0.377109,0.015534,False
2026-07-30,KO,consumer,2026-07-30-live-7521e521,2026-07-30 21:08:01,-0.440071,-0.018533,False
2026-07-30,LHX,industrial,2026-07-30-live-7521e521,2026-07-30 21:08:01,-0.448489,0.06484,False
2026-07-30,LMT,industrial,2026-07-30-live-7521e521,2026-07-30 21:08:01,-0.316459,0.015224,False
2026-07-30,MA,finance,2026-07-30-live-7521e521,2026-07-30 21:08:01,-0.358693,-0.002425,False
2026-07-30,MMM,industrial,2026-07-30-live-7521e521,2026-07-30 21:08:01,-0.311346,0.026353,False
2026-07-30,MO,consumer,2026-07-30-live-7521e521,2026-07-30 21:08:01,-0.065287,-0.002797,False
2026-07-30,MS,finance,2026-07-30-live-7521e521,2026-07-30 21:08:01,-0.347849,0.023128,False
2026-07-30,NVDA,ai_chip,2026-07-30-live-7521e521,2026-07-30 21:08:01,-0.188286,0.122795,False
2026-07-30,PANW,software,2026-07-30-live-7521e521,2026-07-30 21:08:01,0.079398,0.103814,True
2026-07-30,PG,consumer,2026-07-30-live-7521e521,2026-07-30 21:08:01,-0.366903,0.020909,False
2026-07-30,PH,industrial,2026-07-30-live-7521e521,2026-07-30 21:08:01,-0.402745,0.111146,False
2026-07-30,PM,consumer,2026-07-30-live-7521e521,2026-07-30 21:08:01,-0.075118,-0.020573,False
2026-07-30,PNC,finance,2026-07-30-live-7521e521,2026-07-30 21:08:01,-0.408217,0.016284,False
2026-07-30,PYPL,finance,2026-07-30-live-7521e521,2026-07-30 21:08:01,-0.012204,0.036947,True
2026-07-30,ROST,consumer,2026-07-30-live-7521e521,2026-07-30 21:08:01,-0.050502,0.006889,False
2026-07-30,RTX,industrial,2026-07-30-live-7521e521,2026-07-30 21:08:01,-0.321098,0.041375,False
2026-07-30,SCHW,finance,2026-07-30-live-7521e521,2026-07-30 21:08:01,-0.258149,0.031918,True
2026-07-30,SOFI,finance,2026-07-30-live-7521e521,2026-07-30 21:08:01,-0.220529,0.098968,True
2026-07-30,SPOT,software,2026-07-30-live-7521e521,2026-07-30 21:08:01,-0.315546,-0.090966,False
2026-07-30,TJX,consumer,2026-07-30-live-7521e521,2026-07-30 21:08:01,-0.243784,0.017581,False
2026-07-30,TSM,ai_chip,2026-07-30-live-7521e521,2026-07-30 21:08:01,-0.267084,0.03692,False
2026-07-30,TXN,ai_chip,2026-07-30-live-7521e521,2026-07-30 21:08:01,-0.153812,0.003852,True
2026-07-30,UNP,industrial,2026-07-30-live-7521e521,2026-07-30 21:08:01,-0.331763,0.020452,False
2026-07-30,V,finance,2026-07-30-live-7521e521,2026-07-30 21:08:01,-0.372139,0.011467,False
2026-07-30,WFC,finance,2026-07-30-live-7521e521,2026-07-30 21:08:01,-0.366575,0.025284,False
2026-07-30,WMT,consumer,2026-07-30-live-7521e521,2026-07-30 21:08:01,-0.024719,0.008731,True
2026-07-30,XLF,finance,2026-07-30-live-7521e521,2026-07-30 21:08:01,-0.443987,0.014211,False
2026-07-30,XLI,industrial,2026-07-30-live-7521e521,2026-07-30 21:08:01,-0.45729,0.035708,False
2026-07-30,XLY,consumer,2026-07-30-live-7521e521,2026-07-30 21:08:01,-0.447771,0.050805,False
2026-07-30,ZM,software,2026-07-30-live-7521e521,2026-07-30 21:08:01,-0.067629,0.09727,True
2026-07-31,ADI,ai_chip,2026-07-31-live-381747dd,2026-07-31 21:08:05,-0.255832,0.061593,False
2026-07-31,APH,industrial,2026-07-31-live-381747dd,2026-07-31 21:08:05,0.083265,0.053049,True
2026-07-31,ATI,industrial,2026-07-31-live-381747dd,2026-07-31 21:08:05,-0.005074,0.0,True
2026-07-31,AVGO,ai_chip,2026-07-31-live-381747dd,2026-07-31 21:08:05,-0.133114,0.098438,True
2026-07-31,AXP,finance,2026-07-31-live-381747dd,2026-07-31 21:08:05,-0.345689,0.014007,False
2026-07-31,BA,industrial,2026-07-31-live-381747dd,2026-07-31 21:08:05,-0.381762,0.0,False
2026-07-31,BAC,finance,2026-07-31-live-381747dd,2026-07-31 21:08:05,-0.39007,0.019613,False
2026-07-31,BLK,finance,2026-07-31-live-381747dd,2026-07-31 21:08:05,-0.417272,0.042269,False
2026-07-31,C,finance,2026-07-31-live-381747dd,2026-07-31 21:08:05,-0.297201,0.024289,False
2026-07-31,CAT,industrial,2026-07-31-live-381747dd,2026-07-31 21:08:05,-0.090246,0.03375,False
2026-07-31,CMG,consumer,2026-07-31-live-381747dd,2026-07-31 21:08:05,-0.288478,-0.118485,False
2026-07-31,CRM,software,2026-07-31-live-381747dd,2026-07-31 21:08:05,-0.127529,0.047223,True
2026-07-31,DE,industrial,2026-07-31-live-381747dd,2026-07-31 21:08:05,-0.370859,0.047683,False
2026-07-31,DLR,datacenter_hw,2026-07-31-live-381747dd,2026-07-31 21:08:05,-0.338104,0.027875,True
2026-07-31,EMR,industrial,2026-07-31-live-381747dd,2026-07-31 21:08:05,-0.546216,0.056001,False
2026-07-31,EQIX,datacenter_hw,2026-07-31-live-381747dd,2026-07-31 21:08:05,-0.390807,0.022732,True
2026-07-31,ETN,industrial,2026-07-31-live-381747dd,2026-07-31 21:08:05,-0.352067,0.080551,False
2026-07-31,FDX,industrial,2026-07-31-live-381747dd,2026-07-31 21:08:05,-0.030777,0.036272,True
2026-07-31,GE,industrial,2026-07-31-live-381747dd,2026-07-31 21:08:05,-0.131564,0.027897,False
2026-07-31,GM,consumer,2026-07-31-live-381747dd,2026-07-31 21:08:05,-0.332203,-0.014292,False
2026-07-31,GRMN,consumer,2026-07-31-live-381747dd,2026-07-31 21:08:05,-0.015484,0.058241,True
2026-07-31,GS,finance,2026-07-31-live-381747dd,2026-07-31 21:08:05,-0.296308,0.020699,False
2026-07-31,HD,consumer,2026-07-31-live-381747dd,2026-07-31 21:08:05,-0.168209,0.071394,False
2026-07-31,HLT,consumer,2026-07-31-live-381747dd,2026-07-31 21:08:05,-0.376481,-0.009423,False
2026-07-31,HON,industrial,2026-07-31-live-381747dd,2026-07-31 21:08:05,-0.429882,0.013001,False
2026-07-31,JPM,finance,2026-07-31-live-381747dd,2026-07-31 21:08:05,-0.363016,0.016302,False
2026-07-31,KO,consumer,2026-07-31-live-381747dd,2026-07-31 21:08:05,-0.431223,-0.006165,False
2026-07-31,LHX,industrial,2026-07-31-live-381747dd,2026-07-31 21:08:05,-0.459134,0.034541,False
2026-07-31,LMT,industrial,2026-07-31-live-381747dd,2026-07-31 21:08:05,-0.324386,0.008666,False
2026-07-31,MA,finance,2026-07-31-live-381747dd,2026-07-31 21:08:05,-0.355564,-0.018234,False
2026-07-31,MMM,industrial,2026-07-31-live-381747dd,2026-07-31 21:08:05,-0.29913,0.037554,False
2026-07-31,MO,consumer,2026-07-31-live-381747dd,2026-07-31 21:08:05,-0.047478,-0.000146,False
2026-07-31,MS,finance,2026-07-31-live-381747dd,2026-07-31 21:08:05,-0.349404,0.027707,False
2026-07-31,NVDA,ai_chip,2026-07-31-live-381747dd,2026-07-31 21:08:05,-0.184036,0.115616,False
2026-07-31,PANW,software,2026-07-31-live-381747dd,2026-07-31 21:08:05,0.139933,0.096525,True
2026-07-31,PG,consumer,2026-07-31-live-381747dd,2026-07-31 21:08:05,-0.366903,0.008859,False
2026-07-31,PH,industrial,2026-07-31-live-381747dd,2026-07-31 21:08:05,-0.393453,0.099669,False
2026-07-31,PM,consumer,2026-07-31-live-381747dd,2026-07-31 21:08:05,-0.058538,-0.006918,False
2026-07-31,PNC,finance,2026-07-31-live-381747dd,2026-07-31 21:08:05,-0.408217,0.010586,False
2026-07-31,PYPL,finance,2026-07-31-live-381747dd,2026-07-31 21:08:05,-0.01973,0.032512,True
2026-07-31,ROST,consumer,2026-07-31-live-381747dd,2026-07-31 21:08:05,-0.048149,0.016569,False
2026-07-31,RTX,industrial,2026-07-31-live-381747dd,2026-07-31 21:08:05,-0.272597,0.03601,False
2026-07-31,SCHW,finance,2026-07-31-live-381747dd,2026-07-31 21:08:05,-0.262475,0.022235,True
2026-07-31,SOFI,finance,2026-07-31-live-381747dd,2026-07-31 21:08:05,-0.212014,0.126916,True
2026-07-31,SPOT,software,2026-07-31-live-381747dd,2026-07-31 21:08:05,-0.344802,-0.022963,True
2026-07-31,TJX,consumer,2026-07-31-live-381747dd,2026-07-31 21:08:05,-0.250238,0.025168,False
2026-07-31,TSM,ai_chip,2026-07-31-live-381747dd,2026-07-31 21:08:05,-0.252822,0.038738,False
2026-07-31,TXN,ai_chip,2026-07-31-live-381747dd,2026-07-31 21:08:05,-0.149275,0.037499,True
2026-07-31,UNP,industrial,2026-07-31-live-381747dd,2026-07-31 21:08:05,-0.342104,0.003252,False
2026-07-31,V,finance,2026-07-31-live-381747dd,2026-07-31 21:08:05,-0.367772,-0.010215,False
2026-07-31,WFC,finance,2026-07-31-live-381747dd,2026-07-31 21:08:05,-0.362746,0.009138,False
2026-07-31,WMT,consumer,2026-07-31-live-381747dd,2026-07-31 21:08:05,-0.029303,0.005845,True
2026-07-31,XLF,finance,2026-07-31-live-381747dd,2026-07-31 21:08:05,-0.443987,0.011942,False
2026-07-31,XLI,industrial,2026-07-31-live-381747dd,2026-07-31 21:08:05,-0.45729,0.029526,False
2026-07-31,XLY,consumer,2026-07-31-live-381747dd,2026-07-31 21:08:05,-0.44505,0.032216,False
2026-08-03,ADI,ai_chip,2026-08-03-live-ff1f674a,2026-08-03 21:07:01,-0.170607,,False
2026-08-03,APH,industrial,2026-08-03-live-ff1f674a,2026-08-03 21:07:01,0.127676,,False
2026-08-03,ASML,ai_chip,2026-08-03-live-ff1f674a,2026-08-03 21:07:01,0.043019,,False
2026-08-03,ATI,industrial,2026-08-03-live-ff1f674a,2026-08-03 21:07:01,-0.001185,,False
2026-08-03,AVGO,ai_chip,2026-08-03-live-ff1f674a,2026-08-03 21:07:01,-0.130529,,False
2026-08-03,AXP,finance,2026-08-03-live-ff1f674a,2026-08-03 21:07:01,-0.346461,,False
2026-08-03,BA,industrial,2026-08-03-live-ff1f674a,2026-08-03 21:07:01,-0.378725,,False
2026-08-03,BAC,finance,2026-08-03-live-ff1f674a,2026-08-03 21:07:01,-0.408709,,False
2026-08-03,BLK,finance,2026-08-03-live-ff1f674a,2026-08-03 21:07:01,-0.394764,,False
2026-08-03,C,finance,2026-08-03-live-ff1f674a,2026-08-03 21:07:01,-0.338986,,False
2026-08-03,CAT,industrial,2026-08-03-live-ff1f674a,2026-08-03 21:07:01,-0.084947,,False
2026-08-03,CMG,consumer,2026-08-03-live-ff1f674a,2026-08-03 21:07:01,-0.289118,,False
2026-08-03,CRM,software,2026-08-03-live-ff1f674a,2026-08-03 21:07:01,-0.115903,,False
2026-08-03,CRWD,software,2026-08-03-live-ff1f674a,2026-08-03 21:07:01,0.303617,,False
2026-08-03,DE,industrial,2026-08-03-live-ff1f674a,2026-08-03 21:07:01,-0.361914,,False
2026-08-03,DLR,datacenter_hw,2026-08-03-live-ff1f674a,2026-08-03 21:07:01,-0.353668,,False
2026-08-03,EMR,industrial,2026-08-03-live-ff1f674a,2026-08-03 21:07:01,-0.529582,,False
2026-08-03,EQIX,datacenter_hw,2026-08-03-live-ff1f674a,2026-08-03 21:07:01,-0.413441,,False
2026-08-03,ETN,industrial,2026-08-03-live-ff1f674a,2026-08-03 21:07:01,-0.333699,,False
2026-08-03,FDX,industrial,2026-08-03-live-ff1f674a,2026-08-03 21:07:01,-0.012459,,False
2026-08-03,GE,industrial,2026-08-03-live-ff1f674a,2026-08-03 21:07:01,-0.217948,,False
2026-08-03,GM,consumer,2026-08-03-live-ff1f674a,2026-08-03 21:07:01,-0.334245,,False
2026-08-03,GRMN,consumer,2026-08-03-live-ff1f674a,2026-08-03 21:07:01,-0.003834,,False
2026-08-03,GS,finance,2026-08-03-live-ff1f674a,2026-08-03 21:07:01,-0.344701,,False
2026-08-03,HLT,consumer,2026-08-03-live-ff1f674a,2026-08-03 21:07:01,-0.34299,,False
2026-08-03,JPM,finance,2026-08-03-live-ff1f674a,2026-08-03 21:07:01,-0.363016,,False
2026-08-03,KO,consumer,2026-08-03-live-ff1f674a,2026-08-03 21:07:01,-0.400579,,False
2026-08-03,LHX,industrial,2026-08-03-live-ff1f674a,2026-08-03 21:07:01,-0.479706,,False
2026-08-03,LMT,industrial,2026-08-03-live-ff1f674a,2026-08-03 21:07:01,-0.338839,,False
2026-08-03,MA,finance,2026-08-03-live-ff1f674a,2026-08-03 21:07:01,-0.353184,,False
2026-08-03,MMM,industrial,2026-08-03-live-ff1f674a,2026-08-03 21:07:01,-0.313027,,False
2026-08-03,MO,consumer,2026-08-03-live-ff1f674a,2026-08-03 21:07:01,-0.104389,,False
2026-08-03,MS,finance,2026-08-03-live-ff1f674a,2026-08-03 21:07:01,-0.377826,,False
2026-08-03,NVDA,ai_chip,2026-08-03-live-ff1f674a,2026-08-03 21:07:01,-0.106517,,False
2026-08-03,PANW,software,2026-08-03-live-ff1f674a,2026-08-03 21:07:01,0.19475,,False
2026-08-03,PG,consumer,2026-08-03-live-ff1f674a,2026-08-03 21:07:01,-0.381728,,False
2026-08-03,PH,industrial,2026-08-03-live-ff1f674a,2026-08-03 21:07:01,-0.384017,,False
2026-08-03,PM,consumer,2026-08-03-live-ff1f674a,2026-08-03 21:07:01,-0.03447,,False
2026-08-03,PNC,finance,2026-08-03-live-ff1f674a,2026-08-03 21:07:01,-0.424588,,False
2026-08-03,PYPL,finance,2026-08-03-live-ff1f674a,2026-08-03 21:07:01,0.025184,,False
2026-08-03,ROST,consumer,2026-08-03-live-ff1f674a,2026-08-03 21:07:01,-0.054265,,False
2026-08-03,RTX,industrial,2026-08-03-live-ff1f674a,2026-08-03 21:07:01,-0.281169,,False
2026-08-03,SCHW,finance,2026-08-03-live-ff1f674a,2026-08-03 21:07:01,-0.259031,,False
2026-08-03,SOFI,finance,2026-08-03-live-ff1f674a,2026-08-03 21:07:01,-0.30059,,False
2026-08-03,SPOT,software,2026-08-03-live-ff1f674a,2026-08-03 21:07:01,-0.312183,,False
2026-08-03,TJX,consumer,2026-08-03-live-ff1f674a,2026-08-03 21:07:01,-0.231437,,False
2026-08-03,TSM,ai_chip,2026-08-03-live-ff1f674a,2026-08-03 21:07:01,-0.293041,,False
2026-08-03,TXN,ai_chip,2026-08-03-live-ff1f674a,2026-08-03 21:07:01,-0.147366,,False
2026-08-03,UNP,industrial,2026-08-03-live-ff1f674a,2026-08-03 21:07:01,-0.349245,,False
2026-08-03,V,finance,2026-08-03-live-ff1f674a,2026-08-03 21:07:01,-0.356368,,False
2026-08-03,WFC,finance,2026-08-03-live-ff1f674a,2026-08-03 21:07:01,-0.358831,,False
2026-08-03,WMT,consumer,2026-08-03-live-ff1f674a,2026-08-03 21:07:01,-0.024013,,False
2026-08-03,XLF,finance,2026-08-03-live-ff1f674a,2026-08-03 21:07:01,-0.458864,,False
2026-08-03,XLI,industrial,2026-08-03-live-ff1f674a,2026-08-03 21:07:01,-0.471166,,False
2026-08-03,XLY,consumer,2026-08-03-live-ff1f674a,2026-08-03 21:07:01,-0.459927,,False
2026-08-03,ZM,software,2026-08-03-live-ff1f674a,2026-08-03 21:07:01,-0.024639,,False
2026-08-04,ADI,ai_chip,2026-08-04-live-2f5d92df,2026-08-04 21:54:47,-0.261277,,False
2026-08-04,AFRM,finance,2026-08-04-live-2f5d92df,2026-08-04 21:54:47,-0.062814,,False
2026-08-04,APH,industrial,2026-08-04-live-2f5d92df,2026-08-04 21:54:47,0.074871,,False
2026-08-04,ASML,ai_chip,2026-08-04-live-2f5d92df,2026-08-04 21:54:47,-0.20388,,False
2026-08-04,ATI,industrial,2026-08-04-live-2f5d92df,2026-08-04 21:54:47,-0.208847,,False
2026-08-04,AVGO,ai_chip,2026-08-04-live-2f5d92df,2026-08-04 21:54:47,-0.240644,,False
2026-08-04,AXP,finance,2026-08-04-live-2f5d92df,2026-08-04 21:54:47,-0.383901,,False
2026-08-04,BA,industrial,2026-08-04-live-2f5d92df,2026-08-04 21:54:47,-0.367351,,False
2026-08-04,BAC,finance,2026-08-04-live-2f5d92df,2026-08-04 21:54:47,-0.331916,,False
2026-08-04,BLK,finance,2026-08-04-live-2f5d92df,2026-08-04 21:54:47,-0.295453,,False
2026-08-04,BWXT,industrial,2026-08-04-live-2f5d92df,2026-08-04 21:54:47,0.039454,,False
2026-08-04,C,finance,2026-08-04-live-2f5d92df,2026-08-04 21:54:47,-0.295588,,False
2026-08-04,CAT,industrial,2026-08-04-live-2f5d92df,2026-08-04 21:54:47,-0.125166,,False
2026-08-04,CMG,consumer,2026-08-04-live-2f5d92df,2026-08-04 21:54:47,-0.232477,,False
2026-08-04,CRM,software,2026-08-04-live-2f5d92df,2026-08-04 21:54:47,-0.164117,,False
2026-08-04,CRWD,software,2026-08-04-live-2f5d92df,2026-08-04 21:54:47,0.193067,,False
2026-08-04,DDOG,software,2026-08-04-live-2f5d92df,2026-08-04 21:54:47,0.137428,,False
2026-08-04,DE,industrial,2026-08-04-live-2f5d92df,2026-08-04 21:54:47,-0.427736,,False
2026-08-04,DLR,datacenter_hw,2026-08-04-live-2f5d92df,2026-08-04 21:54:47,-0.3371,,False
2026-08-04,EME,industrial,2026-08-04-live-2f5d92df,2026-08-04 21:54:47,-0.124212,,False
2026-08-04,EMR,industrial,2026-08-04-live-2f5d92df,2026-08-04 21:54:47,-0.39505,,False
2026-08-04,EQIX,datacenter_hw,2026-08-04-live-2f5d92df,2026-08-04 21:54:47,-0.388241,,False
2026-08-04,ETN,industrial,2026-08-04-live-2f5d92df,2026-08-04 21:54:47,-0.111671,,False
2026-08-04,FDX,industrial,2026-08-04-live-2f5d92df,2026-08-04 21:54:47,-0.341032,,False
2026-08-04,FTNT,software,2026-08-04-live-2f5d92df,2026-08-04 21:54:47,0.103429,,False
2026-08-04,GE,industrial,2026-08-04-live-2f5d92df,2026-08-04 21:54:47,-0.271722,,False
2026-08-04,GM,consumer,2026-08-04-live-2f5d92df,2026-08-04 21:54:47,-0.067189,,False
2026-08-04,GRMN,consumer,2026-08-04-live-2f5d92df,2026-08-04 21:54:47,-0.121261,,False
2026-08-04,GS,finance,2026-08-04-live-2f5d92df,2026-08-04 21:54:47,-0.313371,,False
2026-08-04,HLT,consumer,2026-08-04-live-2f5d92df,2026-08-04 21:54:47,-0.363617,,False
2026-08-04,JPM,finance,2026-08-04-live-2f5d92df,2026-08-04 21:54:47,-0.325613,,False
2026-08-04,KO,consumer,2026-08-04-live-2f5d92df,2026-08-04 21:54:47,-0.427769,,False
2026-08-04,LHX,industrial,2026-08-04-live-2f5d92df,2026-08-04 21:54:47,-0.373359,,False
2026-08-04,LMT,industrial,2026-08-04-live-2f5d92df,2026-08-04 21:54:47,-0.324887,,False
2026-08-04,LRCX,ai_chip,2026-08-04-live-2f5d92df,2026-08-04 21:54:47,-0.02407,,False
2026-08-04,MA,finance,2026-08-04-live-2f5d92df,2026-08-04 21:54:47,-0.369653,,False
2026-08-04,MCHP,ai_chip,2026-08-04-live-2f5d92df,2026-08-04 21:54:47,-0.009622,,False
2026-08-04,MMM,industrial,2026-08-04-live-2f5d92df,2026-08-04 21:54:47,-0.246116,,False
2026-08-04,MO,consumer,2026-08-04-live-2f5d92df,2026-08-04 21:54:47,-0.338291,,False
2026-08-04,MRVL,ai_chip,2026-08-04-live-2f5d92df,2026-08-04 21:54:47,0.097064,,False
2026-08-04,MS,finance,2026-08-04-live-2f5d92df,2026-08-04 21:54:47,-0.311125,,False
2026-08-04,NVDA,ai_chip,2026-08-04-live-2f5d92df,2026-08-04 21:54:47,0.084956,,False
2026-08-04,PANW,software,2026-08-04-live-2f5d92df,2026-08-04 21:54:47,0.048423,,False
2026-08-04,PG,consumer,2026-08-04-live-2f5d92df,2026-08-04 21:54:47,-0.415326,,False
2026-08-04,PH,industrial,2026-08-04-live-2f5d92df,2026-08-04 21:54:47,-0.362439,,False
2026-08-04,PM,consumer,2026-08-04-live-2f5d92df,2026-08-04 21:54:47,-0.372466,,False
2026-08-04,PNC,finance,2026-08-04-live-2f5d92df,2026-08-04 21:54:47,-0.344229,,False
2026-08-04,PYPL,finance,2026-08-04-live-2f5d92df,2026-08-04 21:54:47,-0.073878,,False
2026-08-04,ROST,consumer,2026-08-04-live-2f5d92df,2026-08-04 21:54:47,-0.266564,,False
2026-08-04,RTX,industrial,2026-08-04-live-2f5d92df,2026-08-04 21:54:47,-0.198714,,False
2026-08-04,SCHW,finance,2026-08-04-live-2f5d92df,2026-08-04 21:54:47,-0.266006,,False
2026-08-04,SOFI,finance,2026-08-04-live-2f5d92df,2026-08-04 21:54:47,0.089555,,False
2026-08-04,SPOT,software,2026-08-04-live-2f5d92df,2026-08-04 21:54:47,-0.270154,,False
2026-08-04,TJX,consumer,2026-08-04-live-2f5d92df,2026-08-04 21:54:47,-0.334323,,False
2026-08-04,TSM,ai_chip,2026-08-04-live-2f5d92df,2026-08-04 21:54:47,-0.301636,,False
2026-08-04,TXN,ai_chip,2026-08-04-live-2f5d92df,2026-08-04 21:54:47,-0.316521,,False
2026-08-04,UNP,industrial,2026-08-04-live-2f5d92df,2026-08-04 21:54:47,-0.405041,,False
2026-08-04,V,finance,2026-08-04-live-2f5d92df,2026-08-04 21:54:47,-0.430068,,False
2026-08-04,WFC,finance,2026-08-04-live-2f5d92df,2026-08-04 21:54:47,-0.26038,,False
2026-08-04,WMT,consumer,2026-08-04-live-2f5d92df,2026-08-04 21:54:47,-0.241123,,False
2026-08-04,XLF,finance,2026-08-04-live-2f5d92df,2026-08-04 21:54:47,-0.466601,,False
2026-08-04,XLI,industrial,2026-08-04-live-2f5d92df,2026-08-04 21:54:47,-0.473931,,False
2026-08-04,XLY,consumer,2026-08-04-live-2f5d92df,2026-08-04 21:54:47,-0.471101,,False
2026-08-04,ZM,software,2026-08-04-live-2f5d92df,2026-08-04 21:54:47,-0.17385,,False
2026-08-05,ADI,ai_chip,2026-08-05-live-2d99f969,2026-08-05 21:07:15,0.472932,,False
2026-08-05,AFRM,finance,2026-08-05-live-2d99f969,2026-08-05 21:07:15,-0.279942,,False
2026-08-05,APH,industrial,2026-08-05-live-2d99f969,2026-08-05 21:07:15,2.779359,,False
2026-08-05,ASML,ai_chip,2026-08-05-live-2d99f969,2026-08-05 21:07:15,2.060714,,False
2026-08-05,ATI,industrial,2026-08-05-live-2d99f969,2026-08-05 21:07:15,0.608846,,False
2026-08-05,AVGO,ai_chip,2026-08-05-live-2d99f969,2026-08-05 21:07:15,0.163531,,False
2026-08-05,AXP,finance,2026-08-05-live-2d99f969,2026-08-05 21:07:15,-2.057858,,False
2026-08-05,BA,industrial,2026-08-05-live-2d99f969,2026-08-05 21:07:15,-1.57713,,False
2026-08-05,BAC,finance,2026-08-05-live-2d99f969,2026-08-05 21:07:15,-0.084634,,False
2026-08-05,BLK,finance,2026-08-05-live-2d99f969,2026-08-05 21:07:15,-1.885131,,False
2026-08-05,BWXT,industrial,2026-08-05-live-2d99f969,2026-08-05 21:07:15,1.226244,,False
2026-08-05,C,finance,2026-08-05-live-2d99f969,2026-08-05 21:07:15,0.226153,,False
2026-08-05,CAT,industrial,2026-08-05-live-2d99f969,2026-08-05 21:07:15,1.93327,,False
2026-08-05,CMG,consumer,2026-08-05-live-2d99f969,2026-08-05 21:07:15,-1.283017,,False
2026-08-05,CRM,software,2026-08-05-live-2d99f969,2026-08-05 21:07:15,-0.943629,,False
2026-08-05,CRWD,software,2026-08-05-live-2d99f969,2026-08-05 21:07:15,3.002574,,False
2026-08-05,DDOG,software,2026-08-05-live-2d99f969,2026-08-05 21:07:15,1.106016,,False
2026-08-05,DE,industrial,2026-08-05-live-2d99f969,2026-08-05 21:07:15,-1.902946,,False
2026-08-05,DLR,datacenter_hw,2026-08-05-live-2d99f969,2026-08-05 21:07:15,-1.999758,,False
2026-08-05,EME,industrial,2026-08-05-live-2d99f969,2026-08-05 21:07:15,1.077082,,False
2026-08-05,EMR,industrial,2026-08-05-live-2d99f969,2026-08-05 21:07:15,-1.320727,,False
2026-08-05,EQIX,datacenter_hw,2026-08-05-live-2d99f969,2026-08-05 21:07:15,-1.088894,,False
2026-08-05,ETN,industrial,2026-08-05-live-2d99f969,2026-08-05 21:07:15,-0.126071,,False
2026-08-05,FDX,industrial,2026-08-05-live-2d99f969,2026-08-05 21:07:15,0.713459,,False
2026-08-05,FTNT,software,2026-08-05-live-2d99f969,2026-08-05 21:07:15,2.164319,,False
2026-08-05,GE,industrial,2026-08-05-live-2d99f969,2026-08-05 21:07:15,0.159588,,False
2026-08-05,GM,consumer,2026-08-05-live-2d99f969,2026-08-05 21:07:15,0.280357,,False
2026-08-05,GRMN,consumer,2026-08-05-live-2d99f969,2026-08-05 21:07:15,1.268648,,False
2026-08-05,GS,finance,2026-08-05-live-2d99f969,2026-08-05 21:07:15,0.106587,,False
2026-08-05,HLT,consumer,2026-08-05-live-2d99f969,2026-08-05 21:07:15,-1.692668,,False
2026-08-05,JPM,finance,2026-08-05-live-2d99f969,2026-08-05 21:07:15,-0.718213,,False
2026-08-05,KO,consumer,2026-08-05-live-2d99f969,2026-08-05 21:07:15,-1.283504,,False
2026-08-05,LHX,industrial,2026-08-05-live-2d99f969,2026-08-05 21:07:15,-1.641009,,False
2026-08-05,LMT,industrial,2026-08-05-live-2d99f969,2026-08-05 21:07:15,-0.673081,,False
2026-08-05,LRCX,ai_chip,2026-08-05-live-2d99f969,2026-08-05 21:07:15,4.052636,,False
2026-08-05,MA,finance,2026-08-05-live-2d99f969,2026-08-05 21:07:15,-2.209175,,False
2026-08-05,MCHP,ai_chip,2026-08-05-live-2d99f969,2026-08-05 21:07:15,-0.043105,,False
2026-08-05,MMM,industrial,2026-08-05-live-2d99f969,2026-08-05 21:07:15,-0.851427,,False
2026-08-05,MO,consumer,2026-08-05-live-2d99f969,2026-08-05 21:07:15,-0.146224,,False
2026-08-05,MRVL,ai_chip,2026-08-05-live-2d99f969,2026-08-05 21:07:15,3.918893,,False
2026-08-05,MS,finance,2026-08-05-live-2d99f969,2026-08-05 21:07:15,0.578272,,False
2026-08-05,NET,software,2026-08-05-live-2d99f969,2026-08-05 21:07:15,1.909667,,False
2026-08-05,NVDA,ai_chip,2026-08-05-live-2d99f969,2026-08-05 21:07:15,0.841456,,False
2026-08-05,PANW,software,2026-08-05-live-2d99f969,2026-08-05 21:07:15,2.327505,,False
2026-08-05,PG,consumer,2026-08-05-live-2d99f969,2026-08-05 21:07:15,-1.856585,,False
2026-08-05,PH,industrial,2026-08-05-live-2d99f969,2026-08-05 21:07:15,-0.479061,,False
2026-08-05,PM,consumer,2026-08-05-live-2d99f969,2026-08-05 21:07:15,-0.978011,,False
2026-08-05,PNC,finance,2026-08-05-live-2d99f969,2026-08-05 21:07:15,-1.32264,,False
2026-08-05,PYPL,finance,2026-08-05-live-2d99f969,2026-08-05 21:07:15,-1.547106,,False
2026-08-05,ROST,consumer,2026-08-05-live-2d99f969,2026-08-05 21:07:15,1.368087,,False
2026-08-05,RTX,industrial,2026-08-05-live-2d99f969,2026-08-05 21:07:15,0.626638,,False
2026-08-05,SCHW,finance,2026-08-05-live-2d99f969,2026-08-05 21:07:15,-0.369936,,False
2026-08-05,SOFI,finance,2026-08-05-live-2d99f969,2026-08-05 21:07:15,0.161754,,False
2026-08-05,SPOT,software,2026-08-05-live-2d99f969,2026-08-05 21:07:15,-2.024834,,False
2026-08-05,TJX,consumer,2026-08-05-live-2d99f969,2026-08-05 21:07:15,-0.029614,,False
2026-08-05,TSM,ai_chip,2026-08-05-live-2d99f969,2026-08-05 21:07:15,0.431137,,False
2026-08-05,TXN,ai_chip,2026-08-05-live-2d99f969,2026-08-05 21:07:15,-0.348593,,False
2026-08-05,UNP,industrial,2026-08-05-live-2d99f969,2026-08-05 21:07:15,-0.672989,,False
2026-08-05,V,finance,2026-08-05-live-2d99f969,2026-08-05 21:07:15,-2.657072,,False
2026-08-05,WFC,finance,2026-08-05-live-2d99f969,2026-08-05 21:07:15,-0.774646,,False
2026-08-05,WMT,consumer,2026-08-05-live-2d99f969,2026-08-05 21:07:15,0.066302,,False
2026-08-05,XLF,finance,2026-08-05-live-2d99f969,2026-08-05 21:07:15,-1.630581,,False
2026-08-05,XLI,industrial,2026-08-05-live-2d99f969,2026-08-05 21:07:15,-1.067139,,False
2026-08-05,XLY,consumer,2026-08-05-live-2d99f969,2026-08-05 21:07:15,-2.518075,,False
2026-08-05,ZM,software,2026-08-05-live-2d99f969,2026-08-05 21:07:15,0.400303,,False
2026-08-06,ADI,ai_chip,2026-08-06-live-6463d2cc,2026-08-06 11:43:59,0.476445,,False
2026-08-06,AFRM,finance,2026-08-06-live-6463d2cc,2026-08-06 11:43:59,-0.253908,,False
2026-08-06,APH,industrial,2026-08-06-live-6463d2cc,2026-08-06 11:43:59,2.811123,,False
2026-08-06,ASML,ai_chip,2026-08-06-live-6463d2cc,2026-08-06 11:43:59,2.074393,,False
2026-08-06,ATI,industrial,2026-08-06-live-6463d2cc,2026-08-06 11:43:59,0.61508,,False
2026-08-06,AVGO,ai_chip,2026-08-06-live-6463d2cc,2026-08-06 11:43:59,0.167743,,False
2026-08-06,AXP,finance,2026-08-06-live-6463d2cc,2026-08-06 11:43:59,-2.063778,,False
2026-08-06,BA,industrial,2026-08-06-live-6463d2cc,2026-08-06 11:43:59,-1.581663,,False
2026-08-06,BAC,finance,2026-08-06-live-6463d2cc,2026-08-06 11:43:59,-0.111713,,False
2026-08-06,BLK,finance,2026-08-06-live-6463d2cc,2026-08-06 11:43:59,-1.880319,,False
2026-08-06,BWXT,industrial,2026-08-06-live-6463d2cc,2026-08-06 11:43:59,1.255877,,False
2026-08-06,C,finance,2026-08-06-live-6463d2cc,2026-08-06 11:43:59,0.227443,,False
2026-08-06,CAT,industrial,2026-08-06-live-6463d2cc,2026-08-06 11:43:59,1.947505,,False
2026-08-06,CMG,consumer,2026-08-06-live-6463d2cc,2026-08-06 11:43:59,-1.276007,,False
2026-08-06,CRM,software,2026-08-06-live-6463d2cc,2026-08-06 11:43:59,-0.934822,,False
2026-08-06,CRWD,software,2026-08-06-live-6463d2cc,2026-08-06 11:43:59,3.050468,,False
2026-08-06,DDOG,software,2026-08-06-live-6463d2cc,2026-08-06 11:43:59,1.147967,,False
2026-08-06,DE,industrial,2026-08-06-live-6463d2cc,2026-08-06 11:43:59,-1.913375,,False
2026-08-06,DLR,datacenter_hw,2026-08-06-live-6463d2cc,2026-08-06 11:43:59,-2.001773,,False
2026-08-06,EME,industrial,2026-08-06-live-6463d2cc,2026-08-06 11:43:59,1.092486,,False
2026-08-06,EMR,industrial,2026-08-06-live-6463d2cc,2026-08-06 11:43:59,-1.325159,,False
2026-08-06,EQIX,datacenter_hw,2026-08-06-live-6463d2cc,2026-08-06 11:43:59,-1.096627,,False
2026-08-06,ETN,industrial,2026-08-06-live-6463d2cc,2026-08-06 11:43:59,-0.106531,,False
2026-08-06,FDX,industrial,2026-08-06-live-6463d2cc,2026-08-06 11:43:59,0.710829,,False
2026-08-06,FTNT,software,2026-08-06-live-6463d2cc,2026-08-06 11:43:59,2.185076,,False
2026-08-06,GE,industrial,2026-08-06-live-6463d2cc,2026-08-06 11:43:59,0.160865,,False
2026-08-06,GM,consumer,2026-08-06-live-6463d2cc,2026-08-06 11:43:59,0.303703,,False
2026-08-06,GRMN,consumer,2026-08-06-live-6463d2cc,2026-08-06 11:43:59,1.288962,,False
2026-08-06,GS,finance,2026-08-06-live-6463d2cc,2026-08-06 11:43:59,0.105681,,False
2026-08-06,HLT,consumer,2026-08-06-live-6463d2cc,2026-08-06 11:43:59,-1.697432,,False
2026-08-06,JPM,finance,2026-08-06-live-6463d2cc,2026-08-06 11:43:59,-0.718572,,False
2026-08-06,KO,consumer,2026-08-06-live-6463d2cc,2026-08-06 11:43:59,-1.268836,,False
2026-08-06,LHX,industrial,2026-08-06-live-6463d2cc,2026-08-06 11:43:59,-1.646875,,False
2026-08-06,LMT,industrial,2026-08-06-live-6463d2cc,2026-08-06 11:43:59,-0.671299,,False
2026-08-06,LRCX,ai_chip,2026-08-06-live-6463d2cc,2026-08-06 11:43:59,4.079383,,False
2026-08-06,MA,finance,2026-08-06-live-6463d2cc,2026-08-06 11:43:59,-2.213794,,False
2026-08-06,MCHP,ai_chip,2026-08-06-live-6463d2cc,2026-08-06 11:43:59,-0.057742,,False
2026-08-06,MMM,industrial,2026-08-06-live-6463d2cc,2026-08-06 11:43:59,-0.845462,,False
2026-08-06,MO,consumer,2026-08-06-live-6463d2cc,2026-08-06 11:43:59,-0.148459,,False
2026-08-06,MRVL,ai_chip,2026-08-06-live-6463d2cc,2026-08-06 11:43:59,3.911688,,False
2026-08-06,MS,finance,2026-08-06-live-6463d2cc,2026-08-06 11:43:59,0.579418,,False
2026-08-06,NET,software,2026-08-06-live-6463d2cc,2026-08-06 11:43:59,1.906026,,False
2026-08-06,NVDA,ai_chip,2026-08-06-live-6463d2cc,2026-08-06 11:43:59,0.826677,,False
2026-08-06,PANW,software,2026-08-06-live-6463d2cc,2026-08-06 11:43:59,2.315331,,False
2026-08-06,PG,consumer,2026-08-06-live-6463d2cc,2026-08-06 11:43:59,-1.867239,,False
2026-08-06,PH,industrial,2026-08-06-live-6463d2cc,2026-08-06 11:43:59,-0.483122,,False
2026-08-06,PM,consumer,2026-08-06-live-6463d2cc,2026-08-06 11:43:59,-0.955836,,False
2026-08-06,PNC,finance,2026-08-06-live-6463d2cc,2026-08-06 11:43:59,-1.329791,,False
2026-08-06,PYPL,finance,2026-08-06-live-6463d2cc,2026-08-06 11:43:59,-1.525712,,False
2026-08-06,ROST,consumer,2026-08-06-live-6463d2cc,2026-08-06 11:43:59,1.372988,,False
2026-08-06,RTX,industrial,2026-08-06-live-6463d2cc,2026-08-06 11:43:59,0.637978,,False
2026-08-06,SCHW,finance,2026-08-06-live-6463d2cc,2026-08-06 11:43:59,-0.366323,,False
2026-08-06,SOFI,finance,2026-08-06-live-6463d2cc,2026-08-06 11:43:59,0.196424,,False
2026-08-06,SPOT,software,2026-08-06-live-6463d2cc,2026-08-06 11:43:59,-2.011868,,False
2026-08-06,TJX,consumer,2026-08-06-live-6463d2cc,2026-08-06 11:43:59,-0.030313,,False
2026-08-06,TSM,ai_chip,2026-08-06-live-6463d2cc,2026-08-06 11:43:59,0.436358,,False
2026-08-06,TXN,ai_chip,2026-08-06-live-6463d2cc,2026-08-06 11:43:59,-0.351875,,False
2026-08-06,UNP,industrial,2026-08-06-live-6463d2cc,2026-08-06 11:43:59,-0.684043,,False
2026-08-06,V,finance,2026-08-06-live-6463d2cc,2026-08-06 11:43:59,-2.666673,,False
2026-08-06,WFC,finance,2026-08-06-live-6463d2cc,2026-08-06 11:43:59,-0.770317,,False
2026-08-06,WMT,consumer,2026-08-06-live-6463d2cc,2026-08-06 11:43:59,-0.014732,,False
2026-08-06,XLF,finance,2026-08-06-live-6463d2cc,2026-08-06 11:43:59,-1.619013,,False
2026-08-06,XLI,industrial,2026-08-06-live-6463d2cc,2026-08-06 11:43:59,-1.056408,,False
2026-08-06,XLY,consumer,2026-08-06-live-6463d2cc,2026-08-06 11:43:59,-2.506899,,False
2026-08-06,ZM,software,2026-08-06-live-6463d2cc,2026-08-06 11:43:59,0.411413,,False
2026-08-07,ADI,ai_chip,2026-08-07-live-1e3a1fb0,2026-08-07 21:06:30,0.264359,,False
2026-08-07,AFRM,finance,2026-08-07-live-1e3a1fb0,2026-08-07 21:06:30,-0.163963,,False
2026-08-07,ANET,datacenter_hw,2026-08-07-live-1e3a1fb0,2026-08-07 21:06:30,1.730608,,False
2026-08-07,APH,industrial,2026-08-07-live-1e3a1fb0,2026-08-07 21:06:30,2.901088,,False
2026-08-07,ASML,ai_chip,2026-08-07-live-1e3a1fb0,2026-08-07 21:06:30,1.972114,,False
2026-08-07,ATI,industrial,2026-08-07-live-1e3a1fb0,2026-08-07 21:06:30,2.151275,,False
2026-08-07,AVGO,ai_chip,2026-08-07-live-1e3a1fb0,2026-08-07 21:06:30,0.243186,,False
2026-08-07,AXP,finance,2026-08-07-live-1e3a1fb0,2026-08-07 21:06:30,-1.926185,,False
2026-08-07,BA,industrial,2026-08-07-live-1e3a1fb0,2026-08-07 21:06:30,-1.549011,,False
2026-08-07,BAC,finance,2026-08-07-live-1e3a1fb0,2026-08-07 21:06:30,-0.069675,,False
2026-08-07,BLK,finance,2026-08-07-live-1e3a1fb0,2026-08-07 21:06:30,-1.791824,,False
2026-08-07,BWXT,industrial,2026-08-07-live-1e3a1fb0,2026-08-07 21:06:30,1.267867,,False
2026-08-07,C,finance,2026-08-07-live-1e3a1fb0,2026-08-07 21:06:30,0.442007,,False
2026-08-07,CAT,industrial,2026-08-07-live-1e3a1fb0,2026-08-07 21:06:30,2.07311,,False
2026-08-07,CMG,consumer,2026-08-07-live-1e3a1fb0,2026-08-07 21:06:30,-1.283645,,False
2026-08-07,CRM,software,2026-08-07-live-1e3a1fb0,2026-08-07 21:06:30,-0.927444,,False
2026-08-07,CRWD,software,2026-08-07-live-1e3a1fb0,2026-08-07 21:06:30,3.049001,,False
2026-08-07,DE,industrial,2026-08-07-live-1e3a1fb0,2026-08-07 21:06:30,-1.864644,,False
2026-08-07,DLR,datacenter_hw,2026-08-07-live-1e3a1fb0,2026-08-07 21:06:30,-2.158998,,False
2026-08-07,EME,industrial,2026-08-07-live-1e3a1fb0,2026-08-07 21:06:30,1.04763,,False
2026-08-07,EMR,industrial,2026-08-07-live-1e3a1fb0,2026-08-07 21:06:30,-1.14712,,False
2026-08-07,EQIX,datacenter_hw,2026-08-07-live-1e3a1fb0,2026-08-07 21:06:30,-1.056233,,False
2026-08-07,ETN,industrial,2026-08-07-live-1e3a1fb0,2026-08-07 21:06:30,0.192139,,False
2026-08-07,FDX,industrial,2026-08-07-live-1e3a1fb0,2026-08-07 21:06:30,0.685261,,False
2026-08-07,FTNT,software,2026-08-07-live-1e3a1fb0,2026-08-07 21:06:30,2.178784,,False
2026-08-07,GE,industrial,2026-08-07-live-1e3a1fb0,2026-08-07 21:06:30,0.846394,,False
2026-08-07,GM,consumer,2026-08-07-live-1e3a1fb0,2026-08-07 21:06:30,0.428741,,False
2026-08-07,GRMN,consumer,2026-08-07-live-1e3a1fb0,2026-08-07 21:06:30,1.367132,,False
2026-08-07,GS,finance,2026-08-07-live-1e3a1fb0,2026-08-07 21:06:30,0.416659,,False
2026-08-07,HLT,consumer,2026-08-07-live-1e3a1fb0,2026-08-07 21:06:30,-1.687931,,False
2026-08-07,JPM,finance,2026-08-07-live-1e3a1fb0,2026-08-07 21:06:30,-0.712485,,False
2026-08-07,KO,consumer,2026-08-07-live-1e3a1fb0,2026-08-07 21:06:30,-1.27442,,False
2026-08-07,LHX,industrial,2026-08-07-live-1e3a1fb0,2026-08-07 21:06:30,-1.567175,,False
2026-08-07,LMT,industrial,2026-08-07-live-1e3a1fb0,2026-08-07 21:06:30,-0.757055,,False
2026-08-07,LRCX,ai_chip,2026-08-07-live-1e3a1fb0,2026-08-07 21:06:30,4.174796,,False
2026-08-07,MA,finance,2026-08-07-live-1e3a1fb0,2026-08-07 21:06:30,-2.256116,,False
2026-08-07,MMM,industrial,2026-08-07-live-1e3a1fb0,2026-08-07 21:06:30,-0.733177,,False
2026-08-07,MO,consumer,2026-08-07-live-1e3a1fb0,2026-08-07 21:06:30,0.264989,,False
2026-08-07,MS,finance,2026-08-07-live-1e3a1fb0,2026-08-07 21:06:30,0.5801,,False
2026-08-07,NET,software,2026-08-07-live-1e3a1fb0,2026-08-07 21:06:30,2.396621,,False
2026-08-07,NVDA,ai_chip,2026-08-07-live-1e3a1fb0,2026-08-07 21:06:30,0.991689,,False
2026-08-07,PANW,software,2026-08-07-live-1e3a1fb0,2026-08-07 21:06:30,2.174046,,False
2026-08-07,PG,consumer,2026-08-07-live-1e3a1fb0,2026-08-07 21:06:30,-1.8941,,False
2026-08-07,PH,industrial,2026-08-07-live-1e3a1fb0,2026-08-07 21:06:30,-0.29552,,False
2026-08-07,PM,consumer,2026-08-07-live-1e3a1fb0,2026-08-07 21:06:30,-1.159484,,False
2026-08-07,PNC,finance,2026-08-07-live-1e3a1fb0,2026-08-07 21:06:30,-1.165044,,False
2026-08-07,PYPL,finance,2026-08-07-live-1e3a1fb0,2026-08-07 21:06:30,-1.667054,,False
2026-08-07,ROST,consumer,2026-08-07-live-1e3a1fb0,2026-08-07 21:06:30,1.56404,,False
2026-08-07,RTX,industrial,2026-08-07-live-1e3a1fb0,2026-08-07 21:06:30,0.754863,,False
2026-08-07,SCHW,finance,2026-08-07-live-1e3a1fb0,2026-08-07 21:06:30,-0.546974,,False
2026-08-07,SOFI,finance,2026-08-07-live-1e3a1fb0,2026-08-07 21:06:30,0.12747,,False
2026-08-07,SPOT,software,2026-08-07-live-1e3a1fb0,2026-08-07 21:06:30,-2.237871,,False
2026-08-07,TJX,consumer,2026-08-07-live-1e3a1fb0,2026-08-07 21:06:30,0.002922,,False
2026-08-07,TSM,ai_chip,2026-08-07-live-1e3a1fb0,2026-08-07 21:06:30,-0.047912,,False
2026-08-07,TXN,ai_chip,2026-08-07-live-1e3a1fb0,2026-08-07 21:06:30,-0.698866,,False
2026-08-07,UNP,industrial,2026-08-07-live-1e3a1fb0,2026-08-07 21:06:30,-0.746889,,False
2026-08-07,V,finance,2026-08-07-live-1e3a1fb0,2026-08-07 21:06:30,-2.508887,,False
2026-08-07,WFC,finance,2026-08-07-live-1e3a1fb0,2026-08-07 21:06:30,-0.735243,,False
2026-08-07,WMT,consumer,2026-08-07-live-1e3a1fb0,2026-08-07 21:06:30,-0.118941,,False
2026-08-07,XLF,finance,2026-08-07-live-1e3a1fb0,2026-08-07 21:06:30,-1.585895,,False
2026-08-07,XLI,industrial,2026-08-07-live-1e3a1fb0,2026-08-07 21:06:30,-1.057545,,False
2026-08-07,XLY,consumer,2026-08-07-live-1e3a1fb0,2026-08-07 21:06:30,-2.521747,,False
2026-08-07,ZM,software,2026-08-07-live-1e3a1fb0,2026-08-07 21:06:30,0.46382,,False
