arm,h,obs_index,date,placebo_score_date,block,units,n_pairs_genuine_leg_only,n_pairs_placebo_leg_only,kept,n_pairs_shared,spread_gen,spread_pla,delta,n_flagged_unadjusted,ic_genuine,ic_placebo,cost_drag,delta_net
W,20,0,2021-07-01,2021-05-05,0,raw_excess,140,139,True,139,0.0642657076419133,0.03373270484040843,0.030533002801504873,97,-0.006416729970061217,-0.015724563206577592,,
W,20,1,2021-07-09,2021-05-12,0,raw_excess,140,139,True,139,0.04674709308526656,0.031809438694750655,0.014937654390515906,95,0.03489432056839001,0.07089682291433932,,
W,20,2,2021-07-16,2021-05-19,0,raw_excess,140,139,True,139,0.03131646193427616,0.04763020768248563,-0.01631374574820947,94,0.16105277268868134,0.14703963537244738,,
W,20,3,2021-07-23,2021-05-26,0,raw_excess,142,139,True,139,0.0063013579660218064,0.01632702770249186,-0.010025669736470054,75,-0.06250530633829032,-0.017190242180450177,,
W,20,4,2021-07-30,2021-06-03,1,raw_excess,142,139,True,139,0.04576396802947886,0.02598690725472707,0.01977706077475179,60,0.15929219357433305,0.17720184101166267,,
W,20,5,2021-08-06,2021-06-10,1,raw_excess,142,139,True,139,0.011257277040865987,-0.009821793838715466,0.021079070879581455,71,0.16406899325260288,0.11592117610259618,,
W,20,6,2021-08-13,2021-06-17,1,raw_excess,143,140,True,140,-0.021457292575632503,0.00706924715393455,-0.028526539729567053,84,0.20976143097679914,0.20531805558592642,,
W,20,7,2021-08-20,2021-06-24,1,raw_excess,143,140,True,140,0.0220537435570621,0.01732455902728746,0.004729184529774638,56,0.36393693555793666,0.3652883164592946,,
W,20,8,2021-08-27,2021-07-01,2,raw_excess,143,140,True,140,0.0188932987549112,-0.006594987977532403,0.0254882867324436,55,0.2574052612013733,0.24020904856661787,,
W,20,9,2021-09-03,2021-07-09,2,raw_excess,143,140,True,140,0.01031425443387965,0.007648072387496838,0.0026661820463828112,73,0.011370842535697888,-0.07930725328551749,,
W,20,10,2021-09-13,2021-07-16,2,raw_excess,143,140,True,140,0.04339740864853448,0.07999937293017889,-0.03660196428164441,70,0.10381579235092173,0.11359909033259716,,
W,20,11,2021-09-20,2021-07-23,2,raw_excess,143,142,True,142,0.05074303958969193,0.07881202646799222,-0.02806898687830029,57,0.17811526202296354,0.21309166808307214,,
W,20,12,2021-09-27,2021-07-30,3,raw_excess,143,142,True,142,-0.0031311530539694073,0.07344129637471614,-0.07657244942868555,58,0.15894055001037322,0.21470438461748023,,
W,20,13,2021-10-04,2021-08-06,3,raw_excess,143,142,True,142,0.03611530033881748,0.07460961552458019,-0.03849431518576271,83,0.43073109090489975,0.3780310190259247,,
W,20,14,2021-10-11,2021-08-13,3,raw_excess,143,143,True,143,0.09377203058264992,0.07907427986065416,0.014697750721995764,64,0.43787550477691317,0.343420663843199,,
W,20,15,2021-10-18,2021-08-20,3,raw_excess,143,143,True,143,0.06617269796550902,0.03294229656573683,0.033230401399772194,66,0.30634860216680554,0.19683837289471093,,
W,20,16,2021-10-25,2021-08-27,4,raw_excess,143,143,True,143,0.0641333809190621,-0.0103859241295931,0.0745193050486552,78,0.14042237105617386,0.06480432712827078,,
W,20,17,2021-11-01,2021-09-03,4,raw_excess,143,143,True,143,0.05117533889392333,0.01145573946460195,0.03971959942932138,76,0.0516719196296661,0.08725253619619817,,
W,20,18,2021-11-08,2021-09-13,4,raw_excess,143,143,True,143,-0.02672699216315686,-0.031077113189305526,0.004350121026148665,74,-0.2555484421681605,-0.2301700646771069,,
W,20,19,2021-11-15,2021-09-20,4,raw_excess,143,143,True,143,-0.011840864603951739,-0.020218383211213126,0.008377518607261387,71,-0.3519485209626055,-0.3743844183985029,,
W,20,20,2021-11-22,2021-09-27,5,raw_excess,143,143,True,143,0.0001039831602876874,0.02539834239014947,-0.02529435922986178,57,-0.210799763616665,-0.1871285991004301,,
W,20,21,2021-11-30,2021-10-04,5,raw_excess,143,143,True,143,0.01529624892125217,0.004999027523513665,0.010297221397738504,72,-0.20014609803342198,-0.23033421977083948,,
W,20,22,2021-12-07,2021-10-11,5,raw_excess,143,143,True,143,0.03732794003946902,-0.007072664310777186,0.04440060435024621,79,-0.2825522449772542,-0.3169096162053908,,
W,20,23,2021-12-14,2021-10-18,5,raw_excess,143,143,True,143,0.008944667538463874,0.000756399409249351,0.008188268129214523,100,-0.2095482960171906,-0.21291347889128429,,
W,20,24,2021-12-21,2021-10-25,6,raw_excess,143,143,True,143,-0.0036934415970450232,-0.03509343259494577,0.031399990997900744,61,-0.3947847926721166,-0.37954709609639187,,
W,20,25,2021-12-29,2021-11-01,6,raw_excess,143,143,True,143,-0.0468175700344961,-0.03327739413090739,-0.013540175903588712,56,-0.4877088873567747,-0.3949776749072523,,
W,20,26,2022-01-05,2021-11-08,6,raw_excess,143,143,True,143,0.012305878264966255,0.04130920377648015,-0.02900332551151389,63,-0.3833062477428674,-0.2960167766505794,,
W,20,27,2022-01-12,2021-11-15,6,raw_excess,143,143,True,143,0.015556295058134908,0.027438433465377957,-0.011882138407243049,68,-0.10816179126038279,-0.10620013789027871,,
W,20,28,2022-01-20,2021-11-22,7,raw_excess,143,143,True,143,0.019945262682890826,0.03234235819796704,-0.012397095515076215,77,-0.026724449259660523,-0.011507272070652351,,
W,20,29,2022-01-27,2021-11-30,7,raw_excess,143,143,True,143,0.027725009409101765,0.04640523508563999,-0.018680225676538226,73,0.15820447158475326,0.15431809974063493,,
W,20,30,2022-02-03,2021-12-07,7,raw_excess,143,143,True,143,0.04870601638962774,0.07704267077369106,-0.028336654384063326,55,-0.16507025838011755,-0.10333573752399798,,
W,20,31,2022-02-10,2021-12-14,7,raw_excess,143,143,True,143,0.07852114221466865,0.06270650355200227,0.015814638662666372,52,-0.34132358252076556,-0.3200288913263069,,
W,20,32,2022-02-17,2021-12-21,8,raw_excess,143,143,True,143,0.07869624072002751,0.045990057605111566,0.032706183114915945,52,-0.06692192783742079,-0.07015578318395219,,
W,20,33,2022-02-25,2021-12-29,8,raw_excess,143,143,True,143,0.03819906268898957,0.051062069425714826,-0.012863006736725253,55,-0.13438556748415903,-0.05928050822417019,,
W,20,34,2022-03-04,2022-01-05,8,raw_excess,143,143,True,143,0.04054711444374863,0.011762359220248212,0.028784755223500418,70,0.18332020092583473,0.1738525558948094,,
W,20,35,2022-03-11,2022-01-12,8,raw_excess,143,143,True,143,-0.003991572606908814,0.04187539027096174,-0.04586696287787055,60,-0.01679716996618405,0.05486884008010768,,
W,20,36,2022-03-18,2022-01-20,9,raw_excess,143,143,True,143,-0.0017290748409733558,0.029331283648919963,-0.031060358489893317,50,-0.3390336189631964,-0.348361732164549,,
W,20,37,2022-03-25,2022-01-27,9,raw_excess,143,143,True,143,-0.015743539005945616,-0.011708495227042263,-0.004035043778903354,47,-0.38959338783282443,-0.3899340096523195,,
W,20,38,2022-04-01,2022-02-03,9,raw_excess,143,143,True,143,0.019104609898486506,-0.0036716519270985166,0.022776261825585023,55,-0.3540127712662924,-0.41037131882202305,,
W,20,39,2022-04-08,2022-02-10,9,raw_excess,143,143,True,143,0.006237520929364361,0.008508616925029392,-0.0022710959956650303,54,-0.3108833912837244,-0.3882185889228143,,
W,20,40,2022-04-18,2022-02-17,10,raw_excess,143,143,True,143,0.050367168935163034,0.022771557498297148,0.027595611436865886,72,-0.22360796480514789,-0.24033947273383893,,
W,20,41,2022-04-25,2022-02-25,10,raw_excess,143,143,True,143,-0.012624329204217034,-0.028617241229545037,0.015992912025328,70,-0.08327587905052693,-0.15620177944121605,,
W,20,42,2022-05-02,2022-03-04,10,raw_excess,143,143,True,143,0.033342564067073074,-0.03715141365365769,0.07049397772073077,59,-0.037837749105354736,-0.0373863225975902,,
W,20,43,2022-05-09,2022-03-11,10,raw_excess,143,143,True,143,0.01681360235834883,0.05593979873291541,-0.039126196374566574,45,0.3678715650546636,0.4551446206375784,,
W,20,44,2022-05-16,2022-03-18,11,raw_excess,143,143,True,143,-0.03745855447557743,-0.06254396662282243,0.025085412147244995,58,-0.13265783512262383,0.00332414064808431,,
W,20,45,2022-05-23,2022-03-25,11,raw_excess,143,143,True,143,-0.028713013126677227,-0.026623121013158942,-0.0020898921135182845,52,0.04024262122853672,-0.10970074526412556,,
W,20,46,2022-05-31,2022-04-01,11,raw_excess,143,143,True,143,-0.02060849813129735,-0.04397340949460604,0.02336491136330869,55,-0.12642814931547325,-0.2711390721954102,,
W,20,47,2022-06-07,2022-04-08,11,raw_excess,143,143,True,143,-0.03227503137470137,-0.02876525170573635,-0.00350977966896502,66,-0.020228011425194523,-0.15143117739343778,,
W,20,48,2022-06-14,2022-04-18,12,raw_excess,143,143,True,143,0.011666087702065465,-0.0197144510455552,0.031380538747620666,49,0.008096949998358447,-0.06710249844052661,,
W,20,49,2022-06-22,2022-04-25,12,raw_excess,143,143,True,143,0.06072103740459272,0.0576219265210894,0.0030991108835033213,57,0.47554499491119206,0.4423897698545585,,
W,20,50,2022-06-29,2022-05-02,12,raw_excess,143,143,True,143,0.05197120755574919,0.05810610896386796,-0.006134901408118773,54,0.3518664434157392,0.2355748711382514,,
W,20,51,2022-07-07,2022-05-09,12,raw_excess,143,143,True,143,0.04713846750911836,0.10782369357667339,-0.060685226067555026,56,0.3598854197445746,0.297879936964444,,
W,20,52,2022-07-14,2022-05-16,13,raw_excess,143,143,True,143,0.0947164749784282,0.1555253712585576,-0.06080889628012939,87,0.5051175350471124,0.5132760432056206,,
W,20,53,2022-07-21,2022-05-23,13,raw_excess,143,143,True,143,0.06451464060622841,0.08250504803292566,-0.017990407426697247,106,0.07293000426803244,0.1036064874093043,,
W,20,54,2022-07-28,2022-05-31,13,raw_excess,143,143,True,143,0.06102276829961809,0.061831207739788986,-0.0008084394401708939,100,0.29325897107587245,0.27104468301651397,,
W,20,55,2022-08-04,2022-06-07,13,raw_excess,143,143,True,143,0.003822293810640264,-0.014150564725263513,0.017972858535903777,87,-0.18397271742342164,-0.22531928165730983,,
W,20,56,2022-08-11,2022-06-14,14,raw_excess,143,143,True,143,-0.007025526143976528,0.022701534265700214,-0.029727060409676744,89,-0.227178338093831,-0.20768902459043304,,
W,20,57,2022-08-18,2022-06-22,14,raw_excess,143,143,True,143,0.0063011498057671065,0.022753696243999127,-0.01645254643823202,86,-0.2794535276929643,-0.27095029383761776,,
W,20,58,2022-08-25,2022-06-29,14,raw_excess,143,143,True,143,-0.0027797178295593614,0.00650857229414354,-0.009288290123702901,90,-0.42285531370038415,-0.4438261269247184,,
W,20,59,2022-09-01,2022-07-07,14,raw_excess,143,143,True,143,-0.004375620840455606,0.012482785642383953,-0.01685840648283956,123,-0.05007551134311697,-0.09003496503496503,,
W,20,60,2022-09-09,2022-07-14,15,raw_excess,143,143,True,143,-0.0002786132824407377,-0.005610399587028933,0.005331786304588195,88,-0.1483141271873666,-0.18006582619258676,,
W,20,61,2022-09-16,2022-07-21,15,raw_excess,143,143,True,143,0.012196803400194927,0.03279219341018187,-0.020595390009986947,59,-0.3013723365836042,-0.23503726320627727,,
W,20,62,2022-09-23,2022-07-28,15,raw_excess,143,143,True,143,0.027849294182017224,0.06684339620113795,-0.03899410201912073,89,0.0940383938639258,0.14758378843677583,,
W,20,63,2022-09-30,2022-08-04,15,raw_excess,143,143,True,143,0.07639480872777112,0.051360040983080085,0.02503476774469103,82,0.037004662004662,0.06299451721986933,,
W,20,64,2022-10-07,2022-08-11,16,raw_excess,143,143,True,143,0.10690171090838889,0.02832162408921224,0.07858008681917665,94,-0.11624642962671132,-0.18529826980531205,,
W,20,65,2022-10-14,2022-08-18,16,raw_excess,143,143,True,143,0.12745219960286272,0.08854646779294237,0.03890573180992035,55,0.2564882300797794,0.2283766702780787,,
W,20,66,2022-10-21,2022-08-25,16,raw_excess,143,143,True,143,0.0484764996312069,-0.00514109541413527,0.05361759504534217,44,-0.03978298696608556,-0.1256525164975869,,
W,20,67,2022-10-28,2022-09-01,16,raw_excess,143,143,True,143,0.01780906762377503,0.016458588750119546,0.0013504788736554835,46,-0.1160699629009488,-0.128032765356709,,
W,20,68,2022-11-04,2022-09-09,17,raw_excess,143,143,True,143,-0.02671778641830012,-0.03840934656510272,0.011691560146802598,64,-0.0034554647230703567,-0.027450835549427097,,
W,20,69,2022-11-11,2022-09-16,17,raw_excess,143,143,True,143,-0.010066044745610205,-0.031163905922715795,0.02109786117710559,52,-0.25670983945631826,-0.35553120588331855,,
W,20,70,2022-11-18,2022-09-23,17,raw_excess,143,143,True,143,0.0007609981778873437,-0.009237527227395714,0.009998525405283058,64,-0.2126095735250665,-0.3359351915689943,,
W,20,71,2022-11-28,2022-09-30,17,raw_excess,143,143,True,143,0.009183852017914586,-0.02880741090289187,0.03799126292080646,47,-0.21308562329689087,-0.29619734725368524,,
W,20,72,2022-12-05,2022-10-07,18,raw_excess,143,143,True,143,-0.012147575468785914,0.002075134620576554,-0.014222710089362468,60,-0.08180258708427722,-0.039536754325486714,,
W,20,73,2022-12-12,2022-10-14,18,raw_excess,143,143,True,143,-0.014196891489061902,0.008592796565709658,-0.022789688054771558,61,0.09463541153681998,0.07194507370563707,,
W,20,74,2022-12-19,2022-10-21,18,raw_excess,143,143,True,143,0.060235000445153807,0.013166591010193553,0.047068409434960254,49,0.2713278505532027,0.31581798483206935,,
W,20,75,2022-12-27,2022-10-28,18,raw_excess,143,143,True,143,0.09052839335541937,0.05467626631184868,0.03585212704357069,59,0.5744361272530287,0.5157712006303554,,
W,20,76,2023-01-04,2022-11-04,19,raw_excess,143,143,True,143,0.1881755561003629,0.0777590076874406,0.11041654841292231,61,0.6068444466331789,0.5926327193932827,,
W,20,77,2023-01-11,2022-11-11,19,raw_excess,143,143,True,143,0.04387317530933407,0.08289043178617148,-0.0390172564768374,67,0.5612052266981844,0.4712195081913392,,
W,20,78,2023-01-19,2022-11-18,19,raw_excess,143,143,True,143,0.0691557581643451,0.06693309952775968,0.0022226586365854256,63,0.4863053613053613,0.42039298729439567,,
W,20,79,2023-01-26,2022-11-28,19,raw_excess,143,143,True,143,0.03980813787649578,0.0009632597788346146,0.03884487809766116,64,0.14915284843574123,0.0379731770576841,,
W,20,80,2023-02-02,2022-12-05,20,raw_excess,143,143,True,143,0.020245585007249895,-0.029307702622080226,0.04955328762933012,122,-0.13522508787473858,-0.21407876161397288,,
W,20,81,2023-02-09,2022-12-12,20,raw_excess,143,143,True,143,0.0062190971272643066,-0.013699547041444892,0.0199186441687092,92,-0.20327325256902717,-0.28497734659706486,,
W,20,82,2023-02-16,2022-12-19,20,raw_excess,143,143,True,143,0.058783859877488534,0.034379888056984956,0.02440397182050358,64,-0.021824419711743655,-0.1593289339768213,,
W,20,83,2023-02-24,2022-12-27,20,raw_excess,143,143,True,143,0.054009967924012914,0.024095621104976147,0.029914346819036767,95,0.13299654145389056,0.02721281066351489,,
W,20,84,2023-03-03,2023-01-04,21,raw_excess,143,143,True,143,0.04099518150669963,0.008626607670395688,0.03236857383630394,75,0.1867920811582783,0.14984487343642272,,
W,20,85,2023-03-10,2023-01-11,21,raw_excess,143,143,True,143,0.029085798249046953,0.039454847397137414,-0.010369049148090462,80,0.13083981745953577,0.1625381660592928,,
W,20,86,2023-03-17,2023-01-19,21,raw_excess,143,143,True,143,0.024437481173539968,-0.005677627583456741,0.03011510875699671,62,0.03148905085524804,-0.07306953609770511,,
W,20,87,2023-03-24,2023-01-26,21,raw_excess,143,143,True,143,-0.016173201564542036,-0.03700824864875425,0.020835047084212216,78,-0.26229932039791193,-0.38525749018625977,,
W,20,88,2023-03-31,2023-02-02,22,raw_excess,143,143,True,143,0.009809285262986703,0.016109812106657236,-0.0063005268436705335,66,-0.2821579828622082,-0.3554211304981597,,
W,20,89,2023-04-10,2023-02-09,22,raw_excess,143,143,True,143,0.052836174604455735,0.08413767122178777,-0.03130149661733203,63,-0.034772152729899204,-0.02145096687350208,,
W,20,90,2023-04-17,2023-02-16,22,raw_excess,143,143,True,143,0.07555693433998716,0.09022621499826948,-0.014669280658282324,83,0.05270199284283791,0.15757657835122624,,
W,20,91,2023-04-24,2023-02-24,22,raw_excess,143,143,True,143,0.11660804433026511,0.18796330809519154,-0.07135526376492643,95,0.29967743524081547,0.4285745064828195,,
W,20,92,2023-05-01,2023-03-03,23,raw_excess,143,143,True,143,0.19503266716237427,0.2821177289675768,-0.08708506180520253,97,0.514954529039036,0.5665443711218359,,
W,20,93,2023-05-08,2023-03-10,23,raw_excess,143,143,True,143,0.09487803495224643,0.15805157568701886,-0.06317354073477242,73,0.5393684953544108,0.6175022160937653,,
W,20,94,2023-05-15,2023-03-17,23,raw_excess,143,143,True,143,0.1369324976035283,0.2111412096638349,-0.0742087120603066,57,0.4671074230933385,0.5466775009028529,,
W,20,95,2023-05-22,2023-03-24,23,raw_excess,143,143,True,143,0.08126122173550955,0.1388640481942975,-0.05760282645878796,84,0.19332545388883413,0.26113381923241075,,
W,20,96,2023-05-30,2023-03-31,24,raw_excess,143,143,True,143,0.01898830527191791,0.03046073253107222,-0.011472427259154313,82,0.04018106306838701,0.11563905577990084,,
W,20,97,2023-06-06,2023-04-10,24,raw_excess,143,143,True,143,0.015109345462617725,0.05926383113993561,-0.04415448567731788,70,-0.03734117994681375,0.03043435437801635,,
W,20,98,2023-06-13,2023-04-17,24,raw_excess,143,143,True,143,0.07258896140592075,0.025653900927144074,0.04693506047877667,71,0.053317629146615635,0.0961415345218162,,
W,20,99,2023-06-21,2023-04-24,24,raw_excess,143,143,True,143,0.07845870451634822,0.05122057667065304,0.02723812784569518,54,0.17789077120063035,0.2734577628943826,,
W,20,100,2023-06-28,2023-05-01,25,raw_excess,143,143,True,143,0.07621550395712669,0.031460326584118174,0.04475517737300851,57,0.0962318198233691,0.15324698775403,,
W,20,101,2023-07-06,2023-05-08,25,raw_excess,143,143,True,143,0.0990027388790935,0.06073427538452861,0.03826846349456489,69,0.23065045496669015,0.3130889063987656,,
W,20,102,2023-07-13,2023-05-15,25,raw_excess,143,143,True,143,0.03923925762978892,0.045348748278144224,-0.006109490648355302,61,-0.15396927016645326,-0.1011687842673758,,
W,20,103,2023-07-20,2023-05-22,25,raw_excess,143,143,True,143,0.02555688747737083,0.022473562401306362,0.0030833250760644686,48,-0.21031140221281064,-0.17449276076036638,,
W,20,104,2023-07-27,2023-05-30,26,raw_excess,143,143,True,143,0.020989580870623692,0.02096668167587684,2.2899194746850426e-05,36,-0.20432384516891558,-0.2579779375554023,,
W,20,105,2023-08-03,2023-06-06,26,raw_excess,143,143,True,143,0.03731355794725702,0.029746545178188324,0.007567012769068696,52,0.0037016973636691945,-0.07999277717587576,,
W,20,106,2023-08-10,2023-06-13,26,raw_excess,143,143,True,143,0.058649599223036926,0.04897386591848042,0.009675733304556504,58,0.17345858366985126,0.184366878803241,,
W,20,107,2023-08-17,2023-06-21,26,raw_excess,143,143,True,143,0.0419604695707508,0.08611863452514248,-0.044158164954391683,77,0.18694392461998097,0.2792483338257986,,
W,20,108,2023-08-24,2023-06-28,27,raw_excess,143,143,True,143,-0.0006775230073120002,0.038658288791658696,-0.03933581179897069,97,-0.029925473587445413,0.015533175744443347,,
W,20,109,2023-08-31,2023-07-06,27,raw_excess,143,143,True,143,-0.007448100687304419,0.013205389525719627,-0.020653490213024046,84,0.08216783216783216,0.07825896928966954,,
W,20,110,2023-09-08,2023-07-13,27,raw_excess,143,143,True,143,-0.007923850392626084,0.029330682293138635,-0.037254532685764716,62,0.09319915008617927,0.12859089267539972,,
W,20,111,2023-09-15,2023-07-20,27,raw_excess,143,143,True,143,-0.004859730560206497,0.019200428325999996,-0.024060158886206495,91,0.07425776096112222,0.09461489215010341,,
W,20,112,2023-09-22,2023-07-27,28,raw_excess,143,143,True,143,0.026922553842646472,0.01971898654378152,0.007203567298864951,83,0.11799057749761974,0.1311476082602843,,
W,20,113,2023-09-29,2023-08-03,28,raw_excess,143,143,True,143,0.00992481824667376,-0.007885431303030628,0.017810249549704386,86,-0.09314980793854032,-0.17270757411602483,,
W,20,114,2023-10-06,2023-08-10,28,raw_excess,143,143,True,143,0.044503865636688074,0.018487008575819804,0.02601685706086827,53,0.20267408647690338,0.01182737450343084,,
W,20,115,2023-10-13,2023-08-17,28,raw_excess,143,143,True,143,0.04847428592351502,0.09096433925975289,-0.04249005333623787,67,0.21919219278374205,0.20078630289897892,,
W,20,116,2023-10-20,2023-08-24,29,raw_excess,143,143,True,143,0.052413133863777564,0.06878250428436376,-0.0163693704205862,53,0.29357496963130764,0.32634032634032634,,
W,20,117,2023-10-27,2023-08-31,29,raw_excess,143,143,True,143,0.0818109994301161,0.13832865522319135,-0.056517655793075244,83,0.2934969959617847,0.3070890377228405,,
W,20,118,2023-11-03,2023-09-08,29,raw_excess,143,143,True,143,0.03050981321435674,0.1133607681128722,-0.08285095489851546,81,0.1541334252601858,0.2310895702929438,,
W,20,119,2023-11-10,2023-09-15,29,raw_excess,143,143,True,143,0.0749367080868332,0.07087062538079086,0.004066082706042334,101,0.24752946583932497,0.22442509690347506,,
W,20,120,2023-11-17,2023-09-22,30,raw_excess,143,143,True,143,0.10304483707669987,0.10544106684766906,-0.002396229770969191,81,0.3175457171936045,0.3532207229390328,,
W,20,121,2023-11-27,2023-09-29,30,raw_excess,143,143,True,143,0.10859048784830308,0.07478957312598854,0.03380091472231454,81,0.36153517843658683,0.37768803965987063,,
W,20,122,2023-12-04,2023-10-06,30,raw_excess,143,143,True,143,0.026446127388814106,0.03627618272380651,-0.009830055334992406,89,0.1720837847598411,0.19921451787648967,,
W,20,123,2023-12-11,2023-10-13,30,raw_excess,143,143,True,143,0.0393451961823937,0.03179133684900833,0.007553859333385371,58,0.11281148429035753,0.2206121343445287,,
W,20,124,2023-12-18,2023-10-20,31,raw_excess,143,143,True,143,-0.007552169039657046,-0.0012402946907050776,-0.006311874348951968,68,-0.04085824474936155,0.009246035654486357,,
W,20,125,2023-12-26,2023-10-27,31,raw_excess,143,143,True,143,0.05002499783949243,-0.0003331154048797323,0.05035811324437216,56,0.06911750221609377,-0.03768180176630881,,
W,20,126,2024-01-03,2023-11-03,31,raw_excess,143,143,True,143,0.08735878075921494,0.0017809505343761916,0.08557783022483875,70,0.19074821891723298,0.08824977839062345,,
W,20,127,2024-01-10,2023-11-10,31,raw_excess,143,143,True,143,0.10321360282079449,-0.004470507042081195,0.10768410986287569,48,0.26525411208509797,0.09200482615975573,,
W,20,128,2024-01-18,2023-11-17,32,raw_excess,143,143,True,143,0.16666224963083548,-0.014359700815863468,0.18102195044669894,52,0.263633080534489,0.19618175251978068,,
W,20,129,2024-01-25,2023-11-27,32,raw_excess,143,143,True,143,0.1046540772102872,-0.016486647323935125,0.12114072453422232,59,0.047293082504350104,0.05616156144325158,,
W,20,130,2024-02-01,2023-12-04,32,raw_excess,143,143,True,143,0.09791108188518002,0.08147118895445388,0.016439892930726147,68,0.23300174004399354,0.26672330017400436,,
W,20,131,2024-02-08,2023-12-11,32,raw_excess,143,143,True,143,0.12825254505311262,0.11302973231989204,0.015222812733220584,68,0.07352719385816957,0.04088282609409369,,
W,20,132,2024-02-15,2023-12-18,33,raw_excess,143,143,True,143,0.04750134497110575,0.016986643018707046,0.030514701952398707,49,-0.04611326507896756,-0.10209226141320484,,
W,20,133,2024-02-23,2023-12-26,33,raw_excess,143,143,True,143,0.06835020422919583,0.07033552825474368,-0.001985324025547852,55,0.20318112378651218,0.06721330312879607,,
W,20,134,2024-03-01,2024-01-03,33,raw_excess,143,143,True,143,0.019965885002532397,0.0372668854743991,-0.017301000471866706,73,-0.0865364983836292,-0.13821038116812762,,
W,20,135,2024-03-08,2024-01-10,33,raw_excess,143,143,True,143,0.015195104721813135,-0.004101309855194398,0.019296414577007533,72,-0.014991463935125907,-0.15815932893397683,,
W,20,136,2024-03-15,2024-01-18,34,raw_excess,143,143,True,143,0.035620371603736205,-0.008674814223005934,0.04429518582674214,76,0.0604481233462958,-0.12992465281197677,,
W,20,137,2024-03-22,2024-01-25,34,raw_excess,143,143,True,143,-0.012122010842657831,-0.04151871516639832,0.029396704323740492,75,-0.33035664819303634,-0.44209839456318323,,
W,20,138,2024-04-01,2024-02-01,34,raw_excess,143,143,True,143,0.010211930336121078,-0.014430048802817294,0.024641979138938373,54,-0.12550490567747838,-0.28136593453494857,,
W,20,139,2024-04-08,2024-02-08,34,raw_excess,143,143,True,143,0.03353994944252014,0.01920008031655546,0.014339869125964678,64,-0.024522744224569095,-0.13700398179114964,,
W,20,140,2024-04-15,2024-02-15,35,raw_excess,143,143,True,143,0.0560658745865417,0.022940341148239382,0.03312553343830232,59,-0.1258536064874093,-0.17380143574305307,,
W,20,141,2024-04-22,2024-02-23,35,raw_excess,143,143,True,143,0.07268138549677648,0.08108685580809549,-0.00840547031131901,62,0.2251017761581142,0.2111960044610304,,
W,20,142,2024-04-29,2024-03-01,35,raw_excess,143,143,True,143,0.0495950188553148,0.08732139534157354,-0.03772637648625874,49,0.09534548013880242,0.18392160765465668,,
W,20,143,2024-05-06,2024-03-08,35,raw_excess,143,143,True,143,0.04669045593070568,0.050228053052341806,-0.003537597121636128,44,-0.1441938343346794,-0.10465297613184936,,
W,20,144,2024-05-13,2024-03-15,36,raw_excess,143,143,True,143,0.06269049964137342,0.06455865904484737,-0.001868159403473943,51,0.20259200893003707,0.2520152623356311,,
W,20,145,2024-05-20,2024-03-22,36,raw_excess,143,143,True,143,0.07697822269019428,0.0762622200778883,0.0007160026123059771,59,0.14655356380708492,0.18319746051587477,,
W,20,146,2024-05-28,2024-04-01,36,raw_excess,143,143,True,143,0.03785158145328933,0.013427025722261126,0.024424555731028204,63,0.16765980498374863,0.09781191295261984,,
W,20,147,2024-06-04,2024-04-08,36,raw_excess,143,143,True,143,0.05037401701955787,0.00989396290792538,0.04048005411163249,60,0.39916362979743253,0.4098854298869383,,
W,20,148,2024-06-11,2024-04-15,37,raw_excess,143,143,True,143,0.024865275289165982,0.04140383756868762,-0.016538562279521635,75,0.2793638156294163,0.2696001181916675,,
W,20,149,2024-06-18,2024-04-22,37,raw_excess,143,143,True,143,-0.023483051495634597,-0.01320378821620232,-0.010279263279432278,55,-0.07755917791129059,-0.10340950129682523,,
W,20,150,2024-06-26,2024-04-29,37,raw_excess,143,143,True,143,-0.02199780057873281,-0.011988447258314602,-0.010009353320418208,76,-0.14423076923076922,-0.17442522573922653,,
W,20,151,2024-07-03,2024-05-06,37,raw_excess,143,143,True,143,-0.021156233075820548,-0.02800845670956508,0.006852223633744534,74,-0.3770067960208805,-0.3812707245805837,,
W,20,152,2024-07-11,2024-05-13,38,raw_excess,143,143,True,143,-0.04320642088848743,-0.03745928638645046,-0.0057471345020369685,66,-0.4286746117732033,-0.3152762730227519,,
W,20,153,2024-07-18,2024-05-20,38,raw_excess,143,143,True,143,-0.019435382581332847,-0.053158404804226865,0.033723022222894014,81,-0.18202356243603676,-0.07219951410092255,,
W,20,154,2024-07-25,2024-05-28,38,raw_excess,143,143,True,143,0.014079603238560095,0.014248126443086755,-0.00016852320452665978,107,-0.007834301848386354,0.09670376571785022,,
W,20,155,2024-08-01,2024-06-04,38,raw_excess,143,143,True,143,0.039659229400083235,0.04949263774798894,-0.009833408347905706,93,0.14593387832824453,0.1961612331330641,,
W,20,156,2024-08-08,2024-06-11,39,raw_excess,143,143,True,143,0.07188583096542378,0.07788776046829753,-0.006001929502873746,83,-0.040659206494003564,-0.03222165907796574,,
W,20,157,2024-08-15,2024-06-18,39,raw_excess,143,143,True,143,0.08556840676976273,0.06362963004095258,0.021938776728810144,80,-0.11933254538888341,-0.047100200269214354,,
W,20,158,2024-08-22,2024-06-26,39,raw_excess,143,143,True,143,0.09393931908049652,0.05111505607230988,0.04282426300818664,62,0.05266505794674809,0.04386634492268295,,
W,20,159,2024-08-29,2024-07-03,39,raw_excess,143,143,True,143,0.037767530077984855,0.006815438504058266,0.030952091573926588,85,0.07302652030860929,0.052587084277225124,,
W,20,160,2024-09-06,2024-07-11,40,raw_excess,143,143,True,143,0.07682293541062354,0.07110201541184405,0.0057209199987794945,53,0.31812026002166843,0.3371704586493319,,
W,20,161,2024-09-13,2024-07-18,40,raw_excess,143,143,True,143,0.09334142891765665,0.05400489684559983,0.03933653207205682,50,0.3338832528973374,0.3317988236225273,,
W,20,162,2024-09-20,2024-07-25,40,raw_excess,143,143,True,143,0.07508116101868013,0.05208571811132763,0.022995442907352504,59,0.16563659345349485,0.18478938901474112,,
W,20,163,2024-09-27,2024-08-01,40,raw_excess,143,143,True,143,0.0862229501194246,0.047743221945005944,0.03847972817441866,61,0.16706884664631141,0.15208559046587214,,
W,20,164,2024-10-04,2024-08-08,41,raw_excess,143,143,True,143,0.051708441283150004,0.06388728132621495,-0.012178840043064944,68,0.09370383137988772,0.14400520372188597,,
W,20,165,2024-10-11,2024-08-15,41,raw_excess,143,143,True,143,0.11880987278356445,0.029293858491416566,0.08951601429214788,88,0.17641337535703736,0.1620908434288716,,
W,20,166,2024-10-18,2024-08-22,41,raw_excess,143,143,True,143,0.05373588643478738,0.046093285481804636,0.007642600952982748,98,0.2637810907502976,0.17344627203782134,,
W,20,167,2024-10-25,2024-08-29,41,raw_excess,143,143,True,143,0.13486740160726643,0.10586821726833691,0.02899918433892952,89,0.3632916379395253,0.21802486336650825,,
W,20,168,2024-11-01,2024-09-06,42,raw_excess,143,143,True,143,0.12857202129284814,0.03006744391045964,0.0985045773823885,75,0.26415016907974653,0.22532748941199643,,
W,20,169,2024-11-08,2024-09-13,42,raw_excess,143,143,True,143,0.08607991126117825,0.03744639644315974,0.04863351481801852,79,0.22621392691815226,0.14157145671230176,,
W,20,170,2024-11-15,2024-09-20,42,raw_excess,143,143,True,143,0.15101856410909328,0.040360664643869656,0.11065789946522363,62,0.29781017104960766,0.2456622016481171,,
W,20,171,2024-11-22,2024-09-27,42,raw_excess,143,143,True,143,0.03395827696372068,-0.0007415593494783873,0.03469983631319907,49,0.009947798680193047,-0.019497521258084637,,
W,20,172,2024-12-02,2024-10-04,43,raw_excess,143,143,True,143,-0.002708843389600894,0.024371462617575362,-0.027080306007176258,71,-0.026599308290778112,-0.11537640762992876,,
W,20,173,2024-12-09,2024-10-11,43,raw_excess,143,143,True,143,-0.03804052890223261,0.009586716147268881,-0.04762724504950149,48,-0.05871006927344955,-0.1194761810958994,,
W,20,174,2024-12-16,2024-10-18,43,raw_excess,143,143,True,143,-0.025627613138537987,-0.014143207032510692,-0.011484406106027295,70,-0.25810105387570176,-0.2315902438425041,,
W,20,175,2024-12-23,2024-10-25,43,raw_excess,143,143,True,143,-0.0006388578705164554,0.020250331364500905,-0.020889189235017362,72,0.16995387241866114,0.20443464985718504,,
W,20,176,2024-12-31,2024-11-01,44,raw_excess,143,143,True,143,-0.017050874756068483,0.0032411370084431362,-0.02029201176451162,56,0.02649873600577826,0.027130733116648605,,
W,20,177,2025-01-08,2024-11-08,44,raw_excess,143,143,True,143,0.03772241872152954,0.05609945392827647,-0.018377035206746932,61,0.05132719393282773,0.0985135756262517,,
W,20,178,2025-01-16,2024-11-15,44,raw_excess,143,143,True,143,0.07751359565147851,0.0852842222273927,-0.00777062657591418,73,0.10090613611740372,0.049554318920516094,,
W,20,179,2025-01-24,2024-11-22,44,raw_excess,143,143,True,143,0.05703610690553885,0.018194844307781857,0.03884126259775699,81,-0.1398724514921698,-0.19608325946354113,,
W,20,180,2025-01-31,2024-12-02,45,raw_excess,143,143,True,143,-0.002912306682786473,0.02402067974946857,-0.026932986432255043,80,-0.30975245411865127,-0.29672089604165464,,
W,20,181,2025-02-07,2024-12-09,45,raw_excess,143,143,True,143,-0.009680752892729965,-0.026242821970804638,0.01656206907807467,82,-0.48112881366043336,-0.5128164089431695,,
W,20,182,2025-02-14,2024-12-16,45,raw_excess,143,143,True,143,-0.03185372099570201,-0.06573110505454302,0.03387738405884101,65,-0.4049911356249384,-0.404515085853114,,
W,20,183,2025-02-24,2024-12-23,45,raw_excess,143,143,True,143,0.025722588607040457,-0.028532878511799215,0.054255467118839676,66,-0.1494551584252962,-0.14733330050231458,,
W,20,184,2025-03-03,2024-12-31,46,raw_excess,143,143,True,143,0.032733029827589494,-0.00821333563589097,0.04094636546348046,66,-0.2492736137102334,-0.19934584195147573,,
W,20,185,2025-03-10,2025-01-08,46,raw_excess,143,143,True,143,0.022617079171544353,0.02960531236628398,-0.006988233194739627,105,-0.05261991529597163,-0.03917150924193177,,
W,20,186,2025-03-17,2025-01-16,46,raw_excess,143,143,True,143,-0.010957774965328824,0.000339313705327025,-0.011297088670655849,86,-0.2295914179716996,-0.20807478906070453,,
W,20,187,2025-03-24,2025-01-24,46,raw_excess,143,143,True,143,-0.03460507304621692,-0.02037512628137402,-0.014229946764842898,78,-0.3664639351259069,-0.39027873534915786,,
W,20,188,2025-03-31,2025-01-31,47,raw_excess,143,143,True,143,0.022280584096576177,0.05224081465755448,-0.029960230560978303,52,0.43864703371745617,0.3160519058406382,,
W,20,189,2025-04-07,2025-02-07,47,raw_excess,143,143,True,143,0.025441979045959722,0.06395238299400588,-0.038510403948046154,55,0.5651818838438556,0.495022504660731,,
W,20,190,2025-04-14,2025-02-14,47,raw_excess,143,143,True,143,0.07135750257988546,0.08871159468597425,-0.017354092106088792,45,0.7277610886765815,0.46507189993105474,,
W,20,191,2025-04-22,2025-02-24,47,raw_excess,143,143,True,143,0.0496258352524179,0.08446890148114981,-0.034843066228731914,50,0.6194638694638694,0.4603898482284427,,
W,20,192,2025-04-29,2025-03-03,48,raw_excess,143,143,True,143,0.026566115780635426,0.06715805243759143,-0.040591936656956006,56,0.46674217800978357,0.387418332840868,,
W,20,193,2025-05-06,2025-03-10,48,raw_excess,143,143,True,143,0.02260419486042084,0.03561559485914911,-0.013011399998728274,56,0.5124634754916444,0.4773958435930266,,
W,20,194,2025-05-13,2025-03-17,48,raw_excess,143,143,True,143,0.03222456313327844,0.04156546942190993,-0.00934090628863149,96,0.23788125020519385,0.20942086082931152,,
W,20,195,2025-05-20,2025-03-24,48,raw_excess,143,143,True,143,0.006835362110097058,0.05082001403329332,-0.04398465192319626,105,0.4556329820414327,0.37685905643652123,,
W,20,196,2025-05-28,2025-03-31,49,raw_excess,143,143,True,143,-0.004197351138321993,0.06013951946835053,-0.06433687060667252,84,0.551343609442201,0.4637996979546275,,
W,20,197,2025-06-04,2025-04-07,49,raw_excess,143,143,True,143,0.0038619925564218416,0.04138589900798955,-0.03752390645156771,54,0.4860386092780458,0.5643980432712826,,
W,20,198,2025-06-11,2025-04-14,49,raw_excess,143,143,True,143,0.01764703871157966,0.01970800605303266,-0.0020609673414530016,40,0.3922444925966053,0.4253874060212088,,
W,20,199,2025-06-18,2025-04-22,49,raw_excess,143,143,True,143,0.055825601030474695,0.027440606835149404,0.02838499419532529,60,0.4064110771857251,0.4051758101053875,,
W,20,200,2025-06-26,2025-04-29,50,raw_excess,143,143,True,143,0.03597073497462634,0.02548911390030983,0.010481621074316511,36,0.21502265340293508,0.21790767917528478,,
W,20,201,2025-07-03,2025-05-06,50,raw_excess,143,143,True,143,0.030643355175343695,0.02485446633552667,0.005788888839817024,35,0.10051216389244559,-0.011856101644834038,,
W,20,202,2025-07-11,2025-05-13,50,raw_excess,143,143,True,143,0.051930428510419485,0.08690469445083435,-0.03497426594041486,31,0.12781525985751335,0.06330230802061788,,
W,20,203,2025-07-18,2025-05-20,50,raw_excess,143,143,True,143,0.05534133600605157,0.07523841291856972,-0.019897076912518158,33,0.03512508618142421,0.04365704717817393,,
W,20,204,2025-07-25,2025-05-28,51,raw_excess,143,143,True,143,0.04251985601075526,0.05847943060150813,-0.015959574590752867,45,-0.047879936964444,-0.013169342394694505,,
W,20,205,2025-08-01,2025-06-04,51,raw_excess,143,143,True,143,0.019983256834164985,0.04530094228501907,-0.025317685450854083,59,0.07974244065793361,0.1484905939131291,,
W,20,206,2025-08-08,2025-06-11,51,raw_excess,143,143,True,143,0.010079543843318568,0.03575512391147566,-0.02567558006815709,81,0.23285400045963425,0.20633884894448276,,
W,20,207,2025-08-15,2025-06-18,51,raw_excess,143,143,True,143,0.01576978645962223,0.07368090114472686,-0.05791111468510463,72,0.3268943497816737,0.3494656751699005,,
W,20,208,2025-08-22,2025-06-26,52,raw_excess,143,143,True,143,-0.013882539697313404,0.08628149821241016,-0.10016403790972356,79,0.48039167405364586,0.6110919596835089,,
W,20,209,2025-08-29,2025-07-03,52,raw_excess,143,143,True,143,-0.029999245630744693,0.0746940621446204,-0.10469330777536509,68,0.258374226803202,0.46242489904461737,,
W,20,210,2025-09-08,2025-07-11,52,raw_excess,143,143,True,143,0.010266909248372036,0.073337231827308,-0.06307032257893597,64,0.23001845720740913,0.30531616271052886,,
W,20,211,2025-09-15,2025-07-18,52,raw_excess,143,143,True,143,-0.0016139377097613723,0.04058481988340448,-0.04219875759316585,61,0.24926181354868282,0.23988394234873106,,
W,20,212,2025-09-22,2025-07-25,53,raw_excess,143,143,True,143,-0.012978075941951243,0.05787467392512441,-0.07085274986707565,65,0.1271750549919564,0.13683968613546077,,
W,20,213,2025-09-29,2025-08-01,53,raw_excess,143,143,True,143,0.03997647621460484,0.0911635737555472,-0.05118709754094237,81,0.34469732334603503,0.37950195344561544,,
W,20,214,2025-10-06,2025-08-08,53,raw_excess,144,143,True,143,0.0611689573324045,0.10506488371268449,-0.04389592638027999,81,0.31619003453486433,0.3150095209954365,,
W,20,215,2025-10-13,2025-08-15,53,raw_excess,144,143,True,143,0.16670461321346663,0.14938882722909474,0.01731578598437189,97,0.16502989687052882,0.14109951081782066,,
W,20,216,2025-10-20,2025-08-22,54,raw_excess,144,143,True,143,0.09947555619456772,0.05280711789243108,0.046668438302136635,73,-0.030933007211562138,-0.14974227650283986,,
W,20,217,2025-10-27,2025-08-29,54,raw_excess,144,143,True,143,0.0655900563204022,0.04285019921459962,0.022739857105802577,67,-0.1972980071571621,-0.3485241928949281,,
W,20,218,2025-11-03,2025-09-08,54,raw_excess,144,143,True,143,0.048167471315120544,0.03688279720050094,0.011284674114619607,67,-0.09784269206427314,-0.18588326303736005,,
W,20,219,2025-11-10,2025-09-15,54,raw_excess,144,143,True,143,0.022930825820050085,0.015091817425890008,0.007839008394160078,60,-0.05955546800617223,-0.03532009282997034,,
W,20,220,2025-11-17,2025-09-22,55,raw_excess,144,143,True,143,0.047992856669742845,0.07483195852190802,-0.026839101852165176,59,0.10006894513936768,0.09285843264716503,,
W,20,221,2025-11-24,2025-09-29,55,raw_excess,144,143,True,143,0.0048927663767356685,0.07345472797095805,-0.06856196159422238,64,0.11183065760530549,0.20301696852436132,,
W,20,222,2025-12-02,2025-10-06,55,raw_excess,144,144,True,144,0.05670557878147985,0.0576796088970934,-0.0009740301156135472,38,-0.13406478578892372,0.013969966180331599,,
W,20,223,2025-12-09,2025-10-13,55,raw_excess,144,144,True,144,0.04911679248265353,-0.0005410268697424205,0.04965781935239595,64,-0.20163170163170163,-0.13963161977292965,,
W,20,224,2025-12-16,2025-10-20,56,raw_excess,144,144,True,144,0.08313728632824723,0.07089447025477356,0.012242816073473661,64,0.03363073707901294,0.015288175476431914,,
W,20,225,2025-12-23,2025-10-27,56,raw_excess,144,144,True,144,0.055196482637353314,0.0905466459566165,-0.03535016331926319,64,-0.06894750115297785,0.04254883047986496,,
W,20,226,2025-12-31,2025-11-03,56,raw_excess,144,144,True,144,0.09549554834079735,0.1260743805383604,-0.03057883219756305,58,-0.042380033759344106,0.061604836432830344,,
W,20,227,2026-01-08,2025-11-10,56,raw_excess,144,144,True,144,0.13620414274977474,0.08837259187673044,0.047831550873044304,74,-0.0905714974680492,-0.04078852182300458,,
W,20,228,2026-01-15,2025-11-17,57,raw_excess,144,144,True,144,0.1007419742137306,0.06480227818509693,0.03593969602863367,76,-0.1605216622458002,-0.1354513302789165,,
W,20,229,2026-01-23,2025-11-24,57,raw_excess,144,144,True,144,0.1373535739977057,0.13017469395250958,0.007178880045196123,55,-0.21532433084157224,-0.18566433566433566,,
W,20,230,2026-01-30,2025-12-02,57,raw_excess,144,144,True,144,0.13096700847602843,0.06929472131922401,0.06167228715680442,64,-0.13947646840742153,-0.1441845510811028,,
W,20,231,2026-02-06,2025-12-09,57,raw_excess,144,144,True,144,0.024780508345642903,0.035477533452136154,-0.01069702510649325,55,0.15470219435736676,0.09369423679768507,,
W,20,232,2026-02-13,2025-12-16,58,raw_excess,144,144,True,144,0.01585729065330233,0.09069848554640285,-0.07484119489310052,52,0.08025480266859578,0.13547142512659754,,
W,60,0,2021-07-01,2021-01-08,0,raw_excess,140,137,True,137,0.09921150057818649,-0.03967819746692835,0.13888969804511483,94,0.2143017156084903,0.07287602441801855,,
W,60,1,2021-07-09,2021-01-15,0,raw_excess,140,137,True,137,0.05266645454264375,-0.008647417765270794,0.061313872307914546,92,0.18718614072096626,0.19432673100976347,,
W,60,2,2021-07-16,2021-01-25,0,raw_excess,140,137,True,137,0.10046675696607413,0.028283572984458466,0.07218318398161566,91,0.328005115089514,0.33951406649616367,,
W,60,3,2021-07-23,2021-02-01,0,raw_excess,142,137,True,137,0.05752016042906331,0.06737133738809303,-0.00985117695902972,74,0.2568430976333236,0.29487370955999026,,
W,60,4,2021-07-30,2021-02-08,0,raw_excess,142,137,True,137,0.12995783914490605,0.0541741350089056,0.07578370413600045,58,0.23771631788227826,0.21973883174342412,,
W,60,5,2021-08-06,2021-02-16,0,raw_excess,142,137,True,137,0.0779479507385365,0.035337023998229015,0.04261092674030748,69,0.28487221610319785,0.21078742509380768,,
W,60,6,2021-08-13,2021-02-23,0,raw_excess,143,137,True,137,0.1283961378512099,0.06731855825327122,0.06107757959793868,83,0.36719435473332457,0.37388224093191696,,
W,60,7,2021-08-20,2021-03-02,0,raw_excess,143,137,True,137,0.16586703826276272,0.130639670433372,0.03522736782939073,54,0.39877163178822783,0.42115481546474504,,
W,60,8,2021-08-27,2021-03-09,0,raw_excess,143,137,True,137,0.06503250953079917,0.0690635046039505,-0.004030995073151328,51,0.2556984710736087,0.3184469916179737,,
W,60,9,2021-09-03,2021-03-16,0,raw_excess,143,137,True,137,0.06736530079921405,0.10541144142276287,-0.03804614062354883,74,0.2977392797804618,0.3149327011032912,,
W,60,10,2021-09-13,2021-03-23,0,raw_excess,143,137,True,137,0.0911470916972941,0.03637346181955423,0.054773629877739864,68,0.2500466705247633,0.3290038643194504,,
W,60,11,2021-09-20,2021-03-30,0,raw_excess,143,137,True,137,0.09349150562478428,0.016954722647468064,0.07653678297731623,53,0.09747605802079637,0.14603673903709372,,
W,60,12,2021-09-27,2021-04-07,1,raw_excess,143,137,True,137,0.11083318477493956,0.05596404374561559,0.05486914102932397,57,0.14266712714917767,0.13563854611981255,,
W,60,13,2021-10-04,2021-04-14,1,raw_excess,143,138,True,138,0.1591380055762477,0.02288746776922114,0.13625053780702656,81,0.15778250138702113,0.15828023078205158,,
W,60,14,2021-10-11,2021-04-21,1,raw_excess,143,138,True,138,0.08657277753965634,-0.08348289985210866,0.170055677391765,75,-0.048103947816041034,-0.04214032772512551,,
W,60,15,2021-10-18,2021-04-28,1,raw_excess,143,139,True,139,0.0772433695174319,-0.1162328700363,0.1934762395537319,65,-0.028144720658582128,-0.12249430269449035,,
W,60,16,2021-10-25,2021-05-05,1,raw_excess,143,139,True,139,0.018838425194654507,-0.12454241448434064,0.14338083967899515,75,-0.15699092899593367,-0.23729389159479866,,
W,60,17,2021-11-01,2021-05-12,1,raw_excess,143,139,True,139,-0.010006691184471634,-0.14482166048805717,0.13481496930358552,76,-0.2510255149917333,-0.3429956655793377,,
W,60,18,2021-11-08,2021-05-19,1,raw_excess,143,139,True,139,-0.0025388605146453545,-0.139811786637387,0.13727292612274164,73,-0.3293042584565887,-0.3715715626256758,,
W,60,19,2021-11-15,2021-05-26,1,raw_excess,143,139,True,139,-0.03852297766009884,-0.08333878576819863,0.04481580810809979,68,-0.27896688860092045,-0.2731559421288872,,
W,60,20,2021-11-22,2021-06-03,1,raw_excess,143,139,True,139,-0.039796979887001406,-0.09335726649513139,0.05356028660812998,69,-0.3045891237320702,-0.33531435720988423,,
W,60,21,2021-11-30,2021-06-10,1,raw_excess,143,139,True,139,0.030859042832797834,-0.08279036402783779,0.11364940686063563,70,-0.26534250860181413,-0.33661021493364307,,
W,60,22,2021-12-07,2021-06-17,1,raw_excess,143,140,True,140,0.11420109627348402,-0.0855378223953368,0.19973891866882082,77,-0.3152503938800444,-0.3605912838118563,,
W,60,23,2021-12-14,2021-06-24,1,raw_excess,143,140,True,140,0.08446253541851209,-0.08352067475518815,0.16798321017370024,99,-0.31506671083825316,-0.34688504515536517,,
W,60,24,2021-12-21,2021-07-01,2,raw_excess,143,140,True,140,0.03175943605587821,-0.03138997180731242,0.06314940786319062,60,-0.29353392665806566,-0.3362314403796112,,
W,60,25,2021-12-29,2021-07-09,2,raw_excess,143,140,True,140,0.04735763517797198,-0.04016777450043635,0.08752540967840833,41,-0.2672891474054799,-0.2926198858542346,,
W,60,26,2022-01-05,2021-07-16,2,raw_excess,143,140,True,140,0.06303392257435843,0.04554162523107204,0.01749229734328639,65,-0.15353698803874838,-0.13657693905665744,,
W,60,27,2022-01-12,2021-07-23,2,raw_excess,143,142,True,142,0.06452045736187326,0.035129799441002856,0.0293906579208704,82,-0.2896806519821204,-0.22241292234509216,,
W,60,28,2022-01-20,2021-07-30,2,raw_excess,143,142,True,142,0.10616265086298413,0.11170169071054606,-0.005539039847561933,78,-0.2222652983815705,-0.16889463548139005,,
W,60,29,2022-01-27,2021-08-06,2,raw_excess,143,142,True,142,0.06872821285696937,0.07866345530201198,-0.00993524244504261,88,-0.19322870716337903,-0.1036880410569353,,
W,60,30,2022-02-03,2021-08-13,2,raw_excess,143,143,True,143,0.0797437392626257,0.055879870725617266,0.02386386853700844,55,-0.27736055024787415,-0.2139063987655537,,
W,60,31,2022-02-10,2021-08-20,2,raw_excess,143,143,True,143,0.11190795120979241,0.040831923513864374,0.07107602769592804,52,-0.41236990708821697,-0.35921238386027116,,
W,60,32,2022-02-17,2021-08-27,2,raw_excess,143,143,True,143,0.16942506484516073,0.07780150095469004,0.09162356389047069,52,-0.3916576381365114,-0.30289077120063035,,
W,60,33,2022-02-25,2021-09-03,2,raw_excess,143,143,True,143,0.07578690788700446,0.0819007283626831,-0.006113820475678641,55,-0.3956630224235857,-0.3605912866476246,,
W,60,34,2022-03-04,2021-09-13,2,raw_excess,143,143,True,143,0.03384321457552304,0.029985870415110943,0.003857344160412099,70,-0.20244426934567777,-0.28073393742407826,,
W,60,35,2022-03-11,2021-09-20,2,raw_excess,143,143,True,143,0.06672262294663689,0.05220169723402829,0.014520925712608601,60,-0.12448701533208574,-0.21151383827440165,,
W,60,36,2022-03-18,2021-09-27,3,raw_excess,143,143,True,143,-0.02513333919116421,-0.029860793955251215,0.0047274547640870045,50,-0.32126383006664694,-0.3384344528710726,,
W,60,37,2022-03-25,2021-10-04,3,raw_excess,143,143,True,143,-0.012140888076014576,-0.04093304109817436,0.028792153022159785,47,-0.38143077579697293,-0.3483330050231458,,
W,60,38,2022-04-01,2021-10-11,3,raw_excess,143,143,True,143,0.0022460218334124735,-0.04523088907831808,0.04747691091173055,55,-0.35720969171673395,-0.3291761055845563,,
W,60,39,2022-04-08,2021-10-18,3,raw_excess,143,143,True,143,0.017831047949635984,-0.03281828035395072,0.050649328303586705,54,-0.23513804944574065,-0.19511084071101809,,
W,60,40,2022-04-18,2021-10-25,3,raw_excess,143,143,True,143,-0.013612541299950598,-0.02443441060554491,0.010821869305594312,72,-0.2895736892215765,-0.24073344495879706,,
W,60,41,2022-04-25,2021-11-01,3,raw_excess,143,143,True,143,0.004418727368185313,0.011367813990602446,-0.006949086622417134,70,0.11531074559243572,0.012857447716602645,,
W,60,42,2022-05-02,2021-11-08,3,raw_excess,143,143,True,143,0.036473616716071425,-0.013272172603653239,0.04974578931972466,59,-0.11782642240388719,-0.17372943957450995,,
W,60,43,2022-05-09,2021-11-15,3,raw_excess,143,143,True,143,0.1283380212540534,0.05148009448751771,0.0768579267665357,45,0.37254998522604155,0.2922494172494172,,
W,60,44,2022-05-16,2021-11-22,3,raw_excess,143,143,True,143,0.10939457067377861,0.016178100424404013,0.0932164702493746,58,0.3966930956367576,0.21196526478216615,,
W,60,45,2022-05-23,2021-11-30,3,raw_excess,143,143,True,143,0.1350314797743023,0.054152145502414074,0.08087933427188823,52,0.4267950359499655,0.21432909813191503,,
W,60,46,2022-05-31,2021-12-07,3,raw_excess,143,143,True,143,0.06540109636195568,0.043801994525979215,0.021599101835976464,55,0.2608793788371253,0.12164315313537823,,
W,60,47,2022-06-07,2021-12-14,3,raw_excess,143,143,True,143,0.04758193300715434,-0.018072999349880894,0.06565493235703523,66,0.043607800650054165,-0.04498880153323383,,
W,60,48,2022-06-14,2021-12-21,4,raw_excess,143,143,True,143,0.15169369390452894,-0.0026414601467177664,0.1543351540512467,49,0.30423273909189397,0.14324994254571718,,
W,60,49,2022-06-22,2021-12-29,4,raw_excess,143,143,True,143,0.1269605644310893,0.07597568769531823,0.05098487673577107,57,0.23084720443875373,0.0686865950950458,,
W,60,50,2022-06-29,2022-01-05,4,raw_excess,143,143,True,143,0.10908808292513471,0.059637330101096314,0.049450752824038394,54,0.13622000065662035,-0.04652976131849371,,
W,60,51,2022-07-07,2022-01-12,4,raw_excess,143,143,True,143,0.07705612303432266,0.050173906906425515,0.026882216127897145,56,0.09977346597064904,-0.03157523227945763,,
W,60,52,2022-07-14,2022-01-20,4,raw_excess,143,143,True,143,0.09701137829251497,0.07476446473069415,0.02224691356182082,87,0.1856963459076135,0.13936767457894217,,
W,60,53,2022-07-21,2022-01-27,4,raw_excess,143,143,True,143,0.05384340185775044,-0.033710437788079944,0.08755383964583038,106,-0.16038773433139628,-0.248091697035359,,
W,60,54,2022-07-28,2022-02-03,4,raw_excess,143,143,True,143,0.12655114909960355,0.028258969906874758,0.09829217919272878,100,0.06332282740733444,-0.00023802488591220987,,
W,60,55,2022-08-04,2022-02-10,4,raw_excess,143,143,True,143,0.060422892682233074,0.07727491141694527,-0.016852018734712197,87,-0.10351209823040808,-0.1313199711087035,,
W,60,56,2022-08-11,2022-02-17,4,raw_excess,143,143,True,143,0.017984175050188716,0.05170026846926731,-0.033716093419078594,89,-0.2656686036967727,-0.29854886897140415,,
W,60,57,2022-08-18,2022-02-25,4,raw_excess,143,143,True,143,0.07943910434811612,0.04434587957977887,0.03509322476833725,86,-0.09454923011261039,-0.19255802882563444,,
W,60,58,2022-08-25,2022-03-04,4,raw_excess,143,143,True,143,0.062069817507104066,-0.0512386562966137,0.11330847380371777,90,-0.19596424702058504,-0.2687013690534817,,
W,60,59,2022-09-01,2022-03-11,4,raw_excess,143,143,True,143,0.049101603197031864,-0.031616975879102144,0.080718579076134,123,-0.07682047998949407,-0.19190140845070422,,
W,60,60,2022-09-09,2022-03-18,5,raw_excess,143,143,True,143,0.056086340234982,-0.015212552544131569,0.07129889277911357,88,-0.1900136248727798,-0.2789610624117666,,
W,60,61,2022-09-16,2022-03-25,5,raw_excess,143,143,True,143,0.10455165514433808,0.06058907922488274,0.043962575919455335,59,-0.09935897435897434,-0.24111920942906856,,
W,60,62,2022-09-23,2022-04-01,5,raw_excess,143,143,True,143,0.0725624073398741,-0.0626656388823219,0.135228046222196,89,-0.06946633179027545,-0.219413802160281,,
W,60,63,2022-09-30,2022-04-08,5,raw_excess,143,143,True,143,0.0619509279620252,-0.046154517192902034,0.10810544515492723,82,-0.18430102761088676,-0.30850929580486686,,
W,60,64,2022-10-07,2022-04-18,5,raw_excess,143,143,True,143,0.08874667363596839,-0.09919290943769855,0.18793958307366693,94,-0.0929651334580912,-0.30971551922256146,,
W,60,65,2022-10-14,2022-04-25,5,raw_excess,143,143,True,143,0.12584925118733561,-0.0782126124791399,0.2040618636664755,55,0.05382235135756263,-0.12881660592928199,,
W,60,66,2022-10-21,2022-05-02,5,raw_excess,143,143,True,143,0.045118157202817116,0.0019251364723612766,0.04319302073045584,44,0.013284250960307298,-0.14107078367641745,,
W,60,67,2022-10-28,2022-05-09,5,raw_excess,143,143,True,143,0.061818200906223066,-0.07060165100663665,0.1324198519128597,46,0.11680455694540201,-0.018931186184707308,,
W,60,68,2022-11-04,2022-05-16,5,raw_excess,143,143,True,143,0.1347760912492992,0.054542033195077305,0.0802340580542219,64,0.441010867067205,0.40564365212252534,,
W,60,69,2022-11-11,2022-05-23,5,raw_excess,143,143,True,143,0.05421447059668758,-0.025577763977742193,0.07979223457442977,52,0.22997718244197116,0.1972364489970124,,
W,60,70,2022-11-18,2022-05-31,5,raw_excess,143,143,True,143,0.08092579386788096,0.05506879177085815,0.02585700209702281,64,0.4630733116648609,0.38695049082373023,,
W,60,71,2022-11-28,2022-06-07,5,raw_excess,143,143,True,143,0.06136952599401965,0.041920295580169006,0.019449230413850646,47,0.41330559112249254,0.36720263304770345,,
W,60,72,2022-12-05,2022-06-14,6,raw_excess,143,143,True,143,0.05591193784544218,0.03292536786863234,0.022986569976809847,60,0.4378796086542565,0.4522842181292885,,
W,60,73,2022-12-12,2022-06-22,6,raw_excess,143,143,True,143,0.036543376814726275,0.039222783391674204,-0.002679406576947929,61,0.24972504021799796,0.29581158278341374,,
W,60,74,2022-12-19,2022-06-29,6,raw_excess,143,143,True,143,0.1661008482561214,0.04038925744247162,0.12571159081364977,49,0.29587724482090677,0.38854279523293606,,
W,60,75,2022-12-27,2022-07-07,6,raw_excess,143,143,True,143,0.15073938971280848,0.03262192239692133,0.11811746731588715,59,0.4388727469713385,0.41733149479628345,,
W,60,76,2023-01-04,2022-07-14,6,raw_excess,143,143,True,143,0.11998121185937588,-0.017710348558131434,0.13769156041750732,61,0.4583497488427065,0.4302710200597524,,
W,60,77,2023-01-11,2022-07-21,6,raw_excess,143,143,True,143,0.0775481676016614,0.05531694327112899,0.022231224330532415,67,0.28632752224301516,0.2671254801536491,,
W,60,78,2023-01-19,2022-07-28,6,raw_excess,143,143,True,143,0.12344770240473268,0.0593387925561849,0.06410890984854778,63,0.1892872385830132,0.19408056732000392,,
W,60,79,2023-01-26,2022-08-04,6,raw_excess,143,143,True,143,0.06452019199656113,0.06261247224532016,0.0019077197512409744,64,0.0009500573523242926,-0.0015964082865491315,,
W,60,80,2023-02-02,2022-08-11,6,raw_excess,143,143,True,143,0.05553709725372537,0.01751337177568346,0.038023725478041906,122,-0.23294271180716453,-0.21016776650579466,,
W,60,81,2023-02-09,2022-08-18,6,raw_excess,143,143,True,143,0.14679060254786488,0.04581445207445306,0.10097615047341182,92,-0.07657014347155192,-0.10890869693686596,,
W,60,82,2023-02-16,2022-08-25,6,raw_excess,143,143,True,143,0.18182652709124425,0.0504578489917788,0.13136867809946545,64,0.029387865655471287,-0.0640122788010112,,
W,60,83,2023-02-24,2022-09-01,6,raw_excess,143,143,True,143,0.20843794661613735,0.007463859067027487,0.20097408754910986,95,0.2688575922323145,0.16795118027512396,,
W,60,84,2023-03-03,2022-09-09,7,raw_excess,143,143,True,143,0.25323887377015436,0.10398330133468557,0.14925557243546878,75,0.3334318263895728,0.26011195377392554,,
W,60,85,2023-03-10,2022-09-16,7,raw_excess,143,143,True,143,0.21120432299674463,0.1379219247358739,0.07328239826087074,80,0.41026051413375353,0.3753242063101218,,
W,60,86,2023-03-17,2022-09-23,7,raw_excess,143,143,True,143,0.2801259198225724,0.21027837554150042,0.06984754428107198,62,0.5093937752388457,0.48250927476279587,,
W,60,87,2023-03-24,2022-09-30,7,raw_excess,143,143,True,143,0.26559668089370153,0.09738015646540515,0.16821652442829638,78,0.4306937194261138,0.41686365277914567,,
W,60,88,2023-03-31,2022-10-07,7,raw_excess,143,143,True,143,0.21481012342056582,0.11488111497335693,0.0999290084472089,66,0.36804392790308277,0.34954364883942346,,
W,60,89,2023-04-10,2022-10-14,7,raw_excess,143,143,True,143,0.2583687049698354,0.22044294201926098,0.0379257629505744,63,0.4306690961620539,0.38366328507173575,,
W,60,90,2023-04-17,2022-10-21,7,raw_excess,143,143,True,143,0.3045707988616267,0.2049651300724513,0.0996056687891754,83,0.4574879346006106,0.47374339275747723,,
W,60,91,2023-04-24,2022-10-28,7,raw_excess,143,143,True,143,0.31388537131207206,0.3359557104649181,-0.022070339152846064,95,0.5215617715617715,0.46731261696050425,,
W,60,92,2023-05-01,2022-11-04,7,raw_excess,143,143,True,143,0.27462036443570315,0.16046084909646732,0.11415951533923582,97,0.5280869365376407,0.5417610558455629,,
W,60,93,2023-05-08,2022-11-11,7,raw_excess,143,143,True,143,0.24586374580357978,0.30625738694611016,-0.060393641142530374,73,0.5467842017137792,0.4853984044124889,,
W,60,94,2023-05-15,2022-11-18,7,raw_excess,143,143,True,143,0.27281619782371985,0.17153589758801116,0.10128030023570869,57,0.42813700384122916,0.4336895498867329,,
W,60,95,2023-05-22,2022-11-28,7,raw_excess,143,143,True,143,0.1657897747835983,0.059916679629984274,0.10587309515361402,84,0.23424111100167438,0.2251428149315473,,
W,60,96,2023-05-30,2022-12-05,8,raw_excess,143,143,True,143,0.08565266020690296,0.000381826473837916,0.08527083373306504,82,-0.04380068288518993,0.025370169736366913,,
W,60,97,2023-06-06,2022-12-12,8,raw_excess,143,143,True,143,0.13195280751495544,0.006415028262711364,0.12553777925224407,70,0.059210742309333854,0.19790948488131588,,
W,60,98,2023-06-13,2022-12-19,8,raw_excess,143,143,True,143,0.1176604477974527,-0.051763175763968515,0.1694236235614212,71,0.018855283798808926,0.06705735578975015,,
W,60,99,2023-06-21,2022-12-27,8,raw_excess,143,143,True,143,0.16890321321933835,-0.031978222898714624,0.20088143611805298,54,0.09234134410190749,0.06228865031681932,,
W,60,100,2023-06-28,2023-01-04,8,raw_excess,143,143,True,143,0.12277813248724637,-0.03833368337153143,0.1611118158587778,57,-0.019214353721395974,-0.13272760103746017,,
W,60,101,2023-07-06,2023-01-11,8,raw_excess,143,143,True,143,0.144328043783962,-0.027824400099193063,0.17215244388315507,69,0.13636788015031487,-0.002355625595062215,,
W,60,102,2023-07-13,2023-01-19,8,raw_excess,143,143,True,143,0.10156417284381133,-0.040562772680959695,0.14212694552477104,61,0.09542745986407958,-0.05345710627400768,,
W,60,103,2023-07-20,2023-01-26,8,raw_excess,143,143,True,143,0.0807029746651767,-0.03701472738045493,0.11771770204563163,48,0.05712597261893036,-0.0444618633048872,,
W,60,104,2023-07-27,2023-02-02,8,raw_excess,143,143,True,143,0.05704837658718556,0.030163676109662738,0.026884700477522824,36,-0.028735349157884366,-0.07028314759845142,,
W,60,105,2023-08-03,2023-02-09,8,raw_excess,143,143,True,143,0.020793381957838846,0.04217509268853022,-0.021381710730691377,52,-0.12842673758166714,-0.15344807774385236,,
W,60,106,2023-08-10,2023-02-16,8,raw_excess,143,143,True,143,0.09654878883394863,0.051909414177086007,0.04463937465686262,58,0.08569716668308217,0.0834154108801996,,
W,60,107,2023-08-17,2023-02-24,8,raw_excess,143,143,True,143,0.11798265185313862,0.14015697161781673,-0.02217431976467811,77,0.2886831478380774,0.31380945883156436,,
W,60,108,2023-08-24,2023-03-03,9,raw_excess,143,143,True,143,0.10836609986636697,0.15609350200211933,-0.047727402135752356,97,0.29934091729866374,0.3398338750451427,,
W,60,109,2023-08-31,2023-03-10,9,raw_excess,143,143,True,143,0.10629454793087006,0.07924322409069662,0.027051323840173447,84,0.20195180406448007,0.21589267539971763,,
W,60,110,2023-09-08,2023-03-17,9,raw_excess,143,143,True,143,0.12153446466676199,0.04585795805138011,0.07567650661538187,62,0.2579966697002549,0.22982533898026855,,
W,60,111,2023-09-15,2023-03-24,9,raw_excess,143,143,True,143,0.1411042776428571,0.05016521472438547,0.09093906291847163,91,0.3049269200548953,0.29978003217439836,,
W,60,112,2023-09-22,2023-03-31,9,raw_excess,143,143,True,143,0.21333861895502396,0.12377028310881784,0.08956833584620612,83,0.4379534784464362,0.47113743064447283,,
W,60,113,2023-09-29,2023-04-10,9,raw_excess,143,143,True,143,0.27769102246123617,0.1064340415609399,0.17125698090029629,86,0.4119718309859155,0.43252815259857513,,
W,60,114,2023-10-06,2023-04-17,9,raw_excess,143,143,True,143,0.17419397585723218,0.06366424954293498,0.1105297263142972,53,0.37227912932138285,0.29251616927673263,,
W,60,115,2023-10-13,2023-04-24,9,raw_excess,143,143,True,143,0.19246659586653767,0.17352939007206955,0.018937205794468115,67,0.4009365048097442,0.42287583308710064,,
W,60,116,2023-10-20,2023-05-01,9,raw_excess,143,143,True,143,0.16643086080849143,0.19447967815760092,-0.028048817349109495,53,0.3235866246429626,0.39402147148626016,,
W,60,117,2023-10-27,2023-05-08,9,raw_excess,143,143,True,143,0.20027001564800495,0.2851325106474107,-0.08486249499940574,83,0.30008782297514686,0.44559900193703006,,
W,60,118,2023-11-03,2023-05-15,9,raw_excess,143,143,True,143,0.09290226500367124,0.2135413198838235,-0.12063905488015225,81,0.2249786598378148,0.32899963885879374,,
W,60,119,2023-11-10,2023-05-22,9,raw_excess,143,143,True,143,0.14046654233140904,0.2881885944280855,-0.14772205209667644,101,0.26796677500902855,0.39411586066515647,,
W,60,120,2023-11-17,2023-05-30,10,raw_excess,143,143,True,143,0.12794188741925594,0.3572290467710083,-0.22928715935175237,81,0.30845973275550737,0.4502322794576315,,
W,60,121,2023-11-27,2023-06-06,10,raw_excess,143,143,True,143,0.047563003082744984,0.23837426034429932,-0.19081125726155435,81,0.27539068912308345,0.3590195016251354,,
W,60,122,2023-12-04,2023-06-13,10,raw_excess,143,143,True,143,0.22786805725872245,0.2809204116320981,-0.05305235437337563,89,0.2767531764010637,0.3315156557953169,,
W,60,123,2023-12-11,2023-06-21,10,raw_excess,143,143,True,143,0.35831000216860126,0.3387060979443333,0.019603904224267943,58,0.19251288617485798,0.2379797432614334,,
W,60,124,2023-12-18,2023-06-28,10,raw_excess,143,143,True,143,0.2121302652150162,0.22186838942069184,-0.00973812420567563,68,0.07427204836017931,0.18459650677960535,,
W,60,125,2023-12-26,2023-07-06,10,raw_excess,143,143,True,143,0.29173691449911143,0.24565064912058016,0.04608626537853128,56,0.12647739584359302,0.18855488992886613,,
W,60,126,2024-01-03,2023-07-13,10,raw_excess,143,143,True,143,0.29051497173945456,0.27341688724989605,0.017098084489558518,70,0.19803260120161525,0.25273318231064706,,
W,60,127,2024-01-10,2023-07-20,10,raw_excess,143,143,True,143,0.24988950226344137,0.1943459500309512,0.05554355223249016,48,0.13947847926721166,0.20093814636068155,,
W,60,128,2024-01-18,2023-07-27,10,raw_excess,143,143,True,143,0.25304534133202966,0.1603233016685506,0.09272203966347906,52,0.07383696116090481,0.12795479168718604,,
W,60,129,2024-01-25,2023-08-03,10,raw_excess,143,143,True,143,0.14498597921940212,0.05382101803589979,0.09116496118350234,59,-0.11136281558816769,0.04650513805443382,,
W,60,130,2024-02-01,2023-08-10,10,raw_excess,143,143,True,143,0.1757917654581358,0.10535409891688331,0.07043766654125248,68,0.038354837650612296,0.1670072884861617,,
W,60,131,2024-02-08,2023-08-17,10,raw_excess,143,143,True,143,0.1632378860982775,0.1157887948534174,0.04744909124486009,68,-0.08744140426623609,0.024180045306805866,,
W,60,132,2024-02-15,2023-08-24,11,raw_excess,143,143,True,143,0.04373273520483197,0.01712454870139045,0.026608186503441524,49,-0.12188117826549706,-0.09959289536754325,,
W,60,133,2024-02-23,2023-08-31,11,raw_excess,143,143,True,143,0.10654070094390622,0.08854635104619965,0.01799434989770657,55,0.03680155783345718,0.07377129912341181,,
W,60,134,2024-03-01,2023-09-08,11,raw_excess,143,143,True,143,0.09848236922066488,0.038364721720561684,0.06011764750010319,73,0.01097172733401146,0.014304079155674937,,
W,60,135,2024-03-08,2023-09-15,11,raw_excess,143,143,True,143,0.08221209132489339,0.05445792485624232,0.027754166468651073,72,-0.05310417282248268,-0.031651218956735755,,
W,60,136,2024-03-15,2023-09-22,11,raw_excess,143,143,True,143,0.1377985208311465,0.0317484998098462,0.10605002102130029,76,0.1762965957277469,0.11385386913555927,,
W,60,137,2024-03-22,2023-09-29,11,raw_excess,143,143,True,143,0.10663362546764484,0.0157582287723536,0.09087539669529124,75,0.14575155486002575,0.15090367379099773,,
W,60,138,2024-04-01,2023-10-06,11,raw_excess,143,143,True,143,0.07441726583222452,0.007250861376398519,0.067166404455826,54,0.1255028537367015,0.07523638333497487,,
W,60,139,2024-04-08,2023-10-13,11,raw_excess,143,143,True,143,0.07082627641913858,0.02914993548859352,0.04167634093054506,64,0.16503759668497137,0.12313683968613545,,
W,60,140,2024-04-15,2023-10-20,11,raw_excess,143,143,True,143,0.14260713973584735,0.07777340586057682,0.06483373387527053,59,0.1421008568895893,0.12812715453560522,,
W,60,141,2024-04-22,2023-10-27,11,raw_excess,143,143,True,143,0.13139656159981797,0.0774852177386913,0.05391134386112667,62,0.17475130503299516,0.08852473817262549,,
W,60,142,2024-04-29,2023-11-03,11,raw_excess,143,143,True,143,0.06973168333714777,0.031322360926012933,0.03840932241113484,49,-0.04596347340225486,-0.0012229554483075607,,
W,60,143,2024-05-06,2023-11-10,11,raw_excess,143,143,True,143,0.03458339837215571,-5.532700070611223e-05,0.03463872537286182,44,-0.15369431038445122,-0.10815358350569618,,
W,60,144,2024-05-13,2023-11-17,12,raw_excess,143,143,True,143,0.04957944291991327,0.023295563343148938,0.026283879576764334,51,-0.014609803342197707,-0.088910502642897,,
W,60,145,2024-05-20,2023-11-27,12,raw_excess,143,143,True,143,-0.008358992918550807,0.007552026617056083,-0.01591101953560689,59,0.022066548474999177,-0.0405298926425687,,
W,60,146,2024-05-28,2023-12-04,12,raw_excess,143,143,True,143,0.021865928072101953,-0.04272590480937498,0.06459183288147693,63,0.03345891198003874,-0.057708723201680946,,
W,60,147,2024-06-04,2023-12-11,12,raw_excess,143,143,True,143,0.0835357449661349,-0.07494282141689687,0.15847856638303176,60,0.1556846908959585,0.017650776453593354,,
W,60,148,2024-06-11,2023-12-18,12,raw_excess,143,143,True,143,0.04883312767732216,-0.11985183173820421,0.16868495941552636,75,-0.13299462596187173,-0.16570242549668254,,
W,60,149,2024-06-18,2023-12-26,12,raw_excess,143,143,True,143,0.029406159957026893,-0.16929138973828556,0.19869754969531245,55,-0.10906464427591189,-0.16786910272825767,,
W,60,150,2024-06-26,2024-01-03,12,raw_excess,143,143,True,143,0.034475536591961585,-0.02719095731242834,0.06166649390438993,76,-0.08223349420532518,-0.13118454315637412,,
W,60,151,2024-07-03,2024-01-10,12,raw_excess,143,143,True,143,0.02088479039719847,-0.09270349543527714,0.11358828583247561,74,-0.1397247119078105,-0.26133901309957647,,
W,60,152,2024-07-11,2024-01-18,12,raw_excess,143,143,True,143,0.029393978912028003,-0.10812583524632859,0.1375198141583566,66,-0.09682277816080632,-0.18650070586690304,,
W,60,153,2024-07-18,2024-01-25,12,raw_excess,143,143,True,143,0.07013455309441634,-0.03989354772517165,0.110028100819588,81,0.06232564915714682,0.020100791227551786,,
W,60,154,2024-07-25,2024-02-01,12,raw_excess,143,143,True,143,0.1243101913021387,0.056534444068961826,0.06777574723317688,107,0.07702156997931645,0.07757969729800715,,
W,60,155,2024-08-01,2024-02-08,12,raw_excess,143,143,True,143,0.09728819779346612,0.08223577068469488,0.015052427108771235,93,0.20308037033389145,0.28707267050873486,,
W,60,156,2024-08-08,2024-02-15,13,raw_excess,143,143,True,143,0.21256939650487466,0.21552595448869644,-0.0029565579838217726,83,0.26754024625355344,0.25246258542499234,,
W,60,157,2024-08-15,2024-02-23,13,raw_excess,143,143,True,143,0.2596423894374331,0.2818469600848058,-0.02220457064737269,80,0.22637397813454155,0.25613555941561894,,
W,60,158,2024-08-22,2024-03-01,13,raw_excess,143,143,True,143,0.2927618975703277,0.2820139137084877,0.010747983861840005,62,0.22557372205259527,0.20320779901661173,,
W,60,159,2024-08-29,2024-03-08,13,raw_excess,143,143,True,143,0.34604337135327734,0.4362676125610658,-0.09022424120778844,85,0.24165501335313178,0.27466430283331694,,
W,60,160,2024-09-06,2024-03-15,13,raw_excess,143,143,True,143,0.2881909162200583,0.487508754097728,-0.19931783787766966,53,0.3439623756525164,0.38233812495723873,,
W,60,161,2024-09-13,2024-03-22,13,raw_excess,143,143,True,143,0.41438244866710056,0.29555118724835305,0.1188312614187475,50,0.2812305065826192,0.3604832735883553,,
W,60,162,2024-09-20,2024-04-01,13,raw_excess,143,143,True,143,0.4017779273583062,0.29777549086404453,0.10400243649426166,59,0.2532748941199645,0.31380125106845685,,
W,60,163,2024-09-27,2024-04-08,13,raw_excess,143,143,True,143,0.2928533448094693,0.19952128172440797,0.09333206308506131,61,0.22048491414688595,0.21069122702991638,,
W,60,164,2024-10-04,2024-04-15,13,raw_excess,143,143,True,143,0.22131481925424074,0.12123998504297824,0.1000748342112625,68,0.18135444367838735,0.1658007485472274,,
W,60,165,2024-10-11,2024-04-22,13,raw_excess,143,143,True,143,0.12265644442107454,0.12588021052336776,-0.0032237661022932185,88,0.20590794182343478,0.13871926195869855,,
W,60,166,2024-10-18,2024-04-29,13,raw_excess,143,143,True,143,0.038858441500027444,0.04431167498120238,-0.005453233481174935,98,0.29551230292406855,0.21201267689023118,,
W,60,167,2024-10-25,2024-05-06,13,raw_excess,143,143,True,143,0.139827302850147,0.030925946929344444,0.10890135592080255,89,0.31253898683476145,0.20661791260382809,,
W,60,168,2024-11-01,2024-05-13,14,raw_excess,143,143,True,143,0.08032667571120258,-0.031159138071000205,0.11148581378220279,75,0.17366377753701698,0.14168636527791456,,
W,60,169,2024-11-08,2024-05-20,14,raw_excess,143,143,True,143,0.1367481685966536,-0.08853823733176173,0.2252864059284153,79,0.1700359499655274,0.12560737384681045,,
W,60,170,2024-11-15,2024-05-28,14,raw_excess,143,143,True,143,0.2723714165236616,0.07449045179170709,0.1978809647319545,62,0.17571571620867396,0.15671476410913027,,
W,60,171,2024-11-22,2024-06-04,14,raw_excess,143,143,True,143,0.05617984231551329,-0.02863531284386566,0.08481515515937896,49,-0.08609934666272695,-0.0953494861945566,,
W,60,172,2024-12-02,2024-06-11,14,raw_excess,143,143,True,143,-0.006706087996035413,-0.046667579535889306,0.03996149153985389,71,-0.19224222750493092,-0.18748602113951027,,
W,60,173,2024-12-09,2024-06-18,14,raw_excess,143,143,True,143,-0.022253236225849897,-0.12678730543800382,0.10453406921215391,48,-0.3976821300764962,-0.36539692701664533,,
W,60,174,2024-12-16,2024-06-26,14,raw_excess,143,143,True,143,0.04555146299154373,-0.035681117662624884,0.0812325806541686,70,-0.22385419744574675,-0.30912866476246753,,
W,60,175,2024-12-23,2024-07-03,14,raw_excess,143,143,True,143,0.05429635233336265,-0.02224540749447283,0.07654175982783548,72,-0.16147526182737448,-0.27368758002560817,,
W,60,176,2024-12-31,2024-07-11,14,raw_excess,143,143,True,143,0.028105986970523016,-0.0743660551768142,0.10247204214733721,56,-0.2579204832725959,-0.38003135362290286,,
W,60,177,2025-01-08,2024-07-18,14,raw_excess,143,143,True,143,0.050493099692920915,-0.06676766128096215,0.11726076097388306,61,-0.30227108572178996,-0.4240397173659005,,
W,60,178,2025-01-16,2024-07-25,14,raw_excess,143,143,True,143,0.06631351368862151,-0.06717096886545154,0.13348448255407305,73,-0.270326504481434,-0.3768795758232378,,
W,60,179,2025-01-24,2024-08-01,14,raw_excess,143,143,True,143,0.053119523599790476,-0.09955700115698615,0.15267652475677662,81,-0.35915082570012147,-0.4591910436980859,,
W,60,180,2025-01-31,2024-08-08,15,raw_excess,143,143,True,143,0.07719089927159878,-0.08847267076559202,0.1656635700371908,80,-0.19897649299057746,-0.3874207822615862,,
W,60,181,2025-02-07,2024-08-15,15,raw_excess,143,143,True,143,0.0504530190915884,-0.08649396768818426,0.13694698677977266,82,-0.24934363544412502,-0.389470271512525,,
W,60,182,2025-02-14,2024-08-22,15,raw_excess,143,143,True,143,0.03343310463900379,-0.06125985663610483,0.09469296127510862,65,-0.13018730096194883,-0.25352933451525,,
W,60,183,2025-02-24,2024-08-29,15,raw_excess,143,143,True,143,0.09190738654072474,0.004052525584567085,0.08785486095615765,66,0.14876365438348546,0.060835940153127314,,
W,60,184,2025-03-03,2024-09-06,15,raw_excess,143,143,True,143,0.12092614152066167,0.02458206590630515,0.09634407561435651,66,0.3599798089234709,0.2878828917561312,,
W,60,185,2025-03-10,2024-09-13,15,raw_excess,143,143,True,143,0.12610295867470495,0.14863043829935382,-0.022527479624648877,105,0.5722487606290423,0.41309218950064014,,
W,60,186,2025-03-17,2024-09-20,15,raw_excess,143,143,True,143,0.10310939145945566,0.06478738875273676,0.0383220027067189,86,0.5271143176072753,0.3466873502084769,,
W,60,187,2025-03-24,2024-09-27,15,raw_excess,143,143,True,143,0.10367586744049893,0.03640358031759937,0.06727228712289957,78,0.4413720082734167,0.34145080271840833,,
W,60,188,2025-03-31,2024-10-04,15,raw_excess,143,143,True,143,0.11086776668603339,0.18685785048635387,-0.07599008380032048,52,0.6285539577793099,0.5339349617518632,,
W,60,189,2025-04-07,2024-10-11,15,raw_excess,143,143,True,143,0.06896739885650359,0.19606269732361878,-0.1270952984671152,55,0.6871573262418332,0.5294863587117108,,
W,60,190,2025-04-14,2024-10-18,15,raw_excess,143,143,True,143,0.128457100989417,0.12230066915439666,0.006156431835020348,45,0.682696411569651,0.44833674810501206,,
W,60,191,2025-04-22,2024-10-25,15,raw_excess,143,143,True,143,0.10705308664015989,0.15940090827748654,-0.05234782163732665,50,0.6542278144390821,0.43132982041432744,,
W,60,192,2025-04-29,2024-11-01,16,raw_excess,143,143,True,143,0.15066417858364084,0.0518994257678028,0.09876475281583805,56,0.5853770642503037,0.32744016546833443,,
W,60,193,2025-05-06,2024-11-08,16,raw_excess,143,143,True,143,0.12745263320566985,0.10421434110557419,0.02323829210009566,56,0.48544765094060865,0.3262090022653402,,
W,60,194,2025-05-13,2024-11-15,16,raw_excess,143,143,True,143,0.21322343327013613,0.23709244892787798,-0.023869015657741854,96,0.30527512393709577,0.27274779211398925,,
W,60,195,2025-05-20,2024-11-22,16,raw_excess,143,143,True,143,0.1683485172828869,0.17318764355912677,-0.0048391262762398635,105,0.47105124922026326,0.34931383170819785,,
W,60,196,2025-05-28,2024-12-02,16,raw_excess,143,143,True,143,0.10742769620000207,0.10538868103279363,0.0020390151672084467,84,0.4338249778390624,0.21659876452657223,,
W,60,197,2025-06-04,2024-12-09,16,raw_excess,143,143,True,143,0.11742752715983319,0.08415453730807146,0.03327298985176173,54,0.41257510095538263,0.20228832200663185,,
W,60,198,2025-06-11,2024-12-16,16,raw_excess,143,143,True,143,0.18623851475976022,0.10322518277779257,0.08301333198196766,40,0.42049558422797856,0.2215765455202075,,
W,60,199,2025-06-18,2024-12-23,16,raw_excess,143,143,True,143,0.2860399742054007,0.10345711117096625,0.1825828630344345,60,0.3940337831182902,0.2737778653271611,,
W,60,200,2025-06-26,2024-12-31,16,raw_excess,143,143,True,143,0.22887357792607052,0.1141240251737165,0.11474955275235402,36,0.40109245214879014,0.2621392691815227,,
W,60,201,2025-07-03,2025-01-08,16,raw_excess,143,143,True,143,0.15058970514051429,0.15678439865695823,-0.006194693516443944,35,0.35527676548803305,0.25421057815424014,,
W,60,202,2025-07-11,2025-01-16,16,raw_excess,143,143,True,143,0.15564219582870398,0.08852251820114501,0.06711967762755897,31,0.40513887520929776,0.2826873830394957,,
W,60,203,2025-07-18,2025-01-24,16,raw_excess,143,143,True,143,0.15729390041487015,0.12410386503904484,0.03319003537582531,33,0.38921172723989617,0.3130109327292426,,
W,60,204,2025-07-25,2025-01-31,17,raw_excess,143,143,True,143,0.17481772391530773,0.08819041949293886,0.08662730442236886,45,0.3561673068715322,0.2918923799205489,,
W,60,205,2025-08-01,2025-02-07,17,raw_excess,143,143,True,143,0.1474652552233703,0.0026857194385554763,0.14477953578481484,59,0.47348895236219174,0.3314253704011339,,
W,60,206,2025-08-08,2025-02-14,17,raw_excess,143,143,True,143,0.1337094419084265,-0.04975222621663856,0.18346166812506506,81,0.48231639252766006,0.3167782921304048,,
W,60,207,2025-08-15,2025-02-24,17,raw_excess,143,143,True,143,0.19697892456419783,-0.06913230874545165,0.2661112333096495,72,0.3360993466627269,0.18910481005707167,,
W,60,208,2025-08-22,2025-03-03,17,raw_excess,143,143,True,143,0.08145268724943247,0.03420942101806518,0.04724326623136729,79,0.19972339866706063,0.13224334351094913,,
W,60,209,2025-08-29,2025-03-10,17,raw_excess,143,143,True,143,0.11244002355454513,0.07102057713452897,0.04141944642001616,68,0.042986107334992724,0.06903952854657079,,
W,60,210,2025-09-08,2025-03-17,17,raw_excess,143,143,True,143,0.17440993201311958,0.003282178502133649,0.17112775351098594,64,0.07758388077407392,0.054827801306674535,,
W,60,211,2025-09-15,2025-03-24,17,raw_excess,143,143,True,143,0.15723426582444025,-0.03539661445746754,0.19263088028190778,61,0.13810396373835612,0.06026543878656554,,
W,60,212,2025-09-22,2025-03-31,17,raw_excess,143,143,True,143,0.1695201989384834,-0.020988933410861287,0.1905091323493447,65,-0.0002995830460619193,-0.06400407104632456,,
W,60,213,2025-09-29,2025-04-07,17,raw_excess,143,143,True,143,0.24042298979956003,0.11728283557054583,0.1231401542290142,81,0.08954874744409841,0.07306132834301848,,
W,60,214,2025-10-06,2025-04-14,17,raw_excess,144,143,True,143,0.2385958040067657,0.09123941797972221,0.14735638602704348,81,0.011689918599450474,-0.02438523917397157,,
W,60,215,2025-10-13,2025-04-22,17,raw_excess,144,143,True,143,0.2408524006564973,0.044864538020537956,0.19598786263595935,97,0.0007058697998590246,-0.012722019764273285,,
W,60,216,2025-10-20,2025-04-29,18,raw_excess,144,143,True,143,0.26596085225184657,-0.09950513851008262,0.3654659907619292,73,0.027668369435535915,-0.00797383367805903,,
W,60,217,2025-10-27,2025-05-06,18,raw_excess,144,143,True,143,0.2380471306676732,0.011358655111741873,0.22668847555593133,67,-0.025460455037919827,-0.11999737351850026,,
W,60,218,2025-11-03,2025-05-13,18,raw_excess,144,143,True,143,0.23194578975927657,0.0731333357948055,0.15881245396447108,67,-0.05418765203601546,-0.1906866607570833,,
W,60,219,2025-11-10,2025-05-20,18,raw_excess,144,143,True,143,0.08701734905778455,-0.03691644236546453,0.12393379142324908,60,-0.09188991759414294,-0.15629206474276897,,
W,60,220,2025-11-17,2025-05-28,18,raw_excess,144,143,True,143,0.19454828359755932,0.05206073399648089,0.14248754960107843,59,0.01135132473160642,-0.07145671230178272,,
W,60,221,2025-11-24,2025-06-04,18,raw_excess,144,143,True,143,0.12885969655964094,0.10051561086122232,0.02834408569841862,64,-0.01552496798975672,-0.08311172395679438,,
W,60,222,2025-12-02,2025-06-11,18,raw_excess,144,143,True,143,0.2809065975413455,0.08949023370503495,0.19141636383631055,37,-0.0696879411668144,-0.10836698512754851,,
W,60,223,2025-12-09,2025-06-18,18,raw_excess,144,143,True,143,0.18381178719312785,0.014535100650850254,0.1692766865422776,64,-0.06601907482189172,-0.21739469450737053,,
W,60,224,2025-12-16,2025-06-26,18,raw_excess,144,143,True,143,0.2788623274471458,0.045637594191516924,0.23322473325562887,64,-0.019128172297186382,-0.1300354575002462,,
W,60,225,2025-12-23,2025-07-03,18,raw_excess,144,143,True,143,0.20161378643924857,0.04384343890469518,0.15777034753455338,64,-0.07073860634238097,-0.13462769624741455,,
W,60,226,2025-12-31,2025-07-11,18,raw_excess,144,143,True,143,0.19814187903392727,0.02963529749038143,0.16850658154354584,58,-0.14085327817722182,-0.22378853540825372,,
W,60,227,2026-01-08,2025-07-18,18,raw_excess,144,143,True,143,0.26112843868964664,0.15056640144252806,0.11056203724711858,73,-0.02140582422272563,-0.06922420302701993,,
W,60,228,2026-01-15,2025-07-25,19,raw_excess,144,143,True,143,0.27861229477914634,0.14834239125811197,0.13026990352103437,75,0.024664302833316915,0.03424685642995502,,
W,60,229,2026-01-23,2025-08-01,19,raw_excess,144,143,True,143,0.2919980614255492,0.1929813621635315,0.09901669926201767,56,0.04224120949473062,0.10794428576118716,,
W,60,230,2026-01-30,2025-08-08,19,raw_excess,144,143,True,143,0.26299710073194343,0.13754397630977752,0.1254531244221659,63,0.09011508309851904,0.10499359795134441,,
W,60,231,2026-02-06,2025-08-15,19,raw_excess,144,143,True,143,0.19087339528068456,0.17947547501431993,0.01139792026636463,53,0.35016333431826385,0.2887447059982271,,
A,20,0,2021-07-01,2021-05-05,0,raw_excess,130,129,True,129,-0.011561024562063643,0.024168958941881986,-0.03572998350394563,68,-0.14489042933810378,0.01165026833631485,0.009999999999999998,-0.04572998350394562
A,20,1,2021-07-09,2021-05-12,0,raw_excess,130,129,True,129,0.0028501204676764503,0.018206204143133637,-0.015356083675457186,68,0.019130143112701257,0.11951587656529518,0.0008333333333333334,-0.016189417008790518
A,20,2,2021-07-16,2021-05-19,0,raw_excess,130,129,True,129,0.03215073496815758,-0.0065870150862909985,0.03873775005444858,54,0.21162790697674422,0.18838327370304117,0.0008333333333333334,0.03790441672111525
A,20,3,2021-07-23,2021-05-26,0,raw_excess,130,129,True,129,0.04011643105223786,-0.031639894202540285,0.07175632525477815,76,0.030433810375670847,0.0065630590339892676,0.0008333333333333334,0.07092299192144481
A,20,4,2021-07-30,2021-06-03,1,raw_excess,131,129,True,129,0.08012566854326932,0.044840886600337214,0.0352847819429321,62,0.2589054114490162,0.1982558139534884,0.0016666666666666668,0.03361811527626544
A,20,5,2021-08-06,2021-06-10,1,raw_excess,131,129,True,129,0.06859038201215484,0.048598233186431625,0.019992148825723213,69,0.15764199463327372,0.11821891771019678,0.0016666666666666668,0.018325482159056546
A,20,6,2021-08-13,2021-06-17,1,raw_excess,604,129,True,129,0.03497394612270275,0.050119574348636974,-0.015145628225934224,67,0.16636292486583187,0.07167374776386405,0.0016666666666666668,-0.01681229489260089
A,20,7,2021-08-20,2021-06-24,1,raw_excess,604,130,True,130,0.013137945712383697,0.01911465816853424,-0.005976712456150541,49,0.26612680768547975,0.19297546054158868,0.0023076923076923075,-0.008284404763842849
A,20,8,2021-08-27,2021-07-01,2,raw_excess,606,130,True,130,-4.903537895435998e-05,0.006808910876645141,-0.006857946255599501,50,0.14830463341026096,0.11653579865900121,0.0007692307692307692,-0.00762717702483027
A,20,9,2021-09-03,2021-07-09,2,raw_excess,606,130,True,130,0.010698718453774216,-0.0029217813016021357,0.013620499755376351,71,0.10741919185022326,0.11058733561840253,0.003076923076923077,0.010543576678453275
A,20,10,2021-09-13,2021-07-16,2,raw_excess,606,130,True,130,0.012219217178823297,0.015030516215380745,-0.002811299036557448,69,0.1487634680249628,0.19974873342528232,0.0023076923076923075,-0.005118991344249755
A,20,11,2021-09-20,2021-07-23,2,raw_excess,606,130,True,130,0.055681213061271335,0.04678168880230344,0.008899524258967895,70,0.15540018298761418,0.20704092640893632,0.0007692307692307692,0.008130293489737126
A,20,12,2021-09-27,2021-07-30,3,raw_excess,606,131,True,131,0.025053403122278863,0.012036341445795651,0.013017061676483211,74,0.06978060107831101,0.2081353760743074,0.0023076923076923075,0.010709369368790904
A,20,13,2021-10-04,2021-08-06,3,raw_excess,607,131,True,131,0.03543260089859927,0.025346016553359982,0.010086584345239291,71,0.11388458869374898,0.21947365611487749,0.0023076923076923075,0.007778892037546984
A,20,14,2021-10-11,2021-08-13,3,raw_excess,609,604,True,604,0.005346108391709695,0.012096539350382657,-0.006750430958672962,96,0.06632760340381176,0.06249884614473469,0.008733333333333338,-0.0154837642920063
A,20,15,2021-10-18,2021-08-20,3,raw_excess,609,604,True,604,0.006764222188515731,0.0041943187767443015,0.0025699034117714296,68,-0.051792594141655574,-0.023037949108379616,0.002166666666666666,0.00040323674510476344
A,20,16,2021-10-25,2021-08-27,4,raw_excess,609,606,True,606,-0.018100873945006677,-0.0003339334745436056,-0.017766940470463073,74,-0.21394038449144223,-0.16101625056791477,0.0017666666666666664,-0.01953360713712974
A,20,17,2021-11-01,2021-09-03,4,raw_excess,609,606,True,606,-0.010158742500584714,-0.018829233393191556,0.008670490892606842,75,-0.27367360069839547,-0.24377508291491126,0.002033333333333333,0.006637157559273509
A,20,18,2021-11-08,2021-09-13,4,raw_excess,609,606,True,606,-0.02476645305189537,-0.023065529435989777,-0.001700923615905594,77,-0.3784479601172638,-0.36861342866351937,0.0021,-0.0038009236159055938
A,20,19,2021-11-15,2021-09-20,4,raw_excess,609,606,True,606,-0.029512744870961553,-0.028994299027378108,-0.0005184458435834455,90,-0.398355573164026,-0.3753132150117812,0.002166666666666666,-0.0026851125102501116
A,20,20,2021-11-22,2021-09-27,5,raw_excess,609,606,True,606,-0.010467888700311179,-0.021533809811335188,0.011065921111024009,44,-0.24885106752400565,-0.22512347086138895,0.002333333333333333,0.008732587777690676
A,20,21,2021-11-30,2021-10-04,5,raw_excess,609,607,True,607,-0.038445262558645665,-0.02441437910794142,-0.014030883450704246,62,-0.19301795836828112,-0.2398880354522923,0.002433333333333334,-0.016464216784037578
A,20,22,2021-12-07,2021-10-11,5,raw_excess,609,609,True,609,-0.0013287801804674746,-0.021635802797747412,0.020307022617279936,82,-0.13161629696060387,-0.19582635574238022,0.0022666666666666664,0.01804035595061327
A,20,23,2021-12-14,2021-10-18,5,raw_excess,609,609,True,609,0.021792691082069982,0.0026412327747087246,0.019151458307361258,83,0.032999454273572405,0.016530754394431278,0.0011666666666666668,0.01798479164069459
A,20,24,2021-12-21,2021-10-25,6,raw_excess,609,609,True,609,0.010702773976358314,-0.01630218934779545,0.027004963324153766,87,-0.13107023848484975,-0.08719530595850847,0.001,0.026004963324153765
A,20,25,2021-12-29,2021-11-01,6,raw_excess,609,609,True,609,-0.016778719844832823,0.004247586027730629,-0.02102630587256345,136,-0.19504302375497815,-0.07923415803499703,0.0015999999999999999,-0.02262630587256345
A,20,26,2022-01-05,2021-11-08,6,raw_excess,609,609,True,609,-0.007689058542370987,0.023967311768086086,-0.03165637031045707,90,-0.164097638103172,-0.06407298630975403,0.0015,-0.033156370310457074
A,20,27,2022-01-12,2021-11-15,6,raw_excess,609,609,True,609,0.0019325300835799806,-0.023099572966998647,0.025032103050578628,63,0.043959142361439156,0.024684893028814082,0.0020999999999999994,0.022932103050578627
A,20,28,2022-01-20,2021-11-22,7,raw_excess,609,609,True,609,0.015836642899460265,0.0031000623957096385,0.012736580503750625,120,0.09061250143447934,0.1236665717430943,0.002166666666666666,0.01056991383708396
A,20,29,2022-01-27,2021-11-30,7,raw_excess,609,609,True,609,0.03320673865409916,0.03033473043452988,0.0028720082195692817,68,0.2097232729931102,0.20464319716759388,0.0026,0.0002720082195692818
A,20,30,2022-02-03,2021-12-07,7,raw_excess,609,609,True,609,0.024604302800540864,-0.0035694790758423007,0.028173781876383166,62,-0.07731222236598008,-0.03419665968199186,0.001833333333333333,0.026340448543049833
A,20,31,2022-02-10,2021-12-14,7,raw_excess,609,609,True,609,-0.005382302152076562,0.001664380773136554,-0.007046682925213116,54,-0.25993294951181145,-0.20767637720644172,0.001833333333333333,-0.008880016258546449
A,20,32,2022-02-17,2021-12-21,8,raw_excess,609,609,True,609,0.011056152560512605,0.022956799215157375,-0.01190064665464477,89,-0.01832191416925581,-0.026617667685324104,0.0020999999999999994,-0.01400064665464477
A,20,33,2022-02-25,2021-12-29,8,raw_excess,609,609,True,609,0.003951728065060362,0.03099416377457638,-0.02704243570951602,74,-0.12984035838607258,-0.07720500728928027,0.0026,-0.029642435709516017
A,20,34,2022-03-04,2022-01-05,8,raw_excess,609,609,True,609,0.05018285889066659,0.05141510776371358,-0.0012322488730469872,56,0.12369520984434318,0.13458428966952107,0.003166666666666667,-0.004398915539713654
A,20,35,2022-03-11,2022-01-12,8,raw_excess,609,609,True,609,0.038625471647825024,0.028666437993779742,0.009959033654045282,61,0.04569677444034053,0.039623348223583266,0.0026666666666666666,0.007292366987378616
A,20,36,2022-03-18,2022-01-20,9,raw_excess,609,609,True,609,0.025413822068770187,0.027318466083749895,-0.001904644014979709,58,-0.17806165711055477,-0.18117862136970464,0.002333333333333333,-0.004237977348313042
A,20,37,2022-03-25,2022-01-27,9,raw_excess,609,609,True,609,-0.012410453008350657,-0.005366332515375654,-0.007044120492975003,44,-0.27028837285412505,-0.2890580570986539,0.002166666666666666,-0.00921078715964167
A,20,38,2022-04-01,2022-02-03,9,raw_excess,609,609,True,609,-0.01790628085453505,-0.03908659039137814,0.021180309536843092,68,-0.16269195458969637,-0.25696750873661034,0.0014333333333333331,0.01974697620350976
A,20,39,2022-04-08,2022-02-10,9,raw_excess,609,609,True,609,-0.02175757740696091,-0.0782655434841845,0.056507966077223595,89,-0.1528231085061438,-0.2696224858042659,0.0011666666666666668,0.055341299410556925
A,20,40,2022-04-18,2022-02-17,10,raw_excess,609,609,True,609,-0.04117699979466097,-0.05073069925057369,0.009553699455912723,89,-0.17227958959014264,-0.23728573128695107,0.0013333333333333333,0.008220366122579389
A,20,41,2022-04-25,2022-02-25,10,raw_excess,609,609,True,609,0.010217406531737248,-0.007067947467217658,0.017285353998954908,94,-0.022507778065854286,-0.05517958618989531,0.001933333333333333,0.015352020665621576
A,20,42,2022-05-02,2022-03-04,10,raw_excess,609,609,True,609,-0.0010843584684129802,0.028970463245946942,-0.03005482171435992,43,-0.04746910025204333,-0.03258844893465999,0.0016666666666666666,-0.031721488381026584
A,20,43,2022-05-09,2022-03-11,10,raw_excess,609,609,True,609,0.021489668991459106,0.03820739024913664,-0.016717721257677537,79,0.25459075897771555,0.24737139626907853,0.0027666666666666673,-0.019484387924344204
A,20,44,2022-05-16,2022-03-18,11,raw_excess,609,609,True,609,-0.01236680898503448,-0.01193913686629423,-0.000427672118740249,66,-0.002426395270255911,0.027515917407991426,0.001933333333333333,-0.002361005452073582
A,20,45,2022-05-23,2022-03-25,11,raw_excess,609,609,True,609,-0.009213840297980542,-0.04684013860423897,0.037626298306258424,53,-0.0707962316758544,-0.1316826549131449,0.0013333333333333333,0.03629296497292509
A,20,46,2022-05-31,2022-04-01,11,raw_excess,609,609,True,609,0.0003433875808484957,-0.05171819858057278,0.05206158616142127,56,-0.14433534727151395,-0.24748216995286404,0.0026000000000000003,0.049461586161421274
A,20,47,2022-06-07,2022-04-08,11,raw_excess,609,609,True,609,0.003822096024837778,-0.051548860153846736,0.05537095617868451,52,-0.07538688439583978,-0.20674779090178808,0.0019999999999999996,0.05337095617868451
A,20,48,2022-06-14,2022-04-18,12,raw_excess,609,609,True,609,0.0022744935720228547,-0.008011266035003954,0.01028575960702681,61,-0.024928913578462827,-0.11434245591366769,0.0032666666666666677,0.0070190929403601415
A,20,49,2022-06-22,2022-04-25,12,raw_excess,609,609,True,609,0.03264781351007203,0.023837085270231328,0.008810728239840703,53,0.19990960389123252,0.14028437942675523,0.0019999999999999996,0.006810728239840703
A,20,50,2022-06-29,2022-05-02,12,raw_excess,609,609,True,609,0.019286151872987913,0.019864309242614488,-0.0005781573696265752,61,0.142396674983105,0.12857020660753066,0.0013333333333333333,-0.0019114907029599084
A,20,51,2022-07-07,2022-05-09,12,raw_excess,609,609,True,609,0.025292751546785237,0.016779289398409104,0.008513462148376134,71,0.19580659180455373,0.19751866948320485,0.001833333333333333,0.006680128815042801
A,20,52,2022-07-14,2022-05-16,13,raw_excess,609,609,True,609,0.0715118534601834,0.0736050736401552,-0.002093220179971794,66,0.34887839652834735,0.32252940151396003,0.0011666666666666668,-0.0032598868466384608
A,20,53,2022-07-21,2022-05-23,13,raw_excess,609,609,True,609,0.027887881517606357,0.035071243914016316,-0.007183362396409959,61,0.10329276767384825,0.02819660442797213,0.0019999999999999996,-0.00918336239640996
A,20,54,2022-07-28,2022-05-31,13,raw_excess,609,609,True,609,0.03278998071814064,0.055460591630971605,-0.022670610912830964,66,0.23424320056784123,0.13331610187141113,0.0015,-0.024170610912830966
A,20,55,2022-08-04,2022-06-07,13,raw_excess,609,609,True,609,0.021059676758816613,0.016783639023900405,0.004276037734916208,80,-0.06000650297309128,-0.1676664102313443,0.002266666666666667,0.002009371068249541
A,20,56,2022-08-11,2022-06-14,14,raw_excess,609,609,True,609,0.02369977402443321,-0.0004478004284477262,0.024147574452880936,97,-0.06274194885177896,-0.15676925496329855,0.0016666666666666666,0.02248090778621427
A,20,57,2022-08-18,2022-06-22,14,raw_excess,609,609,True,609,0.03075347221394778,0.012153381637582181,0.0186000905763656,106,-0.018084056240091465,-0.1210891842381533,0.001933333333333333,0.01666675724303227
A,20,58,2022-08-25,2022-06-29,14,raw_excess,609,609,True,609,0.005394547008155108,-8.748551777769571e-05,0.005482032525932804,77,-0.27342855442733455,-0.3493112905213854,0.001833333333333333,0.0036486991925994707
A,20,59,2022-09-01,2022-07-07,14,raw_excess,609,609,True,609,0.008874197217222799,-0.0034905166745175962,0.012364713891740396,45,0.03588530753112289,-0.1186977477611496,0.003933333333333334,0.008431380558407062
A,20,60,2022-09-09,2022-07-14,15,raw_excess,609,609,True,609,0.0006174736981591667,0.0005505348697461671,6.693882841299955e-05,48,0.03060737981188131,-0.10093246471180777,0.0032000000000000006,-0.003133061171587001
A,20,61,2022-09-16,2022-07-21,15,raw_excess,609,609,True,609,-0.00854997854054505,-0.01343724157516231,0.00488726303461726,47,-0.11443309375757085,-0.09374062275530542,0.0037000000000000006,0.0011872630346172592
A,20,62,2022-09-23,2022-07-28,15,raw_excess,609,609,True,609,0.0032219817518816998,-0.0005025149049231702,0.00372449665680487,81,0.02703584498272249,0.17499856552064158,0.0019999999999999996,0.0017244966568048703
A,20,63,2022-09-30,2022-08-04,15,raw_excess,609,609,True,609,0.008561813675467527,0.00344437736191443,0.005117436313553097,75,-0.007693856603067872,0.09782118524122628,0.002266666666666667,0.0028507696468864302
A,20,64,2022-10-07,2022-08-11,16,raw_excess,609,609,True,609,0.002845700823477141,-0.014367251006106264,0.017212951829583406,51,-0.10189218453142464,-0.029042681605086766,0.0024333333333333334,0.014779618496250074
A,20,65,2022-10-14,2022-08-18,16,raw_excess,609,609,True,609,-0.0013628470869629173,0.028277357838246364,-0.02964020492520928,62,0.21679897525044944,0.2131907815043544,0.002433333333333334,-0.032073538258542617
A,20,66,2022-10-21,2022-08-25,16,raw_excess,609,609,True,609,-0.0136573186567891,-0.01799947718063781,0.00434215852384871,58,0.08755057867959892,0.002769926512153759,0.0015999999999999999,0.00274215852384871
A,20,67,2022-10-28,2022-09-01,16,raw_excess,609,609,True,609,-0.03308433333230103,-0.03694223650221144,0.003857903169910415,71,-0.008950115302256957,-0.07068035855980875,0.002266666666666667,0.001591236503243748
A,20,68,2022-11-04,2022-09-09,17,raw_excess,609,609,True,609,-0.02778122627126556,-0.0019162833791195072,-0.025864942892146053,63,0.07586977265096034,-0.018963657731099932,0.0020999999999999994,-0.02796494289214605
A,20,69,2022-11-11,2022-09-16,17,raw_excess,609,609,True,609,-0.03272263158461705,-0.010970675010358524,-0.021751956574258526,80,-0.252591682524637,-0.29435917947726487,0.0025,-0.024251956574258524
A,20,70,2022-11-18,2022-09-23,17,raw_excess,609,609,True,609,-0.005631833399485999,0.007808572355265973,-0.013440405754751972,102,-0.17216876506427484,-0.23014107081946322,0.001933333333333333,-0.015373739088085304
A,20,71,2022-11-28,2022-09-30,17,raw_excess,609,609,True,609,-0.013189103412055989,0.0014891716618637392,-0.014678275073919729,75,-0.17355370177431417,-0.2015036558171811,0.0015,-0.01617827507391973
A,20,72,2022-12-05,2022-10-07,18,raw_excess,609,609,True,609,0.012834031991220875,0.007030971459926613,0.005803060531294263,59,-0.06126974799916693,-0.030154190592365585,0.0031000000000000008,0.002703060531294262
A,20,73,2022-12-12,2022-10-14,18,raw_excess,609,609,True,609,0.030006386562350884,0.020176214030066638,0.009830172532284246,26,0.17111224216561752,0.16088482937133675,0.0023666666666666667,0.00746350586561758
A,20,74,2022-12-19,2022-10-21,18,raw_excess,609,609,True,609,0.05748224816136746,0.04063768536887674,0.01684456279249072,59,0.33866389404829195,0.3514797451514597,0.002333333333333333,0.014511229459157386
A,20,75,2022-12-27,2022-10-28,18,raw_excess,609,609,True,609,0.06308877489509342,0.06346429350941239,-0.00037551861431897593,45,0.46343958397973445,0.4406265805837374,0.001833333333333333,-0.002208851947652309
A,20,76,2023-01-04,2022-11-04,19,raw_excess,609,609,True,609,0.09327066448141688,0.07457792082405065,0.01869274365736623,62,0.44160999587719996,0.4589929636131028,0.0027666666666666673,0.01592607699069956
A,20,77,2023-01-11,2022-11-11,19,raw_excess,609,609,True,609,0.044131530411458626,0.04602597330868002,-0.0018944428972213906,86,0.3154836108076862,0.2694419769038197,0.001833333333333333,-0.0037277762305547237
A,20,78,2023-01-19,2022-11-18,19,raw_excess,609,609,True,609,0.03732229106170946,0.04051782044564246,-0.003195529383933006,109,0.22623065347216595,0.22768863934851255,0.0020666666666666667,-0.005262196050599672
A,20,79,2023-01-26,2022-11-28,19,raw_excess,609,609,True,609,0.007484989680572623,0.004345812683896418,0.0031391769966762047,108,-0.008868349977743653,-0.00832255713906583,0.0015,0.0016391769966762047
A,20,80,2023-02-02,2022-12-05,20,raw_excess,609,609,True,609,-0.0068260018350976195,-0.023500712777153248,0.01667471094205563,88,-0.06715695754366129,-0.041381754272623326,0.002166666666666666,0.014508044275388965
A,20,81,2023-02-09,2022-12-12,20,raw_excess,609,609,True,609,-0.028039218662457264,-0.029663338907743832,0.0016241202452865686,66,-0.19502557351315647,-0.15266005601907537,0.0031000000000000003,-0.0014758797547134318
A,20,82,2023-02-16,2022-12-19,20,raw_excess,609,609,True,609,-0.029909559300355354,-0.040144839679952256,0.010235280379596902,48,-0.2519546109479464,-0.30057883898553617,0.002166666666666666,0.008068613712930236
A,20,83,2023-02-24,2022-12-27,20,raw_excess,609,609,True,609,-0.04337752057532232,-0.04553745024153766,0.0021599296662153378,42,-0.2036286483591681,-0.21418322870488823,0.0016666666666666666,0.0004932629995486712
A,20,84,2023-03-03,2023-01-04,21,raw_excess,609,609,True,609,-0.028392269855015806,-0.006440995373301591,-0.021951274481714217,71,-0.2289203789575691,-0.24833674774839867,0.001833333333333333,-0.02378460781504755
A,20,85,2023-03-10,2023-01-11,21,raw_excess,609,609,True,609,-0.004684345611377615,0.02322036124091611,-0.027904706852293723,68,-0.14279434453856518,-0.11164690981268885,0.002166666666666666,-0.03007137351896039
A,20,86,2023-03-17,2023-01-19,21,raw_excess,609,609,True,609,0.012216694378712836,0.021780951002988984,-0.009564256624276148,43,0.08758298728732514,-0.047625007539318115,0.0020999999999999994,-0.011664256624276148
A,20,87,2023-03-24,2023-01-26,21,raw_excess,609,609,True,609,0.00433715975815036,0.010156515857320962,-0.005819356099170602,125,0.0227920174942727,-0.03959476489414604,0.0017666666666666664,-0.007586022765837268
A,20,88,2023-03-31,2023-02-02,22,raw_excess,609,609,True,609,0.00604658883731056,-0.0016524750806282745,0.007699063917938834,75,-0.1461521950721915,-0.1474986930299179,0.0016666666666666666,0.006032397251272168
A,20,89,2023-04-10,2023-02-09,22,raw_excess,609,609,True,609,0.0034354947351713126,-0.0042763799198223245,0.007711874654993637,61,-0.19533172600806706,-0.09821173683322924,0.0026000000000000003,0.005111874654993636
A,20,90,2023-04-17,2023-02-16,22,raw_excess,609,609,True,609,-0.014094610474352393,-0.010036615202127414,-0.004057995272224979,57,-0.2182887617574178,-0.11034817470470976,0.0014333333333333331,-0.005491328605558312
A,20,91,2023-04-24,2023-02-24,22,raw_excess,609,609,True,609,-0.0017368446956203864,0.010875947070322104,-0.012612791765942492,43,0.030511110308274924,0.030517804545280663,0.0018999999999999996,-0.01451279176594249
A,20,92,2023-05-01,2023-03-03,23,raw_excess,609,609,True,609,-0.0023247467283923047,0.017438489064516022,-0.019763235792908326,48,0.11671205642710504,0.1529628905502875,0.0018666666666666664,-0.021629902459574992
A,20,93,2023-05-08,2023-03-10,23,raw_excess,609,609,True,609,0.015051497908249412,0.021022097936799284,-0.005970600028549872,88,0.34291430951601726,0.32571511452458163,0.0019999999999999996,-0.007970600028549872
A,20,94,2023-05-15,2023-03-17,23,raw_excess,609,609,True,609,0.017943972312836592,0.01369575465079038,0.004248217662046213,61,0.3003156385877072,0.35706922053579393,0.0013333333333333333,0.0029148843287128802
A,20,95,2023-05-22,2023-03-24,23,raw_excess,609,609,True,609,0.027189157025786583,0.004150806138878988,0.023038350886907595,65,0.07801915401845483,0.1720813126654964,0.0011666666666666668,0.02187168422024093
A,20,96,2023-05-30,2023-03-31,24,raw_excess,609,609,True,609,0.007126612505054223,-0.0017680295898539033,0.008894642094908126,82,0.01538983836074074,0.12494586168643768,0.0030000000000000005,0.005894642094908125
A,20,97,2023-06-06,2023-04-10,24,raw_excess,609,609,True,609,0.006983867705210997,-0.01381867513837406,0.020802542843585056,55,-0.153333546114441,-0.08568554413634705,0.0027,0.018102542843585055
A,20,98,2023-06-13,2023-04-17,24,raw_excess,609,609,True,609,0.027487330335504913,0.016771360867923166,0.010715969467581746,75,0.06435082456464647,0.1524343114711595,0.0017666666666666666,0.00894930280091508
A,20,99,2023-06-21,2023-04-24,24,raw_excess,609,609,True,609,0.0365300906126244,0.034438989413010865,0.002091101199613532,103,0.18838698890545755,0.27933717861469115,0.0015,0.000591101199613532
A,20,100,2023-06-28,2023-05-01,25,raw_excess,609,609,True,609,0.03958267927401503,0.03220621599400293,0.007376463280012097,75,0.16037224208061132,0.19930039910403477,0.0013333333333333333,0.0060431299466787635
A,20,101,2023-07-06,2023-05-08,25,raw_excess,609,609,True,609,0.05293565512094428,0.061435341898714795,-0.008499686777770514,78,0.22045089405254226,0.2533210853589598,0.0016666666666666666,-0.010166353444437181
A,20,102,2023-07-13,2023-05-15,25,raw_excess,609,609,True,609,0.01602816848925327,0.019369919471934477,-0.003341750982681208,102,0.044524645417954145,0.02508792827178177,0.001833333333333333,-0.005175084316014541
A,20,103,2023-07-20,2023-05-22,25,raw_excess,609,609,True,609,-0.008805614555218931,-0.009435297832964241,0.0006296832777453101,61,-0.06424921475537344,-0.06061296896849245,0.0019999999999999996,-0.0013703167222546895
A,20,104,2023-07-27,2023-05-30,26,raw_excess,609,609,True,609,-0.006984513582342781,-0.00934387560465331,0.0023593620223105287,58,-0.0893490438929432,-0.11473130607751712,0.0017666666666666666,0.0005926953556438621
A,20,105,2023-08-03,2023-06-06,26,raw_excess,609,609,True,609,-0.007570754943933566,-0.005009813699114424,-0.002560941244819142,53,-0.01087887893844277,-0.061100532563744,0.001833333333333333,-0.004394274578152476
A,20,106,2023-08-10,2023-06-13,26,raw_excess,609,609,True,609,-0.0112086402851196,-0.0002363732735130718,-0.010972267011606529,55,0.015706008237099247,-0.020692869743601024,0.0026666666666666666,-0.013638933678273195
A,20,107,2023-08-17,2023-06-21,26,raw_excess,609,609,True,609,0.008727580228008198,0.02085590125098427,-0.012128321022976073,77,0.07187899794710063,0.04466108034359499,0.0016666666666666666,-0.01379498768964274
A,20,108,2023-08-24,2023-06-28,27,raw_excess,609,609,True,609,-0.009671166276622593,0.002207894971682091,-0.011879061248304684,68,-0.07759444187064607,-0.06505284196925325,0.0019999999999999996,-0.013879061248304684
A,20,109,2023-08-31,2023-07-06,27,raw_excess,609,609,True,609,0.00014814416994930204,-0.004882828243963597,0.0050309724139128995,78,-0.055647439715306855,-0.08132637274361709,0.002766666666666667,0.0022643057472462326
A,20,110,2023-09-08,2023-07-13,27,raw_excess,609,609,True,609,-0.005949644394353877,-0.01140424696235577,0.005454602568001892,88,-0.14016558142104835,-0.16355242968925984,0.0015999999999999999,0.0038546025680018924
A,20,111,2023-09-15,2023-07-20,27,raw_excess,609,609,True,609,-0.0205310803719839,-0.027375474201122844,0.006844393829138946,76,-0.19481205118891914,-0.1617322347700795,0.0015,0.005344393829138946
A,20,112,2023-09-22,2023-07-27,28,raw_excess,609,609,True,609,-0.02361720277929192,-0.03180423254769894,0.008187029768407017,81,-0.15183581480552708,-0.13095378001249589,0.002166666666666666,0.006020363101740351
A,20,113,2023-09-29,2023-08-03,28,raw_excess,609,609,True,609,-0.03688587293209186,-0.04740685555294622,0.01052098262085436,47,-0.26708804940559416,-0.2596746600815209,0.0028333333333333335,0.007687649287521026
A,20,114,2023-10-06,2023-08-10,28,raw_excess,609,609,True,609,0.01598184186483645,-0.001728244796069265,0.017710086660905715,43,0.04970720682429646,0.005604617110894816,0.0016666666666666666,0.01604341999423905
A,20,115,2023-10-13,2023-08-17,28,raw_excess,609,609,True,609,0.00014434223669579143,0.0009407378198697356,-0.0007963955831739441,51,0.02756957792795272,-0.00013850695138071294,0.001833333333333333,-0.002629728916507277
A,20,116,2023-10-20,2023-08-24,29,raw_excess,609,609,True,609,0.03421838987119064,0.03605259753002561,-0.0018342076588349701,77,0.16702116016440194,0.14636269163581647,0.0016666666666666666,-0.0035008743255016367
A,20,117,2023-10-27,2023-08-31,29,raw_excess,609,609,True,609,0.014870075634881822,0.02783902500429779,-0.012968949369415969,60,0.17747638953233844,0.11053115198429872,0.002433333333333334,-0.015402282702749303
A,20,118,2023-11-03,2023-09-08,29,raw_excess,609,609,True,609,0.007092850769551648,0.020820777954127522,-0.013727927184575875,63,0.24107658207134564,0.18842826753146288,0.0027666666666666673,-0.016494593851242544
A,20,119,2023-11-10,2023-09-15,29,raw_excess,609,609,True,609,0.03835766341498114,0.06397268592007636,-0.025615022505095224,72,0.3430434126582708,0.2736468682034068,0.0020999999999999994,-0.02771502250509522
A,20,120,2023-11-17,2023-09-22,30,raw_excess,609,609,True,609,0.025720882668075536,0.0625533016996475,-0.03683241903157196,62,0.34062349910956013,0.3410979398751258,0.003000000000000001,-0.03983241903157196
A,20,121,2023-11-27,2023-09-29,30,raw_excess,609,609,True,609,0.0468301671821202,0.06652372497272062,-0.01969355779060042,100,0.40490023461706826,0.4100113908286827,0.001833333333333333,-0.02152689112393375
A,20,122,2023-12-04,2023-10-06,30,raw_excess,609,609,True,609,0.009483413029844266,0.021244880436260345,-0.011761467406416079,94,0.1962615874054837,0.2522493698916596,0.003866666666666667,-0.015628134073082747
A,20,123,2023-12-11,2023-10-13,30,raw_excess,609,609,True,609,0.024823298798529774,0.04450878627794149,-0.019685487479411717,82,0.21679932346764827,0.2808563225702131,0.0015,-0.021185487479411718
A,20,124,2023-12-18,2023-10-20,31,raw_excess,609,609,True,609,-0.015519673645276223,-0.008205491878941911,-0.0073141817663343114,62,-0.1438790234489559,-0.12316269758624937,0.0026,-0.009914181766334311
A,20,125,2023-12-26,2023-10-27,31,raw_excess,609,609,True,609,-0.0059698297539905925,-0.004595846997049373,-0.001373982756941219,63,-0.15909247397748183,-0.13933953382608583,0.0016666666666666666,-0.0030406494236078856
A,20,126,2024-01-03,2023-11-03,31,raw_excess,609,609,True,609,-0.009188028878603965,-0.006415140732952834,-0.002772888145651131,58,-0.005857271506794006,-0.06748417822396578,0.0026666666666666666,-0.005439554812317797
A,20,127,2024-01-10,2023-11-10,31,raw_excess,609,609,True,609,-0.02048150504205346,-0.0266424781855738,0.006160973143520342,52,-0.048227780446027435,-0.14084026487926996,0.001833333333333333,0.004327639810187009
A,20,128,2024-01-18,2023-11-17,32,raw_excess,609,609,True,609,0.022588299199513495,-0.014418862018337121,0.037007161217850616,56,0.1238411000650297,0.040423415803499695,0.002166666666666666,0.03484049455118395
A,20,129,2024-01-25,2023-11-27,32,raw_excess,609,609,True,609,0.008491050764442922,-0.030279898901477916,0.03877094966592084,59,-0.03766193678090081,-0.1263576018905375,0.002266666666666667,0.03650428299925417
A,20,130,2024-02-01,2023-12-04,32,raw_excess,609,609,True,609,0.03998296459991127,0.002442596236744851,0.03754036836316642,61,0.0442403528606706,0.05120915984137845,0.0033666666666666667,0.034173701696499754
A,20,131,2024-02-08,2023-12-11,32,raw_excess,609,609,True,609,0.025843005257715657,0.03388048545763216,-0.008037480199916507,52,0.06577353502467302,0.11994059130301726,0.002233333333333333,-0.01027081353324984
A,20,132,2024-02-15,2023-12-18,33,raw_excess,609,609,True,609,0.004777540870704457,0.008039440642824879,-0.003261899772120422,69,-0.07034941792015367,-0.029429353485466058,0.002166666666666666,-0.0054285664387870875
A,20,133,2024-02-23,2023-12-26,33,raw_excess,609,609,True,609,0.009003553042358784,0.023492990235284002,-0.014489437192925218,86,0.08683663299005001,0.11309902795428364,0.0015,-0.01598943719292522
A,20,134,2024-03-01,2024-01-03,33,raw_excess,609,609,True,609,0.011782694621621728,-0.013339541012449488,0.025122235634071215,91,0.05525306341036309,-0.01824981854167931,0.0028333333333333335,0.022288902300737882
A,20,135,2024-03-08,2024-01-10,33,raw_excess,609,609,True,609,-0.006624208857005958,-0.019098788129138,0.012474579272132042,72,0.03991295366737929,-0.03836993203755572,0.001833333333333333,0.01064124593879871
A,20,136,2024-03-15,2024-01-18,34,raw_excess,609,609,True,609,-0.004760409221671624,-0.002496789179111249,-0.002263620042560375,79,0.0059156866162013285,-0.057458867632620265,0.0020999999999999994,-0.004363620042560374
A,20,137,2024-03-22,2024-01-25,34,raw_excess,609,609,True,609,-0.0016398952119704995,-0.018069397274685713,0.016429502062715214,77,-0.12228065216744517,-0.24013736999366697,0.0011666666666666668,0.015262835396048547
A,20,138,2024-04-01,2024-02-01,34,raw_excess,609,609,True,609,-0.00431778194297593,0.001503101393622303,-0.005820883336598233,53,-0.07771762217670053,-0.12832066032803882,0.0017666666666666664,-0.007587550003264899
A,20,139,2024-04-08,2024-02-08,34,raw_excess,609,609,True,609,0.01935291076769534,0.028923333723449608,-0.00957042295575427,38,0.06865537840310808,0.030311452033135403,0.0011666666666666668,-0.010737089622420936
A,20,140,2024-04-15,2024-02-15,35,raw_excess,609,609,True,609,0.026474827930226798,0.006857267763351562,0.019617560166875235,47,0.09454812837633936,0.09457825244286519,0.0016666666666666666,0.017950893500208568
A,20,141,2024-04-22,2024-02-23,35,raw_excess,609,609,True,609,0.02295041063810747,-0.004291627217037103,0.027242037855144573,56,0.12699514827203676,0.1267497991728898,0.0011666666666666668,0.026075371188477907
A,20,142,2024-04-29,2024-03-01,35,raw_excess,609,609,True,609,0.041453935908826976,0.02234665101693248,0.019107284891894498,67,0.06898943072868087,0.11980301569802584,0.0015,0.017607284891894497
A,20,143,2024-05-06,2024-03-08,35,raw_excess,609,609,True,609,0.02817486257326377,0.017286016561284458,0.010888846011979314,60,-0.05596961538790537,-0.056447719071562444,0.0019999999999999996,0.008888846011979314
A,20,144,2024-05-13,2024-03-15,36,raw_excess,609,609,True,609,-0.0070014740239212996,0.0121612587710439,-0.0191627327949652,108,-0.01695108319130216,-0.005963715110274272,0.0019999999999999996,-0.021162732794965198
A,20,145,2024-05-20,2024-03-22,36,raw_excess,609,609,True,609,0.006674671074694726,-0.014446040503610248,0.021120711578304974,61,-0.11927839312810003,-0.10921764558371619,0.0013333333333333333,0.01978737824497164
A,20,146,2024-05-28,2024-04-01,36,raw_excess,609,609,True,609,-0.0016829030839465159,-0.012355111851603644,0.010672208767657128,80,-0.10427623609617598,-0.1257524126581701,0.0017666666666666664,0.008905542100990461
A,20,147,2024-06-04,2024-04-08,36,raw_excess,609,609,True,609,-0.006495344001476915,0.0008416621813549319,-0.007337006182831847,67,0.03522374690258716,0.03877411039399981,0.0026666666666666666,-0.010003672849498513
A,20,148,2024-06-11,2024-04-15,37,raw_excess,609,609,True,609,0.014052542281323934,0.0321802699720873,-0.018127727690763363,82,0.04321932233069955,0.04178006137446499,0.002033333333333333,-0.020161061024096698
A,20,149,2024-06-18,2024-04-22,37,raw_excess,609,609,True,609,0.027607073253443387,0.02324653656480299,0.004360536688640396,50,0.0835094909404659,0.07478987533843086,0.0015,0.0028605366886403963
A,20,150,2024-06-26,2024-04-29,37,raw_excess,609,609,True,609,0.033322207176890765,0.021043368485133936,0.01227883869175683,86,0.03635321344627821,0.009402667480955147,0.0019999999999999996,0.010278838691756829
A,20,151,2024-07-03,2024-05-06,37,raw_excess,609,609,True,609,-0.005826387710061089,-0.009094765334268097,0.0032683776242070084,83,-0.05777418744713677,-0.08579637436916787,0.002166666666666666,0.0011017109575403423
A,20,152,2024-07-11,2024-05-13,38,raw_excess,609,609,True,609,-0.022897507609378875,-0.0032271619918406297,-0.019670345617538245,54,-0.16829487157690717,-0.17130828767792852,0.0017666666666666664,-0.02143701228420491
A,20,153,2024-07-18,2024-05-20,38,raw_excess,609,609,True,609,-0.022218269640147063,-0.008343657012089264,-0.013874612628057798,87,-0.06883444833111609,-0.041018405964033874,0.0016666666666666666,-0.015541279294724465
A,20,154,2024-07-25,2024-05-28,38,raw_excess,609,609,True,609,-0.031695786571327995,-0.006163860892045127,-0.02553192567928287,68,-0.11229492407214321,-0.06221894830348907,0.0011666666666666668,-0.026698592345949537
A,20,155,2024-08-01,2024-06-04,38,raw_excess,609,609,True,609,-0.004747547331969205,0.001595996654265604,-0.006343543986234809,74,-0.014561771868903459,0.014712764103588532,0.0015,-0.007843543986234809
A,20,156,2024-08-08,2024-06-11,39,raw_excess,609,609,True,609,-0.005226671274141002,-0.0029876838349054582,-0.0022389874392355438,64,-0.10754839119883679,-0.07608266102406235,0.001833333333333333,-0.004072320772568877
A,20,157,2024-08-15,2024-06-18,39,raw_excess,609,609,True,609,0.015888829566392038,0.0003680666547960375,0.015520762911596,87,-0.10537377219192694,-0.09972096720036382,0.0016666666666666666,0.013854096244929334
A,20,158,2024-08-22,2024-06-26,39,raw_excess,609,609,True,609,0.011806481628988112,0.009964293449846633,0.0018421881791414792,67,0.015266101233864762,0.035018456967744395,0.0016666666666666666,0.00017552151247481268
A,20,159,2024-08-29,2024-07-03,39,raw_excess,609,609,True,609,-0.014175213652885411,0.003204769070345978,-0.01737998272323139,74,0.004307794642060208,0.009205744717928227,0.0031,-0.02047998272323139
A,20,160,2024-09-06,2024-07-11,40,raw_excess,609,609,True,609,-0.0046137543399907555,0.007621776873235463,-0.012235531213226219,52,0.20374834769229455,0.15978665572920428,0.0021,-0.014335531213226218
A,20,161,2024-09-13,2024-07-18,40,raw_excess,609,609,True,609,-0.0067166624534666965,0.0016240905663802855,-0.008340753019846981,82,0.14210542254449007,0.12190279967867661,0.0017666666666666664,-0.010107419686513647
A,20,162,2024-09-20,2024-07-25,40,raw_excess,609,609,True,609,0.007808696737303772,0.008834874395627522,-0.0010261776583237493,78,-0.003011397244144631,0.05667662553974445,0.0011666666666666668,-0.002192844324990416
A,20,163,2024-09-27,2024-08-01,40,raw_excess,609,609,True,609,0.01148746235468376,0.01488532193782724,-0.0033978595831434793,69,0.0345559189038835,0.04797988371047133,0.0019333333333333331,-0.005331192916476812
A,20,164,2024-10-04,2024-08-08,41,raw_excess,609,609,True,609,0.013576281278574536,0.029930877567192038,-0.016354596288617504,58,0.02746666695002061,0.08450151311007874,0.001,-0.017354596288617505
A,20,165,2024-10-11,2024-08-15,41,raw_excess,609,609,True,609,0.02412912787751283,0.03493038083268111,-0.010801252955168279,72,0.06340292506279831,0.10449417070091847,0.0019333333333333331,-0.012734586288501612
A,20,166,2024-10-18,2024-08-22,41,raw_excess,609,609,True,609,0.03324626680146349,0.04455838326229196,-0.01131211646082847,42,0.09104839962704601,0.0750690675246624,0.001833333333333333,-0.013145449794161802
A,20,167,2024-10-25,2024-08-29,41,raw_excess,609,609,True,609,0.0332739713462213,0.02061881387932056,0.01265515746690074,56,0.1649301142908146,0.1306178461983109,0.001833333333333333,0.010821824133567408
A,20,168,2024-11-01,2024-09-06,42,raw_excess,609,609,True,609,0.04020946388177903,0.02380935508208453,0.0164001087996945,57,0.13224045486809163,0.1485040505446771,0.0020666666666666663,0.014333442133027835
A,20,169,2024-11-08,2024-09-13,42,raw_excess,609,609,True,609,0.006429728610054377,0.017926395728830966,-0.011496667118776588,44,0.09675786413461578,0.12136428550177024,0.0025,-0.013996667118776588
A,20,170,2024-11-15,2024-09-20,42,raw_excess,609,609,True,609,0.019738485517288566,0.02445643473022291,-0.004717949212934343,72,0.16388395380763948,0.14618019592570933,0.0017666666666666664,-0.006484615879601009
A,20,171,2024-11-22,2024-09-27,42,raw_excess,609,609,True,609,0.007929998981222989,0.006257083852378786,0.0016729151288442032,50,0.003864381133727478,0.029882170802925906,0.0028333333333333335,-0.0011604182044891304
A,20,172,2024-12-02,2024-10-04,43,raw_excess,609,609,True,609,-0.0001708296088424317,0.003026760888383646,-0.0031975904972260777,39,-0.00952058637265861,-0.034205000913816466,0.0030333333333333336,-0.006230923830559411
A,20,173,2024-12-09,2024-10-11,43,raw_excess,609,609,True,609,0.013590177848217604,0.009589137833829045,0.004001040014388559,46,0.1342969138504826,0.10592216833774654,0.0016666666666666666,0.0023343733477218923
A,20,174,2024-12-16,2024-10-18,43,raw_excess,609,609,True,609,0.0013063081950171417,0.005080010472936544,-0.0037737022779194026,32,0.09716647823629168,0.056798503912369895,0.002433333333333334,-0.006207035611252736
A,20,175,2024-12-23,2024-10-25,43,raw_excess,609,609,True,609,-0.0007536843341165113,0.0030757927688628136,-0.003829477102979325,48,0.16462085116692238,0.09789062466794458,0.0017333333333333333,-0.005562810436312658
A,20,176,2024-12-31,2024-11-01,44,raw_excess,609,609,True,609,0.013120260412389844,-0.002542542345185124,0.015662802757574968,77,0.13274454154039703,0.1226744433157512,0.0013333333333333333,0.014329469424241634
A,20,177,2025-01-08,2024-11-08,44,raw_excess,609,609,True,609,0.0028377319938620864,0.004402512962416434,-0.0015647809685543474,86,-0.0122626733594869,-0.016305833124359796,0.0011666666666666668,-0.0027314476352210144
A,20,178,2025-01-16,2024-11-15,44,raw_excess,609,609,True,609,0.009142561256800278,0.011246319686291539,-0.002103758429491261,83,-0.008317695737364891,-0.009151925177556666,0.0015,-0.003603758429491261
A,20,179,2025-01-24,2024-11-22,44,raw_excess,609,609,True,609,-0.007917715066056862,-0.00964944532187408,0.0017317302558172189,71,-0.16740002210160784,-0.20931805913880233,0.0016666666666666666,6.506358915055232e-05
A,20,180,2025-01-31,2024-12-02,45,raw_excess,609,609,True,609,-0.012238211985483185,-0.04458958690950809,0.0323513749240249,41,-0.28328411829460587,-0.3097897903322466,0.0022333333333333333,0.030118041590691567
A,20,181,2025-02-07,2024-12-09,45,raw_excess,609,609,True,609,-0.011909892706679383,-0.04660662982647629,0.0346967371197969,82,-0.17452577174989478,-0.32670724295192466,0.0014333333333333331,0.033263403786463565
A,20,182,2025-02-14,2024-12-16,45,raw_excess,609,609,True,609,-0.010469069334436271,-0.03320062305018446,0.022731553715748188,47,-0.16874370422948265,-0.28011057179409793,0.0026000000000000003,0.020131553715748186
A,20,183,2025-02-24,2024-12-23,45,raw_excess,609,609,True,609,0.004288567726474597,-0.022192383861737025,0.02648095158821162,68,-0.07871609847116376,-0.12951733488611294,0.002166666666666666,0.024314284921544953
A,20,184,2025-03-03,2024-12-31,46,raw_excess,609,609,True,609,0.004502319834403523,-0.0005926157127532348,0.0050949355471567575,90,-0.11493755233193212,-0.0639091368897087,0.002333333333333333,0.0027616022138234244
A,20,185,2025-03-10,2025-01-08,46,raw_excess,609,609,True,609,0.006596227607944182,-0.014765260013841944,0.021361487621786125,79,-0.10063313668569387,-0.11833126484951778,0.002166666666666666,0.019194820955119457
A,20,186,2025-03-17,2025-01-16,46,raw_excess,609,609,True,609,-0.01960116583723022,-0.008304557764703511,-0.011296608072526708,81,-0.29862353736234304,-0.21265550818822063,0.0011666666666666668,-0.012463274739193375
A,20,187,2025-03-24,2025-01-24,46,raw_excess,609,609,True,609,-0.028331536964632018,-0.021310585817370466,-0.007020951147261551,95,-0.37321519386211777,-0.24981543032255593,0.0023666666666666667,-0.009387617813928217
A,20,188,2025-03-31,2025-01-31,47,raw_excess,609,609,True,609,-0.010933521987655076,0.006244897169223226,-0.017178419156878302,50,0.016659777623822127,0.011927058318492667,0.001833333333333333,-0.019011752490211635
A,20,189,2025-04-07,2025-02-07,47,raw_excess,609,609,True,609,0.006524112755532,0.01436067744886019,-0.00783656469332819,73,0.19561925942612318,0.03605239781194081,0.0034000000000000007,-0.011236564693328191
A,20,190,2025-04-14,2025-02-14,47,raw_excess,609,609,True,609,0.010952386853859766,0.017181150457430593,-0.006228763603570827,89,0.5144609864117614,0.20382650025289334,0.002633333333333334,-0.008862096936904162
A,20,191,2025-04-22,2025-02-24,47,raw_excess,609,609,True,609,0.020636735434214678,0.030732000346371236,-0.010095264912156558,46,0.43619047973240044,0.19971028829847368,0.0018999999999999998,-0.011995264912156557
A,20,192,2025-04-29,2025-03-03,48,raw_excess,609,609,True,609,0.012279680086376085,0.0161377155703605,-0.0038580354839844143,43,0.22925195620481384,0.11893236482954134,0.001933333333333333,-0.005791368817317747
A,20,193,2025-05-06,2025-03-10,48,raw_excess,609,609,True,609,0.010749697804122504,0.025679103964888754,-0.01492940616076625,49,0.29683468847358635,0.19562956642595744,0.0017666666666666666,-0.016696072827432917
A,20,194,2025-05-13,2025-03-17,48,raw_excess,609,609,True,609,0.021301816069465997,0.024999928745597186,-0.003698112676131189,71,-0.018281005185921875,-0.053929251478045025,0.003933333333333334,-0.007631446009464523
A,20,195,2025-05-20,2025-03-24,48,raw_excess,609,609,True,609,0.015448959787914253,0.032922246570263686,-0.017473286782349433,114,0.0918738628264201,0.034453432402376576,0.0024333333333333334,-0.019906620115682765
A,20,196,2025-05-28,2025-03-31,49,raw_excess,609,609,True,609,0.03240134627281341,0.03083047341412958,0.0015708728586838298,97,0.2633713133880489,0.21214185832019275,0.001833333333333333,-0.00026246047464950325
A,20,197,2025-06-04,2025-04-07,49,raw_excess,609,609,True,609,0.026112846914516284,0.03291518727222252,-0.006802340357706237,98,0.33931116301210906,0.4336040603203882,0.002166666666666666,-0.008969007024372902
A,20,198,2025-06-11,2025-04-14,49,raw_excess,609,609,True,609,0.01410334063213975,0.019674565277282605,-0.005571224645142855,122,0.23067580979016217,0.30655349864202613,0.001833333333333333,-0.007404557978476188
A,20,199,2025-06-18,2025-04-22,49,raw_excess,609,609,True,609,0.06277594865617524,0.04760764849440347,0.015168300161771765,47,0.27506651733913634,0.3100865150439694,0.0019999999999999996,0.013168300161771765
A,20,200,2025-06-26,2025-04-29,50,raw_excess,609,609,True,609,0.028280664703099142,0.04929838036509269,-0.021017715661993546,53,0.20156714213459026,0.24732007378536783,0.001833333333333333,-0.02285104899532688
A,20,201,2025-07-03,2025-05-06,50,raw_excess,609,609,True,609,0.027878215041373083,0.017435705942367194,0.01044250909900589,41,0.004338875028158298,-0.08123578802857906,0.0019999999999999996,0.00844250909900589
A,20,202,2025-07-11,2025-05-13,50,raw_excess,609,609,True,609,-0.008227841119781962,0.014091592869499568,-0.02231943398928153,41,-0.08080284090667594,-0.19036943940506082,0.0027666666666666664,-0.0250861006559482
A,20,203,2025-07-18,2025-05-20,50,raw_excess,609,609,True,609,-0.009586505694792273,0.014161898434308809,-0.02374840412910108,53,0.02464812752627753,-0.07915550180154007,0.0016666666666666666,-0.025415070795767748
A,20,204,2025-07-25,2025-05-28,51,raw_excess,609,609,True,609,-0.004254010495801236,0.002366977562129868,-0.006620988057931104,42,-0.01584754353379208,-0.058093066895616635,0.0023333333333333335,-0.008954321391264437
A,20,205,2025-08-01,2025-06-04,51,raw_excess,609,609,True,609,0.004277647956934168,0.008065162991307905,-0.0037875150343737365,62,0.1963421307650131,0.18302118354110258,0.002766666666666667,-0.006554181701040404
A,20,206,2025-08-08,2025-06-11,51,raw_excess,609,609,True,609,0.0022432096878379796,0.027660277981059973,-0.025417068293221993,59,0.2224934332722705,0.26928168711773776,0.0027666666666666673,-0.02818373495988866
A,20,207,2025-08-15,2025-06-18,51,raw_excess,609,609,True,609,0.002218062753253452,0.018067694697252477,-0.015849631943999024,73,0.07766760031792311,0.16296434628119194,0.0015,-0.017349631943999026
A,20,208,2025-08-22,2025-06-26,52,raw_excess,609,609,True,609,0.020974303313688353,0.0655794485603666,-0.044605145246678246,84,0.07676286887371055,0.1855749818299281,0.0015,-0.04610514524667825
A,20,209,2025-08-29,2025-07-03,52,raw_excess,609,609,True,609,0.02895542009117308,0.0623367385800827,-0.03338131848890962,69,-0.042728039714889254,0.06723298494965507,0.0020999999999999994,-0.03548131848890962
A,20,210,2025-09-08,2025-07-11,52,raw_excess,609,609,True,609,0.05604986225255447,0.04975358606032618,0.006296276192228292,65,-0.015560010115735915,0.04987945060503151,0.0019999999999999996,0.004296276192228292
A,20,211,2025-09-15,2025-07-18,52,raw_excess,609,609,True,609,0.03941573998416299,0.028572045908470158,0.010843694075692835,64,-0.04052244800809258,-0.021130624752950772,0.001933333333333333,0.008910360742359503
A,20,212,2025-09-22,2025-07-25,53,raw_excess,609,609,True,609,0.01762207625013173,0.0003760291624415829,0.017246047087690147,72,-0.06831697318479918,-0.101894044041704,0.0015,0.015746047087690146
A,20,213,2025-09-29,2025-08-01,53,raw_excess,609,609,True,609,0.0168241501594589,-0.010434324807785297,0.0272584749672442,65,0.05654398857516883,0.029273207750863867,0.0016666666666666666,0.025591808300577532
A,20,214,2025-10-06,2025-08-08,53,raw_excess,609,609,True,609,0.01104623520259499,-0.015502821577366308,0.0265490567799613,74,-0.012924552932880085,-0.06406198863467316,0.001833333333333333,0.024715723446627966
A,20,215,2025-10-13,2025-08-15,53,raw_excess,609,609,True,609,-0.017330446624685723,-0.02542817556844826,0.008097728943762539,86,-0.09083851162672082,-0.11378460282985585,0.002433333333333334,0.005664395610429205
A,20,216,2025-10-20,2025-08-22,54,raw_excess,609,609,True,609,-0.011556337989121014,-0.0468207239662666,0.03526438597714559,106,-0.14179732825563057,-0.1896611228466871,0.0020999999999999994,0.03316438597714559
A,20,217,2025-10-27,2025-08-29,54,raw_excess,609,609,True,609,-0.028889734190027792,-0.04147758008641003,0.01258784589638224,80,-0.1530476331229736,-0.1634465725964312,0.0027333333333333337,0.009854512563048905
A,20,218,2025-11-03,2025-09-08,54,raw_excess,609,609,True,609,-0.02715695707261723,-0.015957918114979278,-0.011199038957637953,54,0.004316667162536074,-0.016977328850673882,0.0026666666666666666,-0.01386570562430462
A,20,219,2025-11-10,2025-09-15,54,raw_excess,609,609,True,609,-0.0064743348839998785,0.014771628999153224,-0.021245963883153102,61,0.1523997777088283,0.1337325790451255,0.0015,-0.022745963883153104
A,20,220,2025-11-17,2025-09-22,55,raw_excess,609,609,True,609,-0.000868679097162461,0.014476413095979773,-0.015345092193142234,40,0.2137794493299387,0.14012111256093882,0.0017666666666666664,-0.017111758859808902
A,20,221,2025-11-24,2025-09-29,55,raw_excess,609,609,True,609,0.01441024535240963,0.010673076770113876,0.003737168582295754,44,0.16169733125339136,0.1574317187825414,0.0015,0.002237168582295754
A,20,222,2025-12-02,2025-10-06,55,raw_excess,609,609,True,609,0.005872609931558822,0.0018037679444874795,0.004068841987071343,47,0.055081775949200294,0.058886626971700204,0.0032000000000000006,0.0008688419870713426
A,20,223,2025-12-09,2025-10-13,55,raw_excess,609,609,True,609,0.01869046880709003,-0.005387380737421496,0.024077849544511525,66,0.08754760346315194,0.07170478839835595,0.0020999999999999994,0.021977849544511527
A,20,224,2025-12-16,2025-10-20,56,raw_excess,609,609,True,609,0.0160512776977211,0.00876011749730798,0.007291160200413118,82,0.05651163309630775,0.003920750859625037,0.002166666666666666,0.005124493533746452
A,20,225,2025-12-23,2025-10-27,56,raw_excess,609,609,True,609,0.010137872060839574,0.0055129396037259006,0.004624932457113673,74,0.06232300201362387,0.0005984701091488717,0.002166666666666666,0.002458265790447007
A,20,226,2025-12-31,2025-11-03,56,raw_excess,609,609,True,609,0.011212771225746302,0.013674133805003139,-0.002461362579256837,88,-0.02563494306710813,-0.042131986977052574,0.0011,-0.003561362579256837
A,20,227,2026-01-08,2025-11-10,56,raw_excess,609,609,True,609,-0.023046178408695897,0.03423446538718458,-0.05728064379588048,74,-0.09057100779081675,-0.10302266052355306,0.0016666666666666666,-0.05894731046254714
A,20,228,2026-01-15,2025-11-17,57,raw_excess,609,609,True,609,0.014556438549788555,0.016932955972724793,-0.002376517422936238,62,-0.137696897403073,-0.183614154804762,0.0026666666666666666,-0.005043184089602904
A,20,229,2026-01-23,2025-11-24,57,raw_excess,609,609,True,609,-0.01401072869166508,0.0004646874285333955,-0.014475416120198474,31,-0.16555421906943726,-0.2222570127745303,0.0013333333333333333,-0.015808749453531806
A,20,230,2026-01-30,2025-12-02,57,raw_excess,609,609,True,609,-0.010569329821919712,-0.0054246093531310794,-0.005144720468788632,69,-0.14030345082604756,-0.17415482601359245,0.001833333333333333,-0.006978053802121966
A,20,231,2026-02-06,2025-12-09,57,raw_excess,609,609,True,609,-0.009744663352072027,-0.01932475786965569,0.009580094517583662,61,-0.14489128771618134,-0.1508707820993977,0.0022666666666666664,0.007313427850916996
A,20,232,2026-02-13,2025-12-16,58,raw_excess,609,609,True,609,0.02453223848915636,0.0005703096295405991,0.02396192885961576,92,-0.07391170832678076,-0.0719570973788343,0.004100000000000001,0.01986192885961576
A,60,0,2021-07-01,2021-01-08,0,raw_excess,130,128,True,128,0.063121722370922,-0.02845979728710251,0.09158151965802452,66,0.12709439663065372,-0.01372230360739791,0.029999999999999995,0.061581519658024525
A,60,1,2021-07-09,2021-01-15,0,raw_excess,130,128,True,128,0.07584035670744249,0.057208331943787744,0.018632024763654748,53,0.16321987731184764,0.15146035524629187,0.0025,0.01613202476365475
A,60,2,2021-07-16,2021-01-25,0,raw_excess,130,128,True,128,0.1161280002798888,0.16681175764354622,-0.05068375736365742,69,0.3295527375938473,0.3501819721662699,0.0025,-0.05318375736365742
A,60,3,2021-07-23,2021-02-01,0,raw_excess,130,128,True,128,0.09381397561663495,0.13783737465018242,-0.044023399033547475,76,0.2897592016114265,0.29058894891045595,0.0025,-0.04652339903354748
A,60,4,2021-07-30,2021-02-08,0,raw_excess,131,128,True,128,0.09827328821844754,0.12247156691852068,-0.024198278700073142,61,0.3718126258926936,0.22972555392785202,0.005,-0.029198278700073143
A,60,5,2021-08-06,2021-02-16,0,raw_excess,131,128,True,128,0.11059758948275228,0.08185404630870137,0.02874354317405091,68,0.3128662332906061,0.22858107489470791,0.005,0.023743543174050908
A,60,6,2021-08-13,2021-02-23,0,raw_excess,604,128,True,128,0.08036530948629288,0.10179040668218385,-0.021425097195890974,67,0.2914759201611426,0.24743064457059147,0.005,-0.026425097195890975
A,60,7,2021-08-20,2021-03-02,0,raw_excess,604,128,True,128,0.07420394789352086,0.05875103755825293,0.015452910335267932,48,0.2813472807178172,0.35726057498626623,0.005,0.01045291033526793
A,60,8,2021-08-27,2021-03-09,0,raw_excess,606,128,True,128,0.07204615004791838,0.008081140133994608,0.06396500991392377,49,0.1264191540010987,0.13176959348104741,0.0025,0.06146500991392377
A,60,9,2021-09-03,2021-03-16,0,raw_excess,606,128,True,128,0.041560067053875736,0.02299346977224094,0.018566597281634796,72,0.03607397912470243,0.13055072331074893,0.01,0.008566597281634796
A,60,10,2021-09-13,2021-03-23,0,raw_excess,606,129,True,129,0.01891630014639685,0.024009616461935397,-0.005093316315538547,69,-0.06820773703041146,0.04902728085867622,0.005,-0.010093316315538548
A,60,11,2021-09-20,2021-03-30,0,raw_excess,606,129,True,129,0.036500423487330666,-0.02521986217463018,0.06172028566196085,71,-0.13521355098389984,-0.016273479427549198,0.0025,0.059220285661960845
A,60,12,2021-09-27,2021-04-07,1,raw_excess,606,129,True,129,0.0023844978116255447,-0.0596331364876864,0.062017634299311945,72,-0.1971209749552773,-0.17723613595706622,0.0075,0.054517634299311946
A,60,13,2021-10-04,2021-04-14,1,raw_excess,607,129,True,129,0.024130787607329403,-0.036142851173126885,0.06027363878045629,70,-0.23302772808586766,-0.2219812164579607,0.005,0.05527363878045629
A,60,14,2021-10-11,2021-04-21,1,raw_excess,609,129,True,129,0.04223807665179287,-0.04471335115210584,0.08695142780389871,89,-0.25845818425760286,-0.31024709302325587,0.0075,0.07945142780389872
A,60,15,2021-10-18,2021-04-28,1,raw_excess,609,129,True,129,0.06479568783267184,-0.12448816510053817,0.18928385293321,71,-0.1471377459749553,-0.2589669051878355,0.005,0.18428385293321
A,60,16,2021-10-25,2021-05-05,1,raw_excess,609,129,True,129,0.03926995105329455,-0.17149258072168072,0.21076253177497528,74,-0.20452258497316642,-0.34214557245080507,0.005,0.20576253177497528
A,60,17,2021-11-01,2021-05-12,1,raw_excess,609,129,True,129,0.07474632286669664,-0.19848012906981255,0.2732264519365092,66,-0.16520572450805013,-0.39421958855098393,0.0025,0.2707264519365092
A,60,18,2021-11-08,2021-05-19,1,raw_excess,609,129,True,129,0.09887197379778576,-0.1609894011600921,0.25986137495787787,61,-0.20783765652951702,-0.3534660107334527,0.005,0.25486137495787786
A,60,19,2021-11-15,2021-05-26,1,raw_excess,609,129,True,129,0.07354987281467439,-0.07409634970537886,0.14764622252005324,61,-0.12157312164579609,-0.271975626118068,0.0025,0.14514622252005324
A,60,20,2021-11-22,2021-06-03,1,raw_excess,609,129,True,129,0.1123265922285814,-0.08346897437707504,0.19579556660565645,66,-0.010593694096601075,-0.1804449910554562,0.01,0.18579556660565644
A,60,21,2021-11-30,2021-06-10,1,raw_excess,609,129,True,129,0.13594361506317773,-0.04429258316489356,0.1802361982280713,84,0.020477415026833635,-0.09773032200357784,0.012500000000000002,0.1677361982280713
A,60,22,2021-12-07,2021-06-17,1,raw_excess,609,129,True,129,0.08377703262141768,-0.039688392816506796,0.12346542543792448,72,-0.07545840787119859,-0.13798076923076924,0.0075,0.11596542543792449
A,60,23,2021-12-14,2021-06-24,1,raw_excess,609,130,True,130,0.13363043185401985,-0.03375086260348614,0.167381294457506,57,-0.06450723074191918,-0.08582119105818732,0.004615384615384615,0.1627659098421214
A,60,24,2021-12-21,2021-07-01,2,raw_excess,609,130,True,130,0.11631287125726925,-0.03646600164002936,0.1527788728972986,64,-0.048972401644157365,-0.06441437135561048,0.004615384615384615,0.148163488281914
A,60,25,2021-12-29,2021-07-09,2,raw_excess,609,130,True,130,0.1764841674349457,0.057346965671080136,0.11913720176386555,60,-0.048628275683130995,0.016072867306668123,0.006923076923076922,0.11221412484078863
A,60,26,2022-01-05,2021-07-16,2,raw_excess,609,130,True,130,0.14386877553026184,0.09228638268393734,0.0515823928463245,67,0.0437285774761365,0.08565732155293668,0.0023076923076923075,0.04927470053863219
A,60,27,2022-01-12,2021-07-23,2,raw_excess,609,130,True,130,0.14151252644707937,0.07611492929973887,0.0653975971473405,65,-0.04206803315626322,-0.0058637971295524985,0.004615384615384615,0.060782212531955884
A,60,28,2022-01-20,2021-07-30,2,raw_excess,609,131,True,131,0.21918385391910522,0.14037292554293773,0.07881092837616749,63,-0.010382747023968398,0.025399028452463567,0.006923076923076922,0.07188785145309057
A,60,29,2022-01-27,2021-08-06,2,raw_excess,609,131,True,131,0.1611849726954737,0.1102607612000884,0.050924211495385285,49,-0.0824961298243741,-0.03294720546628943,0.006923076923076922,0.044001134572308365
A,60,30,2022-02-03,2021-08-13,2,raw_excess,609,604,True,604,0.03841423071474384,0.01640011919762997,0.022014111517113872,61,-0.15861598578472078,-0.05501826971540414,0.025900000000000013,-0.0038858884828861413
A,60,31,2022-02-10,2021-08-20,2,raw_excess,609,604,True,604,-0.028621662461371187,0.006763340004581459,-0.03538500246595264,56,-0.3179883288116956,-0.22738646540707874,0.005999999999999999,-0.04138500246595264
A,60,32,2022-02-17,2021-08-27,2,raw_excess,609,606,True,606,-0.016383975095323973,0.0026828448791473363,-0.019066819974471308,89,-0.2840446003563963,-0.18514227340062148,0.006299999999999998,-0.025366819974471308
A,60,33,2022-02-25,2021-09-03,2,raw_excess,609,606,True,606,0.0021963426325034667,0.03328704437130246,-0.031090701738798996,74,-0.22414624568642277,-0.15537516309666016,0.0078,-0.038890701738798994
A,60,34,2022-03-04,2021-09-13,2,raw_excess,609,606,True,606,0.055115757096040885,0.03167827559701106,0.023437481499029827,40,-0.07167868202126487,-0.049362435120253075,0.009500000000000001,0.013937481499029826
A,60,35,2022-03-11,2021-09-20,2,raw_excess,609,606,True,606,0.03724573293070298,0.03665278051494432,0.0005929524157586574,61,-0.06439804980947399,-0.03870953217831893,0.008,-0.007407047584241343
A,60,36,2022-03-18,2021-09-27,3,raw_excess,609,606,True,606,-0.0027484575139234057,0.006170011280807745,-0.008918468794731151,57,-0.20342651608278997,-0.11484897778380504,0.006999999999999998,-0.01591846879473115
A,60,37,2022-03-25,2021-10-04,3,raw_excess,609,607,True,607,-0.03416969945826239,-3.0432550862886498e-05,-0.034139266907399504,43,-0.22186678262034126,-0.15357238977604515,0.006499999999999998,-0.0406392669073995
A,60,38,2022-04-01,2021-10-11,3,raw_excess,609,609,True,609,-0.04215929441890841,-0.02329211227262779,-0.01886718214628062,68,-0.2376652307705385,-0.16879630180595634,0.0043,-0.02316718214628062
A,60,39,2022-04-08,2021-10-18,3,raw_excess,609,609,True,609,-0.04439950301604987,-0.005988918751315508,-0.038410584264734364,89,-0.1510746375548821,-0.11598498790787028,0.0035000000000000005,-0.04191058426473437
A,60,40,2022-04-18,2021-10-25,3,raw_excess,609,609,True,609,-0.03959102152425334,-0.0351859485969271,-0.0044050729273262396,89,-0.14580834505710288,-0.1390589071604959,0.004,-0.00840507292732624
A,60,41,2022-04-25,2021-11-01,3,raw_excess,609,609,True,609,0.0014885472571866988,-0.01802362191411371,0.019512169171300407,94,0.015987431835666043,0.05203010706528899,0.005799999999999999,0.013712169171300408
A,60,42,2022-05-02,2021-11-08,3,raw_excess,609,609,True,609,-0.006147188149505923,-0.026203266653264303,0.02005607850375838,43,-0.0708827254682778,-0.05329213012746676,0.005,0.01505607850375838
A,60,43,2022-05-09,2021-11-15,3,raw_excess,609,609,True,609,0.03175363825942962,-0.018548051733468053,0.05030168999289767,79,0.12790949604083696,0.09098344717078165,0.008300000000000002,0.04200168999289767
A,60,44,2022-05-16,2021-11-22,3,raw_excess,609,609,True,609,0.07056594976565227,-0.01042687830106226,0.08099282806671453,66,0.1672959426548281,0.10674173421116383,0.005799999999999999,0.07519282806671453
A,60,45,2022-05-23,2021-11-30,3,raw_excess,609,609,True,609,0.04996620302121404,0.0006408914092303169,0.049325311611983724,53,0.07734553313753573,0.006316543903568983,0.004,0.04532531161198372
A,60,46,2022-05-31,2021-12-07,3,raw_excess,609,609,True,609,0.07859466977637304,-0.03488523890231961,0.11347990867869265,56,0.04723687398258222,-0.0015370180680644512,0.007800000000000001,0.10567990867869265
A,60,47,2022-06-07,2021-12-14,3,raw_excess,609,609,True,609,0.045886643497372766,-0.0348046429017589,0.08069128639913167,52,-0.08941317043314899,-0.13496421239645182,0.005999999999999999,0.07469128639913167
A,60,48,2022-06-14,2021-12-21,4,raw_excess,609,609,True,609,0.09141415422798926,0.008104081860205137,0.08331007236778412,61,0.1139041959052521,0.03516286122315398,0.009800000000000003,0.07351007236778412
A,60,49,2022-06-22,2021-12-29,4,raw_excess,609,609,True,609,0.07851893018611207,0.02545822712489328,0.053060703061218795,53,0.07851888412381999,0.07585117754816662,0.005999999999999999,0.047060703061218796
A,60,50,2022-06-29,2022-01-05,4,raw_excess,609,609,True,609,0.05013959631279855,0.021607486596647456,0.028532109716151097,61,-0.0008419331256348896,0.010377236193933107,0.004,0.024532109716151097
A,60,51,2022-07-07,2022-01-12,4,raw_excess,609,609,True,609,0.007943072487749956,0.025148170616313532,-0.01720509812856358,71,-0.008257739922752489,0.02212248782980391,0.0055,-0.022705098128563576
A,60,52,2022-07-14,2022-01-20,4,raw_excess,609,609,True,609,0.06370219023730539,0.07281665009206544,-0.009114459854760046,66,0.12977835700047174,0.15032169527833147,0.0035000000000000005,-0.012614459854760045
A,60,53,2022-07-21,2022-01-27,4,raw_excess,609,609,True,609,0.03933415200614458,0.029756700577502855,0.009577451428641727,61,-0.016862676759734265,-0.05695233703251911,0.005999999999999999,0.0035774514286417277
A,60,54,2022-07-28,2022-02-03,4,raw_excess,609,609,True,609,0.028831076220843552,0.05105780225317676,-0.022226726032333204,66,0.09218410639374014,-0.002680484103318696,0.0045000000000000005,-0.026726726032333205
A,60,55,2022-08-04,2022-02-10,4,raw_excess,609,609,True,609,0.033614427693519126,0.029907834510047998,0.0037065931834711283,80,0.02602974366385154,-0.08733166235080966,0.0068000000000000005,-0.0030934068165288722
A,60,56,2022-08-11,2022-02-17,4,raw_excess,609,609,True,609,0.01697074889008687,-0.04033326054472092,0.05730400943480779,97,-0.05666108459390419,-0.14637400808408807,0.005,0.05230400943480779
A,60,57,2022-08-18,2022-02-25,4,raw_excess,609,609,True,609,0.01662948394167415,-0.020082330066427283,0.03671181400810143,106,0.09097213072251005,0.0024820743209068457,0.005799999999999999,0.030911814008101432
A,60,58,2022-08-25,2022-03-04,4,raw_excess,609,609,True,609,-0.02391961005506165,-0.01830596654727077,-0.00561364350779088,77,-0.031173520998652643,-0.07985024035498582,0.0055,-0.01111364350779088
A,60,59,2022-09-01,2022-03-11,4,raw_excess,609,609,True,609,-0.04516280313883699,-0.02870822321160659,-0.0164545799272304,45,0.004305085069938837,-0.016784205425944734,0.011800000000000003,-0.028254579927230405
A,60,60,2022-09-09,2022-03-18,5,raw_excess,609,609,True,609,-0.030092760577379647,-0.040162623059011325,0.010069862481631678,48,-0.08018920251448292,-0.05652231199819786,0.009600000000000001,0.00046986248163167696
A,60,61,2022-09-16,2022-03-25,5,raw_excess,609,609,True,609,-0.015689404909505933,-0.0613452534969139,0.04565584858740797,47,-0.0746860084071116,-0.05994381091224386,0.011100000000000002,0.03455584858740797
A,60,62,2022-09-23,2022-04-01,5,raw_excess,609,609,True,609,0.005976787891135401,-0.03601507565793774,0.04199186354907314,81,-0.0609273324634367,0.0017671191829205573,0.005999999999999999,0.03599186354907314
A,60,63,2022-09-30,2022-04-08,5,raw_excess,609,609,True,609,-0.01627831146089877,-0.03117740683147755,0.01489909537057878,75,-0.11389601406002285,-0.06958319342732183,0.0068000000000000005,0.00809909537057878
A,60,64,2022-10-07,2022-04-18,5,raw_excess,609,609,True,609,0.014505695609329124,-0.025622571787176775,0.0401282673965059,51,-0.0491090820607199,-0.14212901176060558,0.007299999999999999,0.0328282673965059
A,60,65,2022-10-14,2022-04-25,5,raw_excess,609,609,True,609,-0.0005695557745125242,0.014690608670697575,-0.0152601644452101,62,0.1167543470037445,0.012611730003357743,0.007300000000000001,-0.0225601644452101
A,60,66,2022-10-21,2022-05-02,5,raw_excess,609,609,True,609,0.023926399696645614,-0.01352256544047708,0.037448965137122696,58,0.17851771528878724,0.041150165549543725,0.0048,0.0326489651371227
A,60,67,2022-10-28,2022-05-09,5,raw_excess,609,609,True,609,0.020954716948606344,-0.01988033859440824,0.04083505554301459,71,0.19447406673835518,0.15496260790472502,0.0068000000000000005,0.034035055543014586
A,60,68,2022-11-04,2022-05-16,5,raw_excess,609,609,True,609,0.04737340323297487,0.032330225612278544,0.015043177620696326,63,0.3158524313893835,0.2687219213947814,0.006299999999999998,0.008743177620696327
A,60,69,2022-11-11,2022-05-23,5,raw_excess,609,609,True,609,0.04068426713495196,0.02511804503752331,0.015566222097428653,80,0.08616561542352204,0.12612978531688177,0.007499999999999999,0.008066222097428653
A,60,70,2022-11-18,2022-05-31,5,raw_excess,609,609,True,609,0.07072916765655209,0.04610619523798167,0.024622972418570414,102,0.2618208537171079,0.2481779455705402,0.005799999999999999,0.018822972418570415
A,60,71,2022-11-28,2022-06-07,5,raw_excess,609,609,True,609,0.04771219723590814,0.03836770016281859,0.009344497073089549,75,0.23861979709023826,0.18530179320545567,0.0045000000000000005,0.004844497073089548
A,60,72,2022-12-05,2022-06-14,6,raw_excess,609,609,True,609,0.057827118776837244,0.05953960082120392,-0.0017124820443666783,59,0.29817273894175794,0.2863927944507963,0.009300000000000003,-0.011012482044366681
A,60,73,2022-12-12,2022-06-22,6,raw_excess,609,609,True,609,0.04145914220329057,0.010035927731044796,0.031423214472245775,26,0.16000289021026273,0.1494317336586236,0.007099999999999999,0.024323214472245776
A,60,74,2022-12-19,2022-06-29,6,raw_excess,609,609,True,609,0.036528358531867214,0.02741637462539842,0.009111983906468793,59,0.10452238212829981,0.1332575007331783,0.006999999999999998,0.0021119839064687946
A,60,75,2022-12-27,2022-07-07,6,raw_excess,609,609,True,609,0.030444724943847208,0.029403431509890617,0.0010412934339565916,45,0.16100466366512484,0.15812502600824008,0.0055,-0.004458706566043408
A,60,76,2023-01-04,2022-07-14,6,raw_excess,609,609,True,609,0.07090522469682126,0.04836811628675179,0.022537108410069465,62,0.1612424397624927,0.1676022836911385,0.008300000000000002,0.014237108410069463
A,60,77,2023-01-11,2022-07-21,6,raw_excess,609,609,True,609,0.025105236069919032,0.01509386903302486,0.010011367036894172,86,0.011243767984120842,0.05491819217348061,0.0055,0.004511367036894172
A,60,78,2023-01-19,2022-07-28,6,raw_excess,609,609,True,609,0.013190289935571173,0.016510447971005864,-0.00332015803543469,109,-0.04064278542742684,-0.020327900729778088,0.0062,-0.00952015803543469
A,60,79,2023-01-26,2022-08-04,6,raw_excess,609,609,True,609,0.00511853194098218,0.024256912874108943,-0.019138380933126763,108,-0.13644778282620057,-0.13099378604793496,0.0045000000000000005,-0.023638380933126764
A,60,80,2023-02-02,2022-08-11,6,raw_excess,609,609,True,609,-0.016146142033422805,0.024447548521935147,-0.040593690555357956,88,-0.24505928118770637,-0.19393789023151428,0.006499999999999998,-0.047093690555357955
A,60,81,2023-02-09,2022-08-18,6,raw_excess,609,609,True,609,-0.04946571082276355,0.043385984533380946,-0.09285169535614449,66,-0.19094049501944113,-0.1769349532678502,0.009300000000000001,-0.10215169535614449
A,60,82,2023-02-16,2022-08-25,6,raw_excess,609,609,True,609,-0.05390733093035846,0.00983669925736174,-0.06374403018772021,48,-0.20419824292217256,-0.2104387594197477,0.006499999999999998,-0.0702440301877202
A,60,83,2023-02-24,2022-09-01,6,raw_excess,609,609,True,609,-0.051321385725535885,0.024258044683587318,-0.07557943040912321,42,-0.13381981664166062,-0.09239965019955199,0.005,-0.08057943040912321
A,60,84,2023-03-03,2022-09-09,7,raw_excess,609,609,True,609,-0.0347753369513559,0.036734828773271964,-0.07151016572462787,71,-0.11540981481402769,-0.05700753792338391,0.0055,-0.07701016572462788
A,60,85,2023-03-10,2022-09-16,7,raw_excess,609,609,True,609,0.012628621305031437,0.028644309108076617,-0.01601568780304518,68,0.025127296760839347,0.04914048122000875,0.006499999999999998,-0.02251568780304518
A,60,86,2023-03-17,2022-09-23,7,raw_excess,609,609,True,609,0.004849803761801115,0.044387790363814295,-0.03953798660201318,43,0.13263870884106815,0.1470613362122094,0.006299999999999998,-0.04583798660201318
A,60,87,2023-03-24,2022-09-30,7,raw_excess,609,609,True,609,0.00023001518462113704,0.01230316081507806,-0.012073145630456923,125,0.07971470862005209,0.09014629564300801,0.005299999999999999,-0.017373145630456922
A,60,88,2023-03-31,2022-10-07,7,raw_excess,609,609,True,609,-0.014124746184193427,0.0299587101480321,-0.044083456332225525,75,0.030164444463334703,0.058265576320677324,0.005,-0.04908345633222552
A,60,89,2023-04-10,2022-10-14,7,raw_excess,609,609,True,609,0.028103841243619497,0.02313694048667106,0.004966900756948438,61,0.05615264135465855,0.0763935701322271,0.007800000000000001,-0.0028330992430515636
A,60,90,2023-04-17,2022-10-21,7,raw_excess,609,609,True,609,0.008700982190275415,0.07660430478267247,-0.06790332259239705,57,0.14390734113406745,0.174738924756776,0.0043,-0.07220332259239705
A,60,91,2023-04-24,2022-10-28,7,raw_excess,609,609,True,609,0.009312921009324506,0.0872140545644471,-0.0779011335551226,43,0.21113772276933143,0.15440023886737755,0.0056999999999999985,-0.0836011335551226
A,60,92,2023-05-01,2022-11-04,7,raw_excess,609,609,True,609,-0.017826032676685498,0.1151223243897426,-0.1329483570664281,48,0.23833879852259246,0.23726517041614772,0.005599999999999999,-0.1385483570664281
A,60,93,2023-05-08,2022-11-11,7,raw_excess,609,609,True,609,0.08528759111187353,0.07686783334894892,0.008419757762924612,88,0.3380932900368501,0.22878176574845815,0.005999999999999999,0.002419757762924613
A,60,94,2023-05-15,2022-11-18,7,raw_excess,609,609,True,609,0.049994269350667225,0.05875030796788754,-0.008756038617220317,61,0.2900482728868525,0.26624197222847956,0.004,-0.012756038617220317
A,60,95,2023-05-22,2022-11-28,7,raw_excess,609,609,True,609,0.06119171507096482,0.0457865729664322,0.015405142104532615,65,0.14809363006158693,0.1701145352074363,0.0035000000000000005,0.011905142104532616
A,60,96,2023-05-30,2022-12-05,8,raw_excess,609,609,True,609,0.039728147672411764,0.008284342326767617,0.031443805345644144,82,0.06962670596785915,0.1164057685196598,0.009000000000000001,0.022443805345644142
A,60,97,2023-06-06,2022-12-12,8,raw_excess,609,609,True,609,0.06204779168309209,0.046621172168460207,0.015426619514631881,55,0.049278563140468454,0.1603594380241162,0.0081,0.007326619514631882
A,60,98,2023-06-13,2022-12-19,8,raw_excess,609,609,True,609,0.04095717692445499,0.020803218631938323,0.020153958292516667,75,0.04524602974958812,0.1053170305639735,0.0053,0.014853958292516668
A,60,99,2023-06-21,2022-12-27,8,raw_excess,609,609,True,609,0.06235564261348875,0.027924253657887727,0.03443138895560102,103,0.09337095211176612,0.10423224539585253,0.0045000000000000005,0.02993138895560102
A,60,100,2023-06-28,2023-01-04,8,raw_excess,609,609,True,609,0.0314700758897469,0.007012321286837422,0.024457754602909478,75,0.018664967251367535,-0.008907426140251702,0.004,0.020457754602909477
A,60,101,2023-07-06,2023-01-11,8,raw_excess,609,609,True,609,0.037382103094972245,0.007185533210487831,0.030196569884484416,78,0.0947489023576465,0.08356671072820546,0.005,0.025196569884484415
A,60,102,2023-07-13,2023-01-19,8,raw_excess,609,609,True,609,0.003788724202828563,-0.034686737003548365,0.038475461206376925,102,-0.04640291018671608,-0.12257825513355343,0.0055,0.03297546120637693
A,60,103,2023-07-20,2023-01-26,8,raw_excess,609,609,True,609,-0.019952413789353068,-0.03659486193000247,0.016642448140649403,61,-0.11816486524394647,-0.13931897295528245,0.005999999999999999,0.010642448140649404
A,60,104,2023-07-27,2023-02-02,8,raw_excess,609,609,True,609,-0.04081422783211985,-0.027111770647101983,-0.013702457185017863,58,-0.1524483906204176,-0.15190987644351123,0.0053,-0.019002457185017863
A,60,105,2023-08-03,2023-02-09,8,raw_excess,609,609,True,609,-0.047641214391434775,-0.02029258228748166,-0.027348632103953115,53,-0.1860351840596403,-0.2268982973646263,0.0055,-0.03284863210395311
A,60,106,2023-08-10,2023-02-16,8,raw_excess,609,609,True,609,-0.024606245452995907,-0.010578376794803283,-0.014027868658192624,55,-0.06938645723976418,-0.13060339514699693,0.008,-0.022027868658192624
A,60,107,2023-08-17,2023-02-24,8,raw_excess,609,609,True,609,-0.026627169834212622,-0.021086312484825655,-0.005540857349386967,77,-0.08801088716704139,-0.12487132188866738,0.005,-0.010540857349386968
A,60,108,2023-08-24,2023-03-03,9,raw_excess,609,609,True,609,-0.008743549968566345,-0.0018650405625015428,-0.006878509406064802,68,-0.01693634015618213,-0.0580766774121126,0.005999999999999999,-0.012878509406064801
A,60,109,2023-08-31,2023-03-10,9,raw_excess,609,609,True,609,0.009755816368716032,-0.024933887410262444,0.034689703778978474,78,-0.08967897533650462,-0.15628753554321076,0.0083,0.026389703778978472
A,60,110,2023-09-08,2023-03-17,9,raw_excess,609,609,True,609,0.03854904963353537,9.936536384920036e-06,0.038539113097150454,88,0.022798499215817947,-0.04717030351458067,0.0048,0.033739113097150455
A,60,111,2023-09-15,2023-03-24,9,raw_excess,609,609,True,609,0.026938110975680125,-0.012376030905855756,0.03931414188153588,76,0.038907756572777966,-0.022316089120483513,0.0045000000000000005,0.03481414188153588
A,60,112,2023-09-22,2023-03-31,9,raw_excess,609,609,True,609,0.08403661846772625,0.06322261094146152,0.020814007526264736,81,0.22194450583779968,0.18554677040254675,0.006499999999999998,0.014314007526264737
A,60,113,2023-09-29,2023-04-10,9,raw_excess,609,609,True,609,0.033341288874625626,0.054410710281370483,-0.021069421406744858,47,0.2438329607228925,0.19380257101204107,0.0085,-0.02956942140674486
A,60,114,2023-10-06,2023-04-17,9,raw_excess,609,609,True,609,0.046316274039883434,0.04366021261165281,0.002656061428230626,43,0.2649284141671306,0.18317201638919228,0.005,-0.0023439385717693743
A,60,115,2023-10-13,2023-04-24,9,raw_excess,609,609,True,609,0.06372629836463228,0.0559867929471694,0.007739505417462884,51,0.3597827024074642,0.21383741292179004,0.0055,0.0022395054174628847
A,60,116,2023-10-20,2023-05-01,9,raw_excess,609,609,True,609,0.06615844431594478,0.01778159963666244,0.04837684467928234,77,0.2882067201638918,0.204118071464699,0.005,0.04337684467928234
A,60,117,2023-10-27,2023-05-08,9,raw_excess,609,609,True,609,0.04636088173075624,0.04059764395085738,0.005763237779898858,60,0.33270761697913515,0.2659279806355912,0.007300000000000001,-0.0015367622201011427
A,60,118,2023-11-03,2023-05-15,9,raw_excess,609,609,True,609,0.02204740885197977,-0.014537129003157331,0.0365845378551371,63,0.22989279657595085,0.13755302260739466,0.008300000000000002,0.0282845378551371
A,60,119,2023-11-10,2023-05-22,9,raw_excess,609,609,True,609,0.062403844546430595,0.05489146383702208,0.007512380709408517,72,0.2570372900878538,0.18516525202208456,0.006299999999999998,0.0012123807094085188
A,60,120,2023-11-17,2023-05-30,10,raw_excess,609,609,True,609,0.020860954932111,0.010097483957354492,0.010763470974756509,62,0.17915770559808225,0.12462177560917555,0.009000000000000003,0.001763470974756506
A,60,121,2023-11-27,2023-06-06,10,raw_excess,609,609,True,609,0.030185827804261572,0.017054737518271412,0.01313109028599016,100,0.14789556565240117,0.08925149929657382,0.0055,0.0076310902859901605
A,60,122,2023-12-04,2023-06-13,10,raw_excess,609,609,True,609,0.0010252765993000621,0.01675425819041739,-0.015728981591117328,94,0.1297496674133043,0.0631807409880261,0.011600000000000003,-0.02732898159111733
A,60,123,2023-12-11,2023-06-21,10,raw_excess,609,609,True,609,0.02964066156594464,0.0314510899867826,-0.001810428420837961,82,0.1301795861898953,0.057580745249216865,0.0045000000000000005,-0.006310428420837962
A,60,124,2023-12-18,2023-06-28,10,raw_excess,609,609,True,609,-0.0020795558033527986,-0.01043574299746497,0.008356187194112172,62,-0.04130312355223842,-0.06083717277931969,0.0078,0.0005561871941121722
A,60,125,2023-12-26,2023-07-06,10,raw_excess,609,609,True,609,0.0025196919169612492,-0.008882548633754362,0.011402240550715611,63,-0.039192579385150264,-0.04880019083888351,0.005,0.006402240550715611
A,60,126,2024-01-03,2023-07-13,10,raw_excess,609,609,True,609,-0.02995508287251101,0.06354940612585885,-0.09350448899836986,58,0.07379158494284908,0.07058036909685178,0.008,-0.10150448899836986
A,60,127,2024-01-10,2023-07-20,10,raw_excess,609,609,True,609,-0.008984022997049743,0.03819959908964229,-0.04718362208669203,52,0.01052684707812493,0.05079130131717081,0.0055,-0.05268362208669203
A,60,128,2024-01-18,2023-07-27,10,raw_excess,609,609,True,609,0.033813497820636196,0.04147202317990993,-0.007658525359273735,56,0.0045856586066636345,0.054738191578437324,0.006499999999999998,-0.014158525359273734
A,60,129,2024-01-25,2023-08-03,10,raw_excess,609,609,True,609,0.02323080657163439,0.011834236715849239,0.01139656985578515,59,-0.08591888497388182,-0.004376915295587753,0.0068000000000000005,0.004596569855785149
A,60,130,2024-02-01,2023-08-10,10,raw_excess,609,609,True,609,0.041174927554068964,0.021914510056340028,0.019260417497728936,61,-0.025950316010489756,0.02222428244154762,0.010100000000000001,0.009160417497728935
A,60,131,2024-02-08,2023-08-17,10,raw_excess,609,609,True,609,0.05466947060617601,0.018986342270021172,0.035683128336154835,52,0.03220879006447719,0.025122674549573478,0.0066999999999999985,0.028983128336154837
A,60,132,2024-02-15,2023-08-24,11,raw_excess,609,609,True,609,0.022343665640448113,0.03738847531881565,-0.015044809678367538,69,-0.00859688792359644,-0.012930715709567869,0.006499999999999998,-0.021544809678367537
A,60,133,2024-02-23,2023-08-31,11,raw_excess,609,609,True,609,0.0012604868492208645,0.05239687416214246,-0.0511363873129216,86,0.06405423182036492,0.08016837706416768,0.0045000000000000005,-0.0556363873129216
A,60,134,2024-03-01,2023-09-08,11,raw_excess,609,609,True,609,0.008053584226540844,0.009825337017207617,-0.001771752790666773,91,0.07901723392821591,0.016505491618728822,0.0085,-0.010271752790666774
A,60,135,2024-03-08,2023-09-15,11,raw_excess,609,609,True,609,0.02783393538328689,-0.012947694305070222,0.04078162968835711,72,0.03699904793073695,-0.06278764134370449,0.0055,0.03528162968835711
A,60,136,2024-03-15,2023-09-22,11,raw_excess,609,609,True,609,0.022125669873763004,-0.006366431492607497,0.028492101366370502,79,0.029891070284854,-0.04287108975366124,0.006299999999999998,0.022192101366370502
A,60,137,2024-03-22,2023-09-29,11,raw_excess,609,609,True,609,0.006546455257820206,-0.0044208038879758865,0.010967259145796092,77,-0.0555860751369662,-0.09885586988953445,0.0035000000000000005,0.007467259145796092
A,60,138,2024-04-01,2023-10-06,11,raw_excess,609,609,True,609,-0.002375339431021502,-0.013480404422704146,0.011105064991682644,53,-0.040385216685880056,-0.11018815056295342,0.005299999999999999,0.005805064991682644
A,60,139,2024-04-08,2023-10-13,11,raw_excess,609,609,True,609,0.013875623344692663,-0.012128973444258163,0.026004596788950826,38,0.021450301419315074,-0.04914138506342239,0.0035000000000000005,0.022504596788950827
A,60,140,2024-04-15,2023-10-20,11,raw_excess,609,609,True,609,0.04252912067429455,0.016438868737898064,0.026090251936396483,47,0.07686848905757893,0.06003269550359787,0.005,0.021090251936396482
A,60,141,2024-04-22,2023-10-27,11,raw_excess,609,609,True,609,0.013626380532406744,0.01953817639623775,-0.005911795863831004,56,0.03627027928781818,0.039997109789737195,0.0035000000000000005,-0.009411795863831004
A,60,142,2024-04-29,2023-11-03,11,raw_excess,609,609,True,609,0.034723485854916636,0.0004318628121918163,0.03429162304272482,67,0.00815668925329834,-0.00430641329156696,0.0045000000000000005,0.029791623042724816
A,60,143,2024-05-06,2023-11-10,11,raw_excess,609,609,True,609,0.0007025808486406286,-0.01446439834437209,0.015166979193012717,60,-0.0688020965076324,-0.10790366249144623,0.005999999999999999,0.009166979193012719
A,60,144,2024-05-13,2023-11-17,12,raw_excess,609,609,True,609,0.0075387689177246996,-0.008858004373468098,0.016396773291192795,108,-0.08394870726845377,-0.11796005346888984,0.005999999999999999,0.010396773291192797
A,60,145,2024-05-20,2023-11-27,12,raw_excess,609,609,True,609,0.01610205163699001,-0.022044924556049995,0.03814697619304,61,-0.046282732693803466,-0.0868798798862617,0.004,0.034146976193039996
A,60,146,2024-05-28,2023-12-04,12,raw_excess,609,609,True,609,-0.00017862132183994132,-0.005222203442284898,0.0050435821204449565,80,-0.06071943921420282,-0.07166244469285138,0.005299999999999999,-0.0002564178795550426
A,60,147,2024-06-04,2023-12-11,12,raw_excess,609,609,True,609,-0.0036122971838277733,-0.013889188788695304,0.01027689160486753,67,-0.011616466972972283,0.0030923124657318813,0.008,0.0022768916048675307
A,60,148,2024-06-11,2023-12-18,12,raw_excess,609,609,True,609,-0.004338400231593331,-0.02470280052782045,0.02036440029622712,82,-0.09239226528729963,-0.06671269397348656,0.006099999999999999,0.014264400296227123
A,60,149,2024-06-18,2023-12-26,12,raw_excess,609,609,True,609,0.01767687310588894,-0.00045322075050157674,0.018130093856390517,50,-0.05708978140659732,0.005548353642727506,0.0045000000000000005,0.013630093856390517
A,60,150,2024-06-26,2024-01-03,12,raw_excess,609,609,True,609,0.030520096418462664,0.013947177399813401,0.01657291901864926,86,-0.027292563659006185,0.030015869990690097,0.005999999999999999,0.010572919018649263
A,60,151,2024-07-03,2024-01-10,12,raw_excess,609,609,True,609,0.0008625099093405829,0.023029764828878918,-0.022167254919538335,83,0.002116707115442648,0.02071754782660438,0.006499999999999998,-0.028667254919538334
A,60,152,2024-07-11,2024-01-18,12,raw_excess,609,609,True,609,-0.018859304834745808,-0.00552008806471587,-0.013339216770029937,54,-0.04926554656851285,-0.05891422663498768,0.005299999999999999,-0.018639216770029936
A,60,153,2024-07-18,2024-01-25,12,raw_excess,609,609,True,609,-0.022510134887370113,0.021574208175518438,-0.044084343062888554,87,-0.009829211950169371,-0.011342268900062477,0.005,-0.04908434306288855
A,60,154,2024-07-25,2024-02-01,12,raw_excess,609,609,True,609,-0.02823429645795368,-0.011347695912477187,-0.016886600545476492,68,-0.030118647781639408,-0.04829249140374961,0.0035000000000000005,-0.02038660054547649
A,60,155,2024-08-01,2024-02-08,12,raw_excess,609,609,True,609,-0.000296557456706782,0.002641475101172079,-0.002938032557878861,74,0.0316216629759815,0.00789558690394726,0.0045000000000000005,-0.007438032557878862
A,60,156,2024-08-08,2024-02-15,13,raw_excess,609,609,True,609,0.03469078525697294,0.011222929683342578,0.02346785557363036,64,0.1166096771040093,0.09773936678893387,0.0055,0.017967855573630363
A,60,157,2024-08-15,2024-02-23,13,raw_excess,609,609,True,609,0.07223172119224872,0.038349134710084595,0.03388258648216412,87,0.09170653102513206,0.11785708972827771,0.005,0.02888258648216412
A,60,158,2024-08-22,2024-03-01,13,raw_excess,609,609,True,609,0.08343762183198872,0.06445673212680116,0.018980889705187562,67,0.06799830625177981,0.13072431644402127,0.005,0.013980889705187561
A,60,159,2024-08-29,2024-03-08,13,raw_excess,609,609,True,609,0.027213902557878235,0.06324354595678948,-0.036029643398911244,74,0.09240214725621287,0.14655119284927973,0.009300000000000001,-0.04532964339891125
A,60,160,2024-09-06,2024-03-15,13,raw_excess,609,609,True,609,0.04283801316166602,0.12552615170975223,-0.08268813854808621,52,0.20806692749397515,0.2197003957037874,0.0063,-0.08898813854808621
A,60,161,2024-09-13,2024-03-22,13,raw_excess,609,609,True,609,0.03686556827038294,0.08752281493250662,-0.05065724666212368,82,0.17883643535067173,0.24281293964135886,0.005299999999999999,-0.05595724666212368
A,60,162,2024-09-20,2024-04-01,13,raw_excess,609,609,True,609,0.04414199109201606,0.08891738418588495,-0.04477539309386889,78,0.08394876151234452,0.1921417121114382,0.0035000000000000005,-0.04827539309386889
A,60,163,2024-09-27,2024-04-08,13,raw_excess,609,609,True,609,0.037744476730383315,0.06178594894763517,-0.024041472217251857,69,0.08821192679267414,0.1467748407565184,0.0058,-0.029841472217251856
A,60,164,2024-10-04,2024-04-15,13,raw_excess,609,609,True,609,0.042192603522324956,0.04905912802542944,-0.0068665245031044805,58,0.08601717337436297,0.11955492887107534,0.0030000000000000005,-0.009866524503104481
A,60,165,2024-10-11,2024-04-22,13,raw_excess,609,609,True,609,0.04962037705477202,0.03933953143703984,0.010280845617732182,72,0.14153651865673225,0.140895572027865,0.0058,0.004480845617732182
A,60,166,2024-10-18,2024-04-29,13,raw_excess,609,609,True,609,0.0385797870599527,0.04981862963142317,-0.011238842571470467,42,0.16863801107197626,0.13606842700851784,0.0055,-0.016738842571470465
A,60,167,2024-10-25,2024-05-06,13,raw_excess,609,609,True,609,0.022053752728171807,0.04107003917662335,-0.019016286448451544,56,0.16763740187098608,0.1453855532726083,0.0055,-0.024516286448451545
A,60,168,2024-11-01,2024-05-13,14,raw_excess,609,609,True,609,0.04371786753257218,0.033821386996501654,0.009896480536070527,57,0.12691237350017212,0.13734704199730527,0.006199999999999999,0.0036964805360705285
A,60,169,2024-11-08,2024-05-20,14,raw_excess,609,609,True,609,0.02662926182956223,0.017753772515389284,0.008875489314172945,44,0.06281972951032186,0.07924786528219926,0.007499999999999999,0.001375489314172946
A,60,170,2024-11-15,2024-05-28,14,raw_excess,609,609,True,609,0.0394798864214058,-0.010175008106802517,0.049654894528208315,72,0.09710867403103572,0.09113093290036849,0.005299999999999999,0.044354894528208316
A,60,171,2024-11-22,2024-06-04,14,raw_excess,609,609,True,609,0.021115541954329957,-0.004562249985417301,0.025677791939747258,50,-0.07527063843894642,-0.01010914794051267,0.0085,0.017177791939747257
A,60,172,2024-12-02,2024-06-11,14,raw_excess,609,609,True,609,-0.027893568525851974,-0.021312618690731765,-0.006580949835120208,39,-0.18795589879163704,-0.13831802513632863,0.0091,-0.01568094983512021
A,60,173,2024-12-09,2024-06-18,14,raw_excess,609,609,True,609,-0.022707262410206038,-0.034873222765819625,0.012165960355613587,46,-0.2579923345673397,-0.23070566821236238,0.005,0.007165960355613587
A,60,174,2024-12-16,2024-06-26,14,raw_excess,609,609,True,609,-0.026163606271520718,-0.03195882124460038,0.005795214973079662,32,-0.18082810608384087,-0.17984293752474395,0.007300000000000001,-0.001504785026920339
A,60,175,2024-12-23,2024-07-03,14,raw_excess,609,609,True,609,-0.021066069044883923,0.0013908177616620706,-0.022456886806545992,48,-0.12883436332493187,-0.11698731707731734,0.0052,-0.027656886806545992
A,60,176,2024-12-31,2024-07-11,14,raw_excess,609,609,True,609,-0.0008088350995070174,-0.005406425058484558,0.004597589958977541,77,-0.18997213922312844,-0.19337684941579497,0.004,0.0005975899589775405
A,60,177,2025-01-08,2024-07-18,14,raw_excess,609,609,True,609,-0.03356918176481984,-0.024926586473485522,-0.00864259529133432,86,-0.2600240354985825,-0.28541766726029316,0.0035000000000000005,-0.01214259529133432
A,60,178,2025-01-16,2024-07-25,14,raw_excess,609,609,True,609,-0.020617438660190324,-0.028486412778653675,0.007868974118463351,83,-0.2378856624319419,-0.2756407909033925,0.0045000000000000005,0.0033689741184633505
A,60,179,2025-01-24,2024-08-01,14,raw_excess,609,609,True,609,-0.03651254216818911,-0.03895251252211061,0.002439970353921503,71,-0.22280243075183717,-0.3260635867509361,0.005,-0.0025600296460784972
A,60,180,2025-01-31,2024-08-08,15,raw_excess,609,609,True,609,-0.0016448501416223816,-0.02830296405676808,0.0266581139151457,41,-0.19317310021804082,-0.30243192067222885,0.0067,0.0199581139151457
A,60,181,2025-02-07,2024-08-15,15,raw_excess,609,609,True,609,-0.0068127660448737155,-0.004026758719821149,-0.0027860073250525665,82,-0.18252209098211888,-0.27183309460763266,0.0043,-0.0070860073250525665
A,60,182,2025-02-14,2024-08-22,15,raw_excess,609,609,True,609,-0.00650181524120475,0.004765359059912978,-0.011267174301117728,47,-0.10716878402903808,-0.18051530748861977,0.007800000000000001,-0.019067174301117727
A,60,183,2025-02-24,2024-08-29,15,raw_excess,609,609,True,609,0.012016286808031408,0.010006812826424422,0.002009473981606986,68,-0.07755730479392374,-0.13265937596960176,0.006499999999999998,-0.004490526018393012
A,60,184,2025-03-03,2024-09-06,15,raw_excess,609,609,True,609,0.029594524535999,0.02417409560638003,0.00542042892961897,90,0.008305369840655906,-0.04511246318169646,0.006999999999999998,-0.0015795710703810284
A,60,185,2025-03-10,2024-09-13,15,raw_excess,609,609,True,609,0.03513067814068136,0.02242818925324771,0.012702488887433652,79,0.11093078583966981,0.05468878173387112,0.006499999999999998,0.006202488887433654
A,60,186,2025-03-17,2024-09-20,15,raw_excess,609,609,True,609,0.05960724317041678,0.037196764131555746,0.022410479038861036,81,0.1009069628565478,0.013445667413379594,0.0035000000000000005,0.018910479038861037
A,60,187,2025-03-24,2024-09-27,15,raw_excess,609,609,True,609,0.055171188430371755,0.029296736253381556,0.0258744521769902,95,-0.021010181894774327,-0.05539263293904631,0.007099999999999999,0.0187744521769902
A,60,188,2025-03-31,2024-10-04,15,raw_excess,609,609,True,609,0.040690895987462054,0.058355931487397684,-0.01766503549993563,50,0.21710531628675983,0.14838658262388588,0.0055,-0.023165035499935628
A,60,189,2025-04-07,2024-10-11,15,raw_excess,609,609,True,609,0.03442613678150337,0.07621905158128184,-0.041792914799778466,73,0.44767098993951804,0.23239968207687103,0.010200000000000002,-0.05199291479977847
A,60,190,2025-04-14,2024-10-18,15,raw_excess,609,609,True,609,0.034813547167736825,0.09838877422881614,-0.06357522706107932,89,0.485284101293369,0.25765420274968986,0.0079,-0.07147522706107932
A,60,191,2025-04-22,2024-10-25,15,raw_excess,609,609,True,609,0.07848848714350802,0.11415981814186052,-0.0356713309983525,46,0.4645006736740097,0.2165122918942353,0.005699999999999999,-0.041371330998352496
A,60,192,2025-04-29,2024-11-01,16,raw_excess,609,609,True,609,0.07585413389167726,0.08723353182794358,-0.011379397936266314,43,0.3973614611713001,0.18938129311407398,0.005799999999999999,-0.017179397936266314
A,60,193,2025-05-06,2024-11-08,16,raw_excess,609,609,True,609,0.05497692193980167,0.07807340746542417,-0.023096485525622497,49,0.30888187115612653,0.18439902752925272,0.0053,-0.028396485525622496
A,60,194,2025-05-13,2024-11-15,16,raw_excess,609,609,True,609,0.054312619039548496,0.04712767891185428,0.007184940127694217,71,0.022553814527049694,0.006243597971752443,0.011800000000000003,-0.004615059872305786
A,60,195,2025-05-20,2024-11-22,16,raw_excess,609,609,True,609,0.04662698435625527,0.06481011872659678,-0.01818313437034151,114,0.18113396896442768,0.11542309703030894,0.007299999999999999,-0.025483134370341512
A,60,196,2025-05-28,2024-12-02,16,raw_excess,609,609,True,609,0.04809885619782937,0.06466633492899691,-0.01656747873116754,97,0.21311029127369013,0.13856608380759697,0.0055,-0.022067478731167538
A,60,197,2025-06-04,2024-12-09,16,raw_excess,609,609,True,609,0.05903224505798767,0.03554422857626541,0.02348801648172226,98,0.23683615483026385,0.1335527909655427,0.006499999999999998,0.01698801648172226
A,60,198,2025-06-11,2024-12-16,16,raw_excess,609,609,True,609,0.02779033846898321,0.005521154258016874,0.02226918421096634,122,0.181680157856484,0.11173701636794076,0.0055,0.01676918421096634
A,60,199,2025-06-18,2024-12-23,16,raw_excess,609,609,True,609,0.04976525190154451,0.003022433934109484,0.04674281796743503,47,0.18620211495386285,0.12117190588115283,0.005999999999999999,0.04074281796743503
A,60,200,2025-06-26,2024-12-31,16,raw_excess,609,609,True,609,0.089210366383683,0.029757233467423965,0.05945313291625903,53,0.18760211367877008,0.1194167406928854,0.0055,0.053953132916259035
A,60,201,2025-07-03,2025-01-08,16,raw_excess,609,609,True,609,0.09393220250266289,-0.00048052786534170597,0.0944127303680046,41,0.11241531258899083,0.04630626878105381,0.005999999999999999,0.0884127303680046
A,60,202,2025-07-11,2025-01-16,16,raw_excess,609,609,True,609,0.033319682168091856,0.0025178859904479794,0.030801796177643878,41,0.09966666950020613,0.045659637363618194,0.008299999999999998,0.02250179617764388
A,60,203,2025-07-18,2025-01-24,16,raw_excess,609,609,True,609,0.03034396491778817,0.034886835762244744,-0.004542870844456575,53,0.05185281604236707,0.024259968037674735,0.005,-0.009542870844456576
A,60,204,2025-07-25,2025-01-31,17,raw_excess,609,609,True,609,0.021162497332819153,0.03266817377128879,-0.011505676438469638,42,0.0268096222750205,-0.0019558860407094614,0.007000000000000001,-0.01850567643846964
A,60,205,2025-08-01,2025-02-07,17,raw_excess,609,609,True,609,0.023611283057703745,0.030049539196992832,-0.006438256139289087,62,0.11049220705806345,0.07814554758858705,0.0083,-0.014738256139289087
A,60,206,2025-08-08,2025-02-14,17,raw_excess,609,609,True,609,0.02620363371096731,0.021958324519939235,0.0042453091910280745,59,0.044943725906059655,0.0889851642957025,0.008300000000000002,-0.004054690808971927
A,60,207,2025-08-15,2025-02-24,17,raw_excess,609,609,True,609,0.0013658865625976024,0.022506972540921058,-0.021141085978323454,73,-0.0893381524755926,-0.02405377491212485,0.0045000000000000005,-0.025641085978323454
A,60,208,2025-08-22,2025-03-03,17,raw_excess,609,609,True,609,-0.011717940433239128,0.020730515440274287,-0.032448455873513415,84,-0.1457268453780012,-0.07417336798752108,0.0045000000000000005,-0.03694845587351342
A,60,209,2025-08-29,2025-03-10,17,raw_excess,609,609,True,609,-0.0031182317447943798,0.007614295079675343,-0.010732526824469723,69,-0.10971525053447637,-0.06731028744841186,0.006299999999999998,-0.01703252682446972
A,60,210,2025-09-08,2025-03-17,17,raw_excess,609,609,True,609,0.03843934624650974,0.004353911407026689,0.03408543483948305,65,-0.0512501753252549,-0.01346184497422187,0.005999999999999999,0.028085434839483052
A,60,211,2025-09-15,2025-03-24,17,raw_excess,609,609,True,609,0.02852525471442254,-0.012261036433775269,0.040786291148197804,64,-0.027630675756661293,0.05029773482822555,0.005799999999999999,0.034986291148197804
A,60,212,2025-09-22,2025-03-31,17,raw_excess,609,609,True,609,0.011199631890149876,-0.01643911229408265,0.027638744184232525,72,-0.059434039451370074,0.005957233388729028,0.0045000000000000005,0.023138744184232524
A,60,213,2025-09-29,2025-04-07,17,raw_excess,609,609,True,609,0.023854479406378526,-0.020147508752208054,0.04400198815858658,65,-0.03570854779685221,0.09769208209897268,0.005,0.03900198815858658
A,60,214,2025-10-06,2025-04-14,17,raw_excess,609,609,True,609,-0.006547027623249443,-0.03421421482695977,0.02766718720371033,74,-0.023866947891924947,0.06602831537438206,0.0055,0.02216718720371033
A,60,215,2025-10-13,2025-04-22,17,raw_excess,609,609,True,609,-0.028661045044042488,-0.032765004702205176,0.004103959658162688,86,0.04947455552391436,0.19851180735898533,0.007300000000000001,-0.0031960403418373126
A,60,216,2025-10-20,2025-04-29,18,raw_excess,609,609,True,609,0.00242637461966389,-0.015008591068766503,0.017434965688430393,106,0.023328937805225325,0.13289505561529597,0.006299999999999998,0.011134965688430394
A,60,217,2025-10-27,2025-05-06,18,raw_excess,609,609,True,609,-0.03361934001641899,-0.029378834764107117,-0.004240505252311871,80,0.000811862187974175,0.06918871160376916,0.008200000000000002,-0.012440505252311874
A,60,218,2025-11-03,2025-05-13,18,raw_excess,609,609,True,609,-0.014928068283933721,-0.024018777449660893,0.009090709165727172,54,-0.008490895837672189,0.028603757865778394,0.008,0.001090709165727172
A,60,219,2025-11-10,2025-05-20,18,raw_excess,609,609,True,609,0.04820698377943289,0.03005269973579988,0.018154284043633007,61,0.028526587809263117,0.11378641072260584,0.0045000000000000005,0.013654284043633006
A,60,220,2025-11-17,2025-05-28,18,raw_excess,609,609,True,609,0.05425256691200951,0.017503863093040712,0.0367487038189688,40,-0.0136074180646642,0.11497686769212458,0.005299999999999999,0.031448703818968804
A,60,221,2025-11-24,2025-06-04,18,raw_excess,609,609,True,609,0.07543287476063812,0.02039167894103379,0.05504119581960433,44,-0.059010151584756365,0.05477888828912302,0.0045000000000000005,0.050541195819604326
A,60,222,2025-12-02,2025-06-11,18,raw_excess,609,609,True,609,0.03930145610660518,0.0029341265697259665,0.03636732953687921,47,-0.12942866281021942,-0.00866531790187736,0.009600000000000001,0.02676732953687921
A,60,223,2025-12-09,2025-06-18,18,raw_excess,609,609,True,609,0.0076574916989176536,0.038736299178591824,-0.03107880747967417,66,-0.16357176859616535,-0.09222347488279771,0.006299999999999998,-0.03737880747967417
A,60,224,2025-12-16,2025-06-26,18,raw_excess,609,609,True,609,0.016594395530579363,0.03326725240591237,-0.016672856875333007,82,-0.14247865282199276,-0.10193808787089259,0.006499999999999998,-0.023172856875333006
A,60,225,2025-12-23,2025-07-03,18,raw_excess,609,609,True,609,-0.0007504526464113728,0.04287143010439143,-0.0436218827508028,74,-0.12031408722484557,-0.07142517118120342,0.006499999999999998,-0.0501218827508028
A,60,226,2025-12-31,2025-07-11,18,raw_excess,609,609,True,609,0.0018912507583655914,0.02204758933243338,-0.02015633857406779,88,-0.14071248995864447,-0.11831877956621344,0.0033,-0.02345633857406779
A,60,227,2026-01-08,2025-07-18,18,raw_excess,609,609,True,609,-0.01814744948178242,0.03172613864890427,-0.049873588130686694,74,-0.13718611466484182,-0.13587972900028475,0.005,-0.05487358813068669
A,60,228,2026-01-15,2025-07-25,19,raw_excess,609,609,True,609,0.04278195476399084,0.0693855302722363,-0.026603575508245464,62,-0.0789050299557165,-0.07679565346355868,0.008,-0.034603575508245464
A,60,229,2026-01-23,2025-08-01,19,raw_excess,609,609,True,609,-0.00939873971888625,0.10941635899625757,-0.11881509871514381,31,-0.08873418353685229,-0.04402990942591072,0.004,-0.12281509871514382
A,60,230,2026-01-30,2025-08-08,19,raw_excess,609,609,True,609,-0.019857272441054227,0.001518133193104356,-0.021375405634158583,69,-0.09262178198463936,-0.07108780288766006,0.0055,-0.026875405634158585
A,60,231,2026-02-06,2025-08-15,19,raw_excess,609,609,True,133,0.056913555420097676,0.0050639853031408215,0.05184957011695686,81,-0.032936819661093034,-0.001928158251803185,0.01153846153846154,0.04031110857849532
B,20,0,2021-07-01,2021-05-05,0,raw_excess,1424,1411,True,1398,-0.013836821635178503,-0.025687493918414156,0.011850672283235653,45,-0.2595615535255423,-0.24342720307649374,,
B,20,1,2021-07-09,2021-05-12,0,raw_excess,1428,1412,True,1400,-0.01113364878757345,0.0031285231571411805,-0.01426217194471463,42,-0.15061347031747896,-0.1645628945646514,,
B,20,2,2021-07-16,2021-05-19,0,raw_excess,1430,1413,True,1401,0.0015384993673383833,0.014682461676729848,-0.013143962309391466,19,-0.025324434258105644,-0.06904257703328895,,
B,20,3,2021-07-23,2021-05-26,0,raw_excess,1433,1415,True,1403,0.010131352037366148,0.009308630337739978,0.0008227216996261697,41,-0.16867294765811133,-0.226054383573172,,
B,20,4,2021-07-30,2021-06-03,1,raw_excess,1440,1416,True,1404,0.015693015505479056,0.02475096722629543,-0.009057951720816373,48,0.03741352961277886,-0.05725592040921892,,
B,20,5,2021-08-06,2021-06-10,1,raw_excess,1444,1418,True,1406,0.014229668344920374,0.027409985968752784,-0.01318031762383241,49,0.062332701746785006,0.06079182917081477,,
B,20,6,2021-08-13,2021-06-17,1,raw_excess,1929,1419,True,1408,0.034118140434102585,0.012809237043589737,0.02130890339051285,41,0.1832769694816991,0.1465168653497765,,
B,20,7,2021-08-20,2021-06-24,1,raw_excess,1929,1421,True,1410,0.041617831429152714,0.013768286149284166,0.02784954527986855,47,0.28813480170887057,0.1868617683982714,,
B,20,8,2021-08-27,2021-07-01,2,raw_excess,1933,1424,True,1413,0.05298848644430124,-0.014986615343799508,0.06797510178810075,42,0.15426785902343554,0.06009780525713842,,
B,20,9,2021-09-03,2021-07-09,2,raw_excess,1935,1428,True,1417,0.07347174207751356,-0.03313706399647251,0.10660880607398607,46,-0.04785538828446754,-0.060931606370258906,,
B,20,10,2021-09-13,2021-07-16,2,raw_excess,1935,1430,True,1419,0.04615448722348436,-0.029737332857211807,0.07589182008069617,48,-0.11653802138946999,-0.042717690974375264,,
B,20,11,2021-09-20,2021-07-23,2,raw_excess,1939,1433,True,1422,-0.037164227650789694,-0.0007138861972898346,-0.03645034145349986,44,-0.09656276668496938,0.025127249343417164,,
B,20,12,2021-09-27,2021-07-30,3,raw_excess,1940,1440,True,1430,-0.007812646330853767,-0.0033038279358633005,-0.004508818394990467,63,-0.16360931775415907,-0.06271338155645145,,
B,20,13,2021-10-04,2021-08-06,3,raw_excess,1946,1444,True,1434,-0.02234593608765248,-0.03262021094140766,0.010274274853755178,64,0.06314425970832539,0.005975526235032333,,
B,20,14,2021-10-11,2021-08-13,3,raw_excess,1955,1929,True,1920,0.020688414377794933,-0.01854938696394565,0.03923780134174058,31,0.08274346920869247,0.018698744058815327,,
B,20,15,2021-10-18,2021-08-20,3,raw_excess,1955,1929,True,1920,0.014921955151297267,-0.021716086853362977,0.03663804200466024,44,-0.031817921744343454,-0.05895979576587169,,
B,20,16,2021-10-25,2021-08-27,4,raw_excess,1955,1933,True,1925,-0.006073436350003242,-0.04606439628529424,0.039990959935291,49,-0.17823320142522733,-0.1818424818492287,,
B,20,17,2021-11-01,2021-09-03,4,raw_excess,1955,1935,True,1927,-0.00032123431618214155,-0.03640556067466081,0.03608432635847867,16,-0.2068587719017313,-0.2312434742389673,,
B,20,18,2021-11-08,2021-09-13,4,raw_excess,1955,1935,True,1927,-0.0018040449348925378,-0.046397970607366654,0.04459392567247412,41,-0.28381002469959227,-0.3022834647105976,,
B,20,19,2021-11-15,2021-09-20,4,raw_excess,1955,1939,True,1931,-0.021201174232436792,-0.06690377710339017,0.045702602870953374,35,-0.3557681125925246,-0.37158865959318443,,
B,20,20,2021-11-22,2021-09-27,5,raw_excess,1955,1940,True,1932,-0.011429656320832602,-0.02298216179689584,0.011552505476063237,58,-0.1596990206990215,-0.15004501453938585,,
B,20,21,2021-11-30,2021-10-04,5,raw_excess,1955,1946,True,1938,-0.010105885132916428,-0.026893387841603493,0.016787502708687063,57,-0.21072836953020865,-0.240106557220221,,
B,20,22,2021-12-07,2021-10-11,5,raw_excess,1955,1955,True,1947,-0.0370971707720833,-0.034282391176541895,-0.0028147795955414043,44,-0.2373115245074971,-0.2699563324839484,,
B,20,23,2021-12-14,2021-10-18,5,raw_excess,1955,1955,True,1947,-0.024894726969043362,-7.399630607285575e-05,-0.024820730662970508,29,-0.14173981756629953,-0.13152551697886436,,
B,20,24,2021-12-21,2021-10-25,6,raw_excess,1955,1955,True,1947,-0.01796314383677272,-0.030792708798558752,0.012829564961786031,48,-0.31469419236410534,-0.25518237610001787,,
B,20,25,2021-12-29,2021-11-01,6,raw_excess,1955,1955,True,1947,-0.04588060057677147,-0.024111644104995233,-0.02176895647177624,53,-0.3325080871898962,-0.24212895955543545,,
B,20,26,2022-01-05,2021-11-08,6,raw_excess,1955,1955,True,1947,-0.05562376884123442,-0.013684654498581642,-0.04193911434265278,47,-0.35005068206772155,-0.20758651464102906,,
B,20,27,2022-01-12,2021-11-15,6,raw_excess,1955,1955,True,1947,-0.030536666922773622,-0.008948450573010521,-0.0215882163497631,13,-0.11273235102915372,-0.05808278743593592,,
B,20,28,2022-01-20,2021-11-22,7,raw_excess,1955,1955,True,1947,-0.02063452772496796,0.0034764354537656465,-0.024110963178733607,39,-0.00021195869512504576,0.03445002715402214,,
B,20,29,2022-01-27,2021-11-30,7,raw_excess,1955,1955,True,1947,0.025479839921540025,0.02174171795379145,0.0037381219677485762,27,0.20950766979743896,0.1702851068512943,,
B,20,30,2022-02-03,2021-12-07,7,raw_excess,1955,1955,True,1947,-0.0023958566357524464,-0.010212878369774692,0.007817021734022246,32,-0.024765323324752828,-0.006242480834846908,,
B,20,31,2022-02-10,2021-12-14,7,raw_excess,1955,1955,True,1947,0.00478378587101155,-0.018957046976783732,0.023740832847795282,54,-0.16650195679653756,-0.1598136216360373,,
B,20,32,2022-02-17,2021-12-21,8,raw_excess,1955,1955,True,1947,0.024885053589596758,0.0019501230356718793,0.022934930553924877,27,0.1252797505671478,0.05119411514204849,,
B,20,33,2022-02-25,2021-12-29,8,raw_excess,1955,1955,True,1947,0.03269209252187394,0.019163670777519678,0.013528421744354261,51,-0.014452105232590428,0.0010762960142951133,,
B,20,34,2022-03-04,2022-01-05,8,raw_excess,1955,1955,True,1947,0.04214189198276689,0.01826292007935948,0.02387897190340741,24,0.21841750890784006,0.20297184289411563,,
B,20,35,2022-03-11,2022-01-12,8,raw_excess,1955,1955,True,1947,0.028465105001595742,0.008165531400508243,0.0202995736010875,25,0.09795166708983506,0.07007892316132124,,
B,20,36,2022-03-18,2022-01-20,9,raw_excess,1955,1955,True,1947,-0.02290750038786106,-0.04788136449755087,0.02497386410968981,22,-0.16552013484102318,-0.23598517714213837,,
B,20,37,2022-03-25,2022-01-27,9,raw_excess,1955,1955,True,1947,-0.0343020184126455,-0.06505613072339907,0.03075411231075357,50,-0.21298578780108854,-0.2695884263812439,,
B,20,38,2022-04-01,2022-02-03,9,raw_excess,1955,1955,True,1947,-0.015212280844749336,-0.07435576631666331,0.059143485471913976,16,-0.1601147994835199,-0.29328083000369387,,
B,20,39,2022-04-08,2022-02-10,9,raw_excess,1955,1955,True,1947,-0.04572153196862674,-0.0938610501764119,0.04813951820778516,4,-0.21758087307200638,-0.3503609404931768,,
B,20,40,2022-04-18,2022-02-17,10,raw_excess,1955,1955,True,1947,-0.013341002190993234,-0.08661030341134743,0.07326930122035419,20,-0.1927259945635986,-0.27520752690007255,,
B,20,41,2022-04-25,2022-02-25,10,raw_excess,1955,1955,True,1947,0.013240418839988968,-0.05042991676544441,0.06367033560543338,45,-0.05837779809695578,-0.15388757004349374,,
B,20,42,2022-05-02,2022-03-04,10,raw_excess,1955,1955,True,1947,0.01924037951629093,-0.011187804300996322,0.03042818381728725,50,-0.07422542191343165,-0.13085049087963366,,
B,20,43,2022-05-09,2022-03-11,10,raw_excess,1955,1955,True,1947,0.01810893833310193,0.04539075546848459,-0.02728181713538266,39,0.2294346502330605,0.2221952372556374,,
B,20,44,2022-05-16,2022-03-18,11,raw_excess,1955,1955,True,1947,0.01050672550251631,0.020496856361026404,-0.009990130858510094,57,-0.0583135934868596,-0.032422994565120274,,
B,20,45,2022-05-23,2022-03-25,11,raw_excess,1955,1955,True,1947,0.011431989832252737,0.018435749286161946,-0.007003759453909209,36,-0.04011375060738529,-0.07461714236433027,,
B,20,46,2022-05-31,2022-04-01,11,raw_excess,1955,1955,True,1947,0.015500123472014692,-0.005253990392775591,0.020754113864790282,37,-0.08492878339199812,-0.1645808704790859,,
B,20,47,2022-06-07,2022-04-08,11,raw_excess,1955,1955,True,1947,0.011704752138392,0.002528029818319865,0.009176722320072134,14,-0.04256772382055389,-0.15064046593036648,,
B,20,48,2022-06-14,2022-04-18,12,raw_excess,1955,1955,True,1947,0.017290221290835454,-0.000640002413857558,0.01793022370469301,51,0.07181591898304543,-0.03847459517837356,,
B,20,49,2022-06-22,2022-04-25,12,raw_excess,1955,1955,True,1947,0.012527025098203465,0.023422305544362074,-0.010895280446158609,46,0.1970131237874825,0.12970164782244134,,
B,20,50,2022-06-29,2022-05-02,12,raw_excess,1955,1955,True,1947,0.02592759000410703,0.030968632824836275,-0.005041042820729244,32,0.16173819476912984,0.1381187657926411,,
B,20,51,2022-07-07,2022-05-09,12,raw_excess,1955,1955,True,1947,0.027822396364755395,-0.0039421533041012315,0.031764549668856626,19,0.17359466924739023,0.14946281513774826,,
B,20,52,2022-07-14,2022-05-16,13,raw_excess,1955,1955,True,1947,0.05630816823097001,0.06923822279685866,-0.012930054565888652,12,0.29308170344260936,0.2809396238521704,,
B,20,53,2022-07-21,2022-05-23,13,raw_excess,1955,1955,True,1947,0.006412790574845757,0.006206984125632838,0.00020580644921291882,44,0.07169413097410254,0.06530088890017509,,
B,20,54,2022-07-28,2022-05-31,13,raw_excess,1955,1955,True,1947,0.014086221464237438,0.05417527714631833,-0.0400890556820809,30,0.1851239864309886,0.15181243721138557,,
B,20,55,2022-08-04,2022-06-07,13,raw_excess,1955,1955,True,1947,0.007409154939766954,0.020501739249819295,-0.013092584310052342,39,-0.0838115707893552,-0.13023167452158665,,
B,20,56,2022-08-11,2022-06-14,14,raw_excess,1955,1955,True,1947,-0.011110759000715934,-0.011092066486563938,-1.8692514151995993e-05,50,-0.09779978741282672,-0.14264214641247797,,
B,20,57,2022-08-18,2022-06-22,14,raw_excess,1955,1955,True,1947,0.00031411124050698434,-0.024207912677147943,0.024522023917654928,19,-0.11294033795831386,-0.17382884350140546,,
B,20,58,2022-08-25,2022-06-29,14,raw_excess,1955,1955,True,1947,-0.011867459132206324,-0.015988405499679278,0.0041209463674729534,27,-0.38552394913297994,-0.41671775740148537,,
B,20,59,2022-09-01,2022-07-07,14,raw_excess,1955,1955,True,1947,0.0018620788162483184,-0.00985798016880213,0.01172005898505045,38,-0.11463749410145554,-0.20595290870994712,,
B,20,60,2022-09-09,2022-07-14,15,raw_excess,1955,1955,True,1947,0.012985800428410363,-0.014076999712805308,0.02706280014121567,76,-0.09091662707300865,-0.20377764737537113,,
B,20,61,2022-09-16,2022-07-21,15,raw_excess,1955,1955,True,1947,-0.02260663720109456,0.001829973062199464,-0.024436610263294023,50,-0.19327551465128193,-0.22622864611291962,,
B,20,62,2022-09-23,2022-07-28,15,raw_excess,1955,1955,True,1947,-0.011490330872943967,-0.0009020821494567755,-0.010588248723487192,21,0.001742543987038053,0.06165457298177898,,
B,20,63,2022-09-30,2022-08-04,15,raw_excess,1955,1955,True,1947,-0.00113986371944626,-0.01911770487588416,0.0179778411564379,34,-0.029405365494107386,0.013404029484643318,,
B,20,64,2022-10-07,2022-08-11,16,raw_excess,1955,1955,True,1947,-0.02246742569702026,-0.024787178863554353,0.002319753166534093,24,-0.1308077662769516,-0.090173005147824,,
B,20,65,2022-10-14,2022-08-18,16,raw_excess,1955,1955,True,1947,-0.0019610238925472216,-0.0018516918570451076,-0.00010933203550211401,42,0.2006874894645441,0.13142522632990736,,
B,20,66,2022-10-21,2022-08-25,16,raw_excess,1955,1955,True,1947,-0.008569495483224839,0.008703582491120215,-0.017273077974345054,45,0.05733320947031585,-0.015827163884501397,,
B,20,67,2022-10-28,2022-09-01,16,raw_excess,1955,1955,True,1947,-0.005084466985403918,-0.004590081661768438,-0.0004943853236354804,60,-0.027233393401305542,-0.09156130067594158,,
B,20,68,2022-11-04,2022-09-09,17,raw_excess,1955,1955,True,1947,-0.020562624385244616,0.005430282066980391,-0.025992906452225007,33,0.085773416568725,-0.012714951940266053,,
B,20,69,2022-11-11,2022-09-16,17,raw_excess,1955,1955,True,1947,-0.01621953995610443,-0.015174852156185517,-0.001044687799918913,47,-0.22399986645823425,-0.2181188512090087,,
B,20,70,2022-11-18,2022-09-23,17,raw_excess,1955,1955,True,1947,-0.010363211274239514,-0.022359247786898278,0.011996036512658764,28,-0.1661067156060972,-0.16250829374342798,,
B,20,71,2022-11-28,2022-09-30,17,raw_excess,1955,1955,True,1947,-0.011042398108294162,-0.020666788153949296,0.009624390045655134,23,-0.14260562746896968,-0.16668407754425094,,
B,20,72,2022-12-05,2022-10-07,18,raw_excess,1955,1955,True,1947,0.011206635015734996,0.007149080223345892,0.0040575547923891045,26,-0.09158266961159514,-0.03444858236598602,,
B,20,73,2022-12-12,2022-10-14,18,raw_excess,1955,1955,True,1947,0.0377400578331421,0.045842379792089494,-0.008102321958947396,48,0.16387741657924124,0.21439980903540296,,
B,20,74,2022-12-19,2022-10-21,18,raw_excess,1955,1955,True,1947,0.03222766471354756,0.07230608332446377,-0.04007841861091621,68,0.2707717123067715,0.37788389533467664,,
B,20,75,2022-12-27,2022-10-28,18,raw_excess,1955,1955,True,1947,0.05912134623634652,0.08664919512583788,-0.027527848889491363,50,0.4044018810216812,0.45619608571135895,,
B,20,76,2023-01-04,2022-11-04,19,raw_excess,1955,1955,True,1947,0.06416973277097797,0.09164887035803267,-0.027479137587054697,48,0.34697518432388386,0.4547787736600719,,
B,20,77,2023-01-11,2022-11-11,19,raw_excess,1955,1955,True,1947,0.02737642970889812,0.04945115161885199,-0.022074721909953868,29,0.18307113429127045,0.22909341692915142,,
B,20,78,2023-01-19,2022-11-18,19,raw_excess,1955,1955,True,1947,0.01323300325924539,0.027176628331320268,-0.013943625072074878,28,0.11445309290114233,0.14141540959437127,,
B,20,79,2023-01-26,2022-11-28,19,raw_excess,1955,1955,True,1947,-0.010952701060685242,0.011403194814266125,-0.02235589587495137,26,-0.06740359468703376,-0.05870342075260451,,
B,20,80,2023-02-02,2022-12-05,20,raw_excess,1955,1955,True,1947,-0.016075701962117647,-0.011700872507973824,-0.0043748294541438235,56,-0.08278906882694816,-0.03864716979771413,,
B,20,81,2023-02-09,2022-12-12,20,raw_excess,1955,1955,True,1947,-0.01986409628444453,-0.019398394886778504,-0.0004657013976660275,48,-0.10069526994177812,-0.05249997204331053,,
B,20,82,2023-02-16,2022-12-19,20,raw_excess,1955,1955,True,1947,-0.0030525973962865936,-0.01909040149241666,0.016037804096130065,27,-0.10642170384882343,-0.1244364792257798,,
B,20,83,2023-02-24,2022-12-27,20,raw_excess,1955,1955,True,1947,0.0074152331175570355,-0.0020155141069561782,0.009430747224513213,29,-0.04407538821521469,-0.030865663044332206,,
B,20,84,2023-03-03,2023-01-04,21,raw_excess,1955,1955,True,1947,0.006175550684356107,0.012753472896356076,-0.00657792221199997,24,-0.07467325503274025,-0.03882725843188866,,
B,20,85,2023-03-10,2023-01-11,21,raw_excess,1955,1955,True,1947,-0.008664849708750793,0.017651123253365413,-0.026315972962116206,29,-0.05501292190876005,0.056176506344637195,,
B,20,86,2023-03-17,2023-01-19,21,raw_excess,1955,1955,True,1947,0.016652914437007928,0.029508393782255525,-0.012855479345247597,19,0.045745263747082154,0.029160899383433622,,
B,20,87,2023-03-24,2023-01-26,21,raw_excess,1955,1955,True,1947,0.021495415341095798,0.00868727145870822,0.012808143882387577,30,-0.00035530524814898496,-0.023002071909137424,,
B,20,88,2023-03-31,2023-02-02,22,raw_excess,1955,1955,True,1947,0.018169414475724826,0.022159150352226074,-0.003989735876501248,38,-0.1209869780117535,-0.08248068078732369,,
B,20,89,2023-04-10,2023-02-09,22,raw_excess,1955,1955,True,1947,0.023050764099272904,0.053538337588030095,-0.03048757348875719,13,-0.12033836017846258,0.016304347815041698,,
B,20,90,2023-04-17,2023-02-16,22,raw_excess,1955,1955,True,1947,0.038006285416565824,0.03961505775249549,-0.0016087723359296674,48,-0.12741023053898431,0.06895734563309967,,
B,20,91,2023-04-24,2023-02-24,22,raw_excess,1955,1955,True,1947,0.06136158161084878,0.030714335524782633,0.030647246086066147,39,0.06213116014367632,0.14947095842451094,,
B,20,92,2023-05-01,2023-03-03,23,raw_excess,1955,1955,True,1947,0.04689182158553806,0.04758639841329518,-0.0006945768277571152,48,0.11198769614291967,0.13478206737387557,,
B,20,93,2023-05-08,2023-03-10,23,raw_excess,1955,1955,True,1947,0.033272101848610444,0.044802669208816995,-0.01153056736020655,45,0.3249784641119028,0.1744702263470551,,
B,20,94,2023-05-15,2023-03-17,23,raw_excess,1955,1955,True,1947,0.026234219222796056,0.04114913248242056,-0.014914913259624504,44,0.3578870955665587,0.24529216061972142,,
B,20,95,2023-05-22,2023-03-24,23,raw_excess,1955,1955,True,1947,-0.0033839720048056635,-0.006989790031908544,0.00360581802710288,60,0.14046886063257563,0.10262322337204123,,
B,20,96,2023-05-30,2023-03-31,24,raw_excess,1955,1955,True,1947,0.019009566340709157,0.013948459257119763,0.0050611070835893945,45,0.09207727579033687,0.10170129031266055,,
B,20,97,2023-06-06,2023-04-10,24,raw_excess,1955,1955,True,1949,0.03795425936743146,0.026939698501853446,0.011014560865578012,71,-0.10202214180254959,-0.08277754641601043,,
B,20,98,2023-06-13,2023-04-17,24,raw_excess,1955,1955,True,1949,0.016821194954859987,0.04314884157158903,-0.026327646616729046,51,-0.03320302599686178,-0.0009017557571255848,,
B,20,99,2023-06-21,2023-04-24,24,raw_excess,1955,1955,True,1949,0.007998968926727903,0.061510569453180015,-0.05351160052645211,59,0.04349459779718154,0.16006667838557664,,
B,20,100,2023-06-28,2023-05-01,25,raw_excess,1955,1955,True,1949,0.006731383659129201,0.01702110271354513,-0.010289719054415928,49,0.004463149890172107,0.15839498752410555,,
B,20,101,2023-07-06,2023-05-08,25,raw_excess,1955,1955,True,1949,-0.010896003739658277,0.04423590110531973,-0.055131904844978014,56,0.09405091806078006,0.27565084413926494,,
B,20,102,2023-07-13,2023-05-15,25,raw_excess,1955,1955,True,1949,-0.004062059030640163,0.028301731456147918,-0.03236379048678808,40,-0.07939773092489655,0.09644785321986758,,
B,20,103,2023-07-20,2023-05-22,25,raw_excess,1955,1955,True,1949,-0.018739284905620185,0.022276729445515085,-0.04101601435113527,55,-0.09640432382286745,-0.0086678103862324,,
B,20,104,2023-07-27,2023-05-30,26,raw_excess,1955,1955,True,1949,0.013054806835409353,0.029319398359513808,-0.016264591524104456,70,-0.07920816394537329,-0.08492125090492036,,
B,20,105,2023-08-03,2023-06-06,26,raw_excess,1955,1955,True,1949,-0.0004509368793941184,0.013396851127400251,-0.01384778800679437,51,-0.07255113345990218,-0.1179890440534586,,
B,20,106,2023-08-10,2023-06-13,26,raw_excess,1955,1955,True,1949,0.011821652122525216,-0.024667506404371264,0.03648915852689648,39,-0.07406410973806667,-0.10814471776170778,,
B,20,107,2023-08-17,2023-06-21,26,raw_excess,1955,1955,True,1949,-0.014312151586741578,-0.01469742596785936,0.00038527438111778285,37,-0.07210573526259696,-0.10530790877165681,,
B,20,108,2023-08-24,2023-06-28,27,raw_excess,1955,1955,True,1949,-0.014625973277599373,-0.018433739908543408,0.0038077666309440355,46,-0.22046511788636122,-0.1891653873750711,,
B,20,109,2023-08-31,2023-07-06,27,raw_excess,1955,1955,True,1949,-0.025841439797576,0.00023809760530596642,-0.026079537402881964,56,-0.1731952943592737,-0.17569978053664834,,
B,20,110,2023-09-08,2023-07-13,27,raw_excess,1955,1955,True,1949,-0.0007577130557338573,-0.006669973868826999,0.005912260813093142,43,-0.18327240915538143,-0.16048597304109363,,
B,20,111,2023-09-15,2023-07-20,27,raw_excess,1955,1955,True,1949,-0.02014704469682947,-0.024473842772378296,0.004326798075548827,42,-0.23264746809462833,-0.19870273865779087,,
B,20,112,2023-09-22,2023-07-27,28,raw_excess,1955,1955,True,1951,-0.02467573620457431,-0.045760602435494444,0.021084866230920134,64,-0.19544993155174886,-0.20267679590189863,,
B,20,113,2023-09-29,2023-08-03,28,raw_excess,1955,1955,True,1951,-0.015720998799652587,-0.021431316512574013,0.005710317712921426,31,-0.2733943716740952,-0.2346579367312626,,
B,20,114,2023-10-06,2023-08-10,28,raw_excess,1955,1955,True,1951,0.010665209854639885,0.007076929848001854,0.0035882800066380314,62,-0.006875098859409146,-0.05678769297075107,,
B,20,115,2023-10-13,2023-08-17,28,raw_excess,1955,1955,True,1951,0.01935210859985211,0.014360554686573497,0.004991553913278612,35,0.0007169684028135776,-0.049308859934113485,,
B,20,116,2023-10-20,2023-08-24,29,raw_excess,1955,1955,True,1951,0.062401329730248825,0.029135835220599586,0.03326549450964924,33,0.15137908450485854,0.1011441642248574,,
B,20,117,2023-10-27,2023-08-31,29,raw_excess,1955,1955,True,1951,0.09236957615995262,0.05092973761768177,0.041439838542270846,44,0.2057486177332363,0.12461118468481634,,
B,20,118,2023-11-03,2023-09-08,29,raw_excess,1955,1955,True,1951,0.058789803221050735,0.048372919064201755,0.01041688415684898,81,0.17521548642217621,0.15496985923212334,,
B,20,119,2023-11-10,2023-09-15,29,raw_excess,1955,1955,True,1951,0.01913204051453766,0.05041564711439361,-0.03128360659985595,54,0.24064747007095794,0.23025722032078935,,
B,20,120,2023-11-17,2023-09-22,30,raw_excess,1955,1955,True,1951,0.005007973201408734,0.039886306844092,-0.034878333642683265,47,0.223215804830813,0.21900691334016859,,
B,20,121,2023-11-27,2023-09-29,30,raw_excess,1955,1955,True,1951,0.035049211487009894,0.06492287426337981,-0.029873662776369915,50,0.27419478557923727,0.29969337494102044,,
B,20,122,2023-12-04,2023-10-06,30,raw_excess,1955,1955,True,1951,-0.0019869407846443083,0.012366159534221762,-0.01435310031886607,22,0.11085244473553409,0.15865370377950427,,
B,20,123,2023-12-11,2023-10-13,30,raw_excess,1955,1955,True,1951,0.03675123739648531,0.049086687541510354,-0.012335450145025045,44,0.14588919034023545,0.22695659692225253,,
B,20,124,2023-12-18,2023-10-20,31,raw_excess,1955,1955,True,1951,0.014009272808843933,-0.0004238428279226871,0.01443311563676662,23,-0.13365797041109903,-0.13450989398147736,,
B,20,125,2023-12-26,2023-10-27,31,raw_excess,1955,1955,True,1951,0.022306306405459768,-0.012277980300701936,0.034584286706161704,52,-0.17632023615208964,-0.19151502720976452,,
B,20,126,2024-01-03,2023-11-03,31,raw_excess,1955,1955,True,1951,0.03824672234129863,0.01969877567733466,0.018547946663963973,52,-0.04362435712286236,-0.03565693806673824,,
B,20,127,2024-01-10,2023-11-10,31,raw_excess,1955,1955,True,1951,0.031612134179871416,0.0011410910602623315,0.030471043119609086,71,-0.03349050429199312,-0.048810432303037964,,
B,20,128,2024-01-18,2023-11-17,32,raw_excess,1955,1955,True,1951,0.04412235085672306,0.04855048967559955,-0.0044281388188764925,42,0.17054705700611858,0.15557843267262106,,
B,20,129,2024-01-25,2023-11-27,32,raw_excess,1955,1955,True,1951,0.05412344633112759,0.04194514568316026,0.012178300647967329,50,0.007751629344795199,-0.0017084331228758283,,
B,20,130,2024-02-01,2023-12-04,32,raw_excess,1955,1955,True,1951,0.019328555796257144,0.06215626601184744,-0.0428277102155903,35,0.07765928215247521,0.11480713815350983,,
B,20,131,2024-02-08,2023-12-11,32,raw_excess,1955,1955,True,1951,0.04360206768315042,0.04721677835496212,-0.0036147106718117036,39,0.018751581948350204,0.0873566672737629,,
B,20,132,2024-02-15,2023-12-18,33,raw_excess,1955,1955,True,1951,-0.014041970379474376,-0.006279557935562667,-0.007762412443911709,46,-0.1751728216500544,-0.08692580238385438,,
B,20,133,2024-02-23,2023-12-26,33,raw_excess,1955,1955,True,1951,0.007778076348210543,0.007145981868568717,0.000632094479641826,27,-0.05535921652557814,0.028156672342820745,,
B,20,134,2024-03-01,2024-01-03,33,raw_excess,1955,1955,True,1951,-0.0003770211054017945,0.003732230087202344,-0.004109251192604139,40,-0.11019714708044757,-0.06353387128126081,,
B,20,135,2024-03-08,2024-01-10,33,raw_excess,1955,1955,True,1951,-0.006875364480975301,-0.01769424231745676,0.01081887783648146,39,-0.10530603710634309,-0.08490648819669304,,
B,20,136,2024-03-15,2024-01-18,34,raw_excess,1955,1955,True,1951,-0.008583042945780266,-0.020955463927984738,0.012372420982204473,38,-0.09604497908710109,-0.11549387316063636,,
B,20,137,2024-03-22,2024-01-25,34,raw_excess,1955,1955,True,1951,-0.02910730706482367,-0.024963816236046887,-0.004143490828776783,34,-0.203857567677569,-0.26182192346025857,,
B,20,138,2024-04-01,2024-02-01,34,raw_excess,1955,1955,True,1951,-0.010803534598514944,-0.025156930292926788,0.014353395694411844,62,-0.17465105842840292,-0.2044504684915823,,
B,20,139,2024-04-08,2024-02-08,34,raw_excess,1955,1955,True,1951,0.004303401912875527,0.0027239592507758963,0.0015794426620996307,52,-0.059581392321200674,-0.011830819794186917,,
B,20,140,2024-04-15,2024-02-15,35,raw_excess,1955,1955,True,1951,0.02022449029229767,0.013341983083275819,0.006882507209021851,57,-0.03521601259440959,0.03914711222394616,,
B,20,141,2024-04-22,2024-02-23,35,raw_excess,1955,1955,True,1951,0.01422875540896854,0.025026180237059468,-0.010797424828090927,36,0.11111712632116573,0.15665887778880516,,
B,20,142,2024-04-29,2024-03-01,35,raw_excess,1955,1955,True,1951,0.020290950342928805,0.04656096361408402,-0.02627001327115521,54,0.05008658422311529,0.10299245986247464,,
B,20,143,2024-05-06,2024-03-08,35,raw_excess,1955,1955,True,1951,0.012726999722158783,0.023794087347295524,-0.01106708762513674,35,-0.06159458851178196,-0.051894244330282446,,
B,20,144,2024-05-13,2024-03-15,36,raw_excess,1955,1955,True,1951,0.011149583403023512,0.024279153152690313,-0.013129569749666802,51,0.022973194866857238,0.020269759848117443,,
B,20,145,2024-05-20,2024-03-22,36,raw_excess,1955,1955,True,1951,-0.0106028025596562,0.0003931692791993642,-0.010995971838855563,69,-0.1632066995380156,-0.13417770502605397,,
B,20,146,2024-05-28,2024-04-01,36,raw_excess,1955,1955,True,1951,-0.01019959852388597,-0.020139997293446597,0.009940398769560627,54,-0.16588934931571236,-0.15388906228423557,,
B,20,147,2024-06-04,2024-04-08,36,raw_excess,1955,1955,True,1951,-0.011880002864730694,-0.014814268647902525,0.0029342657831718313,50,-0.1256095202901256,-0.0761357891875535,,
B,20,148,2024-06-11,2024-04-15,37,raw_excess,1955,1955,True,1951,-0.012458448258759424,0.00741401613677879,-0.019872464395538213,35,-0.12445718507007265,-0.04951417268109531,,
B,20,149,2024-06-18,2024-04-22,37,raw_excess,1955,1955,True,1951,0.010543151649732676,0.0424610369845741,-0.031917885334841425,58,-0.007218369749768313,0.053863613946947865,,
B,20,150,2024-06-26,2024-04-29,37,raw_excess,1955,1955,True,1951,0.018573992259834426,0.02972263840561941,-0.011148646145784983,31,0.04840071512694643,0.0661691719438652,,
B,20,151,2024-07-03,2024-05-06,37,raw_excess,1955,1955,True,1951,-0.00899974014697447,0.0039450130979625355,-0.012944753244937005,18,-0.05591034511124869,-0.026374120938245198,,
B,20,152,2024-07-11,2024-05-13,38,raw_excess,1955,1955,True,1951,-0.007442406445928967,-0.0008027367025472954,-0.006639669743381671,32,-0.18793386239517643,-0.1884696645171697,,
B,20,153,2024-07-18,2024-05-20,38,raw_excess,1955,1955,True,1951,-0.00619415391803237,-0.024977552174556168,0.0187833982565238,32,-0.12421007826576384,-0.10288447470034594,,
B,20,154,2024-07-25,2024-05-28,38,raw_excess,1955,1955,True,1951,0.027747959518677597,-0.029859514931934155,0.05760747445061175,54,-0.19984244804249876,-0.11489771955111178,,
B,20,155,2024-08-01,2024-06-04,38,raw_excess,1955,1955,True,1951,0.01440920916831519,-0.007662977330090259,0.02207218649840545,30,-0.0347986488735805,-0.09058518723949474,,
B,20,156,2024-08-08,2024-06-11,39,raw_excess,1955,1955,True,1951,0.01786389507687865,0.005628375396160964,0.012235519680717687,28,-0.07482460853513323,-0.11943348087777075,,
B,20,157,2024-08-15,2024-06-18,39,raw_excess,1955,1955,True,1951,0.023273074981256678,0.0036030263129195727,0.019670048668337103,57,-0.00793082739677085,-0.08479800344026987,,
B,20,158,2024-08-22,2024-06-26,39,raw_excess,1955,1955,True,1951,0.005455313728160076,0.01891963768041399,-0.013464323952253911,44,-0.007715657246429115,-0.007748062150566276,,
B,20,159,2024-08-29,2024-07-03,39,raw_excess,1955,1955,True,1951,0.00420702394655209,0.01508177783456841,-0.010874753888016321,39,-0.05608252702049699,0.02440307405385615,,
B,20,160,2024-09-06,2024-07-11,40,raw_excess,1955,1955,True,1951,0.012955535488328819,0.013483859867299398,-0.000528324378970579,32,0.11962827822779198,0.15383385325586102,,
B,20,161,2024-09-13,2024-07-18,40,raw_excess,1955,1955,True,1951,0.0045296793875243,0.015120858856427615,-0.010591179468903315,30,0.08885605711343901,0.031028917829950244,,
B,20,162,2024-09-20,2024-07-25,40,raw_excess,1955,1955,True,1951,0.012124219342637965,0.014134630533683832,-0.0020104111910458668,61,0.03924485858218684,0.062266593588193135,,
B,20,163,2024-09-27,2024-08-01,40,raw_excess,1955,1955,True,1951,-0.010053712070829387,-0.0016026829992961227,-0.008451029071533264,45,0.0314801128317497,0.061479738401242615,,
B,20,164,2024-10-04,2024-08-08,41,raw_excess,1955,1955,True,1951,-0.021810036064800517,0.0019893185193149785,-0.023799354584115494,47,0.01458038494644929,0.07886959293289182,,
B,20,165,2024-10-11,2024-08-15,41,raw_excess,1955,1955,True,1951,0.033812699523589035,0.006284407497687203,0.027528292025901832,34,0.06765697312140238,0.17742804921490926,,
B,20,166,2024-10-18,2024-08-22,41,raw_excess,1955,1955,True,1951,-0.0033507422807031134,0.02888885786128078,-0.03223960014198389,38,-0.02168284349041658,0.041918811769922654,,
B,20,167,2024-10-25,2024-08-29,41,raw_excess,1955,1955,True,1951,-0.001534711634164938,0.06561825501366056,-0.0671529666478255,52,0.05354440133127982,0.12181447719378846,,
B,20,168,2024-11-01,2024-09-06,42,raw_excess,1955,1955,True,1951,-0.010022134744471993,0.08461764081768715,-0.09463977556215913,79,0.05972745534542769,0.18617563291507414,,
B,20,169,2024-11-08,2024-09-13,42,raw_excess,1955,1955,True,1951,0.012782429237721936,0.0972398299474307,-0.08445740070970877,50,0.0493264455566009,0.06705479295494102,,
B,20,170,2024-11-15,2024-09-20,42,raw_excess,1955,1955,True,1951,0.0045926872178627485,0.07406537699948805,-0.0694726897816253,43,0.15214111550671106,0.12064093111017514,,
B,20,171,2024-11-22,2024-09-27,42,raw_excess,1955,1955,True,1951,-0.0030107540364162117,0.03831050594769979,-0.041321259984116,55,0.035797560200889963,-0.005552424618349121,,
B,20,172,2024-12-02,2024-10-04,43,raw_excess,1955,1955,True,1951,-0.01205983778990042,0.03588866904780341,-0.04794850683770383,68,-0.010610856433314175,-0.03708365546881311,,
B,20,173,2024-12-09,2024-10-11,43,raw_excess,1955,1955,True,1951,0.002385738933447735,0.013565685897294285,-0.01117994696384655,33,0.08992931279918427,0.05435287070329971,,
B,20,174,2024-12-16,2024-10-18,43,raw_excess,1955,1955,True,1951,0.014036968423731583,0.017412832444668177,-0.0033758640209365937,43,0.0426835205279161,0.0027358609143184566,,
B,20,175,2024-12-23,2024-10-25,43,raw_excess,1955,1955,True,1951,0.02043248275483634,0.0215487082811964,-0.0011162255263600582,45,0.12349900268336414,0.0863979969825636,,
B,20,176,2024-12-31,2024-11-01,44,raw_excess,1955,1955,True,1951,0.012714744664960961,0.002959206677030394,0.009755537987930567,54,0.0004756501833833245,-0.011003617531326273,,
B,20,177,2025-01-08,2024-11-08,44,raw_excess,1955,1955,True,1951,0.006054932115870271,-0.025165377034784213,0.031220309150654484,36,-0.11205388356537099,-0.0950934775039299,,
B,20,178,2025-01-16,2024-11-15,44,raw_excess,1955,1955,True,1951,0.0010192259519754183,-0.009244531835146369,0.010263757787121788,27,-0.07275832690672872,-0.06263887555382372,,
B,20,179,2025-01-24,2024-11-22,44,raw_excess,1955,1955,True,1951,-0.004230254287920126,-0.015240046126248376,0.01100979183832825,63,-0.22253297758288001,-0.2452298531757736,,
B,20,180,2025-01-31,2024-12-02,45,raw_excess,1955,1955,True,1951,-0.025970589604201205,-0.022232398165573666,-0.003738191438627539,74,-0.30253594666773476,-0.29928540706588513,,
B,20,181,2025-02-07,2024-12-09,45,raw_excess,1955,1955,True,1951,-0.02558160897012521,-0.018029149202553142,-0.007552459767572069,44,-0.17349538055468092,-0.31840757362539507,,
B,20,182,2025-02-14,2024-12-16,45,raw_excess,1955,1955,True,1951,-0.015945355737458977,-0.0005815961435300554,-0.015363759593928921,44,-0.12857727352779894,-0.21378534180485906,,
B,20,183,2025-02-24,2024-12-23,45,raw_excess,1955,1955,True,1951,0.000943721984163558,0.0079063434877708,-0.006962621503607241,36,-0.02727995420907388,-0.055814657663401976,,
B,20,184,2025-03-03,2024-12-31,46,raw_excess,1955,1955,True,1951,-0.005490446957528806,0.00612441636317658,-0.011614863320705385,48,-0.07017495491626943,-0.04849219018050503,,
B,20,185,2025-03-10,2025-01-08,46,raw_excess,1955,1955,True,1951,0.0074438977927715,0.005965853587859301,0.0014780442049121987,40,-0.10967933281178024,-0.06738686066477947,,
B,20,186,2025-03-17,2025-01-16,46,raw_excess,1955,1955,True,1951,-0.004590120196314475,-0.016619127661983802,0.012029007465669327,24,-0.1971624380738824,-0.15121761639521705,,
B,20,187,2025-03-24,2025-01-24,46,raw_excess,1955,1955,True,1951,-0.007246998588007856,0.0012200003541441968,-0.008466998942152052,40,-0.25120380159543587,-0.1424487554342304,,
B,20,188,2025-03-31,2025-01-31,47,raw_excess,1955,1955,True,1951,0.04962604441370517,0.03997074319142642,0.009655301222278749,29,0.11343838979987811,0.10009396684410259,,
B,20,189,2025-04-07,2025-02-07,47,raw_excess,1955,1955,True,1951,0.04445849449966127,0.011987135350652304,0.03247135914900897,37,0.20223776114212658,0.03541180504784688,,
B,20,190,2025-04-14,2025-02-14,47,raw_excess,1955,1955,True,1951,0.04194125686704946,0.02419992079651378,0.017741336070535685,51,0.37725267597451095,0.11827902233439445,,
B,20,191,2025-04-22,2025-02-24,47,raw_excess,1955,1955,True,1951,0.051371345944211284,-0.007798780992176206,0.05917012693638749,34,0.31343664557594747,0.11685987816715245,,
B,20,192,2025-04-29,2025-03-03,48,raw_excess,1955,1955,True,1952,0.012731572284372515,0.04337742712904591,-0.030645854844673394,70,0.1843009384448005,0.14058507304584952,,
B,20,193,2025-05-06,2025-03-10,48,raw_excess,1955,1955,True,1952,0.043293020409348466,0.04895558890133183,-0.0056625684919833635,30,0.28110901944324224,0.2698223736973129,,
B,20,194,2025-05-13,2025-03-17,48,raw_excess,1955,1955,True,1952,0.035016324919619465,0.04818039291896174,-0.013164067999342277,48,0.14542399140393536,0.10265142314938216,,
B,20,195,2025-05-20,2025-03-24,48,raw_excess,1955,1955,True,1952,0.0193288227759381,0.027424138467884825,-0.008095315691946724,19,0.13908941126046723,0.09664871597721483,,
B,20,196,2025-05-28,2025-03-31,49,raw_excess,1955,1955,True,1952,0.02350850172012178,0.03902279116581936,-0.01551428944569758,26,0.21184266153206835,0.1489493234282293,,
B,20,197,2025-06-04,2025-04-07,49,raw_excess,1955,1955,True,1952,0.014367854764426128,0.04167812950644243,-0.027310274742016305,21,0.15231122783676276,0.27595235292272985,,
B,20,198,2025-06-11,2025-04-14,49,raw_excess,1955,1955,True,1952,0.012947218028766666,0.017428429396113068,-0.004481211367346402,32,0.10311824308576371,0.20677735825938715,,
B,20,199,2025-06-18,2025-04-22,49,raw_excess,1955,1955,True,1952,0.012972318235553412,0.03278297416863282,-0.01981065593307941,29,0.12067165814357339,0.2175282782667423,,
B,20,200,2025-06-26,2025-04-29,50,raw_excess,1955,1955,True,1952,0.010082757449506603,0.02871460477816077,-0.018631847328654166,48,0.18736062996825298,0.21767534168767153,,
B,20,201,2025-07-03,2025-05-06,50,raw_excess,1955,1955,True,1952,0.012077959857499721,0.01621319056512581,-0.004135230707626088,30,0.008646896405853888,-0.06946228051110574,,
B,20,202,2025-07-11,2025-05-13,50,raw_excess,1955,1955,True,1952,-0.010330440922583204,-0.012949099413047163,0.0026186584904639588,27,0.009398832025634182,-0.07621226583024712,,
B,20,203,2025-07-18,2025-05-20,50,raw_excess,1955,1955,True,1952,0.0013869764024561316,0.01212354814569991,-0.01073657174324378,57,0.08603706957463372,0.031393901403313745,,
B,20,204,2025-07-25,2025-05-28,51,raw_excess,1955,1955,True,1952,-0.005236666982197875,-0.0037787778702217476,-0.0014578891119761276,52,0.017228542128540993,-0.003043262323801131,,
B,20,205,2025-08-01,2025-06-04,51,raw_excess,1955,1955,True,1952,0.00033816758338590675,-0.0065042867257133,0.006842454309099207,34,0.1284693122219421,0.11927784268854588,,
B,20,206,2025-08-08,2025-06-11,51,raw_excess,1955,1955,True,1954,-2.866291515286174e-05,0.027932300978600152,-0.027960963893753014,39,0.1196437461787711,0.14898402700975322,,
B,20,207,2025-08-15,2025-06-18,51,raw_excess,1955,1955,True,1954,0.0030912917451937603,0.020173788763156238,-0.017082497017962477,33,0.07783678960707205,0.14693297535837962,,
B,20,208,2025-08-22,2025-06-26,52,raw_excess,1955,1955,True,1954,0.00999519279763366,0.04035714566932333,-0.03036195287168967,50,0.18982522563832463,0.2635949435020606,,
B,20,209,2025-08-29,2025-07-03,52,raw_excess,1955,1955,True,1954,0.02747987669893948,0.040088701557717224,-0.012608824858777744,45,0.14156276860095862,0.22111133057258917,,
B,20,210,2025-09-08,2025-07-11,52,raw_excess,1955,1955,True,1954,0.06023154162331111,0.04483507946964229,0.01539646215366882,50,0.1514417693050159,0.19918281474318802,,
B,20,211,2025-09-15,2025-07-18,52,raw_excess,1955,1955,True,1954,0.07936566263356867,0.05440215697772226,0.024963505655846416,46,0.13039730070841682,0.12401607032637772,,
B,20,212,2025-09-22,2025-07-25,53,raw_excess,1955,1955,True,1954,0.04387350872669026,0.04250018574066746,0.0013733229860228013,33,0.1355365390283418,0.11888346931401102,,
B,20,213,2025-09-29,2025-08-01,53,raw_excess,1955,1955,True,1954,0.02349443597986184,0.005059276099821193,0.018435159880040644,64,0.17625297087067404,0.1634342617174957,,
B,20,214,2025-10-06,2025-08-08,53,raw_excess,1955,1955,True,1954,-0.005082509843617456,-0.0037108439118477285,-0.0013716659317697276,69,0.04201201837862677,4.1049268967685526e-05,,
B,20,215,2025-10-13,2025-08-15,53,raw_excess,1955,1955,True,1954,-0.029194793564563063,-0.006365976054198505,-0.022828817510364557,45,-0.08736953490427701,-0.10555213493059525,,
B,20,216,2025-10-20,2025-08-22,54,raw_excess,1955,1955,True,1954,-0.02842200533727289,-0.02483191767899445,-0.003590087658278441,41,-0.15375647628880482,-0.1722855043694629,,
B,20,217,2025-10-27,2025-08-29,54,raw_excess,1955,1955,True,1954,-0.01195907586048747,-0.034871697278624686,0.022912621418137213,38,-0.15740223001324985,-0.17616299243713016,,
B,20,218,2025-11-03,2025-09-08,54,raw_excess,1955,1955,True,1955,-0.029589279859156735,-0.02845968324756711,-0.0011295966115896262,58,-0.1117319944526544,-0.09249878651870459,,
B,20,219,2025-11-10,2025-09-15,54,raw_excess,1955,1955,True,1955,-0.027145575165561226,0.008711299257553902,-0.03585687442311513,32,0.08352519335224218,0.07522629407034398,,
B,20,220,2025-11-17,2025-09-22,55,raw_excess,1955,1955,True,1955,-0.01365262439703703,0.016813692928091314,-0.030466317325128344,42,0.12476358735561305,0.05611212687170996,,
B,20,221,2025-11-24,2025-09-29,55,raw_excess,1955,1955,True,1955,0.039007698715474826,0.009436684417965066,0.02957101429750976,45,0.1309274119447943,0.11118288952627713,,
B,20,222,2025-12-02,2025-10-06,55,raw_excess,1955,1955,True,1955,-0.0017953727394573406,-0.001890172190791987,9.479945133464653e-05,48,0.025420483991548885,0.05076179142159359,,
B,20,223,2025-12-09,2025-10-13,55,raw_excess,1955,1955,True,1955,-0.006260107219098174,0.003391339763710621,-0.009651446982808794,51,0.009719484050673691,0.04795013731515997,,
B,20,224,2025-12-16,2025-10-20,56,raw_excess,1955,1955,True,1955,0.041874601694047844,0.05030576356129957,-0.008431161867251728,43,0.14730796531797113,0.12474922233391385,,
B,20,225,2025-12-23,2025-10-27,56,raw_excess,1955,1955,True,1955,0.026781859894940217,0.045493117177432055,-0.018711257282491837,47,0.10668353477399174,0.09928285118383162,,
B,20,226,2025-12-31,2025-11-03,56,raw_excess,1955,1955,True,1955,0.023138665785025242,0.032509953543794504,-0.009371287758769262,44,0.005989101834015428,0.013304986286509278,,
B,20,227,2026-01-08,2025-11-10,56,raw_excess,1955,1955,True,1955,-0.00347699334823644,0.0005295199857425089,-0.004006513333978948,49,-0.11661117232164057,-0.12153205311687477,,
B,20,228,2026-01-15,2025-11-17,57,raw_excess,1955,1955,True,1955,-0.004737911287874654,-0.02596222756032398,0.021224316272449327,63,-0.2116737931289959,-0.21717033792371815,,
B,20,229,2026-01-23,2025-11-24,57,raw_excess,1955,1955,True,1955,-0.012495749755508934,-0.02903796385886341,0.016542214103354477,35,-0.2256835670498936,-0.23420343818731748,,
B,20,230,2026-01-30,2025-12-02,57,raw_excess,1955,1955,True,1955,0.013335811974500593,-0.0005234626961052151,0.013859274670605808,51,-0.09469921826880714,-0.1171259365284875,,
B,20,231,2026-02-06,2025-12-09,57,raw_excess,1955,1955,True,1955,0.0030620953787630764,0.0031400890694924842,-7.799369072940786e-05,23,-0.056935515402061536,-0.024942499008550986,,
B,20,232,2026-02-13,2025-12-16,58,raw_excess,1955,1955,True,1955,0.007925637833873612,0.031853301323804595,-0.023927663489930983,24,-0.03539212983049692,-0.003059609321267957,,
B,60,0,2021-07-01,2021-01-08,0,raw_excess,1424,1364,True,1351,-0.008010774734772156,-0.0055860436761303025,-0.002424731058641854,45,-0.12251708965516175,-0.08733661385260778,,
B,60,1,2021-07-09,2021-01-15,0,raw_excess,1428,1367,True,1355,-0.025186694899474078,-0.017931577237621215,-0.007255117661852863,38,-0.09616363520169514,-0.06372819717603839,,
B,60,2,2021-07-16,2021-01-25,0,raw_excess,1430,1369,True,1357,0.01971729823468962,0.015357852673824734,0.004359445560864886,19,0.034105212695152536,0.06187311793106037,,
B,60,3,2021-07-23,2021-02-01,0,raw_excess,1433,1375,True,1363,0.026855229186534497,0.024724783274148492,0.002130445912386005,39,0.021848233101184944,0.0030325777098201044,,
B,60,4,2021-07-30,2021-02-08,0,raw_excess,1440,1378,True,1366,0.0011717214200358235,-0.0011834584139990638,0.0023551798340348874,42,0.07111953281453538,0.012766355191336102,,
B,60,5,2021-08-06,2021-02-16,0,raw_excess,1444,1383,True,1371,0.07438635603798441,-0.02815960696122229,0.1025459629992067,48,0.06265926769786118,0.05824322218705775,,
B,60,6,2021-08-13,2021-02-23,0,raw_excess,1929,1385,True,1374,0.11250860194180443,0.004633393656163859,0.10787520828564057,54,0.08598700983064449,0.14922825769290873,,
B,60,7,2021-08-20,2021-03-02,0,raw_excess,1929,1385,True,1374,-0.02062684492145889,0.006790111080923438,-0.02741695600238233,47,0.11876390413651444,0.15913527301945563,,
B,60,8,2021-08-27,2021-03-09,0,raw_excess,1933,1391,True,1380,0.03211213306565698,-0.013007044784987203,0.04511917785064418,39,-0.08774337368990649,-0.01696332150308413,,
B,60,9,2021-09-03,2021-03-16,0,raw_excess,1935,1392,True,1381,0.05306151639065775,-0.02468858420746073,0.07775010059811849,46,-0.13891657199832785,-0.03519080823738478,,
B,60,10,2021-09-13,2021-03-23,0,raw_excess,1935,1397,True,1386,0.04897935680409419,-0.04947462090697214,0.09845397771106633,47,-0.19632683293012404,-0.07993313356598679,,
B,60,11,2021-09-20,2021-03-30,0,raw_excess,1939,1400,True,1389,-0.08184595641905636,-0.0590103733039065,-0.022835583115149855,60,-0.26357622309305834,-0.16661312603570655,,
B,60,12,2021-09-27,2021-04-07,1,raw_excess,1940,1401,True,1391,-0.0353250966294807,-0.04391890746346032,0.008593810833979622,48,-0.2875138280121019,-0.2283024426600775,,
B,60,13,2021-10-04,2021-04-14,1,raw_excess,1946,1404,True,1394,-0.051507508347447814,-0.04499461793787653,-0.006512890409571287,61,-0.2547145093558856,-0.2129732310873121,,
B,60,14,2021-10-11,2021-04-21,1,raw_excess,1955,1407,True,1398,-0.03337510245152306,-0.07524880600980403,0.041873703558280975,33,-0.3038192710757087,-0.23717002579013105,,
B,60,15,2021-10-18,2021-04-28,1,raw_excess,1955,1409,True,1400,-0.0253178774837597,-0.07754065938307853,0.052222781899318824,29,-0.317840263606202,-0.2661423791906562,,
B,60,16,2021-10-25,2021-05-05,1,raw_excess,1955,1411,True,1403,-0.057714272919761465,-0.1331006406479527,0.07538636772819124,54,-0.3363859509304936,-0.35593718645561534,,
B,60,17,2021-11-01,2021-05-12,1,raw_excess,1955,1412,True,1404,-0.034640115527213425,-0.14517417226749207,0.11053405674027865,40,-0.3493482489949183,-0.4232427992899665,,
B,60,18,2021-11-08,2021-05-19,1,raw_excess,1955,1413,True,1405,-0.02002650708324919,-0.12998278631422258,0.1099562792309734,66,-0.3026294461464819,-0.38185005008004946,,
B,60,19,2021-11-15,2021-05-26,1,raw_excess,1955,1415,True,1407,-0.0383899745925973,-0.10337640728214466,0.06498643268954736,80,-0.24905906949804243,-0.3041353213489892,,
B,60,20,2021-11-22,2021-06-03,1,raw_excess,1955,1416,True,1408,-0.05172722860892031,-0.07254450906494082,0.020817280456020514,55,-0.24603214743101412,-0.25750093330742535,,
B,60,21,2021-11-30,2021-06-10,1,raw_excess,1955,1418,True,1410,-0.05800606700820481,-0.05817811954991242,0.00017205254170760825,79,-0.22353320998683598,-0.22993183025762048,,
B,60,22,2021-12-07,2021-06-17,1,raw_excess,1955,1419,True,1411,-0.11319136503943705,-0.014444631402616806,-0.09874673363682025,46,-0.2750820335074215,-0.2152949850983298,,
B,60,23,2021-12-14,2021-06-24,1,raw_excess,1955,1421,True,1413,-0.0464473709977679,0.021473232098280195,-0.0679206030960481,54,-0.219732599586505,-0.13119754686219368,,
B,60,24,2021-12-21,2021-07-01,2,raw_excess,1955,1424,True,1416,-0.0335638569444705,0.0169971024388056,-0.050560959383276094,86,-0.181082621787778,-0.1195914949867942,,
B,60,25,2021-12-29,2021-07-09,2,raw_excess,1955,1428,True,1420,-0.061059338703097384,-0.007016026297921158,-0.05404331240517622,51,-0.16676418854722733,-0.08935968695278285,,
B,60,26,2022-01-05,2021-07-16,2,raw_excess,1955,1430,True,1422,-0.09161382863465121,0.027852201800245804,-0.11946603043489702,50,-0.12067279198339106,-0.06199774581912606,,
B,60,27,2022-01-12,2021-07-23,2,raw_excess,1955,1433,True,1425,-0.05890760939978886,-0.018874408318891478,-0.04003320108089738,49,-0.10587608662266117,-0.0819955478394424,,
B,60,28,2022-01-20,2021-07-30,2,raw_excess,1955,1440,True,1432,-0.06863618065940694,0.03683338412959644,-0.10546956478900338,46,-0.09332441062991999,-0.0218279837279839,,
B,60,29,2022-01-27,2021-08-06,2,raw_excess,1955,1444,True,1436,-0.005327932517479797,0.039676886283869436,-0.04500481880134923,20,-0.035341541772968416,0.009607535817085846,,
B,60,30,2022-02-03,2021-08-13,2,raw_excess,1955,1929,True,1921,-0.0007219469502615958,0.055391491909568866,-0.05611343885983046,31,-0.10470336283058013,0.0025332984136911996,,
B,60,31,2022-02-10,2021-08-20,2,raw_excess,1955,1929,True,1921,-0.026255831249824366,0.01062361801211658,-0.03687944926194095,43,-0.29850429027396236,-0.17702494321198917,,
B,60,32,2022-02-17,2021-08-27,2,raw_excess,1955,1933,True,1925,-0.05166802468274503,0.006967263930842557,-0.058635288613587584,27,-0.2554721774750804,-0.15021474257748374,,
B,60,33,2022-02-25,2021-09-03,2,raw_excess,1955,1935,True,1927,-0.025563688115961405,0.00671427871357203,-0.03227796682953343,48,-0.22804432885988551,-0.1584005399168304,,
B,60,34,2022-03-04,2021-09-13,2,raw_excess,1955,1935,True,1927,-0.007281356767837078,0.00368288236132901,-0.010964239129166088,36,-0.1420528036235623,-0.13552379014920526,,
B,60,35,2022-03-11,2021-09-20,2,raw_excess,1955,1939,True,1931,0.02387389318088358,-0.007506065265461324,0.031379958446344905,37,-0.08760180719827987,-0.11256644368909907,,
B,60,36,2022-03-18,2021-09-27,3,raw_excess,1955,1940,True,1932,-0.014710101799403748,-0.009472365443458475,-0.005237736355945273,21,-0.25718228320309133,-0.2015150744348295,,
B,60,37,2022-03-25,2021-10-04,3,raw_excess,1955,1946,True,1938,-0.00838112551770315,-0.016505046229373998,0.008123920711670849,48,-0.20656947726381972,-0.18626425200021052,,
B,60,38,2022-04-01,2021-10-11,3,raw_excess,1955,1955,True,1947,-0.010048464074840306,-0.031386319020770194,0.021337854945929886,16,-0.23394428759791894,-0.21559670008228793,,
B,60,39,2022-04-08,2021-10-18,3,raw_excess,1955,1955,True,1947,-0.015087900619072376,-0.006546569805641998,-0.008541330813430378,4,-0.13154913963560594,-0.1209686074281367,,
B,60,40,2022-04-18,2021-10-25,3,raw_excess,1955,1955,True,1947,-0.017460505320170662,-0.010504483054445363,-0.006956022265725299,20,-0.14205159889105268,-0.11362541184216383,,
B,60,41,2022-04-25,2021-11-01,3,raw_excess,1955,1955,True,1947,0.01732374621485002,0.007770667897942784,0.009553078316907236,45,-0.012183127737550746,0.007124283082698139,,
B,60,42,2022-05-02,2021-11-08,3,raw_excess,1955,1955,True,1947,0.03681594708487189,-0.012362014632130174,0.04917796171700206,50,-0.05713629098483241,-0.054947411546517035,,
B,60,43,2022-05-09,2021-11-15,3,raw_excess,1955,1955,True,1947,0.03676547808489823,0.0052438344029252185,0.031521643681973015,39,0.15942401991136718,0.15686518440044564,,
B,60,44,2022-05-16,2021-11-22,3,raw_excess,1955,1955,True,1947,0.09844455881716974,0.0371089258507039,0.06133563296646584,57,0.17008093427045148,0.1643369767569779,,
B,60,45,2022-05-23,2021-11-30,3,raw_excess,1955,1955,True,1947,0.08018571539605773,0.07305619697559874,0.007129518420458988,36,0.13204688793216637,0.12181375433479334,,
B,60,46,2022-05-31,2021-12-07,3,raw_excess,1955,1955,True,1947,0.09637622386464015,0.053476068757261346,0.0429001551073788,37,0.10554678546412166,0.09568107132245131,,
B,60,47,2022-06-07,2021-12-14,3,raw_excess,1955,1955,True,1947,0.06432775178755043,0.060055601619626545,0.0042721501679238855,14,-0.03052047565153851,-0.06218834606710679,,
B,60,48,2022-06-14,2021-12-21,4,raw_excess,1955,1955,True,1947,0.07522071748851919,0.028799377091164854,0.046421340397354335,51,0.15948757233597782,0.059103619259929005,,
B,60,49,2022-06-22,2021-12-29,4,raw_excess,1955,1955,True,1947,0.011269744291811476,0.02364058028631793,-0.012370835994506453,46,0.05731720222597112,0.036984971831599,,
B,60,50,2022-06-29,2022-01-05,4,raw_excess,1955,1955,True,1947,0.041944310617792045,0.016239958253714663,0.025704352364077383,32,-0.0564783332429544,-0.04492928094863117,,
B,60,51,2022-07-07,2022-01-12,4,raw_excess,1955,1955,True,1947,0.03149816657673441,-0.00784245949390749,0.0393406260706419,19,-0.06636030950168963,-0.03215765082091895,,
B,60,52,2022-07-14,2022-01-20,4,raw_excess,1955,1955,True,1947,0.034812840630235695,-0.012057566779111071,0.04687040740934677,12,0.020455566685905733,0.019527257460358757,,
B,60,53,2022-07-21,2022-01-27,4,raw_excess,1955,1955,True,1947,0.03331248060696225,-0.05932888196424908,0.09264136257121133,44,-0.12847137025806304,-0.16435160259541956,,
B,60,54,2022-07-28,2022-02-03,4,raw_excess,1955,1955,True,1947,0.008080226368272225,-0.003056066187153033,0.011136292555425257,30,-0.0439328261706428,-0.09644648718756282,,
B,60,55,2022-08-04,2022-02-10,4,raw_excess,1955,1955,True,1947,-0.004210247867768936,-0.017302449258383673,0.013092201390614736,39,-0.07658382102385272,-0.15872055764345966,,
B,60,56,2022-08-11,2022-02-17,4,raw_excess,1955,1955,True,1947,-0.03028003702346851,-0.05688841346932399,0.026608376445855477,50,-0.15174526344541212,-0.2205941505789444,,
B,60,57,2022-08-18,2022-02-25,4,raw_excess,1955,1955,True,1947,-0.009491356334559994,-0.04591421949676078,0.03642286316220078,19,-0.07152632095445079,-0.1218045409941772,,
B,60,58,2022-08-25,2022-03-04,4,raw_excess,1955,1955,True,1947,-0.005895382636217302,-0.04720943480713226,0.04131405217091495,27,-0.15298112008262602,-0.18005810952771814,,
B,60,59,2022-09-01,2022-03-11,4,raw_excess,1955,1955,True,1947,-0.006524610228539262,-0.05049342129075292,0.043968811062213654,38,-0.09850036854054386,-0.11234630961830862,,
B,60,60,2022-09-09,2022-03-18,5,raw_excess,1955,1955,True,1947,0.010823884370126272,-0.03450782794136567,0.04533171231149194,76,-0.11421735718956635,-0.11009931244452797,,
B,60,61,2022-09-16,2022-03-25,5,raw_excess,1955,1955,True,1947,-0.02372913648488479,-0.049669784871968256,0.025940648387083466,50,-0.10297349869398931,-0.07095168219424611,,
B,60,62,2022-09-23,2022-04-01,5,raw_excess,1955,1955,True,1947,-0.030699954008814,0.004650314704592691,-0.03535026871340669,21,-0.04653893924285103,-0.001983207231178939,,
B,60,63,2022-09-30,2022-04-08,5,raw_excess,1955,1955,True,1947,-0.04059742705800152,0.019404983154761173,-0.06000241021276269,34,-0.09455393958583146,-0.0544768749512084,,
B,60,64,2022-10-07,2022-04-18,5,raw_excess,1955,1955,True,1947,-0.048314803223289626,-0.02165163984829478,-0.026663163374994848,24,-0.033371534373207966,-0.07802660243945553,,
B,60,65,2022-10-14,2022-04-25,5,raw_excess,1955,1955,True,1947,-0.012415863491269923,0.02299684740853896,-0.03541271089980888,42,0.14797294006740253,0.050407973497565664,,
B,60,66,2022-10-21,2022-05-02,5,raw_excess,1955,1955,True,1947,0.021111263823270544,0.017854492709012973,0.0032567711142575707,45,0.19289222896711522,0.04690534986875399,,
B,60,67,2022-10-28,2022-05-09,5,raw_excess,1955,1955,True,1947,0.037188033816249876,0.006465696530476775,0.030722337285773102,60,0.19368189946508546,0.09497815938305715,,
B,60,68,2022-11-04,2022-05-16,5,raw_excess,1955,1955,True,1947,0.05514883145592333,0.05455769942958719,0.0005911320263361358,33,0.31674135709353535,0.2055886182293447,,
B,60,69,2022-11-11,2022-05-23,5,raw_excess,1955,1955,True,1947,0.08019188022556872,0.05323472022264553,0.02695716000292319,47,0.09961779022998045,0.10393352266694379,,
B,60,70,2022-11-18,2022-05-31,5,raw_excess,1955,1955,True,1947,0.07124693661911025,0.04302673012747865,0.028220206491631594,28,0.20416973235057284,0.1806339596863505,,
B,60,71,2022-11-28,2022-06-07,5,raw_excess,1955,1955,True,1947,0.05767371839937375,-0.003403856027884015,0.061077574427257766,23,0.16933159581573556,0.101753188915782,,
B,60,72,2022-12-05,2022-06-14,6,raw_excess,1955,1955,True,1947,0.0627752627542206,0.03804347812219344,0.02473178463202716,26,0.18452595077379946,0.16156899210431067,,
B,60,73,2022-12-12,2022-06-22,6,raw_excess,1955,1955,True,1947,0.03511192242219939,0.0404690972848557,-0.005357174862656307,48,0.13475126925453326,0.14693756737229874,,
B,60,74,2022-12-19,2022-06-29,6,raw_excess,1955,1955,True,1947,0.02915412592834043,0.07043537384112701,-0.04128124791278658,68,0.12548413274653197,0.17664265534019422,,
B,60,75,2022-12-27,2022-07-07,6,raw_excess,1955,1955,True,1947,0.06014539137753864,0.0757615051642207,-0.01561611378668206,50,0.1892448301705615,0.17845032148254142,,
B,60,76,2023-01-04,2022-07-14,6,raw_excess,1955,1955,True,1947,0.07337305753900736,0.07656535281566088,-0.0031922952766535173,48,0.17280370590559901,0.1783267373064657,,
B,60,77,2023-01-11,2022-07-21,6,raw_excess,1955,1955,True,1947,0.029218344478279184,0.019787082676208052,0.009431261802071132,29,0.0837652223879657,0.08147780748297749,,
B,60,78,2023-01-19,2022-07-28,6,raw_excess,1955,1955,True,1947,0.020761339863247998,0.012664814078477998,0.00809652578477,28,0.016296862321931706,0.05494080476874949,,
B,60,79,2023-01-26,2022-08-04,6,raw_excess,1955,1955,True,1947,-0.005708903057386758,-0.007844791544803853,0.0021358884874170952,26,-0.05304881325164151,-0.01575889399232921,,
B,60,80,2023-02-02,2022-08-11,6,raw_excess,1955,1955,True,1947,0.012612039949893624,0.007391072320031316,0.005220967629862308,56,-0.10657612713542917,-0.0347896258791944,,
B,60,81,2023-02-09,2022-08-18,6,raw_excess,1955,1955,True,1947,0.011345038058660514,0.04709586407492647,-0.03575082601626595,48,-0.03360397161949071,0.035145387523687,,
B,60,82,2023-02-16,2022-08-25,6,raw_excess,1955,1955,True,1947,0.02769024236618038,0.004722654404928993,0.02296758796125139,27,-0.014194415278125174,0.03539041232022352,,
B,60,83,2023-02-24,2022-09-01,6,raw_excess,1955,1955,True,1947,0.018632148292464956,0.008523972531002722,0.010108175761462234,29,0.08155397733851809,0.12386250046054052,,
B,60,84,2023-03-03,2022-09-09,7,raw_excess,1955,1955,True,1947,0.031891538593122666,0.01351560266377419,0.018375935929348476,24,0.04347688666310212,0.07602970542548883,,
B,60,85,2023-03-10,2022-09-16,7,raw_excess,1955,1955,True,1947,0.011063314131693334,0.013103804640428712,-0.0020404905087353774,29,0.12522314893959835,0.17738953396131626,,
B,60,86,2023-03-17,2022-09-23,7,raw_excess,1955,1955,True,1947,0.10921654387022145,0.05107749476064637,0.058139049109575076,19,0.17576630651589478,0.21435719038238263,,
B,60,87,2023-03-24,2022-09-30,7,raw_excess,1955,1955,True,1947,0.04716245549481997,0.05516488251443103,-0.008002427019611062,30,0.14154591059577848,0.20410321022494968,,
B,60,88,2023-03-31,2022-10-07,7,raw_excess,1955,1955,True,1947,0.06095677517830251,0.06455766795008547,-0.0036008927717829584,38,0.06639943643021018,0.1482950902337596,,
B,60,89,2023-04-10,2022-10-14,7,raw_excess,1955,1955,True,1947,0.06647343843307757,0.04875487724232549,0.01771856119075208,13,0.04850355230752206,0.18344868595537364,,
B,60,90,2023-04-17,2022-10-21,7,raw_excess,1955,1955,True,1947,0.16419152979407306,0.13252077167140594,0.03167075812266712,48,0.09106322003552943,0.20202342179269744,,
B,60,91,2023-04-24,2022-10-28,7,raw_excess,1955,1955,True,1947,0.14832433704861456,0.13096207869222704,0.017362258356387522,39,0.17610819084358875,0.11595540256866696,,
B,60,92,2023-05-01,2022-11-04,7,raw_excess,1955,1955,True,1947,0.06206836464718191,0.08538978795017263,-0.023321423302990717,48,0.20552817634724968,0.11179571046929228,,
B,60,93,2023-05-08,2022-11-11,7,raw_excess,1955,1955,True,1947,0.05193154727769492,0.09608794794350893,-0.04415640066581401,45,0.3065440951209263,0.056664709863700556,,
B,60,94,2023-05-15,2022-11-18,7,raw_excess,1955,1955,True,1947,0.06826507532967613,0.049736693576768534,0.018528381752907594,44,0.2586220136460975,0.04308541823857587,,
B,60,95,2023-05-22,2022-11-28,7,raw_excess,1955,1955,True,1947,0.0427064536638019,0.023095811397888695,0.019610642265913206,60,0.1483211342176713,0.003315406486249167,,
B,60,96,2023-05-30,2022-12-05,8,raw_excess,1955,1955,True,1947,0.05157409395466324,0.012381216243515002,0.03919287771114824,45,0.11354434243046033,0.042859946492830765,,
B,60,97,2023-06-06,2022-12-12,8,raw_excess,1955,1955,True,1949,0.07230024487379247,0.09205490195512296,-0.019754657081330493,71,0.03272188819599043,0.07275704095335053,,
B,60,98,2023-06-13,2022-12-19,8,raw_excess,1955,1955,True,1949,-0.01392498981570976,0.07172183696256293,-0.08564682677827269,51,-0.0620441014071948,0.03025450509957423,,
B,60,99,2023-06-21,2022-12-27,8,raw_excess,1955,1955,True,1949,-0.0024547637258501833,0.07008185040916301,-0.0725366141350132,59,-0.055210405170811334,-0.0292350853467324,,
B,60,100,2023-06-28,2023-01-04,8,raw_excess,1955,1955,True,1949,-0.0056398483457917505,0.03954264806624054,-0.04518249641203229,49,-0.08925331405358593,-0.07422400730217545,,
B,60,101,2023-07-06,2023-01-11,8,raw_excess,1955,1955,True,1949,0.02268229388294655,0.012792199167796395,0.009890094715150153,56,-0.04533694046113369,-0.061986383340491405,,
B,60,102,2023-07-13,2023-01-19,8,raw_excess,1955,1955,True,1949,-0.013679110643580754,-0.019849058224767627,0.006169947581186873,40,-0.136075932033873,-0.16145335328499807,,
B,60,103,2023-07-20,2023-01-26,8,raw_excess,1955,1955,True,1949,-0.03482924764517312,-0.047644094047750496,0.012814846402577379,55,-0.16873718928329737,-0.16783648230470824,,
B,60,104,2023-07-27,2023-02-02,8,raw_excess,1955,1955,True,1949,-0.02148640287960761,-0.0429180698133574,0.021431666933749788,70,-0.21436239579472485,-0.17247687173619208,,
B,60,105,2023-08-03,2023-02-09,8,raw_excess,1955,1955,True,1949,-0.02364989314306944,-0.033976522354962096,0.010326629211892657,51,-0.23452665623317054,-0.22260236025293603,,
B,60,106,2023-08-10,2023-02-16,8,raw_excess,1955,1955,True,1949,-0.006017915485732895,-0.03278564134278144,0.026767725857048542,39,-0.1867137249865785,-0.17269340297012395,,
B,60,107,2023-08-17,2023-02-24,8,raw_excess,1955,1955,True,1949,0.0007556923636997059,-0.026947713000033683,0.027703405363733388,37,-0.1976390675969711,-0.18705345225762565,,
B,60,108,2023-08-24,2023-03-03,9,raw_excess,1955,1955,True,1949,-0.011244283550761474,-0.02610699982280498,0.014862716272043506,46,-0.11384498366021077,-0.15024787555243935,,
B,60,109,2023-08-31,2023-03-10,9,raw_excess,1955,1955,True,1949,-0.011955080761986979,-0.023400554516638528,0.011445473754651549,56,-0.12280612006290194,-0.1695821343966135,,
B,60,110,2023-09-08,2023-03-17,9,raw_excess,1955,1955,True,1949,0.023936483625504882,-0.004457202510740827,0.02839368613624571,43,-0.02486246147512126,-0.0631119705102375,,
B,60,111,2023-09-15,2023-03-24,9,raw_excess,1955,1955,True,1949,0.0036247381774840793,0.003108823019937007,0.0005159151575470722,42,-0.01469185961288239,-0.028826130604101288,,
B,60,112,2023-09-22,2023-03-31,9,raw_excess,1955,1955,True,1951,0.03932685974146255,-0.008105829779233142,0.047432689520695695,64,0.12332782504518625,0.10105541659727783,,
B,60,113,2023-09-29,2023-04-10,9,raw_excess,1955,1955,True,1951,0.06637032871442773,0.03172823156962804,0.03464209714479969,31,0.177614959007016,0.1290585070751064,,
B,60,114,2023-10-06,2023-04-17,9,raw_excess,1955,1955,True,1951,0.06055033133921918,0.056532279984793904,0.0040180513544252755,62,0.19716747501662316,0.15376726083754047,,
B,60,115,2023-10-13,2023-04-24,9,raw_excess,1955,1955,True,1951,0.12110158347954096,0.0615491642897829,0.05955241918975806,35,0.30400619221445097,0.17876440364780805,,
B,60,116,2023-10-20,2023-05-01,9,raw_excess,1955,1955,True,1951,0.11528925056317484,0.058516451294149244,0.05677279926902559,33,0.22000578421073988,0.1366580036021311,,
B,60,117,2023-10-27,2023-05-08,9,raw_excess,1955,1955,True,1951,0.1356040463138737,0.10638871182032404,0.02921533449354967,44,0.2707031262202748,0.20883776371515278,,
B,60,118,2023-11-03,2023-05-15,9,raw_excess,1955,1955,True,1951,0.08863870883391278,0.09574634807172035,-0.007107639237807564,81,0.16373470341587082,0.0680024235642631,,
B,60,119,2023-11-10,2023-05-22,9,raw_excess,1955,1955,True,1951,0.06881153682797822,0.10345498917274178,-0.034643452344763556,54,0.21590723252558458,0.11791479676193865,,
B,60,120,2023-11-17,2023-05-30,10,raw_excess,1955,1955,True,1951,0.06825008951796167,0.047554783181165204,0.02069530633679647,47,0.16957852518845246,0.10147193935848699,,
B,60,121,2023-11-27,2023-06-06,10,raw_excess,1955,1955,True,1951,0.09289907886893078,0.0960888830574461,-0.003189804188515319,50,0.11247513157802883,0.08087498377725295,,
B,60,122,2023-12-04,2023-06-13,10,raw_excess,1955,1955,True,1951,0.06608014761077724,0.10713141940723932,-0.04105127179646208,22,0.1235253318625878,0.0809845955407905,,
B,60,123,2023-12-11,2023-06-21,10,raw_excess,1955,1955,True,1951,0.10556262184817042,0.08105014708832695,0.024512474759843472,44,0.1308491282504133,0.08836188978894327,,
B,60,124,2023-12-18,2023-06-28,10,raw_excess,1955,1955,True,1951,0.06780741901825976,0.06588598240335765,0.001921436614902114,23,-0.014690770696913548,-0.010007548317489899,,
B,60,125,2023-12-26,2023-07-06,10,raw_excess,1955,1955,True,1951,0.07551087441275772,0.05027137121961709,0.025239503193140632,52,-0.06734330796396232,-0.051111718791318914,,
B,60,126,2024-01-03,2023-07-13,10,raw_excess,1955,1955,True,1951,0.09528725252455317,0.06003551355383831,0.03525173897071486,52,0.023748140015941336,0.06528188700746039,,
B,60,127,2024-01-10,2023-07-20,10,raw_excess,1955,1955,True,1951,0.06599188965091504,0.09475854959443977,-0.02876665994352473,71,-0.016767085242285693,0.03654691277161773,,
B,60,128,2024-01-18,2023-07-27,10,raw_excess,1955,1955,True,1951,0.045204676264697916,0.07581573198229487,-0.030611055717596952,42,-0.02437351617506399,0.03074216872547252,,
B,60,129,2024-01-25,2023-08-03,10,raw_excess,1955,1955,True,1951,0.03214752480987162,0.014310951915540167,0.01783657289433145,50,-0.1225576762553509,-0.05505649432257339,,
B,60,130,2024-02-01,2023-08-10,10,raw_excess,1955,1955,True,1951,-0.012714333484622324,0.02652833943922235,-0.039242672923844674,35,-0.09575745936952193,-0.04172642549613326,,
B,60,131,2024-02-08,2023-08-17,10,raw_excess,1955,1955,True,1951,0.04334003096280309,0.010513268746253437,0.03282676221654965,39,-0.050432830966243736,-0.06330004336324033,,
B,60,132,2024-02-15,2023-08-24,11,raw_excess,1955,1955,True,1951,-0.030735347602150617,0.021570034158566134,-0.05230538176071675,46,-0.11924803261504367,-0.13934871111257013,,
B,60,133,2024-02-23,2023-08-31,11,raw_excess,1955,1955,True,1951,-0.005327016779271974,0.01622559460875041,-0.021552611388022384,27,-0.02516525060353612,-0.04846005900111492,,
B,60,134,2024-03-01,2023-09-08,11,raw_excess,1955,1955,True,1951,0.009790618716417421,-0.020622401318908735,0.030413020035326158,40,-0.05775243090535374,-0.09268226057948709,,
B,60,135,2024-03-08,2023-09-15,11,raw_excess,1955,1955,True,1951,0.00850294337744693,-0.03174452589652894,0.040247469273975864,39,-0.062402138987429814,-0.11957727382847787,,
B,60,136,2024-03-15,2023-09-22,11,raw_excess,1955,1955,True,1951,0.04277786767608433,-0.014909468899884697,0.05768733657596903,38,-0.02224020892667658,-0.06496765899870428,,
B,60,137,2024-03-22,2023-09-29,11,raw_excess,1955,1955,True,1951,0.009964681352536503,-0.013940814326906968,0.023905495679443473,34,-0.07329912151325357,-0.14925972155004733,,
B,60,138,2024-04-01,2023-10-06,11,raw_excess,1955,1955,True,1951,-0.0016438336720025022,0.021569694861836845,-0.02321352853383935,62,-0.08315261219575329,-0.14874366271024803,,
B,60,139,2024-04-08,2023-10-13,11,raw_excess,1955,1955,True,1951,0.018262671945955353,0.023812765083058678,-0.005550093137103324,52,-0.056888868051912615,-0.0975379139998728,,
B,60,140,2024-04-15,2023-10-20,11,raw_excess,1955,1955,True,1951,0.02189629232477654,0.08572999962893894,-0.06383370730416241,57,0.0129709043655446,0.044108669290431154,,
B,60,141,2024-04-22,2023-10-27,11,raw_excess,1955,1955,True,1951,0.027164019358862927,0.1099392690758145,-0.08277524971695158,36,0.02338361560071556,0.05793060525661448,,
B,60,142,2024-04-29,2023-11-03,11,raw_excess,1955,1955,True,1951,0.017125103385518745,0.058197333044867246,-0.0410722296593485,54,-0.02090376050113758,-0.01400691812999892,,
B,60,143,2024-05-06,2023-11-10,11,raw_excess,1955,1955,True,1951,0.007641982518825004,0.041546449812958845,-0.03390446729413384,35,-0.09083747495101328,-0.09606595391849004,,
B,60,144,2024-05-13,2023-11-17,12,raw_excess,1955,1955,True,1951,0.023969805820010022,0.048809158028354484,-0.024839352208344462,51,-0.11347527452719047,-0.10854108780391827,,
B,60,145,2024-05-20,2023-11-27,12,raw_excess,1955,1955,True,1951,-0.020353499120707327,0.062151542068263274,-0.0825050411889706,69,-0.13195582931135114,-0.10206812500235185,,
B,60,146,2024-05-28,2023-12-04,12,raw_excess,1955,1955,True,1951,-0.00689971240766273,0.07464830761615932,-0.08154802002382204,54,-0.13070923145018887,-0.08909657622881098,,
B,60,147,2024-06-04,2023-12-11,12,raw_excess,1955,1955,True,1951,-0.010886373571978459,0.08854087165879235,-0.0994272452307708,50,-0.13558004810817242,-0.019398223954665193,,
B,60,148,2024-06-11,2023-12-18,12,raw_excess,1955,1955,True,1951,-0.02027977805154466,0.03987321573762484,-0.060152993789169495,35,-0.21666471313954222,-0.04682943865156158,,
B,60,149,2024-06-18,2023-12-26,12,raw_excess,1955,1955,True,1951,-0.003962605732258243,0.07617298976748796,-0.0801355954997462,58,-0.12197217436696017,0.06647542114859631,,
B,60,150,2024-06-26,2024-01-03,12,raw_excess,1955,1955,True,1951,0.0644912157402173,0.12275176155280618,-0.05826054581258888,31,-0.07156851496461152,0.10643031306904503,,
B,60,151,2024-07-03,2024-01-10,12,raw_excess,1955,1955,True,1951,0.0278790193336805,0.09852224274782538,-0.07064322341414488,18,-0.06937213017889064,0.041916856349653045,,
B,60,152,2024-07-11,2024-01-18,12,raw_excess,1955,1955,True,1951,0.01836712775902954,0.05487791980219249,-0.036510792043162946,32,-0.09767890873828577,-0.05601635492862155,,
B,60,153,2024-07-18,2024-01-25,12,raw_excess,1955,1955,True,1951,0.03585451060168883,0.04427014221119277,-0.00841563160950394,32,-0.08280725231337147,-0.05418963624920292,,
B,60,154,2024-07-25,2024-02-01,12,raw_excess,1955,1955,True,1951,0.06103593336226645,0.23986578962689495,-0.1788298562646285,54,-0.07729353925672687,-0.04659551348390898,,
B,60,155,2024-08-01,2024-02-08,12,raw_excess,1955,1955,True,1951,0.05200191184560738,0.04909965204356403,0.0029022598020433527,30,-0.014687384568973505,0.014882802853043206,,
B,60,156,2024-08-08,2024-02-15,13,raw_excess,1955,1955,True,1951,0.09041806696983738,0.018963406228837174,0.07145466074100021,28,0.0842455848970806,0.11202410829175888,,
B,60,157,2024-08-15,2024-02-23,13,raw_excess,1955,1955,True,1951,0.07878086640717755,0.04966078299805654,0.029120083409121006,57,0.14210412678471587,0.09422480526325853,,
B,60,158,2024-08-22,2024-03-01,13,raw_excess,1955,1955,True,1951,0.023860066224195765,0.0620310784336295,-0.03817101220943373,44,0.06740947423253665,0.021450601606031298,,
B,60,159,2024-08-29,2024-03-08,13,raw_excess,1955,1955,True,1951,0.052132135264688635,0.09516547710040207,-0.04303334183571344,39,0.10718613458562626,0.05141215071696368,,
B,60,160,2024-09-06,2024-03-15,13,raw_excess,1955,1955,True,1951,0.08757523676754693,0.12919567270693558,-0.04162043593938865,32,0.2165045545702896,0.15945007923460613,,
B,60,161,2024-09-13,2024-03-22,13,raw_excess,1955,1955,True,1951,0.15136817760824728,0.23643016259793895,-0.08506198498969167,30,0.15118533685317434,0.14195423769695237,,
B,60,162,2024-09-20,2024-04-01,13,raw_excess,1955,1955,True,1951,0.14603506693903753,0.12391360062871969,0.022121466310317847,61,0.09741325691100809,0.106438995159335,,
B,60,163,2024-09-27,2024-04-08,13,raw_excess,1955,1955,True,1951,0.10219060399534773,0.2596252396985421,-0.15743463570319438,45,0.08146082595374592,0.08948587614130687,,
B,60,164,2024-10-04,2024-04-15,13,raw_excess,1955,1955,True,1951,0.12800454869122455,0.2933937512683049,-0.16538920257708037,47,0.04705063350818462,0.08225317265660058,,
B,60,165,2024-10-11,2024-04-22,13,raw_excess,1955,1955,True,1951,0.0688972145800992,0.2517608811655835,-0.18286366658548428,34,0.11968846631326506,0.10918801746564215,,
B,60,166,2024-10-18,2024-04-29,13,raw_excess,1955,1955,True,1951,-0.008574915695702701,-0.02521878879337262,0.016643873097669917,38,0.11299302593948184,0.04332033864429011,,
B,60,167,2024-10-25,2024-05-06,13,raw_excess,1955,1955,True,1951,-0.03784706418786319,0.10625511704165237,-0.14410218122951557,52,0.1260980463717459,0.09604748723932628,,
B,60,168,2024-11-01,2024-05-13,14,raw_excess,1955,1955,True,1951,-0.02489110818108188,0.12608415876547976,-0.15097526694656166,79,0.043157753597639695,0.04796159595592079,,
B,60,169,2024-11-08,2024-05-20,14,raw_excess,1955,1955,True,1951,0.0019794544964181872,0.13541616390426017,-0.133436709407842,50,0.02646556934897278,0.033653422349981886,,
B,60,170,2024-11-15,2024-05-28,14,raw_excess,1955,1955,True,1951,-0.004798472037963231,0.14039053262063877,-0.14518900465860202,43,0.08870359140552425,0.12481636093323198,,
B,60,171,2024-11-22,2024-06-04,14,raw_excess,1955,1955,True,1951,-0.01781652548019371,0.07149423610592374,-0.08931076158611745,55,-0.05681796991730802,-0.0073058293857493845,,
B,60,172,2024-12-02,2024-06-11,14,raw_excess,1955,1955,True,1951,-0.009207548310452056,-0.010412317057362683,0.0012047687469106273,68,-0.16701451789348987,-0.17678807794145135,,
B,60,173,2024-12-09,2024-06-18,14,raw_excess,1955,1955,True,1951,-0.0026489633100525395,-0.022280614993005664,0.019631651682953125,33,-0.22828286547177826,-0.20911682905913934,,
B,60,174,2024-12-16,2024-06-26,14,raw_excess,1955,1955,True,1951,0.02257163750233438,-0.011465154904008129,0.03403679240634251,43,-0.12692006875853692,-0.12865871973375284,,
B,60,175,2024-12-23,2024-07-03,14,raw_excess,1955,1955,True,1951,0.016354063595045598,0.013153945752855053,0.0032001178421905453,45,-0.11922707866689285,-0.123959515682519,,
B,60,176,2024-12-31,2024-07-11,14,raw_excess,1955,1955,True,1951,-0.0018373570084495242,-0.009890617691887081,0.008053260683437558,54,-0.21078092000523554,-0.21865220960639864,,
B,60,177,2025-01-08,2024-07-18,14,raw_excess,1955,1955,True,1951,-0.011811076341904675,-0.0359671338667796,0.024156057524874923,36,-0.22151958687229759,-0.26626151547408994,,
B,60,178,2025-01-16,2024-07-25,14,raw_excess,1955,1955,True,1951,-0.024424664955512543,-0.015920672461212086,-0.008503992494300457,27,-0.1953135257599175,-0.24188708764197844,,
B,60,179,2025-01-24,2024-08-01,14,raw_excess,1955,1955,True,1951,-0.025048719275041518,-0.051789515159100685,0.026740795884059167,63,-0.18821200537226754,-0.23490842066450057,,
B,60,180,2025-01-31,2024-08-08,15,raw_excess,1955,1955,True,1951,-0.014386637780181765,-0.0489865335817421,0.03459989580156033,74,-0.16108453211431648,-0.2515820027871482,,
B,60,181,2025-02-07,2024-08-15,15,raw_excess,1955,1955,True,1951,-0.0200473103870211,-0.036360757498978165,0.016313447111957063,44,-0.16674867623998113,-0.23082155215407385,,
B,60,182,2025-02-14,2024-08-22,15,raw_excess,1955,1955,True,1951,0.009111058918354358,-0.007216804602590955,0.016327863520945313,44,-0.10790521653774636,-0.16661975768292644,,
B,60,183,2025-02-24,2024-08-29,15,raw_excess,1955,1955,True,1951,0.0014287769235096007,0.04429790477698744,-0.04286912785347784,36,-0.04034230881989026,-0.03175085719251088,,
B,60,184,2025-03-03,2024-09-06,15,raw_excess,1955,1955,True,1951,0.07057816239536846,0.043525834237769415,0.027052328157599045,48,0.08342162185350285,0.05655764622463687,,
B,60,185,2025-03-10,2024-09-13,15,raw_excess,1955,1955,True,1951,0.10496566431154877,0.07634524320646355,0.028620421105085225,40,0.158966335588455,0.14091178278833713,,
B,60,186,2025-03-17,2024-09-20,15,raw_excess,1955,1955,True,1951,0.0911440471807204,0.05211248549317887,0.03903156168754153,24,0.1359831596249483,0.1050317989898698,,
B,60,187,2025-03-24,2024-09-27,15,raw_excess,1955,1955,True,1951,0.0742673282093284,0.09000466501736942,-0.015737336808041028,40,0.07885481559758871,0.037038215807902286,,
B,60,188,2025-03-31,2024-10-04,15,raw_excess,1955,1955,True,1951,0.1312720139008409,0.11723129754408143,0.014040716356759464,29,0.25785400576272116,0.19554881390606485,,
B,60,189,2025-04-07,2024-10-11,15,raw_excess,1955,1955,True,1951,0.14223670232870655,0.1643513861929836,-0.022114683864277035,37,0.3981468076095504,0.24202677720268204,,
B,60,190,2025-04-14,2024-10-18,15,raw_excess,1955,1955,True,1951,0.10232585452513528,0.168947574781498,-0.06662172025636272,51,0.39482715119199324,0.24600055873882784,,
B,60,191,2025-04-22,2024-10-25,15,raw_excess,1955,1955,True,1951,0.13582145803780957,0.13420613933806938,0.001615318699740187,34,0.35815470684959844,0.2519825573825224,,
B,60,192,2025-04-29,2024-11-01,16,raw_excess,1955,1955,True,1952,0.06943150008201283,0.1150754854463215,-0.045643985364308665,70,0.3022980667485013,0.234355038911569,,
B,60,193,2025-05-06,2024-11-08,16,raw_excess,1955,1955,True,1952,0.11975428646621931,0.0881187587430486,0.031635527723170714,30,0.24034913185750428,0.19869316873664986,,
B,60,194,2025-05-13,2024-11-15,16,raw_excess,1955,1955,True,1952,0.05334096907269069,0.10910205334421204,-0.05576108427152135,48,0.10166782578075359,0.13660712599207395,,
B,60,195,2025-05-20,2024-11-22,16,raw_excess,1955,1955,True,1952,0.05112580621659676,0.060306366896440484,-0.009180560679843727,19,0.18069396056850287,0.16042117115514892,,
B,60,196,2025-05-28,2024-12-02,16,raw_excess,1955,1955,True,1952,0.04043921113069242,0.046800691710974646,-0.006361480580282228,26,0.19062288427457744,0.14455441936689173,,
B,60,197,2025-06-04,2024-12-09,16,raw_excess,1955,1955,True,1952,0.00020271018027081286,0.056313084052394755,-0.05611037387212394,21,0.15881744786761656,0.12885202086252323,,
B,60,198,2025-06-11,2024-12-16,16,raw_excess,1955,1955,True,1952,0.02246269272039502,0.06727800336176382,-0.044815310641368795,32,0.1295689716935372,0.13778490564329204,,
B,60,199,2025-06-18,2024-12-23,16,raw_excess,1955,1955,True,1952,0.035607302349598496,0.0415665895391003,-0.005959287189501804,29,0.17314211521523362,0.1747403456103954,,
B,60,200,2025-06-26,2024-12-31,16,raw_excess,1955,1955,True,1952,0.016452956889876434,0.051511528030416275,-0.03505857114053984,48,0.22930404542591123,0.22059979723679723,,
B,60,201,2025-07-03,2025-01-08,16,raw_excess,1955,1955,True,1952,0.0380242316593061,0.09061233384794613,-0.05258810218864003,30,0.20739841801027,0.18593110856050452,,
B,60,202,2025-07-11,2025-01-16,16,raw_excess,1955,1955,True,1952,0.011676463931463413,0.12213729858485176,-0.11046083465338834,27,0.22583514478190062,0.20040528786482084,,
B,60,203,2025-07-18,2025-01-24,16,raw_excess,1955,1955,True,1952,0.042461491315128885,0.14032866927282783,-0.09786717795769895,57,0.21139710166833764,0.1854948193876258,,
B,60,204,2025-07-25,2025-01-31,17,raw_excess,1955,1955,True,1952,0.033386260004047257,0.12100524544797174,-0.08761898544392449,52,0.2119285821564407,0.190066079326516,,
B,60,205,2025-08-01,2025-02-07,17,raw_excess,1955,1955,True,1952,0.03474988629332641,0.08468709888533528,-0.04993721259200887,34,0.23833722876863103,0.2359316506943261,,
B,60,206,2025-08-08,2025-02-14,17,raw_excess,1955,1955,True,1954,0.024156515696950442,0.09020020633158472,-0.06604369063463428,39,0.16686138529920166,0.204038933195965,,
B,60,207,2025-08-15,2025-02-24,17,raw_excess,1955,1955,True,1954,0.02485200790628985,0.053682476401715036,-0.028830468495425185,33,0.04436012293862749,0.073417109498428,,
B,60,208,2025-08-22,2025-03-03,17,raw_excess,1955,1955,True,1954,0.013600419303321983,0.0618319422025428,-0.04823152289922082,50,0.022839844066869487,0.041864778578823064,,
B,60,209,2025-08-29,2025-03-10,17,raw_excess,1955,1955,True,1954,0.01569525951265722,0.08534962875716376,-0.06965436924450655,45,0.03619491095850862,0.02941601287239511,,
B,60,210,2025-09-08,2025-03-17,17,raw_excess,1955,1955,True,1954,0.0385691183014569,0.06291152924860863,-0.024342410947151727,50,0.05144006421510783,0.07648571559293657,,
B,60,211,2025-09-15,2025-03-24,17,raw_excess,1955,1955,True,1954,0.04028995597436198,0.10850953631175614,-0.06821958033739416,46,0.07334327598438088,0.12249084052099125,,
B,60,212,2025-09-22,2025-03-31,17,raw_excess,1955,1955,True,1954,0.017686919424425684,0.06728985017962064,-0.04960293075519495,33,-0.011518197064773172,0.025260418171657077,,
B,60,213,2025-09-29,2025-04-07,17,raw_excess,1955,1955,True,1954,0.02500269961983331,0.06748470264161528,-0.04248200302178197,64,0.023375626833873238,0.07711996087089946,,
B,60,214,2025-10-06,2025-04-14,17,raw_excess,1955,1955,True,1954,-0.027168513088308765,0.013704928226195488,-0.04087344131450425,69,-0.019747998874480227,0.017604132005476798,,
B,60,215,2025-10-13,2025-04-22,17,raw_excess,1955,1955,True,1954,-0.03281252021584172,0.010555032109889395,-0.04336755232573111,45,0.021812635029355893,0.0938922496283344,,
B,60,216,2025-10-20,2025-04-29,18,raw_excess,1955,1955,True,1954,0.003602192587624793,0.011246560853217923,-0.007644368265593129,41,0.030619393681454027,0.07844078200107119,,
B,60,217,2025-10-27,2025-05-06,18,raw_excess,1955,1955,True,1954,0.03588395023595618,0.033407890457191454,0.002476059778764729,38,0.01881760669154007,0.07422456297988916,,
B,60,218,2025-11-03,2025-05-13,18,raw_excess,1955,1955,True,1955,-0.02469154404553371,-0.01943595164930344,-0.005255592396230271,58,-0.04529650503416044,0.020458926607264626,,
B,60,219,2025-11-10,2025-05-20,18,raw_excess,1955,1955,True,1955,-0.03461093822681534,0.03464991822883196,-0.06926085645564731,32,-0.012218745491476815,0.056723878779745496,,
B,60,220,2025-11-17,2025-05-28,18,raw_excess,1955,1955,True,1955,-0.0085780081808081,0.049326293305778285,-0.05790430148658639,42,-0.0022053488492920887,0.06884566237360364,,
B,60,221,2025-11-24,2025-06-04,18,raw_excess,1955,1955,True,1955,0.04042736375823546,0.021536694063884934,0.018890669694350527,45,-0.033379072605412986,0.03913554937284666,,
B,60,222,2025-12-02,2025-06-11,18,raw_excess,1955,1955,True,1955,0.0275371605332934,0.050453175747073094,-0.022916015213779693,48,-0.09407479632479208,0.03076234862260697,,
B,60,223,2025-12-09,2025-06-18,18,raw_excess,1955,1955,True,1955,-0.005971836312916111,0.024608694997419495,-0.030580531310335606,51,-0.1684242795768745,-0.07691202608752203,,
B,60,224,2025-12-16,2025-06-26,18,raw_excess,1955,1955,True,1955,0.044763588203642374,0.0028829137070928864,0.04188067449654949,43,-0.11418118801104439,-0.040126512024165145,,
B,60,225,2025-12-23,2025-07-03,18,raw_excess,1955,1955,True,1955,0.02490585981935927,-0.005222185014857268,0.03012804483421654,47,-0.10543431412754191,-0.07365433155894284,,
B,60,226,2025-12-31,2025-07-11,18,raw_excess,1955,1955,True,1955,0.017804966006625175,0.03146474491299662,-0.013659778906371444,44,-0.12550250888458683,-0.12300695471598991,,
B,60,227,2026-01-08,2025-07-18,18,raw_excess,1955,1955,True,1955,0.03718909155162513,0.022862984445419465,0.014326107106205663,49,-0.09867021241315357,-0.09999176262856559,,
B,60,228,2026-01-15,2025-07-25,19,raw_excess,1955,1955,True,1955,0.06528946625462365,0.025552195078744587,0.03973727117587906,63,-0.07602592671022146,-0.0348288553355175,,
B,60,229,2026-01-23,2025-08-01,19,raw_excess,1955,1955,True,1955,0.027530374434813994,0.0343113465886527,-0.006780972153838709,35,-0.05330068044075681,-0.023618885783000296,,
B,60,230,2026-01-30,2025-08-08,19,raw_excess,1955,1955,True,1955,0.02939866748612369,-0.018951274641243982,0.04834994212736767,51,-0.007826437918422288,-0.020544458045640774,,
B,60,231,2026-02-06,2025-08-15,19,raw_excess,1955,1955,True,1470,0.08667768802836467,0.00993669146021675,0.07674099656814792,37,0.10058898180237556,0.062215043398844025,,
W,60,0,2021-07-01,2021-01-08,0,cs_sigma,140,137,True,137,0.7214104085087015,-0.2781891539356319,0.9995995624443335,94,,,,
W,60,1,2021-07-09,2021-01-15,0,cs_sigma,140,137,True,137,0.49152588017019005,-0.07887823427922808,0.5704041144494181,92,,,,
W,60,2,2021-07-16,2021-01-25,0,cs_sigma,140,137,True,137,0.6233305000036579,0.1421187185542905,0.4812117814493674,91,,,,
W,60,3,2021-07-23,2021-02-01,0,cs_sigma,142,137,True,137,0.367589350012347,0.3307770738524592,0.0368122761598878,74,,,,
W,60,4,2021-07-30,2021-02-08,0,cs_sigma,142,137,True,137,0.629160243263243,0.25225531364845977,0.3769049296147833,58,,,,
W,60,5,2021-08-06,2021-02-16,0,cs_sigma,142,137,True,137,0.45829033896850324,0.1699106671567992,0.28837967181170404,69,,,,
W,60,6,2021-08-13,2021-02-23,0,cs_sigma,143,137,True,137,0.6659018341307487,0.3371655970408267,0.32873623708992195,83,,,,
W,60,7,2021-08-20,2021-03-02,0,cs_sigma,143,137,True,137,0.9131543752053707,0.6638508043027874,0.24930357090258326,54,,,,
W,60,8,2021-08-27,2021-03-09,0,cs_sigma,143,137,True,137,0.4182509782727249,0.43169958311326134,-0.013448604840536449,51,,,,
W,60,9,2021-09-03,2021-03-16,0,cs_sigma,143,137,True,137,0.4553040556623823,0.6995809375585348,-0.2442768818961525,74,,,,
W,60,10,2021-09-13,2021-03-23,0,cs_sigma,143,137,True,137,0.6489694415735551,0.2720660743054639,0.37690336726809115,68,,,,
W,60,11,2021-09-20,2021-03-30,0,cs_sigma,143,137,True,137,0.7064382991479001,0.11122022721503161,0.5952180719328686,53,,,,
W,60,12,2021-09-27,2021-04-07,1,cs_sigma,143,137,True,137,0.8403170398197127,0.42086062078268327,0.41945641903702946,57,,,,
W,60,13,2021-10-04,2021-04-14,1,cs_sigma,143,138,True,138,0.9580573911794871,0.12931356372480166,0.8287438274546854,81,,,,
W,60,14,2021-10-11,2021-04-21,1,cs_sigma,143,138,True,138,0.5630711770556331,-0.5798550926292381,1.1429262696848712,75,,,,
W,60,15,2021-10-18,2021-04-28,1,cs_sigma,143,139,True,139,0.5038615698507793,-0.7631467800235534,1.2670083498743328,65,,,,
W,60,16,2021-10-25,2021-05-05,1,cs_sigma,143,139,True,139,0.11765128011377732,-0.8650507942665024,0.9827020743802798,75,,,,
W,60,17,2021-11-01,2021-05-12,1,cs_sigma,143,139,True,139,-0.05151878564300043,-0.8561326815491135,0.8046138959061131,76,,,,
W,60,18,2021-11-08,2021-05-19,1,cs_sigma,143,139,True,139,-0.03904457475168586,-0.8116827057717892,0.7726381310201034,73,,,,
W,60,19,2021-11-15,2021-05-26,1,cs_sigma,143,139,True,139,-0.26105074887426916,-0.5306612853283452,0.26961053645407607,68,,,,
W,60,20,2021-11-22,2021-06-03,1,cs_sigma,143,139,True,139,-0.21730265078935496,-0.5087493108897229,0.2914466601003679,69,,,,
W,60,21,2021-11-30,2021-06-10,1,cs_sigma,143,139,True,139,0.15010974943533753,-0.4113328868223658,0.5614426362577033,70,,,,
W,60,22,2021-12-07,2021-06-17,1,cs_sigma,143,140,True,140,0.5129197019654853,-0.3870743822905846,0.8999940842560699,77,,,,
W,60,23,2021-12-14,2021-06-24,1,cs_sigma,143,140,True,140,0.36996851001093445,-0.3492250234883222,0.7191935334992566,99,,,,
W,60,24,2021-12-21,2021-07-01,2,cs_sigma,143,140,True,140,0.15946878098872963,-0.15689064900036928,0.31635942998909894,60,,,,
W,60,25,2021-12-29,2021-07-09,2,cs_sigma,143,140,True,140,0.2244198152572917,-0.18539612389998586,0.40981593915727754,41,,,,
W,60,26,2022-01-05,2021-07-16,2,cs_sigma,143,140,True,140,0.3392153513174271,0.24264651645804933,0.09656883485937776,65,,,,
W,60,27,2022-01-12,2021-07-23,2,cs_sigma,143,142,True,142,0.32675328766310685,0.1532851236305858,0.17346816403252105,82,,,,
W,60,28,2022-01-20,2021-07-30,2,cs_sigma,143,142,True,142,0.5644481776209884,0.5987305836273221,-0.0342824060063337,78,,,,
W,60,29,2022-01-27,2021-08-06,2,cs_sigma,143,142,True,142,0.4081192282294968,0.4553502844315895,-0.04723105620209267,88,,,,
W,60,30,2022-02-03,2021-08-13,2,cs_sigma,143,143,True,143,0.5216571913984851,0.3656073082579546,0.15604988314053048,55,,,,
W,60,31,2022-02-10,2021-08-20,2,cs_sigma,143,143,True,143,0.58824956661652,0.2258264777801216,0.36242308883639834,52,,,,
W,60,32,2022-02-17,2021-08-27,2,cs_sigma,143,143,True,143,0.8749923536441938,0.40780422463660926,0.46718812900758455,52,,,,
W,60,33,2022-02-25,2021-09-03,2,cs_sigma,143,143,True,143,0.41170101393399966,0.4362999625903194,-0.02459894865631973,55,,,,
W,60,34,2022-03-04,2021-09-13,2,cs_sigma,143,143,True,143,0.23324053456273364,0.21043892590683255,0.022801608655901084,70,,,,
W,60,35,2022-03-11,2021-09-20,2,cs_sigma,143,143,True,143,0.4676626571054368,0.3636896762799043,0.10397298082553252,60,,,,
W,60,36,2022-03-18,2021-09-27,3,cs_sigma,143,143,True,143,-0.15934483565359867,-0.2014539307492174,0.04210909509561875,50,,,,
W,60,37,2022-03-25,2021-10-04,3,cs_sigma,143,143,True,143,-0.09257107063364031,-0.2938353567364797,0.2012642861028394,47,,,,
W,60,38,2022-04-01,2021-10-11,3,cs_sigma,143,143,True,143,0.026356018790241707,-0.29949227128283473,0.3258482900730764,55,,,,
W,60,39,2022-04-08,2021-10-18,3,cs_sigma,143,143,True,143,0.1561125573675768,-0.2691675351502042,0.425280092517781,54,,,,
W,60,40,2022-04-18,2021-10-25,3,cs_sigma,143,143,True,143,-0.14981440940624138,-0.19175839203150885,0.04194398262526747,72,,,,
W,60,41,2022-04-25,2021-11-01,3,cs_sigma,143,143,True,143,0.04225415333831617,0.10848584669376134,-0.06623169335544517,70,,,,
W,60,42,2022-05-02,2021-11-08,3,cs_sigma,143,143,True,143,0.31609695205874677,-0.07775079088749998,0.39384774294624675,59,,,,
W,60,43,2022-05-09,2021-11-15,3,cs_sigma,143,143,True,143,0.8577395815983528,0.30172975895944065,0.5560098226389122,45,,,,
W,60,44,2022-05-16,2021-11-22,3,cs_sigma,143,143,True,143,0.7837744077845611,0.09037487418744698,0.6933995335971141,58,,,,
W,60,45,2022-05-23,2021-11-30,3,cs_sigma,143,143,True,143,0.9399335721545912,0.37077131011796316,0.569162262036628,52,,,,
W,60,46,2022-05-31,2021-12-07,3,cs_sigma,143,143,True,143,0.4871707963112094,0.30661370130516674,0.18055709500604267,55,,,,
W,60,47,2022-06-07,2021-12-14,3,cs_sigma,143,143,True,143,0.40061812241457423,-0.15230263422132412,0.5529207566358983,66,,,,
W,60,48,2022-06-14,2021-12-21,4,cs_sigma,143,143,True,143,0.9015686944680265,-0.003220969275757761,0.9047896637437842,49,,,,
W,60,49,2022-06-22,2021-12-29,4,cs_sigma,143,143,True,143,0.8715829412049534,0.5301473313331514,0.341435609871802,57,,,,
W,60,50,2022-06-29,2022-01-05,4,cs_sigma,143,143,True,143,0.856765686469036,0.469066286313063,0.38769940015597293,54,,,,
W,60,51,2022-07-07,2022-01-12,4,cs_sigma,143,143,True,143,0.6214075384779667,0.4108785876111873,0.21052895086677942,56,,,,
W,60,52,2022-07-14,2022-01-20,4,cs_sigma,143,143,True,143,0.6877012062553396,0.5085313540587064,0.17916985219663317,87,,,,
W,60,53,2022-07-21,2022-01-27,4,cs_sigma,143,143,True,143,0.3503644779300177,-0.24341527751875755,0.5937797554487753,106,,,,
W,60,54,2022-07-28,2022-02-03,4,cs_sigma,143,143,True,143,0.9095343375458171,0.20326121788228935,0.7062731196635278,100,,,,
W,60,55,2022-08-04,2022-02-10,4,cs_sigma,143,143,True,143,0.37319394771156345,0.4758422162758106,-0.10264826856424714,87,,,,
W,60,56,2022-08-11,2022-02-17,4,cs_sigma,143,143,True,143,0.09819087226375703,0.30149371600705266,-0.20330284374329563,89,,,,
W,60,57,2022-08-18,2022-02-25,4,cs_sigma,143,143,True,143,0.5465468698238424,0.3053503102949178,0.24119655952892455,86,,,,
W,60,58,2022-08-25,2022-03-04,4,cs_sigma,143,143,True,143,0.38456486974701687,-0.32341971055174,0.7079845802987569,90,,,,
W,60,59,2022-09-01,2022-03-11,4,cs_sigma,143,143,True,143,0.2983439399341846,-0.19013052401589642,0.48847446395008104,123,,,,
W,60,60,2022-09-09,2022-03-18,5,cs_sigma,143,143,True,143,0.3194246481309595,-0.09469965578225369,0.4141243039132132,88,,,,
W,60,61,2022-09-16,2022-03-25,5,cs_sigma,143,143,True,143,0.612298418057627,0.3491781595148496,0.2631202585427774,59,,,,
W,60,62,2022-09-23,2022-04-01,5,cs_sigma,143,143,True,143,0.4147049929087818,-0.32489386068708825,0.7395988535958701,89,,,,
W,60,63,2022-09-30,2022-04-08,5,cs_sigma,143,143,True,143,0.31325053424684157,-0.22979944679272685,0.5430499810395684,82,,,,
W,60,64,2022-10-07,2022-04-18,5,cs_sigma,143,143,True,143,0.48719194590572057,-0.5277531788788159,1.0149451247845365,94,,,,
W,60,65,2022-10-14,2022-04-25,5,cs_sigma,143,143,True,143,0.6632652514764208,-0.44943585034694317,1.112701101823364,55,,,,
W,60,66,2022-10-21,2022-05-02,5,cs_sigma,143,143,True,143,0.2855457721531265,0.00023233901772058002,0.2853134331354059,44,,,,
W,60,67,2022-10-28,2022-05-09,5,cs_sigma,143,143,True,143,0.38379184805049754,-0.4905930100977627,0.8743848581482603,46,,,,
W,60,68,2022-11-04,2022-05-16,5,cs_sigma,143,143,True,143,0.7048830771262846,0.2605124011426704,0.44437067598361424,64,,,,
W,60,69,2022-11-11,2022-05-23,5,cs_sigma,143,143,True,143,0.4442107724295715,-0.24849337053508047,0.692704142964652,52,,,,
W,60,70,2022-11-18,2022-05-31,5,cs_sigma,143,143,True,143,0.5907336404791551,0.320247199568564,0.2704864409105911,64,,,,
W,60,71,2022-11-28,2022-06-07,5,cs_sigma,143,143,True,143,0.49352279198658333,0.3481697941946646,0.14535299779191874,47,,,,
W,60,72,2022-12-05,2022-06-14,6,cs_sigma,143,143,True,143,0.48119377575049976,0.3192298509179292,0.16196392483257055,60,,,,
W,60,73,2022-12-12,2022-06-22,6,cs_sigma,143,143,True,143,0.3466050327495064,0.3534898474402652,-0.0068848146907588,61,,,,
W,60,74,2022-12-19,2022-06-29,6,cs_sigma,143,143,True,143,0.902358784210037,0.2625027013791363,0.6398560828309008,49,,,,
W,60,75,2022-12-27,2022-07-07,6,cs_sigma,143,143,True,143,0.705698100240807,0.15817594617933228,0.5475221540614748,59,,,,
W,60,76,2023-01-04,2022-07-14,6,cs_sigma,143,143,True,143,0.6017974384906954,-0.08744004612594367,0.6892374846166391,61,,,,
W,60,77,2023-01-11,2022-07-21,6,cs_sigma,143,143,True,143,0.4711143770836622,0.32159755399608075,0.14951682308758146,67,,,,
W,60,78,2023-01-19,2022-07-28,6,cs_sigma,143,143,True,143,0.7474878116588785,0.351969364275684,0.39551844738319447,63,,,,
W,60,79,2023-01-26,2022-08-04,6,cs_sigma,143,143,True,143,0.491989933603571,0.49476449043641774,-0.0027745568328467196,64,,,,
W,60,80,2023-02-02,2022-08-11,6,cs_sigma,143,143,True,143,0.3350436153687919,0.06836075204319565,0.26668286332559626,122,,,,
W,60,81,2023-02-09,2022-08-18,6,cs_sigma,143,143,True,143,1.1284066248237192,0.35210032078975884,0.7763063040339604,92,,,,
W,60,82,2023-02-16,2022-08-25,6,cs_sigma,143,143,True,143,1.262021422609784,0.37079172285494566,0.8912296997548382,64,,,,
W,60,83,2023-02-24,2022-09-01,6,cs_sigma,143,143,True,143,1.2332770354949192,0.043279487182930315,1.189997548311989,95,,,,
W,60,84,2023-03-03,2022-09-09,7,cs_sigma,143,143,True,143,1.1875894410181158,0.4831430569035415,0.7044463841145743,75,,,,
W,60,85,2023-03-10,2022-09-16,7,cs_sigma,143,143,True,143,0.9151054687756855,0.5787714924575527,0.3363339763181329,80,,,,
W,60,86,2023-03-17,2022-09-23,7,cs_sigma,143,143,True,143,1.2033340879190455,0.8936758398074798,0.3096582481115657,62,,,,
W,60,87,2023-03-24,2022-09-30,7,cs_sigma,143,143,True,143,1.4357495883008469,0.5406986852639931,0.8950509030368538,78,,,,
W,60,88,2023-03-31,2022-10-07,7,cs_sigma,143,143,True,143,1.127810427795884,0.5874514705622674,0.5403589572336166,66,,,,
W,60,89,2023-04-10,2022-10-14,7,cs_sigma,143,143,True,143,1.2301527809926598,1.0185488807749767,0.21160390021768305,63,,,,
W,60,90,2023-04-17,2022-10-21,7,cs_sigma,143,143,True,143,1.3276573367250868,0.8935242248966342,0.4341331118284526,83,,,,
W,60,91,2023-04-24,2022-10-28,7,cs_sigma,143,143,True,143,1.1927525682152083,1.2532282637186167,-0.06047569550340848,95,,,,
W,60,92,2023-05-01,2022-11-04,7,cs_sigma,143,143,True,143,1.0879989686185765,0.6888627870528566,0.39913618156571984,97,,,,
W,60,93,2023-05-08,2022-11-11,7,cs_sigma,143,143,True,143,0.9988590520791738,1.1919839555260514,-0.1931249034468776,73,,,,
W,60,94,2023-05-15,2022-11-18,7,cs_sigma,143,143,True,143,1.3652772104086934,0.8626546505776564,0.502622559831037,57,,,,
W,60,95,2023-05-22,2022-11-28,7,cs_sigma,143,143,True,143,1.1366615698740838,0.41632467594111444,0.7203368939329694,84,,,,
W,60,96,2023-05-30,2022-12-05,8,cs_sigma,143,143,True,143,0.6917288055672793,0.025794437069302803,0.6659343684979765,82,,,,
W,60,97,2023-06-06,2022-12-12,8,cs_sigma,143,143,True,143,0.9254160917592108,0.07032753434017151,0.8550885574190393,70,,,,
W,60,98,2023-06-13,2022-12-19,8,cs_sigma,143,143,True,143,0.8332957601613046,-0.33330418214159874,1.1665999423029034,71,,,,
W,60,99,2023-06-21,2022-12-27,8,cs_sigma,143,143,True,143,1.1808674390952447,-0.19662774472174513,1.3774951838169898,54,,,,
W,60,100,2023-06-28,2023-01-04,8,cs_sigma,143,143,True,143,1.0108234311354227,-0.30947780534722547,1.3203012364826483,57,,,,
W,60,101,2023-07-06,2023-01-11,8,cs_sigma,143,143,True,143,1.1482955009996243,-0.16954903500914253,1.3178445360087667,69,,,,
W,60,102,2023-07-13,2023-01-19,8,cs_sigma,143,143,True,143,0.7926956612711875,-0.33361847380756604,1.1263141350787536,61,,,,
W,60,103,2023-07-20,2023-01-26,8,cs_sigma,143,143,True,143,0.6250315902693799,-0.28962700024862154,0.9146585905180015,48,,,,
W,60,104,2023-07-27,2023-02-02,8,cs_sigma,143,143,True,143,0.4730273079050459,0.25705854313561244,0.21596876476943344,36,,,,
W,60,105,2023-08-03,2023-02-09,8,cs_sigma,143,143,True,143,0.19051980447998013,0.4126696944256928,-0.22214988994571266,52,,,,
W,60,106,2023-08-10,2023-02-16,8,cs_sigma,143,143,True,143,0.9273866413580995,0.4979117502633306,0.42947489109476883,58,,,,
W,60,107,2023-08-17,2023-02-24,8,cs_sigma,143,143,True,143,0.9198216802415005,1.1025655338728613,-0.1827438536313608,77,,,,
W,60,108,2023-08-24,2023-03-03,9,cs_sigma,143,143,True,143,0.8050590864324867,1.1479521762615292,-0.34289308982904254,97,,,,
W,60,109,2023-08-31,2023-03-10,9,cs_sigma,143,143,True,143,0.9237827147025162,0.677383663171618,0.24639905153089814,84,,,,
W,60,110,2023-09-08,2023-03-17,9,cs_sigma,143,143,True,143,0.9449021812751935,0.3926640719511877,0.5522381093240059,62,,,,
W,60,111,2023-09-15,2023-03-24,9,cs_sigma,143,143,True,143,1.0800258207491873,0.3860444615075012,0.6939813592416861,91,,,,
W,60,112,2023-09-22,2023-03-31,9,cs_sigma,143,143,True,143,1.1149173575253963,0.6590418177061823,0.455875539819214,83,,,,
W,60,113,2023-09-29,2023-04-10,9,cs_sigma,143,143,True,143,1.4757298372941812,0.5510486837310219,0.9246811535631593,86,,,,
W,60,114,2023-10-06,2023-04-17,9,cs_sigma,143,143,True,143,1.0869976205077545,0.3343929735243885,0.752604646983366,53,,,,
W,60,115,2023-10-13,2023-04-24,9,cs_sigma,143,143,True,143,1.0885659244763057,0.9825080769631279,0.10605784751317782,67,,,,
W,60,116,2023-10-20,2023-05-01,9,cs_sigma,143,143,True,143,0.9259264290933396,1.0873179956669943,-0.16139156657365472,53,,,,
W,60,117,2023-10-27,2023-05-08,9,cs_sigma,143,143,True,143,0.9730834578410625,1.3028892457652201,-0.3298057879241576,83,,,,
W,60,118,2023-11-03,2023-05-15,9,cs_sigma,143,143,True,143,0.531495761330484,1.1129559274705834,-0.5814601661400993,81,,,,
W,60,119,2023-11-10,2023-05-22,9,cs_sigma,143,143,True,143,0.6700027556540433,1.3261070858464135,-0.6561043301923701,101,,,,
W,60,120,2023-11-17,2023-05-30,10,cs_sigma,143,143,True,143,0.5214626709943635,1.3968624824452673,-0.8753998114509038,81,,,,
W,60,121,2023-11-27,2023-06-06,10,cs_sigma,143,143,True,143,0.288583341788487,1.138743340576781,-0.8501599987882941,81,,,,
W,60,122,2023-12-04,2023-06-13,10,cs_sigma,143,143,True,143,0.8652276093737392,1.0870573887374169,-0.22182977936367765,89,,,,
W,60,123,2023-12-11,2023-06-21,10,cs_sigma,143,143,True,143,1.0865240333457045,1.0268909747978552,0.05963305854784928,58,,,,
W,60,124,2023-12-18,2023-06-28,10,cs_sigma,143,143,True,143,0.8509898253101826,0.8846088034685503,-0.033618978158367674,68,,,,
W,60,125,2023-12-26,2023-07-06,10,cs_sigma,143,143,True,143,1.105317269227452,0.9277048451979489,0.17761242402950306,56,,,,
W,60,126,2024-01-03,2023-07-13,10,cs_sigma,143,143,True,143,1.0047239878267535,0.9370230400895119,0.06770094773724167,70,,,,
W,60,127,2024-01-10,2023-07-20,10,cs_sigma,143,143,True,143,1.033275426263057,0.7619076892682907,0.27136773699476635,48,,,,
W,60,128,2024-01-18,2023-07-27,10,cs_sigma,143,143,True,143,1.0917434003380784,0.6663746536284413,0.4253687467096371,52,,,,
W,60,129,2024-01-25,2023-08-03,10,cs_sigma,143,143,True,143,0.8963484846701767,0.28855327166564537,0.6077952130045313,59,,,,
W,60,130,2024-02-01,2023-08-10,10,cs_sigma,143,143,True,143,1.0123756803650719,0.5967718145153722,0.41560386584969966,68,,,,
W,60,131,2024-02-08,2023-08-17,10,cs_sigma,143,143,True,143,0.9591817853958682,0.6642350875379035,0.2949466978579647,68,,,,
W,60,132,2024-02-15,2023-08-24,11,cs_sigma,143,143,True,143,0.26989514517403557,0.1079343545967563,0.16196079057727927,49,,,,
W,60,133,2024-02-23,2023-08-31,11,cs_sigma,143,143,True,143,0.6781803396766741,0.5623321664241104,0.11584817325256369,55,,,,
W,60,134,2024-03-01,2023-09-08,11,cs_sigma,143,143,True,143,0.645884263993167,0.25183488382258296,0.39404938017058405,73,,,,
W,60,135,2024-03-08,2023-09-15,11,cs_sigma,143,143,True,143,0.5662891654256206,0.3748426676288583,0.19144649779676226,72,,,,
W,60,136,2024-03-15,2023-09-22,11,cs_sigma,143,143,True,143,1.0684644229736757,0.23065562862676633,0.8378087943469094,76,,,,
W,60,137,2024-03-22,2023-09-29,11,cs_sigma,143,143,True,143,0.7662409182564386,0.09242473125405251,0.6738161870023861,75,,,,
W,60,138,2024-04-01,2023-10-06,11,cs_sigma,143,143,True,143,0.6476791221059981,0.08714479806584483,0.5605343240401532,54,,,,
W,60,139,2024-04-08,2023-10-13,11,cs_sigma,143,143,True,143,0.5351018792975802,0.23212397040985988,0.30297790888772036,64,,,,
W,60,140,2024-04-15,2023-10-20,11,cs_sigma,143,143,True,143,1.0327773990038687,0.5646146038599682,0.46816279514390047,59,,,,
W,60,141,2024-04-22,2023-10-27,11,cs_sigma,143,143,True,143,0.9259410599543486,0.5487379806265844,0.3772030793277642,62,,,,
W,60,142,2024-04-29,2023-11-03,11,cs_sigma,143,143,True,143,0.5852863391347994,0.2680092654454299,0.3172770736893695,49,,,,
W,60,143,2024-05-06,2023-11-10,11,cs_sigma,143,143,True,143,0.2616614009907686,-0.017881383305331743,0.27954278429610036,44,,,,
W,60,144,2024-05-13,2023-11-17,12,cs_sigma,143,143,True,143,0.3871768443238232,0.1733045564172499,0.2138722879065733,51,,,,
W,60,145,2024-05-20,2023-11-27,12,cs_sigma,143,143,True,143,-0.09720952726918484,0.052862988784334236,-0.15007251605351907,59,,,,
W,60,146,2024-05-28,2023-12-04,12,cs_sigma,143,143,True,143,0.15286128735438823,-0.298698810541234,0.45156009789562224,63,,,,
W,60,147,2024-06-04,2023-12-11,12,cs_sigma,143,143,True,143,0.6464218213815512,-0.5648707315378368,1.211292552919388,60,,,,
W,60,148,2024-06-11,2023-12-18,12,cs_sigma,143,143,True,143,0.3429385656327705,-0.8104035762128649,1.1533421418456353,75,,,,
W,60,149,2024-06-18,2023-12-26,12,cs_sigma,143,143,True,143,0.22493512437635313,-1.0004138641492135,1.2253489885255666,55,,,,
W,60,150,2024-06-26,2024-01-03,12,cs_sigma,143,143,True,143,0.21002053550264874,-0.165652936400236,0.37567347190288475,76,,,,
W,60,151,2024-07-03,2024-01-10,12,cs_sigma,143,143,True,143,0.0869070702008458,-0.5557635709729394,0.6426706411737851,74,,,,
W,60,152,2024-07-11,2024-01-18,12,cs_sigma,143,143,True,143,0.1542518704350571,-0.6706898359734237,0.8249417064084807,66,,,,
W,60,153,2024-07-18,2024-01-25,12,cs_sigma,143,143,True,143,0.42833517546055394,-0.2790619615281435,0.7073971369886974,81,,,,
W,60,154,2024-07-25,2024-02-01,12,cs_sigma,143,143,True,143,0.7156724212673659,0.32281748547977995,0.3928549357875859,107,,,,
W,60,155,2024-08-01,2024-02-08,12,cs_sigma,143,143,True,143,0.5928583678158621,0.4850868610838053,0.10777150673205682,93,,,,
W,60,156,2024-08-08,2024-02-15,13,cs_sigma,143,143,True,143,1.0282265050867954,1.0262804284213898,0.0019460766654055828,83,,,,
W,60,157,2024-08-15,2024-02-23,13,cs_sigma,143,143,True,143,0.9760109836217834,1.003265188710057,-0.027254205088273586,80,,,,
W,60,158,2024-08-22,2024-03-01,13,cs_sigma,143,143,True,143,0.9241366864118566,0.923446943219752,0.0006897431921046859,62,,,,
W,60,159,2024-08-29,2024-03-08,13,cs_sigma,143,143,True,143,0.9635939109561469,1.2270967638750592,-0.2635028529189123,85,,,,
W,60,160,2024-09-06,2024-03-15,13,cs_sigma,143,143,True,143,0.6995643168502149,1.144293313078589,-0.44472899622837414,53,,,,
W,60,161,2024-09-13,2024-03-22,13,cs_sigma,143,143,True,143,1.3291392203286638,0.9528928544381006,0.37624636589056326,50,,,,
W,60,162,2024-09-20,2024-04-01,13,cs_sigma,143,143,True,143,1.2196979286577319,0.8924457685053713,0.3272521601523606,59,,,,
W,60,163,2024-09-27,2024-04-08,13,cs_sigma,143,143,True,143,1.0587966752893343,0.728763310399583,0.3300333648897513,61,,,,
W,60,164,2024-10-04,2024-04-15,13,cs_sigma,143,143,True,143,0.892212821126428,0.49663072772154937,0.3955820934048786,68,,,,
W,60,165,2024-10-11,2024-04-22,13,cs_sigma,143,143,True,143,0.5267076838007005,0.509461270093362,0.017246413707338593,88,,,,
W,60,166,2024-10-18,2024-04-29,13,cs_sigma,143,143,True,143,0.2695034408918563,0.2487858308496637,0.02071761004219258,98,,,,
W,60,167,2024-10-25,2024-05-06,13,cs_sigma,143,143,True,143,0.6389106887630553,0.15616707316521294,0.4827436155978424,89,,,,
W,60,168,2024-11-01,2024-05-13,14,cs_sigma,143,143,True,143,0.39635297879785863,-0.14385049300228386,0.5402034718001425,75,,,,
W,60,169,2024-11-08,2024-05-20,14,cs_sigma,143,143,True,143,0.7285032117484156,-0.4588345138628027,1.1873377256112183,79,,,,
W,60,170,2024-11-15,2024-05-28,14,cs_sigma,143,143,True,143,1.2629901952848026,0.30482228661197025,0.9581679086728323,62,,,,
W,60,171,2024-11-22,2024-06-04,14,cs_sigma,143,143,True,143,0.402299245944313,-0.20440295456308163,0.6067022005073947,49,,,,
W,60,172,2024-12-02,2024-06-11,14,cs_sigma,143,143,True,143,-0.051916641387767457,-0.35601540738278226,0.3040987659950148,71,,,,
W,60,173,2024-12-09,2024-06-18,14,cs_sigma,143,143,True,143,-0.1566976137207838,-0.8761400887004555,0.7194424749796716,48,,,,
W,60,174,2024-12-16,2024-06-26,14,cs_sigma,143,143,True,143,0.29798766592787956,-0.25102969257214547,0.5490173585000251,70,,,,
W,60,175,2024-12-23,2024-07-03,14,cs_sigma,143,143,True,143,0.4044613518596195,-0.1939902228387462,0.5984515746983657,72,,,,
W,60,176,2024-12-31,2024-07-11,14,cs_sigma,143,143,True,143,0.20441975112698205,-0.4641306617304978,0.6685504128574798,56,,,,
W,60,177,2025-01-08,2024-07-18,14,cs_sigma,143,143,True,143,0.32520890061652213,-0.4209043168533434,0.7461132174698655,61,,,,
W,60,178,2025-01-16,2024-07-25,14,cs_sigma,143,143,True,143,0.38442625244535894,-0.4228806813153444,0.8073069337607033,73,,,,
W,60,179,2025-01-24,2024-08-01,14,cs_sigma,143,143,True,143,0.3177248288903863,-0.6046815969515574,0.9224064258419438,81,,,,
W,60,180,2025-01-31,2024-08-08,15,cs_sigma,143,143,True,143,0.581328275722648,-0.6431908359850688,1.2245191117077168,80,,,,
W,60,181,2025-02-07,2024-08-15,15,cs_sigma,143,143,True,143,0.41056929691522526,-0.7201552506195777,1.1307245475348031,82,,,,
W,60,182,2025-02-14,2024-08-22,15,cs_sigma,143,143,True,143,0.3441937565470006,-0.5979833692279177,0.9421771257749183,65,,,,
W,60,183,2025-02-24,2024-08-29,15,cs_sigma,143,143,True,143,0.7994464039368696,0.03905769327586507,0.7603887106610046,66,,,,
W,60,184,2025-03-03,2024-09-06,15,cs_sigma,143,143,True,143,0.8756837827042374,0.200518640892701,0.6751651418115364,66,,,,
W,60,185,2025-03-10,2024-09-13,15,cs_sigma,143,143,True,143,0.7388066582253127,0.8114090857502656,-0.07260242752495294,105,,,,
W,60,186,2025-03-17,2024-09-20,15,cs_sigma,143,143,True,143,0.7197203150496946,0.4390144589618436,0.280705856087851,86,,,,
W,60,187,2025-03-24,2024-09-27,15,cs_sigma,143,143,True,143,0.733758486705591,0.2635482742884412,0.4702102124171498,78,,,,
W,60,188,2025-03-31,2024-10-04,15,cs_sigma,143,143,True,143,0.525627415616021,0.8163148717831628,-0.29068745616714176,52,,,,
W,60,189,2025-04-07,2024-10-11,15,cs_sigma,143,143,True,143,0.32456334363941186,0.7144393951425008,-0.3898760515030889,55,,,,
W,60,190,2025-04-14,2024-10-18,15,cs_sigma,143,143,True,143,0.46910688178327303,0.4459073173237517,0.023199564459521316,45,,,,
W,60,191,2025-04-22,2024-10-25,15,cs_sigma,143,143,True,143,0.364367646138262,0.5330584926380662,-0.16869084649980415,50,,,,
W,60,192,2025-04-29,2024-11-01,16,cs_sigma,143,143,True,143,0.6400425818538384,0.23142734635122636,0.4086152355026121,56,,,,
W,60,193,2025-05-06,2024-11-08,16,cs_sigma,143,143,True,143,0.5585304803737753,0.4980038252767525,0.060526655097022763,56,,,,
W,60,194,2025-05-13,2024-11-15,16,cs_sigma,143,143,True,143,1.10149091635129,1.2423003720982393,-0.14080945574694925,96,,,,
W,60,195,2025-05-20,2024-11-22,16,cs_sigma,143,143,True,143,1.000112013032418,1.0279844027499345,-0.0278723897175166,105,,,,
W,60,196,2025-05-28,2024-12-02,16,cs_sigma,143,143,True,143,0.7440501388016345,0.7047264798823004,0.03932365891933409,84,,,,
W,60,197,2025-06-04,2024-12-09,16,cs_sigma,143,143,True,143,0.7253510229741523,0.48934982913213276,0.23600119384201956,54,,,,
W,60,198,2025-06-11,2024-12-16,16,cs_sigma,143,143,True,143,1.0862830165928408,0.5941856471095011,0.4920973694833397,40,,,,
W,60,199,2025-06-18,2024-12-23,16,cs_sigma,143,143,True,143,1.4316954602497192,0.5221676626481282,0.909527797601591,60,,,,
W,60,200,2025-06-26,2024-12-31,16,cs_sigma,143,143,True,143,1.2581457364185542,0.6209665781245,0.6371791582940542,36,,,,
W,60,201,2025-07-03,2025-01-08,16,cs_sigma,143,143,True,143,0.8306302564654957,0.8532975025620676,-0.02266724609657189,35,,,,
W,60,202,2025-07-11,2025-01-16,16,cs_sigma,143,143,True,143,0.8622519833926895,0.44144572774344815,0.42080625564924135,31,,,,
W,60,203,2025-07-18,2025-01-24,16,cs_sigma,143,143,True,143,0.9017122489015561,0.6531113399965799,0.24860090890497621,33,,,,
W,60,204,2025-07-25,2025-01-31,17,cs_sigma,143,143,True,143,0.9779214338626488,0.4969681244429173,0.4809533094197315,45,,,,
W,60,205,2025-08-01,2025-02-07,17,cs_sigma,143,143,True,143,0.8029383429312343,0.08540665867794567,0.7175316842532886,59,,,,
W,60,206,2025-08-08,2025-02-14,17,cs_sigma,143,143,True,143,0.6952477862275905,-0.15680001423087647,0.8520478004584671,81,,,,
W,60,207,2025-08-15,2025-02-24,17,cs_sigma,143,143,True,143,0.8673112278903016,-0.22593879453842208,1.0932500224287236,72,,,,
W,60,208,2025-08-22,2025-03-03,17,cs_sigma,143,143,True,143,0.43630397580263747,0.2321740206897022,0.20412995511293527,79,,,,
W,60,209,2025-08-29,2025-03-10,17,cs_sigma,143,143,True,143,0.5345365186690515,0.32959123728006107,0.20494528138899043,68,,,,
W,60,210,2025-09-08,2025-03-17,17,cs_sigma,143,143,True,143,0.8736079971152003,0.039233815591735506,0.8343741815234648,64,,,,
W,60,211,2025-09-15,2025-03-24,17,cs_sigma,143,143,True,143,0.8485555643050179,-0.14393133326850976,0.9924868975735277,61,,,,
W,60,212,2025-09-22,2025-03-31,17,cs_sigma,143,143,True,143,0.9973262082538839,-0.1047384854667846,1.1020646937206684,65,,,,
W,60,213,2025-09-29,2025-04-07,17,cs_sigma,143,143,True,143,1.1663019995565123,0.552134707698684,0.6141672918578283,81,,,,
W,60,214,2025-10-06,2025-04-14,17,cs_sigma,144,143,True,143,1.3030038086543254,0.4971731403081053,0.8058306683462202,81,,,,
W,60,215,2025-10-13,2025-04-22,17,cs_sigma,144,143,True,143,1.1981067017702307,0.2303102124921466,0.9677964892780841,97,,,,
W,60,216,2025-10-20,2025-04-29,18,cs_sigma,144,143,True,143,1.2957328760916937,-0.4601923456459885,1.7559252217376822,73,,,,
W,60,217,2025-10-27,2025-05-06,18,cs_sigma,144,143,True,143,1.1961308936009365,0.060167842192806534,1.13596305140813,67,,,,
W,60,218,2025-11-03,2025-05-13,18,cs_sigma,144,143,True,143,1.120490380141435,0.360929081101235,0.7595612990402,67,,,,
W,60,219,2025-11-10,2025-05-20,18,cs_sigma,144,143,True,143,0.4206893841923481,-0.14127690910881505,0.5619662933011631,60,,,,
W,60,220,2025-11-17,2025-05-28,18,cs_sigma,144,143,True,143,0.7827767006131692,0.19444948809202434,0.5883272125211448,59,,,,
W,60,221,2025-11-24,2025-06-04,18,cs_sigma,144,143,True,143,0.5381386044933975,0.32266028667656604,0.2154783178168314,64,,,,
W,60,222,2025-12-02,2025-06-11,18,cs_sigma,144,143,True,143,1.071204270546021,0.2949318100265713,0.7762724605194496,37,,,,
W,60,223,2025-12-09,2025-06-18,18,cs_sigma,144,143,True,143,0.9378270390436285,0.07576687168099433,0.8620601673626342,64,,,,
W,60,224,2025-12-16,2025-06-26,18,cs_sigma,144,143,True,143,1.205579582763054,0.20167935010790988,1.003900232655144,64,,,,
W,60,225,2025-12-23,2025-07-03,18,cs_sigma,144,143,True,143,0.942764275504909,0.20482253381490084,0.7379417416900083,64,,,,
W,60,226,2025-12-31,2025-07-11,18,cs_sigma,144,143,True,143,0.930389454534985,0.10644717131007056,0.8239422832249145,58,,,,
W,60,227,2026-01-08,2025-07-18,18,cs_sigma,144,143,True,143,1.1383591235340065,0.6628961517360714,0.47546297179793506,73,,,,
W,60,228,2026-01-15,2025-07-25,19,cs_sigma,144,143,True,143,1.188591800545296,0.619524071421923,0.569067729123373,75,,,,
W,60,229,2026-01-23,2025-08-01,19,cs_sigma,144,143,True,143,1.2090257880232675,0.7919634603151037,0.41706232770816387,56,,,,
W,60,230,2026-01-30,2025-08-08,19,cs_sigma,144,143,True,143,1.2008166598525443,0.611014578953701,0.5898020808988432,63,,,,
W,60,231,2026-02-06,2025-08-15,19,cs_sigma,144,143,True,143,0.8143094660156284,0.7334659359132528,0.08084353010237555,53,,,,
