seed,ticker,label
0,AAPL,industrial
0,ABBV,industrial
0,ADBE,ai_chip
0,ADI,finance
0,AEP,real_estate
0,AFRM,software
0,AMAT,healthcare
0,AMD,software
0,AMZN,finance
0,ANET,utility
0,APH,consumer
0,APP,ai_chip
0,ASML,real_estate
0,ATI,industrial
0,AVGO,datacenter_hw
0,AXP,healthcare
0,BA,healthcare
0,BAC,giant_tech
0,BLK,software
0,BMY,industrial
0,BWXT,benchmark
0,C,datacenter_hw
0,CAT,finance
0,CME,industrial
0,CMG,industrial
0,COHR,industrial
0,COIN,industrial
0,COST,utility
0,CRM,software
0,CRWD,datacenter_hw
0,CRWV,consumer
0,CSCO,consumer
0,CVS,industrial
0,CVX,industrial
0,D,ai_chip
0,DDOG,consumer
0,DE,giant_tech
0,DELL,energy
0,DLR,industrial
0,DOCU,energy
0,DUK,giant_tech
0,EME,healthcare
0,EMR,giant_tech
0,EOG,software
0,EQIX,defensive_bonds
0,ESTC,healthcare
0,ETN,software
0,FDX,software
0,FTNT,software
0,GE,datacenter_hw
0,GILD,commodity
0,GLD,consumer
0,GLW,energy
0,GM,finance
0,GOOG,datacenter_hw
0,GRMN,industrial
0,GS,industrial
0,GTLB,datacenter_hw
0,HD,industrial
0,HLT,healthcare
0,HON,industrial
0,HOOD,ai_chip
0,HPE,industrial
0,HUBS,datacenter_hw
0,IBM,utility
0,INTC,consumer
0,INTU,software
0,JNJ,software
0,JPM,datacenter_hw
0,KLAC,energy
0,KMI,utility
0,KO,giant_tech
0,LHX,utility
0,LITE,finance
0,LLY,healthcare
0,LMT,industrial
0,LOW,healthcare
0,LRCX,ai_chip
0,MA,consumer
0,MCD,ai_chip
0,MCHP,giant_tech
0,MDB,software
0,MDT,utility
0,META,ai_chip
0,MMM,consumer
0,MO,consumer
0,MPWR,finance
0,MRK,finance
0,MRVL,consumer
0,MS,software
0,MSFT,ai_chip
0,MU,ai_chip
0,NEE,finance
0,NEM,finance
0,NET,ai_chip
0,NFLX,datacenter_hw
0,NOW,software
0,NVDA,software
0,NVO,ai_chip
0,NVTS,software
0,NXPI,finance
0,OKTA,software
0,ON,healthcare
0,ORCL,finance
0,OXY,ai_chip
0,PANW,healthcare
0,PCTY,ai_chip
0,PG,finance
0,PGR,consumer
0,PH,consumer
0,PLTR,software
0,PM,finance
0,PNC,finance
0,PYPL,telecom
0,QCOM,consumer
0,RBLX,industrial
0,RKLB,giant_tech
0,ROST,industrial
0,RTX,energy
0,SCHW,datacenter_hw
0,SHOP,real_estate
0,SMCI,software
0,SNOW,ai_chip
0,SO,software
0,SOFI,finance
0,SPCX,commodity
0,SPG,software
0,SPOT,finance
0,SPY,industrial
0,T,healthcare
0,TEAM,software
0,TJX,datacenter_hw
0,TLT,finance
0,TMO,ai_chip
0,TSLA,healthcare
0,TSM,finance
0,TXN,industrial
0,UNH,consumer
0,UNP,ai_chip
0,V,datacenter_hw
0,VLO,energy
0,VRT,giant_tech
0,VTR,software
0,WDAY,datacenter_hw
0,WDC,energy
0,WELL,ai_chip
0,WFC,consumer
0,WMB,ai_chip
0,WMT,software
0,XLE,ai_chip
0,XLF,finance
0,XLI,software
0,XLK,datacenter_hw
0,XLU,finance
0,XLV,software
0,XLY,consumer
0,XOM,software
0,ZM,energy
0,ZS,giant_tech
1,AAPL,energy
1,ABBV,giant_tech
1,ADBE,datacenter_hw
1,ADI,finance
1,AEP,finance
1,AFRM,industrial
1,AMAT,finance
1,AMD,software
1,AMZN,industrial
1,ANET,finance
1,APH,healthcare
1,APP,software
1,ASML,industrial
1,ATI,finance
1,AVGO,healthcare
1,AXP,industrial
1,BA,finance
1,BAC,datacenter_hw
1,BLK,energy
1,BMY,consumer
1,BWXT,giant_tech
1,C,finance
1,CAT,datacenter_hw
1,CME,datacenter_hw
1,CMG,industrial
1,COHR,consumer
1,COIN,industrial
1,COST,software
1,CRM,real_estate
1,CRWD,datacenter_hw
1,CRWV,utility
1,CSCO,finance
1,CVS,software
1,CVX,healthcare
1,D,software
1,DDOG,real_estate
1,DE,healthcare
1,DELL,utility
1,DLR,ai_chip
1,DOCU,healthcare
1,DUK,software
1,EME,datacenter_hw
1,EMR,ai_chip
1,EOG,finance
1,EQIX,giant_tech
1,ESTC,software
1,ETN,ai_chip
1,FDX,giant_tech
1,FTNT,finance
1,GE,industrial
1,GILD,ai_chip
1,GLD,consumer
1,GLW,datacenter_hw
1,GM,software
1,GOOG,finance
1,GRMN,finance
1,GS,utility
1,GTLB,consumer
1,HD,healthcare
1,HLT,consumer
1,HON,utility
1,HOOD,industrial
1,HPE,consumer
1,HUBS,finance
1,IBM,giant_tech
1,INTC,software
1,INTU,finance
1,JNJ,energy
1,JPM,software
1,KLAC,industrial
1,KMI,software
1,KO,consumer
1,LHX,finance
1,LITE,software
1,LLY,finance
1,LMT,energy
1,LOW,ai_chip
1,LRCX,finance
1,MA,consumer
1,MCD,ai_chip
1,MCHP,software
1,MDB,datacenter_hw
1,MDT,industrial
1,META,software
1,MMM,software
1,MO,consumer
1,MPWR,healthcare
1,MRK,industrial
1,MRVL,software
1,MS,datacenter_hw
1,MSFT,giant_tech
1,MU,finance
1,NEE,software
1,NEM,software
1,NET,giant_tech
1,NFLX,utility
1,NOW,finance
1,NVDA,consumer
1,NVO,ai_chip
1,NVTS,ai_chip
1,NXPI,healthcare
1,OKTA,ai_chip
1,ON,ai_chip
1,ORCL,ai_chip
1,OXY,datacenter_hw
1,PANW,consumer
1,PCTY,real_estate
1,PG,healthcare
1,PGR,healthcare
1,PH,ai_chip
1,PLTR,giant_tech
1,PM,benchmark
1,PNC,software
1,PYPL,finance
1,QCOM,energy
1,RBLX,ai_chip
1,RKLB,energy
1,ROST,datacenter_hw
1,RTX,industrial
1,SCHW,industrial
1,SHOP,software
1,SMCI,datacenter_hw
1,SNOW,datacenter_hw
1,SO,software
1,SOFI,utility
1,SPCX,datacenter_hw
1,SPG,ai_chip
1,SPOT,software
1,SPY,industrial
1,T,giant_tech
1,TEAM,ai_chip
1,TJX,industrial
1,TLT,ai_chip
1,TMO,software
1,TSLA,industrial
1,TSM,defensive_bonds
1,TXN,consumer
1,UNH,commodity
1,UNP,telecom
1,V,software
1,VLO,ai_chip
1,VRT,energy
1,VTR,consumer
1,WDAY,energy
1,WDC,industrial
1,WELL,consumer
1,WFC,software
1,WMB,industrial
1,WMT,consumer
1,XLE,healthcare
1,XLF,healthcare
1,XLI,software
1,XLK,industrial
1,XLU,consumer
1,XLV,commodity
1,XLY,industrial
1,XOM,ai_chip
1,ZM,industrial
1,ZS,ai_chip
2,AAPL,commodity
2,ABBV,ai_chip
2,ADBE,consumer
2,ADI,datacenter_hw
2,AEP,software
2,AFRM,industrial
2,AMAT,finance
2,AMD,software
2,AMZN,telecom
2,ANET,utility
2,APH,consumer
2,APP,software
2,ASML,finance
2,ATI,software
2,AVGO,utility
2,AXP,finance
2,BA,utility
2,BAC,ai_chip
2,BLK,software
2,BMY,ai_chip
2,BWXT,finance
2,C,healthcare
2,CAT,industrial
2,CME,software
2,CMG,software
2,COHR,industrial
2,COIN,healthcare
2,COST,healthcare
2,CRM,healthcare
2,CRWD,industrial
2,CRWV,utility
2,CSCO,real_estate
2,CVS,consumer
2,CVX,giant_tech
2,D,energy
2,DDOG,finance
2,DE,healthcare
2,DELL,real_estate
2,DLR,finance
2,DOCU,consumer
2,DUK,software
2,EME,finance
2,EMR,software
2,EOG,consumer
2,EQIX,utility
2,ESTC,ai_chip
2,ETN,finance
2,FDX,ai_chip
2,FTNT,giant_tech
2,GE,energy
2,GILD,finance
2,GLD,finance
2,GLW,datacenter_hw
2,GM,ai_chip
2,GOOG,ai_chip
2,GRMN,finance
2,GS,energy
2,GTLB,finance
2,HD,industrial
2,HLT,software
2,HON,industrial
2,HOOD,industrial
2,HPE,consumer
2,HUBS,energy
2,IBM,ai_chip
2,INTC,finance
2,INTU,ai_chip
2,JNJ,datacenter_hw
2,JPM,healthcare
2,KLAC,ai_chip
2,KMI,industrial
2,KO,finance
2,LHX,energy
2,LITE,consumer
2,LLY,healthcare
2,LMT,real_estate
2,LOW,industrial
2,LRCX,giant_tech
2,MA,software
2,MCD,datacenter_hw
2,MCHP,ai_chip
2,MDB,industrial
2,MDT,datacenter_hw
2,META,datacenter_hw
2,MMM,giant_tech
2,MO,energy
2,MPWR,software
2,MRK,ai_chip
2,MRVL,consumer
2,MS,healthcare
2,MSFT,utility
2,MU,software
2,NEE,giant_tech
2,NEM,giant_tech
2,NET,industrial
2,NFLX,finance
2,NOW,finance
2,NVDA,datacenter_hw
2,NVO,software
2,NVTS,finance
2,NXPI,software
2,OKTA,software
2,ON,software
2,ORCL,ai_chip
2,OXY,healthcare
2,PANW,commodity
2,PCTY,consumer
2,PG,software
2,PGR,consumer
2,PH,ai_chip
2,PLTR,healthcare
2,PM,energy
2,PNC,datacenter_hw
2,PYPL,healthcare
2,QCOM,industrial
2,RBLX,datacenter_hw
2,RKLB,finance
2,ROST,giant_tech
2,RTX,consumer
2,SCHW,finance
2,SHOP,software
2,SMCI,consumer
2,SNOW,industrial
2,SO,defensive_bonds
2,SOFI,software
2,SPCX,consumer
2,SPG,industrial
2,SPOT,ai_chip
2,SPY,giant_tech
2,T,energy
2,TEAM,benchmark
2,TJX,industrial
2,TLT,consumer
2,TMO,datacenter_hw
2,TSLA,software
2,TSM,industrial
2,TXN,industrial
2,UNH,software
2,UNP,consumer
2,V,consumer
2,VLO,industrial
2,VRT,ai_chip
2,VTR,ai_chip
2,WDAY,software
2,WDC,industrial
2,WELL,healthcare
2,WFC,software
2,WMB,datacenter_hw
2,WMT,software
2,XLE,industrial
2,XLF,finance
2,XLI,giant_tech
2,XLK,software
2,XLU,datacenter_hw
2,XLV,datacenter_hw
2,XLY,datacenter_hw
2,XOM,ai_chip
2,ZM,ai_chip
2,ZS,industrial
3,AAPL,consumer
3,ABBV,utility
3,ADBE,telecom
3,ADI,consumer
3,AEP,finance
3,AFRM,consumer
3,AMAT,software
3,AMD,healthcare
3,AMZN,ai_chip
3,ANET,finance
3,APH,software
3,APP,software
3,ASML,ai_chip
3,ATI,consumer
3,AVGO,industrial
3,AXP,finance
3,BA,software
3,BAC,industrial
3,BLK,commodity
3,BMY,consumer
3,BWXT,consumer
3,C,healthcare
3,CAT,software
3,CME,ai_chip
3,CMG,datacenter_hw
3,COHR,industrial
3,COIN,ai_chip
3,COST,industrial
3,CRM,energy
3,CRWD,industrial
3,CRWV,consumer
3,CSCO,finance
3,CVS,healthcare
3,CVX,software
3,D,finance
3,DDOG,ai_chip
3,DE,software
3,DELL,software
3,DLR,energy
3,DOCU,healthcare
3,DUK,healthcare
3,EME,commodity
3,EMR,healthcare
3,EOG,industrial
3,EQIX,ai_chip
3,ESTC,utility
3,ETN,finance
3,FDX,real_estate
3,FTNT,utility
3,GE,datacenter_hw
3,GILD,software
3,GLD,giant_tech
3,GLW,software
3,GM,datacenter_hw
3,GOOG,industrial
3,GRMN,industrial
3,GS,software
3,GTLB,industrial
3,HD,software
3,HLT,software
3,HON,giant_tech
3,HOOD,finance
3,HPE,giant_tech
3,HUBS,ai_chip
3,IBM,datacenter_hw
3,INTC,ai_chip
3,INTU,benchmark
3,JNJ,software
3,JPM,finance
3,KLAC,datacenter_hw
3,KMI,ai_chip
3,KO,software
3,LHX,finance
3,LITE,ai_chip
3,LLY,software
3,LMT,software
3,LOW,finance
3,LRCX,giant_tech
3,MA,industrial
3,MCD,healthcare
3,MCHP,industrial
3,MDB,datacenter_hw
3,MDT,finance
3,META,software
3,MMM,finance
3,MO,consumer
3,MPWR,finance
3,MRK,ai_chip
3,MRVL,industrial
3,MS,datacenter_hw
3,MSFT,energy
3,MU,ai_chip
3,NEE,software
3,NEM,utility
3,NET,datacenter_hw
3,NFLX,energy
3,NOW,healthcare
3,NVDA,industrial
3,NVO,defensive_bonds
3,NVTS,ai_chip
3,NXPI,giant_tech
3,OKTA,giant_tech
3,ON,industrial
3,ORCL,healthcare
3,OXY,industrial
3,PANW,energy
3,PCTY,consumer
3,PG,datacenter_hw
3,PGR,real_estate
3,PH,finance
3,PLTR,software
3,PM,consumer
3,PNC,datacenter_hw
3,PYPL,software
3,QCOM,consumer
3,RBLX,software
3,RKLB,finance
3,ROST,ai_chip
3,RTX,datacenter_hw
3,SCHW,consumer
3,SHOP,consumer
3,SMCI,industrial
3,SNOW,real_estate
3,SO,datacenter_hw
3,SOFI,software
3,SPCX,finance
3,SPG,giant_tech
3,SPOT,software
3,SPY,finance
3,T,industrial
3,TEAM,consumer
3,TJX,software
3,TLT,finance
3,TMO,industrial
3,TSLA,utility
3,TSM,ai_chip
3,TXN,consumer
3,UNH,datacenter_hw
3,UNP,utility
3,V,healthcare
3,VLO,ai_chip
3,VRT,industrial
3,VTR,ai_chip
3,WDAY,industrial
3,WDC,giant_tech
3,WELL,healthcare
3,WFC,healthcare
3,WMB,energy
3,WMT,energy
3,XLE,finance
3,XLF,consumer
3,XLI,ai_chip
3,XLK,datacenter_hw
3,XLU,ai_chip
3,XLV,software
3,XLY,industrial
3,XOM,giant_tech
3,ZM,finance
3,ZS,energy
4,AAPL,giant_tech
4,ABBV,consumer
4,ADBE,ai_chip
4,ADI,software
4,AEP,ai_chip
4,AFRM,ai_chip
4,AMAT,datacenter_hw
4,AMD,consumer
4,AMZN,finance
4,ANET,ai_chip
4,APH,industrial
4,APP,software
4,ASML,energy
4,ATI,finance
4,AVGO,software
4,AXP,datacenter_hw
4,BA,giant_tech
4,BAC,telecom
4,BLK,energy
4,BMY,software
4,BWXT,software
4,C,healthcare
4,CAT,software
4,CME,industrial
4,CMG,industrial
4,COHR,datacenter_hw
4,COIN,industrial
4,COST,industrial
4,CRM,datacenter_hw
4,CRWD,ai_chip
4,CRWV,consumer
4,CSCO,consumer
4,CVS,industrial
4,CVX,industrial
4,D,ai_chip
4,DDOG,software
4,DE,finance
4,DELL,datacenter_hw
4,DLR,finance
4,DOCU,utility
4,DUK,software
4,EME,software
4,EMR,software
4,EOG,healthcare
4,EQIX,industrial
4,ESTC,software
4,ETN,benchmark
4,FDX,healthcare
4,FTNT,healthcare
4,GE,industrial
4,GILD,industrial
4,GLD,energy
4,GLW,ai_chip
4,GM,software
4,GOOG,datacenter_hw
4,GRMN,consumer
4,GS,datacenter_hw
4,GTLB,software
4,HD,consumer
4,HLT,industrial
4,HON,industrial
4,HOOD,ai_chip
4,HPE,commodity
4,HUBS,real_estate
4,IBM,energy
4,INTC,software
4,INTU,consumer
4,JNJ,giant_tech
4,JPM,giant_tech
4,KLAC,consumer
4,KMI,industrial
4,KO,software
4,LHX,finance
4,LITE,healthcare
4,LLY,datacenter_hw
4,LMT,ai_chip
4,LOW,software
4,LRCX,utility
4,MA,datacenter_hw
4,MCD,finance
4,MCHP,consumer
4,MDB,software
4,MDT,utility
4,META,industrial
4,MMM,software
4,MO,finance
4,MPWR,finance
4,MRK,energy
4,MRVL,consumer
4,MS,finance
4,MSFT,ai_chip
4,MU,consumer
4,NEE,software
4,NEM,datacenter_hw
4,NET,consumer
4,NFLX,finance
4,NOW,energy
4,NVDA,software
4,NVO,software
4,NVTS,finance
4,NXPI,healthcare
4,OKTA,healthcare
4,ON,healthcare
4,ORCL,finance
4,OXY,finance
4,PANW,ai_chip
4,PCTY,datacenter_hw
4,PG,ai_chip
4,PGR,finance
4,PH,industrial
4,PLTR,ai_chip
4,PM,ai_chip
4,PNC,ai_chip
4,PYPL,finance
4,QCOM,industrial
4,RBLX,energy
4,RKLB,giant_tech
4,ROST,commodity
4,RTX,consumer
4,SCHW,healthcare
4,SHOP,software
4,SMCI,finance
4,SNOW,healthcare
4,SO,giant_tech
4,SOFI,consumer
4,SPCX,healthcare
4,SPG,ai_chip
4,SPOT,energy
4,SPY,finance
4,T,giant_tech
4,TEAM,finance
4,TJX,healthcare
4,TLT,industrial
4,TMO,ai_chip
4,TSLA,consumer
4,TSM,industrial
4,TXN,consumer
4,UNH,software
4,UNP,software
4,V,datacenter_hw
4,VLO,utility
4,VRT,industrial
4,VTR,real_estate
4,WDAY,software
4,WDC,datacenter_hw
4,WELL,industrial
4,WFC,ai_chip
4,WMB,datacenter_hw
4,WMT,giant_tech
4,XLE,industrial
4,XLF,finance
4,XLI,real_estate
4,XLK,utility
4,XLU,utility
4,XLV,ai_chip
4,XLY,software
4,XOM,giant_tech
4,ZM,defensive_bonds
4,ZS,finance
5,AAPL,industrial
5,ABBV,software
5,ADBE,ai_chip
5,ADI,healthcare
5,AEP,energy
5,AFRM,giant_tech
5,AMAT,ai_chip
5,AMD,software
5,AMZN,industrial
5,ANET,finance
5,APH,datacenter_hw
5,APP,utility
5,ASML,ai_chip
5,ATI,utility
5,AVGO,utility
5,AXP,giant_tech
5,BA,finance
5,BAC,healthcare
5,BLK,consumer
5,BMY,energy
5,BWXT,benchmark
5,C,giant_tech
5,CAT,finance
5,CME,datacenter_hw
5,CMG,software
5,COHR,industrial
5,COIN,finance
5,COST,energy
5,CRM,consumer
5,CRWD,finance
5,CRWV,finance
5,CSCO,consumer
5,CVS,datacenter_hw
5,CVX,commodity
5,D,defensive_bonds
5,DDOG,real_estate
5,DE,software
5,DELL,finance
5,DLR,software
5,DOCU,software
5,DUK,consumer
5,EME,datacenter_hw
5,EMR,ai_chip
5,EOG,energy
5,EQIX,ai_chip
5,ESTC,industrial
5,ETN,ai_chip
5,FDX,ai_chip
5,FTNT,industrial
5,GE,energy
5,GILD,industrial
5,GLD,giant_tech
5,GLW,consumer
5,GM,software
5,GOOG,ai_chip
5,GRMN,industrial
5,GS,datacenter_hw
5,GTLB,healthcare
5,HD,consumer
5,HLT,software
5,HON,software
5,HOOD,software
5,HPE,consumer
5,HUBS,ai_chip
5,IBM,giant_tech
5,INTC,datacenter_hw
5,INTU,consumer
5,JNJ,consumer
5,JPM,software
5,KLAC,industrial
5,KMI,healthcare
5,KO,giant_tech
5,LHX,utility
5,LITE,finance
5,LLY,software
5,LMT,healthcare
5,LOW,ai_chip
5,LRCX,finance
5,MA,industrial
5,MCD,consumer
5,MCHP,datacenter_hw
5,MDB,finance
5,MDT,datacenter_hw
5,META,datacenter_hw
5,MMM,software
5,MO,ai_chip
5,MPWR,consumer
5,MRK,software
5,MRVL,ai_chip
5,MS,industrial
5,MSFT,industrial
5,MU,ai_chip
5,NEE,software
5,NEM,industrial
5,NET,industrial
5,NFLX,finance
5,NOW,energy
5,NVDA,finance
5,NVO,ai_chip
5,NVTS,industrial
5,NXPI,real_estate
5,OKTA,industrial
5,ON,healthcare
5,ORCL,utility
5,OXY,software
5,PANW,energy
5,PCTY,ai_chip
5,PG,software
5,PGR,datacenter_hw
5,PH,healthcare
5,PLTR,finance
5,PM,consumer
5,PNC,industrial
5,PYPL,giant_tech
5,QCOM,finance
5,RBLX,finance
5,RKLB,ai_chip
5,ROST,software
5,RTX,finance
5,SCHW,utility
5,SHOP,healthcare
5,SMCI,software
5,SNOW,ai_chip
5,SO,ai_chip
5,SOFI,finance
5,SPCX,healthcare
5,SPG,datacenter_hw
5,SPOT,industrial
5,SPY,industrial
5,T,software
5,TEAM,consumer
5,TJX,consumer
5,TLT,commodity
5,TMO,finance
5,TSLA,software
5,TSM,datacenter_hw
5,TXN,consumer
5,UNH,real_estate
5,UNP,giant_tech
5,V,ai_chip
5,VLO,software
5,VRT,energy
5,VTR,healthcare
5,WDAY,software
5,WDC,giant_tech
5,WELL,finance
5,WFC,industrial
5,WMB,software
5,WMT,consumer
5,XLE,telecom
5,XLF,datacenter_hw
5,XLI,healthcare
5,XLK,healthcare
5,XLU,software
5,XLV,industrial
5,XLY,finance
5,XOM,industrial
5,ZM,software
5,ZS,datacenter_hw
6,AAPL,datacenter_hw
6,ABBV,industrial
6,ADBE,datacenter_hw
6,ADI,ai_chip
6,AEP,finance
6,AFRM,software
6,AMAT,industrial
6,AMD,utility
6,AMZN,datacenter_hw
6,ANET,software
6,APH,ai_chip
6,APP,datacenter_hw
6,ASML,real_estate
6,ATI,consumer
6,AVGO,giant_tech
6,AXP,finance
6,BA,software
6,BAC,ai_chip
6,BLK,consumer
6,BMY,software
6,BWXT,finance
6,C,benchmark
6,CAT,consumer
6,CME,commodity
6,CMG,consumer
6,COHR,ai_chip
6,COIN,finance
6,COST,ai_chip
6,CRM,software
6,CRWD,ai_chip
6,CRWV,finance
6,CSCO,giant_tech
6,CVS,datacenter_hw
6,CVX,finance
6,D,software
6,DDOG,healthcare
6,DE,healthcare
6,DELL,utility
6,DLR,industrial
6,DOCU,finance
6,DUK,consumer
6,EME,energy
6,EMR,software
6,EOG,ai_chip
6,EQIX,consumer
6,ESTC,defensive_bonds
6,ETN,telecom
6,FDX,utility
6,FTNT,datacenter_hw
6,GE,finance
6,GILD,consumer
6,GLD,energy
6,GLW,healthcare
6,GM,ai_chip
6,GOOG,ai_chip
6,GRMN,ai_chip
6,GS,healthcare
6,GTLB,finance
6,HD,ai_chip
6,HLT,ai_chip
6,HON,software
6,HOOD,giant_tech
6,HPE,finance
6,HUBS,giant_tech
6,IBM,commodity
6,INTC,datacenter_hw
6,INTU,energy
6,JNJ,software
6,JPM,industrial
6,KLAC,software
6,KMI,giant_tech
6,KO,finance
6,LHX,software
6,LITE,ai_chip
6,LLY,healthcare
6,LMT,datacenter_hw
6,LOW,healthcare
6,LRCX,industrial
6,MA,healthcare
6,MCD,finance
6,MCHP,utility
6,MDB,software
6,MDT,consumer
6,META,utility
6,MMM,giant_tech
6,MO,finance
6,MPWR,datacenter_hw
6,MRK,energy
6,MRVL,consumer
6,MS,datacenter_hw
6,MSFT,consumer
6,MU,software
6,NEE,industrial
6,NEM,energy
6,NET,consumer
6,NFLX,finance
6,NOW,industrial
6,NVDA,datacenter_hw
6,NVO,industrial
6,NVTS,finance
6,NXPI,finance
6,OKTA,datacenter_hw
6,ON,finance
6,ORCL,ai_chip
6,OXY,software
6,PANW,software
6,PCTY,consumer
6,PG,industrial
6,PGR,giant_tech
6,PH,software
6,PLTR,healthcare
6,PM,ai_chip
6,PNC,consumer
6,PYPL,industrial
6,QCOM,software
6,RBLX,software
6,RKLB,industrial
6,ROST,software
6,RTX,software
6,SCHW,giant_tech
6,SHOP,healthcare
6,SMCI,industrial
6,SNOW,industrial
6,SO,consumer
6,SOFI,software
6,SPCX,industrial
6,SPG,software
6,SPOT,healthcare
6,SPY,datacenter_hw
6,T,finance
6,TEAM,industrial
6,TJX,energy
6,TLT,consumer
6,TMO,software
6,TSLA,ai_chip
6,TSM,industrial
6,TXN,giant_tech
6,UNH,healthcare
6,UNP,software
6,V,ai_chip
6,VLO,finance
6,VRT,ai_chip
6,VTR,energy
6,WDAY,energy
6,WDC,utility
6,WELL,industrial
6,WFC,software
6,WMB,finance
6,WMT,consumer
6,XLE,real_estate
6,XLF,industrial
6,XLI,datacenter_hw
6,XLK,industrial
6,XLU,industrial
6,XLV,industrial
6,XLY,healthcare
6,XOM,software
6,ZM,ai_chip
6,ZS,real_estate
7,AAPL,energy
7,ABBV,software
7,ADBE,ai_chip
7,ADI,ai_chip
7,AEP,defensive_bonds
7,AFRM,telecom
7,AMAT,software
7,AMD,ai_chip
7,AMZN,software
7,ANET,energy
7,APH,benchmark
7,APP,consumer
7,ASML,software
7,ATI,utility
7,AVGO,consumer
7,AXP,giant_tech
7,BA,energy
7,BAC,utility
7,BLK,software
7,BMY,healthcare
7,BWXT,real_estate
7,C,consumer
7,CAT,giant_tech
7,CME,software
7,CMG,ai_chip
7,COHR,industrial
7,COIN,consumer
7,COST,giant_tech
7,CRM,ai_chip
7,CRWD,industrial
7,CRWV,industrial
7,CSCO,software
7,CVS,consumer
7,CVX,ai_chip
7,D,giant_tech
7,DDOG,industrial
7,DE,software
7,DELL,utility
7,DLR,ai_chip
7,DOCU,industrial
7,DUK,finance
7,EME,ai_chip
7,EMR,healthcare
7,EOG,datacenter_hw
7,EQIX,finance
7,ESTC,industrial
7,ETN,healthcare
7,FDX,industrial
7,FTNT,commodity
7,GE,ai_chip
7,GILD,software
7,GLD,commodity
7,GLW,datacenter_hw
7,GM,giant_tech
7,GOOG,industrial
7,GRMN,industrial
7,GS,healthcare
7,GTLB,datacenter_hw
7,HD,healthcare
7,HLT,utility
7,HON,utility
7,HOOD,software
7,HPE,consumer
7,HUBS,finance
7,IBM,industrial
7,INTC,datacenter_hw
7,INTU,ai_chip
7,JNJ,finance
7,JPM,finance
7,KLAC,finance
7,KMI,healthcare
7,KO,healthcare
7,LHX,finance
7,LITE,consumer
7,LLY,datacenter_hw
7,LMT,industrial
7,LOW,ai_chip
7,LRCX,consumer
7,MA,datacenter_hw
7,MCD,ai_chip
7,MCHP,energy
7,MDB,consumer
7,MDT,finance
7,META,ai_chip
7,MMM,software
7,MO,finance
7,MPWR,healthcare
7,MRK,finance
7,MRVL,finance
7,MS,consumer
7,MSFT,ai_chip
7,MU,datacenter_hw
7,NEE,industrial
7,NEM,finance
7,NET,industrial
7,NFLX,ai_chip
7,NOW,industrial
7,NVDA,finance
7,NVO,healthcare
7,NVTS,consumer
7,NXPI,software
7,OKTA,software
7,ON,industrial
7,ORCL,finance
7,OXY,software
7,PANW,giant_tech
7,PCTY,utility
7,PG,real_estate
7,PGR,energy
7,PH,consumer
7,PLTR,industrial
7,PM,software
7,PNC,software
7,PYPL,datacenter_hw
7,QCOM,consumer
7,RBLX,giant_tech
7,RKLB,software
7,ROST,real_estate
7,RTX,finance
7,SCHW,giant_tech
7,SHOP,industrial
7,SMCI,finance
7,SNOW,ai_chip
7,SO,datacenter_hw
7,SOFI,industrial
7,SPCX,industrial
7,SPG,finance
7,SPOT,datacenter_hw
7,SPY,software
7,T,consumer
7,TEAM,software
7,TJX,industrial
7,TLT,energy
7,TMO,ai_chip
7,TSLA,software
7,TSM,healthcare
7,TXN,consumer
7,UNH,ai_chip
7,UNP,finance
7,V,consumer
7,VLO,software
7,VRT,datacenter_hw
7,VTR,software
7,WDAY,datacenter_hw
7,WDC,healthcare
7,WELL,software
7,WFC,industrial
7,WMB,energy
7,WMT,software
7,XLE,software
7,XLF,datacenter_hw
7,XLI,finance
7,XLK,datacenter_hw
7,XLU,ai_chip
7,XLV,software
7,XLY,giant_tech
7,XOM,healthcare
7,ZM,energy
7,ZS,finance
8,AAPL,software
8,ABBV,giant_tech
8,ADBE,consumer
8,ADI,software
8,AEP,consumer
8,AFRM,datacenter_hw
8,AMAT,industrial
8,AMD,software
8,AMZN,industrial
8,ANET,industrial
8,APH,software
8,APP,software
8,ASML,consumer
8,ATI,software
8,AVGO,software
8,AXP,datacenter_hw
8,BA,software
8,BAC,datacenter_hw
8,BLK,software
8,BMY,industrial
8,BWXT,software
8,C,software
8,CAT,utility
8,CME,ai_chip
8,CMG,industrial
8,COHR,industrial
8,COIN,giant_tech
8,COST,giant_tech
8,CRM,ai_chip
8,CRWD,consumer
8,CRWV,finance
8,CSCO,energy
8,CVS,ai_chip
8,CVX,software
8,D,industrial
8,DDOG,benchmark
8,DE,defensive_bonds
8,DELL,datacenter_hw
8,DLR,consumer
8,DOCU,healthcare
8,DUK,ai_chip
8,EME,consumer
8,EMR,ai_chip
8,EOG,ai_chip
8,EQIX,ai_chip
8,ESTC,healthcare
8,ETN,ai_chip
8,FDX,software
8,FTNT,healthcare
8,GE,healthcare
8,GILD,datacenter_hw
8,GLD,finance
8,GLW,healthcare
8,GM,finance
8,GOOG,industrial
8,GRMN,real_estate
8,GS,software
8,GTLB,finance
8,HD,software
8,HLT,finance
8,HON,utility
8,HOOD,telecom
8,HPE,ai_chip
8,HUBS,industrial
8,IBM,datacenter_hw
8,INTC,energy
8,INTU,finance
8,JNJ,industrial
8,JPM,utility
8,KLAC,utility
8,KMI,finance
8,KO,finance
8,LHX,giant_tech
8,LITE,energy
8,LLY,finance
8,LMT,finance
8,LOW,industrial
8,LRCX,ai_chip
8,MA,giant_tech
8,MCD,ai_chip
8,MCHP,finance
8,MDB,finance
8,MDT,consumer
8,META,datacenter_hw
8,MMM,real_estate
8,MO,industrial
8,MPWR,healthcare
8,MRK,healthcare
8,MRVL,finance
8,MS,energy
8,MSFT,commodity
8,MU,consumer
8,NEE,datacenter_hw
8,NEM,ai_chip
8,NET,ai_chip
8,NFLX,datacenter_hw
8,NOW,finance
8,NVDA,software
8,NVO,giant_tech
8,NVTS,finance
8,NXPI,real_estate
8,OKTA,energy
8,ON,ai_chip
8,ORCL,software
8,OXY,finance
8,PANW,software
8,PCTY,giant_tech
8,PG,software
8,PGR,industrial
8,PH,consumer
8,PLTR,software
8,PM,ai_chip
8,PNC,ai_chip
8,PYPL,industrial
8,QCOM,ai_chip
8,RBLX,healthcare
8,RKLB,finance
8,ROST,industrial
8,RTX,utility
8,SCHW,ai_chip
8,SHOP,consumer
8,SMCI,industrial
8,SNOW,finance
8,SO,datacenter_hw
8,SOFI,giant_tech
8,SPCX,consumer
8,SPG,consumer
8,SPOT,industrial
8,SPY,software
8,T,datacenter_hw
8,TEAM,healthcare
8,TJX,industrial
8,TLT,software
8,TMO,datacenter_hw
8,TSLA,commodity
8,TSM,finance
8,TXN,healthcare
8,UNH,software
8,UNP,consumer
8,V,datacenter_hw
8,VLO,utility
8,VRT,industrial
8,VTR,ai_chip
8,WDAY,giant_tech
8,WDC,software
8,WELL,consumer
8,WFC,software
8,WMB,energy
8,WMT,finance
8,XLE,healthcare
8,XLF,energy
8,XLI,healthcare
8,XLK,industrial
8,XLU,consumer
8,XLV,industrial
8,XLY,energy
8,XOM,consumer
8,ZM,datacenter_hw
8,ZS,software
9,AAPL,healthcare
9,ABBV,healthcare
9,ADBE,telecom
9,ADI,software
9,AEP,consumer
9,AFRM,giant_tech
9,AMAT,utility
9,AMD,datacenter_hw
9,AMZN,consumer
9,ANET,giant_tech
9,APH,benchmark
9,APP,utility
9,ASML,ai_chip
9,ATI,healthcare
9,AVGO,ai_chip
9,AXP,software
9,BA,consumer
9,BAC,energy
9,BLK,industrial
9,BMY,software
9,BWXT,consumer
9,C,software
9,CAT,consumer
9,CME,finance
9,CMG,industrial
9,COHR,datacenter_hw
9,COIN,consumer
9,COST,energy
9,CRM,finance
9,CRWD,software
9,CRWV,industrial
9,CSCO,software
9,CVS,finance
9,CVX,industrial
9,D,software
9,DDOG,utility
9,DE,datacenter_hw
9,DELL,energy
9,DLR,healthcare
9,DOCU,software
9,DUK,industrial
9,EME,ai_chip
9,EMR,software
9,EOG,finance
9,EQIX,industrial
9,ESTC,real_estate
9,ETN,finance
9,FDX,healthcare
9,FTNT,finance
9,GE,utility
9,GILD,software
9,GLD,commodity
9,GLW,datacenter_hw
9,GM,datacenter_hw
9,GOOG,industrial
9,GRMN,ai_chip
9,GS,ai_chip
9,GTLB,software
9,HD,software
9,HLT,healthcare
9,HON,industrial
9,HOOD,finance
9,HPE,finance
9,HUBS,datacenter_hw
9,IBM,software
9,INTC,energy
9,INTU,software
9,JNJ,datacenter_hw
9,JPM,finance
9,KLAC,software
9,KMI,finance
9,KO,utility
9,LHX,commodity
9,LITE,software
9,LLY,datacenter_hw
9,LMT,ai_chip
9,LOW,consumer
9,LRCX,consumer
9,MA,industrial
9,MCD,ai_chip
9,MCHP,giant_tech
9,MDB,datacenter_hw
9,MDT,software
9,META,ai_chip
9,MMM,consumer
9,MO,healthcare
9,MPWR,industrial
9,MRK,software
9,MRVL,software
9,MS,industrial
9,MSFT,real_estate
9,MU,industrial
9,NEE,industrial
9,NEM,finance
9,NET,finance
9,NFLX,ai_chip
9,NOW,ai_chip
9,NVDA,consumer
9,NVO,healthcare
9,NVTS,consumer
9,NXPI,ai_chip
9,OKTA,energy
9,ON,datacenter_hw
9,ORCL,ai_chip
9,OXY,software
9,PANW,ai_chip
9,PCTY,energy
9,PG,finance
9,PGR,software
9,PH,giant_tech
9,PLTR,real_estate
9,PM,finance
9,PNC,utility
9,PYPL,consumer
9,QCOM,software
9,RBLX,defensive_bonds
9,RKLB,industrial
9,ROST,datacenter_hw
9,RTX,giant_tech
9,SCHW,industrial
9,SHOP,ai_chip
9,SMCI,datacenter_hw
9,SNOW,ai_chip
9,SO,healthcare
9,SOFI,industrial
9,SPCX,ai_chip
9,SPG,software
9,SPOT,software
9,SPY,software
9,T,giant_tech
9,TEAM,finance
9,TJX,software
9,TLT,energy
9,TMO,industrial
9,TSLA,consumer
9,TSM,finance
9,TXN,ai_chip
9,UNH,ai_chip
9,UNP,datacenter_hw
9,V,datacenter_hw
9,VLO,industrial
9,VRT,healthcare
9,VTR,giant_tech
9,WDAY,finance
9,WDC,consumer
9,WELL,consumer
9,WFC,industrial
9,WMB,industrial
9,WMT,industrial
9,XLE,finance
9,XLF,consumer
9,XLI,giant_tech
9,XLK,giant_tech
9,XLU,finance
9,XLV,healthcare
9,XLY,ai_chip
9,XOM,finance
9,ZM,healthcare
9,ZS,energy
10,AAPL,consumer
10,ABBV,ai_chip
10,ADBE,healthcare
10,ADI,energy
10,AEP,software
10,AFRM,software
10,AMAT,ai_chip
10,AMD,software
10,AMZN,datacenter_hw
10,ANET,software
10,APH,software
10,APP,consumer
10,ASML,industrial
10,ATI,commodity
10,AVGO,datacenter_hw
10,AXP,consumer
10,BA,healthcare
10,BAC,ai_chip
10,BLK,benchmark
10,BMY,real_estate
10,BWXT,ai_chip
10,C,industrial
10,CAT,energy
10,CME,energy
10,CMG,software
10,COHR,industrial
10,COIN,finance
10,COST,commodity
10,CRM,consumer
10,CRWD,utility
10,CRWV,healthcare
10,CSCO,software
10,CVS,ai_chip
10,CVX,software
10,D,finance
10,DDOG,software
10,DE,industrial
10,DELL,datacenter_hw
10,DLR,giant_tech
10,DOCU,finance
10,DUK,consumer
10,EME,datacenter_hw
10,EMR,finance
10,EOG,industrial
10,EQIX,software
10,ESTC,real_estate
10,ETN,industrial
10,FDX,finance
10,FTNT,software
10,GE,datacenter_hw
10,GILD,energy
10,GLD,energy
10,GLW,finance
10,GM,industrial
10,GOOG,industrial
10,GRMN,software
10,GS,software
10,GTLB,industrial
10,HD,utility
10,HLT,healthcare
10,HON,finance
10,HOOD,ai_chip
10,HPE,industrial
10,HUBS,industrial
10,IBM,consumer
10,INTC,software
10,INTU,defensive_bonds
10,JNJ,finance
10,JPM,healthcare
10,KLAC,giant_tech
10,KMI,software
10,KO,consumer
10,LHX,software
10,LITE,industrial
10,LLY,finance
10,LMT,software
10,LOW,ai_chip
10,LRCX,utility
10,MA,software
10,MCD,software
10,MCHP,finance
10,MDB,ai_chip
10,MDT,consumer
10,META,software
10,MMM,datacenter_hw
10,MO,industrial
10,MPWR,datacenter_hw
10,MRK,healthcare
10,MRVL,datacenter_hw
10,MS,consumer
10,MSFT,healthcare
10,MU,giant_tech
10,NEE,ai_chip
10,NEM,energy
10,NET,datacenter_hw
10,NFLX,datacenter_hw
10,NOW,software
10,NVDA,industrial
10,NVO,giant_tech
10,NVTS,ai_chip
10,NXPI,consumer
10,OKTA,ai_chip
10,ON,consumer
10,ORCL,finance
10,OXY,industrial
10,PANW,utility
10,PCTY,consumer
10,PG,energy
10,PGR,finance
10,PH,finance
10,PLTR,utility
10,PM,healthcare
10,PNC,software
10,PYPL,healthcare
10,QCOM,consumer
10,RBLX,finance
10,RKLB,healthcare
10,ROST,ai_chip
10,RTX,finance
10,SCHW,datacenter_hw
10,SHOP,ai_chip
10,SMCI,giant_tech
10,SNOW,industrial
10,SO,industrial
10,SOFI,finance
10,SPCX,software
10,SPG,industrial
10,SPOT,finance
10,SPY,ai_chip
10,T,software
10,TEAM,consumer
10,TJX,telecom
10,TLT,datacenter_hw
10,TMO,ai_chip
10,TSLA,giant_tech
10,TSM,giant_tech
10,TXN,consumer
10,UNH,healthcare
10,UNP,ai_chip
10,V,giant_tech
10,VLO,industrial
10,VRT,finance
10,VTR,ai_chip
10,WDAY,ai_chip
10,WDC,industrial
10,WELL,utility
10,WFC,industrial
10,WMB,ai_chip
10,WMT,healthcare
10,XLE,datacenter_hw
10,XLF,real_estate
10,XLI,software
10,XLK,finance
10,XLU,energy
10,XLV,consumer
10,XLY,finance
10,XOM,datacenter_hw
10,ZM,software
10,ZS,giant_tech
11,AAPL,software
11,ABBV,real_estate
11,ADBE,software
11,ADI,finance
11,AEP,datacenter_hw
11,AFRM,software
11,AMAT,finance
11,AMD,utility
11,AMZN,consumer
11,ANET,benchmark
11,APH,energy
11,APP,consumer
11,ASML,industrial
11,ATI,healthcare
11,AVGO,software
11,AXP,industrial
11,BA,finance
11,BAC,software
11,BLK,datacenter_hw
11,BMY,ai_chip
11,BWXT,industrial
11,C,giant_tech
11,CAT,datacenter_hw
11,CME,healthcare
11,CMG,datacenter_hw
11,COHR,ai_chip
11,COIN,software
11,COST,finance
11,CRM,software
11,CRWD,industrial
11,CRWV,finance
11,CSCO,ai_chip
11,CVS,healthcare
11,CVX,consumer
11,D,utility
11,DDOG,real_estate
11,DE,datacenter_hw
11,DELL,industrial
11,DLR,software
11,DOCU,finance
11,DUK,finance
11,EME,ai_chip
11,EMR,ai_chip
11,EOG,software
11,EQIX,industrial
11,ESTC,consumer
11,ETN,software
11,FDX,energy
11,FTNT,datacenter_hw
11,GE,finance
11,GILD,healthcare
11,GLD,telecom
11,GLW,finance
11,GM,industrial
11,GOOG,datacenter_hw
11,GRMN,utility
11,GS,ai_chip
11,GTLB,datacenter_hw
11,HD,industrial
11,HLT,software
11,HON,consumer
11,HOOD,energy
11,HPE,software
11,HUBS,giant_tech
11,IBM,industrial
11,INTC,consumer
11,INTU,energy
11,JNJ,energy
11,JPM,ai_chip
11,KLAC,finance
11,KMI,software
11,KO,datacenter_hw
11,LHX,healthcare
11,LITE,industrial
11,LLY,software
11,LMT,software
11,LOW,software
11,LRCX,ai_chip
11,MA,consumer
11,MCD,giant_tech
11,MCHP,ai_chip
11,MDB,industrial
11,MDT,commodity
11,META,finance
11,MMM,software
11,MO,ai_chip
11,MPWR,consumer
11,MRK,software
11,MRVL,utility
11,MS,software
11,MSFT,ai_chip
11,MU,software
11,NEE,datacenter_hw
11,NEM,healthcare
11,NET,software
11,NFLX,finance
11,NOW,datacenter_hw
11,NVDA,giant_tech
11,NVO,defensive_bonds
11,NVTS,ai_chip
11,NXPI,industrial
11,OKTA,datacenter_hw
11,ON,giant_tech
11,ORCL,software
11,OXY,finance
11,PANW,finance
11,PCTY,ai_chip
11,PG,industrial
11,PGR,energy
11,PH,giant_tech
11,PLTR,healthcare
11,PM,software
11,PNC,finance
11,PYPL,energy
11,QCOM,industrial
11,RBLX,ai_chip
11,RKLB,ai_chip
11,ROST,healthcare
11,RTX,giant_tech
11,SCHW,commodity
11,SHOP,consumer
11,SMCI,industrial
11,SNOW,industrial
11,SO,healthcare
11,SOFI,software
11,SPCX,ai_chip
11,SPG,ai_chip
11,SPOT,consumer
11,SPY,consumer
11,T,industrial
11,TEAM,energy
11,TJX,giant_tech
11,TLT,finance
11,TMO,healthcare
11,TSLA,software
11,TSM,software
11,TXN,healthcare
11,UNH,real_estate
11,UNP,utility
11,V,finance
11,VLO,healthcare
11,VRT,ai_chip
11,VTR,consumer
11,WDAY,ai_chip
11,WDC,datacenter_hw
11,WELL,utility
11,WFC,consumer
11,WMB,finance
11,WMT,consumer
11,XLE,industrial
11,XLF,consumer
11,XLI,consumer
11,XLK,industrial
11,XLU,datacenter_hw
11,XLV,finance
11,XLY,industrial
11,XOM,giant_tech
11,ZM,industrial
11,ZS,finance
12,AAPL,ai_chip
12,ABBV,software
12,ADBE,finance
12,ADI,energy
12,AEP,datacenter_hw
12,AFRM,finance
12,AMAT,software
12,AMD,ai_chip
12,AMZN,giant_tech
12,ANET,software
12,APH,healthcare
12,APP,ai_chip
12,ASML,healthcare
12,ATI,industrial
12,AVGO,utility
12,AXP,giant_tech
12,BA,industrial
12,BAC,finance
12,BLK,ai_chip
12,BMY,ai_chip
12,BWXT,real_estate
12,C,healthcare
12,CAT,real_estate
12,CME,energy
12,CMG,consumer
12,COHR,ai_chip
12,COIN,giant_tech
12,COST,consumer
12,CRM,utility
12,CRWD,finance
12,CRWV,healthcare
12,CSCO,software
12,CVS,giant_tech
12,CVX,industrial
12,D,utility
12,DDOG,consumer
12,DE,energy
12,DELL,ai_chip
12,DLR,datacenter_hw
12,DOCU,finance
12,DUK,utility
12,EME,industrial
12,EMR,datacenter_hw
12,EOG,finance
12,EQIX,giant_tech
12,ESTC,utility
12,ETN,ai_chip
12,FDX,industrial
12,FTNT,finance
12,GE,ai_chip
12,GILD,software
12,GLD,giant_tech
12,GLW,finance
12,GM,consumer
12,GOOG,energy
12,GRMN,giant_tech
12,GS,ai_chip
12,GTLB,ai_chip
12,HD,software
12,HLT,industrial
12,HON,software
12,HOOD,industrial
12,HPE,ai_chip
12,HUBS,commodity
12,IBM,datacenter_hw
12,INTC,software
12,INTU,ai_chip
12,JNJ,industrial
12,JPM,healthcare
12,KLAC,finance
12,KMI,energy
12,KO,benchmark
12,LHX,consumer
12,LITE,datacenter_hw
12,LLY,consumer
12,LMT,finance
12,LOW,energy
12,LRCX,datacenter_hw
12,MA,datacenter_hw
12,MCD,industrial
12,MCHP,utility
12,MDB,consumer
12,MDT,finance
12,META,consumer
12,MMM,finance
12,MO,software
12,MPWR,software
12,MRK,industrial
12,MRVL,telecom
12,MS,ai_chip
12,MSFT,software
12,MU,datacenter_hw
12,NEE,software
12,NEM,consumer
12,NET,datacenter_hw
12,NFLX,industrial
12,NOW,software
12,NVDA,industrial
12,NVO,ai_chip
12,NVTS,consumer
12,NXPI,datacenter_hw
12,OKTA,software
12,ON,healthcare
12,ORCL,consumer
12,OXY,software
12,PANW,real_estate
12,PCTY,defensive_bonds
12,PG,finance
12,PGR,industrial
12,PH,consumer
12,PLTR,finance
12,PM,healthcare
12,PNC,software
12,PYPL,consumer
12,QCOM,healthcare
12,RBLX,software
12,RKLB,software
12,ROST,consumer
12,RTX,software
12,SCHW,software
12,SHOP,industrial
12,SMCI,datacenter_hw
12,SNOW,datacenter_hw
12,SO,finance
12,SOFI,software
12,SPCX,datacenter_hw
12,SPG,energy
12,SPOT,consumer
12,SPY,giant_tech
12,T,consumer
12,TEAM,software
12,TJX,industrial
12,TLT,ai_chip
12,TMO,healthcare
12,TSLA,healthcare
12,TSM,industrial
12,TXN,ai_chip
12,UNH,industrial
12,UNP,software
12,V,industrial
12,VLO,healthcare
12,VRT,giant_tech
12,VTR,datacenter_hw
12,WDAY,ai_chip
12,WDC,finance
12,WELL,software
12,WFC,software
12,WMB,finance
12,WMT,industrial
12,XLE,industrial
12,XLF,finance
12,XLI,industrial
12,XLK,healthcare
12,XLU,finance
12,XLV,commodity
12,XLY,energy
12,XOM,ai_chip
12,ZM,software
12,ZS,finance
13,AAPL,ai_chip
13,ABBV,datacenter_hw
13,ADBE,utility
13,ADI,finance
13,AEP,industrial
13,AFRM,utility
13,AMAT,industrial
13,AMD,consumer
13,AMZN,industrial
13,ANET,software
13,APH,energy
13,APP,finance
13,ASML,industrial
13,ATI,healthcare
13,AVGO,finance
13,AXP,ai_chip
13,BA,software
13,BAC,ai_chip
13,BLK,healthcare
13,BMY,industrial
13,BWXT,real_estate
13,C,finance
13,CAT,consumer
13,CME,industrial
13,CMG,finance
13,COHR,defensive_bonds
13,COIN,commodity
13,COST,energy
13,CRM,energy
13,CRWD,consumer
13,CRWV,giant_tech
13,CSCO,software
13,CVS,ai_chip
13,CVX,benchmark
13,D,software
13,DDOG,consumer
13,DE,datacenter_hw
13,DELL,software
13,DLR,consumer
13,DOCU,datacenter_hw
13,DUK,energy
13,EME,datacenter_hw
13,EMR,datacenter_hw
13,EOG,consumer
13,EQIX,finance
13,ESTC,ai_chip
13,ETN,software
13,FDX,consumer
13,FTNT,finance
13,GE,ai_chip
13,GILD,consumer
13,GLD,industrial
13,GLW,telecom
13,GM,industrial
13,GOOG,ai_chip
13,GRMN,datacenter_hw
13,GS,healthcare
13,GTLB,giant_tech
13,HD,finance
13,HLT,industrial
13,HON,software
13,HOOD,finance
13,HPE,healthcare
13,HUBS,industrial
13,IBM,finance
13,INTC,giant_tech
13,INTU,datacenter_hw
13,JNJ,healthcare
13,JPM,finance
13,KLAC,real_estate
13,KMI,finance
13,KO,ai_chip
13,LHX,software
13,LITE,software
13,LLY,datacenter_hw
13,LMT,utility
13,LOW,industrial
13,LRCX,software
13,MA,datacenter_hw
13,MCD,datacenter_hw
13,MCHP,software
13,MDB,healthcare
13,MDT,industrial
13,META,ai_chip
13,MMM,ai_chip
13,MO,giant_tech
13,MPWR,utility
13,MRK,giant_tech
13,MRVL,healthcare
13,MS,industrial
13,MSFT,industrial
13,MU,industrial
13,NEE,software
13,NEM,ai_chip
13,NET,industrial
13,NFLX,datacenter_hw
13,NOW,consumer
13,NVDA,software
13,NVO,finance
13,NVTS,software
13,NXPI,datacenter_hw
13,OKTA,ai_chip
13,ON,healthcare
13,ORCL,software
13,OXY,energy
13,PANW,consumer
13,PCTY,finance
13,PG,software
13,PGR,ai_chip
13,PH,healthcare
13,PLTR,consumer
13,PM,utility
13,PNC,giant_tech
13,PYPL,consumer
13,QCOM,ai_chip
13,RBLX,energy
13,RKLB,consumer
13,ROST,finance
13,RTX,industrial
13,SCHW,industrial
13,SHOP,industrial
13,SMCI,industrial
13,SNOW,ai_chip
13,SO,industrial
13,SOFI,giant_tech
13,SPCX,software
13,SPG,software
13,SPOT,software
13,SPY,software
13,T,ai_chip
13,TEAM,ai_chip
13,TJX,software
13,TLT,giant_tech
13,TMO,software
13,TSLA,consumer
13,TSM,software
13,TXN,ai_chip
13,UNH,healthcare
13,UNP,software
13,V,consumer
13,VLO,ai_chip
13,VRT,healthcare
13,VTR,real_estate
13,WDAY,giant_tech
13,WDC,software
13,WELL,energy
13,WFC,commodity
13,WMB,finance
13,WMT,consumer
13,XLE,utility
13,XLF,software
13,XLI,finance
13,XLK,datacenter_hw
13,XLU,finance
13,XLV,finance
13,XLY,energy
13,XOM,healthcare
13,ZM,finance
13,ZS,datacenter_hw
14,AAPL,ai_chip
14,ABBV,healthcare
14,ADBE,ai_chip
14,ADI,industrial
14,AEP,industrial
14,AFRM,commodity
14,AMAT,healthcare
14,AMD,datacenter_hw
14,AMZN,utility
14,ANET,ai_chip
14,APH,healthcare
14,APP,industrial
14,ASML,real_estate
14,ATI,consumer
14,AVGO,datacenter_hw
14,AXP,consumer
14,BA,finance
14,BAC,consumer
14,BLK,giant_tech
14,BMY,industrial
14,BWXT,software
14,C,utility
14,CAT,energy
14,CME,healthcare
14,CMG,healthcare
14,COHR,ai_chip
14,COIN,datacenter_hw
14,COST,healthcare
14,CRM,datacenter_hw
14,CRWD,giant_tech
14,CRWV,giant_tech
14,CSCO,ai_chip
14,CVS,industrial
14,CVX,utility
14,D,defensive_bonds
14,DDOG,finance
14,DE,energy
14,DELL,consumer
14,DLR,consumer
14,DOCU,consumer
14,DUK,industrial
14,EME,finance
14,EMR,software
14,EOG,ai_chip
14,EQIX,software
14,ESTC,industrial
14,ETN,giant_tech
14,FDX,healthcare
14,FTNT,finance
14,GE,software
14,GILD,software
14,GLD,consumer
14,GLW,datacenter_hw
14,GM,ai_chip
14,GOOG,datacenter_hw
14,GRMN,software
14,GS,industrial
14,GTLB,datacenter_hw
14,HD,ai_chip
14,HLT,healthcare
14,HON,software
14,HOOD,healthcare
14,HPE,utility
14,HUBS,software
14,IBM,healthcare
14,INTC,consumer
14,INTU,ai_chip
14,JNJ,giant_tech
14,JPM,software
14,KLAC,finance
14,KMI,finance
14,KO,datacenter_hw
14,LHX,software
14,LITE,industrial
14,LLY,finance
14,LMT,industrial
14,LOW,industrial
14,LRCX,giant_tech
14,MA,energy
14,MCD,industrial
14,MCHP,giant_tech
14,MDB,datacenter_hw
14,MDT,finance
14,META,finance
14,MMM,software
14,MO,energy
14,MPWR,industrial
14,MRK,software
14,MRVL,industrial
14,MS,consumer
14,MSFT,finance
14,MU,finance
14,NEE,finance
14,NEM,software
14,NET,utility
14,NFLX,consumer
14,NOW,healthcare
14,NVDA,ai_chip
14,NVO,finance
14,NVTS,software
14,NXPI,software
14,OKTA,ai_chip
14,ON,industrial
14,ORCL,datacenter_hw
14,OXY,benchmark
14,PANW,software
14,PCTY,consumer
14,PG,software
14,PGR,software
14,PH,utility
14,PLTR,software
14,PM,datacenter_hw
14,PNC,datacenter_hw
14,PYPL,ai_chip
14,QCOM,healthcare
14,RBLX,consumer
14,RKLB,commodity
14,ROST,software
14,RTX,consumer
14,SCHW,finance
14,SHOP,consumer
14,SMCI,energy
14,SNOW,ai_chip
14,SO,ai_chip
14,SOFI,industrial
14,SPCX,software
14,SPG,energy
14,SPOT,industrial
14,SPY,software
14,T,telecom
14,TEAM,industrial
14,TJX,ai_chip
14,TLT,software
14,TMO,real_estate
14,TSLA,energy
14,TSM,finance
14,TXN,datacenter_hw
14,UNH,industrial
14,UNP,ai_chip
14,V,industrial
14,VLO,giant_tech
14,VRT,software
14,VTR,finance
14,WDAY,energy
14,WDC,ai_chip
14,WELL,consumer
14,WFC,finance
14,WMB,software
14,WMT,real_estate
14,XLE,finance
14,XLF,software
14,XLI,consumer
14,XLK,finance
14,XLU,ai_chip
14,XLV,giant_tech
14,XLY,datacenter_hw
14,XOM,industrial
14,ZM,ai_chip
14,ZS,finance
15,AAPL,industrial
15,ABBV,benchmark
15,ADBE,industrial
15,ADI,datacenter_hw
15,AEP,software
15,AFRM,telecom
15,AMAT,healthcare
15,AMD,healthcare
15,AMZN,giant_tech
15,ANET,industrial
15,APH,ai_chip
15,APP,finance
15,ASML,finance
15,ATI,finance
15,AVGO,consumer
15,AXP,giant_tech
15,BA,ai_chip
15,BAC,ai_chip
15,BLK,healthcare
15,BMY,ai_chip
15,BWXT,datacenter_hw
15,C,software
15,CAT,industrial
15,CME,software
15,CMG,finance
15,COHR,industrial
15,COIN,datacenter_hw
15,COST,software
15,CRM,datacenter_hw
15,CRWD,software
15,CRWV,software
15,CSCO,commodity
15,CVS,industrial
15,CVX,giant_tech
15,D,consumer
15,DDOG,software
15,DE,commodity
15,DELL,industrial
15,DLR,software
15,DOCU,software
15,DUK,consumer
15,EME,energy
15,EMR,finance
15,EOG,utility
15,EQIX,industrial
15,ESTC,industrial
15,ETN,finance
15,FDX,software
15,FTNT,healthcare
15,GE,industrial
15,GILD,consumer
15,GLD,consumer
15,GLW,finance
15,GM,industrial
15,GOOG,ai_chip
15,GRMN,ai_chip
15,GS,consumer
15,GTLB,software
15,HD,datacenter_hw
15,HLT,software
15,HON,healthcare
15,HOOD,finance
15,HPE,energy
15,HUBS,healthcare
15,IBM,utility
15,INTC,utility
15,INTU,ai_chip
15,JNJ,consumer
15,JPM,consumer
15,KLAC,ai_chip
15,KMI,finance
15,KO,industrial
15,LHX,software
15,LITE,consumer
15,LLY,finance
15,LMT,finance
15,LOW,software
15,LRCX,software
15,MA,healthcare
15,MCD,utility
15,MCHP,consumer
15,MDB,utility
15,MDT,ai_chip
15,META,consumer
15,MMM,software
15,MO,software
15,MPWR,healthcare
15,MRK,industrial
15,MRVL,ai_chip
15,MS,industrial
15,MSFT,ai_chip
15,MU,ai_chip
15,NEE,giant_tech
15,NEM,software
15,NET,finance
15,NFLX,industrial
15,NOW,datacenter_hw
15,NVDA,giant_tech
15,NVO,datacenter_hw
15,NVTS,ai_chip
15,NXPI,finance
15,OKTA,datacenter_hw
15,ON,ai_chip
15,ORCL,giant_tech
15,OXY,energy
15,PANW,real_estate
15,PCTY,software
15,PG,finance
15,PGR,real_estate
15,PH,ai_chip
15,PLTR,energy
15,PM,giant_tech
15,PNC,software
15,PYPL,finance
15,QCOM,industrial
15,RBLX,ai_chip
15,RKLB,ai_chip
15,ROST,datacenter_hw
15,RTX,energy
15,SCHW,utility
15,SHOP,industrial
15,SMCI,finance
15,SNOW,finance
15,SO,giant_tech
15,SOFI,datacenter_hw
15,SPCX,finance
15,SPG,datacenter_hw
15,SPOT,software
15,SPY,software
15,T,defensive_bonds
15,TEAM,consumer
15,TJX,energy
15,TLT,giant_tech
15,TMO,healthcare
15,TSLA,datacenter_hw
15,TSM,datacenter_hw
15,TXN,energy
15,UNH,finance
15,UNP,software
15,V,industrial
15,VLO,ai_chip
15,VRT,industrial
15,VTR,healthcare
15,WDAY,software
15,WDC,consumer
15,WELL,energy
15,WFC,consumer
15,WMB,consumer
15,WMT,ai_chip
15,XLE,healthcare
15,XLF,industrial
15,XLI,consumer
15,XLK,finance
15,XLU,software
15,XLV,industrial
15,XLY,real_estate
15,XOM,datacenter_hw
15,ZM,software
15,ZS,healthcare
16,AAPL,finance
16,ABBV,datacenter_hw
16,ADBE,giant_tech
16,ADI,software
16,AEP,software
16,AFRM,energy
16,AMAT,giant_tech
16,AMD,finance
16,AMZN,energy
16,ANET,finance
16,APH,ai_chip
16,APP,software
16,ASML,ai_chip
16,ATI,energy
16,AVGO,finance
16,AXP,industrial
16,BA,ai_chip
16,BAC,consumer
16,BLK,ai_chip
16,BMY,ai_chip
16,BWXT,giant_tech
16,C,ai_chip
16,CAT,industrial
16,CME,software
16,CMG,software
16,COHR,healthcare
16,COIN,consumer
16,COST,finance
16,CRM,datacenter_hw
16,CRWD,energy
16,CRWV,software
16,CSCO,software
16,CVS,software
16,CVX,giant_tech
16,D,consumer
16,DDOG,healthcare
16,DE,software
16,DELL,healthcare
16,DLR,consumer
16,DOCU,finance
16,DUK,utility
16,EME,consumer
16,EMR,software
16,EOG,industrial
16,EQIX,defensive_bonds
16,ESTC,datacenter_hw
16,ETN,utility
16,FDX,finance
16,FTNT,consumer
16,GE,software
16,GILD,industrial
16,GLD,consumer
16,GLW,datacenter_hw
16,GM,consumer
16,GOOG,ai_chip
16,GRMN,finance
16,GS,industrial
16,GTLB,utility
16,HD,datacenter_hw
16,HLT,datacenter_hw
16,HON,ai_chip
16,HOOD,consumer
16,HPE,commodity
16,HUBS,industrial
16,IBM,industrial
16,INTC,finance
16,INTU,energy
16,JNJ,consumer
16,JPM,industrial
16,KLAC,software
16,KMI,real_estate
16,KO,finance
16,LHX,industrial
16,LITE,healthcare
16,LLY,industrial
16,LMT,giant_tech
16,LOW,ai_chip
16,LRCX,real_estate
16,MA,utility
16,MCD,giant_tech
16,MCHP,industrial
16,MDB,healthcare
16,MDT,healthcare
16,META,ai_chip
16,MMM,software
16,MO,industrial
16,MPWR,industrial
16,MRK,industrial
16,MRVL,utility
16,MS,ai_chip
16,MSFT,consumer
16,MU,giant_tech
16,NEE,datacenter_hw
16,NEM,datacenter_hw
16,NET,finance
16,NFLX,datacenter_hw
16,NOW,software
16,NVDA,ai_chip
16,NVO,consumer
16,NVTS,ai_chip
16,NXPI,software
16,OKTA,ai_chip
16,ON,finance
16,ORCL,industrial
16,OXY,industrial
16,PANW,ai_chip
16,PCTY,industrial
16,PG,healthcare
16,PGR,finance
16,PH,software
16,PLTR,commodity
16,PM,consumer
16,PNC,industrial
16,PYPL,software
16,QCOM,software
16,RBLX,datacenter_hw
16,RKLB,datacenter_hw
16,ROST,energy
16,RTX,ai_chip
16,SCHW,telecom
16,SHOP,consumer
16,SMCI,energy
16,SNOW,finance
16,SO,finance
16,SOFI,industrial
16,SPCX,software
16,SPG,finance
16,SPOT,ai_chip
16,SPY,healthcare
16,T,healthcare
16,TEAM,utility
16,TJX,industrial
16,TLT,datacenter_hw
16,TMO,ai_chip
16,TSLA,finance
16,TSM,healthcare
16,TXN,energy
16,UNH,software
16,UNP,consumer
16,V,finance
16,VLO,software
16,VRT,datacenter_hw
16,VTR,ai_chip
16,WDAY,consumer
16,WDC,healthcare
16,WELL,datacenter_hw
16,WFC,software
16,WMB,benchmark
16,WMT,finance
16,XLE,finance
16,XLF,giant_tech
16,XLI,industrial
16,XLK,healthcare
16,XLU,giant_tech
16,XLV,software
16,XLY,real_estate
16,XOM,software
16,ZM,software
16,ZS,software
17,AAPL,giant_tech
17,ABBV,finance
17,ADBE,ai_chip
17,ADI,industrial
17,AEP,ai_chip
17,AFRM,software
17,AMAT,utility
17,AMD,consumer
17,AMZN,ai_chip
17,ANET,healthcare
17,APH,software
17,APP,giant_tech
17,ASML,industrial
17,ATI,healthcare
17,AVGO,utility
17,AXP,software
17,BA,datacenter_hw
17,BAC,finance
17,BLK,finance
17,BMY,software
17,BWXT,consumer
17,C,industrial
17,CAT,industrial
17,CME,datacenter_hw
17,CMG,real_estate
17,COHR,software
17,COIN,finance
17,COST,healthcare
17,CRM,industrial
17,CRWD,software
17,CRWV,software
17,CSCO,ai_chip
17,CVS,datacenter_hw
17,CVX,industrial
17,D,finance
17,DDOG,finance
17,DE,giant_tech
17,DELL,utility
17,DLR,giant_tech
17,DOCU,industrial
17,DUK,finance
17,EME,commodity
17,EMR,energy
17,EOG,healthcare
17,EQIX,energy
17,ESTC,software
17,ETN,healthcare
17,FDX,finance
17,FTNT,consumer
17,GE,software
17,GILD,consumer
17,GLD,industrial
17,GLW,real_estate
17,GM,datacenter_hw
17,GOOG,ai_chip
17,GRMN,consumer
17,GS,software
17,GTLB,finance
17,HD,ai_chip
17,HLT,consumer
17,HON,ai_chip
17,HOOD,software
17,HPE,consumer
17,HUBS,industrial
17,IBM,finance
17,INTC,industrial
17,INTU,energy
17,JNJ,energy
17,JPM,ai_chip
17,KLAC,industrial
17,KMI,consumer
17,KO,consumer
17,LHX,energy
17,LITE,software
17,LLY,ai_chip
17,LMT,software
17,LOW,commodity
17,LRCX,software
17,MA,ai_chip
17,MCD,ai_chip
17,MCHP,defensive_bonds
17,MDB,finance
17,MDT,finance
17,META,ai_chip
17,MMM,telecom
17,MO,software
17,MPWR,healthcare
17,MRK,healthcare
17,MRVL,energy
17,MS,datacenter_hw
17,MSFT,healthcare
17,MU,ai_chip
17,NEE,industrial
17,NEM,consumer
17,NET,software
17,NFLX,software
17,NOW,finance
17,NVDA,software
17,NVO,industrial
17,NVTS,consumer
17,NXPI,software
17,OKTA,finance
17,ON,finance
17,ORCL,datacenter_hw
17,OXY,datacenter_hw
17,PANW,ai_chip
17,PCTY,giant_tech
17,PG,software
17,PGR,datacenter_hw
17,PH,consumer
17,PLTR,finance
17,PM,industrial
17,PNC,real_estate
17,PYPL,datacenter_hw
17,QCOM,software
17,RBLX,datacenter_hw
17,RKLB,datacenter_hw
17,ROST,datacenter_hw
17,RTX,ai_chip
17,SCHW,finance
17,SHOP,software
17,SMCI,energy
17,SNOW,giant_tech
17,SO,industrial
17,SOFI,giant_tech
17,SPCX,utility
17,SPG,consumer
17,SPOT,utility
17,SPY,ai_chip
17,T,datacenter_hw
17,TEAM,finance
17,TJX,finance
17,TLT,ai_chip
17,TMO,finance
17,TSLA,industrial
17,TSM,giant_tech
17,TXN,ai_chip
17,UNH,utility
17,UNP,consumer
17,V,benchmark
17,VLO,giant_tech
17,VRT,datacenter_hw
17,VTR,software
17,WDAY,software
17,WDC,energy
17,WELL,industrial
17,WFC,industrial
17,WMB,ai_chip
17,WMT,industrial
17,XLE,industrial
17,XLF,software
17,XLI,consumer
17,XLK,healthcare
17,XLU,healthcare
17,XLV,healthcare
17,XLY,healthcare
17,XOM,industrial
17,ZM,consumer
17,ZS,software
18,AAPL,industrial
18,ABBV,software
18,ADBE,consumer
18,ADI,ai_chip
18,AEP,industrial
18,AFRM,real_estate
18,AMAT,giant_tech
18,AMD,software
18,AMZN,ai_chip
18,ANET,industrial
18,APH,healthcare
18,APP,industrial
18,ASML,energy
18,ATI,ai_chip
18,AVGO,datacenter_hw
18,AXP,consumer
18,BA,giant_tech
18,BAC,telecom
18,BLK,real_estate
18,BMY,healthcare
18,BWXT,giant_tech
18,C,consumer
18,CAT,industrial
18,CME,ai_chip
18,CMG,ai_chip
18,COHR,datacenter_hw
18,COIN,finance
18,COST,software
18,CRM,consumer
18,CRWD,giant_tech
18,CRWV,healthcare
18,CSCO,industrial
18,CVS,utility
18,CVX,consumer
18,D,software
18,DDOG,finance
18,DE,industrial
18,DELL,software
18,DLR,software
18,DOCU,datacenter_hw
18,DUK,consumer
18,EME,commodity
18,EMR,consumer
18,EOG,datacenter_hw
18,EQIX,industrial
18,ESTC,software
18,ETN,healthcare
18,FDX,datacenter_hw
18,FTNT,giant_tech
18,GE,finance
18,GILD,commodity
18,GLD,consumer
18,GLW,healthcare
18,GM,industrial
18,GOOG,software
18,GRMN,industrial
18,GS,datacenter_hw
18,GTLB,finance
18,HD,giant_tech
18,HLT,ai_chip
18,HON,healthcare
18,HOOD,utility
18,HPE,datacenter_hw
18,HUBS,software
18,IBM,software
18,INTC,software
18,INTU,utility
18,JNJ,finance
18,JPM,software
18,KLAC,software
18,KMI,software
18,KO,software
18,LHX,finance
18,LITE,benchmark
18,LLY,industrial
18,LMT,ai_chip
18,LOW,finance
18,LRCX,ai_chip
18,MA,healthcare
18,MCD,finance
18,MCHP,energy
18,MDB,software
18,MDT,industrial
18,META,ai_chip
18,MMM,finance
18,MO,industrial
18,MPWR,consumer
18,MRK,datacenter_hw
18,MRVL,consumer
18,MS,ai_chip
18,MSFT,finance
18,MU,datacenter_hw
18,NEE,industrial
18,NEM,finance
18,NET,utility
18,NFLX,energy
18,NOW,ai_chip
18,NVDA,consumer
18,NVO,industrial
18,NVTS,real_estate
18,NXPI,finance
18,OKTA,healthcare
18,ON,datacenter_hw
18,ORCL,utility
18,OXY,energy
18,PANW,giant_tech
18,PCTY,industrial
18,PG,industrial
18,PGR,software
18,PH,energy
18,PLTR,energy
18,PM,ai_chip
18,PNC,healthcare
18,PYPL,ai_chip
18,QCOM,consumer
18,RBLX,healthcare
18,RKLB,software
18,ROST,defensive_bonds
18,RTX,ai_chip
18,SCHW,giant_tech
18,SHOP,utility
18,SMCI,software
18,SNOW,datacenter_hw
18,SO,finance
18,SOFI,finance
18,SPCX,consumer
18,SPG,consumer
18,SPOT,industrial
18,SPY,industrial
18,T,ai_chip
18,TEAM,healthcare
18,TJX,software
18,TLT,datacenter_hw
18,TMO,finance
18,TSLA,ai_chip
18,TSM,finance
18,TXN,software
18,UNH,software
18,UNP,ai_chip
18,V,industrial
18,VLO,energy
18,VRT,software
18,VTR,consumer
18,WDAY,finance
18,WDC,giant_tech
18,WELL,finance
18,WFC,finance
18,WMB,industrial
18,WMT,ai_chip
18,XLE,healthcare
18,XLF,ai_chip
18,XLI,software
18,XLK,finance
18,XLU,datacenter_hw
18,XLV,energy
18,XLY,consumer
18,XOM,datacenter_hw
18,ZM,software
18,ZS,software
19,AAPL,benchmark
19,ABBV,finance
19,ADBE,software
19,ADI,finance
19,AEP,ai_chip
19,AFRM,healthcare
19,AMAT,software
19,AMD,finance
19,AMZN,giant_tech
19,ANET,finance
19,APH,datacenter_hw
19,APP,healthcare
19,ASML,consumer
19,ATI,healthcare
19,AVGO,ai_chip
19,AXP,healthcare
19,BA,consumer
19,BAC,datacenter_hw
19,BLK,industrial
19,BMY,healthcare
19,BWXT,ai_chip
19,C,ai_chip
19,CAT,industrial
19,CME,software
19,CMG,giant_tech
19,COHR,ai_chip
19,COIN,energy
19,COST,energy
19,CRM,software
19,CRWD,software
19,CRWV,real_estate
19,CSCO,ai_chip
19,CVS,consumer
19,CVX,ai_chip
19,D,software
19,DDOG,utility
19,DE,software
19,DELL,software
19,DLR,industrial
19,DOCU,ai_chip
19,DUK,healthcare
19,EME,industrial
19,EMR,finance
19,EOG,datacenter_hw
19,EQIX,industrial
19,ESTC,ai_chip
19,ETN,finance
19,FDX,industrial
19,FTNT,datacenter_hw
19,GE,healthcare
19,GILD,energy
19,GLD,finance
19,GLW,consumer
19,GM,healthcare
19,GOOG,healthcare
19,GRMN,consumer
19,GS,commodity
19,GTLB,giant_tech
19,HD,ai_chip
19,HLT,utility
19,HON,real_estate
19,HOOD,finance
19,HPE,finance
19,HUBS,industrial
19,IBM,datacenter_hw
19,INTC,ai_chip
19,INTU,ai_chip
19,JNJ,finance
19,JPM,industrial
19,KLAC,consumer
19,KMI,software
19,KO,finance
19,LHX,utility
19,LITE,datacenter_hw
19,LLY,industrial
19,LMT,consumer
19,LOW,industrial
19,LRCX,consumer
19,MA,software
19,MCD,consumer
19,MCHP,consumer
19,MDB,industrial
19,MDT,software
19,META,industrial
19,MMM,software
19,MO,software
19,MPWR,utility
19,MRK,datacenter_hw
19,MRVL,defensive_bonds
19,MS,software
19,MSFT,datacenter_hw
19,MU,software
19,NEE,finance
19,NEM,consumer
19,NET,consumer
19,NFLX,industrial
19,NOW,consumer
19,NVDA,real_estate
19,NVO,datacenter_hw
19,NVTS,consumer
19,NXPI,ai_chip
19,OKTA,software
19,ON,giant_tech
19,ORCL,industrial
19,OXY,utility
19,PANW,energy
19,PCTY,finance
19,PG,ai_chip
19,PGR,industrial
19,PH,energy
19,PLTR,datacenter_hw
19,PM,datacenter_hw
19,PNC,consumer
19,PYPL,industrial
19,QCOM,software
19,RBLX,telecom
19,RKLB,industrial
19,ROST,datacenter_hw
19,RTX,datacenter_hw
19,SCHW,software
19,SHOP,finance
19,SMCI,energy
19,SNOW,utility
19,SO,industrial
19,SOFI,software
19,SPCX,energy
19,SPG,software
19,SPOT,finance
19,SPY,software
19,T,finance
19,TEAM,giant_tech
19,TJX,software
19,TLT,ai_chip
19,TMO,finance
19,TSLA,finance
19,TSM,consumer
19,TXN,software
19,UNH,software
19,UNP,finance
19,V,industrial
19,VLO,ai_chip
19,VRT,energy
19,VTR,healthcare
19,WDAY,industrial
19,WDC,industrial
19,WELL,giant_tech
19,WFC,finance
19,WMB,healthcare
19,WMT,healthcare
19,XLE,ai_chip
19,XLF,giant_tech
19,XLI,giant_tech
19,XLK,software
19,XLU,datacenter_hw
19,XLV,commodity
19,XLY,software
19,XOM,ai_chip
19,ZM,ai_chip
19,ZS,giant_tech
20,AAPL,giant_tech
20,ABBV,defensive_bonds
20,ADBE,ai_chip
20,ADI,energy
20,AEP,ai_chip
20,AFRM,finance
20,AMAT,finance
20,AMD,consumer
20,AMZN,healthcare
20,ANET,healthcare
20,APH,datacenter_hw
20,APP,energy
20,ASML,ai_chip
20,ATI,datacenter_hw
20,AVGO,industrial
20,AXP,utility
20,BA,utility
20,BAC,ai_chip
20,BLK,software
20,BMY,software
20,BWXT,consumer
20,C,consumer
20,CAT,industrial
20,CME,healthcare
20,CMG,real_estate
20,COHR,industrial
20,COIN,giant_tech
20,COST,software
20,CRM,software
20,CRWD,software
20,CRWV,industrial
20,CSCO,datacenter_hw
20,CVS,ai_chip
20,CVX,healthcare
20,D,giant_tech
20,DDOG,software
20,DE,healthcare
20,DELL,datacenter_hw
20,DLR,finance
20,DOCU,software
20,DUK,healthcare
20,EME,consumer
20,EMR,ai_chip
20,EOG,utility
20,EQIX,consumer
20,ESTC,industrial
20,ETN,consumer
20,FDX,finance
20,FTNT,healthcare
20,GE,finance
20,GILD,finance
20,GLD,software
20,GLW,utility
20,GM,giant_tech
20,GOOG,healthcare
20,GRMN,datacenter_hw
20,GS,finance
20,GTLB,consumer
20,HD,software
20,HLT,ai_chip
20,HON,software
20,HOOD,software
20,HPE,ai_chip
20,HUBS,finance
20,IBM,industrial
20,INTC,industrial
20,INTU,datacenter_hw
20,JNJ,finance
20,JPM,giant_tech
20,KLAC,real_estate
20,KMI,ai_chip
20,KO,finance
20,LHX,datacenter_hw
20,LITE,software
20,LLY,industrial
20,LMT,software
20,LOW,datacenter_hw
20,LRCX,consumer
20,MA,industrial
20,MCD,software
20,MCHP,finance
20,MDB,software
20,MDT,commodity
20,META,datacenter_hw
20,MMM,software
20,MO,software
20,MPWR,utility
20,MRK,energy
20,MRVL,ai_chip
20,MS,industrial
20,MSFT,finance
20,MU,ai_chip
20,NEE,software
20,NEM,ai_chip
20,NET,consumer
20,NFLX,finance
20,NOW,datacenter_hw
20,NVDA,energy
20,NVO,industrial
20,NVTS,giant_tech
20,NXPI,energy
20,OKTA,consumer
20,ON,industrial
20,ORCL,finance
20,OXY,ai_chip
20,PANW,finance
20,PCTY,ai_chip
20,PG,consumer
20,PGR,real_estate
20,PH,industrial
20,PLTR,datacenter_hw
20,PM,industrial
20,PNC,ai_chip
20,PYPL,ai_chip
20,QCOM,energy
20,RBLX,datacenter_hw
20,RKLB,industrial
20,ROST,consumer
20,RTX,software
20,SCHW,giant_tech
20,SHOP,datacenter_hw
20,SMCI,consumer
20,SNOW,benchmark
20,SO,datacenter_hw
20,SOFI,ai_chip
20,SPCX,software
20,SPG,industrial
20,SPOT,industrial
20,SPY,energy
20,T,software
20,TEAM,healthcare
20,TJX,healthcare
20,TLT,industrial
20,TMO,software
20,TSLA,healthcare
20,TSM,software
20,TXN,finance
20,UNH,consumer
20,UNP,ai_chip
20,V,industrial
20,VLO,energy
20,VRT,healthcare
20,VTR,finance
20,WDAY,finance
20,WDC,telecom
20,WELL,software
20,WFC,ai_chip
20,WMB,giant_tech
20,WMT,giant_tech
20,XLE,consumer
20,XLF,consumer
20,XLI,industrial
20,XLK,utility
20,XLU,software
20,XLV,industrial
20,XLY,commodity
20,XOM,finance
20,ZM,finance
20,ZS,software
21,AAPL,software
21,ABBV,defensive_bonds
21,ADBE,datacenter_hw
21,ADI,giant_tech
21,AEP,energy
21,AFRM,real_estate
21,AMAT,software
21,AMD,ai_chip
21,AMZN,finance
21,ANET,consumer
21,APH,healthcare
21,APP,finance
21,ASML,healthcare
21,ATI,ai_chip
21,AVGO,datacenter_hw
21,AXP,finance
21,BA,industrial
21,BAC,consumer
21,BLK,industrial
21,BMY,utility
21,BWXT,utility
21,C,consumer
21,CAT,datacenter_hw
21,CME,datacenter_hw
21,CMG,ai_chip
21,COHR,finance
21,COIN,utility
21,COST,industrial
21,CRM,giant_tech
21,CRWD,commodity
21,CRWV,industrial
21,CSCO,finance
21,CVS,datacenter_hw
21,CVX,energy
21,D,consumer
21,DDOG,healthcare
21,DE,consumer
21,DELL,datacenter_hw
21,DLR,giant_tech
21,DOCU,industrial
21,DUK,ai_chip
21,EME,industrial
21,EMR,finance
21,EOG,software
21,EQIX,real_estate
21,ESTC,software
21,ETN,software
21,FDX,ai_chip
21,FTNT,energy
21,GE,telecom
21,GILD,consumer
21,GLD,ai_chip
21,GLW,datacenter_hw
21,GM,industrial
21,GOOG,finance
21,GRMN,giant_tech
21,GS,giant_tech
21,GTLB,finance
21,HD,benchmark
21,HLT,utility
21,HON,software
21,HOOD,energy
21,HPE,consumer
21,HUBS,consumer
21,IBM,software
21,INTC,software
21,INTU,energy
21,JNJ,finance
21,JPM,ai_chip
21,KLAC,finance
21,KMI,ai_chip
21,KO,software
21,LHX,real_estate
21,LITE,utility
21,LLY,software
21,LMT,consumer
21,LOW,industrial
21,LRCX,industrial
21,MA,commodity
21,MCD,industrial
21,MCHP,datacenter_hw
21,MDB,giant_tech
21,MDT,healthcare
21,META,healthcare
21,MMM,finance
21,MO,ai_chip
21,MPWR,software
21,MRK,datacenter_hw
21,MRVL,industrial
21,MS,software
21,MSFT,consumer
21,MU,software
21,NEE,finance
21,NEM,finance
21,NET,finance
21,NFLX,ai_chip
21,NOW,datacenter_hw
21,NVDA,energy
21,NVO,ai_chip
21,NVTS,ai_chip
21,NXPI,industrial
21,OKTA,industrial
21,ON,ai_chip
21,ORCL,software
21,OXY,industrial
21,PANW,software
21,PCTY,ai_chip
21,PG,healthcare
21,PGR,software
21,PH,industrial
21,PLTR,datacenter_hw
21,PM,utility
21,PNC,energy
21,PYPL,finance
21,QCOM,consumer
21,RBLX,industrial
21,RKLB,datacenter_hw
21,ROST,finance
21,RTX,software
21,SCHW,industrial
21,SHOP,industrial
21,SMCI,giant_tech
21,SNOW,ai_chip
21,SO,ai_chip
21,SOFI,industrial
21,SPCX,software
21,SPG,healthcare
21,SPOT,healthcare
21,SPY,energy
21,T,finance
21,TEAM,software
21,TJX,datacenter_hw
21,TLT,software
21,TMO,consumer
21,TSLA,giant_tech
21,TSM,industrial
21,TXN,healthcare
21,UNH,consumer
21,UNP,industrial
21,V,consumer
21,VLO,healthcare
21,VRT,finance
21,VTR,ai_chip
21,WDAY,software
21,WDC,finance
21,WELL,datacenter_hw
21,WFC,consumer
21,WMB,healthcare
21,WMT,software
21,XLE,ai_chip
21,XLF,consumer
21,XLI,giant_tech
21,XLK,healthcare
21,XLU,software
21,XLV,finance
21,XLY,software
21,XOM,software
21,ZM,software
21,ZS,ai_chip
22,AAPL,telecom
22,ABBV,software
22,ADBE,ai_chip
22,ADI,healthcare
22,AEP,software
22,AFRM,real_estate
22,AMAT,software
22,AMD,datacenter_hw
22,AMZN,healthcare
22,ANET,finance
22,APH,ai_chip
22,APP,healthcare
22,ASML,software
22,ATI,industrial
22,AVGO,giant_tech
22,AXP,consumer
22,BA,software
22,BAC,ai_chip
22,BLK,software
22,BMY,defensive_bonds
22,BWXT,datacenter_hw
22,C,finance
22,CAT,software
22,CME,software
22,CMG,software
22,COHR,datacenter_hw
22,COIN,ai_chip
22,COST,datacenter_hw
22,CRM,utility
22,CRWD,utility
22,CRWV,healthcare
22,CSCO,consumer
22,CVS,industrial
22,CVX,finance
22,D,finance
22,DDOG,datacenter_hw
22,DE,finance
22,DELL,software
22,DLR,finance
22,DOCU,software
22,DUK,ai_chip
22,EME,datacenter_hw
22,EMR,finance
22,EOG,ai_chip
22,EQIX,industrial
22,ESTC,industrial
22,ETN,real_estate
22,FDX,consumer
22,FTNT,consumer
22,GE,commodity
22,GILD,healthcare
22,GLD,healthcare
22,GLW,software
22,GM,industrial
22,GOOG,consumer
22,GRMN,finance
22,GS,energy
22,GTLB,finance
22,HD,consumer
22,HLT,software
22,HON,finance
22,HOOD,industrial
22,HPE,utility
22,HUBS,consumer
22,IBM,ai_chip
22,INTC,industrial
22,INTU,finance
22,JNJ,giant_tech
22,JPM,datacenter_hw
22,KLAC,finance
22,KMI,software
22,KO,datacenter_hw
22,LHX,consumer
22,LITE,utility
22,LLY,industrial
22,LMT,software
22,LOW,consumer
22,LRCX,consumer
22,MA,finance
22,MCD,ai_chip
22,MCHP,ai_chip
22,MDB,datacenter_hw
22,MDT,giant_tech
22,META,energy
22,MMM,datacenter_hw
22,MO,consumer
22,MPWR,benchmark
22,MRK,software
22,MRVL,industrial
22,MS,industrial
22,MSFT,finance
22,MU,ai_chip
22,NEE,consumer
22,NEM,real_estate
22,NET,energy
22,NFLX,datacenter_hw
22,NOW,industrial
22,NVDA,healthcare
22,NVO,healthcare
22,NVTS,giant_tech
22,NXPI,healthcare
22,OKTA,energy
22,ON,datacenter_hw
22,ORCL,energy
22,OXY,software
22,PANW,giant_tech
22,PCTY,industrial
22,PG,industrial
22,PGR,finance
22,PH,commodity
22,PLTR,datacenter_hw
22,PM,finance
22,PNC,software
22,PYPL,industrial
22,QCOM,software
22,RBLX,consumer
22,RKLB,healthcare
22,ROST,ai_chip
22,RTX,software
22,SCHW,software
22,SHOP,software
22,SMCI,consumer
22,SNOW,giant_tech
22,SO,ai_chip
22,SOFI,healthcare
22,SPCX,industrial
22,SPG,ai_chip
22,SPOT,ai_chip
22,SPY,industrial
22,T,software
22,TEAM,utility
22,TJX,software
22,TLT,industrial
22,TMO,ai_chip
22,TSLA,giant_tech
22,TSM,consumer
22,TXN,software
22,UNH,energy
22,UNP,energy
22,V,finance
22,VLO,industrial
22,VRT,consumer
22,VTR,finance
22,WDAY,energy
22,WDC,giant_tech
22,WELL,finance
22,WFC,industrial
22,WMB,ai_chip
22,WMT,finance
22,XLE,software
22,XLF,ai_chip
22,XLI,ai_chip
22,XLK,industrial
22,XLU,ai_chip
22,XLV,datacenter_hw
22,XLY,healthcare
22,XOM,giant_tech
22,ZM,industrial
22,ZS,utility
23,AAPL,consumer
23,ABBV,finance
23,ADBE,industrial
23,ADI,finance
23,AEP,energy
23,AFRM,healthcare
23,AMAT,industrial
23,AMD,healthcare
23,AMZN,finance
23,ANET,consumer
23,APH,commodity
23,APP,finance
23,ASML,industrial
23,ATI,software
23,AVGO,software
23,AXP,energy
23,BA,software
23,BAC,consumer
23,BLK,software
23,BMY,software
23,BWXT,energy
23,C,software
23,CAT,ai_chip
23,CME,benchmark
23,CMG,software
23,COHR,finance
23,COIN,utility
23,COST,datacenter_hw
23,CRM,finance
23,CRWD,industrial
23,CRWV,consumer
23,CSCO,industrial
23,CVS,software
23,CVX,giant_tech
23,D,industrial
23,DDOG,software
23,DE,healthcare
23,DELL,datacenter_hw
23,DLR,ai_chip
23,DOCU,consumer
23,DUK,ai_chip
23,EME,utility
23,EMR,healthcare
23,EOG,datacenter_hw
23,EQIX,datacenter_hw
23,ESTC,finance
23,ETN,finance
23,FDX,giant_tech
23,FTNT,finance
23,GE,industrial
23,GILD,ai_chip
23,GLD,healthcare
23,GLW,healthcare
23,GM,software
23,GOOG,finance
23,GRMN,finance
23,GS,ai_chip
23,GTLB,software
23,HD,software
23,HLT,consumer
23,HON,giant_tech
23,HOOD,commodity
23,HPE,finance
23,HUBS,giant_tech
23,IBM,healthcare
23,INTC,consumer
23,INTU,utility
23,JNJ,real_estate
23,JPM,finance
23,KLAC,healthcare
23,KMI,consumer
23,KO,finance
23,LHX,datacenter_hw
23,LITE,software
23,LLY,ai_chip
23,LMT,giant_tech
23,LOW,software
23,LRCX,ai_chip
23,MA,giant_tech
23,MCD,ai_chip
23,MCHP,industrial
23,MDB,utility
23,MDT,consumer
23,META,ai_chip
23,MMM,ai_chip
23,MO,real_estate
23,MPWR,telecom
23,MRK,industrial
23,MRVL,datacenter_hw
23,MS,energy
23,MSFT,software
23,MU,industrial
23,NEE,software
23,NEM,industrial
23,NET,healthcare
23,NFLX,software
23,NOW,finance
23,NVDA,software
23,NVO,industrial
23,NVTS,giant_tech
23,NXPI,ai_chip
23,OKTA,ai_chip
23,ON,software
23,ORCL,datacenter_hw
23,OXY,datacenter_hw
23,PANW,industrial
23,PCTY,software
23,PG,giant_tech
23,PGR,industrial
23,PH,industrial
23,PLTR,energy
23,PM,consumer
23,PNC,ai_chip
23,PYPL,industrial
23,QCOM,finance
23,RBLX,finance
23,RKLB,industrial
23,ROST,finance
23,RTX,software
23,SCHW,ai_chip
23,SHOP,software
23,SMCI,energy
23,SNOW,software
23,SO,energy
23,SOFI,consumer
23,SPCX,consumer
23,SPG,healthcare
23,SPOT,industrial
23,SPY,consumer
23,T,industrial
23,TEAM,ai_chip
23,TJX,finance
23,TLT,datacenter_hw
23,TMO,datacenter_hw
23,TSLA,consumer
23,TSM,ai_chip
23,TXN,ai_chip
23,UNH,consumer
23,UNP,software
23,V,datacenter_hw
23,VLO,consumer
23,VRT,ai_chip
23,VTR,utility
23,WDAY,healthcare
23,WDC,utility
23,WELL,energy
23,WFC,software
23,WMB,datacenter_hw
23,WMT,finance
23,XLE,ai_chip
23,XLF,industrial
23,XLI,datacenter_hw
23,XLK,software
23,XLU,giant_tech
23,XLV,defensive_bonds
23,XLY,healthcare
23,XOM,real_estate
23,ZM,industrial
23,ZS,datacenter_hw
24,AAPL,consumer
24,ABBV,datacenter_hw
24,ADBE,finance
24,ADI,software
24,AEP,datacenter_hw
24,AFRM,ai_chip
24,AMAT,industrial
24,AMD,datacenter_hw
24,AMZN,consumer
24,ANET,energy
24,APH,defensive_bonds
24,APP,consumer
24,ASML,ai_chip
24,ATI,real_estate
24,AVGO,telecom
24,AXP,finance
24,BA,ai_chip
24,BAC,software
24,BLK,industrial
24,BMY,datacenter_hw
24,BWXT,utility
24,C,consumer
24,CAT,utility
24,CME,commodity
24,CMG,industrial
24,COHR,giant_tech
24,COIN,industrial
24,COST,industrial
24,CRM,ai_chip
24,CRWD,healthcare
24,CRWV,consumer
24,CSCO,software
24,CVS,datacenter_hw
24,CVX,ai_chip
24,D,software
24,DDOG,utility
24,DE,consumer
24,DELL,finance
24,DLR,datacenter_hw
24,DOCU,industrial
24,DUK,healthcare
24,EME,datacenter_hw
24,EMR,energy
24,EOG,finance
24,EQIX,ai_chip
24,ESTC,software
24,ETN,datacenter_hw
24,FDX,software
24,FTNT,finance
24,GE,datacenter_hw
24,GILD,software
24,GLD,ai_chip
24,GLW,industrial
24,GM,software
24,GOOG,industrial
24,GRMN,ai_chip
24,GS,real_estate
24,GTLB,datacenter_hw
24,HD,finance
24,HLT,ai_chip
24,HON,software
24,HOOD,real_estate
24,HPE,ai_chip
24,HUBS,healthcare
24,IBM,industrial
24,INTC,energy
24,INTU,healthcare
24,JNJ,healthcare
24,JPM,finance
24,KLAC,industrial
24,KMI,ai_chip
24,KO,industrial
24,LHX,consumer
24,LITE,datacenter_hw
24,LLY,energy
24,LMT,finance
24,LOW,software
24,LRCX,software
24,MA,software
24,MCD,utility
24,MCHP,healthcare
24,MDB,finance
24,MDT,industrial
24,META,software
24,MMM,ai_chip
24,MO,energy
24,MPWR,industrial
24,MRK,giant_tech
24,MRVL,industrial
24,MS,software
24,MSFT,consumer
24,MU,software
24,NEE,giant_tech
24,NEM,industrial
24,NET,software
24,NFLX,software
24,NOW,finance
24,NVDA,ai_chip
24,NVO,giant_tech
24,NVTS,software
24,NXPI,software
24,OKTA,finance
24,ON,ai_chip
24,ORCL,consumer
24,OXY,giant_tech
24,PANW,finance
24,PCTY,consumer
24,PG,benchmark
24,PGR,consumer
24,PH,finance
24,PLTR,giant_tech
24,PM,software
24,PNC,ai_chip
24,PYPL,giant_tech
24,QCOM,software
24,RBLX,commodity
24,RKLB,software
24,ROST,finance
24,RTX,healthcare
24,SCHW,industrial
24,SHOP,giant_tech
24,SMCI,finance
24,SNOW,finance
24,SO,software
24,SOFI,industrial
24,SPCX,energy
24,SPG,industrial
24,SPOT,finance
24,SPY,datacenter_hw
24,T,ai_chip
24,TEAM,utility
24,TJX,datacenter_hw
24,TLT,datacenter_hw
24,TMO,utility
24,TSLA,consumer
24,TSM,giant_tech
24,TXN,industrial
24,UNH,software
24,UNP,software
24,V,healthcare
24,VLO,ai_chip
24,VRT,software
24,VTR,industrial
24,WDAY,healthcare
24,WDC,healthcare
24,WELL,energy
24,WFC,ai_chip
24,WMB,consumer
24,WMT,industrial
24,XLE,ai_chip
24,XLF,finance
24,XLI,finance
24,XLK,consumer
24,XLU,finance
24,XLV,consumer
24,XLY,healthcare
24,XOM,healthcare
24,ZM,consumer
24,ZS,energy
25,AAPL,consumer
25,ABBV,datacenter_hw
25,ADBE,consumer
25,ADI,commodity
25,AEP,finance
25,AFRM,finance
25,AMAT,datacenter_hw
25,AMD,finance
25,AMZN,consumer
25,ANET,ai_chip
25,APH,ai_chip
25,APP,consumer
25,ASML,consumer
25,ATI,healthcare
25,AVGO,consumer
25,AXP,ai_chip
25,BA,consumer
25,BAC,consumer
25,BLK,healthcare
25,BMY,software
25,BWXT,consumer
25,C,datacenter_hw
25,CAT,industrial
25,CME,healthcare
25,CMG,consumer
25,COHR,ai_chip
25,COIN,industrial
25,COST,energy
25,CRM,finance
25,CRWD,giant_tech
25,CRWV,finance
25,CSCO,ai_chip
25,CVS,industrial
25,CVX,energy
25,D,datacenter_hw
25,DDOG,finance
25,DE,healthcare
25,DELL,finance
25,DLR,datacenter_hw
25,DOCU,giant_tech
25,DUK,software
25,EME,software
25,EMR,industrial
25,EOG,industrial
25,EQIX,industrial
25,ESTC,healthcare
25,ETN,industrial
25,FDX,ai_chip
25,FTNT,finance
25,GE,software
25,GILD,consumer
25,GLD,finance
25,GLW,ai_chip
25,GM,software
25,GOOG,industrial
25,GRMN,giant_tech
25,GS,consumer
25,GTLB,industrial
25,HD,industrial
25,HLT,datacenter_hw
25,HON,ai_chip
25,HOOD,software
25,HPE,healthcare
25,HUBS,industrial
25,IBM,giant_tech
25,INTC,ai_chip
25,INTU,healthcare
25,JNJ,software
25,JPM,finance
25,KLAC,software
25,KMI,datacenter_hw
25,KO,finance
25,LHX,giant_tech
25,LITE,finance
25,LLY,ai_chip
25,LMT,healthcare
25,LOW,ai_chip
25,LRCX,finance
25,MA,real_estate
25,MCD,finance
25,MCHP,datacenter_hw
25,MDB,consumer
25,MDT,healthcare
25,META,software
25,MMM,software
25,MO,software
25,MPWR,software
25,MRK,ai_chip
25,MRVL,software
25,MS,industrial
25,MSFT,datacenter_hw
25,MU,real_estate
25,NEE,consumer
25,NEM,energy
25,NET,ai_chip
25,NFLX,industrial
25,NOW,giant_tech
25,NVDA,healthcare
25,NVO,industrial
25,NVTS,software
25,NXPI,software
25,OKTA,utility
25,ON,software
25,ORCL,ai_chip
25,OXY,software
25,PANW,commodity
25,PCTY,datacenter_hw
25,PG,finance
25,PGR,healthcare
25,PH,ai_chip
25,PLTR,giant_tech
25,PM,software
25,PNC,consumer
25,PYPL,energy
25,QCOM,energy
25,RBLX,finance
25,RKLB,datacenter_hw
25,ROST,telecom
25,RTX,real_estate
25,SCHW,industrial
25,SHOP,healthcare
25,SMCI,energy
25,SNOW,defensive_bonds
25,SO,industrial
25,SOFI,giant_tech
25,SPCX,utility
25,SPG,datacenter_hw
25,SPOT,ai_chip
25,SPY,finance
25,T,industrial
25,TEAM,utility
25,TJX,consumer
25,TLT,software
25,TMO,datacenter_hw
25,TSLA,software
25,TSM,industrial
25,TXN,software
25,UNH,energy
25,UNP,utility
25,V,benchmark
25,VLO,ai_chip
25,VRT,utility
25,VTR,ai_chip
25,WDAY,software
25,WDC,giant_tech
25,WELL,utility
25,WFC,software
25,WMB,ai_chip
25,WMT,datacenter_hw
25,XLE,finance
25,XLF,finance
25,XLI,software
25,XLK,energy
25,XLU,industrial
25,XLV,software
25,XLY,software
25,XOM,finance
25,ZM,industrial
25,ZS,industrial
26,AAPL,healthcare
26,ABBV,utility
26,ADBE,benchmark
26,ADI,healthcare
26,AEP,software
26,AFRM,giant_tech
26,AMAT,software
26,AMD,consumer
26,AMZN,finance
26,ANET,real_estate
26,APH,software
26,APP,giant_tech
26,ASML,industrial
26,ATI,software
26,AVGO,energy
26,AXP,giant_tech
26,BA,defensive_bonds
26,BAC,software
26,BLK,finance
26,BMY,consumer
26,BWXT,energy
26,C,software
26,CAT,datacenter_hw
26,CME,software
26,CMG,ai_chip
26,COHR,finance
26,COIN,industrial
26,COST,healthcare
26,CRM,finance
26,CRWD,software
26,CRWV,ai_chip
26,CSCO,finance
26,CVS,ai_chip
26,CVX,industrial
26,D,energy
26,DDOG,finance
26,DE,healthcare
26,DELL,giant_tech
26,DLR,industrial
26,DOCU,consumer
26,DUK,finance
26,EME,ai_chip
26,EMR,real_estate
26,EOG,healthcare
26,EQIX,finance
26,ESTC,software
26,ETN,energy
26,FDX,industrial
26,FTNT,software
26,GE,finance
26,GILD,finance
26,GLD,datacenter_hw
26,GLW,datacenter_hw
26,GM,utility
26,GOOG,industrial
26,GRMN,datacenter_hw
26,GS,industrial
26,GTLB,ai_chip
26,HD,ai_chip
26,HLT,software
26,HON,datacenter_hw
26,HOOD,finance
26,HPE,software
26,HUBS,ai_chip
26,IBM,software
26,INTC,software
26,INTU,software
26,JNJ,consumer
26,JPM,energy
26,KLAC,energy
26,KMI,datacenter_hw
26,KO,software
26,LHX,healthcare
26,LITE,giant_tech
26,LLY,datacenter_hw
26,LMT,real_estate
26,LOW,finance
26,LRCX,ai_chip
26,MA,consumer
26,MCD,energy
26,MCHP,finance
26,MDB,ai_chip
26,MDT,datacenter_hw
26,META,ai_chip
26,MMM,industrial
26,MO,consumer
26,MPWR,industrial
26,MRK,finance
26,MRVL,telecom
26,MS,giant_tech
26,MSFT,healthcare
26,MU,utility
26,NEE,consumer
26,NEM,ai_chip
26,NET,industrial
26,NFLX,software
26,NOW,ai_chip
26,NVDA,utility
26,NVO,finance
26,NVTS,commodity
26,NXPI,consumer
26,OKTA,industrial
26,ON,industrial
26,ORCL,ai_chip
26,OXY,software
26,PANW,datacenter_hw
26,PCTY,industrial
26,PG,datacenter_hw
26,PGR,ai_chip
26,PH,healthcare
26,PLTR,consumer
26,PM,finance
26,PNC,finance
26,PYPL,datacenter_hw
26,QCOM,industrial
26,RBLX,consumer
26,RKLB,giant_tech
26,ROST,consumer
26,RTX,software
26,SCHW,utility
26,SHOP,giant_tech
26,SMCI,ai_chip
26,SNOW,industrial
26,SO,datacenter_hw
26,SOFI,datacenter_hw
26,SPCX,utility
26,SPG,datacenter_hw
26,SPOT,healthcare
26,SPY,finance
26,T,software
26,TEAM,industrial
26,TJX,consumer
26,TLT,ai_chip
26,TMO,consumer
26,TSLA,software
26,TSM,finance
26,TXN,healthcare
26,UNH,ai_chip
26,UNP,industrial
26,V,energy
26,VLO,software
26,VRT,consumer
26,VTR,software
26,WDAY,giant_tech
26,WDC,consumer
26,WELL,industrial
26,WFC,industrial
26,WMB,consumer
26,WMT,healthcare
26,XLE,ai_chip
26,XLF,software
26,XLI,ai_chip
26,XLK,healthcare
26,XLU,industrial
26,XLV,software
26,XLY,commodity
26,XOM,industrial
26,ZM,finance
26,ZS,software
27,AAPL,consumer
27,ABBV,finance
27,ADBE,software
27,ADI,energy
27,AEP,utility
27,AFRM,software
27,AMAT,benchmark
27,AMD,giant_tech
27,AMZN,commodity
27,ANET,industrial
27,APH,giant_tech
27,APP,consumer
27,ASML,consumer
27,ATI,healthcare
27,AVGO,software
27,AXP,datacenter_hw
27,BA,ai_chip
27,BAC,ai_chip
27,BLK,finance
27,BMY,utility
27,BWXT,software
27,C,finance
27,CAT,finance
27,CME,giant_tech
27,CMG,industrial
27,COHR,energy
27,COIN,finance
27,COST,datacenter_hw
27,CRM,defensive_bonds
27,CRWD,utility
27,CRWV,ai_chip
27,CSCO,datacenter_hw
27,CVS,finance
27,CVX,software
27,D,ai_chip
27,DDOG,giant_tech
27,DE,software
27,DELL,ai_chip
27,DLR,ai_chip
27,DOCU,software
27,DUK,software
27,EME,consumer
27,EMR,industrial
27,EOG,industrial
27,EQIX,ai_chip
27,ESTC,ai_chip
27,ETN,software
27,FDX,energy
27,FTNT,datacenter_hw
27,GE,finance
27,GILD,consumer
27,GLD,software
27,GLW,datacenter_hw
27,GM,ai_chip
27,GOOG,datacenter_hw
27,GRMN,finance
27,GS,datacenter_hw
27,GTLB,consumer
27,HD,consumer
27,HLT,software
27,HON,industrial
27,HOOD,datacenter_hw
27,HPE,software
27,HUBS,healthcare
27,IBM,giant_tech
27,INTC,software
27,INTU,datacenter_hw
27,JNJ,energy
27,JPM,industrial
27,KLAC,industrial
27,KMI,industrial
27,KO,consumer
27,LHX,utility
27,LITE,consumer
27,LLY,finance
27,LMT,software
27,LOW,finance
27,LRCX,healthcare
27,MA,consumer
27,MCD,software
27,MCHP,ai_chip
27,MDB,ai_chip
27,MDT,industrial
27,META,utility
27,MMM,ai_chip
27,MO,real_estate
27,MPWR,software
27,MRK,healthcare
27,MRVL,industrial
27,MS,finance
27,MSFT,consumer
27,MU,ai_chip
27,NEE,energy
27,NEM,industrial
27,NET,finance
27,NFLX,energy
27,NOW,energy
27,NVDA,datacenter_hw
27,NVO,software
27,NVTS,ai_chip
27,NXPI,software
27,OKTA,industrial
27,ON,ai_chip
27,ORCL,healthcare
27,OXY,finance
27,PANW,datacenter_hw
27,PCTY,finance
27,PG,utility
27,PGR,consumer
27,PH,giant_tech
27,PLTR,ai_chip
27,PM,finance
27,PNC,healthcare
27,PYPL,finance
27,QCOM,healthcare
27,RBLX,healthcare
27,RKLB,software
27,ROST,ai_chip
27,RTX,consumer
27,SCHW,giant_tech
27,SHOP,software
27,SMCI,software
27,SNOW,healthcare
27,SO,software
27,SOFI,industrial
27,SPCX,giant_tech
27,SPG,industrial
27,SPOT,real_estate
27,SPY,finance
27,T,industrial
27,TEAM,software
27,TJX,software
27,TLT,finance
27,TMO,industrial
27,TSLA,telecom
27,TSM,healthcare
27,TXN,industrial
27,UNH,healthcare
27,UNP,giant_tech
27,V,consumer
27,VLO,industrial
27,VRT,finance
27,VTR,datacenter_hw
27,WDAY,industrial
27,WDC,software
27,WELL,datacenter_hw
27,WFC,software
27,WMB,industrial
27,WMT,ai_chip
27,XLE,energy
27,XLF,ai_chip
27,XLI,datacenter_hw
27,XLK,healthcare
27,XLU,finance
27,XLV,industrial
27,XLY,consumer
27,XOM,commodity
27,ZM,real_estate
27,ZS,consumer
28,AAPL,industrial
28,ABBV,datacenter_hw
28,ADBE,ai_chip
28,ADI,industrial
28,AEP,ai_chip
28,AFRM,finance
28,AMAT,energy
28,AMD,energy
28,AMZN,software
28,ANET,healthcare
28,APH,commodity
28,APP,consumer
28,ASML,finance
28,ATI,software
28,AVGO,industrial
28,AXP,industrial
28,BA,software
28,BAC,ai_chip
28,BLK,finance
28,BMY,consumer
28,BWXT,datacenter_hw
28,C,software
28,CAT,datacenter_hw
28,CME,industrial
28,CMG,utility
28,COHR,healthcare
28,COIN,ai_chip
28,COST,ai_chip
28,CRM,software
28,CRWD,ai_chip
28,CRWV,software
28,CSCO,giant_tech
28,CVS,ai_chip
28,CVX,industrial
28,D,finance
28,DDOG,benchmark
28,DE,software
28,DELL,healthcare
28,DLR,industrial
28,DOCU,industrial
28,DUK,software
28,EME,ai_chip
28,EMR,energy
28,EOG,healthcare
28,EQIX,healthcare
28,ESTC,giant_tech
28,ETN,giant_tech
28,FDX,consumer
28,FTNT,industrial
28,GE,utility
28,GILD,software
28,GLD,healthcare
28,GLW,ai_chip
28,GM,industrial
28,GOOG,software
28,GRMN,finance
28,GS,healthcare
28,GTLB,finance
28,HD,industrial
28,HLT,consumer
28,HON,industrial
28,HOOD,software
28,HPE,industrial
28,HUBS,finance
28,IBM,software
28,INTC,software
28,INTU,datacenter_hw
28,JNJ,ai_chip
28,JPM,real_estate
28,KLAC,software
28,KMI,datacenter_hw
28,KO,datacenter_hw
28,LHX,healthcare
28,LITE,software
28,LLY,healthcare
28,LMT,consumer
28,LOW,consumer
28,LRCX,utility
28,MA,industrial
28,MCD,finance
28,MCHP,giant_tech
28,MDB,ai_chip
28,MDT,industrial
28,META,datacenter_hw
28,MMM,finance
28,MO,software
28,MPWR,ai_chip
28,MRK,consumer
28,MRVL,finance
28,MS,software
28,MSFT,telecom
28,MU,datacenter_hw
28,NEE,commodity
28,NEM,industrial
28,NET,datacenter_hw
28,NFLX,consumer
28,NOW,ai_chip
28,NVDA,finance
28,NVO,real_estate
28,NVTS,software
28,NXPI,software
28,OKTA,energy
28,ON,software
28,ORCL,energy
28,OXY,software
28,PANW,utility
28,PCTY,giant_tech
28,PG,ai_chip
28,PGR,software
28,PH,industrial
28,PLTR,utility
28,PM,datacenter_hw
28,PNC,datacenter_hw
28,PYPL,datacenter_hw
28,QCOM,finance
28,RBLX,finance
28,RKLB,giant_tech
28,ROST,consumer
28,RTX,ai_chip
28,SCHW,defensive_bonds
28,SHOP,datacenter_hw
28,SMCI,software
28,SNOW,consumer
28,SO,industrial
28,SOFI,real_estate
28,SPCX,finance
28,SPG,energy
28,SPOT,ai_chip
28,SPY,ai_chip
28,T,industrial
28,TEAM,giant_tech
28,TJX,datacenter_hw
28,TLT,utility
28,TMO,consumer
28,TSLA,industrial
28,TSM,energy
28,TXN,giant_tech
28,UNH,ai_chip
28,UNP,giant_tech
28,V,finance
28,VLO,finance
28,VRT,consumer
28,VTR,consumer
28,WDAY,energy
28,WDC,software
28,WELL,consumer
28,WFC,finance
28,WMB,finance
28,WMT,healthcare
28,XLE,software
28,XLF,healthcare
28,XLI,ai_chip
28,XLK,industrial
28,XLU,consumer
28,XLV,finance
28,XLY,healthcare
28,XOM,consumer
28,ZM,finance
28,ZS,software
29,AAPL,commodity
29,ABBV,ai_chip
29,ADBE,software
29,ADI,giant_tech
29,AEP,consumer
29,AFRM,giant_tech
29,AMAT,ai_chip
29,AMD,software
29,AMZN,finance
29,ANET,consumer
29,APH,ai_chip
29,APP,industrial
29,ASML,software
29,ATI,energy
29,AVGO,energy
29,AXP,energy
29,BA,healthcare
29,BAC,datacenter_hw
29,BLK,finance
29,BMY,ai_chip
29,BWXT,healthcare
29,C,industrial
29,CAT,industrial
29,CME,giant_tech
29,CMG,software
29,COHR,energy
29,COIN,software
29,COST,benchmark
29,CRM,ai_chip
29,CRWD,healthcare
29,CRWV,software
29,CSCO,ai_chip
29,CVS,consumer
29,CVX,datacenter_hw
29,D,giant_tech
29,DDOG,industrial
29,DE,giant_tech
29,DELL,datacenter_hw
29,DLR,energy
29,DOCU,software
29,DUK,industrial
29,EME,healthcare
29,EMR,energy
29,EOG,real_estate
29,EQIX,datacenter_hw
29,ESTC,industrial
29,ETN,ai_chip
29,FDX,ai_chip
29,FTNT,datacenter_hw
29,GE,ai_chip
29,GILD,consumer
29,GLD,finance
29,GLW,healthcare
29,GM,finance
29,GOOG,datacenter_hw
29,GRMN,software
29,GS,consumer
29,GTLB,giant_tech
29,HD,industrial
29,HLT,industrial
29,HON,finance
29,HOOD,defensive_bonds
29,HPE,consumer
29,HUBS,industrial
29,IBM,finance
29,INTC,finance
29,INTU,industrial
29,JNJ,utility
29,JPM,software
29,KLAC,datacenter_hw
29,KMI,industrial
29,KO,software
29,LHX,industrial
29,LITE,datacenter_hw
29,LLY,industrial
29,LMT,industrial
29,LOW,energy
29,LRCX,software
29,MA,telecom
29,MCD,finance
29,MCHP,giant_tech
29,MDB,software
29,MDT,finance
29,META,software
29,MMM,utility
29,MO,giant_tech
29,MPWR,industrial
29,MRK,consumer
29,MRVL,healthcare
29,MS,finance
29,MSFT,datacenter_hw
29,MU,consumer
29,NEE,software
29,NEM,consumer
29,NET,finance
29,NFLX,ai_chip
29,NOW,ai_chip
29,NVDA,finance
29,NVO,finance
29,NVTS,software
29,NXPI,finance
29,OKTA,datacenter_hw
29,ON,software
29,ORCL,ai_chip
29,OXY,consumer
29,PANW,industrial
29,PCTY,ai_chip
29,PG,software
29,PGR,real_estate
29,PH,consumer
29,PLTR,utility
29,PM,ai_chip
29,PNC,datacenter_hw
29,PYPL,software
29,QCOM,utility
29,RBLX,giant_tech
29,RKLB,finance
29,ROST,healthcare
29,RTX,utility
29,SCHW,industrial
29,SHOP,software
29,SMCI,software
29,SNOW,ai_chip
29,SO,consumer
29,SOFI,finance
29,SPCX,healthcare
29,SPG,datacenter_hw
29,SPOT,software
29,SPY,software
29,T,datacenter_hw
29,TEAM,consumer
29,TJX,ai_chip
29,TLT,consumer
29,TMO,finance
29,TSLA,industrial
29,TSM,industrial
29,TXN,utility
29,UNH,healthcare
29,UNP,consumer
29,V,software
29,VLO,ai_chip
29,VRT,energy
29,VTR,datacenter_hw
29,WDAY,industrial
29,WDC,commodity
29,WELL,consumer
29,WFC,finance
29,WMB,finance
29,WMT,healthcare
29,XLE,healthcare
29,XLF,software
29,XLI,ai_chip
29,XLK,ai_chip
29,XLU,software
29,XLV,software
29,XLY,finance
29,XOM,real_estate
29,ZM,healthcare
29,ZS,industrial
30,AAPL,ai_chip
30,ABBV,finance
30,ADBE,healthcare
30,ADI,datacenter_hw
30,AEP,software
30,AFRM,finance
30,AMAT,ai_chip
30,AMD,datacenter_hw
30,AMZN,giant_tech
30,ANET,ai_chip
30,APH,software
30,APP,industrial
30,ASML,healthcare
30,ATI,giant_tech
30,AVGO,industrial
30,AXP,ai_chip
30,BA,energy
30,BAC,finance
30,BLK,datacenter_hw
30,BMY,healthcare
30,BWXT,industrial
30,C,finance
30,CAT,giant_tech
30,CME,consumer
30,CMG,healthcare
30,COHR,finance
30,COIN,utility
30,COST,utility
30,CRM,software
30,CRWD,software
30,CRWV,software
30,CSCO,finance
30,CVS,utility
30,CVX,industrial
30,D,ai_chip
30,DDOG,consumer
30,DE,ai_chip
30,DELL,industrial
30,DLR,industrial
30,DOCU,healthcare
30,DUK,energy
30,EME,ai_chip
30,EMR,ai_chip
30,EOG,industrial
30,EQIX,finance
30,ESTC,finance
30,ETN,consumer
30,FDX,datacenter_hw
30,FTNT,ai_chip
30,GE,datacenter_hw
30,GILD,industrial
30,GLD,real_estate
30,GLW,software
30,GM,giant_tech
30,GOOG,energy
30,GRMN,finance
30,GS,finance
30,GTLB,utility
30,HD,industrial
30,HLT,software
30,HON,datacenter_hw
30,HOOD,software
30,HPE,giant_tech
30,HUBS,healthcare
30,IBM,healthcare
30,INTC,healthcare
30,INTU,commodity
30,JNJ,industrial
30,JPM,industrial
30,KLAC,real_estate
30,KMI,finance
30,KO,datacenter_hw
30,LHX,ai_chip
30,LITE,software
30,LLY,ai_chip
30,LMT,finance
30,LOW,ai_chip
30,LRCX,healthcare
30,MA,finance
30,MCD,industrial
30,MCHP,software
30,MDB,datacenter_hw
30,MDT,consumer
30,META,software
30,MMM,software
30,MO,consumer
30,MPWR,finance
30,MRK,finance
30,MRVL,giant_tech
30,MS,software
30,MSFT,datacenter_hw
30,MU,industrial
30,NEE,energy
30,NEM,energy
30,NET,datacenter_hw
30,NFLX,software
30,NOW,ai_chip
30,NVDA,consumer
30,NVO,giant_tech
30,NVTS,software
30,NXPI,ai_chip
30,OKTA,industrial
30,ON,software
30,ORCL,software
30,OXY,software
30,PANW,energy
30,PCTY,software
30,PG,consumer
30,PGR,consumer
30,PH,finance
30,PLTR,industrial
30,PM,datacenter_hw
30,PNC,finance
30,PYPL,consumer
30,QCOM,ai_chip
30,RBLX,ai_chip
30,RKLB,consumer
30,ROST,software
30,RTX,energy
30,SCHW,software
30,SHOP,consumer
30,SMCI,energy
30,SNOW,healthcare
30,SO,commodity
30,SOFI,ai_chip
30,SPCX,datacenter_hw
30,SPG,benchmark
30,SPOT,consumer
30,SPY,ai_chip
30,T,consumer
30,TEAM,giant_tech
30,TJX,consumer
30,TLT,real_estate
30,TMO,finance
30,TSLA,finance
30,TSM,industrial
30,TXN,industrial
30,UNH,defensive_bonds
30,UNP,industrial
30,V,software
30,VLO,software
30,VRT,software
30,VTR,software
30,WDAY,ai_chip
30,WDC,consumer
30,WELL,industrial
30,WFC,consumer
30,WMB,finance
30,WMT,datacenter_hw
30,XLE,healthcare
30,XLF,telecom
30,XLI,utility
30,XLK,datacenter_hw
30,XLU,industrial
30,XLV,software
30,XLY,industrial
30,XOM,giant_tech
30,ZM,healthcare
30,ZS,utility
31,AAPL,software
31,ABBV,industrial
31,ADBE,consumer
31,ADI,ai_chip
31,AEP,telecom
31,AFRM,ai_chip
31,AMAT,software
31,AMD,software
31,AMZN,healthcare
31,ANET,finance
31,APH,ai_chip
31,APP,healthcare
31,ASML,giant_tech
31,ATI,finance
31,AVGO,ai_chip
31,AXP,consumer
31,BA,ai_chip
31,BAC,consumer
31,BLK,utility
31,BMY,giant_tech
31,BWXT,finance
31,C,finance
31,CAT,finance
31,CME,industrial
31,CMG,consumer
31,COHR,consumer
31,COIN,finance
31,COST,software
31,CRM,datacenter_hw
31,CRWD,finance
31,CRWV,software
31,CSCO,industrial
31,CVS,consumer
31,CVX,utility
31,D,energy
31,DDOG,healthcare
31,DE,ai_chip
31,DELL,industrial
31,DLR,healthcare
31,DOCU,ai_chip
31,DUK,software
31,EME,industrial
31,EMR,software
31,EOG,energy
31,EQIX,utility
31,ESTC,giant_tech
31,ETN,energy
31,FDX,software
31,FTNT,utility
31,GE,ai_chip
31,GILD,industrial
31,GLD,datacenter_hw
31,GLW,industrial
31,GM,datacenter_hw
31,GOOG,finance
31,GRMN,energy
31,GS,finance
31,GTLB,healthcare
31,HD,energy
31,HLT,datacenter_hw
31,HON,real_estate
31,HOOD,giant_tech
31,HPE,finance
31,HUBS,ai_chip
31,IBM,industrial
31,INTC,industrial
31,INTU,finance
31,JNJ,finance
31,JPM,industrial
31,KLAC,giant_tech
31,KMI,consumer
31,KO,healthcare
31,LHX,giant_tech
31,LITE,consumer
31,LLY,software
31,LMT,giant_tech
31,LOW,industrial
31,LRCX,healthcare
31,MA,consumer
31,MCD,software
31,MCHP,ai_chip
31,MDB,healthcare
31,MDT,consumer
31,META,consumer
31,MMM,real_estate
31,MO,software
31,MPWR,commodity
31,MRK,ai_chip
31,MRVL,finance
31,MS,finance
31,MSFT,ai_chip
31,MU,consumer
31,NEE,industrial
31,NEM,healthcare
31,NET,giant_tech
31,NFLX,healthcare
31,NOW,consumer
31,NVDA,ai_chip
31,NVO,industrial
31,NVTS,industrial
31,NXPI,software
31,OKTA,datacenter_hw
31,ON,datacenter_hw
31,ORCL,datacenter_hw
31,OXY,utility
31,PANW,industrial
31,PCTY,finance
31,PG,software
31,PGR,finance
31,PH,industrial
31,PLTR,industrial
31,PM,industrial
31,PNC,software
31,PYPL,software
31,QCOM,benchmark
31,RBLX,ai_chip
31,RKLB,ai_chip
31,ROST,ai_chip
31,RTX,finance
31,SCHW,industrial
31,SHOP,consumer
31,SMCI,defensive_bonds
31,SNOW,ai_chip
31,SO,ai_chip
31,SOFI,software
31,SPCX,software
31,SPG,software
31,SPOT,industrial
31,SPY,industrial
31,T,software
31,TEAM,energy
31,TJX,software
31,TLT,datacenter_hw
31,TMO,software
31,TSLA,datacenter_hw
31,TSM,energy
31,TXN,datacenter_hw
31,UNH,consumer
31,UNP,healthcare
31,V,utility
31,VLO,finance
31,VRT,software
31,VTR,software
31,WDAY,datacenter_hw
31,WDC,healthcare
31,WELL,software
31,WFC,commodity
31,WMB,datacenter_hw
31,WMT,finance
31,XLE,energy
31,XLF,finance
31,XLI,datacenter_hw
31,XLK,datacenter_hw
31,XLU,software
31,XLV,consumer
31,XLY,software
31,XOM,ai_chip
31,ZM,giant_tech
31,ZS,real_estate
32,AAPL,consumer
32,ABBV,healthcare
32,ADBE,finance
32,ADI,consumer
32,AEP,finance
32,AFRM,energy
32,AMAT,healthcare
32,AMD,software
32,AMZN,datacenter_hw
32,ANET,giant_tech
32,APH,giant_tech
32,APP,finance
32,ASML,energy
32,ATI,software
32,AVGO,industrial
32,AXP,giant_tech
32,BA,industrial
32,BAC,healthcare
32,BLK,software
32,BMY,datacenter_hw
32,BWXT,healthcare
32,C,software
32,CAT,finance
32,CME,ai_chip
32,CMG,industrial
32,COHR,industrial
32,COIN,finance
32,COST,software
32,CRM,giant_tech
32,CRWD,ai_chip
32,CRWV,healthcare
32,CSCO,finance
32,CVS,industrial
32,CVX,finance
32,D,datacenter_hw
32,DDOG,ai_chip
32,DE,ai_chip
32,DELL,giant_tech
32,DLR,industrial
32,DOCU,healthcare
32,DUK,consumer
32,EME,ai_chip
32,EMR,software
32,EOG,finance
32,EQIX,finance
32,ESTC,industrial
32,ETN,industrial
32,FDX,datacenter_hw
32,FTNT,industrial
32,GE,ai_chip
32,GILD,energy
32,GLD,finance
32,GLW,industrial
32,GM,utility
32,GOOG,ai_chip
32,GRMN,energy
32,GS,consumer
32,GTLB,datacenter_hw
32,HD,software
32,HLT,consumer
32,HON,finance
32,HOOD,consumer
32,HPE,utility
32,HUBS,real_estate
32,IBM,finance
32,INTC,ai_chip
32,INTU,benchmark
32,JNJ,software
32,JPM,ai_chip
32,KLAC,consumer
32,KMI,consumer
32,KO,industrial
32,LHX,industrial
32,LITE,real_estate
32,LLY,datacenter_hw
32,LMT,ai_chip
32,LOW,utility
32,LRCX,industrial
32,MA,software
32,MCD,healthcare
32,MCHP,healthcare
32,MDB,consumer
32,MDT,industrial
32,META,industrial
32,MMM,datacenter_hw
32,MO,datacenter_hw
32,MPWR,industrial
32,MRK,finance
32,MRVL,telecom
32,MS,finance
32,MSFT,software
32,MU,industrial
32,NEE,giant_tech
32,NEM,ai_chip
32,NET,ai_chip
32,NFLX,datacenter_hw
32,NOW,utility
32,NVDA,datacenter_hw
32,NVO,datacenter_hw
32,NVTS,finance
32,NXPI,ai_chip
32,OKTA,consumer
32,ON,consumer
32,ORCL,healthcare
32,OXY,software
32,PANW,utility
32,PCTY,giant_tech
32,PG,ai_chip
32,PGR,industrial
32,PH,software
32,PLTR,healthcare
32,PM,software
32,PNC,software
32,PYPL,finance
32,QCOM,energy
32,RBLX,commodity
32,RKLB,finance
32,ROST,consumer
32,RTX,consumer
32,SCHW,utility
32,SHOP,industrial
32,SMCI,software
32,SNOW,software
32,SO,ai_chip
32,SOFI,software
32,SPCX,healthcare
32,SPG,software
32,SPOT,datacenter_hw
32,SPY,giant_tech
32,T,software
32,TEAM,software
32,TJX,ai_chip
32,TLT,finance
32,TMO,datacenter_hw
32,TSLA,software
32,TSM,consumer
32,TXN,energy
32,UNH,software
32,UNP,industrial
32,V,consumer
32,VLO,real_estate
32,VRT,energy
32,VTR,ai_chip
32,WDAY,consumer
32,WDC,finance
32,WELL,software
32,WFC,giant_tech
32,WMB,datacenter_hw
32,WMT,industrial
32,XLE,defensive_bonds
32,XLF,ai_chip
32,XLI,ai_chip
32,XLK,software
32,XLU,software
32,XLV,finance
32,XLY,healthcare
32,XOM,software
32,ZM,commodity
32,ZS,energy
33,AAPL,software
33,ABBV,commodity
33,ADBE,ai_chip
33,ADI,healthcare
33,AEP,healthcare
33,AFRM,consumer
33,AMAT,real_estate
33,AMD,commodity
33,AMZN,energy
33,ANET,finance
33,APH,software
33,APP,utility
33,ASML,industrial
33,ATI,software
33,AVGO,software
33,AXP,industrial
33,BA,datacenter_hw
33,BAC,finance
33,BLK,industrial
33,BMY,healthcare
33,BWXT,giant_tech
33,C,finance
33,CAT,energy
33,CME,software
33,CMG,ai_chip
33,COHR,ai_chip
33,COIN,giant_tech
33,COST,consumer
33,CRM,ai_chip
33,CRWD,datacenter_hw
33,CRWV,finance
33,CSCO,utility
33,CVS,ai_chip
33,CVX,ai_chip
33,D,industrial
33,DDOG,real_estate
33,DE,giant_tech
33,DELL,finance
33,DLR,energy
33,DOCU,giant_tech
33,DUK,finance
33,EME,datacenter_hw
33,EMR,software
33,EOG,industrial
33,EQIX,software
33,ESTC,software
33,ETN,software
33,FDX,industrial
33,FTNT,healthcare
33,GE,software
33,GILD,datacenter_hw
33,GLD,software
33,GLW,healthcare
33,GM,industrial
33,GOOG,healthcare
33,GRMN,energy
33,GS,consumer
33,GTLB,finance
33,HD,healthcare
33,HLT,ai_chip
33,HON,software
33,HOOD,consumer
33,HPE,giant_tech
33,HUBS,software
33,IBM,healthcare
33,INTC,software
33,INTU,industrial
33,JNJ,datacenter_hw
33,JPM,giant_tech
33,KLAC,software
33,KMI,consumer
33,KO,consumer
33,LHX,finance
33,LITE,finance
33,LLY,consumer
33,LMT,datacenter_hw
33,LOW,energy
33,LRCX,industrial
33,MA,finance
33,MCD,healthcare
33,MCHP,healthcare
33,MDB,software
33,MDT,industrial
33,META,software
33,MMM,finance
33,MO,telecom
33,MPWR,consumer
33,MRK,finance
33,MRVL,datacenter_hw
33,MS,ai_chip
33,MSFT,consumer
33,MU,consumer
33,NEE,software
33,NEM,ai_chip
33,NET,consumer
33,NFLX,ai_chip
33,NOW,software
33,NVDA,industrial
33,NVO,finance
33,NVTS,ai_chip
33,NXPI,industrial
33,OKTA,benchmark
33,ON,defensive_bonds
33,ORCL,datacenter_hw
33,OXY,healthcare
33,PANW,finance
33,PCTY,consumer
33,PG,utility
33,PGR,ai_chip
33,PH,datacenter_hw
33,PLTR,consumer
33,PM,utility
33,PNC,industrial
33,PYPL,ai_chip
33,QCOM,industrial
33,RBLX,ai_chip
33,RKLB,industrial
33,ROST,giant_tech
33,RTX,finance
33,SCHW,ai_chip
33,SHOP,datacenter_hw
33,SMCI,utility
33,SNOW,ai_chip
33,SO,industrial
33,SOFI,software
33,SPCX,energy
33,SPG,software
33,SPOT,industrial
33,SPY,industrial
33,T,ai_chip
33,TEAM,datacenter_hw
33,TJX,software
33,TLT,ai_chip
33,TMO,ai_chip
33,TSLA,datacenter_hw
33,TSM,finance
33,TXN,utility
33,UNH,software
33,UNP,finance
33,V,real_estate
33,VLO,datacenter_hw
33,VRT,software
33,VTR,software
33,WDAY,industrial
33,WDC,software
33,WELL,giant_tech
33,WFC,consumer
33,WMB,finance
33,WMT,finance
33,XLE,giant_tech
33,XLF,energy
33,XLI,energy
33,XLK,consumer
33,XLU,datacenter_hw
33,XLV,industrial
33,XLY,industrial
33,XOM,healthcare
33,ZM,consumer
33,ZS,finance
34,AAPL,consumer
34,ABBV,software
34,ADBE,software
34,ADI,giant_tech
34,AEP,finance
34,AFRM,finance
34,AMAT,utility
34,AMD,finance
34,AMZN,software
34,ANET,ai_chip
34,APH,ai_chip
34,APP,industrial
34,ASML,software
34,ATI,consumer
34,AVGO,datacenter_hw
34,AXP,utility
34,BA,finance
34,BAC,software
34,BLK,software
34,BMY,finance
34,BWXT,consumer
34,C,finance
34,CAT,commodity
34,CME,datacenter_hw
34,CMG,healthcare
34,COHR,software
34,COIN,datacenter_hw
34,COST,software
34,CRM,finance
34,CRWD,consumer
34,CRWV,giant_tech
34,CSCO,industrial
34,CVS,consumer
34,CVX,industrial
34,D,ai_chip
34,DDOG,software
34,DE,energy
34,DELL,real_estate
34,DLR,energy
34,DOCU,industrial
34,DUK,utility
34,EME,software
34,EMR,consumer
34,EOG,software
34,EQIX,industrial
34,ESTC,datacenter_hw
34,ETN,software
34,FDX,healthcare
34,FTNT,datacenter_hw
34,GE,finance
34,GILD,finance
34,GLD,utility
34,GLW,consumer
34,GM,real_estate
34,GOOG,software
34,GRMN,telecom
34,GS,industrial
34,GTLB,software
34,HD,healthcare
34,HLT,consumer
34,HON,utility
34,HOOD,consumer
34,HPE,datacenter_hw
34,HUBS,finance
34,IBM,finance
34,INTC,healthcare
34,INTU,healthcare
34,JNJ,industrial
34,JPM,ai_chip
34,KLAC,healthcare
34,KMI,giant_tech
34,KO,industrial
34,LHX,healthcare
34,LITE,giant_tech
34,LLY,software
34,LMT,ai_chip
34,LOW,consumer
34,LRCX,software
34,MA,giant_tech
34,MCD,energy
34,MCHP,finance
34,MDB,finance
34,MDT,ai_chip
34,META,giant_tech
34,MMM,finance
34,MO,healthcare
34,MPWR,industrial
34,MRK,benchmark
34,MRVL,industrial
34,MS,finance
34,MSFT,industrial
34,MU,energy
34,NEE,ai_chip
34,NEM,ai_chip
34,NET,software
34,NFLX,industrial
34,NOW,finance
34,NVDA,giant_tech
34,NVO,industrial
34,NVTS,finance
34,NXPI,software
34,OKTA,finance
34,ON,ai_chip
34,ORCL,consumer
34,OXY,consumer
34,PANW,giant_tech
34,PCTY,healthcare
34,PG,datacenter_hw
34,PGR,software
34,PH,ai_chip
34,PLTR,real_estate
34,PM,industrial
34,PNC,datacenter_hw
34,PYPL,defensive_bonds
34,QCOM,giant_tech
34,RBLX,industrial
34,RKLB,healthcare
34,ROST,software
34,RTX,ai_chip
34,SCHW,industrial
34,SHOP,consumer
34,SMCI,industrial
34,SNOW,industrial
34,SO,ai_chip
34,SOFI,ai_chip
34,SPCX,software
34,SPG,energy
34,SPOT,ai_chip
34,SPY,ai_chip
34,T,ai_chip
34,TEAM,industrial
34,TJX,finance
34,TLT,software
34,TMO,ai_chip
34,TSLA,datacenter_hw
34,TSM,industrial
34,TXN,commodity
34,UNH,datacenter_hw
34,UNP,datacenter_hw
34,V,energy
34,VLO,energy
34,VRT,healthcare
34,VTR,software
34,WDAY,software
34,WDC,datacenter_hw
34,WELL,consumer
34,WFC,software
34,WMB,consumer
34,WMT,datacenter_hw
34,XLE,energy
34,XLF,finance
34,XLI,healthcare
34,XLK,datacenter_hw
34,XLU,consumer
34,XLV,ai_chip
34,XLY,software
34,XOM,utility
34,ZM,ai_chip
34,ZS,industrial
35,AAPL,energy
35,ABBV,utility
35,ADBE,giant_tech
35,ADI,real_estate
35,AEP,industrial
35,AFRM,utility
35,AMAT,datacenter_hw
35,AMD,energy
35,AMZN,consumer
35,ANET,benchmark
35,APH,industrial
35,APP,finance
35,ASML,real_estate
35,ATI,finance
35,AVGO,giant_tech
35,AXP,ai_chip
35,BA,healthcare
35,BAC,finance
35,BLK,finance
35,BMY,finance
35,BWXT,finance
35,C,healthcare
35,CAT,datacenter_hw
35,CME,consumer
35,CMG,finance
35,COHR,software
35,COIN,ai_chip
35,COST,software
35,CRM,consumer
35,CRWD,consumer
35,CRWV,finance
35,CSCO,consumer
35,CVS,industrial
35,CVX,software
35,D,ai_chip
35,DDOG,finance
35,DE,consumer
35,DELL,giant_tech
35,DLR,consumer
35,DOCU,datacenter_hw
35,DUK,utility
35,EME,datacenter_hw
35,EMR,ai_chip
35,EOG,industrial
35,EQIX,software
35,ESTC,consumer
35,ETN,consumer
35,FDX,software
35,FTNT,industrial
35,GE,software
35,GILD,finance
35,GLD,industrial
35,GLW,finance
35,GM,software
35,GOOG,healthcare
35,GRMN,ai_chip
35,GS,industrial
35,GTLB,finance
35,HD,datacenter_hw
35,HLT,ai_chip
35,HON,ai_chip
35,HOOD,industrial
35,HPE,consumer
35,HUBS,software
35,IBM,industrial
35,INTC,giant_tech
35,INTU,finance
35,JNJ,energy
35,JPM,software
35,KLAC,datacenter_hw
35,KMI,industrial
35,KO,datacenter_hw
35,LHX,commodity
35,LITE,ai_chip
35,LLY,utility
35,LMT,ai_chip
35,LOW,industrial
35,LRCX,software
35,MA,software
35,MCD,utility
35,MCHP,giant_tech
35,MDB,ai_chip
35,MDT,datacenter_hw
35,META,finance
35,MMM,industrial
35,MO,industrial
35,MPWR,software
35,MRK,consumer
35,MRVL,industrial
35,MS,healthcare
35,MSFT,datacenter_hw
35,MU,datacenter_hw
35,NEE,energy
35,NEM,consumer
35,NET,software
35,NFLX,software
35,NOW,datacenter_hw
35,NVDA,industrial
35,NVO,real_estate
35,NVTS,healthcare
35,NXPI,software
35,OKTA,finance
35,ON,finance
35,ORCL,energy
35,OXY,energy
35,PANW,ai_chip
35,PCTY,defensive_bonds
35,PG,software
35,PGR,software
35,PH,industrial
35,PLTR,consumer
35,PM,industrial
35,PNC,finance
35,PYPL,ai_chip
35,QCOM,software
35,RBLX,software
35,RKLB,utility
35,ROST,telecom
35,RTX,energy
35,SCHW,software
35,SHOP,finance
35,SMCI,healthcare
35,SNOW,ai_chip
35,SO,datacenter_hw
35,SOFI,giant_tech
35,SPCX,software
35,SPG,industrial
35,SPOT,software
35,SPY,healthcare
35,T,consumer
35,TEAM,consumer
35,TJX,industrial
35,TLT,software
35,TMO,commodity
35,TSLA,ai_chip
35,TSM,giant_tech
35,TXN,healthcare
35,UNH,datacenter_hw
35,UNP,industrial
35,V,software
35,VLO,datacenter_hw
35,VRT,healthcare
35,VTR,finance
35,WDAY,ai_chip
35,WDC,ai_chip
35,WELL,consumer
35,WFC,software
35,WMB,ai_chip
35,WMT,healthcare
35,XLE,finance
35,XLF,healthcare
35,XLI,ai_chip
35,XLK,healthcare
35,XLU,ai_chip
35,XLV,software
35,XLY,giant_tech
35,XOM,giant_tech
35,ZM,industrial
35,ZS,energy
36,AAPL,real_estate
36,ABBV,finance
36,ADBE,consumer
36,ADI,industrial
36,AEP,datacenter_hw
36,AFRM,energy
36,AMAT,consumer
36,AMD,software
36,AMZN,consumer
36,ANET,datacenter_hw
36,APH,ai_chip
36,APP,energy
36,ASML,giant_tech
36,ATI,software
36,AVGO,ai_chip
36,AXP,giant_tech
36,BA,healthcare
36,BAC,datacenter_hw
36,BLK,healthcare
36,BMY,datacenter_hw
36,BWXT,finance
36,C,ai_chip
36,CAT,industrial
36,CME,industrial
36,CMG,giant_tech
36,COHR,software
36,COIN,software
36,COST,real_estate
36,CRM,ai_chip
36,CRWD,utility
36,CRWV,ai_chip
36,CSCO,giant_tech
36,CVS,healthcare
36,CVX,energy
36,D,finance
36,DDOG,healthcare
36,DE,commodity
36,DELL,industrial
36,DLR,datacenter_hw
36,DOCU,industrial
36,DUK,consumer
36,EME,consumer
36,EMR,finance
36,EOG,ai_chip
36,EQIX,healthcare
36,ESTC,software
36,ETN,industrial
36,FDX,giant_tech
36,FTNT,finance
36,GE,utility
36,GILD,datacenter_hw
36,GLD,real_estate
36,GLW,industrial
36,GM,finance
36,GOOG,software
36,GRMN,software
36,GS,consumer
36,GTLB,datacenter_hw
36,HD,finance
36,HLT,giant_tech
36,HON,finance
36,HOOD,utility
36,HPE,giant_tech
36,HUBS,ai_chip
36,IBM,consumer
36,INTC,commodity
36,INTU,ai_chip
36,JNJ,software
36,JPM,industrial
36,KLAC,software
36,KMI,industrial
36,KO,industrial
36,LHX,industrial
36,LITE,healthcare
36,LLY,finance
36,LMT,healthcare
36,LOW,healthcare
36,LRCX,software
36,MA,telecom
36,MCD,consumer
36,MCHP,software
36,MDB,finance
36,MDT,consumer
36,META,ai_chip
36,MMM,healthcare
36,MO,software
36,MPWR,software
36,MRK,industrial
36,MRVL,ai_chip
36,MS,consumer
36,MSFT,finance
36,MU,ai_chip
36,NEE,datacenter_hw
36,NEM,datacenter_hw
36,NET,industrial
36,NFLX,datacenter_hw
36,NOW,finance
36,NVDA,software
36,NVO,finance
36,NVTS,software
36,NXPI,consumer
36,OKTA,healthcare
36,ON,software
36,ORCL,defensive_bonds
36,OXY,finance
36,PANW,healthcare
36,PCTY,software
36,PG,energy
36,PGR,utility
36,PH,healthcare
36,PLTR,finance
36,PM,giant_tech
36,PNC,industrial
36,PYPL,finance
36,QCOM,software
36,RBLX,industrial
36,RKLB,ai_chip
36,ROST,consumer
36,RTX,datacenter_hw
36,SCHW,benchmark
36,SHOP,energy
36,SMCI,consumer
36,SNOW,finance
36,SO,consumer
36,SOFI,giant_tech
36,SPCX,consumer
36,SPG,utility
36,SPOT,consumer
36,SPY,datacenter_hw
36,T,software
36,TEAM,industrial
36,TJX,datacenter_hw
36,TLT,software
36,TMO,datacenter_hw
36,TSLA,industrial
36,TSM,energy
36,TXN,finance
36,UNH,finance
36,UNP,ai_chip
36,V,industrial
36,VLO,software
36,VRT,industrial
36,VTR,energy
36,WDAY,ai_chip
36,WDC,ai_chip
36,WELL,software
36,WFC,industrial
36,WMB,finance
36,WMT,ai_chip
36,XLE,energy
36,XLF,ai_chip
36,XLI,utility
36,XLK,industrial
36,XLU,software
36,XLV,software
36,XLY,ai_chip
36,XOM,software
36,ZM,software
36,ZS,ai_chip
37,AAPL,software
37,ABBV,healthcare
37,ADBE,giant_tech
37,ADI,ai_chip
37,AEP,ai_chip
37,AFRM,ai_chip
37,AMAT,software
37,AMD,finance
37,AMZN,energy
37,ANET,telecom
37,APH,ai_chip
37,APP,ai_chip
37,ASML,software
37,ATI,energy
37,AVGO,datacenter_hw
37,AXP,software
37,BA,consumer
37,BAC,datacenter_hw
37,BLK,finance
37,BMY,consumer
37,BWXT,consumer
37,C,consumer
37,CAT,utility
37,CME,giant_tech
37,CMG,finance
37,COHR,datacenter_hw
37,COIN,finance
37,COST,commodity
37,CRM,software
37,CRWD,finance
37,CRWV,industrial
37,CSCO,finance
37,CVS,datacenter_hw
37,CVX,giant_tech
37,D,consumer
37,DDOG,industrial
37,DE,industrial
37,DELL,industrial
37,DLR,utility
37,DOCU,industrial
37,DUK,utility
37,EME,finance
37,EMR,finance
37,EOG,healthcare
37,EQIX,industrial
37,ESTC,energy
37,ETN,giant_tech
37,FDX,industrial
37,FTNT,software
37,GE,ai_chip
37,GILD,ai_chip
37,GLD,consumer
37,GLW,consumer
37,GM,industrial
37,GOOG,consumer
37,GRMN,healthcare
37,GS,utility
37,GTLB,utility
37,HD,healthcare
37,HLT,benchmark
37,HON,finance
37,HOOD,industrial
37,HPE,datacenter_hw
37,HUBS,industrial
37,IBM,ai_chip
37,INTC,finance
37,INTU,real_estate
37,JNJ,utility
37,JPM,ai_chip
37,KLAC,industrial
37,KMI,ai_chip
37,KO,ai_chip
37,LHX,software
37,LITE,software
37,LLY,consumer
37,LMT,healthcare
37,LOW,finance
37,LRCX,datacenter_hw
37,MA,industrial
37,MCD,energy
37,MCHP,industrial
37,MDB,ai_chip
37,MDT,software
37,META,ai_chip
37,MMM,industrial
37,MO,software
37,MPWR,giant_tech
37,MRK,software
37,MRVL,datacenter_hw
37,MS,software
37,MSFT,consumer
37,MU,industrial
37,NEE,giant_tech
37,NEM,software
37,NET,finance
37,NFLX,software
37,NOW,finance
37,NVDA,finance
37,NVO,ai_chip
37,NVTS,finance
37,NXPI,datacenter_hw
37,OKTA,commodity
37,ON,energy
37,ORCL,energy
37,OXY,software
37,PANW,energy
37,PCTY,software
37,PG,healthcare
37,PGR,industrial
37,PH,software
37,PLTR,finance
37,PM,giant_tech
37,PNC,healthcare
37,PYPL,consumer
37,QCOM,ai_chip
37,RBLX,ai_chip
37,RKLB,industrial
37,ROST,healthcare
37,RTX,finance
37,SCHW,finance
37,SHOP,software
37,SMCI,software
37,SNOW,giant_tech
37,SO,ai_chip
37,SOFI,finance
37,SPCX,datacenter_hw
37,SPG,software
37,SPOT,healthcare
37,SPY,energy
37,T,software
37,TEAM,industrial
37,TJX,datacenter_hw
37,TLT,consumer
37,TMO,datacenter_hw
37,TSLA,industrial
37,TSM,industrial
37,TXN,real_estate
37,UNH,software
37,UNP,consumer
37,V,finance
37,VLO,software
37,VRT,giant_tech
37,VTR,healthcare
37,WDAY,healthcare
37,WDC,real_estate
37,WELL,healthcare
37,WFC,consumer
37,WMB,software
37,WMT,software
37,XLE,datacenter_hw
37,XLF,ai_chip
37,XLI,datacenter_hw
37,XLK,datacenter_hw
37,XLU,consumer
37,XLV,industrial
37,XLY,ai_chip
37,XOM,defensive_bonds
37,ZM,software
37,ZS,consumer
38,AAPL,industrial
38,ABBV,industrial
38,ADBE,giant_tech
38,ADI,ai_chip
38,AEP,software
38,AFRM,consumer
38,AMAT,finance
38,AMD,healthcare
38,AMZN,consumer
38,ANET,ai_chip
38,APH,consumer
38,APP,datacenter_hw
38,ASML,finance
38,ATI,software
38,AVGO,industrial
38,AXP,energy
38,BA,industrial
38,BAC,real_estate
38,BLK,industrial
38,BMY,software
38,BWXT,consumer
38,C,datacenter_hw
38,CAT,datacenter_hw
38,CME,ai_chip
38,CMG,consumer
38,COHR,finance
38,COIN,finance
38,COST,software
38,CRM,energy
38,CRWD,ai_chip
38,CRWV,finance
38,CSCO,benchmark
38,CVS,datacenter_hw
38,CVX,software
38,D,industrial
38,DDOG,energy
38,DE,energy
38,DELL,finance
38,DLR,datacenter_hw
38,DOCU,software
38,DUK,software
38,EME,industrial
38,EMR,consumer
38,EOG,ai_chip
38,EQIX,industrial
38,ESTC,industrial
38,ETN,ai_chip
38,FDX,industrial
38,FTNT,finance
38,GE,consumer
38,GILD,industrial
38,GLD,industrial
38,GLW,industrial
38,GM,software
38,GOOG,ai_chip
38,GRMN,software
38,GS,utility
38,GTLB,utility
38,HD,ai_chip
38,HLT,ai_chip
38,HON,software
38,HOOD,consumer
38,HPE,healthcare
38,HUBS,giant_tech
38,IBM,giant_tech
38,INTC,finance
38,INTU,software
38,JNJ,finance
38,JPM,datacenter_hw
38,KLAC,healthcare
38,KMI,energy
38,KO,ai_chip
38,LHX,finance
38,LITE,industrial
38,LLY,healthcare
38,LMT,ai_chip
38,LOW,consumer
38,LRCX,software
38,MA,datacenter_hw
38,MCD,datacenter_hw
38,MCHP,industrial
38,MDB,giant_tech
38,MDT,healthcare
38,META,giant_tech
38,MMM,consumer
38,MO,healthcare
38,MPWR,finance
38,MRK,real_estate
38,MRVL,software
38,MS,healthcare
38,MSFT,telecom
38,MU,datacenter_hw
38,NEE,datacenter_hw
38,NEM,industrial
38,NET,software
38,NFLX,datacenter_hw
38,NOW,software
38,NVDA,healthcare
38,NVO,consumer
38,NVTS,consumer
38,NXPI,industrial
38,OKTA,ai_chip
38,ON,finance
38,ORCL,software
38,OXY,giant_tech
38,PANW,ai_chip
38,PCTY,software
38,PG,energy
38,PGR,finance
38,PH,healthcare
38,PLTR,software
38,PM,utility
38,PNC,healthcare
38,PYPL,consumer
38,QCOM,utility
38,RBLX,software
38,RKLB,energy
38,ROST,giant_tech
38,RTX,finance
38,SCHW,finance
38,SHOP,ai_chip
38,SMCI,industrial
38,SNOW,software
38,SO,datacenter_hw
38,SOFI,datacenter_hw
38,SPCX,utility
38,SPG,industrial
38,SPOT,ai_chip
38,SPY,healthcare
38,T,software
38,TEAM,giant_tech
38,TJX,giant_tech
38,TLT,software
38,TMO,ai_chip
38,TSLA,utility
38,TSM,consumer
38,TXN,software
38,UNH,consumer
38,UNP,ai_chip
38,V,defensive_bonds
38,VLO,commodity
38,VRT,finance
38,VTR,finance
38,WDAY,industrial
38,WDC,finance
38,WELL,finance
38,WFC,ai_chip
38,WMB,energy
38,WMT,consumer
38,XLE,healthcare
38,XLF,finance
38,XLI,ai_chip
38,XLK,datacenter_hw
38,XLU,industrial
38,XLV,software
38,XLY,software
38,XOM,commodity
38,ZM,software
38,ZS,real_estate
39,AAPL,consumer
39,ABBV,software
39,ADBE,industrial
39,ADI,datacenter_hw
39,AEP,industrial
39,AFRM,ai_chip
39,AMAT,software
39,AMD,ai_chip
39,AMZN,finance
39,ANET,industrial
39,APH,consumer
39,APP,software
39,ASML,benchmark
39,ATI,energy
39,AVGO,software
39,AXP,software
39,BA,industrial
39,BAC,datacenter_hw
39,BLK,finance
39,BMY,energy
39,BWXT,ai_chip
39,C,finance
39,CAT,software
39,CME,healthcare
39,CMG,industrial
39,COHR,industrial
39,COIN,ai_chip
39,COST,giant_tech
39,CRM,datacenter_hw
39,CRWD,industrial
39,CRWV,ai_chip
39,CSCO,healthcare
39,CVS,datacenter_hw
39,CVX,energy
39,D,commodity
39,DDOG,consumer
39,DE,finance
39,DELL,ai_chip
39,DLR,giant_tech
39,DOCU,consumer
39,DUK,datacenter_hw
39,EME,healthcare
39,EMR,software
39,EOG,industrial
39,EQIX,healthcare
39,ESTC,energy
39,ETN,finance
39,FDX,ai_chip
39,FTNT,software
39,GE,industrial
39,GILD,industrial
39,GLD,finance
39,GLW,real_estate
39,GM,utility
39,GOOG,software
39,GRMN,healthcare
39,GS,industrial
39,GTLB,consumer
39,HD,healthcare
39,HLT,software
39,HON,energy
39,HOOD,finance
39,HPE,datacenter_hw
39,HUBS,healthcare
39,IBM,giant_tech
39,INTC,ai_chip
39,INTU,healthcare
39,JNJ,real_estate
39,JPM,utility
39,KLAC,ai_chip
39,KMI,software
39,KO,industrial
39,LHX,giant_tech
39,LITE,finance
39,LLY,ai_chip
39,LMT,industrial
39,LOW,finance
39,LRCX,finance
39,MA,software
39,MCD,datacenter_hw
39,MCHP,commodity
39,MDB,energy
39,MDT,software
39,META,healthcare
39,MMM,industrial
39,MO,finance
39,MPWR,software
39,MRK,consumer
39,MRVL,ai_chip
39,MS,software
39,MSFT,consumer
39,MU,finance
39,NEE,energy
39,NEM,telecom
39,NET,industrial
39,NFLX,software
39,NOW,consumer
39,NVDA,industrial
39,NVO,finance
39,NVTS,ai_chip
39,NXPI,industrial
39,OKTA,consumer
39,ON,giant_tech
39,ORCL,software
39,OXY,ai_chip
39,PANW,energy
39,PCTY,healthcare
39,PG,giant_tech
39,PGR,utility
39,PH,software
39,PLTR,ai_chip
39,PM,utility
39,PNC,ai_chip
39,PYPL,software
39,QCOM,ai_chip
39,RBLX,consumer
39,RKLB,industrial
39,ROST,finance
39,RTX,defensive_bonds
39,SCHW,software
39,SHOP,software
39,SMCI,ai_chip
39,SNOW,industrial
39,SO,consumer
39,SOFI,utility
39,SPCX,real_estate
39,SPG,software
39,SPOT,healthcare
39,SPY,consumer
39,T,datacenter_hw
39,TEAM,utility
39,TJX,finance
39,TLT,industrial
39,TMO,industrial
39,TSLA,datacenter_hw
39,TSM,datacenter_hw
39,TXN,giant_tech
39,UNH,finance
39,UNP,finance
39,V,datacenter_hw
39,VLO,finance
39,VRT,giant_tech
39,VTR,datacenter_hw
39,WDAY,giant_tech
39,WDC,datacenter_hw
39,WELL,ai_chip
39,WFC,ai_chip
39,WMB,finance
39,WMT,consumer
39,XLE,software
39,XLF,finance
39,XLI,software
39,XLK,consumer
39,XLU,software
39,XLV,healthcare
39,XLY,software
39,XOM,consumer
39,ZM,consumer
39,ZS,datacenter_hw
40,AAPL,energy
40,ABBV,industrial
40,ADBE,ai_chip
40,ADI,software
40,AEP,giant_tech
40,AFRM,utility
40,AMAT,industrial
40,AMD,consumer
40,AMZN,consumer
40,ANET,utility
40,APH,healthcare
40,APP,consumer
40,ASML,industrial
40,ATI,energy
40,AVGO,industrial
40,AXP,software
40,BA,datacenter_hw
40,BAC,software
40,BLK,industrial
40,BMY,healthcare
40,BWXT,software
40,C,finance
40,CAT,software
40,CME,datacenter_hw
40,CMG,telecom
40,COHR,energy
40,COIN,software
40,COST,giant_tech
40,CRM,finance
40,CRWD,industrial
40,CRWV,consumer
40,CSCO,datacenter_hw
40,CVS,datacenter_hw
40,CVX,ai_chip
40,D,commodity
40,DDOG,ai_chip
40,DE,industrial
40,DELL,finance
40,DLR,software
40,DOCU,ai_chip
40,DUK,benchmark
40,EME,software
40,EMR,finance
40,EOG,finance
40,EQIX,giant_tech
40,ESTC,software
40,ETN,consumer
40,FDX,industrial
40,FTNT,consumer
40,GE,ai_chip
40,GILD,giant_tech
40,GLD,datacenter_hw
40,GLW,giant_tech
40,GM,healthcare
40,GOOG,finance
40,GRMN,datacenter_hw
40,GS,ai_chip
40,GTLB,industrial
40,HD,healthcare
40,HLT,software
40,HON,industrial
40,HOOD,healthcare
40,HPE,software
40,HUBS,consumer
40,IBM,finance
40,INTC,consumer
40,INTU,datacenter_hw
40,JNJ,industrial
40,JPM,defensive_bonds
40,KLAC,energy
40,KMI,utility
40,KO,giant_tech
40,LHX,ai_chip
40,LITE,ai_chip
40,LLY,industrial
40,LMT,finance
40,LOW,industrial
40,LRCX,datacenter_hw
40,MA,finance
40,MCD,software
40,MCHP,ai_chip
40,MDB,real_estate
40,MDT,datacenter_hw
40,META,finance
40,MMM,commodity
40,MO,datacenter_hw
40,MPWR,healthcare
40,MRK,consumer
40,MRVL,consumer
40,MS,industrial
40,MSFT,software
40,MU,ai_chip
40,NEE,datacenter_hw
40,NEM,ai_chip
40,NET,software
40,NFLX,energy
40,NOW,consumer
40,NVDA,energy
40,NVO,industrial
40,NVTS,utility
40,NXPI,healthcare
40,OKTA,finance
40,ON,software
40,ORCL,consumer
40,OXY,ai_chip
40,PANW,consumer
40,PCTY,finance
40,PG,software
40,PGR,ai_chip
40,PH,real_estate
40,PLTR,consumer
40,PM,industrial
40,PNC,industrial
40,PYPL,software
40,QCOM,giant_tech
40,RBLX,datacenter_hw
40,RKLB,healthcare
40,ROST,industrial
40,RTX,healthcare
40,SCHW,finance
40,SHOP,ai_chip
40,SMCI,energy
40,SNOW,ai_chip
40,SO,industrial
40,SOFI,consumer
40,SPCX,industrial
40,SPG,finance
40,SPOT,datacenter_hw
40,SPY,finance
40,T,ai_chip
40,TEAM,software
40,TJX,software
40,TLT,utility
40,TMO,ai_chip
40,TSLA,software
40,TSM,datacenter_hw
40,TXN,healthcare
40,UNH,finance
40,UNP,ai_chip
40,V,giant_tech
40,VLO,finance
40,VRT,real_estate
40,VTR,energy
40,WDAY,finance
40,WDC,software
40,WELL,consumer
40,WFC,healthcare
40,WMB,healthcare
40,WMT,finance
40,XLE,industrial
40,XLF,giant_tech
40,XLI,software
40,XLK,software
40,XLU,software
40,XLV,finance
40,XLY,utility
40,XOM,software
40,ZM,software
40,ZS,ai_chip
41,AAPL,software
41,ABBV,defensive_bonds
41,ADBE,utility
41,ADI,consumer
41,AEP,industrial
41,AFRM,datacenter_hw
41,AMAT,industrial
41,AMD,healthcare
41,AMZN,industrial
41,ANET,ai_chip
41,APH,software
41,APP,software
41,ASML,giant_tech
41,ATI,datacenter_hw
41,AVGO,consumer
41,AXP,industrial
41,BA,software
41,BAC,datacenter_hw
41,BLK,industrial
41,BMY,industrial
41,BWXT,ai_chip
41,C,ai_chip
41,CAT,software
41,CME,finance
41,CMG,finance
41,COHR,ai_chip
41,COIN,software
41,COST,datacenter_hw
41,CRM,software
41,CRWD,finance
41,CRWV,datacenter_hw
41,CSCO,software
41,CVS,consumer
41,CVX,giant_tech
41,D,datacenter_hw
41,DDOG,industrial
41,DE,finance
41,DELL,energy
41,DLR,software
41,DOCU,datacenter_hw
41,DUK,industrial
41,EME,healthcare
41,EMR,datacenter_hw
41,EOG,software
41,EQIX,consumer
41,ESTC,giant_tech
41,ETN,healthcare
41,FDX,software
41,FTNT,benchmark
41,GE,consumer
41,GILD,finance
41,GLD,ai_chip
41,GLW,ai_chip
41,GM,ai_chip
41,GOOG,commodity
41,GRMN,ai_chip
41,GS,datacenter_hw
41,GTLB,ai_chip
41,HD,consumer
41,HLT,datacenter_hw
41,HON,giant_tech
41,HOOD,software
41,HPE,ai_chip
41,HUBS,industrial
41,IBM,finance
41,INTC,ai_chip
41,INTU,software
41,JNJ,giant_tech
41,JPM,utility
41,KLAC,software
41,KMI,industrial
41,KO,healthcare
41,LHX,healthcare
41,LITE,consumer
41,LLY,healthcare
41,LMT,finance
41,LOW,telecom
41,LRCX,industrial
41,MA,consumer
41,MCD,energy
41,MCHP,real_estate
41,MDB,finance
41,MDT,software
41,META,industrial
41,MMM,consumer
41,MO,finance
41,MPWR,energy
41,MRK,software
41,MRVL,consumer
41,MS,software
41,MSFT,industrial
41,MU,software
41,NEE,software
41,NEM,software
41,NET,real_estate
41,NFLX,utility
41,NOW,industrial
41,NVDA,consumer
41,NVO,finance
41,NVTS,software
41,NXPI,finance
41,OKTA,consumer
41,ON,giant_tech
41,ORCL,giant_tech
41,OXY,giant_tech
41,PANW,finance
41,PCTY,ai_chip
41,PG,finance
41,PGR,ai_chip
41,PH,industrial
41,PLTR,energy
41,PM,healthcare
41,PNC,healthcare
41,PYPL,ai_chip
41,QCOM,ai_chip
41,RBLX,software
41,RKLB,ai_chip
41,ROST,healthcare
41,RTX,industrial
41,SCHW,utility
41,SHOP,energy
41,SMCI,commodity
41,SNOW,finance
41,SO,energy
41,SOFI,software
41,SPCX,industrial
41,SPG,healthcare
41,SPOT,industrial
41,SPY,giant_tech
41,T,ai_chip
41,TEAM,industrial
41,TJX,utility
41,TLT,software
41,TMO,consumer
41,TSLA,utility
41,TSM,finance
41,TXN,finance
41,UNH,datacenter_hw
41,UNP,ai_chip
41,V,finance
41,VLO,healthcare
41,VRT,healthcare
41,VTR,energy
41,WDAY,consumer
41,WDC,ai_chip
41,WELL,finance
41,WFC,finance
41,WMB,finance
41,WMT,industrial
41,XLE,consumer
41,XLF,datacenter_hw
41,XLI,software
41,XLK,energy
41,XLU,consumer
41,XLV,datacenter_hw
41,XLY,industrial
41,XOM,software
41,ZM,real_estate
41,ZS,datacenter_hw
42,AAPL,real_estate
42,ABBV,giant_tech
42,ADBE,industrial
42,ADI,datacenter_hw
42,AEP,healthcare
42,AFRM,commodity
42,AMAT,telecom
42,AMD,healthcare
42,AMZN,ai_chip
42,ANET,datacenter_hw
42,APH,consumer
42,APP,software
42,ASML,finance
42,ATI,ai_chip
42,AVGO,giant_tech
42,AXP,benchmark
42,BA,healthcare
42,BAC,datacenter_hw
42,BLK,giant_tech
42,BMY,software
42,BWXT,finance
42,C,industrial
42,CAT,commodity
42,CME,energy
42,CMG,energy
42,COHR,utility
42,COIN,software
42,COST,consumer
42,CRM,industrial
42,CRWD,datacenter_hw
42,CRWV,ai_chip
42,CSCO,software
42,CVS,software
42,CVX,software
42,D,utility
42,DDOG,industrial
42,DE,software
42,DELL,finance
42,DLR,finance
42,DOCU,ai_chip
42,DUK,industrial
42,EME,ai_chip
42,EMR,ai_chip
42,EOG,energy
42,EQIX,datacenter_hw
42,ESTC,healthcare
42,ETN,giant_tech
42,FDX,software
42,FTNT,utility
42,GE,consumer
42,GILD,utility
42,GLD,datacenter_hw
42,GLW,software
42,GM,software
42,GOOG,software
42,GRMN,energy
42,GS,industrial
42,GTLB,ai_chip
42,HD,finance
42,HLT,software
42,HON,datacenter_hw
42,HOOD,finance
42,HPE,consumer
42,HUBS,software
42,IBM,software
42,INTC,industrial
42,INTU,finance
42,JNJ,healthcare
42,JPM,giant_tech
42,KLAC,giant_tech
42,KMI,ai_chip
42,KO,software
42,LHX,industrial
42,LITE,finance
42,LLY,software
42,LMT,industrial
42,LOW,consumer
42,LRCX,datacenter_hw
42,MA,finance
42,MCD,finance
42,MCHP,consumer
42,MDB,consumer
42,MDT,ai_chip
42,META,ai_chip
42,MMM,consumer
42,MO,industrial
42,MPWR,consumer
42,MRK,finance
42,MRVL,finance
42,MS,consumer
42,MSFT,consumer
42,MU,healthcare
42,NEE,industrial
42,NEM,giant_tech
42,NET,software
42,NFLX,software
42,NOW,giant_tech
42,NVDA,consumer
42,NVO,consumer
42,NVTS,industrial
42,NXPI,finance
42,OKTA,software
42,ON,real_estate
42,ORCL,consumer
42,OXY,consumer
42,PANW,finance
42,PCTY,utility
42,PG,software
42,PGR,ai_chip
42,PH,ai_chip
42,PLTR,defensive_bonds
42,PM,healthcare
42,PNC,ai_chip
42,PYPL,software
42,QCOM,datacenter_hw
42,RBLX,healthcare
42,RKLB,software
42,ROST,healthcare
42,RTX,industrial
42,SCHW,giant_tech
42,SHOP,energy
42,SMCI,software
42,SNOW,healthcare
42,SO,finance
42,SOFI,software
42,SPCX,real_estate
42,SPG,finance
42,SPOT,energy
42,SPY,healthcare
42,T,finance
42,TEAM,industrial
42,TJX,industrial
42,TLT,datacenter_hw
42,TMO,industrial
42,TSLA,datacenter_hw
42,TSM,energy
42,TXN,utility
42,UNH,datacenter_hw
42,UNP,consumer
42,V,software
42,VLO,ai_chip
42,VRT,industrial
42,VTR,ai_chip
42,WDAY,ai_chip
42,WDC,finance
42,WELL,finance
42,WFC,industrial
42,WMB,software
42,WMT,industrial
42,XLE,healthcare
42,XLF,datacenter_hw
42,XLI,industrial
42,XLK,finance
42,XLU,energy
42,XLV,ai_chip
42,XLY,datacenter_hw
42,XOM,industrial
42,ZM,ai_chip
42,ZS,ai_chip
43,AAPL,software
43,ABBV,consumer
43,ADBE,finance
43,ADI,datacenter_hw
43,AEP,software
43,AFRM,consumer
43,AMAT,giant_tech
43,AMD,consumer
43,AMZN,giant_tech
43,ANET,finance
43,APH,ai_chip
43,APP,finance
43,ASML,software
43,ATI,datacenter_hw
43,AVGO,finance
43,AXP,ai_chip
43,BA,software
43,BAC,energy
43,BLK,software
43,BMY,ai_chip
43,BWXT,datacenter_hw
43,C,consumer
43,CAT,ai_chip
43,CME,software
43,CMG,energy
43,COHR,datacenter_hw
43,COIN,finance
43,COST,ai_chip
43,CRM,industrial
43,CRWD,consumer
43,CRWV,ai_chip
43,CSCO,energy
43,CVS,datacenter_hw
43,CVX,commodity
43,D,energy
43,DDOG,datacenter_hw
43,DE,datacenter_hw
43,DELL,healthcare
43,DLR,finance
43,DOCU,ai_chip
43,DUK,consumer
43,EME,energy
43,EMR,industrial
43,EOG,software
43,EQIX,finance
43,ESTC,consumer
43,ETN,giant_tech
43,FDX,ai_chip
43,FTNT,ai_chip
43,GE,energy
43,GILD,real_estate
43,GLD,finance
43,GLW,finance
43,GM,consumer
43,GOOG,finance
43,GRMN,industrial
43,GS,finance
43,GTLB,ai_chip
43,HD,giant_tech
43,HLT,ai_chip
43,HON,software
43,HOOD,finance
43,HPE,giant_tech
43,HUBS,real_estate
43,IBM,industrial
43,INTC,software
43,INTU,software
43,JNJ,software
43,JPM,consumer
43,KLAC,datacenter_hw
43,KMI,datacenter_hw
43,KO,ai_chip
43,LHX,healthcare
43,LITE,healthcare
43,LLY,finance
43,LMT,consumer
43,LOW,real_estate
43,LRCX,finance
43,MA,energy
43,MCD,giant_tech
43,MCHP,ai_chip
43,MDB,industrial
43,MDT,industrial
43,META,software
43,MMM,giant_tech
43,MO,ai_chip
43,MPWR,software
43,MRK,industrial
43,MRVL,industrial
43,MS,healthcare
43,MSFT,consumer
43,MU,software
43,NEE,consumer
43,NEM,industrial
43,NET,ai_chip
43,NFLX,software
43,NOW,industrial
43,NVDA,finance
43,NVO,ai_chip
43,NVTS,benchmark
43,NXPI,utility
43,OKTA,ai_chip
43,ON,healthcare
43,ORCL,datacenter_hw
43,OXY,finance
43,PANW,software
43,PCTY,industrial
43,PG,healthcare
43,PGR,consumer
43,PH,telecom
43,PLTR,software
43,PM,industrial
43,PNC,utility
43,PYPL,software
43,QCOM,industrial
43,RBLX,healthcare
43,RKLB,utility
43,ROST,ai_chip
43,RTX,industrial
43,SCHW,energy
43,SHOP,software
43,SMCI,software
43,SNOW,industrial
43,SO,software
43,SOFI,consumer
43,SPCX,software
43,SPG,industrial
43,SPOT,giant_tech
43,SPY,healthcare
43,T,software
43,TEAM,finance
43,TJX,industrial
43,TLT,datacenter_hw
43,TMO,finance
43,TSLA,consumer
43,TSM,utility
43,TXN,commodity
43,UNH,ai_chip
43,UNP,healthcare
43,V,datacenter_hw
43,VLO,healthcare
43,VRT,software
43,VTR,datacenter_hw
43,WDAY,utility
43,WDC,healthcare
43,WELL,defensive_bonds
43,WFC,industrial
43,WMB,utility
43,WMT,software
43,XLE,industrial
43,XLF,giant_tech
43,XLI,consumer
43,XLK,industrial
43,XLU,datacenter_hw
43,XLV,industrial
43,XLY,software
43,XOM,finance
43,ZM,finance
43,ZS,healthcare
44,AAPL,consumer
44,ABBV,ai_chip
44,ADBE,software
44,ADI,commodity
44,AEP,giant_tech
44,AFRM,energy
44,AMAT,energy
44,AMD,software
44,AMZN,healthcare
44,ANET,software
44,APH,energy
44,APP,consumer
44,ASML,ai_chip
44,ATI,real_estate
44,AVGO,datacenter_hw
44,AXP,industrial
44,BA,finance
44,BAC,finance
44,BLK,ai_chip
44,BMY,software
44,BWXT,industrial
44,C,software
44,CAT,software
44,CME,software
44,CMG,energy
44,COHR,consumer
44,COIN,industrial
44,COST,consumer
44,CRM,finance
44,CRWD,consumer
44,CRWV,industrial
44,CSCO,datacenter_hw
44,CVS,consumer
44,CVX,ai_chip
44,D,ai_chip
44,DDOG,ai_chip
44,DE,ai_chip
44,DELL,ai_chip
44,DLR,software
44,DOCU,giant_tech
44,DUK,ai_chip
44,EME,consumer
44,EMR,finance
44,EOG,datacenter_hw
44,EQIX,industrial
44,ESTC,software
44,ETN,finance
44,FDX,datacenter_hw
44,FTNT,energy
44,GE,consumer
44,GILD,datacenter_hw
44,GLD,software
44,GLW,real_estate
44,GM,datacenter_hw
44,GOOG,industrial
44,GRMN,healthcare
44,GS,software
44,GTLB,datacenter_hw
44,HD,benchmark
44,HLT,software
44,HON,energy
44,HOOD,utility
44,HPE,giant_tech
44,HUBS,consumer
44,IBM,industrial
44,INTC,industrial
44,INTU,ai_chip
44,JNJ,datacenter_hw
44,JPM,finance
44,KLAC,software
44,KMI,industrial
44,KO,software
44,LHX,datacenter_hw
44,LITE,giant_tech
44,LLY,software
44,LMT,consumer
44,LOW,giant_tech
44,LRCX,finance
44,MA,giant_tech
44,MCD,industrial
44,MCHP,ai_chip
44,MDB,real_estate
44,MDT,software
44,META,datacenter_hw
44,MMM,finance
44,MO,software
44,MPWR,utility
44,MRK,utility
44,MRVL,consumer
44,MS,software
44,MSFT,ai_chip
44,MU,finance
44,NEE,ai_chip
44,NEM,healthcare
44,NET,giant_tech
44,NFLX,ai_chip
44,NOW,energy
44,NVDA,healthcare
44,NVO,datacenter_hw
44,NVTS,healthcare
44,NXPI,giant_tech
44,OKTA,healthcare
44,ON,software
44,ORCL,telecom
44,OXY,industrial
44,PANW,healthcare
44,PCTY,industrial
44,PG,healthcare
44,PGR,healthcare
44,PH,commodity
44,PLTR,finance
44,PM,industrial
44,PNC,datacenter_hw
44,PYPL,ai_chip
44,QCOM,healthcare
44,RBLX,software
44,RKLB,software
44,ROST,consumer
44,RTX,consumer
44,SCHW,software
44,SHOP,consumer
44,SMCI,finance
44,SNOW,industrial
44,SO,industrial
44,SOFI,defensive_bonds
44,SPCX,finance
44,SPG,finance
44,SPOT,industrial
44,SPY,industrial
44,T,ai_chip
44,TEAM,industrial
44,TJX,utility
44,TLT,finance
44,TMO,software
44,TSLA,finance
44,TSM,industrial
44,TXN,datacenter_hw
44,UNH,energy
44,UNP,industrial
44,V,finance
44,VLO,ai_chip
44,VRT,finance
44,VTR,healthcare
44,WDAY,utility
44,WDC,software
44,WELL,consumer
44,WFC,software
44,WMB,software
44,WMT,consumer
44,XLE,utility
44,XLF,healthcare
44,XLI,industrial
44,XLK,finance
44,XLU,finance
44,XLV,datacenter_hw
44,XLY,ai_chip
44,XOM,giant_tech
44,ZM,ai_chip
44,ZS,finance
45,AAPL,finance
45,ABBV,finance
45,ADBE,industrial
45,ADI,commodity
45,AEP,ai_chip
45,AFRM,software
45,AMAT,finance
45,AMD,real_estate
45,AMZN,energy
45,ANET,finance
45,APH,datacenter_hw
45,APP,energy
45,ASML,energy
45,ATI,giant_tech
45,AVGO,finance
45,AXP,software
45,BA,datacenter_hw
45,BAC,telecom
45,BLK,software
45,BMY,software
45,BWXT,industrial
45,C,giant_tech
45,CAT,software
45,CME,ai_chip
45,CMG,giant_tech
45,COHR,ai_chip
45,COIN,finance
45,COST,healthcare
45,CRM,finance
45,CRWD,utility
45,CRWV,energy
45,CSCO,consumer
45,CVS,finance
45,CVX,healthcare
45,D,industrial
45,DDOG,software
45,DE,industrial
45,DELL,finance
45,DLR,industrial
45,DOCU,giant_tech
45,DUK,datacenter_hw
45,EME,benchmark
45,EMR,finance
45,EOG,consumer
45,EQIX,consumer
45,ESTC,finance
45,ETN,datacenter_hw
45,FDX,ai_chip
45,FTNT,consumer
45,GE,software
45,GILD,finance
45,GLD,healthcare
45,GLW,software
45,GM,software
45,GOOG,industrial
45,GRMN,software
45,GS,datacenter_hw
45,GTLB,consumer
45,HD,ai_chip
45,HLT,datacenter_hw
45,HON,ai_chip
45,HOOD,real_estate
45,HPE,ai_chip
45,HUBS,industrial
45,IBM,consumer
45,INTC,utility
45,INTU,healthcare
45,JNJ,healthcare
45,JPM,software
45,KLAC,industrial
45,KMI,industrial
45,KO,ai_chip
45,LHX,industrial
45,LITE,finance
45,LLY,ai_chip
45,LMT,industrial
45,LOW,datacenter_hw
45,LRCX,finance
45,MA,healthcare
45,MCD,ai_chip
45,MCHP,commodity
45,MDB,industrial
45,MDT,datacenter_hw
45,META,software
45,MMM,software
45,MO,datacenter_hw
45,MPWR,consumer
45,MRK,ai_chip
45,MRVL,industrial
45,MS,industrial
45,MSFT,ai_chip
45,MU,healthcare
45,NEE,utility
45,NEM,consumer
45,NET,ai_chip
45,NFLX,ai_chip
45,NOW,giant_tech
45,NVDA,energy
45,NVO,consumer
45,NVTS,giant_tech
45,NXPI,energy
45,OKTA,consumer
45,ON,finance
45,ORCL,ai_chip
45,OXY,software
45,PANW,finance
45,PCTY,software
45,PG,utility
45,PGR,giant_tech
45,PH,consumer
45,PLTR,industrial
45,PM,datacenter_hw
45,PNC,defensive_bonds
45,PYPL,software
45,QCOM,healthcare
45,RBLX,datacenter_hw
45,RKLB,industrial
45,ROST,energy
45,RTX,software
45,SCHW,software
45,SHOP,software
45,SMCI,finance
45,SNOW,software
45,SO,software
45,SOFI,ai_chip
45,SPCX,giant_tech
45,SPG,software
45,SPOT,industrial
45,SPY,industrial
45,T,healthcare
45,TEAM,real_estate
45,TJX,finance
45,TLT,healthcare
45,TMO,consumer
45,TSLA,giant_tech
45,TSM,software
45,TXN,healthcare
45,UNH,consumer
45,UNP,consumer
45,V,datacenter_hw
45,VLO,industrial
45,VRT,finance
45,VTR,software
45,WDAY,software
45,WDC,energy
45,WELL,ai_chip
45,WFC,utility
45,WMB,ai_chip
45,WMT,datacenter_hw
45,XLE,datacenter_hw
45,XLF,industrial
45,XLI,ai_chip
45,XLK,consumer
45,XLU,healthcare
45,XLV,utility
45,XLY,finance
45,XOM,industrial
45,ZM,consumer
45,ZS,software
46,AAPL,giant_tech
46,ABBV,utility
46,ADBE,utility
46,ADI,industrial
46,AEP,consumer
46,AFRM,giant_tech
46,AMAT,industrial
46,AMD,software
46,AMZN,commodity
46,ANET,healthcare
46,APH,consumer
46,APP,energy
46,ASML,datacenter_hw
46,ATI,software
46,AVGO,ai_chip
46,AXP,finance
46,BA,consumer
46,BAC,consumer
46,BLK,utility
46,BMY,real_estate
46,BWXT,software
46,C,finance
46,CAT,consumer
46,CME,finance
46,CMG,energy
46,COHR,datacenter_hw
46,COIN,consumer
46,COST,software
46,CRM,industrial
46,CRWD,ai_chip
46,CRWV,industrial
46,CSCO,real_estate
46,CVS,ai_chip
46,CVX,finance
46,D,consumer
46,DDOG,software
46,DE,industrial
46,DELL,datacenter_hw
46,DLR,software
46,DOCU,industrial
46,DUK,benchmark
46,EME,energy
46,EMR,ai_chip
46,EOG,giant_tech
46,EQIX,industrial
46,ESTC,datacenter_hw
46,ETN,datacenter_hw
46,FDX,ai_chip
46,FTNT,datacenter_hw
46,GE,ai_chip
46,GILD,software
46,GLD,datacenter_hw
46,GLW,industrial
46,GM,finance
46,GOOG,industrial
46,GRMN,software
46,GS,finance
46,GTLB,real_estate
46,HD,software
46,HLT,consumer
46,HON,finance
46,HOOD,software
46,HPE,software
46,HUBS,datacenter_hw
46,IBM,software
46,INTC,healthcare
46,INTU,industrial
46,JNJ,consumer
46,JPM,software
46,KLAC,software
46,KMI,giant_tech
46,KO,ai_chip
46,LHX,finance
46,LITE,finance
46,LLY,consumer
46,LMT,healthcare
46,LOW,giant_tech
46,LRCX,industrial
46,MA,software
46,MCD,ai_chip
46,MCHP,energy
46,MDB,finance
46,MDT,telecom
46,META,industrial
46,MMM,consumer
46,MO,healthcare
46,MPWR,industrial
46,MRK,datacenter_hw
46,MRVL,industrial
46,MS,consumer
46,MSFT,healthcare
46,MU,finance
46,NEE,consumer
46,NEM,giant_tech
46,NET,ai_chip
46,NFLX,consumer
46,NOW,datacenter_hw
46,NVDA,finance
46,NVO,healthcare
46,NVTS,finance
46,NXPI,defensive_bonds
46,OKTA,industrial
46,ON,ai_chip
46,ORCL,giant_tech
46,OXY,healthcare
46,PANW,commodity
46,PCTY,consumer
46,PG,healthcare
46,PGR,software
46,PH,software
46,PLTR,energy
46,PM,ai_chip
46,PNC,software
46,PYPL,datacenter_hw
46,QCOM,giant_tech
46,RBLX,finance
46,RKLB,software
46,ROST,datacenter_hw
46,RTX,industrial
46,SCHW,ai_chip
46,SHOP,finance
46,SMCI,healthcare
46,SNOW,healthcare
46,SO,software
46,SOFI,ai_chip
46,SPCX,healthcare
46,SPG,finance
46,SPOT,utility
46,SPY,healthcare
46,T,energy
46,TEAM,software
46,TJX,industrial
46,TLT,finance
46,TMO,finance
46,TSLA,ai_chip
46,TSM,finance
46,TXN,energy
46,UNH,industrial
46,UNP,ai_chip
46,V,datacenter_hw
46,VLO,ai_chip
46,VRT,consumer
46,VTR,finance
46,WDAY,utility
46,WDC,software
46,WELL,ai_chip
46,WFC,software
46,WMB,ai_chip
46,WMT,software
46,XLE,giant_tech
46,XLF,energy
46,XLI,industrial
46,XLK,industrial
46,XLU,software
46,XLV,ai_chip
46,XLY,datacenter_hw
46,XOM,utility
46,ZM,industrial
46,ZS,software
47,AAPL,giant_tech
47,ABBV,consumer
47,ADBE,datacenter_hw
47,ADI,software
47,AEP,industrial
47,AFRM,utility
47,AMAT,ai_chip
47,AMD,consumer
47,AMZN,consumer
47,ANET,ai_chip
47,APH,consumer
47,APP,commodity
47,ASML,software
47,ATI,ai_chip
47,AVGO,software
47,AXP,software
47,BA,datacenter_hw
47,BAC,software
47,BLK,finance
47,BMY,ai_chip
47,BWXT,consumer
47,C,healthcare
47,CAT,ai_chip
47,CME,industrial
47,CMG,healthcare
47,COHR,software
47,COIN,energy
47,COST,finance
47,CRM,utility
47,CRWD,industrial
47,CRWV,utility
47,CSCO,software
47,CVS,healthcare
47,CVX,software
47,D,giant_tech
47,DDOG,consumer
47,DE,giant_tech
47,DELL,healthcare
47,DLR,finance
47,DOCU,healthcare
47,DUK,consumer
47,EME,healthcare
47,EMR,consumer
47,EOG,software
47,EQIX,healthcare
47,ESTC,healthcare
47,ETN,ai_chip
47,FDX,commodity
47,FTNT,ai_chip
47,GE,ai_chip
47,GILD,industrial
47,GLD,finance
47,GLW,software
47,GM,software
47,GOOG,energy
47,GRMN,consumer
47,GS,ai_chip
47,GTLB,ai_chip
47,HD,finance
47,HLT,real_estate
47,HON,software
47,HOOD,ai_chip
47,HPE,datacenter_hw
47,HUBS,real_estate
47,IBM,healthcare
47,INTC,datacenter_hw
47,INTU,industrial
47,JNJ,software
47,JPM,industrial
47,KLAC,energy
47,KMI,datacenter_hw
47,KO,software
47,LHX,giant_tech
47,LITE,industrial
47,LLY,healthcare
47,LMT,datacenter_hw
47,LOW,datacenter_hw
47,LRCX,consumer
47,MA,software
47,MCD,datacenter_hw
47,MCHP,finance
47,MDB,industrial
47,MDT,finance
47,META,real_estate
47,MMM,finance
47,MO,ai_chip
47,MPWR,datacenter_hw
47,MRK,giant_tech
47,MRVL,healthcare
47,MS,utility
47,MSFT,industrial
47,MU,giant_tech
47,NEE,finance
47,NEM,energy
47,NET,energy
47,NFLX,industrial
47,NOW,defensive_bonds
47,NVDA,energy
47,NVO,giant_tech
47,NVTS,datacenter_hw
47,NXPI,ai_chip
47,OKTA,consumer
47,ON,ai_chip
47,ORCL,finance
47,OXY,datacenter_hw
47,PANW,datacenter_hw
47,PCTY,industrial
47,PG,ai_chip
47,PGR,utility
47,PH,software
47,PLTR,finance
47,PM,finance
47,PNC,finance
47,PYPL,giant_tech
47,QCOM,energy
47,RBLX,consumer
47,RKLB,software
47,ROST,ai_chip
47,RTX,datacenter_hw
47,SCHW,software
47,SHOP,finance
47,SMCI,industrial
47,SNOW,finance
47,SO,energy
47,SOFI,consumer
47,SPCX,telecom
47,SPG,ai_chip
47,SPOT,finance
47,SPY,finance
47,T,datacenter_hw
47,TEAM,industrial
47,TJX,finance
47,TLT,consumer
47,TMO,finance
47,TSLA,software
47,TSM,industrial
47,TXN,finance
47,UNH,software
47,UNP,consumer
47,V,software
47,VLO,ai_chip
47,VRT,industrial
47,VTR,benchmark
47,WDAY,industrial
47,WDC,industrial
47,WELL,ai_chip
47,WFC,utility
47,WMB,software
47,WMT,industrial
47,XLE,industrial
47,XLF,software
47,XLI,software
47,XLK,software
47,XLU,giant_tech
47,XLV,consumer
47,XLY,software
47,XOM,healthcare
47,ZM,industrial
47,ZS,industrial
48,AAPL,giant_tech
48,ABBV,software
48,ADBE,ai_chip
48,ADI,ai_chip
48,AEP,consumer
48,AFRM,consumer
48,AMAT,giant_tech
48,AMD,ai_chip
48,AMZN,datacenter_hw
48,ANET,healthcare
48,APH,finance
48,APP,software
48,ASML,utility
48,ATI,datacenter_hw
48,AVGO,datacenter_hw
48,AXP,consumer
48,BA,healthcare
48,BAC,energy
48,BLK,finance
48,BMY,utility
48,BWXT,software
48,C,industrial
48,CAT,ai_chip
48,CME,energy
48,CMG,giant_tech
48,COHR,datacenter_hw
48,COIN,software
48,COST,finance
48,CRM,software
48,CRWD,software
48,CRWV,utility
48,CSCO,consumer
48,CVS,healthcare
48,CVX,ai_chip
48,D,ai_chip
48,DDOG,software
48,DE,consumer
48,DELL,ai_chip
48,DLR,finance
48,DOCU,utility
48,DUK,datacenter_hw
48,EME,ai_chip
48,EMR,software
48,EOG,healthcare
48,EQIX,utility
48,ESTC,industrial
48,ETN,consumer
48,FDX,healthcare
48,FTNT,software
48,GE,consumer
48,GILD,consumer
48,GLD,ai_chip
48,GLW,industrial
48,GM,industrial
48,GOOG,software
48,GRMN,software
48,GS,industrial
48,GTLB,finance
48,HD,real_estate
48,HLT,industrial
48,HON,industrial
48,HOOD,industrial
48,HPE,software
48,HUBS,finance
48,IBM,software
48,INTC,healthcare
48,INTU,industrial
48,JNJ,industrial
48,JPM,defensive_bonds
48,KLAC,consumer
48,KMI,industrial
48,KO,ai_chip
48,LHX,energy
48,LITE,ai_chip
48,LLY,industrial
48,LMT,energy
48,LOW,finance
48,LRCX,finance
48,MA,energy
48,MCD,ai_chip
48,MCHP,finance
48,MDB,software
48,MDT,software
48,META,energy
48,MMM,finance
48,MO,ai_chip
48,MPWR,finance
48,MRK,giant_tech
48,MRVL,healthcare
48,MS,datacenter_hw
48,MSFT,datacenter_hw
48,MU,finance
48,NEE,giant_tech
48,NEM,software
48,NET,healthcare
48,NFLX,finance
48,NOW,ai_chip
48,NVDA,datacenter_hw
48,NVO,utility
48,NVTS,finance
48,NXPI,software
48,OKTA,software
48,ON,ai_chip
48,ORCL,software
48,OXY,commodity
48,PANW,industrial
48,PCTY,ai_chip
48,PG,ai_chip
48,PGR,finance
48,PH,software
48,PLTR,consumer
48,PM,giant_tech
48,PNC,industrial
48,PYPL,consumer
48,QCOM,software
48,RBLX,consumer
48,RKLB,healthcare
48,ROST,datacenter_hw
48,RTX,consumer
48,SCHW,industrial
48,SHOP,healthcare
48,SMCI,industrial
48,SNOW,industrial
48,SO,healthcare
48,SOFI,datacenter_hw
48,SPCX,healthcare
48,SPG,real_estate
48,SPOT,industrial
48,SPY,consumer
48,T,industrial
48,TEAM,energy
48,TJX,real_estate
48,TLT,software
48,TMO,energy
48,TSLA,software
48,TSM,datacenter_hw
48,TXN,finance
48,UNH,software
48,UNP,consumer
48,V,giant_tech
48,VLO,ai_chip
48,VRT,datacenter_hw
48,VTR,industrial
48,WDAY,commodity
48,WDC,telecom
48,WELL,giant_tech
48,WFC,industrial
48,WMB,datacenter_hw
48,WMT,datacenter_hw
48,XLE,finance
48,XLF,giant_tech
48,XLI,software
48,XLK,software
48,XLU,finance
48,XLV,finance
48,XLY,finance
48,XOM,consumer
48,ZM,ai_chip
48,ZS,benchmark
49,AAPL,energy
49,ABBV,industrial
49,ADBE,energy
49,ADI,finance
49,AEP,industrial
49,AFRM,software
49,AMAT,healthcare
49,AMD,software
49,AMZN,finance
49,ANET,datacenter_hw
49,APH,industrial
49,APP,software
49,ASML,healthcare
49,ATI,healthcare
49,AVGO,utility
49,AXP,software
49,BA,utility
49,BAC,finance
49,BLK,software
49,BMY,software
49,BWXT,consumer
49,C,ai_chip
49,CAT,datacenter_hw
49,CME,healthcare
49,CMG,telecom
49,COHR,software
49,COIN,giant_tech
49,COST,ai_chip
49,CRM,software
49,CRWD,finance
49,CRWV,datacenter_hw
49,CSCO,giant_tech
49,CVS,datacenter_hw
49,CVX,finance
49,D,energy
49,DDOG,consumer
49,DE,giant_tech
49,DELL,commodity
49,DLR,consumer
49,DOCU,ai_chip
49,DUK,commodity
49,EME,datacenter_hw
49,EMR,industrial
49,EOG,industrial
49,EQIX,ai_chip
49,ESTC,software
49,ETN,industrial
49,FDX,datacenter_hw
49,FTNT,industrial
49,GE,finance
49,GILD,software
49,GLD,healthcare
49,GLW,industrial
49,GM,software
49,GOOG,finance
49,GRMN,software
49,GS,utility
49,GTLB,real_estate
49,HD,ai_chip
49,HLT,software
49,HON,consumer
49,HOOD,software
49,HPE,consumer
49,HUBS,industrial
49,IBM,energy
49,INTC,software
49,INTU,datacenter_hw
49,JNJ,industrial
49,JPM,ai_chip
49,KLAC,ai_chip
49,KMI,finance
49,KO,ai_chip
49,LHX,finance
49,LITE,industrial
49,LLY,finance
49,LMT,healthcare
49,LOW,finance
49,LRCX,software
49,MA,finance
49,MCD,consumer
49,MCHP,finance
49,MDB,datacenter_hw
49,MDT,industrial
49,META,finance
49,MMM,utility
49,MO,healthcare
49,MPWR,datacenter_hw
49,MRK,software
49,MRVL,datacenter_hw
49,MS,energy
49,MSFT,finance
49,MU,industrial
49,NEE,healthcare
49,NEM,industrial
49,NET,industrial
49,NFLX,consumer
49,NOW,industrial
49,NVDA,giant_tech
49,NVO,software
49,NVTS,ai_chip
49,NXPI,finance
49,OKTA,software
49,ON,industrial
49,ORCL,ai_chip
49,OXY,giant_tech
49,PANW,software
49,PCTY,software
49,PG,consumer
49,PGR,consumer
49,PH,giant_tech
49,PLTR,ai_chip
49,PM,ai_chip
49,PNC,datacenter_hw
49,PYPL,real_estate
49,QCOM,energy
49,RBLX,consumer
49,RKLB,ai_chip
49,ROST,healthcare
49,RTX,healthcare
49,SCHW,ai_chip
49,SHOP,finance
49,SMCI,software
49,SNOW,energy
49,SO,ai_chip
49,SOFI,ai_chip
49,SPCX,finance
49,SPG,software
49,SPOT,consumer
49,SPY,software
49,T,finance
49,TEAM,giant_tech
49,TJX,energy
49,TLT,utility
49,TMO,healthcare
49,TSLA,ai_chip
49,TSM,utility
49,TXN,giant_tech
49,UNH,real_estate
49,UNP,consumer
49,V,ai_chip
49,VLO,industrial
49,VRT,defensive_bonds
49,VTR,datacenter_hw
49,WDAY,consumer
49,WDC,finance
49,WELL,consumer
49,WFC,healthcare
49,WMB,ai_chip
49,WMT,software
49,XLE,industrial
49,XLF,consumer
49,XLI,datacenter_hw
49,XLK,datacenter_hw
49,XLU,giant_tech
49,XLV,benchmark
49,XLY,software
49,XOM,consumer
49,ZM,industrial
49,ZS,industrial
50,AAPL,industrial
50,ABBV,finance
50,ADBE,datacenter_hw
50,ADI,ai_chip
50,AEP,finance
50,AFRM,real_estate
50,AMAT,commodity
50,AMD,industrial
50,AMZN,datacenter_hw
50,ANET,consumer
50,APH,industrial
50,APP,ai_chip
50,ASML,ai_chip
50,ATI,finance
50,AVGO,datacenter_hw
50,AXP,ai_chip
50,BA,giant_tech
50,BAC,industrial
50,BLK,healthcare
50,BMY,finance
50,BWXT,datacenter_hw
50,C,healthcare
50,CAT,commodity
50,CME,finance
50,CMG,consumer
50,COHR,energy
50,COIN,datacenter_hw
50,COST,utility
50,CRM,benchmark
50,CRWD,software
50,CRWV,ai_chip
50,CSCO,utility
50,CVS,software
50,CVX,ai_chip
50,D,finance
50,DDOG,industrial
50,DE,software
50,DELL,software
50,DLR,software
50,DOCU,industrial
50,DUK,consumer
50,EME,telecom
50,EMR,industrial
50,EOG,consumer
50,EQIX,software
50,ESTC,giant_tech
50,ETN,software
50,FDX,consumer
50,FTNT,consumer
50,GE,energy
50,GILD,energy
50,GLD,finance
50,GLW,consumer
50,GM,finance
50,GOOG,software
50,GRMN,healthcare
50,GS,ai_chip
50,GTLB,ai_chip
50,HD,industrial
50,HLT,finance
50,HON,utility
50,HOOD,giant_tech
50,HPE,ai_chip
50,HUBS,consumer
50,IBM,software
50,INTC,defensive_bonds
50,INTU,healthcare
50,JNJ,finance
50,JPM,industrial
50,KLAC,software
50,KMI,finance
50,KO,finance
50,LHX,consumer
50,LITE,healthcare
50,LLY,real_estate
50,LMT,software
50,LOW,finance
50,LRCX,energy
50,MA,software
50,MCD,software
50,MCHP,finance
50,MDB,utility
50,MDT,finance
50,META,energy
50,MMM,software
50,MO,healthcare
50,MPWR,healthcare
50,MRK,consumer
50,MRVL,consumer
50,MS,energy
50,MSFT,datacenter_hw
50,MU,industrial
50,NEE,software
50,NEM,software
50,NET,software
50,NFLX,finance
50,NOW,ai_chip
50,NVDA,ai_chip
50,NVO,datacenter_hw
50,NVTS,consumer
50,NXPI,industrial
50,OKTA,consumer
50,ON,software
50,ORCL,ai_chip
50,OXY,software
50,PANW,ai_chip
50,PCTY,software
50,PG,ai_chip
50,PGR,ai_chip
50,PH,software
50,PLTR,ai_chip
50,PM,finance
50,PNC,healthcare
50,PYPL,energy
50,QCOM,ai_chip
50,RBLX,real_estate
50,RKLB,industrial
50,ROST,datacenter_hw
50,RTX,industrial
50,SCHW,giant_tech
50,SHOP,industrial
50,SMCI,healthcare
50,SNOW,software
50,SO,giant_tech
50,SOFI,healthcare
50,SPCX,industrial
50,SPG,healthcare
50,SPOT,ai_chip
50,SPY,consumer
50,T,giant_tech
50,TEAM,datacenter_hw
50,TJX,utility
50,TLT,datacenter_hw
50,TMO,datacenter_hw
50,TSLA,consumer
50,TSM,datacenter_hw
50,TXN,software
50,UNH,industrial
50,UNP,industrial
50,V,ai_chip
50,VLO,giant_tech
50,VRT,finance
50,VTR,industrial
50,WDAY,industrial
50,WDC,giant_tech
50,WELL,finance
50,WFC,utility
50,WMB,industrial
50,WMT,giant_tech
50,XLE,healthcare
50,XLF,software
50,XLI,finance
50,XLK,consumer
50,XLU,software
50,XLV,datacenter_hw
50,XLY,software
50,XOM,industrial
50,ZM,energy
50,ZS,datacenter_hw
51,AAPL,giant_tech
51,ABBV,software
51,ADBE,ai_chip
51,ADI,datacenter_hw
51,AEP,consumer
51,AFRM,healthcare
51,AMAT,utility
51,AMD,datacenter_hw
51,AMZN,software
51,ANET,consumer
51,APH,industrial
51,APP,industrial
51,ASML,healthcare
51,ATI,consumer
51,AVGO,industrial
51,AXP,software
51,BA,ai_chip
51,BAC,healthcare
51,BLK,energy
51,BMY,finance
51,BWXT,consumer
51,C,ai_chip
51,CAT,ai_chip
51,CME,software
51,CMG,industrial
51,COHR,healthcare
51,COIN,finance
51,COST,real_estate
51,CRM,industrial
51,CRWD,industrial
51,CRWV,utility
51,CSCO,consumer
51,CVS,finance
51,CVX,datacenter_hw
51,D,finance
51,DDOG,telecom
51,DE,industrial
51,DELL,industrial
51,DLR,benchmark
51,DOCU,software
51,DUK,software
51,EME,ai_chip
51,EMR,finance
51,EOG,finance
51,EQIX,healthcare
51,ESTC,energy
51,ETN,giant_tech
51,FDX,ai_chip
51,FTNT,commodity
51,GE,datacenter_hw
51,GILD,healthcare
51,GLD,ai_chip
51,GLW,industrial
51,GM,finance
51,GOOG,datacenter_hw
51,GRMN,software
51,GS,consumer
51,GTLB,commodity
51,HD,energy
51,HLT,energy
51,HON,utility
51,HOOD,software
51,HPE,industrial
51,HUBS,consumer
51,IBM,real_estate
51,INTC,software
51,INTU,software
51,JNJ,software
51,JPM,industrial
51,KLAC,consumer
51,KMI,utility
51,KO,ai_chip
51,LHX,finance
51,LITE,datacenter_hw
51,LLY,finance
51,LMT,giant_tech
51,LOW,finance
51,LRCX,finance
51,MA,datacenter_hw
51,MCD,finance
51,MCHP,ai_chip
51,MDB,giant_tech
51,MDT,software
51,META,ai_chip
51,MMM,datacenter_hw
51,MO,software
51,MPWR,software
51,MRK,software
51,MRVL,datacenter_hw
51,MS,datacenter_hw
51,MSFT,healthcare
51,MU,energy
51,NEE,software
51,NEM,software
51,NET,datacenter_hw
51,NFLX,energy
51,NOW,industrial
51,NVDA,industrial
51,NVO,software
51,NVTS,software
51,NXPI,consumer
51,OKTA,consumer
51,ON,healthcare
51,ORCL,ai_chip
51,OXY,industrial
51,PANW,industrial
51,PCTY,datacenter_hw
51,PG,ai_chip
51,PGR,finance
51,PH,giant_tech
51,PLTR,giant_tech
51,PM,energy
51,PNC,ai_chip
51,PYPL,industrial
51,QCOM,energy
51,RBLX,software
51,RKLB,consumer
51,ROST,finance
51,RTX,software
51,SCHW,giant_tech
51,SHOP,giant_tech
51,SMCI,real_estate
51,SNOW,finance
51,SO,consumer
51,SOFI,industrial
51,SPCX,ai_chip
51,SPG,datacenter_hw
51,SPOT,finance
51,SPY,finance
51,T,finance
51,TEAM,giant_tech
51,TJX,consumer
51,TLT,healthcare
51,TMO,healthcare
51,TSLA,utility
51,TSM,consumer
51,TXN,software
51,UNH,software
51,UNP,software
51,V,consumer
51,VLO,ai_chip
51,VRT,healthcare
51,VTR,software
51,WDAY,finance
51,WDC,consumer
51,WELL,software
51,WFC,industrial
51,WMB,finance
51,WMT,ai_chip
51,XLE,ai_chip
51,XLF,datacenter_hw
51,XLI,utility
51,XLK,ai_chip
51,XLU,healthcare
51,XLV,industrial
51,XLY,industrial
51,XOM,ai_chip
51,ZM,defensive_bonds
51,ZS,industrial
52,AAPL,finance
52,ABBV,finance
52,ADBE,utility
52,ADI,utility
52,AEP,ai_chip
52,AFRM,utility
52,AMAT,finance
52,AMD,consumer
52,AMZN,consumer
52,ANET,software
52,APH,software
52,APP,finance
52,ASML,software
52,ATI,giant_tech
52,AVGO,finance
52,AXP,consumer
52,BA,ai_chip
52,BAC,healthcare
52,BLK,industrial
52,BMY,ai_chip
52,BWXT,consumer
52,C,datacenter_hw
52,CAT,utility
52,CME,finance
52,CMG,energy
52,COHR,healthcare
52,COIN,giant_tech
52,COST,software
52,CRM,utility
52,CRWD,finance
52,CRWV,industrial
52,CSCO,finance
52,CVS,healthcare
52,CVX,datacenter_hw
52,D,finance
52,DDOG,finance
52,DE,energy
52,DELL,energy
52,DLR,software
52,DOCU,datacenter_hw
52,DUK,ai_chip
52,EME,healthcare
52,EMR,finance
52,EOG,software
52,EQIX,industrial
52,ESTC,industrial
52,ETN,software
52,FDX,finance
52,FTNT,industrial
52,GE,software
52,GILD,real_estate
52,GLD,software
52,GLW,industrial
52,GM,software
52,GOOG,giant_tech
52,GRMN,industrial
52,GS,software
52,GTLB,industrial
52,HD,finance
52,HLT,energy
52,HON,software
52,HOOD,industrial
52,HPE,industrial
52,HUBS,industrial
52,IBM,software
52,INTC,consumer
52,INTU,software
52,JNJ,energy
52,JPM,datacenter_hw
52,KLAC,consumer
52,KMI,industrial
52,KO,giant_tech
52,LHX,ai_chip
52,LITE,industrial
52,LLY,giant_tech
52,LMT,consumer
52,LOW,healthcare
52,LRCX,industrial
52,MA,giant_tech
52,MCD,industrial
52,MCHP,healthcare
52,MDB,ai_chip
52,MDT,healthcare
52,META,consumer
52,MMM,software
52,MO,industrial
52,MPWR,finance
52,MRK,finance
52,MRVL,ai_chip
52,MS,datacenter_hw
52,MSFT,finance
52,MU,software
52,NEE,healthcare
52,NEM,consumer
52,NET,finance
52,NFLX,ai_chip
52,NOW,ai_chip
52,NVDA,datacenter_hw
52,NVO,industrial
52,NVTS,software
52,NXPI,software
52,OKTA,consumer
52,ON,defensive_bonds
52,ORCL,ai_chip
52,OXY,datacenter_hw
52,PANW,industrial
52,PCTY,real_estate
52,PG,ai_chip
52,PGR,giant_tech
52,PH,giant_tech
52,PLTR,ai_chip
52,PM,software
52,PNC,healthcare
52,PYPL,commodity
52,QCOM,software
52,RBLX,utility
52,RKLB,software
52,ROST,ai_chip
52,RTX,datacenter_hw
52,SCHW,consumer
52,SHOP,healthcare
52,SMCI,datacenter_hw
52,SNOW,datacenter_hw
52,SO,datacenter_hw
52,SOFI,ai_chip
52,SPCX,datacenter_hw
52,SPG,software
52,SPOT,industrial
52,SPY,real_estate
52,T,benchmark
52,TEAM,commodity
52,TJX,healthcare
52,TLT,software
52,TMO,energy
52,TSLA,ai_chip
52,TSM,ai_chip
52,TXN,software
52,UNH,consumer
52,UNP,energy
52,V,ai_chip
52,VLO,finance
52,VRT,ai_chip
52,VTR,healthcare
52,WDAY,ai_chip
52,WDC,consumer
52,WELL,finance
52,WFC,datacenter_hw
52,WMB,industrial
52,WMT,telecom
52,XLE,consumer
52,XLF,industrial
52,XLI,software
52,XLK,consumer
52,XLU,datacenter_hw
52,XLV,energy
52,XLY,giant_tech
52,XOM,finance
52,ZM,consumer
52,ZS,software
53,AAPL,utility
53,ABBV,datacenter_hw
53,ADBE,giant_tech
53,ADI,industrial
53,AEP,consumer
53,AFRM,industrial
53,AMAT,finance
53,AMD,finance
53,AMZN,finance
53,ANET,software
53,APH,finance
53,APP,giant_tech
53,ASML,ai_chip
53,ATI,software
53,AVGO,datacenter_hw
53,AXP,industrial
53,BA,finance
53,BAC,consumer
53,BLK,datacenter_hw
53,BMY,ai_chip
53,BWXT,ai_chip
53,C,ai_chip
53,CAT,consumer
53,CME,healthcare
53,CMG,consumer
53,COHR,finance
53,COIN,energy
53,COST,software
53,CRM,healthcare
53,CRWD,software
53,CRWV,utility
53,CSCO,industrial
53,CVS,giant_tech
53,CVX,software
53,D,healthcare
53,DDOG,industrial
53,DE,defensive_bonds
53,DELL,energy
53,DLR,finance
53,DOCU,ai_chip
53,DUK,healthcare
53,EME,giant_tech
53,EMR,finance
53,EOG,healthcare
53,EQIX,ai_chip
53,ESTC,utility
53,ETN,ai_chip
53,FDX,ai_chip
53,FTNT,industrial
53,GE,finance
53,GILD,consumer
53,GLD,software
53,GLW,giant_tech
53,GM,industrial
53,GOOG,industrial
53,GRMN,ai_chip
53,GS,consumer
53,GTLB,commodity
53,HD,software
53,HLT,datacenter_hw
53,HON,ai_chip
53,HOOD,datacenter_hw
53,HPE,ai_chip
53,HUBS,energy
53,IBM,datacenter_hw
53,INTC,industrial
53,INTU,ai_chip
53,JNJ,datacenter_hw
53,JPM,consumer
53,KLAC,utility
53,KMI,finance
53,KO,software
53,LHX,finance
53,LITE,finance
53,LLY,giant_tech
53,LMT,finance
53,LOW,industrial
53,LRCX,datacenter_hw
53,MA,software
53,MCD,energy
53,MCHP,healthcare
53,MDB,consumer
53,MDT,healthcare
53,META,consumer
53,MMM,datacenter_hw
53,MO,finance
53,MPWR,software
53,MRK,consumer
53,MRVL,finance
53,MS,software
53,MSFT,software
53,MU,ai_chip
53,NEE,real_estate
53,NEM,finance
53,NET,datacenter_hw
53,NFLX,utility
53,NOW,industrial
53,NVDA,healthcare
53,NVO,software
53,NVTS,healthcare
53,NXPI,consumer
53,OKTA,utility
53,ON,software
53,ORCL,energy
53,OXY,industrial
53,PANW,ai_chip
53,PCTY,datacenter_hw
53,PG,software
53,PGR,telecom
53,PH,software
53,PLTR,industrial
53,PM,software
53,PNC,ai_chip
53,PYPL,ai_chip
53,QCOM,healthcare
53,RBLX,commodity
53,RKLB,benchmark
53,ROST,software
53,RTX,software
53,SCHW,ai_chip
53,SHOP,consumer
53,SMCI,giant_tech
53,SNOW,software
53,SO,industrial
53,SOFI,industrial
53,SPCX,datacenter_hw
53,SPG,datacenter_hw
53,SPOT,finance
53,SPY,giant_tech
53,T,consumer
53,TEAM,energy
53,TJX,industrial
53,TLT,consumer
53,TMO,giant_tech
53,TSLA,datacenter_hw
53,TSM,ai_chip
53,TXN,finance
53,UNH,real_estate
53,UNP,software
53,V,energy
53,VLO,real_estate
53,VRT,software
53,VTR,finance
53,WDAY,consumer
53,WDC,software
53,WELL,software
53,WFC,industrial
53,WMB,healthcare
53,WMT,industrial
53,XLE,industrial
53,XLF,industrial
53,XLI,software
53,XLK,software
53,XLU,ai_chip
53,XLV,consumer
53,XLY,energy
53,XOM,healthcare
53,ZM,finance
53,ZS,industrial
54,AAPL,ai_chip
54,ABBV,ai_chip
54,ADBE,consumer
54,ADI,datacenter_hw
54,AEP,finance
54,AFRM,datacenter_hw
54,AMAT,finance
54,AMD,industrial
54,AMZN,industrial
54,ANET,finance
54,APH,software
54,APP,finance
54,ASML,software
54,ATI,ai_chip
54,AVGO,ai_chip
54,AXP,industrial
54,BA,ai_chip
54,BAC,datacenter_hw
54,BLK,industrial
54,BMY,industrial
54,BWXT,commodity
54,C,energy
54,CAT,healthcare
54,CME,energy
54,CMG,datacenter_hw
54,COHR,consumer
54,COIN,healthcare
54,COST,software
54,CRM,utility
54,CRWD,consumer
54,CRWV,software
54,CSCO,software
54,CVS,consumer
54,CVX,industrial
54,D,finance
54,DDOG,giant_tech
54,DE,industrial
54,DELL,industrial
54,DLR,finance
54,DOCU,giant_tech
54,DUK,energy
54,EME,finance
54,EMR,software
54,EOG,datacenter_hw
54,EQIX,software
54,ESTC,software
54,ETN,ai_chip
54,FDX,software
54,FTNT,software
54,GE,healthcare
54,GILD,software
54,GLD,giant_tech
54,GLW,utility
54,GM,ai_chip
54,GOOG,energy
54,GRMN,real_estate
54,GS,datacenter_hw
54,GTLB,real_estate
54,HD,finance
54,HLT,software
54,HON,datacenter_hw
54,HOOD,healthcare
54,HPE,ai_chip
54,HUBS,commodity
54,IBM,industrial
54,INTC,defensive_bonds
54,INTU,energy
54,JNJ,finance
54,JPM,industrial
54,KLAC,industrial
54,KMI,utility
54,KO,finance
54,LHX,industrial
54,LITE,software
54,LLY,finance
54,LMT,telecom
54,LOW,consumer
54,LRCX,ai_chip
54,MA,healthcare
54,MCD,software
54,MCHP,consumer
54,MDB,utility
54,MDT,industrial
54,META,healthcare
54,MMM,finance
54,MO,ai_chip
54,MPWR,utility
54,MRK,finance
54,MRVL,software
54,MS,consumer
54,MSFT,energy
54,MU,industrial
54,NEE,ai_chip
54,NEM,software
54,NET,software
54,NFLX,industrial
54,NOW,ai_chip
54,NVDA,software
54,NVO,utility
54,NVTS,finance
54,NXPI,giant_tech
54,OKTA,datacenter_hw
54,ON,industrial
54,ORCL,consumer
54,OXY,ai_chip
54,PANW,finance
54,PCTY,ai_chip
54,PG,real_estate
54,PGR,datacenter_hw
54,PH,software
54,PLTR,finance
54,PM,consumer
54,PNC,software
54,PYPL,consumer
54,QCOM,healthcare
54,RBLX,consumer
54,RKLB,healthcare
54,ROST,datacenter_hw
54,RTX,software
54,SCHW,ai_chip
54,SHOP,healthcare
54,SMCI,healthcare
54,SNOW,giant_tech
54,SO,giant_tech
54,SOFI,datacenter_hw
54,SPCX,consumer
54,SPG,healthcare
54,SPOT,industrial
54,SPY,software
54,T,healthcare
54,TEAM,datacenter_hw
54,TJX,ai_chip
54,TLT,giant_tech
54,TMO,energy
54,TSLA,energy
54,TSM,datacenter_hw
54,TXN,consumer
54,UNH,consumer
54,UNP,software
54,V,software
54,VLO,finance
54,VRT,ai_chip
54,VTR,giant_tech
54,WDAY,ai_chip
54,WDC,software
54,WELL,industrial
54,WFC,finance
54,WMB,industrial
54,WMT,benchmark
54,XLE,consumer
54,XLF,industrial
54,XLI,finance
54,XLK,finance
54,XLU,giant_tech
54,XLV,datacenter_hw
54,XLY,industrial
54,XOM,ai_chip
54,ZM,software
54,ZS,consumer
55,AAPL,datacenter_hw
55,ABBV,real_estate
55,ADBE,ai_chip
55,ADI,datacenter_hw
55,AEP,industrial
55,AFRM,ai_chip
55,AMAT,ai_chip
55,AMD,finance
55,AMZN,datacenter_hw
55,ANET,datacenter_hw
55,APH,healthcare
55,APP,consumer
55,ASML,healthcare
55,ATI,software
55,AVGO,energy
55,AXP,consumer
55,BA,industrial
55,BAC,energy
55,BLK,ai_chip
55,BMY,software
55,BWXT,consumer
55,C,finance
55,CAT,industrial
55,CME,datacenter_hw
55,CMG,software
55,COHR,consumer
55,COIN,healthcare
55,COST,benchmark
55,CRM,industrial
55,CRWD,consumer
55,CRWV,software
55,CSCO,finance
55,CVS,giant_tech
55,CVX,finance
55,D,ai_chip
55,DDOG,industrial
55,DE,industrial
55,DELL,utility
55,DLR,software
55,DOCU,software
55,DUK,datacenter_hw
55,EME,finance
55,EMR,industrial
55,EOG,finance
55,EQIX,industrial
55,ESTC,consumer
55,ETN,industrial
55,FDX,energy
55,FTNT,software
55,GE,software
55,GILD,ai_chip
55,GLD,software
55,GLW,healthcare
55,GM,software
55,GOOG,finance
55,GRMN,ai_chip
55,GS,software
55,GTLB,software
55,HD,healthcare
55,HLT,ai_chip
55,HON,healthcare
55,HOOD,giant_tech
55,HPE,software
55,HUBS,finance
55,IBM,software
55,INTC,finance
55,INTU,healthcare
55,JNJ,finance
55,JPM,healthcare
55,KLAC,datacenter_hw
55,KMI,software
55,KO,finance
55,LHX,finance
55,LITE,real_estate
55,LLY,consumer
55,LMT,industrial
55,LOW,energy
55,LRCX,software
55,MA,datacenter_hw
55,MCD,software
55,MCHP,real_estate
55,MDB,healthcare
55,MDT,ai_chip
55,META,industrial
55,MMM,software
55,MO,utility
55,MPWR,energy
55,MRK,finance
55,MRVL,giant_tech
55,MS,giant_tech
55,MSFT,software
55,MU,giant_tech
55,NEE,commodity
55,NEM,industrial
55,NET,finance
55,NFLX,consumer
55,NOW,telecom
55,NVDA,consumer
55,NVO,datacenter_hw
55,NVTS,utility
55,NXPI,energy
55,OKTA,ai_chip
55,ON,datacenter_hw
55,ORCL,finance
55,OXY,software
55,PANW,ai_chip
55,PCTY,consumer
55,PG,commodity
55,PGR,utility
55,PH,utility
55,PLTR,ai_chip
55,PM,datacenter_hw
55,PNC,ai_chip
55,PYPL,healthcare
55,QCOM,ai_chip
55,RBLX,ai_chip
55,RKLB,software
55,ROST,ai_chip
55,RTX,industrial
55,SCHW,industrial
55,SHOP,ai_chip
55,SMCI,consumer
55,SNOW,software
55,SO,utility
55,SOFI,healthcare
55,SPCX,finance
55,SPG,industrial
55,SPOT,datacenter_hw
55,SPY,datacenter_hw
55,T,software
55,TEAM,giant_tech
55,TJX,consumer
55,TLT,industrial
55,TMO,software
55,TSLA,datacenter_hw
55,TSM,finance
55,TXN,ai_chip
55,UNH,defensive_bonds
55,UNP,finance
55,V,industrial
55,VLO,industrial
55,VRT,industrial
55,VTR,industrial
55,WDAY,energy
55,WDC,consumer
55,WELL,industrial
55,WFC,healthcare
55,WMB,consumer
55,WMT,software
55,XLE,consumer
55,XLF,giant_tech
55,XLI,ai_chip
55,XLK,energy
55,XLU,software
55,XLV,giant_tech
55,XLY,consumer
55,XOM,finance
55,ZM,finance
55,ZS,giant_tech
56,AAPL,software
56,ABBV,ai_chip
56,ADBE,software
56,ADI,giant_tech
56,AEP,finance
56,AFRM,software
56,AMAT,software
56,AMD,finance
56,AMZN,industrial
56,ANET,consumer
56,APH,software
56,APP,finance
56,ASML,giant_tech
56,ATI,healthcare
56,AVGO,energy
56,AXP,industrial
56,BA,finance
56,BAC,datacenter_hw
56,BLK,giant_tech
56,BMY,finance
56,BWXT,consumer
56,C,energy
56,CAT,software
56,CME,finance
56,CMG,finance
56,COHR,giant_tech
56,COIN,utility
56,COST,software
56,CRM,giant_tech
56,CRWD,industrial
56,CRWV,datacenter_hw
56,CSCO,industrial
56,CVS,consumer
56,CVX,ai_chip
56,D,software
56,DDOG,healthcare
56,DE,industrial
56,DELL,benchmark
56,DLR,software
56,DOCU,healthcare
56,DUK,industrial
56,EME,giant_tech
56,EMR,industrial
56,EOG,industrial
56,EQIX,consumer
56,ESTC,finance
56,ETN,software
56,FDX,software
56,FTNT,software
56,GE,software
56,GILD,software
56,GLD,datacenter_hw
56,GLW,industrial
56,GM,datacenter_hw
56,GOOG,ai_chip
56,GRMN,consumer
56,GS,ai_chip
56,GTLB,utility
56,HD,giant_tech
56,HLT,industrial
56,HON,ai_chip
56,HOOD,ai_chip
56,HPE,finance
56,HUBS,healthcare
56,IBM,software
56,INTC,datacenter_hw
56,INTU,datacenter_hw
56,JNJ,finance
56,JPM,consumer
56,KLAC,finance
56,KMI,giant_tech
56,KO,datacenter_hw
56,LHX,utility
56,LITE,industrial
56,LLY,ai_chip
56,LMT,ai_chip
56,LOW,datacenter_hw
56,LRCX,healthcare
56,MA,consumer
56,MCD,software
56,MCHP,ai_chip
56,MDB,datacenter_hw
56,MDT,healthcare
56,META,industrial
56,MMM,utility
56,MO,finance
56,MPWR,healthcare
56,MRK,datacenter_hw
56,MRVL,healthcare
56,MS,healthcare
56,MSFT,healthcare
56,MU,ai_chip
56,NEE,datacenter_hw
56,NEM,ai_chip
56,NET,datacenter_hw
56,NFLX,software
56,NOW,industrial
56,NVDA,industrial
56,NVO,commodity
56,NVTS,finance
56,NXPI,finance
56,OKTA,consumer
56,ON,finance
56,ORCL,ai_chip
56,OXY,healthcare
56,PANW,energy
56,PCTY,finance
56,PG,real_estate
56,PGR,defensive_bonds
56,PH,industrial
56,PLTR,finance
56,PM,finance
56,PNC,software
56,PYPL,ai_chip
56,QCOM,utility
56,RBLX,consumer
56,RKLB,healthcare
56,ROST,datacenter_hw
56,RTX,ai_chip
56,SCHW,finance
56,SHOP,software
56,SMCI,ai_chip
56,SNOW,industrial
56,SO,consumer
56,SOFI,ai_chip
56,SPCX,consumer
56,SPG,consumer
56,SPOT,industrial
56,SPY,software
56,T,consumer
56,TEAM,software
56,TJX,software
56,TLT,ai_chip
56,TMO,real_estate
56,TSLA,industrial
56,TSM,telecom
56,TXN,energy
56,UNH,energy
56,UNP,finance
56,V,energy
56,VLO,industrial
56,VRT,datacenter_hw
56,VTR,industrial
56,WDAY,utility
56,WDC,giant_tech
56,WELL,real_estate
56,WFC,consumer
56,WMB,consumer
56,WMT,industrial
56,XLE,software
56,XLF,software
56,XLI,software
56,XLK,software
56,XLU,ai_chip
56,XLV,ai_chip
56,XLY,commodity
56,XOM,energy
56,ZM,energy
56,ZS,consumer
57,AAPL,consumer
57,ABBV,energy
57,ADBE,healthcare
57,ADI,software
57,AEP,healthcare
57,AFRM,utility
57,AMAT,telecom
57,AMD,industrial
57,AMZN,datacenter_hw
57,ANET,consumer
57,APH,defensive_bonds
57,APP,ai_chip
57,ASML,datacenter_hw
57,ATI,datacenter_hw
57,AVGO,ai_chip
57,AXP,industrial
57,BA,healthcare
57,BAC,industrial
57,BLK,ai_chip
57,BMY,ai_chip
57,BWXT,datacenter_hw
57,C,utility
57,CAT,healthcare
57,CME,finance
57,CMG,software
57,COHR,consumer
57,COIN,consumer
57,COST,industrial
57,CRM,utility
57,CRWD,consumer
57,CRWV,finance
57,CSCO,datacenter_hw
57,CVS,utility
57,CVX,software
57,D,giant_tech
57,DDOG,real_estate
57,DE,datacenter_hw
57,DELL,industrial
57,DLR,finance
57,DOCU,healthcare
57,DUK,industrial
57,EME,real_estate
57,EMR,software
57,EOG,software
57,EQIX,software
57,ESTC,giant_tech
57,ETN,energy
57,FDX,consumer
57,FTNT,giant_tech
57,GE,energy
57,GILD,industrial
57,GLD,healthcare
57,GLW,datacenter_hw
57,GM,ai_chip
57,GOOG,software
57,GRMN,finance
57,GS,consumer
57,GTLB,consumer
57,HD,benchmark
57,HLT,finance
57,HON,software
57,HOOD,industrial
57,HPE,software
57,HUBS,industrial
57,IBM,ai_chip
57,INTC,finance
57,INTU,ai_chip
57,JNJ,software
57,JPM,consumer
57,KLAC,industrial
57,KMI,software
57,KO,datacenter_hw
57,LHX,industrial
57,LITE,healthcare
57,LLY,ai_chip
57,LMT,consumer
57,LOW,utility
57,LRCX,software
57,MA,ai_chip
57,MCD,finance
57,MCHP,ai_chip
57,MDB,industrial
57,MDT,ai_chip
57,META,software
57,MMM,ai_chip
57,MO,industrial
57,MPWR,finance
57,MRK,finance
57,MRVL,energy
57,MS,giant_tech
57,MSFT,software
57,MU,software
57,NEE,datacenter_hw
57,NEM,industrial
57,NET,commodity
57,NFLX,healthcare
57,NOW,commodity
57,NVDA,ai_chip
57,NVO,healthcare
57,NVTS,ai_chip
57,NXPI,healthcare
57,OKTA,software
57,ON,healthcare
57,ORCL,healthcare
57,OXY,utility
57,PANW,software
57,PCTY,finance
57,PG,consumer
57,PGR,consumer
57,PH,ai_chip
57,PLTR,ai_chip
57,PM,datacenter_hw
57,PNC,finance
57,PYPL,software
57,QCOM,consumer
57,RBLX,finance
57,RKLB,giant_tech
57,ROST,datacenter_hw
57,RTX,finance
57,SCHW,software
57,SHOP,giant_tech
57,SMCI,software
57,SNOW,finance
57,SO,ai_chip
57,SOFI,software
57,SPCX,industrial
57,SPG,consumer
57,SPOT,consumer
57,SPY,finance
57,T,datacenter_hw
57,TEAM,software
57,TJX,real_estate
57,TLT,ai_chip
57,TMO,industrial
57,TSLA,giant_tech
57,TSM,ai_chip
57,TXN,energy
57,UNH,software
57,UNP,industrial
57,V,software
57,VLO,datacenter_hw
57,VRT,finance
57,VTR,energy
57,WDAY,giant_tech
57,WDC,finance
57,WELL,industrial
57,WFC,datacenter_hw
57,WMB,industrial
57,WMT,energy
57,XLE,finance
57,XLF,industrial
57,XLI,giant_tech
57,XLK,energy
57,XLU,industrial
57,XLV,consumer
57,XLY,software
57,XOM,finance
57,ZM,software
57,ZS,finance
58,AAPL,commodity
58,ABBV,finance
58,ADBE,healthcare
58,ADI,datacenter_hw
58,AEP,software
58,AFRM,finance
58,AMAT,industrial
58,AMD,software
58,AMZN,industrial
58,ANET,datacenter_hw
58,APH,finance
58,APP,industrial
58,ASML,energy
58,ATI,healthcare
58,AVGO,utility
58,AXP,ai_chip
58,BA,finance
58,BAC,giant_tech
58,BLK,software
58,BMY,consumer
58,BWXT,industrial
58,C,ai_chip
58,CAT,benchmark
58,CME,giant_tech
58,CMG,datacenter_hw
58,COHR,industrial
58,COIN,giant_tech
58,COST,software
58,CRM,healthcare
58,CRWD,healthcare
58,CRWV,finance
58,CSCO,industrial
58,CVS,software
58,CVX,datacenter_hw
58,D,software
58,DDOG,datacenter_hw
58,DE,software
58,DELL,defensive_bonds
58,DLR,industrial
58,DOCU,finance
58,DUK,consumer
58,EME,consumer
58,EMR,software
58,EOG,ai_chip
58,EQIX,giant_tech
58,ESTC,ai_chip
58,ETN,industrial
58,FDX,commodity
58,FTNT,healthcare
58,GE,industrial
58,GILD,ai_chip
58,GLD,industrial
58,GLW,industrial
58,GM,consumer
58,GOOG,ai_chip
58,GRMN,consumer
58,GS,finance
58,GTLB,industrial
58,HD,software
58,HLT,industrial
58,HON,consumer
58,HOOD,giant_tech
58,HPE,software
58,HUBS,software
58,IBM,healthcare
58,INTC,finance
58,INTU,real_estate
58,JNJ,energy
58,JPM,software
58,KLAC,finance
58,KMI,software
58,KO,datacenter_hw
58,LHX,industrial
58,LITE,consumer
58,LLY,utility
58,LMT,industrial
58,LOW,finance
58,LRCX,healthcare
58,MA,finance
58,MCD,industrial
58,MCHP,giant_tech
58,MDB,finance
58,MDT,software
58,META,software
58,MMM,ai_chip
58,MO,healthcare
58,MPWR,consumer
58,MRK,datacenter_hw
58,MRVL,finance
58,MS,giant_tech
58,MSFT,software
58,MU,datacenter_hw
58,NEE,consumer
58,NEM,software
58,NET,real_estate
58,NFLX,ai_chip
58,NOW,finance
58,NVDA,utility
58,NVO,finance
58,NVTS,ai_chip
58,NXPI,ai_chip
58,OKTA,ai_chip
58,ON,ai_chip
58,ORCL,energy
58,OXY,software
58,PANW,consumer
58,PCTY,ai_chip
58,PG,industrial
58,PGR,finance
58,PH,healthcare
58,PLTR,utility
58,PM,utility
58,PNC,datacenter_hw
58,PYPL,datacenter_hw
58,QCOM,datacenter_hw
58,RBLX,consumer
58,RKLB,consumer
58,ROST,industrial
58,RTX,energy
58,SCHW,datacenter_hw
58,SHOP,healthcare
58,SMCI,ai_chip
58,SNOW,ai_chip
58,SO,finance
58,SOFI,finance
58,SPCX,software
58,SPG,ai_chip
58,SPOT,consumer
58,SPY,healthcare
58,T,industrial
58,TEAM,ai_chip
58,TJX,ai_chip
58,TLT,giant_tech
58,TMO,software
58,TSLA,datacenter_hw
58,TSM,energy
58,TXN,software
58,UNH,datacenter_hw
58,UNP,software
58,V,industrial
58,VLO,ai_chip
58,VRT,consumer
58,VTR,industrial
58,WDAY,real_estate
58,WDC,consumer
58,WELL,consumer
58,WFC,giant_tech
58,WMB,software
58,WMT,finance
58,XLE,finance
58,XLF,software
58,XLI,software
58,XLK,energy
58,XLU,utility
58,XLV,energy
58,XLY,healthcare
58,XOM,energy
58,ZM,telecom
58,ZS,software
59,AAPL,industrial
59,ABBV,software
59,ADBE,ai_chip
59,ADI,software
59,AEP,datacenter_hw
59,AFRM,datacenter_hw
59,AMAT,finance
59,AMD,ai_chip
59,AMZN,commodity
59,ANET,utility
59,APH,healthcare
59,APP,giant_tech
59,ASML,software
59,ATI,consumer
59,AVGO,finance
59,AXP,industrial
59,BA,ai_chip
59,BAC,utility
59,BLK,consumer
59,BMY,ai_chip
59,BWXT,datacenter_hw
59,C,datacenter_hw
59,CAT,ai_chip
59,CME,utility
59,CMG,industrial
59,COHR,consumer
59,COIN,finance
59,COST,giant_tech
59,CRM,industrial
59,CRWD,datacenter_hw
59,CRWV,industrial
59,CSCO,datacenter_hw
59,CVS,finance
59,CVX,datacenter_hw
59,D,finance
59,DDOG,giant_tech
59,DE,consumer
59,DELL,energy
59,DLR,healthcare
59,DOCU,industrial
59,DUK,healthcare
59,EME,giant_tech
59,EMR,industrial
59,EOG,software
59,EQIX,giant_tech
59,ESTC,software
59,ETN,ai_chip
59,FDX,industrial
59,FTNT,software
59,GE,industrial
59,GILD,software
59,GLD,healthcare
59,GLW,ai_chip
59,GM,healthcare
59,GOOG,industrial
59,GRMN,consumer
59,GS,consumer
59,GTLB,software
59,HD,software
59,HLT,ai_chip
59,HON,consumer
59,HOOD,consumer
59,HPE,finance
59,HUBS,software
59,IBM,healthcare
59,INTC,healthcare
59,INTU,software
59,JNJ,software
59,JPM,ai_chip
59,KLAC,ai_chip
59,KMI,ai_chip
59,KO,energy
59,LHX,benchmark
59,LITE,energy
59,LLY,datacenter_hw
59,LMT,industrial
59,LOW,datacenter_hw
59,LRCX,energy
59,MA,finance
59,MCD,software
59,MCHP,defensive_bonds
59,MDB,industrial
59,MDT,real_estate
59,META,consumer
59,MMM,giant_tech
59,MO,ai_chip
59,MPWR,software
59,MRK,software
59,MRVL,telecom
59,MS,energy
59,MSFT,ai_chip
59,MU,finance
59,NEE,ai_chip
59,NEM,industrial
59,NET,consumer
59,NFLX,utility
59,NOW,ai_chip
59,NVDA,industrial
59,NVO,software
59,NVTS,consumer
59,NXPI,software
59,OKTA,giant_tech
59,ON,finance
59,ORCL,finance
59,OXY,finance
59,PANW,finance
59,PCTY,finance
59,PG,software
59,PGR,industrial
59,PH,finance
59,PLTR,consumer
59,PM,finance
59,PNC,utility
59,PYPL,software
59,QCOM,real_estate
59,RBLX,datacenter_hw
59,RKLB,finance
59,ROST,healthcare
59,RTX,healthcare
59,SCHW,industrial
59,SHOP,datacenter_hw
59,SMCI,industrial
59,SNOW,consumer
59,SO,real_estate
59,SOFI,consumer
59,SPCX,datacenter_hw
59,SPG,software
59,SPOT,datacenter_hw
59,SPY,datacenter_hw
59,T,software
59,TEAM,software
59,TJX,industrial
59,TLT,commodity
59,TMO,energy
59,TSLA,software
59,TSM,giant_tech
59,TXN,ai_chip
59,UNH,software
59,UNP,consumer
59,V,healthcare
59,VLO,software
59,VRT,software
59,VTR,ai_chip
59,WDAY,healthcare
59,WDC,industrial
59,WELL,energy
59,WFC,healthcare
59,WMB,utility
59,WMT,industrial
59,XLE,ai_chip
59,XLF,industrial
59,XLI,consumer
59,XLK,finance
59,XLU,finance
59,XLV,energy
59,XLY,finance
59,XOM,ai_chip
59,ZM,giant_tech
59,ZS,finance
60,AAPL,finance
60,ABBV,ai_chip
60,ADBE,finance
60,ADI,utility
60,AEP,software
60,AFRM,consumer
60,AMAT,software
60,AMD,giant_tech
60,AMZN,utility
60,ANET,ai_chip
60,APH,giant_tech
60,APP,commodity
60,ASML,industrial
60,ATI,software
60,AVGO,software
60,AXP,ai_chip
60,BA,healthcare
60,BAC,healthcare
60,BLK,software
60,BMY,benchmark
60,BWXT,ai_chip
60,C,giant_tech
60,CAT,datacenter_hw
60,CME,software
60,CMG,consumer
60,COHR,ai_chip
60,COIN,ai_chip
60,COST,finance
60,CRM,industrial
60,CRWD,finance
60,CRWV,ai_chip
60,CSCO,datacenter_hw
60,CVS,industrial
60,CVX,ai_chip
60,D,energy
60,DDOG,finance
60,DE,datacenter_hw
60,DELL,industrial
60,DLR,commodity
60,DOCU,datacenter_hw
60,DUK,healthcare
60,EME,real_estate
60,EMR,finance
60,EOG,healthcare
60,EQIX,industrial
60,ESTC,defensive_bonds
60,ETN,healthcare
60,FDX,finance
60,FTNT,consumer
60,GE,consumer
60,GILD,finance
60,GLD,datacenter_hw
60,GLW,healthcare
60,GM,datacenter_hw
60,GOOG,giant_tech
60,GRMN,finance
60,GS,giant_tech
60,GTLB,ai_chip
60,HD,healthcare
60,HLT,ai_chip
60,HON,consumer
60,HOOD,energy
60,HPE,datacenter_hw
60,HUBS,datacenter_hw
60,IBM,software
60,INTC,consumer
60,INTU,industrial
60,JNJ,software
60,JPM,industrial
60,KLAC,healthcare
60,KMI,industrial
60,KO,software
60,LHX,healthcare
60,LITE,software
60,LLY,industrial
60,LMT,ai_chip
60,LOW,consumer
60,LRCX,software
60,MA,datacenter_hw
60,MCD,consumer
60,MCHP,healthcare
60,MDB,finance
60,MDT,software
60,META,finance
60,MMM,software
60,MO,energy
60,MPWR,giant_tech
60,MRK,utility
60,MRVL,consumer
60,MS,software
60,MSFT,finance
60,MU,industrial
60,NEE,software
60,NEM,software
60,NET,industrial
60,NFLX,finance
60,NOW,datacenter_hw
60,NVDA,consumer
60,NVO,datacenter_hw
60,NVTS,software
60,NXPI,ai_chip
60,OKTA,finance
60,ON,real_estate
60,ORCL,consumer
60,OXY,telecom
60,PANW,datacenter_hw
60,PCTY,utility
60,PG,finance
60,PGR,industrial
60,PH,utility
60,PLTR,consumer
60,PM,ai_chip
60,PNC,consumer
60,PYPL,energy
60,QCOM,industrial
60,RBLX,consumer
60,RKLB,ai_chip
60,ROST,consumer
60,RTX,software
60,SCHW,industrial
60,SHOP,ai_chip
60,SMCI,finance
60,SNOW,finance
60,SO,software
60,SOFI,healthcare
60,SPCX,real_estate
60,SPG,industrial
60,SPOT,utility
60,SPY,giant_tech
60,T,finance
60,TEAM,industrial
60,TJX,consumer
60,TLT,industrial
60,TMO,giant_tech
60,TSLA,industrial
60,TSM,software
60,TXN,ai_chip
60,UNH,software
60,UNP,software
60,V,giant_tech
60,VLO,industrial
60,VRT,software
60,VTR,energy
60,WDAY,ai_chip
60,WDC,finance
60,WELL,industrial
60,WFC,software
60,WMB,ai_chip
60,WMT,energy
60,XLE,datacenter_hw
60,XLF,ai_chip
60,XLI,energy
60,XLK,software
60,XLU,industrial
60,XLV,healthcare
60,XLY,software
60,XOM,datacenter_hw
60,ZM,energy
60,ZS,finance
61,AAPL,utility
61,ABBV,software
61,ADBE,energy
61,ADI,consumer
61,AEP,datacenter_hw
61,AFRM,software
61,AMAT,software
61,AMD,industrial
61,AMZN,industrial
61,ANET,ai_chip
61,APH,datacenter_hw
61,APP,ai_chip
61,ASML,consumer
61,ATI,software
61,AVGO,finance
61,AXP,software
61,BA,datacenter_hw
61,BAC,software
61,BLK,consumer
61,BMY,commodity
61,BWXT,industrial
61,C,industrial
61,CAT,energy
61,CME,giant_tech
61,CMG,ai_chip
61,COHR,datacenter_hw
61,COIN,industrial
61,COST,industrial
61,CRM,software
61,CRWD,datacenter_hw
61,CRWV,industrial
61,CSCO,industrial
61,CVS,industrial
61,CVX,giant_tech
61,D,healthcare
61,DDOG,software
61,DE,real_estate
61,DELL,datacenter_hw
61,DLR,giant_tech
61,DOCU,consumer
61,DUK,finance
61,EME,energy
61,EMR,finance
61,EOG,finance
61,EQIX,ai_chip
61,ESTC,ai_chip
61,ETN,consumer
61,FDX,industrial
61,FTNT,consumer
61,GE,healthcare
61,GILD,software
61,GLD,consumer
61,GLW,industrial
61,GM,energy
61,GOOG,software
61,GRMN,consumer
61,GS,energy
61,GTLB,ai_chip
61,HD,datacenter_hw
61,HLT,industrial
61,HON,healthcare
61,HOOD,ai_chip
61,HPE,datacenter_hw
61,HUBS,finance
61,IBM,software
61,INTC,industrial
61,INTU,consumer
61,JNJ,datacenter_hw
61,JPM,finance
61,KLAC,ai_chip
61,KMI,healthcare
61,KO,utility
61,LHX,software
61,LITE,industrial
61,LLY,finance
61,LMT,industrial
61,LOW,ai_chip
61,LRCX,energy
61,MA,software
61,MCD,healthcare
61,MCHP,ai_chip
61,MDB,ai_chip
61,MDT,finance
61,META,software
61,MMM,ai_chip
61,MO,giant_tech
61,MPWR,energy
61,MRK,finance
61,MRVL,healthcare
61,MS,datacenter_hw
61,MSFT,consumer
61,MU,datacenter_hw
61,NEE,giant_tech
61,NEM,software
61,NET,energy
61,NFLX,utility
61,NOW,ai_chip
61,NVDA,software
61,NVO,giant_tech
61,NVTS,software
61,NXPI,industrial
61,OKTA,ai_chip
61,ON,software
61,ORCL,datacenter_hw
61,OXY,finance
61,PANW,telecom
61,PCTY,finance
61,PG,commodity
61,PGR,consumer
61,PH,healthcare
61,PLTR,consumer
61,PM,ai_chip
61,PNC,finance
61,PYPL,industrial
61,QCOM,software
61,RBLX,giant_tech
61,RKLB,software
61,ROST,healthcare
61,RTX,finance
61,SCHW,real_estate
61,SHOP,software
61,SMCI,finance
61,SNOW,ai_chip
61,SO,utility
61,SOFI,software
61,SPCX,utility
61,SPG,ai_chip
61,SPOT,software
61,SPY,real_estate
61,T,industrial
61,TEAM,giant_tech
61,TJX,software
61,TLT,industrial
61,TMO,finance
61,TSLA,consumer
61,TSM,healthcare
61,TXN,datacenter_hw
61,UNH,finance
61,UNP,software
61,V,finance
61,VLO,consumer
61,VRT,healthcare
61,VTR,ai_chip
61,WDAY,finance
61,WDC,utility
61,WELL,giant_tech
61,WFC,finance
61,WMB,software
61,WMT,industrial
61,XLE,defensive_bonds
61,XLF,finance
61,XLI,consumer
61,XLK,datacenter_hw
61,XLU,industrial
61,XLV,ai_chip
61,XLY,healthcare
61,XOM,benchmark
61,ZM,healthcare
61,ZS,consumer
62,AAPL,finance
62,ABBV,software
62,ADBE,datacenter_hw
62,ADI,software
62,AEP,healthcare
62,AFRM,ai_chip
62,AMAT,healthcare
62,AMD,utility
62,AMZN,finance
62,ANET,ai_chip
62,APH,software
62,APP,industrial
62,ASML,datacenter_hw
62,ATI,industrial
62,AVGO,software
62,AXP,industrial
62,BA,industrial
62,BAC,software
62,BLK,telecom
62,BMY,datacenter_hw
62,BWXT,software
62,C,healthcare
62,CAT,finance
62,CME,utility
62,CMG,consumer
62,COHR,consumer
62,COIN,finance
62,COST,software
62,CRM,consumer
62,CRWD,healthcare
62,CRWV,finance
62,CSCO,software
62,CVS,software
62,CVX,software
62,D,finance
62,DDOG,finance
62,DE,software
62,DELL,ai_chip
62,DLR,software
62,DOCU,industrial
62,DUK,datacenter_hw
62,EME,software
62,EMR,ai_chip
62,EOG,finance
62,EQIX,software
62,ESTC,ai_chip
62,ETN,energy
62,FDX,industrial
62,FTNT,finance
62,GE,finance
62,GILD,industrial
62,GLD,defensive_bonds
62,GLW,giant_tech
62,GM,finance
62,GOOG,ai_chip
62,GRMN,finance
62,GS,consumer
62,GTLB,healthcare
62,HD,software
62,HLT,energy
62,HON,healthcare
62,HOOD,consumer
62,HPE,ai_chip
62,HUBS,datacenter_hw
62,IBM,industrial
62,INTC,datacenter_hw
62,INTU,software
62,JNJ,ai_chip
62,JPM,finance
62,KLAC,giant_tech
62,KMI,healthcare
62,KO,industrial
62,LHX,datacenter_hw
62,LITE,real_estate
62,LLY,energy
62,LMT,industrial
62,LOW,ai_chip
62,LRCX,ai_chip
62,MA,consumer
62,MCD,energy
62,MCHP,industrial
62,MDB,healthcare
62,MDT,ai_chip
62,META,healthcare
62,MMM,datacenter_hw
62,MO,software
62,MPWR,software
62,MRK,energy
62,MRVL,benchmark
62,MS,industrial
62,MSFT,consumer
62,MU,software
62,NEE,ai_chip
62,NEM,giant_tech
62,NET,software
62,NFLX,ai_chip
62,NOW,healthcare
62,NVDA,ai_chip
62,NVO,industrial
62,NVTS,commodity
62,NXPI,giant_tech
62,OKTA,ai_chip
62,ON,consumer
62,ORCL,finance
62,OXY,industrial
62,PANW,commodity
62,PCTY,ai_chip
62,PG,ai_chip
62,PGR,consumer
62,PH,ai_chip
62,PLTR,datacenter_hw
62,PM,giant_tech
62,PNC,finance
62,PYPL,real_estate
62,QCOM,finance
62,RBLX,giant_tech
62,RKLB,consumer
62,ROST,healthcare
62,RTX,giant_tech
62,SCHW,real_estate
62,SHOP,consumer
62,SMCI,software
62,SNOW,utility
62,SO,giant_tech
62,SOFI,datacenter_hw
62,SPCX,consumer
62,SPG,energy
62,SPOT,software
62,SPY,finance
62,T,finance
62,TEAM,energy
62,TJX,software
62,TLT,ai_chip
62,TMO,industrial
62,TSLA,datacenter_hw
62,TSM,finance
62,TXN,industrial
62,UNH,consumer
62,UNP,software
62,V,consumer
62,VLO,datacenter_hw
62,VRT,datacenter_hw
62,VTR,consumer
62,WDAY,utility
62,WDC,industrial
62,WELL,consumer
62,WFC,industrial
62,WMB,utility
62,WMT,software
62,XLE,software
62,XLF,industrial
62,XLI,giant_tech
62,XLK,energy
62,XLU,datacenter_hw
62,XLV,industrial
62,XLY,finance
62,XOM,utility
62,ZM,industrial
62,ZS,healthcare
63,AAPL,healthcare
63,ABBV,giant_tech
63,ADBE,consumer
63,ADI,healthcare
63,AEP,consumer
63,AFRM,industrial
63,AMAT,commodity
63,AMD,healthcare
63,AMZN,software
63,ANET,energy
63,APH,industrial
63,APP,industrial
63,ASML,consumer
63,ATI,finance
63,AVGO,consumer
63,AXP,energy
63,BA,ai_chip
63,BAC,ai_chip
63,BLK,industrial
63,BMY,software
63,BWXT,ai_chip
63,C,giant_tech
63,CAT,ai_chip
63,CME,utility
63,CMG,software
63,COHR,industrial
63,COIN,ai_chip
63,COST,energy
63,CRM,datacenter_hw
63,CRWD,ai_chip
63,CRWV,industrial
63,CSCO,finance
63,CVS,industrial
63,CVX,software
63,D,healthcare
63,DDOG,software
63,DE,telecom
63,DELL,software
63,DLR,industrial
63,DOCU,giant_tech
63,DUK,healthcare
63,EME,industrial
63,EMR,industrial
63,EOG,ai_chip
63,EQIX,software
63,ESTC,healthcare
63,ETN,ai_chip
63,FDX,giant_tech
63,FTNT,utility
63,GE,ai_chip
63,GILD,software
63,GLD,ai_chip
63,GLW,real_estate
63,GM,datacenter_hw
63,GOOG,datacenter_hw
63,GRMN,utility
63,GS,healthcare
63,GTLB,industrial
63,HD,software
63,HLT,giant_tech
63,HON,utility
63,HOOD,datacenter_hw
63,HPE,energy
63,HUBS,benchmark
63,IBM,consumer
63,INTC,software
63,INTU,consumer
63,JNJ,finance
63,JPM,finance
63,KLAC,healthcare
63,KMI,datacenter_hw
63,KO,finance
63,LHX,finance
63,LITE,ai_chip
63,LLY,healthcare
63,LMT,ai_chip
63,LOW,software
63,LRCX,industrial
63,MA,datacenter_hw
63,MCD,ai_chip
63,MCHP,giant_tech
63,MDB,software
63,MDT,industrial
63,META,consumer
63,MMM,software
63,MO,datacenter_hw
63,MPWR,software
63,MRK,consumer
63,MRVL,software
63,MS,giant_tech
63,MSFT,software
63,MU,finance
63,NEE,energy
63,NEM,energy
63,NET,consumer
63,NFLX,energy
63,NOW,datacenter_hw
63,NVDA,datacenter_hw
63,NVO,datacenter_hw
63,NVTS,finance
63,NXPI,industrial
63,OKTA,consumer
63,ON,energy
63,ORCL,defensive_bonds
63,OXY,finance
63,PANW,software
63,PCTY,industrial
63,PG,finance
63,PGR,healthcare
63,PH,ai_chip
63,PLTR,consumer
63,PM,finance
63,PNC,software
63,PYPL,ai_chip
63,QCOM,datacenter_hw
63,RBLX,real_estate
63,RKLB,finance
63,ROST,finance
63,RTX,consumer
63,SCHW,utility
63,SHOP,industrial
63,SMCI,datacenter_hw
63,SNOW,finance
63,SO,real_estate
63,SOFI,finance
63,SPCX,consumer
63,SPG,industrial
63,SPOT,consumer
63,SPY,software
63,T,software
63,TEAM,ai_chip
63,TJX,commodity
63,TLT,ai_chip
63,TMO,industrial
63,TSLA,finance
63,TSM,finance
63,TXN,ai_chip
63,UNH,datacenter_hw
63,UNP,industrial
63,V,finance
63,VLO,industrial
63,VRT,datacenter_hw
63,VTR,healthcare
63,WDAY,ai_chip
63,WDC,consumer
63,WELL,software
63,WFC,finance
63,WMB,industrial
63,WMT,software
63,XLE,giant_tech
63,XLF,consumer
63,XLI,healthcare
63,XLK,software
63,XLU,finance
63,XLV,software
63,XLY,giant_tech
63,XOM,software
63,ZM,utility
63,ZS,software
64,AAPL,consumer
64,ABBV,giant_tech
64,ADBE,finance
64,ADI,ai_chip
64,AEP,defensive_bonds
64,AFRM,datacenter_hw
64,AMAT,software
64,AMD,ai_chip
64,AMZN,software
64,ANET,ai_chip
64,APH,real_estate
64,APP,industrial
64,ASML,real_estate
64,ATI,software
64,AVGO,datacenter_hw
64,AXP,benchmark
64,BA,energy
64,BAC,software
64,BLK,healthcare
64,BMY,finance
64,BWXT,finance
64,C,datacenter_hw
64,CAT,ai_chip
64,CME,finance
64,CMG,software
64,COHR,datacenter_hw
64,COIN,consumer
64,COST,finance
64,CRM,industrial
64,CRWD,ai_chip
64,CRWV,giant_tech
64,CSCO,finance
64,CVS,finance
64,CVX,software
64,D,giant_tech
64,DDOG,finance
64,DE,commodity
64,DELL,finance
64,DLR,ai_chip
64,DOCU,industrial
64,DUK,energy
64,EME,datacenter_hw
64,EMR,energy
64,EOG,energy
64,EQIX,software
64,ESTC,consumer
64,ETN,industrial
64,FDX,telecom
64,FTNT,ai_chip
64,GE,giant_tech
64,GILD,datacenter_hw
64,GLD,finance
64,GLW,software
64,GM,datacenter_hw
64,GOOG,healthcare
64,GRMN,industrial
64,GS,software
64,GTLB,datacenter_hw
64,HD,datacenter_hw
64,HLT,software
64,HON,consumer
64,HOOD,finance
64,HPE,giant_tech
64,HUBS,ai_chip
64,IBM,giant_tech
64,INTC,healthcare
64,INTU,consumer
64,JNJ,energy
64,JPM,healthcare
64,KLAC,software
64,KMI,healthcare
64,KO,ai_chip
64,LHX,healthcare
64,LITE,ai_chip
64,LLY,giant_tech
64,LMT,industrial
64,LOW,finance
64,LRCX,energy
64,MA,industrial
64,MCD,consumer
64,MCHP,datacenter_hw
64,MDB,software
64,MDT,software
64,META,utility
64,MMM,healthcare
64,MO,energy
64,MPWR,industrial
64,MRK,ai_chip
64,MRVL,software
64,MS,healthcare
64,MSFT,industrial
64,MU,consumer
64,NEE,real_estate
64,NEM,ai_chip
64,NET,consumer
64,NFLX,software
64,NOW,utility
64,NVDA,finance
64,NVO,software
64,NVTS,consumer
64,NXPI,datacenter_hw
64,OKTA,finance
64,ON,ai_chip
64,ORCL,healthcare
64,OXY,datacenter_hw
64,PANW,finance
64,PCTY,datacenter_hw
64,PG,ai_chip
64,PGR,consumer
64,PH,ai_chip
64,PLTR,finance
64,PM,industrial
64,PNC,consumer
64,PYPL,ai_chip
64,QCOM,industrial
64,RBLX,consumer
64,RKLB,finance
64,ROST,industrial
64,RTX,healthcare
64,SCHW,software
64,SHOP,consumer
64,SMCI,finance
64,SNOW,consumer
64,SO,energy
64,SOFI,utility
64,SPCX,industrial
64,SPG,consumer
64,SPOT,industrial
64,SPY,healthcare
64,T,giant_tech
64,TEAM,finance
64,TJX,utility
64,TLT,finance
64,TMO,industrial
64,TSLA,commodity
64,TSM,ai_chip
64,TXN,software
64,UNH,software
64,UNP,software
64,V,ai_chip
64,VLO,utility
64,VRT,industrial
64,VTR,utility
64,WDAY,software
64,WDC,software
64,WELL,datacenter_hw
64,WFC,software
64,WMB,software
64,WMT,healthcare
64,XLE,industrial
64,XLF,giant_tech
64,XLI,ai_chip
64,XLK,consumer
64,XLU,software
64,XLV,industrial
64,XLY,industrial
64,XOM,industrial
64,ZM,software
64,ZS,industrial
65,AAPL,ai_chip
65,ABBV,finance
65,ADBE,consumer
65,ADI,datacenter_hw
65,AEP,consumer
65,AFRM,finance
65,AMAT,software
65,AMD,energy
65,AMZN,software
65,ANET,software
65,APH,industrial
65,APP,datacenter_hw
65,ASML,consumer
65,ATI,healthcare
65,AVGO,finance
65,AXP,ai_chip
65,BA,ai_chip
65,BAC,software
65,BLK,industrial
65,BMY,energy
65,BWXT,giant_tech
65,C,utility
65,CAT,software
65,CME,software
65,CMG,software
65,COHR,datacenter_hw
65,COIN,consumer
65,COST,benchmark
65,CRM,datacenter_hw
65,CRWD,utility
65,CRWV,consumer
65,CSCO,ai_chip
65,CVS,datacenter_hw
65,CVX,industrial
65,D,healthcare
65,DDOG,finance
65,DE,finance
65,DELL,datacenter_hw
65,DLR,ai_chip
65,DOCU,consumer
65,DUK,healthcare
65,EME,consumer
65,EMR,industrial
65,EOG,ai_chip
65,EQIX,telecom
65,ESTC,healthcare
65,ETN,giant_tech
65,FDX,utility
65,FTNT,giant_tech
65,GE,industrial
65,GILD,consumer
65,GLD,software
65,GLW,healthcare
65,GM,ai_chip
65,GOOG,software
65,GRMN,finance
65,GS,ai_chip
65,GTLB,datacenter_hw
65,HD,industrial
65,HLT,software
65,HON,datacenter_hw
65,HOOD,energy
65,HPE,software
65,HUBS,industrial
65,IBM,consumer
65,INTC,industrial
65,INTU,software
65,JNJ,ai_chip
65,JPM,healthcare
65,KLAC,finance
65,KMI,real_estate
65,KO,software
65,LHX,consumer
65,LITE,giant_tech
65,LLY,industrial
65,LMT,software
65,LOW,finance
65,LRCX,giant_tech
65,MA,energy
65,MCD,healthcare
65,MCHP,commodity
65,MDB,software
65,MDT,software
65,META,finance
65,MMM,ai_chip
65,MO,finance
65,MPWR,healthcare
65,MRK,datacenter_hw
65,MRVL,consumer
65,MS,datacenter_hw
65,MSFT,healthcare
65,MU,defensive_bonds
65,NEE,utility
65,NEM,industrial
65,NET,finance
65,NFLX,ai_chip
65,NOW,utility
65,NVDA,industrial
65,NVO,energy
65,NVTS,software
65,NXPI,healthcare
65,OKTA,ai_chip
65,ON,software
65,ORCL,utility
65,OXY,ai_chip
65,PANW,finance
65,PCTY,industrial
65,PG,consumer
65,PGR,software
65,PH,consumer
65,PLTR,datacenter_hw
65,PM,industrial
65,PNC,finance
65,PYPL,software
65,QCOM,finance
65,RBLX,ai_chip
65,RKLB,real_estate
65,ROST,giant_tech
65,RTX,finance
65,SCHW,industrial
65,SHOP,finance
65,SMCI,energy
65,SNOW,finance
65,SO,ai_chip
65,SOFI,software
65,SPCX,consumer
65,SPG,industrial
65,SPOT,industrial
65,SPY,giant_tech
65,T,datacenter_hw
65,TEAM,finance
65,TJX,industrial
65,TLT,industrial
65,TMO,finance
65,TSLA,giant_tech
65,TSM,real_estate
65,TXN,consumer
65,UNH,healthcare
65,UNP,software
65,V,industrial
65,VLO,software
65,VRT,software
65,VTR,datacenter_hw
65,WDAY,software
65,WDC,healthcare
65,WELL,energy
65,WFC,datacenter_hw
65,WMB,giant_tech
65,WMT,commodity
65,XLE,ai_chip
65,XLF,consumer
65,XLI,ai_chip
65,XLK,industrial
65,XLU,finance
65,XLV,industrial
65,XLY,ai_chip
65,XOM,energy
65,ZM,ai_chip
65,ZS,software
66,AAPL,ai_chip
66,ABBV,ai_chip
66,ADBE,utility
66,ADI,datacenter_hw
66,AEP,finance
66,AFRM,software
66,AMAT,industrial
66,AMD,ai_chip
66,AMZN,industrial
66,ANET,industrial
66,APH,consumer
66,APP,healthcare
66,ASML,software
66,ATI,consumer
66,AVGO,healthcare
66,AXP,software
66,BA,datacenter_hw
66,BAC,energy
66,BLK,consumer
66,BMY,ai_chip
66,BWXT,utility
66,C,industrial
66,CAT,industrial
66,CME,datacenter_hw
66,CMG,healthcare
66,COHR,finance
66,COIN,ai_chip
66,COST,healthcare
66,CRM,finance
66,CRWD,benchmark
66,CRWV,energy
66,CSCO,finance
66,CVS,finance
66,CVX,software
66,D,software
66,DDOG,finance
66,DE,industrial
66,DELL,finance
66,DLR,giant_tech
66,DOCU,consumer
66,DUK,healthcare
66,EME,software
66,EMR,datacenter_hw
66,EOG,energy
66,EQIX,ai_chip
66,ESTC,ai_chip
66,ETN,utility
66,FDX,finance
66,FTNT,finance
66,GE,healthcare
66,GILD,industrial
66,GLD,finance
66,GLW,energy
66,GM,finance
66,GOOG,software
66,GRMN,giant_tech
66,GS,software
66,GTLB,telecom
66,HD,software
66,HLT,consumer
66,HON,consumer
66,HOOD,datacenter_hw
66,HPE,utility
66,HUBS,ai_chip
66,IBM,datacenter_hw
66,INTC,commodity
66,INTU,software
66,JNJ,real_estate
66,JPM,datacenter_hw
66,KLAC,giant_tech
66,KMI,industrial
66,KO,software
66,LHX,industrial
66,LITE,giant_tech
66,LLY,ai_chip
66,LMT,defensive_bonds
66,LOW,energy
66,LRCX,finance
66,MA,giant_tech
66,MCD,ai_chip
66,MCHP,utility
66,MDB,software
66,MDT,software
66,META,ai_chip
66,MMM,software
66,MO,healthcare
66,MPWR,industrial
66,MRK,consumer
66,MRVL,finance
66,MS,datacenter_hw
66,MSFT,consumer
66,MU,energy
66,NEE,software
66,NEM,finance
66,NET,software
66,NFLX,software
66,NOW,industrial
66,NVDA,healthcare
66,NVO,ai_chip
66,NVTS,datacenter_hw
66,NXPI,consumer
66,OKTA,industrial
66,ON,industrial
66,ORCL,industrial
66,OXY,industrial
66,PANW,ai_chip
66,PCTY,software
66,PG,finance
66,PGR,giant_tech
66,PH,finance
66,PLTR,healthcare
66,PM,software
66,PNC,software
66,PYPL,consumer
66,QCOM,software
66,RBLX,finance
66,RKLB,software
66,ROST,giant_tech
66,RTX,healthcare
66,SCHW,industrial
66,SHOP,finance
66,SMCI,consumer
66,SNOW,ai_chip
66,SO,datacenter_hw
66,SOFI,consumer
66,SPCX,ai_chip
66,SPG,software
66,SPOT,consumer
66,SPY,industrial
66,T,healthcare
66,TEAM,finance
66,TJX,ai_chip
66,TLT,finance
66,TMO,industrial
66,TSLA,datacenter_hw
66,TSM,ai_chip
66,TXN,healthcare
66,UNH,energy
66,UNP,software
66,V,giant_tech
66,VLO,industrial
66,VRT,consumer
66,VTR,giant_tech
66,WDAY,software
66,WDC,datacenter_hw
66,WELL,real_estate
66,WFC,datacenter_hw
66,WMB,industrial
66,WMT,datacenter_hw
66,XLE,ai_chip
66,XLF,ai_chip
66,XLI,consumer
66,XLK,energy
66,XLU,industrial
66,XLV,real_estate
66,XLY,utility
66,XOM,consumer
66,ZM,commodity
66,ZS,software
67,AAPL,ai_chip
67,ABBV,giant_tech
67,ADBE,industrial
67,ADI,finance
67,AEP,datacenter_hw
67,AFRM,datacenter_hw
67,AMAT,utility
67,AMD,finance
67,AMZN,energy
67,ANET,giant_tech
67,APH,finance
67,APP,industrial
67,ASML,ai_chip
67,ATI,datacenter_hw
67,AVGO,finance
67,AXP,ai_chip
67,BA,consumer
67,BAC,healthcare
67,BLK,ai_chip
67,BMY,real_estate
67,BWXT,software
67,C,software
67,CAT,industrial
67,CME,software
67,CMG,energy
67,COHR,ai_chip
67,COIN,industrial
67,COST,industrial
67,CRM,healthcare
67,CRWD,benchmark
67,CRWV,finance
67,CSCO,ai_chip
67,CVS,healthcare
67,CVX,industrial
67,D,consumer
67,DDOG,healthcare
67,DE,finance
67,DELL,software
67,DLR,datacenter_hw
67,DOCU,consumer
67,DUK,finance
67,EME,utility
67,EMR,giant_tech
67,EOG,finance
67,EQIX,consumer
67,ESTC,consumer
67,ETN,finance
67,FDX,ai_chip
67,FTNT,software
67,GE,datacenter_hw
67,GILD,ai_chip
67,GLD,consumer
67,GLW,datacenter_hw
67,GM,consumer
67,GOOG,utility
67,GRMN,giant_tech
67,GS,software
67,GTLB,software
67,HD,giant_tech
67,HLT,consumer
67,HON,software
67,HOOD,software
67,HPE,software
67,HUBS,industrial
67,IBM,software
67,INTC,real_estate
67,INTU,industrial
67,JNJ,software
67,JPM,datacenter_hw
67,KLAC,industrial
67,KMI,finance
67,KO,finance
67,LHX,ai_chip
67,LITE,software
67,LLY,industrial
67,LMT,finance
67,LOW,energy
67,LRCX,finance
67,MA,software
67,MCD,ai_chip
67,MCHP,energy
67,MDB,finance
67,MDT,finance
67,META,healthcare
67,MMM,software
67,MO,industrial
67,MPWR,consumer
67,MRK,industrial
67,MRVL,software
67,MS,industrial
67,MSFT,industrial
67,MU,consumer
67,NEE,healthcare
67,NEM,software
67,NET,datacenter_hw
67,NFLX,datacenter_hw
67,NOW,ai_chip
67,NVDA,datacenter_hw
67,NVO,healthcare
67,NVTS,software
67,NXPI,finance
67,OKTA,healthcare
67,ON,consumer
67,ORCL,software
67,OXY,industrial
67,PANW,healthcare
67,PCTY,healthcare
67,PG,energy
67,PGR,software
67,PH,consumer
67,PLTR,giant_tech
67,PM,ai_chip
67,PNC,consumer
67,PYPL,healthcare
67,QCOM,software
67,RBLX,energy
67,RKLB,telecom
67,ROST,ai_chip
67,RTX,software
67,SCHW,ai_chip
67,SHOP,software
67,SMCI,industrial
67,SNOW,ai_chip
67,SO,giant_tech
67,SOFI,commodity
67,SPCX,finance
67,SPG,utility
67,SPOT,industrial
67,SPY,energy
67,T,giant_tech
67,TEAM,consumer
67,TJX,real_estate
67,TLT,datacenter_hw
67,TMO,ai_chip
67,TSLA,ai_chip
67,TSM,finance
67,TXN,software
67,UNH,energy
67,UNP,utility
67,V,industrial
67,VLO,industrial
67,VRT,consumer
67,VTR,giant_tech
67,WDAY,software
67,WDC,utility
67,WELL,industrial
67,WFC,datacenter_hw
67,WMB,defensive_bonds
67,WMT,finance
67,XLE,consumer
67,XLF,healthcare
67,XLI,ai_chip
67,XLK,software
67,XLU,datacenter_hw
67,XLV,commodity
67,XLY,datacenter_hw
67,XOM,ai_chip
67,ZM,industrial
67,ZS,finance
68,AAPL,consumer
68,ABBV,healthcare
68,ADBE,healthcare
68,ADI,benchmark
68,AEP,utility
68,AFRM,software
68,AMAT,ai_chip
68,AMD,healthcare
68,AMZN,consumer
68,ANET,industrial
68,APH,finance
68,APP,ai_chip
68,ASML,datacenter_hw
68,ATI,industrial
68,AVGO,datacenter_hw
68,AXP,real_estate
68,BA,datacenter_hw
68,BAC,finance
68,BLK,software
68,BMY,ai_chip
68,BWXT,giant_tech
68,C,software
68,CAT,software
68,CME,datacenter_hw
68,CMG,software
68,COHR,finance
68,COIN,giant_tech
68,COST,ai_chip
68,CRM,software
68,CRWD,industrial
68,CRWV,giant_tech
68,CSCO,ai_chip
68,CVS,giant_tech
68,CVX,healthcare
68,D,software
68,DDOG,healthcare
68,DE,industrial
68,DELL,finance
68,DLR,software
68,DOCU,ai_chip
68,DUK,finance
68,EME,healthcare
68,EMR,finance
68,EOG,utility
68,EQIX,datacenter_hw
68,ESTC,consumer
68,ETN,giant_tech
68,FDX,industrial
68,FTNT,consumer
68,GE,software
68,GILD,commodity
68,GLD,consumer
68,GLW,ai_chip
68,GM,software
68,GOOG,software
68,GRMN,energy
68,GS,ai_chip
68,GTLB,commodity
68,HD,utility
68,HLT,industrial
68,HON,ai_chip
68,HOOD,energy
68,HPE,industrial
68,HUBS,software
68,IBM,utility
68,INTC,real_estate
68,INTU,energy
68,JNJ,defensive_bonds
68,JPM,industrial
68,KLAC,finance
68,KMI,industrial
68,KO,ai_chip
68,LHX,consumer
68,LITE,finance
68,LLY,finance
68,LMT,utility
68,LOW,consumer
68,LRCX,software
68,MA,datacenter_hw
68,MCD,healthcare
68,MCHP,finance
68,MDB,software
68,MDT,consumer
68,META,industrial
68,MMM,software
68,MO,utility
68,MPWR,healthcare
68,MRK,healthcare
68,MRVL,finance
68,MS,ai_chip
68,MSFT,industrial
68,MU,software
68,NEE,consumer
68,NEM,datacenter_hw
68,NET,finance
68,NFLX,datacenter_hw
68,NOW,ai_chip
68,NVDA,energy
68,NVO,energy
68,NVTS,consumer
68,NXPI,datacenter_hw
68,OKTA,consumer
68,ON,finance
68,ORCL,industrial
68,OXY,finance
68,PANW,industrial
68,PCTY,industrial
68,PG,software
68,PGR,ai_chip
68,PH,energy
68,PLTR,software
68,PM,ai_chip
68,PNC,consumer
68,PYPL,finance
68,QCOM,industrial
68,RBLX,software
68,RKLB,consumer
68,ROST,giant_tech
68,RTX,finance
68,SCHW,telecom
68,SHOP,healthcare
68,SMCI,datacenter_hw
68,SNOW,finance
68,SO,datacenter_hw
68,SOFI,ai_chip
68,SPCX,finance
68,SPG,ai_chip
68,SPOT,ai_chip
68,SPY,giant_tech
68,T,healthcare
68,TEAM,consumer
68,TJX,healthcare
68,TLT,finance
68,TMO,software
68,TSLA,giant_tech
68,TSM,giant_tech
68,TXN,software
68,UNH,industrial
68,UNP,industrial
68,V,software
68,VLO,software
68,VRT,consumer
68,VTR,industrial
68,WDAY,finance
68,WDC,energy
68,WELL,energy
68,WFC,consumer
68,WMB,real_estate
68,WMT,software
68,XLE,industrial
68,XLF,industrial
68,XLI,ai_chip
68,XLK,datacenter_hw
68,XLU,ai_chip
68,XLV,software
68,XLY,software
68,XOM,datacenter_hw
68,ZM,datacenter_hw
68,ZS,industrial
69,AAPL,industrial
69,ABBV,consumer
69,ADBE,ai_chip
69,ADI,finance
69,AEP,software
69,AFRM,utility
69,AMAT,finance
69,AMD,ai_chip
69,AMZN,industrial
69,ANET,healthcare
69,APH,consumer
69,APP,ai_chip
69,ASML,healthcare
69,ATI,consumer
69,AVGO,software
69,AXP,ai_chip
69,BA,giant_tech
69,BAC,ai_chip
69,BLK,finance
69,BMY,ai_chip
69,BWXT,datacenter_hw
69,C,industrial
69,CAT,utility
69,CME,finance
69,CMG,ai_chip
69,COHR,real_estate
69,COIN,commodity
69,COST,energy
69,CRM,healthcare
69,CRWD,consumer
69,CRWV,software
69,CSCO,healthcare
69,CVS,software
69,CVX,finance
69,D,consumer
69,DDOG,software
69,DE,consumer
69,DELL,consumer
69,DLR,datacenter_hw
69,DOCU,finance
69,DUK,finance
69,EME,industrial
69,EMR,healthcare
69,EOG,industrial
69,EQIX,datacenter_hw
69,ESTC,energy
69,ETN,software
69,FDX,industrial
69,FTNT,software
69,GE,utility
69,GILD,finance
69,GLD,industrial
69,GLW,ai_chip
69,GM,industrial
69,GOOG,finance
69,GRMN,finance
69,GS,software
69,GTLB,consumer
69,HD,commodity
69,HLT,datacenter_hw
69,HON,healthcare
69,HOOD,giant_tech
69,HPE,energy
69,HUBS,industrial
69,IBM,industrial
69,INTC,software
69,INTU,finance
69,JNJ,healthcare
69,JPM,giant_tech
69,KLAC,industrial
69,KMI,industrial
69,KO,software
69,LHX,ai_chip
69,LITE,consumer
69,LLY,utility
69,LMT,healthcare
69,LOW,ai_chip
69,LRCX,finance
69,MA,finance
69,MCD,giant_tech
69,MCHP,utility
69,MDB,ai_chip
69,MDT,finance
69,META,healthcare
69,MMM,industrial
69,MO,utility
69,MPWR,software
69,MRK,ai_chip
69,MRVL,energy
69,MS,ai_chip
69,MSFT,software
69,MU,ai_chip
69,NEE,software
69,NEM,datacenter_hw
69,NET,real_estate
69,NFLX,software
69,NOW,software
69,NVDA,finance
69,NVO,ai_chip
69,NVTS,ai_chip
69,NXPI,datacenter_hw
69,OKTA,benchmark
69,ON,software
69,ORCL,datacenter_hw
69,OXY,consumer
69,PANW,software
69,PCTY,energy
69,PG,energy
69,PGR,healthcare
69,PH,ai_chip
69,PLTR,software
69,PM,datacenter_hw
69,PNC,datacenter_hw
69,PYPL,giant_tech
69,QCOM,healthcare
69,RBLX,energy
69,RKLB,consumer
69,ROST,industrial
69,RTX,finance
69,SCHW,defensive_bonds
69,SHOP,industrial
69,SMCI,software
69,SNOW,finance
69,SO,industrial
69,SOFI,datacenter_hw
69,SPCX,real_estate
69,SPG,industrial
69,SPOT,software
69,SPY,software
69,T,datacenter_hw
69,TEAM,software
69,TJX,ai_chip
69,TLT,industrial
69,TMO,industrial
69,TSLA,datacenter_hw
69,TSM,consumer
69,TXN,energy
69,UNH,telecom
69,UNP,finance
69,V,software
69,VLO,consumer
69,VRT,industrial
69,VTR,software
69,WDAY,industrial
69,WDC,finance
69,WELL,giant_tech
69,WFC,finance
69,WMB,datacenter_hw
69,WMT,healthcare
69,XLE,consumer
69,XLF,datacenter_hw
69,XLI,consumer
69,XLK,giant_tech
69,XLU,software
69,XLV,ai_chip
69,XLY,consumer
69,XOM,giant_tech
69,ZM,giant_tech
69,ZS,software
70,AAPL,datacenter_hw
70,ABBV,finance
70,ADBE,consumer
70,ADI,datacenter_hw
70,AEP,healthcare
70,AFRM,finance
70,AMAT,consumer
70,AMD,giant_tech
70,AMZN,telecom
70,ANET,finance
70,APH,commodity
70,APP,industrial
70,ASML,industrial
70,ATI,giant_tech
70,AVGO,giant_tech
70,AXP,finance
70,BA,utility
70,BAC,software
70,BLK,ai_chip
70,BMY,software
70,BWXT,datacenter_hw
70,C,healthcare
70,CAT,utility
70,CME,datacenter_hw
70,CMG,consumer
70,COHR,ai_chip
70,COIN,software
70,COST,industrial
70,CRM,consumer
70,CRWD,energy
70,CRWV,software
70,CSCO,ai_chip
70,CVS,ai_chip
70,CVX,software
70,D,energy
70,DDOG,real_estate
70,DE,software
70,DELL,software
70,DLR,finance
70,DOCU,ai_chip
70,DUK,finance
70,EME,ai_chip
70,EMR,finance
70,EOG,software
70,EQIX,energy
70,ESTC,software
70,ETN,defensive_bonds
70,FDX,utility
70,FTNT,industrial
70,GE,software
70,GILD,finance
70,GLD,healthcare
70,GLW,software
70,GM,utility
70,GOOG,ai_chip
70,GRMN,giant_tech
70,GS,datacenter_hw
70,GTLB,healthcare
70,HD,ai_chip
70,HLT,industrial
70,HON,datacenter_hw
70,HOOD,software
70,HPE,software
70,HUBS,energy
70,IBM,benchmark
70,INTC,industrial
70,INTU,industrial
70,JNJ,datacenter_hw
70,JPM,healthcare
70,KLAC,industrial
70,KMI,software
70,KO,software
70,LHX,software
70,LITE,giant_tech
70,LLY,real_estate
70,LMT,consumer
70,LOW,software
70,LRCX,software
70,MA,consumer
70,MCD,datacenter_hw
70,MCHP,industrial
70,MDB,energy
70,MDT,consumer
70,META,ai_chip
70,MMM,industrial
70,MO,energy
70,MPWR,consumer
70,MRK,consumer
70,MRVL,energy
70,MS,finance
70,MSFT,consumer
70,MU,giant_tech
70,NEE,finance
70,NEM,healthcare
70,NET,healthcare
70,NFLX,industrial
70,NOW,ai_chip
70,NVDA,ai_chip
70,NVO,ai_chip
70,NVTS,software
70,NXPI,ai_chip
70,OKTA,industrial
70,ON,datacenter_hw
70,ORCL,ai_chip
70,OXY,datacenter_hw
70,PANW,consumer
70,PCTY,ai_chip
70,PG,consumer
70,PGR,finance
70,PH,healthcare
70,PLTR,utility
70,PM,industrial
70,PNC,software
70,PYPL,software
70,QCOM,commodity
70,RBLX,ai_chip
70,RKLB,datacenter_hw
70,ROST,datacenter_hw
70,RTX,software
70,SCHW,industrial
70,SHOP,finance
70,SMCI,finance
70,SNOW,software
70,SO,healthcare
70,SOFI,finance
70,SPCX,industrial
70,SPG,finance
70,SPOT,consumer
70,SPY,software
70,T,datacenter_hw
70,TEAM,giant_tech
70,TJX,giant_tech
70,TLT,consumer
70,TMO,healthcare
70,TSLA,industrial
70,TSM,ai_chip
70,TXN,ai_chip
70,UNH,utility
70,UNP,software
70,V,software
70,VLO,finance
70,VRT,consumer
70,VTR,finance
70,WDAY,consumer
70,WDC,industrial
70,WELL,industrial
70,WFC,industrial
70,WMB,datacenter_hw
70,WMT,industrial
70,XLE,energy
70,XLF,healthcare
70,XLI,industrial
70,XLK,finance
70,XLU,ai_chip
70,XLV,real_estate
70,XLY,finance
70,XOM,healthcare
70,ZM,finance
70,ZS,giant_tech
71,AAPL,finance
71,ABBV,healthcare
71,ADBE,energy
71,ADI,ai_chip
71,AEP,datacenter_hw
71,AFRM,industrial
71,AMAT,consumer
71,AMD,software
71,AMZN,consumer
71,ANET,ai_chip
71,APH,datacenter_hw
71,APP,industrial
71,ASML,giant_tech
71,ATI,datacenter_hw
71,AVGO,finance
71,AXP,datacenter_hw
71,BA,energy
71,BAC,utility
71,BLK,giant_tech
71,BMY,software
71,BWXT,finance
71,C,software
71,CAT,giant_tech
71,CME,finance
71,CMG,consumer
71,COHR,defensive_bonds
71,COIN,finance
71,COST,industrial
71,CRM,industrial
71,CRWD,industrial
71,CRWV,software
71,CSCO,finance
71,CVS,utility
71,CVX,datacenter_hw
71,D,industrial
71,DDOG,giant_tech
71,DE,software
71,DELL,industrial
71,DLR,datacenter_hw
71,DOCU,consumer
71,DUK,ai_chip
71,EME,industrial
71,EMR,healthcare
71,EOG,software
71,EQIX,ai_chip
71,ESTC,industrial
71,ETN,datacenter_hw
71,FDX,industrial
71,FTNT,software
71,GE,ai_chip
71,GILD,software
71,GLD,datacenter_hw
71,GLW,industrial
71,GM,ai_chip
71,GOOG,consumer
71,GRMN,ai_chip
71,GS,software
71,GTLB,healthcare
71,HD,utility
71,HLT,software
71,HON,software
71,HOOD,real_estate
71,HPE,ai_chip
71,HUBS,industrial
71,IBM,software
71,INTC,software
71,INTU,giant_tech
71,JNJ,consumer
71,JPM,healthcare
71,KLAC,consumer
71,KMI,telecom
71,KO,energy
71,LHX,giant_tech
71,LITE,consumer
71,LLY,commodity
71,LMT,healthcare
71,LOW,industrial
71,LRCX,industrial
71,MA,software
71,MCD,energy
71,MCHP,ai_chip
71,MDB,industrial
71,MDT,consumer
71,META,finance
71,MMM,finance
71,MO,software
71,MPWR,ai_chip
71,MRK,giant_tech
71,MRVL,finance
71,MS,industrial
71,MSFT,ai_chip
71,MU,healthcare
71,NEE,finance
71,NEM,finance
71,NET,datacenter_hw
71,NFLX,giant_tech
71,NOW,ai_chip
71,NVDA,software
71,NVO,datacenter_hw
71,NVTS,datacenter_hw
71,NXPI,consumer
71,OKTA,software
71,ON,finance
71,ORCL,finance
71,OXY,healthcare
71,PANW,ai_chip
71,PCTY,consumer
71,PG,software
71,PGR,datacenter_hw
71,PH,finance
71,PLTR,real_estate
71,PM,healthcare
71,PNC,finance
71,PYPL,commodity
71,QCOM,energy
71,RBLX,software
71,RKLB,software
71,ROST,consumer
71,RTX,healthcare
71,SCHW,ai_chip
71,SHOP,finance
71,SMCI,finance
71,SNOW,software
71,SO,industrial
71,SOFI,energy
71,SPCX,ai_chip
71,SPG,software
71,SPOT,healthcare
71,SPY,real_estate
71,T,energy
71,TEAM,datacenter_hw
71,TJX,industrial
71,TLT,utility
71,TMO,software
71,TSLA,utility
71,TSM,benchmark
71,TXN,utility
71,UNH,ai_chip
71,UNP,software
71,V,finance
71,VLO,datacenter_hw
71,VRT,finance
71,VTR,consumer
71,WDAY,consumer
71,WDC,finance
71,WELL,software
71,WFC,industrial
71,WMB,industrial
71,WMT,ai_chip
71,XLE,healthcare
71,XLF,ai_chip
71,XLI,consumer
71,XLK,healthcare
71,XLU,consumer
71,XLV,software
71,XLY,industrial
71,XOM,energy
71,ZM,ai_chip
71,ZS,giant_tech
72,AAPL,datacenter_hw
72,ABBV,healthcare
72,ADBE,industrial
72,ADI,consumer
72,AEP,consumer
72,AFRM,software
72,AMAT,telecom
72,AMD,real_estate
72,AMZN,finance
72,ANET,commodity
72,APH,consumer
72,APP,software
72,ASML,energy
72,ATI,ai_chip
72,AVGO,utility
72,AXP,finance
72,BA,utility
72,BAC,finance
72,BLK,utility
72,BMY,healthcare
72,BWXT,software
72,C,datacenter_hw
72,CAT,consumer
72,CME,software
72,CMG,real_estate
72,COHR,industrial
72,COIN,consumer
72,COST,finance
72,CRM,giant_tech
72,CRWD,utility
72,CRWV,industrial
72,CSCO,datacenter_hw
72,CVS,ai_chip
72,CVX,finance
72,D,industrial
72,DDOG,consumer
72,DE,finance
72,DELL,defensive_bonds
72,DLR,consumer
72,DOCU,ai_chip
72,DUK,datacenter_hw
72,EME,ai_chip
72,EMR,software
72,EOG,ai_chip
72,EQIX,giant_tech
72,ESTC,industrial
72,ETN,datacenter_hw
72,FDX,finance
72,FTNT,healthcare
72,GE,energy
72,GILD,datacenter_hw
72,GLD,software
72,GLW,ai_chip
72,GM,commodity
72,GOOG,benchmark
72,GRMN,consumer
72,GS,healthcare
72,GTLB,industrial
72,HD,giant_tech
72,HLT,consumer
72,HON,consumer
72,HOOD,datacenter_hw
72,HPE,ai_chip
72,HUBS,finance
72,IBM,software
72,INTC,ai_chip
72,INTU,industrial
72,JNJ,finance
72,JPM,healthcare
72,KLAC,ai_chip
72,KMI,datacenter_hw
72,KO,finance
72,LHX,finance
72,LITE,datacenter_hw
72,LLY,finance
72,LMT,energy
72,LOW,ai_chip
72,LRCX,ai_chip
72,MA,industrial
72,MCD,software
72,MCHP,finance
72,MDB,industrial
72,MDT,healthcare
72,META,ai_chip
72,MMM,utility
72,MO,finance
72,MPWR,energy
72,MRK,datacenter_hw
72,MRVL,ai_chip
72,MS,ai_chip
72,MSFT,software
72,MU,industrial
72,NEE,consumer
72,NEM,healthcare
72,NET,software
72,NFLX,software
72,NOW,consumer
72,NVDA,giant_tech
72,NVO,software
72,NVTS,datacenter_hw
72,NXPI,healthcare
72,OKTA,software
72,ON,consumer
72,ORCL,ai_chip
72,OXY,software
72,PANW,software
72,PCTY,real_estate
72,PG,consumer
72,PGR,energy
72,PH,finance
72,PLTR,giant_tech
72,PM,ai_chip
72,PNC,consumer
72,PYPL,industrial
72,QCOM,ai_chip
72,RBLX,consumer
72,RKLB,software
72,ROST,industrial
72,RTX,energy
72,SCHW,software
72,SHOP,software
72,SMCI,ai_chip
72,SNOW,software
72,SO,finance
72,SOFI,software
72,SPCX,software
72,SPG,industrial
72,SPOT,finance
72,SPY,energy
72,T,industrial
72,TEAM,datacenter_hw
72,TJX,datacenter_hw
72,TLT,finance
72,TMO,giant_tech
72,TSLA,healthcare
72,TSM,industrial
72,TXN,software
72,UNH,healthcare
72,UNP,healthcare
72,V,industrial
72,VLO,healthcare
72,VRT,giant_tech
72,VTR,industrial
72,WDAY,giant_tech
72,WDC,finance
72,WELL,ai_chip
72,WFC,software
72,WMB,giant_tech
72,WMT,software
72,XLE,utility
72,XLF,industrial
72,XLI,software
72,XLK,industrial
72,XLU,datacenter_hw
72,XLV,energy
72,XLY,software
72,XOM,industrial
72,ZM,industrial
72,ZS,finance
73,AAPL,software
73,ABBV,consumer
73,ADBE,healthcare
73,ADI,ai_chip
73,AEP,finance
73,AFRM,finance
73,AMAT,finance
73,AMD,consumer
73,AMZN,healthcare
73,ANET,ai_chip
73,APH,industrial
73,APP,software
73,ASML,defensive_bonds
73,ATI,energy
73,AVGO,software
73,AXP,energy
73,BA,consumer
73,BAC,finance
73,BLK,datacenter_hw
73,BMY,consumer
73,BWXT,software
73,C,ai_chip
73,CAT,healthcare
73,CME,software
73,CMG,benchmark
73,COHR,healthcare
73,COIN,software
73,COST,industrial
73,CRM,ai_chip
73,CRWD,commodity
73,CRWV,finance
73,CSCO,healthcare
73,CVS,energy
73,CVX,software
73,D,healthcare
73,DDOG,ai_chip
73,DE,giant_tech
73,DELL,software
73,DLR,giant_tech
73,DOCU,giant_tech
73,DUK,datacenter_hw
73,EME,datacenter_hw
73,EMR,industrial
73,EOG,datacenter_hw
73,EQIX,healthcare
73,ESTC,industrial
73,ETN,software
73,FDX,industrial
73,FTNT,software
73,GE,real_estate
73,GILD,consumer
73,GLD,ai_chip
73,GLW,industrial
73,GM,finance
73,GOOG,industrial
73,GRMN,giant_tech
73,GS,datacenter_hw
73,GTLB,utility
73,HD,industrial
73,HLT,telecom
73,HON,finance
73,HOOD,finance
73,HPE,utility
73,HUBS,energy
73,IBM,energy
73,INTC,energy
73,INTU,software
73,JNJ,giant_tech
73,JPM,software
73,KLAC,ai_chip
73,KMI,ai_chip
73,KO,healthcare
73,LHX,healthcare
73,LITE,industrial
73,LLY,consumer
73,LMT,software
73,LOW,datacenter_hw
73,LRCX,industrial
73,MA,consumer
73,MCD,software
73,MCHP,finance
73,MDB,datacenter_hw
73,MDT,finance
73,META,software
73,MMM,finance
73,MO,consumer
73,MPWR,finance
73,MRK,consumer
73,MRVL,industrial
73,MS,giant_tech
73,MSFT,consumer
73,MU,ai_chip
73,NEE,ai_chip
73,NEM,energy
73,NET,ai_chip
73,NFLX,industrial
73,NOW,software
73,NVDA,industrial
73,NVO,industrial
73,NVTS,energy
73,NXPI,commodity
73,OKTA,consumer
73,ON,software
73,ORCL,real_estate
73,OXY,finance
73,PANW,ai_chip
73,PCTY,healthcare
73,PG,finance
73,PGR,finance
73,PH,utility
73,PLTR,datacenter_hw
73,PM,industrial
73,PNC,software
73,PYPL,industrial
73,QCOM,industrial
73,RBLX,utility
73,RKLB,datacenter_hw
73,ROST,utility
73,RTX,finance
73,SCHW,industrial
73,SHOP,software
73,SMCI,finance
73,SNOW,consumer
73,SO,software
73,SOFI,datacenter_hw
73,SPCX,real_estate
73,SPG,ai_chip
73,SPOT,finance
73,SPY,finance
73,T,ai_chip
73,TEAM,ai_chip
73,TJX,datacenter_hw
73,TLT,software
73,TMO,finance
73,TSLA,giant_tech
73,TSM,software
73,TXN,ai_chip
73,UNH,consumer
73,UNP,consumer
73,V,software
73,VLO,consumer
73,VRT,consumer
73,VTR,datacenter_hw
73,WDAY,industrial
73,WDC,software
73,WELL,software
73,WFC,datacenter_hw
73,WMB,healthcare
73,WMT,software
73,XLE,ai_chip
73,XLF,utility
73,XLI,healthcare
73,XLK,giant_tech
73,XLU,ai_chip
73,XLV,giant_tech
73,XLY,industrial
73,XOM,industrial
73,ZM,ai_chip
73,ZS,datacenter_hw
74,AAPL,industrial
74,ABBV,energy
74,ADBE,finance
74,ADI,commodity
74,AEP,software
74,AFRM,healthcare
74,AMAT,finance
74,AMD,finance
74,AMZN,ai_chip
74,ANET,healthcare
74,APH,finance
74,APP,finance
74,ASML,finance
74,ATI,software
74,AVGO,software
74,AXP,datacenter_hw
74,BA,industrial
74,BAC,consumer
74,BLK,finance
74,BMY,giant_tech
74,BWXT,ai_chip
74,C,datacenter_hw
74,CAT,datacenter_hw
74,CME,utility
74,CMG,ai_chip
74,COHR,consumer
74,COIN,giant_tech
74,COST,industrial
74,CRM,healthcare
74,CRWD,consumer
74,CRWV,energy
74,CSCO,industrial
74,CVS,energy
74,CVX,consumer
74,D,consumer
74,DDOG,finance
74,DE,finance
74,DELL,software
74,DLR,utility
74,DOCU,healthcare
74,DUK,giant_tech
74,EME,ai_chip
74,EMR,ai_chip
74,EOG,energy
74,EQIX,industrial
74,ESTC,consumer
74,ETN,datacenter_hw
74,FDX,industrial
74,FTNT,benchmark
74,GE,software
74,GILD,ai_chip
74,GLD,ai_chip
74,GLW,software
74,GM,software
74,GOOG,ai_chip
74,GRMN,consumer
74,GS,industrial
74,GTLB,datacenter_hw
74,HD,energy
74,HLT,industrial
74,HON,finance
74,HOOD,software
74,HPE,giant_tech
74,HUBS,commodity
74,IBM,software
74,INTC,consumer
74,INTU,software
74,JNJ,energy
74,JPM,software
74,KLAC,datacenter_hw
74,KMI,finance
74,KO,healthcare
74,LHX,software
74,LITE,healthcare
74,LLY,datacenter_hw
74,LMT,ai_chip
74,LOW,consumer
74,LRCX,industrial
74,MA,datacenter_hw
74,MCD,ai_chip
74,MCHP,software
74,MDB,datacenter_hw
74,MDT,finance
74,META,finance
74,MMM,healthcare
74,MO,utility
74,MPWR,industrial
74,MRK,real_estate
74,MRVL,software
74,MS,datacenter_hw
74,MSFT,finance
74,MU,industrial
74,NEE,software
74,NEM,consumer
74,NET,consumer
74,NFLX,giant_tech
74,NOW,consumer
74,NVDA,software
74,NVO,industrial
74,NVTS,consumer
74,NXPI,industrial
74,OKTA,industrial
74,ON,consumer
74,ORCL,software
74,OXY,utility
74,PANW,giant_tech
74,PCTY,finance
74,PG,giant_tech
74,PGR,industrial
74,PH,industrial
74,PLTR,industrial
74,PM,software
74,PNC,ai_chip
74,PYPL,healthcare
74,QCOM,consumer
74,RBLX,industrial
74,RKLB,ai_chip
74,ROST,software
74,RTX,datacenter_hw
74,SCHW,finance
74,SHOP,ai_chip
74,SMCI,ai_chip
74,SNOW,datacenter_hw
74,SO,utility
74,SOFI,utility
74,SPCX,giant_tech
74,SPG,ai_chip
74,SPOT,healthcare
74,SPY,ai_chip
74,T,software
74,TEAM,defensive_bonds
74,TJX,finance
74,TLT,real_estate
74,TMO,telecom
74,TSLA,datacenter_hw
74,TSM,real_estate
74,TXN,software
74,UNH,industrial
74,UNP,software
74,V,finance
74,VLO,ai_chip
74,VRT,datacenter_hw
74,VTR,healthcare
74,WDAY,software
74,WDC,healthcare
74,WELL,healthcare
74,WFC,giant_tech
74,WMB,software
74,WMT,industrial
74,XLE,industrial
74,XLF,ai_chip
74,XLI,software
74,XLK,energy
74,XLU,energy
74,XLV,finance
74,XLY,finance
74,XOM,consumer
74,ZM,software
74,ZS,ai_chip
75,AAPL,datacenter_hw
75,ABBV,ai_chip
75,ADBE,software
75,ADI,industrial
75,AEP,consumer
75,AFRM,industrial
75,AMAT,ai_chip
75,AMD,ai_chip
75,AMZN,datacenter_hw
75,ANET,software
75,APH,finance
75,APP,software
75,ASML,finance
75,ATI,commodity
75,AVGO,software
75,AXP,industrial
75,BA,giant_tech
75,BAC,telecom
75,BLK,ai_chip
75,BMY,software
75,BWXT,giant_tech
75,C,industrial
75,CAT,ai_chip
75,CME,ai_chip
75,CMG,utility
75,COHR,healthcare
75,COIN,energy
75,COST,datacenter_hw
75,CRM,finance
75,CRWD,software
75,CRWV,healthcare
75,CSCO,energy
75,CVS,industrial
75,CVX,ai_chip
75,D,consumer
75,DDOG,giant_tech
75,DE,healthcare
75,DELL,healthcare
75,DLR,ai_chip
75,DOCU,software
75,DUK,consumer
75,EME,commodity
75,EMR,software
75,EOG,software
75,EQIX,software
75,ESTC,healthcare
75,ETN,software
75,FDX,software
75,FTNT,healthcare
75,GE,benchmark
75,GILD,finance
75,GLD,software
75,GLW,industrial
75,GM,ai_chip
75,GOOG,software
75,GRMN,consumer
75,GS,consumer
75,GTLB,software
75,HD,software
75,HLT,finance
75,HON,datacenter_hw
75,HOOD,ai_chip
75,HPE,giant_tech
75,HUBS,giant_tech
75,IBM,ai_chip
75,INTC,software
75,INTU,consumer
75,JNJ,industrial
75,JPM,real_estate
75,KLAC,datacenter_hw
75,KMI,ai_chip
75,KO,software
75,LHX,utility
75,LITE,healthcare
75,LLY,software
75,LMT,consumer
75,LOW,industrial
75,LRCX,datacenter_hw
75,MA,industrial
75,MCD,utility
75,MCHP,datacenter_hw
75,MDB,ai_chip
75,MDT,industrial
75,META,finance
75,MMM,industrial
75,MO,industrial
75,MPWR,finance
75,MRK,real_estate
75,MRVL,industrial
75,MS,finance
75,MSFT,industrial
75,MU,energy
75,NEE,datacenter_hw
75,NEM,software
75,NET,finance
75,NFLX,finance
75,NOW,datacenter_hw
75,NVDA,giant_tech
75,NVO,energy
75,NVTS,industrial
75,NXPI,industrial
75,OKTA,consumer
75,ON,finance
75,ORCL,software
75,OXY,datacenter_hw
75,PANW,energy
75,PCTY,consumer
75,PG,giant_tech
75,PGR,giant_tech
75,PH,industrial
75,PLTR,defensive_bonds
75,PM,finance
75,PNC,healthcare
75,PYPL,datacenter_hw
75,QCOM,consumer
75,RBLX,software
75,RKLB,software
75,ROST,consumer
75,RTX,real_estate
75,SCHW,finance
75,SHOP,healthcare
75,SMCI,finance
75,SNOW,healthcare
75,SO,giant_tech
75,SOFI,consumer
75,SPCX,industrial
75,SPG,ai_chip
75,SPOT,consumer
75,SPY,finance
75,T,ai_chip
75,TEAM,healthcare
75,TJX,consumer
75,TLT,consumer
75,TMO,finance
75,TSLA,ai_chip
75,TSM,software
75,TXN,industrial
75,UNH,finance
75,UNP,finance
75,V,utility
75,VLO,finance
75,VRT,ai_chip
75,VTR,ai_chip
75,WDAY,ai_chip
75,WDC,energy
75,WELL,software
75,WFC,energy
75,WMB,datacenter_hw
75,WMT,utility
75,XLE,industrial
75,XLF,datacenter_hw
75,XLI,finance
75,XLK,datacenter_hw
75,XLU,industrial
75,XLV,software
75,XLY,utility
75,XOM,consumer
75,ZM,energy
75,ZS,healthcare
76,AAPL,consumer
76,ABBV,industrial
76,ADBE,utility
76,ADI,finance
76,AEP,datacenter_hw
76,AFRM,healthcare
76,AMAT,healthcare
76,AMD,datacenter_hw
76,AMZN,industrial
76,ANET,finance
76,APH,ai_chip
76,APP,ai_chip
76,ASML,giant_tech
76,ATI,consumer
76,AVGO,industrial
76,AXP,datacenter_hw
76,BA,ai_chip
76,BAC,energy
76,BLK,finance
76,BMY,software
76,BWXT,software
76,C,software
76,CAT,datacenter_hw
76,CME,consumer
76,CMG,healthcare
76,COHR,datacenter_hw
76,COIN,industrial
76,COST,finance
76,CRM,consumer
76,CRWD,finance
76,CRWV,software
76,CSCO,finance
76,CVS,industrial
76,CVX,real_estate
76,D,ai_chip
76,DDOG,consumer
76,DE,energy
76,DELL,finance
76,DLR,industrial
76,DOCU,ai_chip
76,DUK,software
76,EME,giant_tech
76,EMR,industrial
76,EOG,software
76,EQIX,finance
76,ESTC,consumer
76,ETN,consumer
76,FDX,giant_tech
76,FTNT,healthcare
76,GE,datacenter_hw
76,GILD,giant_tech
76,GLD,finance
76,GLW,giant_tech
76,GM,industrial
76,GOOG,giant_tech
76,GRMN,industrial
76,GS,ai_chip
76,GTLB,software
76,HD,finance
76,HLT,energy
76,HON,giant_tech
76,HOOD,ai_chip
76,HPE,industrial
76,HUBS,consumer
76,IBM,software
76,INTC,utility
76,INTU,energy
76,JNJ,industrial
76,JPM,software
76,KLAC,energy
76,KMI,consumer
76,KO,healthcare
76,LHX,consumer
76,LITE,industrial
76,LLY,ai_chip
76,LMT,commodity
76,LOW,real_estate
76,LRCX,software
76,MA,defensive_bonds
76,MCD,software
76,MCHP,software
76,MDB,healthcare
76,MDT,utility
76,META,software
76,MMM,consumer
76,MO,consumer
76,MPWR,healthcare
76,MRK,industrial
76,MRVL,software
76,MS,healthcare
76,MSFT,software
76,MU,industrial
76,NEE,consumer
76,NEM,software
76,NET,industrial
76,NFLX,utility
76,NOW,ai_chip
76,NVDA,industrial
76,NVO,software
76,NVTS,datacenter_hw
76,NXPI,finance
76,OKTA,consumer
76,ON,datacenter_hw
76,ORCL,finance
76,OXY,finance
76,PANW,datacenter_hw
76,PCTY,telecom
76,PG,healthcare
76,PGR,real_estate
76,PH,datacenter_hw
76,PLTR,utility
76,PM,datacenter_hw
76,PNC,healthcare
76,PYPL,ai_chip
76,QCOM,industrial
76,RBLX,software
76,RKLB,ai_chip
76,ROST,industrial
76,RTX,ai_chip
76,SCHW,finance
76,SHOP,ai_chip
76,SMCI,software
76,SNOW,ai_chip
76,SO,industrial
76,SOFI,giant_tech
76,SPCX,software
76,SPG,industrial
76,SPOT,finance
76,SPY,finance
76,T,ai_chip
76,TEAM,consumer
76,TJX,giant_tech
76,TLT,ai_chip
76,TMO,software
76,TSLA,finance
76,TSM,datacenter_hw
76,TXN,energy
76,UNH,ai_chip
76,UNP,commodity
76,V,finance
76,VLO,software
76,VRT,software
76,VTR,software
76,WDAY,benchmark
76,WDC,utility
76,WELL,industrial
76,WFC,energy
76,WMB,datacenter_hw
76,WMT,software
76,XLE,software
76,XLF,datacenter_hw
76,XLI,energy
76,XLK,finance
76,XLU,healthcare
76,XLV,consumer
76,XLY,healthcare
76,XOM,finance
76,ZM,ai_chip
76,ZS,ai_chip
77,AAPL,ai_chip
77,ABBV,telecom
77,ADBE,software
77,ADI,finance
77,AEP,giant_tech
77,AFRM,ai_chip
77,AMAT,commodity
77,AMD,ai_chip
77,AMZN,defensive_bonds
77,ANET,healthcare
77,APH,energy
77,APP,ai_chip
77,ASML,utility
77,ATI,software
77,AVGO,industrial
77,AXP,industrial
77,BA,finance
77,BAC,healthcare
77,BLK,software
77,BMY,finance
77,BWXT,utility
77,C,industrial
77,CAT,consumer
77,CME,energy
77,CMG,healthcare
77,COHR,consumer
77,COIN,finance
77,COST,finance
77,CRM,finance
77,CRWD,utility
77,CRWV,software
77,CSCO,software
77,CVS,consumer
77,CVX,finance
77,D,industrial
77,DDOG,industrial
77,DE,finance
77,DELL,utility
77,DLR,software
77,DOCU,industrial
77,DUK,ai_chip
77,EME,consumer
77,EMR,industrial
77,EOG,industrial
77,EQIX,ai_chip
77,ESTC,ai_chip
77,ETN,datacenter_hw
77,FDX,ai_chip
77,FTNT,software
77,GE,software
77,GILD,real_estate
77,GLD,software
77,GLW,finance
77,GM,giant_tech
77,GOOG,datacenter_hw
77,GRMN,energy
77,GS,real_estate
77,GTLB,ai_chip
77,HD,healthcare
77,HLT,software
77,HON,datacenter_hw
77,HOOD,software
77,HPE,consumer
77,HUBS,ai_chip
77,IBM,datacenter_hw
77,INTC,software
77,INTU,finance
77,JNJ,healthcare
77,JPM,software
77,KLAC,real_estate
77,KMI,finance
77,KO,industrial
77,LHX,software
77,LITE,software
77,LLY,giant_tech
77,LMT,datacenter_hw
77,LOW,healthcare
77,LRCX,ai_chip
77,MA,giant_tech
77,MCD,utility
77,MCHP,ai_chip
77,MDB,industrial
77,MDT,energy
77,META,ai_chip
77,MMM,industrial
77,MO,software
77,MPWR,finance
77,MRK,software
77,MRVL,consumer
77,MS,datacenter_hw
77,MSFT,software
77,MU,ai_chip
77,NEE,ai_chip
77,NEM,industrial
77,NET,datacenter_hw
77,NFLX,industrial
77,NOW,industrial
77,NVDA,healthcare
77,NVO,healthcare
77,NVTS,finance
77,NXPI,consumer
77,OKTA,ai_chip
77,ON,consumer
77,ORCL,ai_chip
77,OXY,finance
77,PANW,industrial
77,PCTY,energy
77,PG,ai_chip
77,PGR,finance
77,PH,healthcare
77,PLTR,benchmark
77,PM,software
77,PNC,healthcare
77,PYPL,software
77,QCOM,datacenter_hw
77,RBLX,giant_tech
77,RKLB,datacenter_hw
77,ROST,consumer
77,RTX,industrial
77,SCHW,consumer
77,SHOP,software
77,SMCI,finance
77,SNOW,software
77,SO,energy
77,SOFI,energy
77,SPCX,healthcare
77,SPG,giant_tech
77,SPOT,healthcare
77,SPY,consumer
77,T,ai_chip
77,TEAM,finance
77,TJX,consumer
77,TLT,datacenter_hw
77,TMO,giant_tech
77,TSLA,datacenter_hw
77,TSM,finance
77,TXN,commodity
77,UNH,software
77,UNP,industrial
77,V,industrial
77,VLO,consumer
77,VRT,finance
77,VTR,utility
77,WDAY,software
77,WDC,giant_tech
77,WELL,giant_tech
77,WFC,datacenter_hw
77,WMB,software
77,WMT,software
77,XLE,industrial
77,XLF,energy
77,XLI,industrial
77,XLK,datacenter_hw
77,XLU,consumer
77,XLV,industrial
77,XLY,consumer
77,XOM,consumer
77,ZM,finance
77,ZS,datacenter_hw
78,AAPL,software
78,ABBV,industrial
78,ADBE,finance
78,ADI,datacenter_hw
78,AEP,real_estate
78,AFRM,finance
78,AMAT,utility
78,AMD,giant_tech
78,AMZN,real_estate
78,ANET,healthcare
78,APH,industrial
78,APP,giant_tech
78,ASML,datacenter_hw
78,ATI,finance
78,AVGO,healthcare
78,AXP,industrial
78,BA,healthcare
78,BAC,industrial
78,BLK,consumer
78,BMY,software
78,BWXT,ai_chip
78,C,energy
78,CAT,datacenter_hw
78,CME,ai_chip
78,CMG,industrial
78,COHR,energy
78,COIN,software
78,COST,consumer
78,CRM,finance
78,CRWD,software
78,CRWV,industrial
78,CSCO,software
78,CVS,energy
78,CVX,commodity
78,D,consumer
78,DDOG,finance
78,DE,industrial
78,DELL,energy
78,DLR,giant_tech
78,DOCU,industrial
78,DUK,consumer
78,EME,datacenter_hw
78,EMR,industrial
78,EOG,real_estate
78,EQIX,consumer
78,ESTC,datacenter_hw
78,ETN,software
78,FDX,software
78,FTNT,finance
78,GE,utility
78,GILD,datacenter_hw
78,GLD,benchmark
78,GLW,software
78,GM,industrial
78,GOOG,healthcare
78,GRMN,ai_chip
78,GS,finance
78,GTLB,datacenter_hw
78,HD,industrial
78,HLT,defensive_bonds
78,HON,finance
78,HOOD,software
78,HPE,healthcare
78,HUBS,datacenter_hw
78,IBM,finance
78,INTC,ai_chip
78,INTU,consumer
78,JNJ,commodity
78,JPM,consumer
78,KLAC,software
78,KMI,ai_chip
78,KO,software
78,LHX,consumer
78,LITE,finance
78,LLY,consumer
78,LMT,healthcare
78,LOW,finance
78,LRCX,software
78,MA,ai_chip
78,MCD,industrial
78,MCHP,energy
78,MDB,software
78,MDT,ai_chip
78,META,giant_tech
78,MMM,software
78,MO,software
78,MPWR,ai_chip
78,MRK,ai_chip
78,MRVL,energy
78,MS,consumer
78,MSFT,ai_chip
78,MU,industrial
78,NEE,finance
78,NEM,industrial
78,NET,consumer
78,NFLX,telecom
78,NOW,energy
78,NVDA,software
78,NVO,datacenter_hw
78,NVTS,datacenter_hw
78,NXPI,software
78,OKTA,giant_tech
78,ON,healthcare
78,ORCL,software
78,OXY,healthcare
78,PANW,consumer
78,PCTY,finance
78,PG,giant_tech
78,PGR,consumer
78,PH,ai_chip
78,PLTR,finance
78,PM,datacenter_hw
78,PNC,healthcare
78,PYPL,industrial
78,QCOM,consumer
78,RBLX,ai_chip
78,RKLB,utility
78,ROST,software
78,RTX,software
78,SCHW,consumer
78,SHOP,ai_chip
78,SMCI,datacenter_hw
78,SNOW,software
78,SO,industrial
78,SOFI,industrial
78,SPCX,industrial
78,SPG,software
78,SPOT,ai_chip
78,SPY,healthcare
78,T,industrial
78,TEAM,industrial
78,TJX,finance
78,TLT,ai_chip
78,TMO,finance
78,TSLA,ai_chip
78,TSM,ai_chip
78,TXN,ai_chip
78,UNH,industrial
78,UNP,utility
78,V,software
78,VLO,finance
78,VRT,giant_tech
78,VTR,datacenter_hw
78,WDAY,utility
78,WDC,datacenter_hw
78,WELL,utility
78,WFC,finance
78,WMB,consumer
78,WMT,software
78,XLE,giant_tech
78,XLF,software
78,XLI,energy
78,XLK,healthcare
78,XLU,finance
78,XLV,ai_chip
78,XLY,finance
78,XOM,healthcare
78,ZM,giant_tech
78,ZS,software
79,AAPL,commodity
79,ABBV,finance
79,ADBE,finance
79,ADI,software
79,AEP,industrial
79,AFRM,industrial
79,AMAT,consumer
79,AMD,healthcare
79,AMZN,industrial
79,ANET,consumer
79,APH,datacenter_hw
79,APP,datacenter_hw
79,ASML,industrial
79,ATI,consumer
79,AVGO,utility
79,AXP,consumer
79,BA,ai_chip
79,BAC,software
79,BLK,datacenter_hw
79,BMY,ai_chip
79,BWXT,ai_chip
79,C,consumer
79,CAT,software
79,CME,software
79,CMG,finance
79,COHR,consumer
79,COIN,datacenter_hw
79,COST,utility
79,CRM,industrial
79,CRWD,software
79,CRWV,healthcare
79,CSCO,industrial
79,CVS,healthcare
79,CVX,ai_chip
79,D,real_estate
79,DDOG,benchmark
79,DE,ai_chip
79,DELL,finance
79,DLR,software
79,DOCU,datacenter_hw
79,DUK,healthcare
79,EME,consumer
79,EMR,commodity
79,EOG,software
79,EQIX,industrial
79,ESTC,healthcare
79,ETN,consumer
79,FDX,software
79,FTNT,datacenter_hw
79,GE,utility
79,GILD,consumer
79,GLD,ai_chip
79,GLW,finance
79,GM,datacenter_hw
79,GOOG,industrial
79,GRMN,finance
79,GS,datacenter_hw
79,GTLB,real_estate
79,HD,industrial
79,HLT,ai_chip
79,HON,ai_chip
79,HOOD,industrial
79,HPE,healthcare
79,HUBS,finance
79,IBM,industrial
79,INTC,healthcare
79,INTU,energy
79,JNJ,consumer
79,JPM,software
79,KLAC,software
79,KMI,giant_tech
79,KO,telecom
79,LHX,industrial
79,LITE,consumer
79,LLY,ai_chip
79,LMT,consumer
79,LOW,industrial
79,LRCX,consumer
79,MA,consumer
79,MCD,software
79,MCHP,defensive_bonds
79,MDB,industrial
79,MDT,healthcare
79,META,software
79,MMM,industrial
79,MO,healthcare
79,MPWR,utility
79,MRK,ai_chip
79,MRVL,energy
79,MS,datacenter_hw
79,MSFT,finance
79,MU,real_estate
79,NEE,ai_chip
79,NEM,finance
79,NET,finance
79,NFLX,industrial
79,NOW,industrial
79,NVDA,giant_tech
79,NVO,utility
79,NVTS,energy
79,NXPI,energy
79,OKTA,giant_tech
79,ON,healthcare
79,ORCL,finance
79,OXY,software
79,PANW,ai_chip
79,PCTY,industrial
79,PG,ai_chip
79,PGR,datacenter_hw
79,PH,software
79,PLTR,energy
79,PM,finance
79,PNC,finance
79,PYPL,software
79,QCOM,finance
79,RBLX,software
79,RKLB,software
79,ROST,software
79,RTX,datacenter_hw
79,SCHW,software
79,SHOP,utility
79,SMCI,giant_tech
79,SNOW,software
79,SO,software
79,SOFI,healthcare
79,SPCX,software
79,SPG,finance
79,SPOT,datacenter_hw
79,SPY,finance
79,T,finance
79,TEAM,ai_chip
79,TJX,ai_chip
79,TLT,software
79,TMO,ai_chip
79,TSLA,giant_tech
79,TSM,giant_tech
79,TXN,healthcare
79,UNH,giant_tech
79,UNP,energy
79,V,finance
79,VLO,consumer
79,VRT,datacenter_hw
79,VTR,energy
79,WDAY,finance
79,WDC,finance
79,WELL,industrial
79,WFC,industrial
79,WMB,energy
79,WMT,software
79,XLE,ai_chip
79,XLF,ai_chip
79,XLI,ai_chip
79,XLK,consumer
79,XLU,giant_tech
79,XLV,datacenter_hw
79,XLY,software
79,XOM,industrial
79,ZM,giant_tech
79,ZS,software
80,AAPL,consumer
80,ABBV,finance
80,ADBE,datacenter_hw
80,ADI,finance
80,AEP,industrial
80,AFRM,giant_tech
80,AMAT,datacenter_hw
80,AMD,ai_chip
80,AMZN,software
80,ANET,finance
80,APH,datacenter_hw
80,APP,software
80,ASML,datacenter_hw
80,ATI,software
80,AVGO,real_estate
80,AXP,ai_chip
80,BA,healthcare
80,BAC,industrial
80,BLK,healthcare
80,BMY,software
80,BWXT,industrial
80,C,software
80,CAT,finance
80,CME,ai_chip
80,CMG,finance
80,COHR,ai_chip
80,COIN,industrial
80,COST,software
80,CRM,consumer
80,CRWD,commodity
80,CRWV,healthcare
80,CSCO,software
80,CVS,industrial
80,CVX,consumer
80,D,industrial
80,DDOG,industrial
80,DE,consumer
80,DELL,finance
80,DLR,datacenter_hw
80,DOCU,finance
80,DUK,software
80,EME,software
80,EMR,telecom
80,EOG,industrial
80,EQIX,industrial
80,ESTC,consumer
80,ETN,ai_chip
80,FDX,datacenter_hw
80,FTNT,finance
80,GE,industrial
80,GILD,industrial
80,GLD,healthcare
80,GLW,giant_tech
80,GM,energy
80,GOOG,software
80,GRMN,defensive_bonds
80,GS,energy
80,GTLB,energy
80,HD,software
80,HLT,industrial
80,HON,giant_tech
80,HOOD,software
80,HPE,consumer
80,HUBS,ai_chip
80,IBM,ai_chip
80,INTC,consumer
80,INTU,consumer
80,JNJ,healthcare
80,JPM,software
80,KLAC,finance
80,KMI,datacenter_hw
80,KO,giant_tech
80,LHX,energy
80,LITE,healthcare
80,LLY,healthcare
80,LMT,finance
80,LOW,industrial
80,LRCX,software
80,MA,energy
80,MCD,finance
80,MCHP,industrial
80,MDB,ai_chip
80,MDT,utility
80,META,ai_chip
80,MMM,giant_tech
80,MO,ai_chip
80,MPWR,consumer
80,MRK,ai_chip
80,MRVL,datacenter_hw
80,MS,finance
80,MSFT,software
80,MU,ai_chip
80,NEE,ai_chip
80,NEM,finance
80,NET,utility
80,NFLX,giant_tech
80,NOW,software
80,NVDA,software
80,NVO,software
80,NVTS,industrial
80,NXPI,consumer
80,OKTA,giant_tech
80,ON,finance
80,ORCL,commodity
80,OXY,energy
80,PANW,industrial
80,PCTY,finance
80,PG,finance
80,PGR,energy
80,PH,real_estate
80,PLTR,software
80,PM,healthcare
80,PNC,utility
80,PYPL,ai_chip
80,QCOM,consumer
80,RBLX,giant_tech
80,RKLB,consumer
80,ROST,software
80,RTX,software
80,SCHW,ai_chip
80,SHOP,industrial
80,SMCI,industrial
80,SNOW,industrial
80,SO,finance
80,SOFI,software
80,SPCX,ai_chip
80,SPG,benchmark
80,SPOT,utility
80,SPY,software
80,T,consumer
80,TEAM,finance
80,TJX,industrial
80,TLT,energy
80,TMO,industrial
80,TSLA,consumer
80,TSM,software
80,TXN,datacenter_hw
80,UNH,healthcare
80,UNP,ai_chip
80,V,software
80,VLO,datacenter_hw
80,VRT,datacenter_hw
80,VTR,real_estate
80,WDAY,finance
80,WDC,consumer
80,WELL,giant_tech
80,WFC,healthcare
80,WMB,consumer
80,WMT,utility
80,XLE,healthcare
80,XLF,software
80,XLI,datacenter_hw
80,XLK,ai_chip
80,XLU,finance
80,XLV,healthcare
80,XLY,ai_chip
80,XOM,utility
80,ZM,datacenter_hw
80,ZS,datacenter_hw
81,AAPL,datacenter_hw
81,ABBV,software
81,ADBE,software
81,ADI,healthcare
81,AEP,ai_chip
81,AFRM,energy
81,AMAT,ai_chip
81,AMD,finance
81,AMZN,consumer
81,ANET,finance
81,APH,healthcare
81,APP,consumer
81,ASML,software
81,ATI,datacenter_hw
81,AVGO,ai_chip
81,AXP,consumer
81,BA,software
81,BAC,giant_tech
81,BLK,healthcare
81,BMY,finance
81,BWXT,healthcare
81,C,real_estate
81,CAT,industrial
81,CME,energy
81,CMG,finance
81,COHR,giant_tech
81,COIN,ai_chip
81,COST,software
81,CRM,utility
81,CRWD,ai_chip
81,CRWV,industrial
81,CSCO,consumer
81,CVS,finance
81,CVX,utility
81,D,commodity
81,DDOG,energy
81,DE,consumer
81,DELL,consumer
81,DLR,software
81,DOCU,commodity
81,DUK,finance
81,EME,finance
81,EMR,ai_chip
81,EOG,software
81,EQIX,giant_tech
81,ESTC,software
81,ETN,datacenter_hw
81,FDX,industrial
81,FTNT,ai_chip
81,GE,software
81,GILD,healthcare
81,GLD,consumer
81,GLW,giant_tech
81,GM,utility
81,GOOG,giant_tech
81,GRMN,software
81,GS,utility
81,GTLB,finance
81,HD,industrial
81,HLT,industrial
81,HON,finance
81,HOOD,giant_tech
81,HPE,healthcare
81,HUBS,finance
81,IBM,ai_chip
81,INTC,energy
81,INTU,datacenter_hw
81,JNJ,ai_chip
81,JPM,software
81,KLAC,finance
81,KMI,utility
81,KO,datacenter_hw
81,LHX,healthcare
81,LITE,energy
81,LLY,benchmark
81,LMT,software
81,LOW,software
81,LRCX,consumer
81,MA,industrial
81,MCD,giant_tech
81,MCHP,consumer
81,MDB,giant_tech
81,MDT,industrial
81,META,real_estate
81,MMM,ai_chip
81,MO,industrial
81,MPWR,ai_chip
81,MRK,ai_chip
81,MRVL,datacenter_hw
81,MS,real_estate
81,MSFT,software
81,MU,consumer
81,NEE,datacenter_hw
81,NEM,software
81,NET,software
81,NFLX,datacenter_hw
81,NOW,software
81,NVDA,finance
81,NVO,software
81,NVTS,consumer
81,NXPI,consumer
81,OKTA,datacenter_hw
81,ON,consumer
81,ORCL,finance
81,OXY,software
81,PANW,datacenter_hw
81,PCTY,healthcare
81,PG,industrial
81,PGR,ai_chip
81,PH,ai_chip
81,PLTR,industrial
81,PM,finance
81,PNC,giant_tech
81,PYPL,consumer
81,QCOM,energy
81,RBLX,datacenter_hw
81,RKLB,industrial
81,ROST,software
81,RTX,telecom
81,SCHW,datacenter_hw
81,SHOP,energy
81,SMCI,ai_chip
81,SNOW,software
81,SO,energy
81,SOFI,datacenter_hw
81,SPCX,finance
81,SPG,healthcare
81,SPOT,healthcare
81,SPY,ai_chip
81,T,software
81,TEAM,industrial
81,TJX,industrial
81,TLT,ai_chip
81,TMO,ai_chip
81,TSLA,software
81,TSM,software
81,TXN,industrial
81,UNH,industrial
81,UNP,utility
81,V,industrial
81,VLO,finance
81,VRT,healthcare
81,VTR,industrial
81,WDAY,industrial
81,WDC,finance
81,WELL,consumer
81,WFC,defensive_bonds
81,WMB,consumer
81,WMT,datacenter_hw
81,XLE,finance
81,XLF,software
81,XLI,industrial
81,XLK,software
81,XLU,ai_chip
81,XLV,finance
81,XLY,industrial
81,XOM,healthcare
81,ZM,industrial
81,ZS,finance
82,AAPL,industrial
82,ABBV,datacenter_hw
82,ADBE,software
82,ADI,ai_chip
82,AEP,software
82,AFRM,finance
82,AMAT,datacenter_hw
82,AMD,real_estate
82,AMZN,software
82,ANET,finance
82,APH,software
82,APP,software
82,ASML,industrial
82,ATI,healthcare
82,AVGO,consumer
82,AXP,software
82,BA,giant_tech
82,BAC,giant_tech
82,BLK,industrial
82,BMY,healthcare
82,BWXT,industrial
82,C,finance
82,CAT,energy
82,CME,software
82,CMG,industrial
82,COHR,datacenter_hw
82,COIN,ai_chip
82,COST,ai_chip
82,CRM,utility
82,CRWD,consumer
82,CRWV,datacenter_hw
82,CSCO,ai_chip
82,CVS,software
82,CVX,finance
82,D,real_estate
82,DDOG,finance
82,DE,healthcare
82,DELL,utility
82,DLR,finance
82,DOCU,healthcare
82,DUK,consumer
82,EME,finance
82,EMR,industrial
82,EOG,consumer
82,EQIX,industrial
82,ESTC,energy
82,ETN,commodity
82,FDX,datacenter_hw
82,FTNT,software
82,GE,energy
82,GILD,defensive_bonds
82,GLD,giant_tech
82,GLW,consumer
82,GM,healthcare
82,GOOG,finance
82,GRMN,datacenter_hw
82,GS,real_estate
82,GTLB,consumer
82,HD,industrial
82,HLT,finance
82,HON,giant_tech
82,HOOD,ai_chip
82,HPE,software
82,HUBS,ai_chip
82,IBM,energy
82,INTC,datacenter_hw
82,INTU,finance
82,JNJ,finance
82,JPM,energy
82,KLAC,industrial
82,KMI,ai_chip
82,KO,consumer
82,LHX,healthcare
82,LITE,industrial
82,LLY,finance
82,LMT,software
82,LOW,commodity
82,LRCX,consumer
82,MA,industrial
82,MCD,software
82,MCHP,industrial
82,MDB,ai_chip
82,MDT,ai_chip
82,META,software
82,MMM,giant_tech
82,MO,finance
82,MPWR,consumer
82,MRK,benchmark
82,MRVL,datacenter_hw
82,MS,software
82,MSFT,ai_chip
82,MU,software
82,NEE,ai_chip
82,NEM,software
82,NET,datacenter_hw
82,NFLX,industrial
82,NOW,utility
82,NVDA,datacenter_hw
82,NVO,consumer
82,NVTS,industrial
82,NXPI,consumer
82,OKTA,ai_chip
82,ON,software
82,ORCL,datacenter_hw
82,OXY,ai_chip
82,PANW,industrial
82,PCTY,software
82,PG,industrial
82,PGR,ai_chip
82,PH,ai_chip
82,PLTR,finance
82,PM,datacenter_hw
82,PNC,datacenter_hw
82,PYPL,software
82,QCOM,energy
82,RBLX,healthcare
82,RKLB,software
82,ROST,utility
82,RTX,giant_tech
82,SCHW,finance
82,SHOP,finance
82,SMCI,finance
82,SNOW,healthcare
82,SO,software
82,SOFI,ai_chip
82,SPCX,giant_tech
82,SPG,healthcare
82,SPOT,software
82,SPY,finance
82,T,consumer
82,TEAM,consumer
82,TJX,industrial
82,TLT,ai_chip
82,TMO,ai_chip
82,TSLA,industrial
82,TSM,energy
82,TXN,software
82,UNH,industrial
82,UNP,consumer
82,V,giant_tech
82,VLO,healthcare
82,VRT,utility
82,VTR,utility
82,WDAY,energy
82,WDC,software
82,WELL,healthcare
82,WFC,telecom
82,WMB,finance
82,WMT,consumer
82,XLE,finance
82,XLF,datacenter_hw
82,XLI,giant_tech
82,XLK,software
82,XLU,consumer
82,XLV,ai_chip
82,XLY,industrial
82,XOM,software
82,ZM,industrial
82,ZS,healthcare
83,AAPL,software
83,ABBV,industrial
83,ADBE,consumer
83,ADI,energy
83,AEP,finance
83,AFRM,software
83,AMAT,datacenter_hw
83,AMD,industrial
83,AMZN,software
83,ANET,finance
83,APH,consumer
83,APP,software
83,ASML,ai_chip
83,ATI,ai_chip
83,AVGO,software
83,AXP,utility
83,BA,industrial
83,BAC,giant_tech
83,BLK,consumer
83,BMY,healthcare
83,BWXT,finance
83,C,giant_tech
83,CAT,finance
83,CME,energy
83,CMG,finance
83,COHR,healthcare
83,COIN,finance
83,COST,consumer
83,CRM,healthcare
83,CRWD,consumer
83,CRWV,ai_chip
83,CSCO,software
83,CVS,datacenter_hw
83,CVX,utility
83,D,energy
83,DDOG,energy
83,DE,software
83,DELL,ai_chip
83,DLR,finance
83,DOCU,software
83,DUK,finance
83,EME,consumer
83,EMR,utility
83,EOG,defensive_bonds
83,EQIX,real_estate
83,ESTC,consumer
83,ETN,industrial
83,FDX,finance
83,FTNT,industrial
83,GE,software
83,GILD,benchmark
83,GLD,datacenter_hw
83,GLW,energy
83,GM,ai_chip
83,GOOG,finance
83,GRMN,consumer
83,GS,software
83,GTLB,healthcare
83,HD,software
83,HLT,ai_chip
83,HON,real_estate
83,HOOD,giant_tech
83,HPE,telecom
83,HUBS,software
83,IBM,healthcare
83,INTC,industrial
83,INTU,ai_chip
83,JNJ,software
83,JPM,energy
83,KLAC,industrial
83,KMI,finance
83,KO,finance
83,LHX,software
83,LITE,datacenter_hw
83,LLY,software
83,LMT,finance
83,LOW,ai_chip
83,LRCX,industrial
83,MA,datacenter_hw
83,MCD,giant_tech
83,MCHP,utility
83,MDB,industrial
83,MDT,software
83,META,software
83,MMM,ai_chip
83,MO,industrial
83,MPWR,consumer
83,MRK,software
83,MRVL,consumer
83,MS,industrial
83,MSFT,commodity
83,MU,energy
83,NEE,ai_chip
83,NEM,industrial
83,NET,datacenter_hw
83,NFLX,giant_tech
83,NOW,consumer
83,NVDA,finance
83,NVO,energy
83,NVTS,ai_chip
83,NXPI,industrial
83,OKTA,healthcare
83,ON,software
83,ORCL,finance
83,OXY,giant_tech
83,PANW,datacenter_hw
83,PCTY,datacenter_hw
83,PG,industrial
83,PGR,software
83,PH,healthcare
83,PLTR,software
83,PM,industrial
83,PNC,finance
83,PYPL,ai_chip
83,QCOM,consumer
83,RBLX,software
83,RKLB,healthcare
83,ROST,healthcare
83,RTX,ai_chip
83,SCHW,industrial
83,SHOP,datacenter_hw
83,SMCI,utility
83,SNOW,software
83,SO,finance
83,SOFI,datacenter_hw
83,SPCX,ai_chip
83,SPG,ai_chip
83,SPOT,software
83,SPY,datacenter_hw
83,T,giant_tech
83,TEAM,software
83,TJX,finance
83,TLT,ai_chip
83,TMO,industrial
83,TSLA,healthcare
83,TSM,healthcare
83,TXN,industrial
83,UNH,real_estate
83,UNP,giant_tech
83,V,industrial
83,VLO,datacenter_hw
83,VRT,consumer
83,VTR,ai_chip
83,WDAY,finance
83,WDC,consumer
83,WELL,utility
83,WFC,finance
83,WMB,consumer
83,WMT,datacenter_hw
83,XLE,datacenter_hw
83,XLF,healthcare
83,XLI,ai_chip
83,XLK,consumer
83,XLU,software
83,XLV,giant_tech
83,XLY,industrial
83,XOM,commodity
83,ZM,industrial
83,ZS,ai_chip
84,AAPL,ai_chip
84,ABBV,software
84,ADBE,consumer
84,ADI,consumer
84,AEP,consumer
84,AFRM,consumer
84,AMAT,industrial
84,AMD,ai_chip
84,AMZN,consumer
84,ANET,industrial
84,APH,giant_tech
84,APP,software
84,ASML,consumer
84,ATI,commodity
84,AVGO,consumer
84,AXP,datacenter_hw
84,BA,ai_chip
84,BAC,datacenter_hw
84,BLK,industrial
84,BMY,datacenter_hw
84,BWXT,datacenter_hw
84,C,utility
84,CAT,software
84,CME,software
84,CMG,ai_chip
84,COHR,software
84,COIN,finance
84,COST,healthcare
84,CRM,ai_chip
84,CRWD,energy
84,CRWV,industrial
84,CSCO,energy
84,CVS,ai_chip
84,CVX,software
84,D,ai_chip
84,DDOG,software
84,DE,industrial
84,DELL,industrial
84,DLR,datacenter_hw
84,DOCU,finance
84,DUK,utility
84,EME,healthcare
84,EMR,finance
84,EOG,datacenter_hw
84,EQIX,giant_tech
84,ESTC,datacenter_hw
84,ETN,consumer
84,FDX,ai_chip
84,FTNT,industrial
84,GE,ai_chip
84,GILD,real_estate
84,GLD,ai_chip
84,GLW,finance
84,GM,giant_tech
84,GOOG,giant_tech
84,GRMN,utility
84,GS,software
84,GTLB,software
84,HD,consumer
84,HLT,commodity
84,HON,datacenter_hw
84,HOOD,software
84,HPE,energy
84,HUBS,finance
84,IBM,ai_chip
84,INTC,consumer
84,INTU,ai_chip
84,JNJ,ai_chip
84,JPM,energy
84,KLAC,industrial
84,KMI,healthcare
84,KO,giant_tech
84,LHX,real_estate
84,LITE,industrial
84,LLY,real_estate
84,LMT,industrial
84,LOW,giant_tech
84,LRCX,datacenter_hw
84,MA,giant_tech
84,MCD,energy
84,MCHP,software
84,MDB,energy
84,MDT,datacenter_hw
84,META,industrial
84,MMM,healthcare
84,MO,software
84,MPWR,consumer
84,MRK,energy
84,MRVL,industrial
84,MS,finance
84,MSFT,software
84,MU,ai_chip
84,NEE,finance
84,NEM,healthcare
84,NET,ai_chip
84,NFLX,industrial
84,NOW,finance
84,NVDA,consumer
84,NVO,healthcare
84,NVTS,utility
84,NXPI,benchmark
84,OKTA,healthcare
84,ON,software
84,ORCL,telecom
84,OXY,industrial
84,PANW,giant_tech
84,PCTY,finance
84,PG,datacenter_hw
84,PGR,utility
84,PH,finance
84,PLTR,software
84,PM,industrial
84,PNC,software
84,PYPL,finance
84,QCOM,software
84,RBLX,healthcare
84,RKLB,utility
84,ROST,software
84,RTX,software
84,SCHW,finance
84,SHOP,consumer
84,SMCI,industrial
84,SNOW,datacenter_hw
84,SO,software
84,SOFI,finance
84,SPCX,consumer
84,SPG,software
84,SPOT,healthcare
84,SPY,healthcare
84,T,ai_chip
84,TEAM,finance
84,TJX,software
84,TLT,industrial
84,TMO,industrial
84,TSLA,finance
84,TSM,ai_chip
84,TXN,software
84,UNH,giant_tech
84,UNP,finance
84,V,healthcare
84,VLO,ai_chip
84,VRT,finance
84,VTR,software
84,WDAY,consumer
84,WDC,healthcare
84,WELL,consumer
84,WFC,defensive_bonds
84,WMB,industrial
84,WMT,finance
84,XLE,industrial
84,XLF,software
84,XLI,finance
84,XLK,software
84,XLU,ai_chip
84,XLV,energy
84,XLY,finance
84,XOM,datacenter_hw
84,ZM,industrial
84,ZS,datacenter_hw
85,AAPL,ai_chip
85,ABBV,finance
85,ADBE,giant_tech
85,ADI,ai_chip
85,AEP,energy
85,AFRM,energy
85,AMAT,finance
85,AMD,industrial
85,AMZN,energy
85,ANET,healthcare
85,APH,giant_tech
85,APP,software
85,ASML,industrial
85,ATI,defensive_bonds
85,AVGO,commodity
85,AXP,real_estate
85,BA,industrial
85,BAC,finance
85,BLK,software
85,BMY,consumer
85,BWXT,industrial
85,C,healthcare
85,CAT,consumer
85,CME,real_estate
85,CMG,datacenter_hw
85,COHR,finance
85,COIN,healthcare
85,COST,healthcare
85,CRM,consumer
85,CRWD,software
85,CRWV,software
85,CSCO,finance
85,CVS,finance
85,CVX,industrial
85,D,ai_chip
85,DDOG,software
85,DE,ai_chip
85,DELL,utility
85,DLR,datacenter_hw
85,DOCU,healthcare
85,DUK,software
85,EME,giant_tech
85,EMR,finance
85,EOG,software
85,EQIX,giant_tech
85,ESTC,benchmark
85,ETN,consumer
85,FDX,consumer
85,FTNT,giant_tech
85,GE,ai_chip
85,GILD,software
85,GLD,energy
85,GLW,ai_chip
85,GM,ai_chip
85,GOOG,industrial
85,GRMN,industrial
85,GS,utility
85,GTLB,healthcare
85,HD,consumer
85,HLT,datacenter_hw
85,HON,healthcare
85,HOOD,software
85,HPE,real_estate
85,HUBS,finance
85,IBM,ai_chip
85,INTC,software
85,INTU,datacenter_hw
85,JNJ,consumer
85,JPM,industrial
85,KLAC,finance
85,KMI,industrial
85,KO,ai_chip
85,LHX,commodity
85,LITE,consumer
85,LLY,finance
85,LMT,software
85,LOW,finance
85,LRCX,datacenter_hw
85,MA,consumer
85,MCD,datacenter_hw
85,MCHP,healthcare
85,MDB,industrial
85,MDT,datacenter_hw
85,META,industrial
85,MMM,datacenter_hw
85,MO,healthcare
85,MPWR,industrial
85,MRK,ai_chip
85,MRVL,datacenter_hw
85,MS,ai_chip
85,MSFT,ai_chip
85,MU,ai_chip
85,NEE,finance
85,NEM,finance
85,NET,ai_chip
85,NFLX,consumer
85,NOW,software
85,NVDA,energy
85,NVO,industrial
85,NVTS,industrial
85,NXPI,software
85,OKTA,industrial
85,ON,ai_chip
85,ORCL,healthcare
85,OXY,energy
85,PANW,software
85,PCTY,utility
85,PG,software
85,PGR,consumer
85,PH,ai_chip
85,PLTR,datacenter_hw
85,PM,finance
85,PNC,software
85,PYPL,utility
85,QCOM,utility
85,RBLX,datacenter_hw
85,RKLB,industrial
85,ROST,telecom
85,RTX,ai_chip
85,SCHW,finance
85,SHOP,software
85,SMCI,finance
85,SNOW,consumer
85,SO,software
85,SOFI,software
85,SPCX,consumer
85,SPG,datacenter_hw
85,SPOT,industrial
85,SPY,consumer
85,T,finance
85,TEAM,software
85,TJX,ai_chip
85,TLT,industrial
85,TMO,finance
85,TSLA,giant_tech
85,TSM,industrial
85,TXN,energy
85,UNH,consumer
85,UNP,datacenter_hw
85,V,giant_tech
85,VLO,finance
85,VRT,software
85,VTR,software
85,WDAY,software
85,WDC,healthcare
85,WELL,giant_tech
85,WFC,energy
85,WMB,industrial
85,WMT,datacenter_hw
85,XLE,software
85,XLF,utility
85,XLI,industrial
85,XLK,consumer
85,XLU,healthcare
85,XLV,giant_tech
85,XLY,software
85,XOM,ai_chip
85,ZM,finance
85,ZS,software
86,AAPL,real_estate
86,ABBV,datacenter_hw
86,ADBE,software
86,ADI,consumer
86,AEP,software
86,AFRM,consumer
86,AMAT,consumer
86,AMD,industrial
86,AMZN,healthcare
86,ANET,finance
86,APH,industrial
86,APP,healthcare
86,ASML,healthcare
86,ATI,ai_chip
86,AVGO,datacenter_hw
86,AXP,ai_chip
86,BA,energy
86,BAC,healthcare
86,BLK,industrial
86,BMY,finance
86,BWXT,ai_chip
86,C,software
86,CAT,ai_chip
86,CME,software
86,CMG,consumer
86,COHR,energy
86,COIN,ai_chip
86,COST,consumer
86,CRM,industrial
86,CRWD,finance
86,CRWV,healthcare
86,CSCO,finance
86,CVS,telecom
86,CVX,commodity
86,D,software
86,DDOG,software
86,DE,healthcare
86,DELL,software
86,DLR,consumer
86,DOCU,datacenter_hw
86,DUK,industrial
86,EME,industrial
86,EMR,datacenter_hw
86,EOG,giant_tech
86,EQIX,consumer
86,ESTC,finance
86,ETN,finance
86,FDX,giant_tech
86,FTNT,finance
86,GE,ai_chip
86,GILD,healthcare
86,GLD,commodity
86,GLW,finance
86,GM,finance
86,GOOG,utility
86,GRMN,ai_chip
86,GS,utility
86,GTLB,industrial
86,HD,real_estate
86,HLT,finance
86,HON,healthcare
86,HOOD,ai_chip
86,HPE,giant_tech
86,HUBS,energy
86,IBM,software
86,INTC,finance
86,INTU,datacenter_hw
86,JNJ,software
86,JPM,software
86,KLAC,industrial
86,KMI,consumer
86,KO,ai_chip
86,LHX,industrial
86,LITE,consumer
86,LLY,utility
86,LMT,software
86,LOW,software
86,LRCX,industrial
86,MA,ai_chip
86,MCD,ai_chip
86,MCHP,datacenter_hw
86,MDB,defensive_bonds
86,MDT,software
86,META,ai_chip
86,MMM,software
86,MO,software
86,MPWR,energy
86,MRK,industrial
86,MRVL,datacenter_hw
86,MS,software
86,MSFT,consumer
86,MU,industrial
86,NEE,software
86,NEM,giant_tech
86,NET,giant_tech
86,NFLX,utility
86,NOW,ai_chip
86,NVDA,software
86,NVO,industrial
86,NVTS,finance
86,NXPI,healthcare
86,OKTA,consumer
86,ON,ai_chip
86,ORCL,giant_tech
86,OXY,giant_tech
86,PANW,software
86,PCTY,datacenter_hw
86,PG,consumer
86,PGR,finance
86,PH,healthcare
86,PLTR,finance
86,PM,datacenter_hw
86,PNC,giant_tech
86,PYPL,industrial
86,QCOM,giant_tech
86,RBLX,industrial
86,RKLB,industrial
86,ROST,ai_chip
86,RTX,industrial
86,SCHW,consumer
86,SHOP,datacenter_hw
86,SMCI,consumer
86,SNOW,finance
86,SO,energy
86,SOFI,datacenter_hw
86,SPCX,ai_chip
86,SPG,utility
86,SPOT,software
86,SPY,finance
86,T,industrial
86,TEAM,healthcare
86,TJX,energy
86,TLT,datacenter_hw
86,TMO,datacenter_hw
86,TSLA,software
86,TSM,energy
86,TXN,ai_chip
86,UNH,energy
86,UNP,ai_chip
86,V,software
86,VLO,finance
86,VRT,software
86,VTR,healthcare
86,WDAY,software
86,WDC,real_estate
86,WELL,finance
86,WFC,industrial
86,WMB,benchmark
86,WMT,industrial
86,XLE,utility
86,XLF,consumer
86,XLI,software
86,XLK,software
86,XLU,consumer
86,XLV,ai_chip
86,XLY,finance
86,XOM,finance
86,ZM,industrial
86,ZS,datacenter_hw
87,AAPL,consumer
87,ABBV,giant_tech
87,ADBE,industrial
87,ADI,giant_tech
87,AEP,ai_chip
87,AFRM,software
87,AMAT,datacenter_hw
87,AMD,finance
87,AMZN,finance
87,ANET,healthcare
87,APH,software
87,APP,software
87,ASML,software
87,ATI,finance
87,AVGO,datacenter_hw
87,AXP,software
87,BA,healthcare
87,BAC,ai_chip
87,BLK,healthcare
87,BMY,ai_chip
87,BWXT,industrial
87,C,industrial
87,CAT,industrial
87,CME,industrial
87,CMG,consumer
87,COHR,energy
87,COIN,healthcare
87,COST,utility
87,CRM,energy
87,CRWD,finance
87,CRWV,finance
87,CSCO,consumer
87,CVS,industrial
87,CVX,real_estate
87,D,finance
87,DDOG,industrial
87,DE,commodity
87,DELL,consumer
87,DLR,consumer
87,DOCU,energy
87,DUK,industrial
87,EME,finance
87,EMR,giant_tech
87,EOG,finance
87,EQIX,software
87,ESTC,industrial
87,ETN,healthcare
87,FDX,software
87,FTNT,real_estate
87,GE,energy
87,GILD,ai_chip
87,GLD,energy
87,GLW,datacenter_hw
87,GM,datacenter_hw
87,GOOG,industrial
87,GRMN,utility
87,GS,datacenter_hw
87,GTLB,ai_chip
87,HD,industrial
87,HLT,healthcare
87,HON,software
87,HOOD,telecom
87,HPE,real_estate
87,HUBS,datacenter_hw
87,IBM,software
87,INTC,ai_chip
87,INTU,ai_chip
87,JNJ,software
87,JPM,ai_chip
87,KLAC,software
87,KMI,industrial
87,KO,healthcare
87,LHX,giant_tech
87,LITE,industrial
87,LLY,datacenter_hw
87,LMT,industrial
87,LOW,datacenter_hw
87,LRCX,industrial
87,MA,ai_chip
87,MCD,finance
87,MCHP,consumer
87,MDB,healthcare
87,MDT,consumer
87,META,software
87,MMM,consumer
87,MO,utility
87,MPWR,healthcare
87,MRK,utility
87,MRVL,industrial
87,MS,finance
87,MSFT,utility
87,MU,datacenter_hw
87,NEE,finance
87,NEM,finance
87,NET,energy
87,NFLX,datacenter_hw
87,NOW,consumer
87,NVDA,software
87,NVO,consumer
87,NVTS,ai_chip
87,NXPI,finance
87,OKTA,finance
87,ON,industrial
87,ORCL,giant_tech
87,OXY,finance
87,PANW,software
87,PCTY,consumer
87,PG,software
87,PGR,finance
87,PH,giant_tech
87,PLTR,giant_tech
87,PM,ai_chip
87,PNC,industrial
87,PYPL,consumer
87,QCOM,industrial
87,RBLX,software
87,RKLB,benchmark
87,ROST,finance
87,RTX,software
87,SCHW,finance
87,SHOP,giant_tech
87,SMCI,consumer
87,SNOW,consumer
87,SO,consumer
87,SOFI,software
87,SPCX,finance
87,SPG,software
87,SPOT,ai_chip
87,SPY,ai_chip
87,T,healthcare
87,TEAM,datacenter_hw
87,TJX,industrial
87,TLT,software
87,TMO,consumer
87,TSLA,ai_chip
87,TSM,healthcare
87,TXN,energy
87,UNH,defensive_bonds
87,UNP,software
87,V,ai_chip
87,VLO,ai_chip
87,VRT,utility
87,VTR,software
87,WDAY,software
87,WDC,ai_chip
87,WELL,software
87,WFC,software
87,WMB,datacenter_hw
87,WMT,datacenter_hw
87,XLE,ai_chip
87,XLF,commodity
87,XLI,energy
87,XLK,datacenter_hw
87,XLU,healthcare
87,XLV,ai_chip
87,XLY,finance
87,XOM,software
87,ZM,giant_tech
87,ZS,industrial
88,AAPL,real_estate
88,ABBV,giant_tech
88,ADBE,software
88,ADI,industrial
88,AEP,giant_tech
88,AFRM,finance
88,AMAT,ai_chip
88,AMD,ai_chip
88,AMZN,software
88,ANET,finance
88,APH,healthcare
88,APP,ai_chip
88,ASML,finance
88,ATI,datacenter_hw
88,AVGO,energy
88,AXP,consumer
88,BA,finance
88,BAC,software
88,BLK,industrial
88,BMY,finance
88,BWXT,ai_chip
88,C,industrial
88,CAT,industrial
88,CME,ai_chip
88,CMG,giant_tech
88,COHR,datacenter_hw
88,COIN,utility
88,COST,benchmark
88,CRM,software
88,CRWD,software
88,CRWV,industrial
88,CSCO,consumer
88,CVS,software
88,CVX,datacenter_hw
88,D,ai_chip
88,DDOG,healthcare
88,DE,industrial
88,DELL,consumer
88,DLR,datacenter_hw
88,DOCU,software
88,DUK,industrial
88,EME,giant_tech
88,EMR,datacenter_hw
88,EOG,healthcare
88,EQIX,software
88,ESTC,finance
88,ETN,finance
88,FDX,datacenter_hw
88,FTNT,datacenter_hw
88,GE,finance
88,GILD,software
88,GLD,giant_tech
88,GLW,healthcare
88,GM,software
88,GOOG,finance
88,GRMN,giant_tech
88,GS,software
88,GTLB,ai_chip
88,HD,consumer
88,HLT,ai_chip
88,HON,ai_chip
88,HOOD,finance
88,HPE,industrial
88,HUBS,healthcare
88,IBM,ai_chip
88,INTC,finance
88,INTU,utility
88,JNJ,software
88,JPM,giant_tech
88,KLAC,finance
88,KMI,energy
88,KO,real_estate
88,LHX,utility
88,LITE,industrial
88,LLY,software
88,LMT,consumer
88,LOW,finance
88,LRCX,consumer
88,MA,ai_chip
88,MCD,ai_chip
88,MCHP,consumer
88,MDB,industrial
88,MDT,finance
88,META,ai_chip
88,MMM,software
88,MO,finance
88,MPWR,finance
88,MRK,industrial
88,MRVL,datacenter_hw
88,MS,ai_chip
88,MSFT,real_estate
88,MU,consumer
88,NEE,utility
88,NEM,utility
88,NET,healthcare
88,NFLX,industrial
88,NOW,ai_chip
88,NVDA,commodity
88,NVO,healthcare
88,NVTS,datacenter_hw
88,NXPI,ai_chip
88,OKTA,healthcare
88,ON,consumer
88,ORCL,software
88,OXY,industrial
88,PANW,software
88,PCTY,datacenter_hw
88,PG,datacenter_hw
88,PGR,finance
88,PH,industrial
88,PLTR,consumer
88,PM,energy
88,PNC,datacenter_hw
88,PYPL,software
88,QCOM,consumer
88,RBLX,software
88,RKLB,consumer
88,ROST,energy
88,RTX,commodity
88,SCHW,healthcare
88,SHOP,datacenter_hw
88,SMCI,ai_chip
88,SNOW,utility
88,SO,energy
88,SOFI,software
88,SPCX,giant_tech
88,SPG,industrial
88,SPOT,giant_tech
88,SPY,consumer
88,T,energy
88,TEAM,ai_chip
88,TJX,industrial
88,TLT,telecom
88,TMO,consumer
88,TSLA,software
88,TSM,healthcare
88,TXN,ai_chip
88,UNH,software
88,UNP,consumer
88,V,datacenter_hw
88,VLO,software
88,VRT,finance
88,VTR,healthcare
88,WDAY,energy
88,WDC,industrial
88,WELL,industrial
88,WFC,software
88,WMB,finance
88,WMT,healthcare
88,XLE,defensive_bonds
88,XLF,software
88,XLI,software
88,XLK,consumer
88,XLU,energy
88,XLV,industrial
88,XLY,industrial
88,XOM,industrial
88,ZM,software
88,ZS,finance
89,AAPL,industrial
89,ABBV,industrial
89,ADBE,real_estate
89,ADI,defensive_bonds
89,AEP,ai_chip
89,AFRM,software
89,AMAT,energy
89,AMD,finance
89,AMZN,datacenter_hw
89,ANET,giant_tech
89,APH,software
89,APP,software
89,ASML,software
89,ATI,finance
89,AVGO,finance
89,AXP,software
89,BA,energy
89,BAC,energy
89,BLK,industrial
89,BMY,datacenter_hw
89,BWXT,ai_chip
89,C,giant_tech
89,CAT,finance
89,CME,industrial
89,CMG,telecom
89,COHR,ai_chip
89,COIN,software
89,COST,consumer
89,CRM,finance
89,CRWD,commodity
89,CRWV,utility
89,CSCO,finance
89,CVS,industrial
89,CVX,real_estate
89,D,benchmark
89,DDOG,industrial
89,DE,industrial
89,DELL,ai_chip
89,DLR,real_estate
89,DOCU,software
89,DUK,finance
89,EME,industrial
89,EMR,industrial
89,EOG,ai_chip
89,EQIX,datacenter_hw
89,ESTC,consumer
89,ETN,healthcare
89,FDX,healthcare
89,FTNT,industrial
89,GE,software
89,GILD,finance
89,GLD,ai_chip
89,GLW,software
89,GM,datacenter_hw
89,GOOG,finance
89,GRMN,software
89,GS,energy
89,GTLB,energy
89,HD,utility
89,HLT,datacenter_hw
89,HON,software
89,HOOD,software
89,HPE,software
89,HUBS,ai_chip
89,IBM,software
89,INTC,giant_tech
89,INTU,giant_tech
89,JNJ,software
89,JPM,datacenter_hw
89,KLAC,industrial
89,KMI,utility
89,KO,finance
89,LHX,consumer
89,LITE,finance
89,LLY,software
89,LMT,ai_chip
89,LOW,ai_chip
89,LRCX,ai_chip
89,MA,industrial
89,MCD,finance
89,MCHP,consumer
89,MDB,datacenter_hw
89,MDT,consumer
89,META,ai_chip
89,MMM,software
89,MO,datacenter_hw
89,MPWR,industrial
89,MRK,industrial
89,MRVL,industrial
89,MS,software
89,MSFT,healthcare
89,MU,giant_tech
89,NEE,ai_chip
89,NEM,finance
89,NET,healthcare
89,NFLX,energy
89,NOW,software
89,NVDA,finance
89,NVO,consumer
89,NVTS,energy
89,NXPI,software
89,OKTA,healthcare
89,ON,giant_tech
89,ORCL,software
89,OXY,consumer
89,PANW,software
89,PCTY,consumer
89,PG,utility
89,PGR,ai_chip
89,PH,healthcare
89,PLTR,consumer
89,PM,software
89,PNC,ai_chip
89,PYPL,ai_chip
89,QCOM,consumer
89,RBLX,industrial
89,RKLB,datacenter_hw
89,ROST,commodity
89,RTX,ai_chip
89,SCHW,healthcare
89,SHOP,finance
89,SMCI,giant_tech
89,SNOW,datacenter_hw
89,SO,industrial
89,SOFI,energy
89,SPCX,industrial
89,SPG,datacenter_hw
89,SPOT,utility
89,SPY,ai_chip
89,T,healthcare
89,TEAM,software
89,TJX,consumer
89,TLT,healthcare
89,TMO,software
89,TSLA,industrial
89,TSM,datacenter_hw
89,TXN,giant_tech
89,UNH,consumer
89,UNP,consumer
89,V,consumer
89,VLO,healthcare
89,VRT,consumer
89,VTR,software
89,WDAY,finance
89,WDC,ai_chip
89,WELL,healthcare
89,WFC,consumer
89,WMB,industrial
89,WMT,giant_tech
89,XLE,finance
89,XLF,industrial
89,XLI,datacenter_hw
89,XLK,finance
89,XLU,finance
89,XLV,ai_chip
89,XLY,finance
89,XOM,healthcare
89,ZM,datacenter_hw
89,ZS,utility
90,AAPL,finance
90,ABBV,industrial
90,ADBE,healthcare
90,ADI,industrial
90,AEP,datacenter_hw
90,AFRM,energy
90,AMAT,datacenter_hw
90,AMD,energy
90,AMZN,ai_chip
90,ANET,finance
90,APH,datacenter_hw
90,APP,software
90,ASML,industrial
90,ATI,datacenter_hw
90,AVGO,datacenter_hw
90,AXP,healthcare
90,BA,healthcare
90,BAC,utility
90,BLK,consumer
90,BMY,telecom
90,BWXT,finance
90,C,consumer
90,CAT,industrial
90,CME,finance
90,CMG,software
90,COHR,software
90,COIN,software
90,COST,ai_chip
90,CRM,energy
90,CRWD,ai_chip
90,CRWV,industrial
90,CSCO,ai_chip
90,CVS,ai_chip
90,CVX,finance
90,D,software
90,DDOG,finance
90,DE,industrial
90,DELL,giant_tech
90,DLR,real_estate
90,DOCU,finance
90,DUK,giant_tech
90,EME,industrial
90,EMR,utility
90,EOG,finance
90,EQIX,software
90,ESTC,industrial
90,ETN,finance
90,FDX,consumer
90,FTNT,healthcare
90,GE,software
90,GILD,datacenter_hw
90,GLD,consumer
90,GLW,software
90,GM,consumer
90,GOOG,ai_chip
90,GRMN,ai_chip
90,GS,software
90,GTLB,datacenter_hw
90,HD,industrial
90,HLT,ai_chip
90,HON,industrial
90,HOOD,datacenter_hw
90,HPE,utility
90,HUBS,real_estate
90,IBM,energy
90,INTC,ai_chip
90,INTU,industrial
90,JNJ,software
90,JPM,finance
90,KLAC,industrial
90,KMI,consumer
90,KO,utility
90,LHX,consumer
90,LITE,industrial
90,LLY,industrial
90,LMT,industrial
90,LOW,ai_chip
90,LRCX,giant_tech
90,MA,consumer
90,MCD,software
90,MCHP,finance
90,MDB,consumer
90,MDT,consumer
90,META,giant_tech
90,MMM,industrial
90,MO,giant_tech
90,MPWR,software
90,MRK,finance
90,MRVL,giant_tech
90,MS,healthcare
90,MSFT,software
90,MU,consumer
90,NEE,ai_chip
90,NEM,benchmark
90,NET,ai_chip
90,NFLX,datacenter_hw
90,NOW,industrial
90,NVDA,defensive_bonds
90,NVO,consumer
90,NVTS,datacenter_hw
90,NXPI,commodity
90,OKTA,energy
90,ON,consumer
90,ORCL,ai_chip
90,OXY,datacenter_hw
90,PANW,industrial
90,PCTY,utility
90,PG,ai_chip
90,PGR,ai_chip
90,PH,giant_tech
90,PLTR,energy
90,PM,giant_tech
90,PNC,healthcare
90,PYPL,ai_chip
90,QCOM,finance
90,RBLX,healthcare
90,RKLB,finance
90,ROST,datacenter_hw
90,RTX,software
90,SCHW,utility
90,SHOP,software
90,SMCI,software
90,SNOW,datacenter_hw
90,SO,finance
90,SOFI,healthcare
90,SPCX,healthcare
90,SPG,commodity
90,SPOT,software
90,SPY,finance
90,T,healthcare
90,TEAM,healthcare
90,TJX,software
90,TLT,giant_tech
90,TMO,software
90,TSLA,real_estate
90,TSM,software
90,TXN,finance
90,UNH,energy
90,UNP,industrial
90,V,ai_chip
90,VLO,software
90,VRT,ai_chip
90,VTR,healthcare
90,WDAY,software
90,WDC,software
90,WELL,ai_chip
90,WFC,finance
90,WMB,datacenter_hw
90,WMT,energy
90,XLE,consumer
90,XLF,industrial
90,XLI,finance
90,XLK,software
90,XLU,software
90,XLV,finance
90,XLY,consumer
90,XOM,industrial
90,ZM,consumer
90,ZS,software
91,AAPL,giant_tech
91,ABBV,energy
91,ADBE,ai_chip
91,ADI,healthcare
91,AEP,software
91,AFRM,software
91,AMAT,software
91,AMD,benchmark
91,AMZN,finance
91,ANET,software
91,APH,finance
91,APP,software
91,ASML,software
91,ATI,industrial
91,AVGO,energy
91,AXP,consumer
91,BA,software
91,BAC,giant_tech
91,BLK,finance
91,BMY,industrial
91,BWXT,utility
91,C,finance
91,CAT,finance
91,CME,industrial
91,CMG,energy
91,COHR,consumer
91,COIN,datacenter_hw
91,COST,finance
91,CRM,healthcare
91,CRWD,finance
91,CRWV,datacenter_hw
91,CSCO,software
91,CVS,industrial
91,CVX,finance
91,D,datacenter_hw
91,DDOG,utility
91,DE,finance
91,DELL,finance
91,DLR,consumer
91,DOCU,healthcare
91,DUK,industrial
91,EME,industrial
91,EMR,industrial
91,EOG,ai_chip
91,EQIX,healthcare
91,ESTC,utility
91,ETN,industrial
91,FDX,consumer
91,FTNT,ai_chip
91,GE,industrial
91,GILD,datacenter_hw
91,GLD,datacenter_hw
91,GLW,consumer
91,GM,giant_tech
91,GOOG,software
91,GRMN,software
91,GS,giant_tech
91,GTLB,industrial
91,HD,ai_chip
91,HLT,datacenter_hw
91,HON,software
91,HOOD,software
91,HPE,telecom
91,HUBS,finance
91,IBM,industrial
91,INTC,ai_chip
91,INTU,healthcare
91,JNJ,datacenter_hw
91,JPM,datacenter_hw
91,KLAC,ai_chip
91,KMI,software
91,KO,energy
91,LHX,consumer
91,LITE,finance
91,LLY,ai_chip
91,LMT,consumer
91,LOW,software
91,LRCX,energy
91,MA,datacenter_hw
91,MCD,giant_tech
91,MCHP,software
91,MDB,healthcare
91,MDT,finance
91,META,utility
91,MMM,healthcare
91,MO,consumer
91,MPWR,consumer
91,MRK,real_estate
91,MRVL,real_estate
91,MS,healthcare
91,MSFT,ai_chip
91,MU,utility
91,NEE,healthcare
91,NEM,finance
91,NET,energy
91,NFLX,consumer
91,NOW,datacenter_hw
91,NVDA,energy
91,NVO,consumer
91,NVTS,industrial
91,NXPI,commodity
91,OKTA,defensive_bonds
91,ON,giant_tech
91,ORCL,ai_chip
91,OXY,software
91,PANW,real_estate
91,PCTY,finance
91,PG,consumer
91,PGR,finance
91,PH,ai_chip
91,PLTR,ai_chip
91,PM,consumer
91,PNC,finance
91,PYPL,industrial
91,QCOM,industrial
91,RBLX,software
91,RKLB,ai_chip
91,ROST,consumer
91,RTX,finance
91,SCHW,datacenter_hw
91,SHOP,consumer
91,SMCI,energy
91,SNOW,software
91,SO,healthcare
91,SOFI,healthcare
91,SPCX,software
91,SPG,ai_chip
91,SPOT,software
91,SPY,giant_tech
91,T,industrial
91,TEAM,industrial
91,TJX,ai_chip
91,TLT,software
91,TMO,datacenter_hw
91,TSLA,giant_tech
91,TSM,ai_chip
91,TXN,ai_chip
91,UNH,software
91,UNP,utility
91,V,ai_chip
91,VLO,software
91,VRT,industrial
91,VTR,industrial
91,WDAY,finance
91,WDC,ai_chip
91,WELL,industrial
91,WFC,software
91,WMB,datacenter_hw
91,WMT,finance
91,XLE,consumer
91,XLF,giant_tech
91,XLI,software
91,XLK,industrial
91,XLU,datacenter_hw
91,XLV,software
91,XLY,commodity
91,XOM,industrial
91,ZM,healthcare
91,ZS,ai_chip
92,AAPL,consumer
92,ABBV,energy
92,ADBE,datacenter_hw
92,ADI,datacenter_hw
92,AEP,software
92,AFRM,benchmark
92,AMAT,industrial
92,AMD,finance
92,AMZN,giant_tech
92,ANET,ai_chip
92,APH,software
92,APP,finance
92,ASML,software
92,ATI,industrial
92,AVGO,industrial
92,AXP,real_estate
92,BA,giant_tech
92,BAC,defensive_bonds
92,BLK,healthcare
92,BMY,datacenter_hw
92,BWXT,finance
92,C,healthcare
92,CAT,giant_tech
92,CME,utility
92,CMG,software
92,COHR,telecom
92,COIN,industrial
92,COST,software
92,CRM,consumer
92,CRWD,software
92,CRWV,finance
92,CSCO,ai_chip
92,CVS,datacenter_hw
92,CVX,software
92,D,software
92,DDOG,finance
92,DE,ai_chip
92,DELL,finance
92,DLR,healthcare
92,DOCU,ai_chip
92,DUK,consumer
92,EME,ai_chip
92,EMR,healthcare
92,EOG,finance
92,EQIX,ai_chip
92,ESTC,ai_chip
92,ETN,datacenter_hw
92,FDX,software
92,FTNT,healthcare
92,GE,software
92,GILD,software
92,GLD,healthcare
92,GLW,consumer
92,GM,ai_chip
92,GOOG,software
92,GRMN,real_estate
92,GS,ai_chip
92,GTLB,datacenter_hw
92,HD,consumer
92,HLT,finance
92,HON,industrial
92,HOOD,consumer
92,HPE,industrial
92,HUBS,ai_chip
92,IBM,finance
92,INTC,giant_tech
92,INTU,datacenter_hw
92,JNJ,healthcare
92,JPM,software
92,KLAC,consumer
92,KMI,finance
92,KO,software
92,LHX,software
92,LITE,software
92,LLY,industrial
92,LMT,healthcare
92,LOW,ai_chip
92,LRCX,software
92,MA,ai_chip
92,MCD,utility
92,MCHP,commodity
92,MDB,ai_chip
92,MDT,datacenter_hw
92,META,ai_chip
92,MMM,energy
92,MO,industrial
92,MPWR,industrial
92,MRK,industrial
92,MRVL,commodity
92,MS,utility
92,MSFT,real_estate
92,MU,industrial
92,NEE,consumer
92,NEM,software
92,NET,datacenter_hw
92,NFLX,industrial
92,NOW,consumer
92,NVDA,healthcare
92,NVO,energy
92,NVTS,consumer
92,NXPI,consumer
92,OKTA,ai_chip
92,ON,ai_chip
92,ORCL,datacenter_hw
92,OXY,consumer
92,PANW,utility
92,PCTY,finance
92,PG,finance
92,PGR,healthcare
92,PH,healthcare
92,PLTR,finance
92,PM,datacenter_hw
92,PNC,energy
92,PYPL,consumer
92,QCOM,finance
92,RBLX,industrial
92,RKLB,finance
92,ROST,energy
92,RTX,industrial
92,SCHW,software
92,SHOP,finance
92,SMCI,utility
92,SNOW,software
92,SO,industrial
92,SOFI,software
92,SPCX,software
92,SPG,industrial
92,SPOT,datacenter_hw
92,SPY,datacenter_hw
92,T,industrial
92,TEAM,giant_tech
92,TJX,energy
92,TLT,industrial
92,TMO,ai_chip
92,TSLA,industrial
92,TSM,giant_tech
92,TXN,healthcare
92,UNH,ai_chip
92,UNP,software
92,V,finance
92,VLO,consumer
92,VRT,consumer
92,VTR,utility
92,WDAY,consumer
92,WDC,industrial
92,WELL,software
92,WFC,datacenter_hw
92,WMB,software
92,WMT,finance
92,XLE,finance
92,XLF,software
92,XLI,industrial
92,XLK,giant_tech
92,XLU,giant_tech
92,XLV,ai_chip
92,XLY,energy
92,XOM,giant_tech
92,ZM,energy
92,ZS,finance
93,AAPL,healthcare
93,ABBV,finance
93,ADBE,industrial
93,ADI,healthcare
93,AEP,consumer
93,AFRM,consumer
93,AMAT,healthcare
93,AMD,industrial
93,AMZN,finance
93,ANET,energy
93,APH,giant_tech
93,APP,commodity
93,ASML,ai_chip
93,ATI,software
93,AVGO,finance
93,AXP,energy
93,BA,ai_chip
93,BAC,datacenter_hw
93,BLK,healthcare
93,BMY,consumer
93,BWXT,healthcare
93,C,consumer
93,CAT,ai_chip
93,CME,finance
93,CMG,finance
93,COHR,finance
93,COIN,real_estate
93,COST,industrial
93,CRM,energy
93,CRWD,giant_tech
93,CRWV,finance
93,CSCO,finance
93,CVS,datacenter_hw
93,CVX,software
93,D,datacenter_hw
93,DDOG,software
93,DE,software
93,DELL,healthcare
93,DLR,software
93,DOCU,software
93,DUK,industrial
93,EME,software
93,EMR,consumer
93,EOG,consumer
93,EQIX,defensive_bonds
93,ESTC,software
93,ETN,software
93,FDX,healthcare
93,FTNT,finance
93,GE,finance
93,GILD,real_estate
93,GLD,healthcare
93,GLW,datacenter_hw
93,GM,ai_chip
93,GOOG,healthcare
93,GRMN,finance
93,GS,consumer
93,GTLB,software
93,HD,healthcare
93,HLT,industrial
93,HON,software
93,HOOD,industrial
93,HPE,ai_chip
93,HUBS,ai_chip
93,IBM,finance
93,INTC,industrial
93,INTU,finance
93,JNJ,consumer
93,JPM,healthcare
93,KLAC,datacenter_hw
93,KMI,industrial
93,KO,real_estate
93,LHX,finance
93,LITE,giant_tech
93,LLY,giant_tech
93,LMT,ai_chip
93,LOW,industrial
93,LRCX,consumer
93,MA,software
93,MCD,finance
93,MCHP,utility
93,MDB,datacenter_hw
93,MDT,industrial
93,META,software
93,MMM,commodity
93,MO,software
93,MPWR,energy
93,MRK,datacenter_hw
93,MRVL,software
93,MS,ai_chip
93,MSFT,industrial
93,MU,ai_chip
93,NEE,software
93,NEM,software
93,NET,industrial
93,NFLX,consumer
93,NOW,ai_chip
93,NVDA,ai_chip
93,NVO,consumer
93,NVTS,software
93,NXPI,software
93,OKTA,utility
93,ON,giant_tech
93,ORCL,industrial
93,OXY,industrial
93,PANW,datacenter_hw
93,PCTY,giant_tech
93,PG,datacenter_hw
93,PGR,industrial
93,PH,giant_tech
93,PLTR,consumer
93,PM,finance
93,PNC,datacenter_hw
93,PYPL,consumer
93,QCOM,datacenter_hw
93,RBLX,software
93,RKLB,software
93,ROST,software
93,RTX,datacenter_hw
93,SCHW,datacenter_hw
93,SHOP,giant_tech
93,SMCI,ai_chip
93,SNOW,consumer
93,SO,energy
93,SOFI,finance
93,SPCX,energy
93,SPG,ai_chip
93,SPOT,industrial
93,SPY,software
93,T,ai_chip
93,TEAM,finance
93,TJX,industrial
93,TLT,telecom
93,TMO,software
93,TSLA,finance
93,TSM,utility
93,TXN,ai_chip
93,UNH,energy
93,UNP,industrial
93,V,datacenter_hw
93,VLO,healthcare
93,VRT,benchmark
93,VTR,ai_chip
93,WDAY,software
93,WDC,utility
93,WELL,consumer
93,WFC,ai_chip
93,WMB,consumer
93,WMT,giant_tech
93,XLE,utility
93,XLF,energy
93,XLI,industrial
93,XLK,utility
93,XLU,industrial
93,XLV,finance
93,XLY,industrial
93,XOM,software
93,ZM,ai_chip
93,ZS,ai_chip
94,AAPL,utility
94,ABBV,consumer
94,ADBE,energy
94,ADI,industrial
94,AEP,healthcare
94,AFRM,finance
94,AMAT,energy
94,AMD,industrial
94,AMZN,healthcare
94,ANET,ai_chip
94,APH,energy
94,APP,ai_chip
94,ASML,ai_chip
94,ATI,consumer
94,AVGO,finance
94,AXP,finance
94,BA,industrial
94,BAC,ai_chip
94,BLK,industrial
94,BMY,real_estate
94,BWXT,energy
94,C,giant_tech
94,CAT,industrial
94,CME,software
94,CMG,energy
94,COHR,consumer
94,COIN,industrial
94,COST,datacenter_hw
94,CRM,finance
94,CRWD,finance
94,CRWV,ai_chip
94,CSCO,ai_chip
94,CVS,industrial
94,CVX,software
94,D,consumer
94,DDOG,giant_tech
94,DE,datacenter_hw
94,DELL,healthcare
94,DLR,software
94,DOCU,industrial
94,DUK,utility
94,EME,software
94,EMR,healthcare
94,EOG,datacenter_hw
94,EQIX,datacenter_hw
94,ESTC,industrial
94,ETN,industrial
94,FDX,ai_chip
94,FTNT,consumer
94,GE,industrial
94,GILD,software
94,GLD,finance
94,GLW,energy
94,GM,finance
94,GOOG,ai_chip
94,GRMN,healthcare
94,GS,industrial
94,GTLB,finance
94,HD,datacenter_hw
94,HLT,software
94,HON,software
94,HOOD,finance
94,HPE,industrial
94,HUBS,real_estate
94,IBM,software
94,INTC,finance
94,INTU,software
94,JNJ,ai_chip
94,JPM,software
94,KLAC,commodity
94,KMI,benchmark
94,KO,software
94,LHX,ai_chip
94,LITE,healthcare
94,LLY,giant_tech
94,LMT,industrial
94,LOW,software
94,LRCX,healthcare
94,MA,giant_tech
94,MCD,ai_chip
94,MCHP,datacenter_hw
94,MDB,telecom
94,MDT,industrial
94,META,consumer
94,MMM,finance
94,MO,utility
94,MPWR,industrial
94,MRK,finance
94,MRVL,software
94,MS,software
94,MSFT,consumer
94,MU,software
94,NEE,giant_tech
94,NEM,energy
94,NET,ai_chip
94,NFLX,energy
94,NOW,datacenter_hw
94,NVDA,utility
94,NVO,finance
94,NVTS,software
94,NXPI,software
94,OKTA,datacenter_hw
94,ON,healthcare
94,ORCL,consumer
94,OXY,consumer
94,PANW,software
94,PCTY,giant_tech
94,PG,software
94,PGR,software
94,PH,utility
94,PLTR,finance
94,PM,consumer
94,PNC,utility
94,PYPL,software
94,QCOM,industrial
94,RBLX,consumer
94,RKLB,datacenter_hw
94,ROST,software
94,RTX,industrial
94,SCHW,giant_tech
94,SHOP,software
94,SMCI,finance
94,SNOW,consumer
94,SO,datacenter_hw
94,SOFI,healthcare
94,SPCX,datacenter_hw
94,SPG,consumer
94,SPOT,industrial
94,SPY,ai_chip
94,T,industrial
94,TEAM,consumer
94,TJX,datacenter_hw
94,TLT,commodity
94,TMO,healthcare
94,TSLA,giant_tech
94,TSM,finance
94,TXN,ai_chip
94,UNH,ai_chip
94,UNP,datacenter_hw
94,V,healthcare
94,VLO,industrial
94,VRT,datacenter_hw
94,VTR,consumer
94,WDAY,software
94,WDC,defensive_bonds
94,WELL,finance
94,WFC,ai_chip
94,WMB,consumer
94,WMT,software
94,XLE,ai_chip
94,XLF,finance
94,XLI,finance
94,XLK,healthcare
94,XLU,giant_tech
94,XLV,ai_chip
94,XLY,software
94,XOM,real_estate
94,ZM,finance
94,ZS,ai_chip
95,AAPL,consumer
95,ABBV,finance
95,ADBE,industrial
95,ADI,software
95,AEP,giant_tech
95,AFRM,giant_tech
95,AMAT,consumer
95,AMD,consumer
95,AMZN,industrial
95,ANET,ai_chip
95,APH,healthcare
95,APP,datacenter_hw
95,ASML,finance
95,ATI,finance
95,AVGO,software
95,AXP,software
95,BA,ai_chip
95,BAC,industrial
95,BLK,commodity
95,BMY,utility
95,BWXT,healthcare
95,C,ai_chip
95,CAT,software
95,CME,industrial
95,CMG,giant_tech
95,COHR,consumer
95,COIN,software
95,COST,datacenter_hw
95,CRM,giant_tech
95,CRWD,finance
95,CRWV,healthcare
95,CSCO,healthcare
95,CVS,industrial
95,CVX,consumer
95,D,ai_chip
95,DDOG,finance
95,DE,healthcare
95,DELL,consumer
95,DLR,datacenter_hw
95,DOCU,giant_tech
95,DUK,software
95,EME,finance
95,EMR,software
95,EOG,consumer
95,EQIX,software
95,ESTC,healthcare
95,ETN,real_estate
95,FDX,industrial
95,FTNT,consumer
95,GE,finance
95,GILD,datacenter_hw
95,GLD,datacenter_hw
95,GLW,datacenter_hw
95,GM,industrial
95,GOOG,energy
95,GRMN,consumer
95,GS,datacenter_hw
95,GTLB,industrial
95,HD,energy
95,HLT,ai_chip
95,HON,healthcare
95,HOOD,ai_chip
95,HPE,consumer
95,HUBS,software
95,IBM,utility
95,INTC,ai_chip
95,INTU,software
95,JNJ,industrial
95,JPM,industrial
95,KLAC,finance
95,KMI,ai_chip
95,KO,software
95,LHX,datacenter_hw
95,LITE,industrial
95,LLY,utility
95,LMT,healthcare
95,LOW,industrial
95,LRCX,ai_chip
95,MA,utility
95,MCD,datacenter_hw
95,MCHP,ai_chip
95,MDB,giant_tech
95,MDT,software
95,META,industrial
95,MMM,finance
95,MO,healthcare
95,MPWR,finance
95,MRK,utility
95,MRVL,benchmark
95,MS,energy
95,MSFT,software
95,MU,consumer
95,NEE,real_estate
95,NEM,software
95,NET,energy
95,NFLX,industrial
95,NOW,software
95,NVDA,software
95,NVO,finance
95,NVTS,software
95,NXPI,consumer
95,OKTA,finance
95,ON,consumer
95,ORCL,energy
95,OXY,datacenter_hw
95,PANW,industrial
95,PCTY,datacenter_hw
95,PG,energy
95,PGR,healthcare
95,PH,software
95,PLTR,energy
95,PM,industrial
95,PNC,industrial
95,PYPL,finance
95,QCOM,industrial
95,RBLX,datacenter_hw
95,RKLB,software
95,ROST,consumer
95,RTX,giant_tech
95,SCHW,giant_tech
95,SHOP,ai_chip
95,SMCI,ai_chip
95,SNOW,ai_chip
95,SO,datacenter_hw
95,SOFI,defensive_bonds
95,SPCX,software
95,SPG,consumer
95,SPOT,finance
95,SPY,ai_chip
95,T,energy
95,TEAM,giant_tech
95,TJX,finance
95,TLT,industrial
95,TMO,utility
95,TSLA,software
95,TSM,finance
95,TXN,software
95,UNH,healthcare
95,UNP,commodity
95,V,software
95,VLO,finance
95,VRT,software
95,VTR,finance
95,WDAY,software
95,WDC,ai_chip
95,WELL,industrial
95,WFC,ai_chip
95,WMB,software
95,WMT,ai_chip
95,XLE,ai_chip
95,XLF,industrial
95,XLI,real_estate
95,XLK,ai_chip
95,XLU,healthcare
95,XLV,telecom
95,XLY,consumer
95,XOM,finance
95,ZM,datacenter_hw
95,ZS,finance
96,AAPL,ai_chip
96,ABBV,healthcare
96,ADBE,software
96,ADI,giant_tech
96,AEP,ai_chip
96,AFRM,industrial
96,AMAT,ai_chip
96,AMD,healthcare
96,AMZN,software
96,ANET,giant_tech
96,APH,finance
96,APP,finance
96,ASML,energy
96,ATI,industrial
96,AVGO,ai_chip
96,AXP,utility
96,BA,healthcare
96,BAC,consumer
96,BLK,finance
96,BMY,healthcare
96,BWXT,healthcare
96,C,energy
96,CAT,industrial
96,CME,consumer
96,CMG,healthcare
96,COHR,software
96,COIN,software
96,COST,healthcare
96,CRM,datacenter_hw
96,CRWD,ai_chip
96,CRWV,industrial
96,CSCO,consumer
96,CVS,finance
96,CVX,energy
96,D,giant_tech
96,DDOG,software
96,DE,utility
96,DELL,finance
96,DLR,software
96,DOCU,industrial
96,DUK,giant_tech
96,EME,software
96,EMR,software
96,EOG,consumer
96,EQIX,datacenter_hw
96,ESTC,software
96,ETN,healthcare
96,FDX,finance
96,FTNT,industrial
96,GE,consumer
96,GILD,consumer
96,GLD,finance
96,GLW,industrial
96,GM,utility
96,GOOG,energy
96,GRMN,software
96,GS,finance
96,GTLB,finance
96,HD,software
96,HLT,consumer
96,HON,datacenter_hw
96,HOOD,healthcare
96,HPE,industrial
96,HUBS,giant_tech
96,IBM,healthcare
96,INTC,commodity
96,INTU,ai_chip
96,JNJ,ai_chip
96,JPM,industrial
96,KLAC,ai_chip
96,KMI,datacenter_hw
96,KO,datacenter_hw
96,LHX,software
96,LITE,giant_tech
96,LLY,consumer
96,LMT,datacenter_hw
96,LOW,consumer
96,LRCX,software
96,MA,giant_tech
96,MCD,software
96,MCHP,datacenter_hw
96,MDB,industrial
96,MDT,datacenter_hw
96,META,finance
96,MMM,software
96,MO,finance
96,MPWR,defensive_bonds
96,MRK,software
96,MRVL,datacenter_hw
96,MS,ai_chip
96,MSFT,software
96,MU,industrial
96,NEE,consumer
96,NEM,commodity
96,NET,ai_chip
96,NFLX,ai_chip
96,NOW,ai_chip
96,NVDA,ai_chip
96,NVO,consumer
96,NVTS,consumer
96,NXPI,software
96,OKTA,consumer
96,ON,software
96,ORCL,giant_tech
96,OXY,finance
96,PANW,finance
96,PCTY,ai_chip
96,PG,finance
96,PGR,industrial
96,PH,energy
96,PLTR,energy
96,PM,benchmark
96,PNC,real_estate
96,PYPL,datacenter_hw
96,QCOM,ai_chip
96,RBLX,ai_chip
96,RKLB,utility
96,ROST,industrial
96,RTX,consumer
96,SCHW,energy
96,SHOP,utility
96,SMCI,software
96,SNOW,telecom
96,SO,finance
96,SOFI,healthcare
96,SPCX,industrial
96,SPG,real_estate
96,SPOT,finance
96,SPY,software
96,T,real_estate
96,TEAM,giant_tech
96,TJX,software
96,TLT,consumer
96,TMO,industrial
96,TSLA,datacenter_hw
96,TSM,software
96,TXN,finance
96,UNH,software
96,UNP,finance
96,V,industrial
96,VLO,utility
96,VRT,ai_chip
96,VTR,ai_chip
96,WDAY,datacenter_hw
96,WDC,industrial
96,WELL,consumer
96,WFC,software
96,WMB,finance
96,WMT,industrial
96,XLE,industrial
96,XLF,healthcare
96,XLI,finance
96,XLK,datacenter_hw
96,XLU,industrial
96,XLV,energy
96,XLY,ai_chip
96,XOM,datacenter_hw
96,ZM,industrial
96,ZS,software
97,AAPL,healthcare
97,ABBV,consumer
97,ADBE,datacenter_hw
97,ADI,consumer
97,AEP,ai_chip
97,AFRM,software
97,AMAT,utility
97,AMD,commodity
97,AMZN,consumer
97,ANET,finance
97,APH,software
97,APP,finance
97,ASML,ai_chip
97,ATI,industrial
97,AVGO,ai_chip
97,AXP,software
97,BA,utility
97,BAC,datacenter_hw
97,BLK,consumer
97,BMY,industrial
97,BWXT,consumer
97,C,energy
97,CAT,finance
97,CME,industrial
97,CMG,software
97,COHR,industrial
97,COIN,industrial
97,COST,consumer
97,CRM,finance
97,CRWD,software
97,CRWV,finance
97,CSCO,consumer
97,CVS,finance
97,CVX,finance
97,D,giant_tech
97,DDOG,ai_chip
97,DE,ai_chip
97,DELL,software
97,DLR,finance
97,DOCU,ai_chip
97,DUK,finance
97,EME,datacenter_hw
97,EMR,industrial
97,EOG,real_estate
97,EQIX,finance
97,ESTC,ai_chip
97,ETN,software
97,FDX,ai_chip
97,FTNT,energy
97,GE,giant_tech
97,GILD,finance
97,GLD,datacenter_hw
97,GLW,software
97,GM,datacenter_hw
97,GOOG,industrial
97,GRMN,consumer
97,GS,datacenter_hw
97,GTLB,software
97,HD,defensive_bonds
97,HLT,industrial
97,HON,healthcare
97,HOOD,utility
97,HPE,datacenter_hw
97,HUBS,software
97,IBM,industrial
97,INTC,giant_tech
97,INTU,software
97,JNJ,healthcare
97,JPM,industrial
97,KLAC,ai_chip
97,KMI,finance
97,KO,datacenter_hw
97,LHX,giant_tech
97,LITE,ai_chip
97,LLY,software
97,LMT,healthcare
97,LOW,healthcare
97,LRCX,ai_chip
97,MA,ai_chip
97,MCD,datacenter_hw
97,MCHP,finance
97,MDB,energy
97,MDT,healthcare
97,META,software
97,MMM,ai_chip
97,MO,utility
97,MPWR,giant_tech
97,MRK,ai_chip
97,MRVL,industrial
97,MS,software
97,MSFT,datacenter_hw
97,MU,datacenter_hw
97,NEE,industrial
97,NEM,consumer
97,NET,finance
97,NFLX,real_estate
97,NOW,energy
97,NVDA,software
97,NVO,healthcare
97,NVTS,software
97,NXPI,finance
97,OKTA,finance
97,ON,ai_chip
97,ORCL,real_estate
97,OXY,industrial
97,PANW,industrial
97,PCTY,industrial
97,PG,ai_chip
97,PGR,industrial
97,PH,software
97,PLTR,software
97,PM,datacenter_hw
97,PNC,software
97,PYPL,consumer
97,QCOM,industrial
97,RBLX,energy
97,RKLB,finance
97,ROST,utility
97,RTX,software
97,SCHW,datacenter_hw
97,SHOP,giant_tech
97,SMCI,utility
97,SNOW,energy
97,SO,industrial
97,SOFI,consumer
97,SPCX,benchmark
97,SPG,consumer
97,SPOT,ai_chip
97,SPY,healthcare
97,T,healthcare
97,TEAM,software
97,TJX,industrial
97,TLT,giant_tech
97,TMO,consumer
97,TSLA,telecom
97,TSM,finance
97,TXN,software
97,UNH,energy
97,UNP,ai_chip
97,V,giant_tech
97,VLO,consumer
97,VRT,industrial
97,VTR,consumer
97,WDAY,datacenter_hw
97,WDC,commodity
97,WELL,industrial
97,WFC,healthcare
97,WMB,consumer
97,WMT,energy
97,XLE,software
97,XLF,software
97,XLI,healthcare
97,XLK,giant_tech
97,XLU,software
97,XLV,ai_chip
97,XLY,software
97,XOM,healthcare
97,ZM,finance
97,ZS,finance
98,AAPL,consumer
98,ABBV,industrial
98,ADBE,industrial
98,ADI,ai_chip
98,AEP,software
98,AFRM,commodity
98,AMAT,commodity
98,AMD,ai_chip
98,AMZN,finance
98,ANET,software
98,APH,finance
98,APP,software
98,ASML,ai_chip
98,ATI,finance
98,AVGO,utility
98,AXP,energy
98,BA,healthcare
98,BAC,ai_chip
98,BLK,healthcare
98,BMY,giant_tech
98,BWXT,healthcare
98,C,healthcare
98,CAT,healthcare
98,CME,datacenter_hw
98,CMG,healthcare
98,COHR,consumer
98,COIN,defensive_bonds
98,COST,software
98,CRM,ai_chip
98,CRWD,ai_chip
98,CRWV,consumer
98,CSCO,consumer
98,CVS,ai_chip
98,CVX,software
98,D,datacenter_hw
98,DDOG,software
98,DE,finance
98,DELL,industrial
98,DLR,datacenter_hw
98,DOCU,industrial
98,DUK,software
98,EME,ai_chip
98,EMR,industrial
98,EOG,industrial
98,EQIX,giant_tech
98,ESTC,real_estate
98,ETN,real_estate
98,FDX,ai_chip
98,FTNT,energy
98,GE,software
98,GILD,finance
98,GLD,software
98,GLW,healthcare
98,GM,industrial
98,GOOG,consumer
98,GRMN,datacenter_hw
98,GS,utility
98,GTLB,giant_tech
98,HD,software
98,HLT,energy
98,HON,datacenter_hw
98,HOOD,ai_chip
98,HPE,utility
98,HUBS,datacenter_hw
98,IBM,software
98,INTC,finance
98,INTU,consumer
98,JNJ,giant_tech
98,JPM,consumer
98,KLAC,energy
98,KMI,software
98,KO,energy
98,LHX,industrial
98,LITE,healthcare
98,LLY,ai_chip
98,LMT,datacenter_hw
98,LOW,giant_tech
98,LRCX,software
98,MA,consumer
98,MCD,finance
98,MCHP,finance
98,MDB,ai_chip
98,MDT,energy
98,META,consumer
98,MMM,healthcare
98,MO,datacenter_hw
98,MPWR,software
98,MRK,ai_chip
98,MRVL,industrial
98,MS,software
98,MSFT,software
98,MU,datacenter_hw
98,NEE,finance
98,NEM,finance
98,NET,finance
98,NFLX,consumer
98,NOW,finance
98,NVDA,ai_chip
98,NVO,industrial
98,NVTS,software
98,NXPI,healthcare
98,OKTA,energy
98,ON,consumer
98,ORCL,software
98,OXY,datacenter_hw
98,PANW,giant_tech
98,PCTY,industrial
98,PG,ai_chip
98,PGR,industrial
98,PH,software
98,PLTR,healthcare
98,PM,industrial
98,PNC,software
98,PYPL,real_estate
98,QCOM,finance
98,RBLX,giant_tech
98,RKLB,software
98,ROST,industrial
98,RTX,industrial
98,SCHW,datacenter_hw
98,SHOP,software
98,SMCI,industrial
98,SNOW,datacenter_hw
98,SO,ai_chip
98,SOFI,consumer
98,SPCX,consumer
98,SPG,ai_chip
98,SPOT,software
98,SPY,industrial
98,T,ai_chip
98,TEAM,energy
98,TJX,giant_tech
98,TLT,utility
98,TMO,industrial
98,TSLA,datacenter_hw
98,TSM,ai_chip
98,TXN,consumer
98,UNH,finance
98,UNP,finance
98,V,software
98,VLO,industrial
98,VRT,industrial
98,VTR,software
98,WDAY,utility
98,WDC,finance
98,WELL,industrial
98,WFC,consumer
98,WMB,finance
98,WMT,finance
98,XLE,telecom
98,XLF,finance
98,XLI,utility
98,XLK,consumer
98,XLU,healthcare
98,XLV,datacenter_hw
98,XLY,finance
98,XOM,giant_tech
98,ZM,software
98,ZS,benchmark
99,AAPL,consumer
99,ABBV,industrial
99,ADBE,datacenter_hw
99,ADI,ai_chip
99,AEP,real_estate
99,AFRM,software
99,AMAT,finance
99,AMD,healthcare
99,AMZN,finance
99,ANET,industrial
99,APH,finance
99,APP,utility
99,ASML,industrial
99,ATI,datacenter_hw
99,AVGO,giant_tech
99,AXP,utility
99,BA,software
99,BAC,software
99,BLK,healthcare
99,BMY,ai_chip
99,BWXT,healthcare
99,C,datacenter_hw
99,CAT,consumer
99,CME,finance
99,CMG,finance
99,COHR,consumer
99,COIN,giant_tech
99,COST,industrial
99,CRM,industrial
99,CRWD,giant_tech
99,CRWV,ai_chip
99,CSCO,finance
99,CVS,datacenter_hw
99,CVX,software
99,D,consumer
99,DDOG,consumer
99,DE,software
99,DELL,industrial
99,DLR,software
99,DOCU,finance
99,DUK,datacenter_hw
99,EME,ai_chip
99,EMR,industrial
99,EOG,giant_tech
99,EQIX,ai_chip
99,ESTC,datacenter_hw
99,ETN,software
99,FDX,consumer
99,FTNT,telecom
99,GE,software
99,GILD,defensive_bonds
99,GLD,consumer
99,GLW,ai_chip
99,GM,energy
99,GOOG,software
99,GRMN,commodity
99,GS,software
99,GTLB,healthcare
99,HD,energy
99,HLT,finance
99,HON,software
99,HOOD,software
99,HPE,software
99,HUBS,industrial
99,IBM,ai_chip
99,INTC,healthcare
99,INTU,datacenter_hw
99,JNJ,consumer
99,JPM,consumer
99,KLAC,ai_chip
99,KMI,datacenter_hw
99,KO,consumer
99,LHX,finance
99,LITE,ai_chip
99,LLY,software
99,LMT,ai_chip
99,LOW,industrial
99,LRCX,giant_tech
99,MA,healthcare
99,MCD,ai_chip
99,MCHP,ai_chip
99,MDB,industrial
99,MDT,software
99,META,datacenter_hw
99,MMM,ai_chip
99,MO,software
99,MPWR,finance
99,MRK,industrial
99,MRVL,real_estate
99,MS,software
99,MSFT,consumer
99,MU,ai_chip
99,NEE,finance
99,NEM,healthcare
99,NET,healthcare
99,NFLX,industrial
99,NOW,energy
99,NVDA,software
99,NVO,energy
99,NVTS,industrial
99,NXPI,giant_tech
99,OKTA,energy
99,ON,finance
99,ORCL,software
99,OXY,industrial
99,PANW,finance
99,PCTY,industrial
99,PG,finance
99,PGR,healthcare
99,PH,software
99,PLTR,healthcare
99,PM,software
99,PNC,finance
99,PYPL,industrial
99,QCOM,utility
99,RBLX,utility
99,RKLB,energy
99,ROST,ai_chip
99,RTX,finance
99,SCHW,datacenter_hw
99,SHOP,finance
99,SMCI,utility
99,SNOW,energy
99,SO,industrial
99,SOFI,software
99,SPCX,finance
99,SPG,ai_chip
99,SPOT,healthcare
99,SPY,ai_chip
99,T,benchmark
99,TEAM,giant_tech
99,TJX,industrial
99,TLT,datacenter_hw
99,TMO,consumer
99,TSLA,software
99,TSM,industrial
99,TXN,ai_chip
99,UNH,finance
99,UNP,giant_tech
99,V,consumer
99,VLO,datacenter_hw
99,VRT,software
99,VTR,energy
99,WDAY,healthcare
99,WDC,consumer
99,WELL,industrial
99,WFC,ai_chip
99,WMB,real_estate
99,WMT,consumer
99,XLE,datacenter_hw
99,XLF,software
99,XLI,finance
99,XLK,giant_tech
99,XLU,consumer
99,XLV,datacenter_hw
99,XLY,industrial
99,XOM,commodity
99,ZM,software
99,ZS,utility
100,AAPL,healthcare
100,ABBV,ai_chip
100,ADBE,ai_chip
100,ADI,ai_chip
100,AEP,industrial
100,AFRM,software
100,AMAT,industrial
100,AMD,datacenter_hw
100,AMZN,industrial
100,ANET,consumer
100,APH,industrial
100,APP,healthcare
100,ASML,software
100,ATI,utility
100,AVGO,finance
100,AXP,ai_chip
100,BA,software
100,BAC,utility
100,BLK,industrial
100,BMY,consumer
100,BWXT,healthcare
100,C,energy
100,CAT,datacenter_hw
100,CME,software
100,CMG,energy
100,COHR,commodity
100,COIN,datacenter_hw
100,COST,real_estate
100,CRM,healthcare
100,CRWD,software
100,CRWV,commodity
100,CSCO,real_estate
100,CVS,software
100,CVX,giant_tech
100,D,healthcare
100,DDOG,datacenter_hw
100,DE,software
100,DELL,datacenter_hw
100,DLR,healthcare
100,DOCU,consumer
100,DUK,ai_chip
100,EME,giant_tech
100,EMR,healthcare
100,EOG,industrial
100,EQIX,finance
100,ESTC,consumer
100,ETN,consumer
100,FDX,software
100,FTNT,consumer
100,GE,software
100,GILD,finance
100,GLD,software
100,GLW,software
100,GM,software
100,GOOG,consumer
100,GRMN,ai_chip
100,GS,giant_tech
100,GTLB,healthcare
100,HD,finance
100,HLT,consumer
100,HON,ai_chip
100,HOOD,energy
100,HPE,energy
100,HUBS,giant_tech
100,IBM,finance
100,INTC,telecom
100,INTU,industrial
100,JNJ,utility
100,JPM,ai_chip
100,KLAC,ai_chip
100,KMI,real_estate
100,KO,industrial
100,LHX,datacenter_hw
100,LITE,software
100,LLY,industrial
100,LMT,datacenter_hw
100,LOW,consumer
100,LRCX,ai_chip
100,MA,consumer
100,MCD,ai_chip
100,MCHP,industrial
100,MDB,finance
100,MDT,industrial
100,META,finance
100,MMM,giant_tech
100,MO,ai_chip
100,MPWR,finance
100,MRK,energy
100,MRVL,industrial
100,MS,consumer
100,MSFT,consumer
100,MU,industrial
100,NEE,giant_tech
100,NEM,giant_tech
100,NET,software
100,NFLX,software
100,NOW,datacenter_hw
100,NVDA,energy
100,NVO,industrial
100,NVTS,utility
100,NXPI,datacenter_hw
100,OKTA,defensive_bonds
100,ON,software
100,ORCL,finance
100,OXY,datacenter_hw
100,PANW,datacenter_hw
100,PCTY,ai_chip
100,PG,ai_chip
100,PGR,software
100,PH,energy
100,PLTR,industrial
100,PM,utility
100,PNC,healthcare
100,PYPL,finance
100,QCOM,finance
100,RBLX,software
100,RKLB,industrial
100,ROST,finance
100,RTX,datacenter_hw
100,SCHW,finance
100,SHOP,healthcare
100,SMCI,ai_chip
100,SNOW,software
100,SO,finance
100,SOFI,benchmark
100,SPCX,consumer
100,SPG,industrial
100,SPOT,finance
100,SPY,ai_chip
100,T,industrial
100,TEAM,industrial
100,TJX,finance
100,TLT,finance
100,TMO,software
100,TSLA,ai_chip
100,TSM,datacenter_hw
100,TXN,datacenter_hw
100,UNH,consumer
100,UNP,ai_chip
100,V,software
100,VLO,consumer
100,VRT,finance
100,VTR,finance
100,WDAY,industrial
100,WDC,healthcare
100,WELL,industrial
100,WFC,software
100,WMB,software
100,WMT,healthcare
100,XLE,finance
100,XLF,software
100,XLI,software
100,XLK,consumer
100,XLU,software
100,XLV,ai_chip
100,XLY,giant_tech
100,XOM,utility
100,ZM,energy
100,ZS,giant_tech
101,AAPL,datacenter_hw
101,ABBV,software
101,ADBE,software
101,ADI,software
101,AEP,industrial
101,AFRM,finance
101,AMAT,software
101,AMD,industrial
101,AMZN,finance
101,ANET,datacenter_hw
101,APH,industrial
101,APP,industrial
101,ASML,software
101,ATI,finance
101,AVGO,datacenter_hw
101,AXP,software
101,BA,software
101,BAC,consumer
101,BLK,finance
101,BMY,utility
101,BWXT,ai_chip
101,C,healthcare
101,CAT,energy
101,CME,ai_chip
101,CMG,consumer
101,COHR,industrial
101,COIN,consumer
101,COST,software
101,CRM,ai_chip
101,CRWD,healthcare
101,CRWV,giant_tech
101,CSCO,ai_chip
101,CVS,software
101,CVX,consumer
101,D,energy
101,DDOG,software
101,DE,industrial
101,DELL,healthcare
101,DLR,ai_chip
101,DOCU,finance
101,DUK,healthcare
101,EME,consumer
101,EMR,industrial
101,EOG,healthcare
101,EQIX,software
101,ESTC,consumer
101,ETN,industrial
101,FDX,benchmark
101,FTNT,healthcare
101,GE,finance
101,GILD,finance
101,GLD,giant_tech
101,GLW,finance
101,GM,industrial
101,GOOG,healthcare
101,GRMN,software
101,GS,software
101,GTLB,software
101,HD,software
101,HLT,finance
101,HON,software
101,HOOD,energy
101,HPE,giant_tech
101,HUBS,giant_tech
101,IBM,finance
101,INTC,ai_chip
101,INTU,real_estate
101,JNJ,software
101,JPM,ai_chip
101,KLAC,telecom
101,KMI,industrial
101,KO,software
101,LHX,healthcare
101,LITE,real_estate
101,LLY,software
101,LMT,energy
101,LOW,healthcare
101,LRCX,finance
101,MA,commodity
101,MCD,consumer
101,MCHP,ai_chip
101,MDB,commodity
101,MDT,industrial
101,META,consumer
101,MMM,software
101,MO,ai_chip
101,MPWR,finance
101,MRK,industrial
101,MRVL,energy
101,MS,ai_chip
101,MSFT,utility
101,MU,giant_tech
101,NEE,ai_chip
101,NEM,ai_chip
101,NET,healthcare
101,NFLX,ai_chip
101,NOW,industrial
101,NVDA,finance
101,NVO,utility
101,NVTS,ai_chip
101,NXPI,energy
101,OKTA,datacenter_hw
101,ON,datacenter_hw
101,ORCL,datacenter_hw
101,OXY,consumer
101,PANW,ai_chip
101,PCTY,industrial
101,PG,real_estate
101,PGR,software
101,PH,ai_chip
101,PLTR,consumer
101,PM,finance
101,PNC,healthcare
101,PYPL,healthcare
101,QCOM,finance
101,RBLX,finance
101,RKLB,finance
101,ROST,consumer
101,RTX,software
101,SCHW,consumer
101,SHOP,giant_tech
101,SMCI,software
101,SNOW,industrial
101,SO,industrial
101,SOFI,software
101,SPCX,finance
101,SPG,defensive_bonds
101,SPOT,software
101,SPY,finance
101,T,consumer
101,TEAM,industrial
101,TJX,datacenter_hw
101,TLT,datacenter_hw
101,TMO,datacenter_hw
101,TSLA,ai_chip
101,TSM,energy
101,TXN,utility
101,UNH,utility
101,UNP,consumer
101,V,datacenter_hw
101,VLO,giant_tech
101,VRT,energy
101,VTR,finance
101,WDAY,ai_chip
101,WDC,software
101,WELL,consumer
101,WFC,industrial
101,WMB,industrial
101,WMT,industrial
101,XLE,utility
101,XLF,giant_tech
101,XLI,datacenter_hw
101,XLK,datacenter_hw
101,XLU,datacenter_hw
101,XLV,industrial
101,XLY,datacenter_hw
101,XOM,giant_tech
101,ZM,consumer
101,ZS,ai_chip
102,AAPL,finance
102,ABBV,datacenter_hw
102,ADBE,ai_chip
102,ADI,energy
102,AEP,software
102,AFRM,software
102,AMAT,benchmark
102,AMD,ai_chip
102,AMZN,healthcare
102,ANET,utility
102,APH,consumer
102,APP,healthcare
102,ASML,industrial
102,ATI,software
102,AVGO,giant_tech
102,AXP,healthcare
102,BA,datacenter_hw
102,BAC,utility
102,BLK,software
102,BMY,ai_chip
102,BWXT,datacenter_hw
102,C,industrial
102,CAT,consumer
102,CME,healthcare
102,CMG,energy
102,COHR,software
102,COIN,software
102,COST,finance
102,CRM,real_estate
102,CRWD,datacenter_hw
102,CRWV,giant_tech
102,CSCO,ai_chip
102,CVS,industrial
102,CVX,healthcare
102,D,software
102,DDOG,utility
102,DE,datacenter_hw
102,DELL,finance
102,DLR,software
102,DOCU,industrial
102,DUK,software
102,EME,software
102,EMR,software
102,EOG,giant_tech
102,EQIX,real_estate
102,ESTC,finance
102,ETN,datacenter_hw
102,FDX,datacenter_hw
102,FTNT,finance
102,GE,software
102,GILD,datacenter_hw
102,GLD,finance
102,GLW,consumer
102,GM,industrial
102,GOOG,giant_tech
102,GRMN,software
102,GS,software
102,GTLB,datacenter_hw
102,HD,healthcare
102,HLT,energy
102,HON,healthcare
102,HOOD,consumer
102,HPE,ai_chip
102,HUBS,consumer
102,IBM,finance
102,INTC,ai_chip
102,INTU,datacenter_hw
102,JNJ,healthcare
102,JPM,ai_chip
102,KLAC,energy
102,KMI,ai_chip
102,KO,finance
102,LHX,finance
102,LITE,consumer
102,LLY,software
102,LMT,industrial
102,LOW,consumer
102,LRCX,commodity
102,MA,software
102,MCD,healthcare
102,MCHP,software
102,MDB,consumer
102,MDT,finance
102,META,giant_tech
102,MMM,software
102,MO,industrial
102,MPWR,industrial
102,MRK,finance
102,MRVL,datacenter_hw
102,MS,ai_chip
102,MSFT,consumer
102,MU,industrial
102,NEE,ai_chip
102,NEM,datacenter_hw
102,NET,energy
102,NFLX,industrial
102,NOW,industrial
102,NVDA,industrial
102,NVO,software
102,NVTS,industrial
102,NXPI,consumer
102,OKTA,consumer
102,ON,finance
102,ORCL,industrial
102,OXY,software
102,PANW,ai_chip
102,PCTY,software
102,PG,real_estate
102,PGR,healthcare
102,PH,consumer
102,PLTR,finance
102,PM,finance
102,PNC,healthcare
102,PYPL,healthcare
102,QCOM,software
102,RBLX,industrial
102,RKLB,energy
102,ROST,giant_tech
102,RTX,ai_chip
102,SCHW,software
102,SHOP,industrial
102,SMCI,ai_chip
102,SNOW,defensive_bonds
102,SO,giant_tech
102,SOFI,industrial
102,SPCX,finance
102,SPG,industrial
102,SPOT,finance
102,SPY,industrial
102,T,finance
102,TEAM,consumer
102,TJX,utility
102,TLT,finance
102,TMO,ai_chip
102,TSLA,industrial
102,TSM,software
102,TXN,consumer
102,UNH,telecom
102,UNP,datacenter_hw
102,V,energy
102,VLO,ai_chip
102,VRT,giant_tech
102,VTR,consumer
102,WDAY,finance
102,WDC,ai_chip
102,WELL,utility
102,WFC,software
102,WMB,consumer
102,WMT,datacenter_hw
102,XLE,ai_chip
102,XLF,finance
102,XLI,utility
102,XLK,ai_chip
102,XLU,ai_chip
102,XLV,giant_tech
102,XLY,industrial
102,XOM,commodity
102,ZM,software
102,ZS,energy
103,AAPL,datacenter_hw
103,ABBV,datacenter_hw
103,ADBE,industrial
103,ADI,healthcare
103,AEP,healthcare
103,AFRM,software
103,AMAT,utility
103,AMD,industrial
103,AMZN,industrial
103,ANET,datacenter_hw
103,APH,energy
103,APP,energy
103,ASML,ai_chip
103,ATI,industrial
103,AVGO,datacenter_hw
103,AXP,ai_chip
103,BA,industrial
103,BAC,finance
103,BLK,industrial
103,BMY,consumer
103,BWXT,ai_chip
103,C,datacenter_hw
103,CAT,industrial
103,CME,software
103,CMG,commodity
103,COHR,ai_chip
103,COIN,giant_tech
103,COST,finance
103,CRM,industrial
103,CRWD,software
103,CRWV,finance
103,CSCO,software
103,CVS,ai_chip
103,CVX,finance
103,D,finance
103,DDOG,consumer
103,DE,software
103,DELL,healthcare
103,DLR,healthcare
103,DOCU,utility
103,DUK,consumer
103,EME,consumer
103,EMR,healthcare
103,EOG,energy
103,EQIX,software
103,ESTC,software
103,ETN,energy
103,FDX,industrial
103,FTNT,software
103,GE,ai_chip
103,GILD,consumer
103,GLD,consumer
103,GLW,benchmark
103,GM,consumer
103,GOOG,industrial
103,GRMN,industrial
103,GS,software
103,GTLB,consumer
103,HD,datacenter_hw
103,HLT,ai_chip
103,HON,finance
103,HOOD,industrial
103,HPE,industrial
103,HUBS,giant_tech
103,IBM,healthcare
103,INTC,ai_chip
103,INTU,ai_chip
103,JNJ,consumer
103,JPM,defensive_bonds
103,KLAC,energy
103,KMI,consumer
103,KO,energy
103,LHX,giant_tech
103,LITE,ai_chip
103,LLY,finance
103,LMT,ai_chip
103,LOW,real_estate
103,LRCX,datacenter_hw
103,MA,utility
103,MCD,software
103,MCHP,datacenter_hw
103,MDB,real_estate
103,MDT,software
103,META,software
103,MMM,finance
103,MO,software
103,MPWR,industrial
103,MRK,software
103,MRVL,datacenter_hw
103,MS,finance
103,MSFT,healthcare
103,MU,ai_chip
103,NEE,finance
103,NEM,industrial
103,NET,consumer
103,NFLX,ai_chip
103,NOW,finance
103,NVDA,datacenter_hw
103,NVO,software
103,NVTS,datacenter_hw
103,NXPI,industrial
103,OKTA,utility
103,ON,software
103,ORCL,giant_tech
103,OXY,datacenter_hw
103,PANW,datacenter_hw
103,PCTY,ai_chip
103,PG,giant_tech
103,PGR,finance
103,PH,industrial
103,PLTR,energy
103,PM,software
103,PNC,finance
103,PYPL,giant_tech
103,QCOM,finance
103,RBLX,finance
103,RKLB,healthcare
103,ROST,giant_tech
103,RTX,giant_tech
103,SCHW,software
103,SHOP,utility
103,SMCI,software
103,SNOW,finance
103,SO,finance
103,SOFI,software
103,SPCX,software
103,SPG,software
103,SPOT,giant_tech
103,SPY,finance
103,T,software
103,TEAM,software
103,TJX,healthcare
103,TLT,healthcare
103,TMO,healthcare
103,TSLA,ai_chip
103,TSM,industrial
103,TXN,software
103,UNH,ai_chip
103,UNP,consumer
103,V,finance
103,VLO,industrial
103,VRT,commodity
103,VTR,datacenter_hw
103,WDAY,industrial
103,WDC,ai_chip
103,WELL,ai_chip
103,WFC,consumer
103,WMB,industrial
103,WMT,consumer
103,XLE,telecom
103,XLF,software
103,XLI,real_estate
103,XLK,consumer
103,XLU,ai_chip
103,XLV,healthcare
103,XLY,consumer
103,XOM,energy
103,ZM,finance
103,ZS,utility
104,AAPL,consumer
104,ABBV,commodity
104,ADBE,finance
104,ADI,industrial
104,AEP,healthcare
104,AFRM,real_estate
104,AMAT,ai_chip
104,AMD,consumer
104,AMZN,healthcare
104,ANET,real_estate
104,APH,giant_tech
104,APP,software
104,ASML,giant_tech
104,ATI,industrial
104,AVGO,finance
104,AXP,energy
104,BA,utility
104,BAC,healthcare
104,BLK,industrial
104,BMY,datacenter_hw
104,BWXT,finance
104,C,industrial
104,CAT,industrial
104,CME,real_estate
104,CMG,ai_chip
104,COHR,datacenter_hw
104,COIN,ai_chip
104,COST,energy
104,CRM,software
104,CRWD,consumer
104,CRWV,giant_tech
104,CSCO,software
104,CVS,consumer
104,CVX,industrial
104,D,finance
104,DDOG,defensive_bonds
104,DE,industrial
104,DELL,ai_chip
104,DLR,industrial
104,DOCU,industrial
104,DUK,datacenter_hw
104,EME,consumer
104,EMR,finance
104,EOG,datacenter_hw
104,EQIX,consumer
104,ESTC,datacenter_hw
104,ETN,commodity
104,FDX,datacenter_hw
104,FTNT,ai_chip
104,GE,ai_chip
104,GILD,giant_tech
104,GLD,giant_tech
104,GLW,software
104,GM,finance
104,GOOG,software
104,GRMN,industrial
104,GS,software
104,GTLB,datacenter_hw
104,HD,ai_chip
104,HLT,ai_chip
104,HON,finance
104,HOOD,software
104,HPE,software
104,HUBS,finance
104,IBM,giant_tech
104,INTC,healthcare
104,INTU,finance
104,JNJ,energy
104,JPM,consumer
104,KLAC,industrial
104,KMI,finance
104,KO,ai_chip
104,LHX,finance
104,LITE,finance
104,LLY,industrial
104,LMT,software
104,LOW,healthcare
104,LRCX,finance
104,MA,software
104,MCD,software
104,MCHP,datacenter_hw
104,MDB,energy
104,MDT,finance
104,META,healthcare
104,MMM,consumer
104,MO,healthcare
104,MPWR,utility
104,MRK,datacenter_hw
104,MRVL,industrial
104,MS,finance
104,MSFT,ai_chip
104,MU,ai_chip
104,NEE,finance
104,NEM,datacenter_hw
104,NET,industrial
104,NFLX,software
104,NOW,software
104,NVDA,finance
104,NVO,energy
104,NVTS,healthcare
104,NXPI,utility
104,OKTA,energy
104,ON,industrial
104,ORCL,giant_tech
104,OXY,software
104,PANW,utility
104,PCTY,ai_chip
104,PG,ai_chip
104,PGR,ai_chip
104,PH,software
104,PLTR,software
104,PM,software
104,PNC,healthcare
104,PYPL,ai_chip
104,QCOM,consumer
104,RBLX,industrial
104,RKLB,datacenter_hw
104,ROST,consumer
104,RTX,finance
104,SCHW,industrial
104,SHOP,software
104,SMCI,ai_chip
104,SNOW,industrial
104,SO,consumer
104,SOFI,consumer
104,SPCX,datacenter_hw
104,SPG,ai_chip
104,SPOT,giant_tech
104,SPY,healthcare
104,T,ai_chip
104,TEAM,utility
104,TJX,datacenter_hw
104,TLT,energy
104,TMO,industrial
104,TSLA,industrial
104,TSM,software
104,TXN,industrial
104,UNH,software
104,UNP,finance
104,V,healthcare
104,VLO,consumer
104,VRT,energy
104,VTR,consumer
104,WDAY,finance
104,WDC,utility
104,WELL,ai_chip
104,WFC,telecom
104,WMB,healthcare
104,WMT,consumer
104,XLE,giant_tech
104,XLF,datacenter_hw
104,XLI,consumer
104,XLK,software
104,XLU,software
104,XLV,software
104,XLY,benchmark
104,XOM,software
104,ZM,software
104,ZS,software
105,AAPL,ai_chip
105,ABBV,ai_chip
105,ADBE,industrial
105,ADI,industrial
105,AEP,consumer
105,AFRM,giant_tech
105,AMAT,ai_chip
105,AMD,finance
105,AMZN,giant_tech
105,ANET,datacenter_hw
105,APH,software
105,APP,datacenter_hw
105,ASML,datacenter_hw
105,ATI,industrial
105,AVGO,datacenter_hw
105,AXP,datacenter_hw
105,BA,healthcare
105,BAC,energy
105,BLK,industrial
105,BMY,consumer
105,BWXT,energy
105,C,software
105,CAT,finance
105,CME,datacenter_hw
105,CMG,giant_tech
105,COHR,energy
105,COIN,defensive_bonds
105,COST,healthcare
105,CRM,consumer
105,CRWD,finance
105,CRWV,real_estate
105,CSCO,consumer
105,CVS,consumer
105,CVX,ai_chip
105,D,benchmark
105,DDOG,healthcare
105,DE,software
105,DELL,ai_chip
105,DLR,finance
105,DOCU,healthcare
105,DUK,finance
105,EME,healthcare
105,EMR,ai_chip
105,EOG,software
105,EQIX,datacenter_hw
105,ESTC,software
105,ETN,giant_tech
105,FDX,finance
105,FTNT,ai_chip
105,GE,energy
105,GILD,ai_chip
105,GLD,finance
105,GLW,utility
105,GM,energy
105,GOOG,ai_chip
105,GRMN,giant_tech
105,GS,healthcare
105,GTLB,utility
105,HD,giant_tech
105,HLT,healthcare
105,HON,datacenter_hw
105,HOOD,finance
105,HPE,industrial
105,HUBS,ai_chip
105,IBM,software
105,INTC,consumer
105,INTU,consumer
105,JNJ,finance
105,JPM,telecom
105,KLAC,healthcare
105,KMI,software
105,KO,utility
105,LHX,giant_tech
105,LITE,datacenter_hw
105,LLY,finance
105,LMT,software
105,LOW,finance
105,LRCX,datacenter_hw
105,MA,finance
105,MCD,consumer
105,MCHP,software
105,MDB,industrial
105,MDT,software
105,META,ai_chip
105,MMM,industrial
105,MO,industrial
105,MPWR,ai_chip
105,MRK,utility
105,MRVL,industrial
105,MS,software
105,MSFT,finance
105,MU,software
105,NEE,industrial
105,NEM,software
105,NET,healthcare
105,NFLX,datacenter_hw
105,NOW,healthcare
105,NVDA,utility
105,NVO,consumer
105,NVTS,industrial
105,NXPI,datacenter_hw
105,OKTA,industrial
105,ON,ai_chip
105,ORCL,consumer
105,OXY,industrial
105,PANW,ai_chip
105,PCTY,consumer
105,PG,software
105,PGR,energy
105,PH,consumer
105,PLTR,commodity
105,PM,industrial
105,PNC,industrial
105,PYPL,industrial
105,QCOM,finance
105,RBLX,consumer
105,RKLB,ai_chip
105,ROST,finance
105,RTX,giant_tech
105,SCHW,software
105,SHOP,software
105,SMCI,industrial
105,SNOW,industrial
105,SO,datacenter_hw
105,SOFI,energy
105,SPCX,ai_chip
105,SPG,industrial
105,SPOT,utility
105,SPY,industrial
105,T,consumer
105,TEAM,software
105,TJX,consumer
105,TLT,giant_tech
105,TMO,software
105,TSLA,energy
105,TSM,finance
105,TXN,software
105,UNH,finance
105,UNP,software
105,V,real_estate
105,VLO,software
105,VRT,healthcare
105,VTR,finance
105,WDAY,ai_chip
105,WDC,finance
105,WELL,software
105,WFC,software
105,WMB,industrial
105,WMT,healthcare
105,XLE,software
105,XLF,finance
105,XLI,real_estate
105,XLK,datacenter_hw
105,XLU,software
105,XLV,consumer
105,XLY,software
105,XOM,commodity
105,ZM,ai_chip
105,ZS,ai_chip
106,AAPL,finance
106,ABBV,ai_chip
106,ADBE,finance
106,ADI,datacenter_hw
106,AEP,software
106,AFRM,ai_chip
106,AMAT,utility
106,AMD,energy
106,AMZN,datacenter_hw
106,ANET,industrial
106,APH,finance
106,APP,telecom
106,ASML,ai_chip
106,ATI,industrial
106,AVGO,ai_chip
106,AXP,datacenter_hw
106,BA,consumer
106,BAC,energy
106,BLK,utility
106,BMY,software
106,BWXT,software
106,C,utility
106,CAT,benchmark
106,CME,healthcare
106,CMG,energy
106,COHR,software
106,COIN,industrial
106,COST,energy
106,CRM,consumer
106,CRWD,energy
106,CRWV,utility
106,CSCO,defensive_bonds
106,CVS,consumer
106,CVX,datacenter_hw
106,D,finance
106,DDOG,finance
106,DE,real_estate
106,DELL,ai_chip
106,DLR,healthcare
106,DOCU,healthcare
106,DUK,ai_chip
106,EME,ai_chip
106,EMR,consumer
106,EOG,software
106,EQIX,finance
106,ESTC,finance
106,ETN,energy
106,FDX,datacenter_hw
106,FTNT,industrial
106,GE,software
106,GILD,software
106,GLD,finance
106,GLW,industrial
106,GM,ai_chip
106,GOOG,industrial
106,GRMN,healthcare
106,GS,healthcare
106,GTLB,energy
106,HD,software
106,HLT,finance
106,HON,industrial
106,HOOD,healthcare
106,HPE,industrial
106,HUBS,software
106,IBM,consumer
106,INTC,ai_chip
106,INTU,commodity
106,JNJ,finance
106,JPM,energy
106,KLAC,healthcare
106,KMI,ai_chip
106,KO,software
106,LHX,software
106,LITE,giant_tech
106,LLY,healthcare
106,LMT,giant_tech
106,LOW,industrial
106,LRCX,ai_chip
106,MA,ai_chip
106,MCD,software
106,MCHP,consumer
106,MDB,industrial
106,MDT,healthcare
106,META,datacenter_hw
106,MMM,ai_chip
106,MO,datacenter_hw
106,MPWR,datacenter_hw
106,MRK,industrial
106,MRVL,ai_chip
106,MS,industrial
106,MSFT,commodity
106,MU,datacenter_hw
106,NEE,ai_chip
106,NEM,consumer
106,NET,giant_tech
106,NFLX,healthcare
106,NOW,industrial
106,NVDA,healthcare
106,NVO,giant_tech
106,NVTS,consumer
106,NXPI,finance
106,OKTA,utility
106,ON,giant_tech
106,ORCL,industrial
106,OXY,software
106,PANW,giant_tech
106,PCTY,industrial
106,PG,industrial
106,PGR,consumer
106,PH,software
106,PLTR,datacenter_hw
106,PM,consumer
106,PNC,software
106,PYPL,healthcare
106,QCOM,software
106,RBLX,finance
106,RKLB,datacenter_hw
106,ROST,software
106,RTX,software
106,SCHW,finance
106,SHOP,finance
106,SMCI,software
106,SNOW,consumer
106,SO,software
106,SOFI,consumer
106,SPCX,industrial
106,SPG,datacenter_hw
106,SPOT,consumer
106,SPY,giant_tech
106,T,utility
106,TEAM,software
106,TJX,real_estate
106,TLT,ai_chip
106,TMO,software
106,TSLA,real_estate
106,TSM,software
106,TXN,consumer
106,UNH,software
106,UNP,ai_chip
106,V,finance
106,VLO,ai_chip
106,VRT,finance
106,VTR,finance
106,WDAY,industrial
106,WDC,software
106,WELL,giant_tech
106,WFC,industrial
106,WMB,industrial
106,WMT,datacenter_hw
106,XLE,consumer
106,XLF,ai_chip
106,XLI,finance
106,XLK,software
106,XLU,industrial
106,XLV,giant_tech
106,XLY,finance
106,XOM,finance
106,ZM,datacenter_hw
106,ZS,consumer
107,AAPL,giant_tech
107,ABBV,consumer
107,ADBE,industrial
107,ADI,datacenter_hw
107,AEP,datacenter_hw
107,AFRM,consumer
107,AMAT,consumer
107,AMD,ai_chip
107,AMZN,consumer
107,ANET,finance
107,APH,finance
107,APP,consumer
107,ASML,consumer
107,ATI,software
107,AVGO,utility
107,AXP,industrial
107,BA,ai_chip
107,BAC,industrial
107,BLK,datacenter_hw
107,BMY,software
107,BWXT,datacenter_hw
107,C,datacenter_hw
107,CAT,software
107,CME,industrial
107,CMG,ai_chip
107,COHR,ai_chip
107,COIN,finance
107,COST,consumer
107,CRM,ai_chip
107,CRWD,finance
107,CRWV,healthcare
107,CSCO,software
107,CVS,finance
107,CVX,software
107,D,datacenter_hw
107,DDOG,industrial
107,DE,software
107,DELL,giant_tech
107,DLR,finance
107,DOCU,defensive_bonds
107,DUK,software
107,EME,consumer
107,EMR,industrial
107,EOG,consumer
107,EQIX,healthcare
107,ESTC,industrial
107,ETN,industrial
107,FDX,software
107,FTNT,software
107,GE,finance
107,GILD,giant_tech
107,GLD,ai_chip
107,GLW,datacenter_hw
107,GM,commodity
107,GOOG,software
107,GRMN,industrial
107,GS,finance
107,GTLB,software
107,HD,industrial
107,HLT,healthcare
107,HON,industrial
107,HOOD,datacenter_hw
107,HPE,software
107,HUBS,consumer
107,IBM,software
107,INTC,ai_chip
107,INTU,healthcare
107,JNJ,telecom
107,JPM,utility
107,KLAC,finance
107,KMI,real_estate
107,KO,software
107,LHX,industrial
107,LITE,ai_chip
107,LLY,finance
107,LMT,finance
107,LOW,ai_chip
107,LRCX,energy
107,MA,utility
107,MCD,healthcare
107,MCHP,software
107,MDB,consumer
107,MDT,ai_chip
107,META,healthcare
107,MMM,ai_chip
107,MO,ai_chip
107,MPWR,finance
107,MRK,healthcare
107,MRVL,ai_chip
107,MS,ai_chip
107,MSFT,software
107,MU,consumer
107,NEE,industrial
107,NEM,healthcare
107,NET,software
107,NFLX,datacenter_hw
107,NOW,finance
107,NVDA,energy
107,NVO,industrial
107,NVTS,giant_tech
107,NXPI,finance
107,OKTA,healthcare
107,ON,datacenter_hw
107,ORCL,real_estate
107,OXY,giant_tech
107,PANW,software
107,PCTY,energy
107,PG,giant_tech
107,PGR,healthcare
107,PH,giant_tech
107,PLTR,ai_chip
107,PM,software
107,PNC,software
107,PYPL,industrial
107,QCOM,consumer
107,RBLX,ai_chip
107,RKLB,consumer
107,ROST,giant_tech
107,RTX,finance
107,SCHW,datacenter_hw
107,SHOP,industrial
107,SMCI,ai_chip
107,SNOW,utility
107,SO,finance
107,SOFI,benchmark
107,SPCX,ai_chip
107,SPG,software
107,SPOT,healthcare
107,SPY,software
107,T,software
107,TEAM,datacenter_hw
107,TJX,utility
107,TLT,finance
107,TMO,consumer
107,TSLA,real_estate
107,TSM,finance
107,TXN,software
107,UNH,healthcare
107,UNP,energy
107,V,industrial
107,VLO,industrial
107,VRT,utility
107,VTR,consumer
107,WDAY,ai_chip
107,WDC,software
107,WELL,software
107,WFC,energy
107,WMB,datacenter_hw
107,WMT,energy
107,XLE,energy
107,XLF,giant_tech
107,XLI,industrial
107,XLK,industrial
107,XLU,finance
107,XLV,industrial
107,XLY,commodity
107,XOM,energy
107,ZM,finance
107,ZS,datacenter_hw
108,AAPL,finance
108,ABBV,giant_tech
108,ADBE,datacenter_hw
108,ADI,finance
108,AEP,industrial
108,AFRM,software
108,AMAT,finance
108,AMD,consumer
108,AMZN,consumer
108,ANET,industrial
108,APH,consumer
108,APP,consumer
108,ASML,datacenter_hw
108,ATI,finance
108,AVGO,ai_chip
108,AXP,finance
108,BA,healthcare
108,BAC,datacenter_hw
108,BLK,giant_tech
108,BMY,ai_chip
108,BWXT,utility
108,C,healthcare
108,CAT,finance
108,CME,utility
108,CMG,industrial
108,COHR,industrial
108,COIN,ai_chip
108,COST,consumer
108,CRM,ai_chip
108,CRWD,software
108,CRWV,ai_chip
108,CSCO,finance
108,CVS,software
108,CVX,ai_chip
108,D,consumer
108,DDOG,real_estate
108,DE,consumer
108,DELL,industrial
108,DLR,finance
108,DOCU,energy
108,DUK,commodity
108,EME,ai_chip
108,EMR,ai_chip
108,EOG,giant_tech
108,EQIX,datacenter_hw
108,ESTC,healthcare
108,ETN,ai_chip
108,FDX,software
108,FTNT,industrial
108,GE,consumer
108,GILD,giant_tech
108,GLD,finance
108,GLW,industrial
108,GM,software
108,GOOG,industrial
108,GRMN,datacenter_hw
108,GS,finance
108,GTLB,consumer
108,HD,industrial
108,HLT,software
108,HON,datacenter_hw
108,HOOD,consumer
108,HPE,industrial
108,HUBS,software
108,IBM,ai_chip
108,INTC,giant_tech
108,INTU,finance
108,JNJ,energy
108,JPM,software
108,KLAC,utility
108,KMI,datacenter_hw
108,KO,ai_chip
108,LHX,software
108,LITE,healthcare
108,LLY,software
108,LMT,industrial
108,LOW,ai_chip
108,LRCX,software
108,MA,software
108,MCD,datacenter_hw
108,MCHP,datacenter_hw
108,MDB,software
108,MDT,finance
108,META,energy
108,MMM,software
108,MO,healthcare
108,MPWR,benchmark
108,MRK,software
108,MRVL,real_estate
108,MS,energy
108,MSFT,defensive_bonds
108,MU,consumer
108,NEE,datacenter_hw
108,NEM,industrial
108,NET,real_estate
108,NFLX,ai_chip
108,NOW,consumer
108,NVDA,giant_tech
108,NVO,finance
108,NVTS,consumer
108,NXPI,energy
108,OKTA,energy
108,ON,ai_chip
108,ORCL,healthcare
108,OXY,ai_chip
108,PANW,industrial
108,PCTY,industrial
108,PG,software
108,PGR,industrial
108,PH,healthcare
108,PLTR,software
108,PM,datacenter_hw
108,PNC,finance
108,PYPL,software
108,QCOM,consumer
108,RBLX,ai_chip
108,RKLB,industrial
108,ROST,industrial
108,RTX,software
108,SCHW,industrial
108,SHOP,healthcare
108,SMCI,consumer
108,SNOW,industrial
108,SO,software
108,SOFI,telecom
108,SPCX,utility
108,SPG,finance
108,SPOT,software
108,SPY,software
108,T,ai_chip
108,TEAM,finance
108,TJX,datacenter_hw
108,TLT,healthcare
108,TMO,industrial
108,TSLA,industrial
108,TSM,software
108,TXN,finance
108,UNH,software
108,UNP,utility
108,V,healthcare
108,VLO,software
108,VRT,giant_tech
108,VTR,ai_chip
108,WDAY,healthcare
108,WDC,commodity
108,WELL,datacenter_hw
108,WFC,software
108,WMB,utility
108,WMT,energy
108,XLE,finance
108,XLF,giant_tech
108,XLI,finance
108,XLK,giant_tech
108,XLU,healthcare
108,XLV,consumer
108,XLY,ai_chip
108,XOM,finance
108,ZM,datacenter_hw
108,ZS,energy
109,AAPL,consumer
109,ABBV,giant_tech
109,ADBE,industrial
109,ADI,industrial
109,AEP,software
109,AFRM,finance
109,AMAT,giant_tech
109,AMD,software
109,AMZN,software
109,ANET,healthcare
109,APH,industrial
109,APP,software
109,ASML,healthcare
109,ATI,finance
109,AVGO,software
109,AXP,industrial
109,BA,industrial
109,BAC,software
109,BLK,utility
109,BMY,finance
109,BWXT,finance
109,C,real_estate
109,CAT,software
109,CME,energy
109,CMG,ai_chip
109,COHR,industrial
109,COIN,utility
109,COST,software
109,CRM,defensive_bonds
109,CRWD,datacenter_hw
109,CRWV,datacenter_hw
109,CSCO,benchmark
109,CVS,consumer
109,CVX,consumer
109,D,real_estate
109,DDOG,datacenter_hw
109,DE,energy
109,DELL,ai_chip
109,DLR,software
109,DOCU,industrial
109,DUK,industrial
109,EME,giant_tech
109,EMR,software
109,EOG,finance
109,EQIX,ai_chip
109,ESTC,finance
109,ETN,datacenter_hw
109,FDX,industrial
109,FTNT,consumer
109,GE,datacenter_hw
109,GILD,ai_chip
109,GLD,healthcare
109,GLW,energy
109,GM,finance
109,GOOG,ai_chip
109,GRMN,real_estate
109,GS,consumer
109,GTLB,software
109,HD,consumer
109,HLT,ai_chip
109,HON,consumer
109,HOOD,consumer
109,HPE,ai_chip
109,HUBS,industrial
109,IBM,healthcare
109,INTC,industrial
109,INTU,software
109,JNJ,giant_tech
109,JPM,finance
109,KLAC,industrial
109,KMI,healthcare
109,KO,giant_tech
109,LHX,industrial
109,LITE,software
109,LLY,consumer
109,LMT,industrial
109,LOW,industrial
109,LRCX,industrial
109,MA,giant_tech
109,MCD,commodity
109,MCHP,giant_tech
109,MDB,software
109,MDT,telecom
109,META,consumer
109,MMM,consumer
109,MO,consumer
109,MPWR,healthcare
109,MRK,healthcare
109,MRVL,consumer
109,MS,energy
109,MSFT,ai_chip
109,MU,industrial
109,NEE,datacenter_hw
109,NEM,datacenter_hw
109,NET,finance
109,NFLX,giant_tech
109,NOW,software
109,NVDA,energy
109,NVO,finance
109,NVTS,commodity
109,NXPI,utility
109,OKTA,healthcare
109,ON,software
109,ORCL,finance
109,OXY,datacenter_hw
109,PANW,healthcare
109,PCTY,software
109,PG,finance
109,PGR,healthcare
109,PH,energy
109,PLTR,ai_chip
109,PM,energy
109,PNC,software
109,PYPL,datacenter_hw
109,QCOM,industrial
109,RBLX,ai_chip
109,RKLB,utility
109,ROST,software
109,RTX,software
109,SCHW,datacenter_hw
109,SHOP,energy
109,SMCI,consumer
109,SNOW,ai_chip
109,SO,finance
109,SOFI,ai_chip
109,SPCX,finance
109,SPG,industrial
109,SPOT,ai_chip
109,SPY,industrial
109,T,software
109,TEAM,finance
109,TJX,finance
109,TLT,datacenter_hw
109,TMO,utility
109,TSLA,datacenter_hw
109,TSM,software
109,TXN,healthcare
109,UNH,datacenter_hw
109,UNP,industrial
109,V,healthcare
109,VLO,ai_chip
109,VRT,finance
109,VTR,datacenter_hw
109,WDAY,consumer
109,WDC,software
109,WELL,ai_chip
109,WFC,finance
109,WMB,finance
109,WMT,ai_chip
109,XLE,software
109,XLF,ai_chip
109,XLI,finance
109,XLK,ai_chip
109,XLU,software
109,XLV,consumer
109,XLY,ai_chip
109,XOM,giant_tech
109,ZM,software
109,ZS,utility
110,AAPL,datacenter_hw
110,ABBV,real_estate
110,ADBE,software
110,ADI,consumer
110,AEP,industrial
110,AFRM,healthcare
110,AMAT,energy
110,AMD,energy
110,AMZN,finance
110,ANET,software
110,APH,software
110,APP,software
110,ASML,finance
110,ATI,datacenter_hw
110,AVGO,industrial
110,AXP,industrial
110,BA,healthcare
110,BAC,giant_tech
110,BLK,industrial
110,BMY,industrial
110,BWXT,ai_chip
110,C,finance
110,CAT,software
110,CME,ai_chip
110,CMG,industrial
110,COHR,ai_chip
110,COIN,finance
110,COST,datacenter_hw
110,CRM,software
110,CRWD,datacenter_hw
110,CRWV,finance
110,CSCO,benchmark
110,CVS,ai_chip
110,CVX,healthcare
110,D,software
110,DDOG,finance
110,DE,consumer
110,DELL,datacenter_hw
110,DLR,consumer
110,DOCU,healthcare
110,DUK,ai_chip
110,EME,finance
110,EMR,energy
110,EOG,software
110,EQIX,industrial
110,ESTC,datacenter_hw
110,ETN,utility
110,FDX,giant_tech
110,FTNT,ai_chip
110,GE,software
110,GILD,consumer
110,GLD,utility
110,GLW,ai_chip
110,GM,industrial
110,GOOG,energy
110,GRMN,consumer
110,GS,utility
110,GTLB,consumer
110,HD,software
110,HLT,commodity
110,HON,industrial
110,HOOD,datacenter_hw
110,HPE,industrial
110,HUBS,industrial
110,IBM,consumer
110,INTC,ai_chip
110,INTU,software
110,JNJ,datacenter_hw
110,JPM,consumer
110,KLAC,datacenter_hw
110,KMI,software
110,KO,finance
110,LHX,software
110,LITE,datacenter_hw
110,LLY,healthcare
110,LMT,energy
110,LOW,industrial
110,LRCX,real_estate
110,MA,finance
110,MCD,ai_chip
110,MCHP,ai_chip
110,MDB,giant_tech
110,MDT,industrial
110,META,healthcare
110,MMM,software
110,MO,software
110,MPWR,finance
110,MRK,telecom
110,MRVL,software
110,MS,ai_chip
110,MSFT,energy
110,MU,datacenter_hw
110,NEE,giant_tech
110,NEM,finance
110,NET,energy
110,NFLX,software
110,NOW,finance
110,NVDA,ai_chip
110,NVO,consumer
110,NVTS,consumer
110,NXPI,ai_chip
110,OKTA,healthcare
110,ON,ai_chip
110,ORCL,industrial
110,OXY,giant_tech
110,PANW,consumer
110,PCTY,consumer
110,PG,industrial
110,PGR,consumer
110,PH,consumer
110,PLTR,finance
110,PM,utility
110,PNC,software
110,PYPL,utility
110,QCOM,software
110,RBLX,software
110,RKLB,finance
110,ROST,ai_chip
110,RTX,healthcare
110,SCHW,giant_tech
110,SHOP,consumer
110,SMCI,healthcare
110,SNOW,healthcare
110,SO,datacenter_hw
110,SOFI,software
110,SPCX,ai_chip
110,SPG,industrial
110,SPOT,defensive_bonds
110,SPY,industrial
110,T,consumer
110,TEAM,industrial
110,TJX,finance
110,TLT,finance
110,TMO,real_estate
110,TSLA,giant_tech
110,TSM,finance
110,TXN,software
110,UNH,datacenter_hw
110,UNP,healthcare
110,V,ai_chip
110,VLO,energy
110,VRT,datacenter_hw
110,VTR,software
110,WDAY,giant_tech
110,WDC,industrial
110,WELL,software
110,WFC,finance
110,WMB,commodity
110,WMT,ai_chip
110,XLE,industrial
110,XLF,utility
110,XLI,industrial
110,XLK,software
110,XLU,software
110,XLV,finance
110,XLY,finance
110,XOM,healthcare
110,ZM,giant_tech
110,ZS,ai_chip
111,AAPL,consumer
111,ABBV,industrial
111,ADBE,software
111,ADI,healthcare
111,AEP,finance
111,AFRM,ai_chip
111,AMAT,ai_chip
111,AMD,finance
111,AMZN,software
111,ANET,utility
111,APH,industrial
111,APP,software
111,ASML,ai_chip
111,ATI,finance
111,AVGO,utility
111,AXP,consumer
111,BA,energy
111,BAC,industrial
111,BLK,healthcare
111,BMY,ai_chip
111,BWXT,software
111,C,utility
111,CAT,finance
111,CME,datacenter_hw
111,CMG,datacenter_hw
111,COHR,software
111,COIN,giant_tech
111,COST,finance
111,CRM,ai_chip
111,CRWD,healthcare
111,CRWV,healthcare
111,CSCO,software
111,CVS,giant_tech
111,CVX,industrial
111,D,consumer
111,DDOG,datacenter_hw
111,DE,consumer
111,DELL,ai_chip
111,DLR,datacenter_hw
111,DOCU,giant_tech
111,DUK,industrial
111,EME,giant_tech
111,EMR,software
111,EOG,industrial
111,EQIX,benchmark
111,ESTC,real_estate
111,ETN,software
111,FDX,ai_chip
111,FTNT,industrial
111,GE,datacenter_hw
111,GILD,software
111,GLD,software
111,GLW,industrial
111,GM,ai_chip
111,GOOG,healthcare
111,GRMN,finance
111,GS,commodity
111,GTLB,software
111,HD,consumer
111,HLT,software
111,HON,datacenter_hw
111,HOOD,finance
111,HPE,energy
111,HUBS,consumer
111,IBM,consumer
111,INTC,software
111,INTU,energy
111,JNJ,software
111,JPM,ai_chip
111,KLAC,finance
111,KMI,industrial
111,KO,consumer
111,LHX,ai_chip
111,LITE,healthcare
111,LLY,giant_tech
111,LMT,giant_tech
111,LOW,industrial
111,LRCX,software
111,MA,commodity
111,MCD,real_estate
111,MCHP,finance
111,MDB,healthcare
111,MDT,energy
111,META,software
111,MMM,consumer
111,MO,healthcare
111,MPWR,datacenter_hw
111,MRK,datacenter_hw
111,MRVL,industrial
111,MS,utility
111,MSFT,healthcare
111,MU,datacenter_hw
111,NEE,software
111,NEM,ai_chip
111,NET,ai_chip
111,NFLX,finance
111,NOW,ai_chip
111,NVDA,utility
111,NVO,finance
111,NVTS,finance
111,NXPI,consumer
111,OKTA,energy
111,ON,finance
111,ORCL,software
111,OXY,ai_chip
111,PANW,finance
111,PCTY,consumer
111,PG,healthcare
111,PGR,energy
111,PH,software
111,PLTR,industrial
111,PM,datacenter_hw
111,PNC,consumer
111,PYPL,energy
111,QCOM,ai_chip
111,RBLX,datacenter_hw
111,RKLB,finance
111,ROST,software
111,RTX,industrial
111,SCHW,software
111,SHOP,telecom
111,SMCI,utility
111,SNOW,giant_tech
111,SO,software
111,SOFI,software
111,SPCX,industrial
111,SPG,software
111,SPOT,software
111,SPY,consumer
111,T,industrial
111,TEAM,consumer
111,TJX,finance
111,TLT,industrial
111,TMO,finance
111,TSLA,healthcare
111,TSM,giant_tech
111,TXN,consumer
111,UNH,industrial
111,UNP,software
111,V,ai_chip
111,VLO,industrial
111,VRT,finance
111,VTR,finance
111,WDAY,ai_chip
111,WDC,healthcare
111,WELL,datacenter_hw
111,WFC,defensive_bonds
111,WMB,giant_tech
111,WMT,datacenter_hw
111,XLE,industrial
111,XLF,consumer
111,XLI,datacenter_hw
111,XLK,industrial
111,XLU,energy
111,XLV,finance
111,XLY,real_estate
111,XOM,industrial
111,ZM,ai_chip
111,ZS,ai_chip
112,AAPL,ai_chip
112,ABBV,healthcare
112,ADBE,datacenter_hw
112,ADI,software
112,AEP,ai_chip
112,AFRM,ai_chip
112,AMAT,industrial
112,AMD,software
112,AMZN,industrial
112,ANET,industrial
112,APH,datacenter_hw
112,APP,software
112,ASML,consumer
112,ATI,datacenter_hw
112,AVGO,consumer
112,AXP,software
112,BA,datacenter_hw
112,BAC,industrial
112,BLK,ai_chip
112,BMY,ai_chip
112,BWXT,consumer
112,C,ai_chip
112,CAT,consumer
112,CME,industrial
112,CMG,software
112,COHR,software
112,COIN,healthcare
112,COST,software
112,CRM,software
112,CRWD,giant_tech
112,CRWV,healthcare
112,CSCO,consumer
112,CVS,software
112,CVX,ai_chip
112,D,consumer
112,DDOG,ai_chip
112,DE,ai_chip
112,DELL,energy
112,DLR,ai_chip
112,DOCU,consumer
112,DUK,industrial
112,EME,real_estate
112,EMR,energy
112,EOG,software
112,EQIX,industrial
112,ESTC,consumer
112,ETN,healthcare
112,FDX,software
112,FTNT,ai_chip
112,GE,software
112,GILD,energy
112,GLD,finance
112,GLW,industrial
112,GM,utility
112,GOOG,energy
112,GRMN,software
112,GS,industrial
112,GTLB,software
112,HD,healthcare
112,HLT,finance
112,HON,real_estate
112,HOOD,giant_tech
112,HPE,ai_chip
112,HUBS,industrial
112,IBM,consumer
112,INTC,industrial
112,INTU,consumer
112,JNJ,software
112,JPM,datacenter_hw
112,KLAC,utility
112,KMI,finance
112,KO,software
112,LHX,datacenter_hw
112,LITE,finance
112,LLY,consumer
112,LMT,ai_chip
112,LOW,ai_chip
112,LRCX,industrial
112,MA,healthcare
112,MCD,healthcare
112,MCHP,giant_tech
112,MDB,commodity
112,MDT,industrial
112,META,healthcare
112,MMM,utility
112,MO,datacenter_hw
112,MPWR,datacenter_hw
112,MRK,finance
112,MRVL,datacenter_hw
112,MS,software
112,MSFT,software
112,MU,ai_chip
112,NEE,software
112,NEM,utility
112,NET,ai_chip
112,NFLX,defensive_bonds
112,NOW,finance
112,NVDA,industrial
112,NVO,energy
112,NVTS,healthcare
112,NXPI,finance
112,OKTA,healthcare
112,ON,finance
112,ORCL,industrial
112,OXY,ai_chip
112,PANW,giant_tech
112,PCTY,software
112,PG,finance
112,PGR,datacenter_hw
112,PH,commodity
112,PLTR,datacenter_hw
112,PM,finance
112,PNC,energy
112,PYPL,healthcare
112,QCOM,consumer
112,RBLX,finance
112,RKLB,software
112,ROST,giant_tech
112,RTX,finance
112,SCHW,energy
112,SHOP,real_estate
112,SMCI,giant_tech
112,SNOW,datacenter_hw
112,SO,software
112,SOFI,giant_tech
112,SPCX,consumer
112,SPG,ai_chip
112,SPOT,industrial
112,SPY,finance
112,T,giant_tech
112,TEAM,software
112,TJX,ai_chip
112,TLT,datacenter_hw
112,TMO,utility
112,TSLA,industrial
112,TSM,industrial
112,TXN,consumer
112,UNH,finance
112,UNP,giant_tech
112,V,energy
112,VLO,finance
112,VRT,consumer
112,VTR,software
112,WDAY,software
112,WDC,finance
112,WELL,industrial
112,WFC,industrial
112,WMB,finance
112,WMT,industrial
112,XLE,finance
112,XLF,healthcare
112,XLI,finance
112,XLK,benchmark
112,XLU,telecom
112,XLV,datacenter_hw
112,XLY,software
112,XOM,consumer
112,ZM,utility
112,ZS,finance
113,AAPL,industrial
113,ABBV,energy
113,ADBE,healthcare
113,ADI,giant_tech
113,AEP,industrial
113,AFRM,software
113,AMAT,datacenter_hw
113,AMD,software
113,AMZN,software
113,ANET,industrial
113,APH,datacenter_hw
113,APP,ai_chip
113,ASML,consumer
113,ATI,software
113,AVGO,consumer
113,AXP,finance
113,BA,consumer
113,BAC,healthcare
113,BLK,software
113,BMY,consumer
113,BWXT,software
113,C,datacenter_hw
113,CAT,healthcare
113,CME,datacenter_hw
113,CMG,finance
113,COHR,ai_chip
113,COIN,software
113,COST,consumer
113,CRM,finance
113,CRWD,ai_chip
113,CRWV,industrial
113,CSCO,consumer
113,CVS,industrial
113,CVX,software
113,D,ai_chip
113,DDOG,industrial
113,DE,healthcare
113,DELL,ai_chip
113,DLR,software
113,DOCU,industrial
113,DUK,finance
113,EME,finance
113,EMR,consumer
113,EOG,consumer
113,EQIX,finance
113,ESTC,commodity
113,ETN,finance
113,FDX,datacenter_hw
113,FTNT,ai_chip
113,GE,healthcare
113,GILD,finance
113,GLD,software
113,GLW,ai_chip
113,GM,software
113,GOOG,industrial
113,GRMN,healthcare
113,GS,giant_tech
113,GTLB,healthcare
113,HD,datacenter_hw
113,HLT,software
113,HON,ai_chip
113,HOOD,defensive_bonds
113,HPE,giant_tech
113,HUBS,ai_chip
113,IBM,finance
113,INTC,industrial
113,INTU,giant_tech
113,JNJ,consumer
113,JPM,datacenter_hw
113,KLAC,consumer
113,KMI,consumer
113,KO,telecom
113,LHX,commodity
113,LITE,finance
113,LLY,industrial
113,LMT,industrial
113,LOW,energy
113,LRCX,ai_chip
113,MA,industrial
113,MCD,utility
113,MCHP,industrial
113,MDB,healthcare
113,MDT,industrial
113,META,software
113,MMM,software
113,MO,software
113,MPWR,software
113,MRK,finance
113,MRVL,real_estate
113,MS,finance
113,MSFT,real_estate
113,MU,energy
113,NEE,real_estate
113,NEM,industrial
113,NET,industrial
113,NFLX,finance
113,NOW,consumer
113,NVDA,finance
113,NVO,ai_chip
113,NVTS,software
113,NXPI,energy
113,OKTA,software
113,ON,energy
113,ORCL,healthcare
113,OXY,consumer
113,PANW,ai_chip
113,PCTY,giant_tech
113,PG,industrial
113,PGR,software
113,PH,ai_chip
113,PLTR,finance
113,PM,software
113,PNC,finance
113,PYPL,industrial
113,QCOM,datacenter_hw
113,RBLX,utility
113,RKLB,datacenter_hw
113,ROST,datacenter_hw
113,RTX,datacenter_hw
113,SCHW,software
113,SHOP,software
113,SMCI,healthcare
113,SNOW,ai_chip
113,SO,datacenter_hw
113,SOFI,healthcare
113,SPCX,healthcare
113,SPG,finance
113,SPOT,ai_chip
113,SPY,giant_tech
113,T,industrial
113,TEAM,benchmark
113,TJX,energy
113,TLT,giant_tech
113,TMO,consumer
113,TSLA,software
113,TSM,software
113,TXN,software
113,UNH,utility
113,UNP,finance
113,V,consumer
113,VLO,finance
113,VRT,ai_chip
113,VTR,ai_chip
113,WDAY,ai_chip
113,WDC,finance
113,WELL,utility
113,WFC,software
113,WMB,giant_tech
113,WMT,industrial
113,XLE,energy
113,XLF,giant_tech
113,XLI,industrial
113,XLK,energy
113,XLU,datacenter_hw
113,XLV,consumer
113,XLY,datacenter_hw
113,XOM,ai_chip
113,ZM,utility
113,ZS,utility
114,AAPL,industrial
114,ABBV,ai_chip
114,ADBE,ai_chip
114,ADI,industrial
114,AEP,healthcare
114,AFRM,healthcare
114,AMAT,datacenter_hw
114,AMD,datacenter_hw
114,AMZN,industrial
114,ANET,consumer
114,APH,industrial
114,APP,giant_tech
114,ASML,finance
114,ATI,consumer
114,AVGO,real_estate
114,AXP,software
114,BA,utility
114,BAC,energy
114,BLK,finance
114,BMY,real_estate
114,BWXT,finance
114,C,utility
114,CAT,finance
114,CME,industrial
114,CMG,ai_chip
114,COHR,software
114,COIN,consumer
114,COST,consumer
114,CRM,ai_chip
114,CRWD,finance
114,CRWV,giant_tech
114,CSCO,finance
114,CVS,consumer
114,CVX,industrial
114,D,datacenter_hw
114,DDOG,datacenter_hw
114,DE,giant_tech
114,DELL,finance
114,DLR,software
114,DOCU,giant_tech
114,DUK,finance
114,EME,energy
114,EMR,utility
114,EOG,finance
114,EQIX,utility
114,ESTC,energy
114,ETN,finance
114,FDX,energy
114,FTNT,defensive_bonds
114,GE,software
114,GILD,software
114,GLD,ai_chip
114,GLW,industrial
114,GM,energy
114,GOOG,industrial
114,GRMN,finance
114,GS,industrial
114,GTLB,industrial
114,HD,consumer
114,HLT,finance
114,HON,datacenter_hw
114,HOOD,software
114,HPE,software
114,HUBS,ai_chip
114,IBM,healthcare
114,INTC,ai_chip
114,INTU,healthcare
114,JNJ,datacenter_hw
114,JPM,software
114,KLAC,software
114,KMI,software
114,KO,software
114,LHX,software
114,LITE,consumer
114,LLY,industrial
114,LMT,telecom
114,LOW,industrial
114,LRCX,software
114,MA,healthcare
114,MCD,healthcare
114,MCHP,ai_chip
114,MDB,ai_chip
114,MDT,software
114,META,healthcare
114,MMM,benchmark
114,MO,finance
114,MPWR,consumer
114,MRK,industrial
114,MRVL,commodity
114,MS,consumer
114,MSFT,software
114,MU,industrial
114,NEE,energy
114,NEM,healthcare
114,NET,industrial
114,NFLX,utility
114,NOW,industrial
114,NVDA,consumer
114,NVO,software
114,NVTS,datacenter_hw
114,NXPI,datacenter_hw
114,OKTA,finance
114,ON,consumer
114,ORCL,healthcare
114,OXY,industrial
114,PANW,datacenter_hw
114,PCTY,consumer
114,PG,healthcare
114,PGR,industrial
114,PH,ai_chip
114,PLTR,ai_chip
114,PM,ai_chip
114,PNC,software
114,PYPL,healthcare
114,QCOM,giant_tech
114,RBLX,energy
114,RKLB,consumer
114,ROST,ai_chip
114,RTX,software
114,SCHW,commodity
114,SHOP,finance
114,SMCI,finance
114,SNOW,energy
114,SO,ai_chip
114,SOFI,software
114,SPCX,ai_chip
114,SPG,industrial
114,SPOT,finance
114,SPY,consumer
114,T,giant_tech
114,TEAM,healthcare
114,TJX,datacenter_hw
114,TLT,software
114,TMO,ai_chip
114,TSLA,consumer
114,TSM,ai_chip
114,TXN,industrial
114,UNH,datacenter_hw
114,UNP,software
114,V,datacenter_hw
114,VLO,software
114,VRT,ai_chip
114,VTR,giant_tech
114,WDAY,real_estate
114,WDC,datacenter_hw
114,WELL,ai_chip
114,WFC,finance
114,WMB,finance
114,WMT,software
114,XLE,software
114,XLF,datacenter_hw
114,XLI,giant_tech
114,XLK,industrial
114,XLU,software
114,XLV,utility
114,XLY,consumer
114,XOM,giant_tech
114,ZM,software
114,ZS,finance
115,AAPL,ai_chip
115,ABBV,healthcare
115,ADBE,ai_chip
115,ADI,giant_tech
115,AEP,software
115,AFRM,finance
115,AMAT,real_estate
115,AMD,industrial
115,AMZN,healthcare
115,ANET,healthcare
115,APH,industrial
115,APP,finance
115,ASML,ai_chip
115,ATI,consumer
115,AVGO,finance
115,AXP,finance
115,BA,ai_chip
115,BAC,industrial
115,BLK,software
115,BMY,commodity
115,BWXT,healthcare
115,C,software
115,CAT,energy
115,CME,healthcare
115,CMG,benchmark
115,COHR,commodity
115,COIN,finance
115,COST,utility
115,CRM,utility
115,CRWD,healthcare
115,CRWV,datacenter_hw
115,CSCO,software
115,CVS,datacenter_hw
115,CVX,finance
115,D,software
115,DDOG,consumer
115,DE,giant_tech
115,DELL,software
115,DLR,healthcare
115,DOCU,industrial
115,DUK,giant_tech
115,EME,consumer
115,EMR,software
115,EOG,software
115,EQIX,software
115,ESTC,datacenter_hw
115,ETN,energy
115,FDX,software
115,FTNT,finance
115,GE,real_estate
115,GILD,ai_chip
115,GLD,defensive_bonds
115,GLW,giant_tech
115,GM,industrial
115,GOOG,finance
115,GRMN,utility
115,GS,ai_chip
115,GTLB,industrial
115,HD,software
115,HLT,industrial
115,HON,datacenter_hw
115,HOOD,software
115,HPE,utility
115,HUBS,consumer
115,IBM,consumer
115,INTC,consumer
115,INTU,energy
115,JNJ,industrial
115,JPM,finance
115,KLAC,finance
115,KMI,software
115,KO,industrial
115,LHX,finance
115,LITE,datacenter_hw
115,LLY,industrial
115,LMT,finance
115,LOW,software
115,LRCX,energy
115,MA,datacenter_hw
115,MCD,software
115,MCHP,software
115,MDB,industrial
115,MDT,consumer
115,META,ai_chip
115,MMM,industrial
115,MO,software
115,MPWR,industrial
115,MRK,ai_chip
115,MRVL,ai_chip
115,MS,energy
115,MSFT,consumer
115,MU,giant_tech
115,NEE,healthcare
115,NEM,consumer
115,NET,industrial
115,NFLX,giant_tech
115,NOW,consumer
115,NVDA,ai_chip
115,NVO,ai_chip
115,NVTS,finance
115,NXPI,datacenter_hw
115,OKTA,industrial
115,ON,software
115,ORCL,datacenter_hw
115,OXY,finance
115,PANW,healthcare
115,PCTY,finance
115,PG,finance
115,PGR,software
115,PH,datacenter_hw
115,PLTR,ai_chip
115,PM,software
115,PNC,datacenter_hw
115,PYPL,energy
115,QCOM,ai_chip
115,RBLX,industrial
115,RKLB,ai_chip
115,ROST,telecom
115,RTX,consumer
115,SCHW,ai_chip
115,SHOP,consumer
115,SMCI,energy
115,SNOW,software
115,SO,consumer
115,SOFI,utility
115,SPCX,ai_chip
115,SPG,energy
115,SPOT,industrial
115,SPY,utility
115,T,software
115,TEAM,datacenter_hw
115,TJX,industrial
115,TLT,finance
115,TMO,healthcare
115,TSLA,consumer
115,TSM,software
115,TXN,giant_tech
115,UNH,finance
115,UNP,finance
115,V,consumer
115,VLO,consumer
115,VRT,industrial
115,VTR,ai_chip
115,WDAY,industrial
115,WDC,software
115,WELL,giant_tech
115,WFC,software
115,WMB,datacenter_hw
115,WMT,healthcare
115,XLE,software
115,XLF,datacenter_hw
115,XLI,healthcare
115,XLK,ai_chip
115,XLU,industrial
115,XLV,ai_chip
115,XLY,giant_tech
115,XOM,datacenter_hw
115,ZM,real_estate
115,ZS,finance
116,AAPL,datacenter_hw
116,ABBV,software
116,ADBE,consumer
116,ADI,consumer
116,AEP,software
116,AFRM,healthcare
116,AMAT,software
116,AMD,industrial
116,AMZN,ai_chip
116,ANET,ai_chip
116,APH,finance
116,APP,consumer
116,ASML,software
116,ATI,consumer
116,AVGO,consumer
116,AXP,defensive_bonds
116,BA,energy
116,BAC,datacenter_hw
116,BLK,software
116,BMY,energy
116,BWXT,real_estate
116,C,datacenter_hw
116,CAT,finance
116,CME,finance
116,CMG,consumer
116,COHR,software
116,COIN,software
116,COST,healthcare
116,CRM,software
116,CRWD,healthcare
116,CRWV,industrial
116,CSCO,industrial
116,CVS,ai_chip
116,CVX,software
116,D,commodity
116,DDOG,industrial
116,DE,healthcare
116,DELL,industrial
116,DLR,ai_chip
116,DOCU,industrial
116,DUK,software
116,EME,datacenter_hw
116,EMR,consumer
116,EOG,finance
116,EQIX,consumer
116,ESTC,ai_chip
116,ETN,datacenter_hw
116,FDX,real_estate
116,FTNT,finance
116,GE,datacenter_hw
116,GILD,datacenter_hw
116,GLD,datacenter_hw
116,GLW,industrial
116,GM,finance
116,GOOG,finance
116,GRMN,ai_chip
116,GS,software
116,GTLB,finance
116,HD,healthcare
116,HLT,software
116,HON,finance
116,HOOD,finance
116,HPE,utility
116,HUBS,ai_chip
116,IBM,datacenter_hw
116,INTC,ai_chip
116,INTU,industrial
116,JNJ,consumer
116,JPM,energy
116,KLAC,giant_tech
116,KMI,ai_chip
116,KO,finance
116,LHX,consumer
116,LITE,giant_tech
116,LLY,giant_tech
116,LMT,finance
116,LOW,ai_chip
116,LRCX,energy
116,MA,software
116,MCD,industrial
116,MCHP,healthcare
116,MDB,consumer
116,MDT,software
116,META,healthcare
116,MMM,software
116,MO,industrial
116,MPWR,utility
116,MRK,energy
116,MRVL,software
116,MS,industrial
116,MSFT,ai_chip
116,MU,finance
116,NEE,datacenter_hw
116,NEM,software
116,NET,healthcare
116,NFLX,industrial
116,NOW,datacenter_hw
116,NVDA,software
116,NVO,industrial
116,NVTS,giant_tech
116,NXPI,real_estate
116,OKTA,utility
116,ON,healthcare
116,ORCL,finance
116,OXY,utility
116,PANW,healthcare
116,PCTY,industrial
116,PG,telecom
116,PGR,software
116,PH,industrial
116,PLTR,industrial
116,PM,industrial
116,PNC,industrial
116,PYPL,utility
116,QCOM,software
116,RBLX,ai_chip
116,RKLB,finance
116,ROST,software
116,RTX,ai_chip
116,SCHW,giant_tech
116,SHOP,consumer
116,SMCI,consumer
116,SNOW,ai_chip
116,SO,consumer
116,SOFI,ai_chip
116,SPCX,datacenter_hw
116,SPG,software
116,SPOT,finance
116,SPY,ai_chip
116,T,datacenter_hw
116,TEAM,datacenter_hw
116,TJX,benchmark
116,TLT,energy
116,TMO,software
116,TSLA,software
116,TSM,giant_tech
116,TXN,giant_tech
116,UNH,finance
116,UNP,software
116,V,giant_tech
116,VLO,commodity
116,VRT,industrial
116,VTR,finance
116,WDAY,consumer
116,WDC,ai_chip
116,WELL,ai_chip
116,WFC,giant_tech
116,WMB,finance
116,WMT,software
116,XLE,ai_chip
116,XLF,finance
116,XLI,industrial
116,XLK,energy
116,XLU,consumer
116,XLV,energy
116,XLY,healthcare
116,XOM,healthcare
116,ZM,industrial
116,ZS,utility
117,AAPL,giant_tech
117,ABBV,datacenter_hw
117,ADBE,software
117,ADI,software
117,AEP,consumer
117,AFRM,software
117,AMAT,consumer
117,AMD,software
117,AMZN,industrial
117,ANET,software
117,APH,ai_chip
117,APP,industrial
117,ASML,software
117,ATI,healthcare
117,AVGO,industrial
117,AXP,utility
117,BA,energy
117,BAC,utility
117,BLK,industrial
117,BMY,software
117,BWXT,consumer
117,C,datacenter_hw
117,CAT,software
117,CME,healthcare
117,CMG,industrial
117,COHR,finance
117,COIN,software
117,COST,energy
117,CRM,datacenter_hw
117,CRWD,giant_tech
117,CRWV,finance
117,CSCO,commodity
117,CVS,software
117,CVX,giant_tech
117,D,energy
117,DDOG,software
117,DE,finance
117,DELL,ai_chip
117,DLR,healthcare
117,DOCU,healthcare
117,DUK,industrial
117,EME,ai_chip
117,EMR,finance
117,EOG,finance
117,EQIX,finance
117,ESTC,real_estate
117,ETN,ai_chip
117,FDX,consumer
117,FTNT,healthcare
117,GE,benchmark
117,GILD,industrial
117,GLD,energy
117,GLW,healthcare
117,GM,utility
117,GOOG,utility
117,GRMN,consumer
117,GS,datacenter_hw
117,GTLB,software
117,HD,software
117,HLT,healthcare
117,HON,ai_chip
117,HOOD,consumer
117,HPE,healthcare
117,HUBS,industrial
117,IBM,industrial
117,INTC,ai_chip
117,INTU,industrial
117,JNJ,finance
117,JPM,industrial
117,KLAC,healthcare
117,KMI,consumer
117,KO,industrial
117,LHX,consumer
117,LITE,consumer
117,LLY,ai_chip
117,LMT,defensive_bonds
117,LOW,software
117,LRCX,ai_chip
117,MA,telecom
117,MCD,healthcare
117,MCHP,consumer
117,MDB,industrial
117,MDT,finance
117,META,consumer
117,MMM,industrial
117,MO,datacenter_hw
117,MPWR,software
117,MRK,finance
117,MRVL,finance
117,MS,software
117,MSFT,software
117,MU,software
117,NEE,software
117,NEM,ai_chip
117,NET,datacenter_hw
117,NFLX,energy
117,NOW,finance
117,NVDA,ai_chip
117,NVO,energy
117,NVTS,finance
117,NXPI,ai_chip
117,OKTA,healthcare
117,ON,industrial
117,ORCL,finance
117,OXY,software
117,PANW,software
117,PCTY,consumer
117,PG,software
117,PGR,industrial
117,PH,real_estate
117,PLTR,real_estate
117,PM,finance
117,PNC,industrial
117,PYPL,ai_chip
117,QCOM,giant_tech
117,RBLX,giant_tech
117,RKLB,consumer
117,ROST,datacenter_hw
117,RTX,giant_tech
117,SCHW,giant_tech
117,SHOP,finance
117,SMCI,energy
117,SNOW,finance
117,SO,energy
117,SOFI,finance
117,SPCX,software
117,SPG,software
117,SPOT,consumer
117,SPY,ai_chip
117,T,datacenter_hw
117,TEAM,healthcare
117,TJX,ai_chip
117,TLT,datacenter_hw
117,TMO,software
117,TSLA,ai_chip
117,TSM,datacenter_hw
117,TXN,utility
117,UNH,ai_chip
117,UNP,datacenter_hw
117,V,finance
117,VLO,datacenter_hw
117,VRT,consumer
117,VTR,giant_tech
117,WDAY,commodity
117,WDC,industrial
117,WELL,utility
117,WFC,ai_chip
117,WMB,datacenter_hw
117,WMT,software
117,XLE,industrial
117,XLF,industrial
117,XLI,finance
117,XLK,giant_tech
117,XLU,industrial
117,XLV,consumer
117,XLY,datacenter_hw
117,XOM,ai_chip
117,ZM,ai_chip
117,ZS,finance
118,AAPL,real_estate
118,ABBV,finance
118,ADBE,ai_chip
118,ADI,industrial
118,AEP,healthcare
118,AFRM,healthcare
118,AMAT,utility
118,AMD,finance
118,AMZN,giant_tech
118,ANET,ai_chip
118,APH,datacenter_hw
118,APP,healthcare
118,ASML,finance
118,ATI,ai_chip
118,AVGO,software
118,AXP,utility
118,BA,ai_chip
118,BAC,consumer
118,BLK,industrial
118,BMY,industrial
118,BWXT,software
118,C,software
118,CAT,giant_tech
118,CME,software
118,CMG,datacenter_hw
118,COHR,healthcare
118,COIN,finance
118,COST,real_estate
118,CRM,software
118,CRWD,datacenter_hw
118,CRWV,industrial
118,CSCO,datacenter_hw
118,CVS,industrial
118,CVX,consumer
118,D,finance
118,DDOG,datacenter_hw
118,DE,industrial
118,DELL,healthcare
118,DLR,software
118,DOCU,datacenter_hw
118,DUK,consumer
118,EME,datacenter_hw
118,EMR,ai_chip
118,EOG,energy
118,EQIX,defensive_bonds
118,ESTC,ai_chip
118,ETN,software
118,FDX,industrial
118,FTNT,ai_chip
118,GE,ai_chip
118,GILD,industrial
118,GLD,telecom
118,GLW,software
118,GM,software
118,GOOG,software
118,GRMN,ai_chip
118,GS,datacenter_hw
118,GTLB,datacenter_hw
118,HD,energy
118,HLT,software
118,HON,giant_tech
118,HOOD,finance
118,HPE,consumer
118,HUBS,consumer
118,IBM,industrial
118,INTC,software
118,INTU,consumer
118,JNJ,software
118,JPM,finance
118,KLAC,giant_tech
118,KMI,energy
118,KO,software
118,LHX,software
118,LITE,ai_chip
118,LLY,healthcare
118,LMT,energy
118,LOW,finance
118,LRCX,finance
118,MA,finance
118,MCD,ai_chip
118,MCHP,finance
118,MDB,consumer
118,MDT,datacenter_hw
118,META,ai_chip
118,MMM,utility
118,MO,datacenter_hw
118,MPWR,datacenter_hw
118,MRK,consumer
118,MRVL,software
118,MS,software
118,MSFT,industrial
118,MU,software
118,NEE,giant_tech
118,NEM,industrial
118,NET,healthcare
118,NFLX,energy
118,NOW,utility
118,NVDA,ai_chip
118,NVO,energy
118,NVTS,industrial
118,NXPI,consumer
118,OKTA,finance
118,ON,consumer
118,ORCL,utility
118,OXY,consumer
118,PANW,giant_tech
118,PCTY,ai_chip
118,PG,industrial
118,PGR,software
118,PH,finance
118,PLTR,datacenter_hw
118,PM,commodity
118,PNC,industrial
118,PYPL,software
118,QCOM,ai_chip
118,RBLX,consumer
118,RKLB,healthcare
118,ROST,industrial
118,RTX,energy
118,SCHW,finance
118,SHOP,healthcare
118,SMCI,finance
118,SNOW,energy
118,SO,benchmark
118,SOFI,industrial
118,SPCX,industrial
118,SPG,consumer
118,SPOT,healthcare
118,SPY,giant_tech
118,T,finance
118,TEAM,finance
118,TJX,ai_chip
118,TLT,industrial
118,TMO,software
118,TSLA,consumer
118,TSM,software
118,TXN,software
118,UNH,giant_tech
118,UNP,ai_chip
118,V,consumer
118,VLO,giant_tech
118,VRT,industrial
118,VTR,ai_chip
118,WDAY,commodity
118,WDC,real_estate
118,WELL,healthcare
118,WFC,consumer
118,WMB,software
118,WMT,software
118,XLE,finance
118,XLF,software
118,XLI,ai_chip
118,XLK,utility
118,XLU,finance
118,XLV,datacenter_hw
118,XLY,industrial
118,XOM,industrial
118,ZM,healthcare
118,ZS,finance
119,AAPL,software
119,ABBV,software
119,ADBE,software
119,ADI,software
119,AEP,industrial
119,AFRM,industrial
119,AMAT,consumer
119,AMD,consumer
119,AMZN,utility
119,ANET,real_estate
119,APH,energy
119,APP,finance
119,ASML,giant_tech
119,ATI,consumer
119,AVGO,software
119,AXP,ai_chip
119,BA,industrial
119,BAC,healthcare
119,BLK,ai_chip
119,BMY,software
119,BWXT,consumer
119,C,consumer
119,CAT,industrial
119,CME,software
119,CMG,software
119,COHR,finance
119,COIN,healthcare
119,COST,finance
119,CRM,consumer
119,CRWD,industrial
119,CRWV,ai_chip
119,CSCO,ai_chip
119,CVS,software
119,CVX,ai_chip
119,D,giant_tech
119,DDOG,datacenter_hw
119,DE,software
119,DELL,industrial
119,DLR,giant_tech
119,DOCU,finance
119,DUK,giant_tech
119,EME,telecom
119,EMR,consumer
119,EOG,giant_tech
119,EQIX,energy
119,ESTC,software
119,ETN,finance
119,FDX,consumer
119,FTNT,software
119,GE,finance
119,GILD,ai_chip
119,GLD,utility
119,GLW,industrial
119,GM,ai_chip
119,GOOG,datacenter_hw
119,GRMN,utility
119,GS,ai_chip
119,GTLB,finance
119,HD,giant_tech
119,HLT,software
119,HON,industrial
119,HOOD,datacenter_hw
119,HPE,healthcare
119,HUBS,ai_chip
119,IBM,commodity
119,INTC,consumer
119,INTU,consumer
119,JNJ,software
119,JPM,finance
119,KLAC,finance
119,KMI,healthcare
119,KO,giant_tech
119,LHX,software
119,LITE,industrial
119,LLY,software
119,LMT,consumer
119,LOW,industrial
119,LRCX,healthcare
119,MA,ai_chip
119,MCD,healthcare
119,MCHP,industrial
119,MDB,datacenter_hw
119,MDT,ai_chip
119,META,energy
119,MMM,utility
119,MO,finance
119,MPWR,datacenter_hw
119,MRK,software
119,MRVL,energy
119,MS,industrial
119,MSFT,healthcare
119,MU,energy
119,NEE,ai_chip
119,NEM,benchmark
119,NET,healthcare
119,NFLX,software
119,NOW,energy
119,NVDA,giant_tech
119,NVO,utility
119,NVTS,ai_chip
119,NXPI,consumer
119,OKTA,datacenter_hw
119,ON,datacenter_hw
119,ORCL,industrial
119,OXY,finance
119,PANW,consumer
119,PCTY,software
119,PG,finance
119,PGR,industrial
119,PH,finance
119,PLTR,giant_tech
119,PM,commodity
119,PNC,ai_chip
119,PYPL,software
119,QCOM,finance
119,RBLX,datacenter_hw
119,RKLB,consumer
119,ROST,finance
119,RTX,industrial
119,SCHW,industrial
119,SHOP,industrial
119,SMCI,ai_chip
119,SNOW,industrial
119,SO,software
119,SOFI,software
119,SPCX,software
119,SPG,industrial
119,SPOT,software
119,SPY,ai_chip
119,T,finance
119,TEAM,software
119,TJX,datacenter_hw
119,TLT,datacenter_hw
119,TMO,healthcare
119,TSLA,finance
119,TSM,healthcare
119,TXN,finance
119,UNH,energy
119,UNP,energy
119,V,ai_chip
119,VLO,real_estate
119,VRT,datacenter_hw
119,VTR,real_estate
119,WDAY,software
119,WDC,datacenter_hw
119,WELL,datacenter_hw
119,WFC,consumer
119,WMB,healthcare
119,WMT,ai_chip
119,XLE,utility
119,XLF,industrial
119,XLI,industrial
119,XLK,consumer
119,XLU,finance
119,XLV,healthcare
119,XLY,datacenter_hw
119,XOM,defensive_bonds
119,ZM,finance
119,ZS,ai_chip
120,AAPL,healthcare
120,ABBV,energy
120,ADBE,finance
120,ADI,utility
120,AEP,utility
120,AFRM,energy
120,AMAT,industrial
120,AMD,ai_chip
120,AMZN,consumer
120,ANET,consumer
120,APH,giant_tech
120,APP,giant_tech
120,ASML,industrial
120,ATI,finance
120,AVGO,real_estate
120,AXP,industrial
120,BA,finance
120,BAC,consumer
120,BLK,ai_chip
120,BMY,software
120,BWXT,datacenter_hw
120,C,healthcare
120,CAT,finance
120,CME,software
120,CMG,healthcare
120,COHR,software
120,COIN,datacenter_hw
120,COST,software
120,CRM,real_estate
120,CRWD,consumer
120,CRWV,finance
120,CSCO,consumer
120,CVS,healthcare
120,CVX,software
120,D,giant_tech
120,DDOG,consumer
120,DE,industrial
120,DELL,datacenter_hw
120,DLR,giant_tech
120,DOCU,ai_chip
120,DUK,consumer
120,EME,ai_chip
120,EMR,datacenter_hw
120,EOG,software
120,EQIX,software
120,ESTC,giant_tech
120,ETN,consumer
120,FDX,finance
120,FTNT,datacenter_hw
120,GE,ai_chip
120,GILD,energy
120,GLD,software
120,GLW,ai_chip
120,GM,defensive_bonds
120,GOOG,software
120,GRMN,commodity
120,GS,industrial
120,GTLB,software
120,HD,industrial
120,HLT,finance
120,HON,industrial
120,HOOD,industrial
120,HPE,industrial
120,HUBS,industrial
120,IBM,datacenter_hw
120,INTC,utility
120,INTU,datacenter_hw
120,JNJ,giant_tech
120,JPM,finance
120,KLAC,healthcare
120,KMI,finance
120,KO,industrial
120,LHX,finance
120,LITE,telecom
120,LLY,software
120,LMT,energy
120,LOW,datacenter_hw
120,LRCX,software
120,MA,consumer
120,MCD,datacenter_hw
120,MCHP,commodity
120,MDB,ai_chip
120,MDT,benchmark
120,META,industrial
120,MMM,consumer
120,MO,giant_tech
120,MPWR,software
120,MRK,software
120,MRVL,software
120,MS,giant_tech
120,MSFT,finance
120,MU,healthcare
120,NEE,industrial
120,NEM,datacenter_hw
120,NET,ai_chip
120,NFLX,consumer
120,NOW,consumer
120,NVDA,finance
120,NVO,software
120,NVTS,finance
120,NXPI,software
120,OKTA,healthcare
120,ON,consumer
120,ORCL,consumer
120,OXY,energy
120,PANW,ai_chip
120,PCTY,software
120,PG,software
120,PGR,finance
120,PH,ai_chip
120,PLTR,industrial
120,PM,software
120,PNC,ai_chip
120,PYPL,datacenter_hw
120,QCOM,industrial
120,RBLX,utility
120,RKLB,ai_chip
120,ROST,utility
120,RTX,software
120,SCHW,healthcare
120,SHOP,finance
120,SMCI,software
120,SNOW,datacenter_hw
120,SO,healthcare
120,SOFI,consumer
120,SPCX,datacenter_hw
120,SPG,healthcare
120,SPOT,consumer
120,SPY,industrial
120,T,software
120,TEAM,energy
120,TJX,ai_chip
120,TLT,healthcare
120,TMO,ai_chip
120,TSLA,finance
120,TSM,finance
120,TXN,finance
120,UNH,software
120,UNP,ai_chip
120,V,industrial
120,VLO,ai_chip
120,VRT,software
120,VTR,ai_chip
120,WDAY,healthcare
120,WDC,real_estate
120,WELL,ai_chip
120,WFC,industrial
120,WMB,utility
120,WMT,energy
120,XLE,industrial
120,XLF,industrial
120,XLI,ai_chip
120,XLK,finance
120,XLU,datacenter_hw
120,XLV,software
120,XLY,giant_tech
120,XOM,industrial
120,ZM,energy
120,ZS,finance
121,AAPL,finance
121,ABBV,finance
121,ADBE,datacenter_hw
121,ADI,industrial
121,AEP,datacenter_hw
121,AFRM,software
121,AMAT,utility
121,AMD,consumer
121,AMZN,industrial
121,ANET,utility
121,APH,datacenter_hw
121,APP,datacenter_hw
121,ASML,datacenter_hw
121,ATI,utility
121,AVGO,commodity
121,AXP,energy
121,BA,industrial
121,BAC,ai_chip
121,BLK,datacenter_hw
121,BMY,software
121,BWXT,software
121,C,healthcare
121,CAT,industrial
121,CME,healthcare
121,CMG,finance
121,COHR,energy
121,COIN,industrial
121,COST,software
121,CRM,energy
121,CRWD,ai_chip
121,CRWV,software
121,CSCO,ai_chip
121,CVS,ai_chip
121,CVX,ai_chip
121,D,datacenter_hw
121,DDOG,software
121,DE,energy
121,DELL,industrial
121,DLR,datacenter_hw
121,DOCU,utility
121,DUK,consumer
121,EME,industrial
121,EMR,datacenter_hw
121,EOG,ai_chip
121,EQIX,finance
121,ESTC,software
121,ETN,ai_chip
121,FDX,finance
121,FTNT,ai_chip
121,GE,benchmark
121,GILD,real_estate
121,GLD,finance
121,GLW,consumer
121,GM,consumer
121,GOOG,healthcare
121,GRMN,energy
121,GS,giant_tech
121,GTLB,energy
121,HD,healthcare
121,HLT,software
121,HON,industrial
121,HOOD,defensive_bonds
121,HPE,giant_tech
121,HUBS,datacenter_hw
121,IBM,finance
121,INTC,ai_chip
121,INTU,software
121,JNJ,ai_chip
121,JPM,healthcare
121,KLAC,healthcare
121,KMI,finance
121,KO,software
121,LHX,healthcare
121,LITE,industrial
121,LLY,giant_tech
121,LMT,finance
121,LOW,real_estate
121,LRCX,software
121,MA,finance
121,MCD,consumer
121,MCHP,industrial
121,MDB,consumer
121,MDT,software
121,META,finance
121,MMM,industrial
121,MO,software
121,MPWR,utility
121,MRK,real_estate
121,MRVL,ai_chip
121,MS,industrial
121,MSFT,datacenter_hw
121,MU,healthcare
121,NEE,software
121,NEM,energy
121,NET,giant_tech
121,NFLX,software
121,NOW,utility
121,NVDA,ai_chip
121,NVO,software
121,NVTS,software
121,NXPI,giant_tech
121,OKTA,industrial
121,ON,finance
121,ORCL,datacenter_hw
121,OXY,industrial
121,PANW,industrial
121,PCTY,consumer
121,PG,software
121,PGR,software
121,PH,finance
121,PLTR,healthcare
121,PM,software
121,PNC,software
121,PYPL,industrial
121,QCOM,ai_chip
121,RBLX,industrial
121,RKLB,giant_tech
121,ROST,finance
121,RTX,commodity
121,SCHW,industrial
121,SHOP,giant_tech
121,SMCI,healthcare
121,SNOW,software
121,SO,consumer
121,SOFI,software
121,SPCX,healthcare
121,SPG,finance
121,SPOT,ai_chip
121,SPY,ai_chip
121,T,giant_tech
121,TEAM,software
121,TJX,industrial
121,TLT,finance
121,TMO,ai_chip
121,TSLA,consumer
121,TSM,industrial
121,TXN,software
121,UNH,datacenter_hw
121,UNP,consumer
121,V,ai_chip
121,VLO,consumer
121,VRT,industrial
121,VTR,finance
121,WDAY,consumer
121,WDC,software
121,WELL,healthcare
121,WFC,ai_chip
121,WMB,finance
121,WMT,consumer
121,XLE,consumer
121,XLF,telecom
121,XLI,consumer
121,XLK,energy
121,XLU,finance
121,XLV,ai_chip
121,XLY,datacenter_hw
121,XOM,finance
121,ZM,consumer
121,ZS,giant_tech
122,AAPL,consumer
122,ABBV,healthcare
122,ADBE,ai_chip
122,ADI,software
122,AEP,ai_chip
122,AFRM,finance
122,AMAT,consumer
122,AMD,commodity
122,AMZN,industrial
122,ANET,datacenter_hw
122,APH,datacenter_hw
122,APP,software
122,ASML,industrial
122,ATI,finance
122,AVGO,energy
122,AXP,datacenter_hw
122,BA,utility
122,BAC,ai_chip
122,BLK,healthcare
122,BMY,software
122,BWXT,finance
122,C,healthcare
122,CAT,ai_chip
122,CME,industrial
122,CMG,industrial
122,COHR,giant_tech
122,COIN,healthcare
122,COST,software
122,CRM,real_estate
122,CRWD,software
122,CRWV,software
122,CSCO,software
122,CVS,industrial
122,CVX,industrial
122,D,software
122,DDOG,industrial
122,DE,ai_chip
122,DELL,finance
122,DLR,ai_chip
122,DOCU,consumer
122,DUK,finance
122,EME,consumer
122,EMR,finance
122,EOG,finance
122,EQIX,consumer
122,ESTC,energy
122,ETN,energy
122,FDX,software
122,FTNT,finance
122,GE,ai_chip
122,GILD,benchmark
122,GLD,industrial
122,GLW,industrial
122,GM,software
122,GOOG,software
122,GRMN,giant_tech
122,GS,utility
122,GTLB,industrial
122,HD,industrial
122,HLT,ai_chip
122,HON,healthcare
122,HOOD,consumer
122,HPE,industrial
122,HUBS,software
122,IBM,ai_chip
122,INTC,giant_tech
122,INTU,software
122,JNJ,utility
122,JPM,commodity
122,KLAC,finance
122,KMI,consumer
122,KO,industrial
122,LHX,datacenter_hw
122,LITE,consumer
122,LLY,ai_chip
122,LMT,ai_chip
122,LOW,real_estate
122,LRCX,datacenter_hw
122,MA,consumer
122,MCD,datacenter_hw
122,MCHP,giant_tech
122,MDB,healthcare
122,MDT,finance
122,META,consumer
122,MMM,defensive_bonds
122,MO,ai_chip
122,MPWR,industrial
122,MRK,datacenter_hw
122,MRVL,healthcare
122,MS,consumer
122,MSFT,industrial
122,MU,ai_chip
122,NEE,datacenter_hw
122,NEM,finance
122,NET,healthcare
122,NFLX,consumer
122,NOW,software
122,NVDA,finance
122,NVO,giant_tech
122,NVTS,software
122,NXPI,finance
122,OKTA,industrial
122,ON,real_estate
122,ORCL,industrial
122,OXY,finance
122,PANW,ai_chip
122,PCTY,energy
122,PG,industrial
122,PGR,datacenter_hw
122,PH,energy
122,PLTR,utility
122,PM,finance
122,PNC,healthcare
122,PYPL,giant_tech
122,QCOM,datacenter_hw
122,RBLX,datacenter_hw
122,RKLB,consumer
122,ROST,software
122,RTX,industrial
122,SCHW,ai_chip
122,SHOP,energy
122,SMCI,healthcare
122,SNOW,giant_tech
122,SO,software
122,SOFI,finance
122,SPCX,consumer
122,SPG,datacenter_hw
122,SPOT,software
122,SPY,finance
122,T,giant_tech
122,TEAM,ai_chip
122,TJX,energy
122,TLT,ai_chip
122,TMO,healthcare
122,TSLA,finance
122,TSM,software
122,TXN,software
122,UNH,giant_tech
122,UNP,datacenter_hw
122,V,utility
122,VLO,ai_chip
122,VRT,industrial
122,VTR,software
122,WDAY,healthcare
122,WDC,software
122,WELL,finance
122,WFC,software
122,WMB,software
122,WMT,energy
122,XLE,finance
122,XLF,software
122,XLI,software
122,XLK,industrial
122,XLU,ai_chip
122,XLV,utility
122,XLY,telecom
122,XOM,consumer
122,ZM,datacenter_hw
122,ZS,consumer
123,AAPL,datacenter_hw
123,ABBV,consumer
123,ADBE,finance
123,ADI,finance
123,AEP,software
123,AFRM,ai_chip
123,AMAT,real_estate
123,AMD,ai_chip
123,AMZN,ai_chip
123,ANET,industrial
123,APH,healthcare
123,APP,healthcare
123,ASML,software
123,ATI,consumer
123,AVGO,ai_chip
123,AXP,finance
123,BA,software
123,BAC,software
123,BLK,utility
123,BMY,finance
123,BWXT,datacenter_hw
123,C,software
123,CAT,ai_chip
123,CME,industrial
123,CMG,giant_tech
123,COHR,software
123,COIN,ai_chip
123,COST,software
123,CRM,datacenter_hw
123,CRWD,energy
123,CRWV,ai_chip
123,CSCO,finance
123,CVS,finance
123,CVX,software
123,D,utility
123,DDOG,giant_tech
123,DE,software
123,DELL,finance
123,DLR,energy
123,DOCU,finance
123,DUK,defensive_bonds
123,EME,giant_tech
123,EMR,consumer
123,EOG,datacenter_hw
123,EQIX,utility
123,ESTC,finance
123,ETN,industrial
123,FDX,energy
123,FTNT,industrial
123,GE,giant_tech
123,GILD,real_estate
123,GLD,healthcare
123,GLW,software
123,GM,industrial
123,GOOG,software
123,GRMN,finance
123,GS,finance
123,GTLB,consumer
123,HD,software
123,HLT,ai_chip
123,HON,datacenter_hw
123,HOOD,ai_chip
123,HPE,healthcare
123,HUBS,ai_chip
123,IBM,datacenter_hw
123,INTC,software
123,INTU,industrial
123,JNJ,giant_tech
123,JPM,ai_chip
123,KLAC,healthcare
123,KMI,consumer
123,KO,giant_tech
123,LHX,consumer
123,LITE,healthcare
123,LLY,consumer
123,LMT,healthcare
123,LOW,ai_chip
123,LRCX,datacenter_hw
123,MA,industrial
123,MCD,software
123,MCHP,benchmark
123,MDB,finance
123,MDT,datacenter_hw
123,META,industrial
123,MMM,software
123,MO,software
123,MPWR,energy
123,MRK,utility
123,MRVL,software
123,MS,consumer
123,MSFT,consumer
123,MU,healthcare
123,NEE,software
123,NEM,industrial
123,NET,industrial
123,NFLX,telecom
123,NOW,datacenter_hw
123,NVDA,industrial
123,NVO,consumer
123,NVTS,software
123,NXPI,consumer
123,OKTA,software
123,ON,industrial
123,ORCL,ai_chip
123,OXY,giant_tech
123,PANW,industrial
123,PCTY,industrial
123,PG,finance
123,PGR,healthcare
123,PH,ai_chip
123,PLTR,datacenter_hw
123,PM,giant_tech
123,PNC,energy
123,PYPL,commodity
123,QCOM,giant_tech
123,RBLX,energy
123,RKLB,consumer
123,ROST,industrial
123,RTX,software
123,SCHW,utility
123,SHOP,finance
123,SMCI,industrial
123,SNOW,healthcare
123,SO,ai_chip
123,SOFI,finance
123,SPCX,industrial
123,SPG,finance
123,SPOT,software
123,SPY,finance
123,T,commodity
123,TEAM,industrial
123,TJX,healthcare
123,TLT,consumer
123,TMO,industrial
123,TSLA,consumer
123,TSM,healthcare
123,TXN,real_estate
123,UNH,software
123,UNP,consumer
123,V,finance
123,VLO,energy
123,VRT,software
123,VTR,industrial
123,WDAY,ai_chip
123,WDC,ai_chip
123,WELL,energy
123,WFC,datacenter_hw
123,WMB,ai_chip
123,WMT,ai_chip
123,XLE,software
123,XLF,datacenter_hw
123,XLI,datacenter_hw
123,XLK,datacenter_hw
123,XLU,consumer
123,XLV,finance
123,XLY,industrial
123,XOM,finance
123,ZM,software
123,ZS,utility
124,AAPL,utility
124,ABBV,software
124,ADBE,datacenter_hw
124,ADI,ai_chip
124,AEP,consumer
124,AFRM,consumer
124,AMAT,datacenter_hw
124,AMD,software
124,AMZN,healthcare
124,ANET,defensive_bonds
124,APH,healthcare
124,APP,consumer
124,ASML,industrial
124,ATI,commodity
124,AVGO,software
124,AXP,ai_chip
124,BA,software
124,BAC,consumer
124,BLK,consumer
124,BMY,finance
124,BWXT,industrial
124,C,energy
124,CAT,software
124,CME,consumer
124,CMG,ai_chip
124,COHR,real_estate
124,COIN,energy
124,COST,software
124,CRM,finance
124,CRWD,energy
124,CRWV,benchmark
124,CSCO,industrial
124,CVS,industrial
124,CVX,commodity
124,D,finance
124,DDOG,datacenter_hw
124,DE,finance
124,DELL,ai_chip
124,DLR,software
124,DOCU,datacenter_hw
124,DUK,giant_tech
124,EME,datacenter_hw
124,EMR,software
124,EOG,ai_chip
124,EQIX,finance
124,ESTC,energy
124,ETN,finance
124,FDX,industrial
124,FTNT,industrial
124,GE,consumer
124,GILD,datacenter_hw
124,GLD,finance
124,GLW,utility
124,GM,industrial
124,GOOG,software
124,GRMN,giant_tech
124,GS,healthcare
124,GTLB,ai_chip
124,HD,telecom
124,HLT,software
124,HON,industrial
124,HOOD,finance
124,HPE,datacenter_hw
124,HUBS,software
124,IBM,ai_chip
124,INTC,software
124,INTU,healthcare
124,JNJ,industrial
124,JPM,software
124,KLAC,datacenter_hw
124,KMI,software
124,KO,utility
124,LHX,ai_chip
124,LITE,software
124,LLY,healthcare
124,LMT,ai_chip
124,LOW,healthcare
124,LRCX,datacenter_hw
124,MA,giant_tech
124,MCD,datacenter_hw
124,MCHP,software
124,MDB,ai_chip
124,MDT,datacenter_hw
124,META,finance
124,MMM,ai_chip
124,MO,consumer
124,MPWR,ai_chip
124,MRK,healthcare
124,MRVL,ai_chip
124,MS,ai_chip
124,MSFT,industrial
124,MU,giant_tech
124,NEE,software
124,NEM,healthcare
124,NET,software
124,NFLX,finance
124,NOW,finance
124,NVDA,industrial
124,NVO,giant_tech
124,NVTS,industrial
124,NXPI,consumer
124,OKTA,giant_tech
124,ON,finance
124,ORCL,industrial
124,OXY,finance
124,PANW,industrial
124,PCTY,industrial
124,PG,software
124,PGR,software
124,PH,software
124,PLTR,healthcare
124,PM,giant_tech
124,PNC,finance
124,PYPL,finance
124,QCOM,software
124,RBLX,utility
124,RKLB,real_estate
124,ROST,industrial
124,RTX,energy
124,SCHW,finance
124,SHOP,energy
124,SMCI,finance
124,SNOW,finance
124,SO,energy
124,SOFI,consumer
124,SPCX,utility
124,SPG,datacenter_hw
124,SPOT,consumer
124,SPY,ai_chip
124,T,giant_tech
124,TEAM,consumer
124,TJX,finance
124,TLT,datacenter_hw
124,TMO,energy
124,TSLA,healthcare
124,TSM,industrial
124,TXN,real_estate
124,UNH,software
124,UNP,healthcare
124,V,software
124,VLO,ai_chip
124,VRT,ai_chip
124,VTR,datacenter_hw
124,WDAY,consumer
124,WDC,software
124,WELL,utility
124,WFC,industrial
124,WMB,healthcare
124,WMT,software
124,XLE,industrial
124,XLF,ai_chip
124,XLI,giant_tech
124,XLK,ai_chip
124,XLU,consumer
124,XLV,consumer
124,XLY,finance
124,XOM,industrial
124,ZM,consumer
124,ZS,industrial
125,AAPL,finance
125,ABBV,healthcare
125,ADBE,software
125,ADI,software
125,AEP,finance
125,AFRM,consumer
125,AMAT,datacenter_hw
125,AMD,finance
125,AMZN,ai_chip
125,ANET,finance
125,APH,ai_chip
125,APP,ai_chip
125,ASML,giant_tech
125,ATI,healthcare
125,AVGO,software
125,AXP,datacenter_hw
125,BA,software
125,BAC,consumer
125,BLK,finance
125,BMY,giant_tech
125,BWXT,energy
125,C,ai_chip
125,CAT,software
125,CME,healthcare
125,CMG,industrial
125,COHR,software
125,COIN,real_estate
125,COST,consumer
125,CRM,software
125,CRWD,software
125,CRWV,ai_chip
125,CSCO,ai_chip
125,CVS,consumer
125,CVX,datacenter_hw
125,D,industrial
125,DDOG,datacenter_hw
125,DE,industrial
125,DELL,giant_tech
125,DLR,industrial
125,DOCU,healthcare
125,DUK,finance
125,EME,datacenter_hw
125,EMR,energy
125,EOG,consumer
125,EQIX,consumer
125,ESTC,benchmark
125,ETN,software
125,FDX,healthcare
125,FTNT,ai_chip
125,GE,consumer
125,GILD,datacenter_hw
125,GLD,industrial
125,GLW,software
125,GM,industrial
125,GOOG,ai_chip
125,GRMN,healthcare
125,GS,finance
125,GTLB,software
125,HD,consumer
125,HLT,finance
125,HON,ai_chip
125,HOOD,finance
125,HPE,energy
125,HUBS,finance
125,IBM,giant_tech
125,INTC,industrial
125,INTU,industrial
125,JNJ,datacenter_hw
125,JPM,software
125,KLAC,software
125,KMI,industrial
125,KO,software
125,LHX,ai_chip
125,LITE,software
125,LLY,giant_tech
125,LMT,energy
125,LOW,utility
125,LRCX,utility
125,MA,consumer
125,MCD,commodity
125,MCHP,healthcare
125,MDB,software
125,MDT,ai_chip
125,META,utility
125,MMM,utility
125,MO,ai_chip
125,MPWR,datacenter_hw
125,MRK,industrial
125,MRVL,ai_chip
125,MS,real_estate
125,MSFT,industrial
125,MU,giant_tech
125,NEE,finance
125,NEM,consumer
125,NET,datacenter_hw
125,NFLX,utility
125,NOW,consumer
125,NVDA,healthcare
125,NVO,ai_chip
125,NVTS,ai_chip
125,NXPI,software
125,OKTA,finance
125,ON,telecom
125,ORCL,energy
125,OXY,energy
125,PANW,healthcare
125,PCTY,industrial
125,PG,software
125,PGR,finance
125,PH,finance
125,PLTR,giant_tech
125,PM,software
125,PNC,ai_chip
125,PYPL,energy
125,QCOM,consumer
125,RBLX,datacenter_hw
125,RKLB,ai_chip
125,ROST,finance
125,RTX,software
125,SCHW,finance
125,SHOP,utility
125,SMCI,industrial
125,SNOW,industrial
125,SO,defensive_bonds
125,SOFI,finance
125,SPCX,consumer
125,SPG,energy
125,SPOT,datacenter_hw
125,SPY,datacenter_hw
125,T,industrial
125,TEAM,healthcare
125,TJX,healthcare
125,TLT,finance
125,TMO,datacenter_hw
125,TSLA,commodity
125,TSM,industrial
125,TXN,industrial
125,UNH,software
125,UNP,real_estate
125,V,finance
125,VLO,healthcare
125,VRT,giant_tech
125,VTR,giant_tech
125,WDAY,software
125,WDC,industrial
125,WELL,software
125,WFC,software
125,WMB,finance
125,WMT,industrial
125,XLE,consumer
125,XLF,consumer
125,XLI,ai_chip
125,XLK,consumer
125,XLU,software
125,XLV,industrial
125,XLY,ai_chip
125,XOM,datacenter_hw
125,ZM,software
125,ZS,industrial
126,AAPL,healthcare
126,ABBV,healthcare
126,ADBE,giant_tech
126,ADI,ai_chip
126,AEP,software
126,AFRM,utility
126,AMAT,consumer
126,AMD,consumer
126,AMZN,datacenter_hw
126,ANET,finance
126,APH,commodity
126,APP,energy
126,ASML,finance
126,ATI,healthcare
126,AVGO,ai_chip
126,AXP,real_estate
126,BA,energy
126,BAC,datacenter_hw
126,BLK,industrial
126,BMY,healthcare
126,BWXT,giant_tech
126,C,software
126,CAT,real_estate
126,CME,software
126,CMG,software
126,COHR,ai_chip
126,COIN,industrial
126,COST,ai_chip
126,CRM,healthcare
126,CRWD,datacenter_hw
126,CRWV,telecom
126,CSCO,energy
126,CVS,finance
126,CVX,software
126,D,industrial
126,DDOG,ai_chip
126,DE,finance
126,DELL,consumer
126,DLR,ai_chip
126,DOCU,industrial
126,DUK,datacenter_hw
126,EME,software
126,EMR,industrial
126,EOG,finance
126,EQIX,consumer
126,ESTC,datacenter_hw
126,ETN,software
126,FDX,software
126,FTNT,software
126,GE,healthcare
126,GILD,ai_chip
126,GLD,finance
126,GLW,consumer
126,GM,ai_chip
126,GOOG,ai_chip
126,GRMN,finance
126,GS,giant_tech
126,GTLB,real_estate
126,HD,energy
126,HLT,industrial
126,HON,consumer
126,HOOD,datacenter_hw
126,HPE,ai_chip
126,HUBS,software
126,IBM,finance
126,INTC,software
126,INTU,datacenter_hw
126,JNJ,finance
126,JPM,consumer
126,KLAC,consumer
126,KMI,industrial
126,KO,finance
126,LHX,consumer
126,LITE,finance
126,LLY,finance
126,LMT,software
126,LOW,industrial
126,LRCX,finance
126,MA,healthcare
126,MCD,benchmark
126,MCHP,datacenter_hw
126,MDB,industrial
126,MDT,datacenter_hw
126,META,software
126,MMM,giant_tech
126,MO,software
126,MPWR,commodity
126,MRK,consumer
126,MRVL,ai_chip
126,MS,energy
126,MSFT,industrial
126,MU,software
126,NEE,software
126,NEM,ai_chip
126,NET,finance
126,NFLX,utility
126,NOW,healthcare
126,NVDA,ai_chip
126,NVO,consumer
126,NVTS,healthcare
126,NXPI,consumer
126,OKTA,utility
126,ON,giant_tech
126,ORCL,finance
126,OXY,industrial
126,PANW,software
126,PCTY,software
126,PG,giant_tech
126,PGR,software
126,PH,consumer
126,PLTR,finance
126,PM,software
126,PNC,utility
126,PYPL,finance
126,QCOM,finance
126,RBLX,ai_chip
126,RKLB,software
126,ROST,energy
126,RTX,industrial
126,SCHW,industrial
126,SHOP,ai_chip
126,SMCI,industrial
126,SNOW,software
126,SO,ai_chip
126,SOFI,industrial
126,SPCX,giant_tech
126,SPG,industrial
126,SPOT,energy
126,SPY,giant_tech
126,T,giant_tech
126,TEAM,industrial
126,TJX,consumer
126,TLT,software
126,TMO,industrial
126,TSLA,datacenter_hw
126,TSM,consumer
126,TXN,healthcare
126,UNH,datacenter_hw
126,UNP,finance
126,V,ai_chip
126,VLO,finance
126,VRT,consumer
126,VTR,energy
126,WDAY,software
126,WDC,ai_chip
126,WELL,healthcare
126,WFC,datacenter_hw
126,WMB,industrial
126,WMT,defensive_bonds
126,XLE,datacenter_hw
126,XLF,ai_chip
126,XLI,datacenter_hw
126,XLK,utility
126,XLU,industrial
126,XLV,industrial
126,XLY,software
126,XOM,healthcare
126,ZM,utility
126,ZS,software
127,AAPL,utility
127,ABBV,energy
127,ADBE,healthcare
127,ADI,consumer
127,AEP,real_estate
127,AFRM,industrial
127,AMAT,software
127,AMD,finance
127,AMZN,software
127,ANET,software
127,APH,finance
127,APP,healthcare
127,ASML,industrial
127,ATI,datacenter_hw
127,AVGO,giant_tech
127,AXP,software
127,BA,consumer
127,BAC,giant_tech
127,BLK,ai_chip
127,BMY,ai_chip
127,BWXT,industrial
127,C,ai_chip
127,CAT,software
127,CME,datacenter_hw
127,CMG,industrial
127,COHR,finance
127,COIN,software
127,COST,giant_tech
127,CRM,finance
127,CRWD,ai_chip
127,CRWV,datacenter_hw
127,CSCO,software
127,CVS,software
127,CVX,software
127,D,ai_chip
127,DDOG,consumer
127,DE,ai_chip
127,DELL,datacenter_hw
127,DLR,industrial
127,DOCU,datacenter_hw
127,DUK,healthcare
127,EME,consumer
127,EMR,industrial
127,EOG,consumer
127,EQIX,healthcare
127,ESTC,giant_tech
127,ETN,healthcare
127,FDX,finance
127,FTNT,energy
127,GE,consumer
127,GILD,datacenter_hw
127,GLD,datacenter_hw
127,GLW,software
127,GM,commodity
127,GOOG,healthcare
127,GRMN,giant_tech
127,GS,ai_chip
127,GTLB,finance
127,HD,software
127,HLT,software
127,HON,utility
127,HOOD,software
127,HPE,industrial
127,HUBS,real_estate
127,IBM,finance
127,INTC,ai_chip
127,INTU,industrial
127,JNJ,software
127,JPM,ai_chip
127,KLAC,giant_tech
127,KMI,software
127,KO,consumer
127,LHX,giant_tech
127,LITE,finance
127,LLY,software
127,LMT,finance
127,LOW,ai_chip
127,LRCX,software
127,MA,ai_chip
127,MCD,industrial
127,MCHP,energy
127,MDB,software
127,MDT,giant_tech
127,META,consumer
127,MMM,ai_chip
127,MO,software
127,MPWR,ai_chip
127,MRK,consumer
127,MRVL,industrial
127,MS,ai_chip
127,MSFT,consumer
127,MU,ai_chip
127,NEE,real_estate
127,NEM,industrial
127,NET,finance
127,NFLX,industrial
127,NOW,industrial
127,NVDA,healthcare
127,NVO,consumer
127,NVTS,software
127,NXPI,finance
127,OKTA,software
127,ON,software
127,ORCL,datacenter_hw
127,OXY,consumer
127,PANW,ai_chip
127,PCTY,telecom
127,PG,finance
127,PGR,healthcare
127,PH,finance
127,PLTR,industrial
127,PM,healthcare
127,PNC,energy
127,PYPL,datacenter_hw
127,QCOM,healthcare
127,RBLX,benchmark
127,RKLB,ai_chip
127,ROST,consumer
127,RTX,energy
127,SCHW,consumer
127,SHOP,industrial
127,SMCI,industrial
127,SNOW,industrial
127,SO,software
127,SOFI,ai_chip
127,SPCX,finance
127,SPG,energy
127,SPOT,energy
127,SPY,datacenter_hw
127,T,industrial
127,TEAM,datacenter_hw
127,TJX,datacenter_hw
127,TLT,software
127,TMO,utility
127,TSLA,finance
127,TSM,finance
127,TXN,consumer
127,UNH,utility
127,UNP,finance
127,V,utility
127,VLO,defensive_bonds
127,VRT,industrial
127,VTR,healthcare
127,WDAY,energy
127,WDC,giant_tech
127,WELL,ai_chip
127,WFC,industrial
127,WMB,finance
127,WMT,software
127,XLE,software
127,XLF,finance
127,XLI,healthcare
127,XLK,commodity
127,XLU,industrial
127,XLV,finance
127,XLY,consumer
127,XOM,datacenter_hw
127,ZM,utility
127,ZS,datacenter_hw
128,AAPL,giant_tech
128,ABBV,industrial
128,ADBE,datacenter_hw
128,ADI,software
128,AEP,finance
128,AFRM,finance
128,AMAT,software
128,AMD,software
128,AMZN,consumer
128,ANET,giant_tech
128,APH,software
128,APP,software
128,ASML,ai_chip
128,ATI,energy
128,AVGO,ai_chip
128,AXP,software
128,BA,datacenter_hw
128,BAC,giant_tech
128,BLK,giant_tech
128,BMY,software
128,BWXT,consumer
128,C,industrial
128,CAT,software
128,CME,consumer
128,CMG,ai_chip
128,COHR,finance
128,COIN,utility
128,COST,healthcare
128,CRM,energy
128,CRWD,datacenter_hw
128,CRWV,consumer
128,CSCO,ai_chip
128,CVS,giant_tech
128,CVX,real_estate
128,D,energy
128,DDOG,ai_chip
128,DE,finance
128,DELL,healthcare
128,DLR,defensive_bonds
128,DOCU,energy
128,DUK,industrial
128,EME,industrial
128,EMR,consumer
128,EOG,healthcare
128,EQIX,finance
128,ESTC,datacenter_hw
128,ETN,datacenter_hw
128,FDX,energy
128,FTNT,software
128,GE,industrial
128,GILD,utility
128,GLD,consumer
128,GLW,software
128,GM,ai_chip
128,GOOG,software
128,GRMN,software
128,GS,healthcare
128,GTLB,healthcare
128,HD,ai_chip
128,HLT,energy
128,HON,industrial
128,HOOD,software
128,HPE,finance
128,HUBS,healthcare
128,IBM,ai_chip
128,INTC,ai_chip
128,INTU,finance
128,JNJ,software
128,JPM,real_estate
128,KLAC,software
128,KMI,healthcare
128,KO,commodity
128,LHX,real_estate
128,LITE,software
128,LLY,software
128,LMT,giant_tech
128,LOW,software
128,LRCX,ai_chip
128,MA,ai_chip
128,MCD,finance
128,MCHP,industrial
128,MDB,industrial
128,MDT,utility
128,META,software
128,MMM,ai_chip
128,MO,software
128,MPWR,software
128,MRK,industrial
128,MRVL,finance
128,MS,healthcare
128,MSFT,finance
128,MU,utility
128,NEE,giant_tech
128,NEM,consumer
128,NET,utility
128,NFLX,healthcare
128,NOW,ai_chip
128,NVDA,datacenter_hw
128,NVO,finance
128,NVTS,ai_chip
128,NXPI,giant_tech
128,OKTA,finance
128,ON,consumer
128,ORCL,datacenter_hw
128,OXY,finance
128,PANW,consumer
128,PCTY,consumer
128,PG,healthcare
128,PGR,consumer
128,PH,industrial
128,PLTR,industrial
128,PM,consumer
128,PNC,datacenter_hw
128,PYPL,healthcare
128,QCOM,datacenter_hw
128,RBLX,finance
128,RKLB,industrial
128,ROST,industrial
128,RTX,datacenter_hw
128,SCHW,industrial
128,SHOP,industrial
128,SMCI,benchmark
128,SNOW,ai_chip
128,SO,software
128,SOFI,energy
128,SPCX,industrial
128,SPG,industrial
128,SPOT,finance
128,SPY,ai_chip
128,T,healthcare
128,TEAM,finance
128,TJX,finance
128,TLT,consumer
128,TMO,consumer
128,TSLA,ai_chip
128,TSM,industrial
128,TXN,telecom
128,UNH,software
128,UNP,datacenter_hw
128,V,datacenter_hw
128,VLO,software
128,VRT,industrial
128,VTR,datacenter_hw
128,WDAY,datacenter_hw
128,WDC,utility
128,WELL,software
128,WFC,software
128,WMB,consumer
128,WMT,industrial
128,XLE,industrial
128,XLF,ai_chip
128,XLI,energy
128,XLK,finance
128,XLU,finance
128,XLV,commodity
128,XLY,finance
128,XOM,giant_tech
128,ZM,consumer
128,ZS,ai_chip
129,AAPL,software
129,ABBV,real_estate
129,ADBE,finance
129,ADI,real_estate
129,AEP,software
129,AFRM,finance
129,AMAT,utility
129,AMD,consumer
129,AMZN,datacenter_hw
129,ANET,finance
129,APH,industrial
129,APP,finance
129,ASML,industrial
129,ATI,software
129,AVGO,software
129,AXP,consumer
129,BA,commodity
129,BAC,industrial
129,BLK,finance
129,BMY,giant_tech
129,BWXT,finance
129,C,energy
129,CAT,finance
129,CME,datacenter_hw
129,CMG,software
129,COHR,datacenter_hw
129,COIN,ai_chip
129,COST,finance
129,CRM,utility
129,CRWD,energy
129,CRWV,utility
129,CSCO,software
129,CVS,energy
129,CVX,healthcare
129,D,ai_chip
129,DDOG,ai_chip
129,DE,industrial
129,DELL,utility
129,DLR,finance
129,DOCU,healthcare
129,DUK,healthcare
129,EME,datacenter_hw
129,EMR,giant_tech
129,EOG,consumer
129,EQIX,ai_chip
129,ESTC,software
129,ETN,industrial
129,FDX,industrial
129,FTNT,software
129,GE,industrial
129,GILD,software
129,GLD,software
129,GLW,healthcare
129,GM,industrial
129,GOOG,industrial
129,GRMN,healthcare
129,GS,ai_chip
129,GTLB,ai_chip
129,HD,software
129,HLT,datacenter_hw
129,HON,consumer
129,HOOD,software
129,HPE,ai_chip
129,HUBS,consumer
129,IBM,finance
129,INTC,consumer
129,INTU,industrial
129,JNJ,consumer
129,JPM,ai_chip
129,KLAC,industrial
129,KMI,finance
129,KO,healthcare
129,LHX,software
129,LITE,giant_tech
129,LLY,energy
129,LMT,healthcare
129,LOW,ai_chip
129,LRCX,industrial
129,MA,software
129,MCD,industrial
129,MCHP,software
129,MDB,industrial
129,MDT,software
129,META,ai_chip
129,MMM,giant_tech
129,MO,consumer
129,MPWR,ai_chip
129,MRK,consumer
129,MRVL,industrial
129,MS,healthcare
129,MSFT,healthcare
129,MU,giant_tech
129,NEE,ai_chip
129,NEM,consumer
129,NET,datacenter_hw
129,NFLX,healthcare
129,NOW,consumer
129,NVDA,finance
129,NVO,finance
129,NVTS,software
129,NXPI,software
129,OKTA,datacenter_hw
129,ON,industrial
129,ORCL,healthcare
129,OXY,software
129,PANW,ai_chip
129,PCTY,utility
129,PG,software
129,PGR,ai_chip
129,PH,finance
129,PLTR,telecom
129,PM,industrial
129,PNC,commodity
129,PYPL,healthcare
129,QCOM,software
129,RBLX,consumer
129,RKLB,ai_chip
129,ROST,giant_tech
129,RTX,ai_chip
129,SCHW,datacenter_hw
129,SHOP,consumer
129,SMCI,software
129,SNOW,ai_chip
129,SO,software
129,SOFI,giant_tech
129,SPCX,finance
129,SPG,datacenter_hw
129,SPOT,utility
129,SPY,consumer
129,T,real_estate
129,TEAM,giant_tech
129,TJX,finance
129,TLT,datacenter_hw
129,TMO,energy
129,TSLA,industrial
129,TSM,ai_chip
129,TXN,finance
129,UNH,datacenter_hw
129,UNP,consumer
129,V,software
129,VLO,energy
129,VRT,energy
129,VTR,industrial
129,WDAY,benchmark
129,WDC,industrial
129,WELL,datacenter_hw
129,WFC,consumer
129,WMB,finance
129,WMT,defensive_bonds
129,XLE,finance
129,XLF,energy
129,XLI,giant_tech
129,XLK,datacenter_hw
129,XLU,software
129,XLV,finance
129,XLY,software
129,XOM,datacenter_hw
129,ZM,ai_chip
129,ZS,industrial
130,AAPL,energy
130,ABBV,finance
130,ADBE,finance
130,ADI,datacenter_hw
130,AEP,industrial
130,AFRM,healthcare
130,AMAT,industrial
130,AMD,finance
130,AMZN,finance
130,ANET,industrial
130,APH,ai_chip
130,APP,ai_chip
130,ASML,software
130,ATI,finance
130,AVGO,software
130,AXP,ai_chip
130,BA,giant_tech
130,BAC,energy
130,BLK,healthcare
130,BMY,ai_chip
130,BWXT,consumer
130,C,telecom
130,CAT,ai_chip
130,CME,datacenter_hw
130,CMG,finance
130,COHR,datacenter_hw
130,COIN,finance
130,COST,consumer
130,CRM,software
130,CRWD,industrial
130,CRWV,consumer
130,CSCO,utility
130,CVS,healthcare
130,CVX,energy
130,D,finance
130,DDOG,utility
130,DE,industrial
130,DELL,software
130,DLR,industrial
130,DOCU,software
130,DUK,commodity
130,EME,consumer
130,EMR,datacenter_hw
130,EOG,giant_tech
130,EQIX,software
130,ESTC,ai_chip
130,ETN,ai_chip
130,FDX,finance
130,FTNT,giant_tech
130,GE,giant_tech
130,GILD,industrial
130,GLD,ai_chip
130,GLW,industrial
130,GM,software
130,GOOG,industrial
130,GRMN,datacenter_hw
130,GS,finance
130,GTLB,datacenter_hw
130,HD,commodity
130,HLT,ai_chip
130,HON,industrial
130,HOOD,software
130,HPE,consumer
130,HUBS,healthcare
130,IBM,finance
130,INTC,giant_tech
130,INTU,datacenter_hw
130,JNJ,giant_tech
130,JPM,healthcare
130,KLAC,ai_chip
130,KMI,consumer
130,KO,industrial
130,LHX,giant_tech
130,LITE,ai_chip
130,LLY,software
130,LMT,consumer
130,LOW,software
130,LRCX,software
130,MA,ai_chip
130,MCD,software
130,MCHP,consumer
130,MDB,healthcare
130,MDT,healthcare
130,META,consumer
130,MMM,datacenter_hw
130,MO,finance
130,MPWR,healthcare
130,MRK,datacenter_hw
130,MRVL,industrial
130,MS,ai_chip
130,MSFT,software
130,MU,energy
130,NEE,ai_chip
130,NEM,consumer
130,NET,consumer
130,NFLX,industrial
130,NOW,industrial
130,NVDA,finance
130,NVO,software
130,NVTS,finance
130,NXPI,datacenter_hw
130,OKTA,industrial
130,ON,software
130,ORCL,energy
130,OXY,giant_tech
130,PANW,software
130,PCTY,industrial
130,PG,real_estate
130,PGR,utility
130,PH,utility
130,PLTR,defensive_bonds
130,PM,datacenter_hw
130,PNC,finance
130,PYPL,software
130,QCOM,software
130,RBLX,software
130,RKLB,real_estate
130,ROST,software
130,RTX,software
130,SCHW,datacenter_hw
130,SHOP,datacenter_hw
130,SMCI,benchmark
130,SNOW,consumer
130,SO,industrial
130,SOFI,healthcare
130,SPCX,healthcare
130,SPG,software
130,SPOT,finance
130,SPY,utility
130,T,ai_chip
130,TEAM,finance
130,TJX,finance
130,TLT,software
130,TMO,consumer
130,TSLA,software
130,TSM,datacenter_hw
130,TXN,consumer
130,UNH,consumer
130,UNP,ai_chip
130,V,consumer
130,VLO,ai_chip
130,VRT,giant_tech
130,VTR,energy
130,WDAY,industrial
130,WDC,ai_chip
130,WELL,industrial
130,WFC,finance
130,WMB,healthcare
130,WMT,software
130,XLE,ai_chip
130,XLF,industrial
130,XLI,finance
130,XLK,energy
130,XLU,healthcare
130,XLV,energy
130,XLY,real_estate
130,XOM,industrial
130,ZM,software
130,ZS,utility
131,AAPL,industrial
131,ABBV,consumer
131,ADBE,ai_chip
131,ADI,industrial
131,AEP,finance
131,AFRM,ai_chip
131,AMAT,healthcare
131,AMD,datacenter_hw
131,AMZN,healthcare
131,ANET,ai_chip
131,APH,giant_tech
131,APP,healthcare
131,ASML,finance
131,ATI,finance
131,AVGO,energy
131,AXP,ai_chip
131,BA,ai_chip
131,BAC,datacenter_hw
131,BLK,giant_tech
131,BMY,consumer
131,BWXT,ai_chip
131,C,software
131,CAT,ai_chip
131,CME,ai_chip
131,CMG,utility
131,COHR,industrial
131,COIN,software
131,COST,ai_chip
131,CRM,ai_chip
131,CRWD,datacenter_hw
131,CRWV,software
131,CSCO,consumer
131,CVS,ai_chip
131,CVX,consumer
131,D,consumer
131,DDOG,software
131,DE,consumer
131,DELL,finance
131,DLR,software
131,DOCU,finance
131,DUK,energy
131,EME,industrial
131,EMR,software
131,EOG,software
131,EQIX,consumer
131,ESTC,datacenter_hw
131,ETN,software
131,FDX,healthcare
131,FTNT,energy
131,GE,consumer
131,GILD,utility
131,GLD,datacenter_hw
131,GLW,healthcare
131,GM,datacenter_hw
131,GOOG,healthcare
131,GRMN,real_estate
131,GS,industrial
131,GTLB,datacenter_hw
131,HD,software
131,HLT,ai_chip
131,HON,datacenter_hw
131,HOOD,finance
131,HPE,giant_tech
131,HUBS,healthcare
131,IBM,software
131,INTC,benchmark
131,INTU,industrial
131,JNJ,finance
131,JPM,energy
131,KLAC,industrial
131,KMI,finance
131,KO,healthcare
131,LHX,industrial
131,LITE,ai_chip
131,LLY,industrial
131,LMT,industrial
131,LOW,defensive_bonds
131,LRCX,consumer
131,MA,consumer
131,MCD,healthcare
131,MCHP,software
131,MDB,finance
131,MDT,software
131,META,software
131,MMM,industrial
131,MO,ai_chip
131,MPWR,datacenter_hw
131,MRK,real_estate
131,MRVL,software
131,MS,commodity
131,MSFT,giant_tech
131,MU,finance
131,NEE,industrial
131,NEM,utility
131,NET,finance
131,NFLX,software
131,NOW,software
131,NVDA,finance
131,NVO,industrial
131,NVTS,industrial
131,NXPI,software
131,OKTA,healthcare
131,ON,software
131,ORCL,datacenter_hw
131,OXY,industrial
131,PANW,software
131,PCTY,datacenter_hw
131,PG,consumer
131,PGR,consumer
131,PH,finance
131,PLTR,finance
131,PM,ai_chip
131,PNC,finance
131,PYPL,energy
131,QCOM,software
131,RBLX,utility
131,RKLB,utility
131,ROST,datacenter_hw
131,RTX,industrial
131,SCHW,ai_chip
131,SHOP,consumer
131,SMCI,consumer
131,SNOW,finance
131,SO,energy
131,SOFI,software
131,SPCX,consumer
131,SPG,software
131,SPOT,industrial
131,SPY,ai_chip
131,T,healthcare
131,TEAM,commodity
131,TJX,giant_tech
131,TLT,industrial
131,TMO,healthcare
131,TSLA,datacenter_hw
131,TSM,finance
131,TXN,consumer
131,UNH,ai_chip
131,UNP,giant_tech
131,V,real_estate
131,VLO,software
131,VRT,datacenter_hw
131,VTR,ai_chip
131,WDAY,energy
131,WDC,giant_tech
131,WELL,finance
131,WFC,industrial
131,WMB,finance
131,WMT,software
131,XLE,software
131,XLF,giant_tech
131,XLI,energy
131,XLK,software
131,XLU,utility
131,XLV,industrial
131,XLY,giant_tech
131,XOM,telecom
131,ZM,industrial
131,ZS,finance
132,AAPL,industrial
132,ABBV,healthcare
132,ADBE,industrial
132,ADI,datacenter_hw
132,AEP,healthcare
132,AFRM,finance
132,AMAT,consumer
132,AMD,software
132,AMZN,datacenter_hw
132,ANET,software
132,APH,healthcare
132,APP,commodity
132,ASML,finance
132,ATI,datacenter_hw
132,AVGO,real_estate
132,AXP,ai_chip
132,BA,software
132,BAC,ai_chip
132,BLK,software
132,BMY,utility
132,BWXT,finance
132,C,healthcare
132,CAT,datacenter_hw
132,CME,industrial
132,CMG,industrial
132,COHR,software
132,COIN,giant_tech
132,COST,finance
132,CRM,consumer
132,CRWD,datacenter_hw
132,CRWV,energy
132,CSCO,consumer
132,CVS,utility
132,CVX,giant_tech
132,D,software
132,DDOG,software
132,DE,software
132,DELL,ai_chip
132,DLR,software
132,DOCU,ai_chip
132,DUK,benchmark
132,EME,consumer
132,EMR,giant_tech
132,EOG,industrial
132,EQIX,industrial
132,ESTC,energy
132,ETN,ai_chip
132,FDX,ai_chip
132,FTNT,ai_chip
132,GE,real_estate
132,GILD,consumer
132,GLD,consumer
132,GLW,industrial
132,GM,giant_tech
132,GOOG,healthcare
132,GRMN,industrial
132,GS,finance
132,GTLB,healthcare
132,HD,energy
132,HLT,industrial
132,HON,software
132,HOOD,datacenter_hw
132,HPE,energy
132,HUBS,commodity
132,IBM,utility
132,INTC,consumer
132,INTU,industrial
132,JNJ,consumer
132,JPM,defensive_bonds
132,KLAC,consumer
132,KMI,healthcare
132,KO,industrial
132,LHX,utility
132,LITE,ai_chip
132,LLY,finance
132,LMT,healthcare
132,LOW,telecom
132,LRCX,healthcare
132,MA,finance
132,MCD,consumer
132,MCHP,finance
132,MDB,datacenter_hw
132,MDT,giant_tech
132,META,industrial
132,MMM,software
132,MO,software
132,MPWR,utility
132,MRK,giant_tech
132,MRVL,ai_chip
132,MS,finance
132,MSFT,healthcare
132,MU,ai_chip
132,NEE,industrial
132,NEM,industrial
132,NET,ai_chip
132,NFLX,healthcare
132,NOW,industrial
132,NVDA,real_estate
132,NVO,software
132,NVTS,industrial
132,NXPI,industrial
132,OKTA,datacenter_hw
132,ON,industrial
132,ORCL,healthcare
132,OXY,software
132,PANW,software
132,PCTY,software
132,PG,ai_chip
132,PGR,industrial
132,PH,finance
132,PLTR,finance
132,PM,software
132,PNC,ai_chip
132,PYPL,energy
132,QCOM,datacenter_hw
132,RBLX,datacenter_hw
132,RKLB,consumer
132,ROST,finance
132,RTX,finance
132,SCHW,ai_chip
132,SHOP,giant_tech
132,SMCI,software
132,SNOW,finance
132,SO,consumer
132,SOFI,software
132,SPCX,consumer
132,SPG,industrial
132,SPOT,finance
132,SPY,finance
132,T,consumer
132,TEAM,software
132,TJX,datacenter_hw
132,TLT,software
132,TMO,software
132,TSLA,utility
132,TSM,consumer
132,TXN,datacenter_hw
132,UNH,giant_tech
132,UNP,energy
132,V,industrial
132,VLO,ai_chip
132,VRT,finance
132,VTR,ai_chip
132,WDAY,finance
132,WDC,ai_chip
132,WELL,consumer
132,WFC,software
132,WMB,energy
132,WMT,ai_chip
132,XLE,datacenter_hw
132,XLF,software
132,XLI,finance
132,XLK,ai_chip
132,XLU,software
132,XLV,software
132,XLY,giant_tech
132,XOM,energy
132,ZM,datacenter_hw
132,ZS,finance
133,AAPL,software
133,ABBV,ai_chip
133,ADBE,consumer
133,ADI,ai_chip
133,AEP,datacenter_hw
133,AFRM,software
133,AMAT,industrial
133,AMD,finance
133,AMZN,commodity
133,ANET,consumer
133,APH,finance
133,APP,software
133,ASML,datacenter_hw
133,ATI,software
133,AVGO,telecom
133,AXP,ai_chip
133,BA,healthcare
133,BAC,healthcare
133,BLK,software
133,BMY,healthcare
133,BWXT,software
133,C,industrial
133,CAT,ai_chip
133,CME,giant_tech
133,CMG,consumer
133,COHR,industrial
133,COIN,consumer
133,COST,datacenter_hw
133,CRM,energy
133,CRWD,consumer
133,CRWV,consumer
133,CSCO,ai_chip
133,CVS,healthcare
133,CVX,software
133,D,software
133,DDOG,healthcare
133,DE,industrial
133,DELL,software
133,DLR,finance
133,DOCU,datacenter_hw
133,DUK,ai_chip
133,EME,industrial
133,EMR,industrial
133,EOG,industrial
133,EQIX,ai_chip
133,ESTC,finance
133,ETN,finance
133,FDX,giant_tech
133,FTNT,consumer
133,GE,finance
133,GILD,software
133,GLD,consumer
133,GLW,finance
133,GM,software
133,GOOG,software
133,GRMN,finance
133,GS,real_estate
133,GTLB,ai_chip
133,HD,industrial
133,HLT,software
133,HON,energy
133,HOOD,software
133,HPE,finance
133,HUBS,datacenter_hw
133,IBM,industrial
133,INTC,software
133,INTU,industrial
133,JNJ,defensive_bonds
133,JPM,utility
133,KLAC,industrial
133,KMI,healthcare
133,KO,healthcare
133,LHX,consumer
133,LITE,utility
133,LLY,software
133,LMT,energy
133,LOW,software
133,LRCX,finance
133,MA,giant_tech
133,MCD,industrial
133,MCHP,finance
133,MDB,industrial
133,MDT,utility
133,META,giant_tech
133,MMM,consumer
133,MO,ai_chip
133,MPWR,ai_chip
133,MRK,giant_tech
133,MRVL,finance
133,MS,software
133,MSFT,healthcare
133,MU,benchmark
133,NEE,ai_chip
133,NEM,datacenter_hw
133,NET,datacenter_hw
133,NFLX,datacenter_hw
133,NOW,datacenter_hw
133,NVDA,healthcare
133,NVO,datacenter_hw
133,NVTS,consumer
133,NXPI,consumer
133,OKTA,finance
133,ON,software
133,ORCL,datacenter_hw
133,OXY,ai_chip
133,PANW,software
133,PCTY,industrial
133,PG,industrial
133,PGR,consumer
133,PH,energy
133,PLTR,real_estate
133,PM,healthcare
133,PNC,datacenter_hw
133,PYPL,energy
133,QCOM,datacenter_hw
133,RBLX,ai_chip
133,RKLB,industrial
133,ROST,finance
133,RTX,industrial
133,SCHW,finance
133,SHOP,giant_tech
133,SMCI,ai_chip
133,SNOW,finance
133,SO,consumer
133,SOFI,software
133,SPCX,finance
133,SPG,software
133,SPOT,energy
133,SPY,real_estate
133,T,ai_chip
133,TEAM,industrial
133,TJX,utility
133,TLT,industrial
133,TMO,ai_chip
133,TSLA,energy
133,TSM,software
133,TXN,healthcare
133,UNH,finance
133,UNP,finance
133,V,giant_tech
133,VLO,giant_tech
133,VRT,software
133,VTR,ai_chip
133,WDAY,ai_chip
133,WDC,ai_chip
133,WELL,utility
133,WFC,industrial
133,WMB,finance
133,WMT,giant_tech
133,XLE,healthcare
133,XLF,energy
133,XLI,datacenter_hw
133,XLK,utility
133,XLU,software
133,XLV,consumer
133,XLY,industrial
133,XOM,commodity
133,ZM,consumer
133,ZS,software
134,AAPL,consumer
134,ABBV,datacenter_hw
134,ADBE,energy
134,ADI,healthcare
134,AEP,software
134,AFRM,healthcare
134,AMAT,ai_chip
134,AMD,finance
134,AMZN,software
134,ANET,finance
134,APH,finance
134,APP,commodity
134,ASML,healthcare
134,ATI,industrial
134,AVGO,software
134,AXP,finance
134,BA,ai_chip
134,BAC,ai_chip
134,BLK,utility
134,BMY,industrial
134,BWXT,consumer
134,C,industrial
134,CAT,consumer
134,CME,datacenter_hw
134,CMG,ai_chip
134,COHR,real_estate
134,COIN,energy
134,COST,software
134,CRM,software
134,CRWD,giant_tech
134,CRWV,utility
134,CSCO,industrial
134,CVS,ai_chip
134,CVX,consumer
134,D,datacenter_hw
134,DDOG,giant_tech
134,DE,industrial
134,DELL,healthcare
134,DLR,ai_chip
134,DOCU,finance
134,DUK,consumer
134,EME,ai_chip
134,EMR,datacenter_hw
134,EOG,giant_tech
134,EQIX,software
134,ESTC,ai_chip
134,ETN,ai_chip
134,FDX,consumer
134,FTNT,healthcare
134,GE,industrial
134,GILD,industrial
134,GLD,energy
134,GLW,healthcare
134,GM,finance
134,GOOG,datacenter_hw
134,GRMN,finance
134,GS,software
134,GTLB,consumer
134,HD,ai_chip
134,HLT,software
134,HON,finance
134,HOOD,utility
134,HPE,defensive_bonds
134,HUBS,ai_chip
134,IBM,healthcare
134,INTC,software
134,INTU,software
134,JNJ,datacenter_hw
134,JPM,healthcare
134,KLAC,software
134,KMI,finance
134,KO,consumer
134,LHX,utility
134,LITE,healthcare
134,LLY,ai_chip
134,LMT,software
134,LOW,software
134,LRCX,consumer
134,MA,ai_chip
134,MCD,giant_tech
134,MCHP,datacenter_hw
134,MDB,consumer
134,MDT,healthcare
134,META,datacenter_hw
134,MMM,software
134,MO,software
134,MPWR,finance
134,MRK,energy
134,MRVL,healthcare
134,MS,utility
134,MSFT,industrial
134,MU,energy
134,NEE,finance
134,NEM,industrial
134,NET,ai_chip
134,NFLX,giant_tech
134,NOW,giant_tech
134,NVDA,ai_chip
134,NVO,industrial
134,NVTS,consumer
134,NXPI,software
134,OKTA,commodity
134,ON,industrial
134,ORCL,energy
134,OXY,industrial
134,PANW,consumer
134,PCTY,finance
134,PG,datacenter_hw
134,PGR,software
134,PH,ai_chip
134,PLTR,datacenter_hw
134,PM,industrial
134,PNC,finance
134,PYPL,industrial
134,QCOM,finance
134,RBLX,industrial
134,RKLB,telecom
134,ROST,finance
134,RTX,industrial
134,SCHW,industrial
134,SHOP,software
134,SMCI,industrial
134,SNOW,healthcare
134,SO,consumer
134,SOFI,software
134,SPCX,energy
134,SPG,benchmark
134,SPOT,datacenter_hw
134,SPY,finance
134,T,software
134,TEAM,consumer
134,TJX,finance
134,TLT,datacenter_hw
134,TMO,ai_chip
134,TSLA,giant_tech
134,TSM,industrial
134,TXN,datacenter_hw
134,UNH,software
134,UNP,datacenter_hw
134,V,software
134,VLO,ai_chip
134,VRT,software
134,VTR,software
134,WDAY,finance
134,WDC,energy
134,WELL,finance
134,WFC,real_estate
134,WMB,consumer
134,WMT,consumer
134,XLE,finance
134,XLF,utility
134,XLI,giant_tech
134,XLK,giant_tech
134,XLU,real_estate
134,XLV,industrial
134,XLY,software
134,XOM,ai_chip
134,ZM,industrial
134,ZS,software
135,AAPL,ai_chip
135,ABBV,datacenter_hw
135,ADBE,giant_tech
135,ADI,software
135,AEP,ai_chip
135,AFRM,industrial
135,AMAT,energy
135,AMD,ai_chip
135,AMZN,datacenter_hw
135,ANET,consumer
135,APH,software
135,APP,industrial
135,ASML,software
135,ATI,commodity
135,AVGO,finance
135,AXP,utility
135,BA,software
135,BAC,industrial
135,BLK,finance
135,BMY,software
135,BWXT,industrial
135,C,industrial
135,CAT,healthcare
135,CME,software
135,CMG,industrial
135,COHR,finance
135,COIN,ai_chip
135,COST,industrial
135,CRM,defensive_bonds
135,CRWD,energy
135,CRWV,software
135,CSCO,utility
135,CVS,software
135,CVX,giant_tech
135,D,healthcare
135,DDOG,ai_chip
135,DE,consumer
135,DELL,software
135,DLR,giant_tech
135,DOCU,finance
135,DUK,software
135,EME,utility
135,EMR,consumer
135,EOG,consumer
135,EQIX,consumer
135,ESTC,giant_tech
135,ETN,datacenter_hw
135,FDX,finance
135,FTNT,healthcare
135,GE,finance
135,GILD,datacenter_hw
135,GLD,software
135,GLW,industrial
135,GM,industrial
135,GOOG,ai_chip
135,GRMN,finance
135,GS,industrial
135,GTLB,giant_tech
135,HD,energy
135,HLT,industrial
135,HON,healthcare
135,HOOD,energy
135,HPE,ai_chip
135,HUBS,industrial
135,IBM,industrial
135,INTC,ai_chip
135,INTU,healthcare
135,JNJ,finance
135,JPM,industrial
135,KLAC,finance
135,KMI,software
135,KO,finance
135,LHX,utility
135,LITE,finance
135,LLY,software
135,LMT,ai_chip
135,LOW,ai_chip
135,LRCX,industrial
135,MA,ai_chip
135,MCD,healthcare
135,MCHP,giant_tech
135,MDB,finance
135,MDT,software
135,META,consumer
135,MMM,datacenter_hw
135,MO,industrial
135,MPWR,consumer
135,MRK,utility
135,MRVL,industrial
135,MS,software
135,MSFT,ai_chip
135,MU,healthcare
135,NEE,real_estate
135,NEM,finance
135,NET,industrial
135,NFLX,datacenter_hw
135,NOW,datacenter_hw
135,NVDA,healthcare
135,NVO,telecom
135,NVTS,healthcare
135,NXPI,consumer
135,OKTA,ai_chip
135,ON,healthcare
135,ORCL,software
135,OXY,finance
135,PANW,industrial
135,PCTY,ai_chip
135,PG,software
135,PGR,giant_tech
135,PH,energy
135,PLTR,energy
135,PM,finance
135,PNC,finance
135,PYPL,industrial
135,QCOM,ai_chip
135,RBLX,consumer
135,RKLB,real_estate
135,ROST,finance
135,RTX,datacenter_hw
135,SCHW,energy
135,SHOP,ai_chip
135,SMCI,consumer
135,SNOW,healthcare
135,SO,industrial
135,SOFI,finance
135,SPCX,software
135,SPG,software
135,SPOT,ai_chip
135,SPY,consumer
135,T,datacenter_hw
135,TEAM,real_estate
135,TJX,consumer
135,TLT,energy
135,TMO,finance
135,TSLA,consumer
135,TSM,software
135,TXN,datacenter_hw
135,UNH,datacenter_hw
135,UNP,consumer
135,V,datacenter_hw
135,VLO,giant_tech
135,VRT,software
135,VTR,datacenter_hw
135,WDAY,commodity
135,WDC,ai_chip
135,WELL,consumer
135,WFC,software
135,WMB,finance
135,WMT,giant_tech
135,XLE,software
135,XLF,datacenter_hw
135,XLI,software
135,XLK,ai_chip
135,XLU,consumer
135,XLV,utility
135,XLY,healthcare
135,XOM,software
135,ZM,benchmark
135,ZS,software
136,AAPL,giant_tech
136,ABBV,consumer
136,ADBE,datacenter_hw
136,ADI,ai_chip
136,AEP,giant_tech
136,AFRM,consumer
136,AMAT,industrial
136,AMD,software
136,AMZN,software
136,ANET,consumer
136,APH,ai_chip
136,APP,ai_chip
136,ASML,industrial
136,ATI,giant_tech
136,AVGO,software
136,AXP,healthcare
136,BA,benchmark
136,BAC,utility
136,BLK,industrial
136,BMY,utility
136,BWXT,industrial
136,C,ai_chip
136,CAT,software
136,CME,industrial
136,CMG,industrial
136,COHR,software
136,COIN,healthcare
136,COST,commodity
136,CRM,industrial
136,CRWD,finance
136,CRWV,datacenter_hw
136,CSCO,industrial
136,CVS,consumer
136,CVX,software
136,D,software
136,DDOG,ai_chip
136,DE,industrial
136,DELL,healthcare
136,DLR,finance
136,DOCU,consumer
136,DUK,industrial
136,EME,consumer
136,EMR,consumer
136,EOG,ai_chip
136,EQIX,consumer
136,ESTC,energy
136,ETN,industrial
136,FDX,healthcare
136,FTNT,software
136,GE,ai_chip
136,GILD,commodity
136,GLD,giant_tech
136,GLW,healthcare
136,GM,finance
136,GOOG,industrial
136,GRMN,healthcare
136,GS,finance
136,GTLB,datacenter_hw
136,HD,consumer
136,HLT,industrial
136,HON,consumer
136,HOOD,real_estate
136,HPE,datacenter_hw
136,HUBS,software
136,IBM,ai_chip
136,INTC,real_estate
136,INTU,giant_tech
136,JNJ,ai_chip
136,JPM,utility
136,KLAC,finance
136,KMI,finance
136,KO,energy
136,LHX,ai_chip
136,LITE,consumer
136,LLY,datacenter_hw
136,LMT,software
136,LOW,consumer
136,LRCX,finance
136,MA,datacenter_hw
136,MCD,software
136,MCHP,software
136,MDB,industrial
136,MDT,energy
136,META,finance
136,MMM,energy
136,MO,finance
136,MPWR,datacenter_hw
136,MRK,ai_chip
136,MRVL,healthcare
136,MS,industrial
136,MSFT,utility
136,MU,ai_chip
136,NEE,finance
136,NEM,finance
136,NET,datacenter_hw
136,NFLX,software
136,NOW,giant_tech
136,NVDA,industrial
136,NVO,software
136,NVTS,industrial
136,NXPI,finance
136,OKTA,finance
136,ON,giant_tech
136,ORCL,healthcare
136,OXY,datacenter_hw
136,PANW,finance
136,PCTY,finance
136,PG,software
136,PGR,utility
136,PH,datacenter_hw
136,PLTR,finance
136,PM,software
136,PNC,software
136,PYPL,software
136,QCOM,industrial
136,RBLX,ai_chip
136,RKLB,industrial
136,ROST,healthcare
136,RTX,finance
136,SCHW,giant_tech
136,SHOP,industrial
136,SMCI,ai_chip
136,SNOW,datacenter_hw
136,SO,energy
136,SOFI,software
136,SPCX,software
136,SPG,consumer
136,SPOT,utility
136,SPY,software
136,T,consumer
136,TEAM,ai_chip
136,TJX,software
136,TLT,industrial
136,TMO,ai_chip
136,TSLA,telecom
136,TSM,ai_chip
136,TXN,finance
136,UNH,energy
136,UNP,healthcare
136,V,software
136,VLO,real_estate
136,VRT,software
136,VTR,datacenter_hw
136,WDAY,energy
136,WDC,consumer
136,WELL,ai_chip
136,WFC,defensive_bonds
136,WMB,giant_tech
136,WMT,healthcare
136,XLE,ai_chip
136,XLF,datacenter_hw
136,XLI,software
136,XLK,software
136,XLU,datacenter_hw
136,XLV,finance
136,XLY,healthcare
136,XOM,energy
136,ZM,finance
136,ZS,consumer
137,AAPL,industrial
137,ABBV,software
137,ADBE,defensive_bonds
137,ADI,finance
137,AEP,commodity
137,AFRM,industrial
137,AMAT,datacenter_hw
137,AMD,finance
137,AMZN,consumer
137,ANET,finance
137,APH,ai_chip
137,APP,giant_tech
137,ASML,finance
137,ATI,healthcare
137,AVGO,software
137,AXP,finance
137,BA,software
137,BAC,giant_tech
137,BLK,industrial
137,BMY,utility
137,BWXT,finance
137,C,software
137,CAT,real_estate
137,CME,datacenter_hw
137,CMG,ai_chip
137,COHR,software
137,COIN,consumer
137,COST,datacenter_hw
137,CRM,industrial
137,CRWD,finance
137,CRWV,datacenter_hw
137,CSCO,ai_chip
137,CVS,finance
137,CVX,industrial
137,D,ai_chip
137,DDOG,ai_chip
137,DE,ai_chip
137,DELL,healthcare
137,DLR,energy
137,DOCU,industrial
137,DUK,energy
137,EME,healthcare
137,EMR,ai_chip
137,EOG,software
137,EQIX,datacenter_hw
137,ESTC,real_estate
137,ETN,finance
137,FDX,industrial
137,FTNT,datacenter_hw
137,GE,healthcare
137,GILD,software
137,GLD,utility
137,GLW,ai_chip
137,GM,energy
137,GOOG,software
137,GRMN,giant_tech
137,GS,software
137,GTLB,giant_tech
137,HD,industrial
137,HLT,finance
137,HON,real_estate
137,HOOD,industrial
137,HPE,utility
137,HUBS,industrial
137,IBM,giant_tech
137,INTC,datacenter_hw
137,INTU,ai_chip
137,JNJ,industrial
137,JPM,consumer
137,KLAC,software
137,KMI,software
137,KO,software
137,LHX,healthcare
137,LITE,finance
137,LLY,industrial
137,LMT,software
137,LOW,industrial
137,LRCX,giant_tech
137,MA,consumer
137,MCD,industrial
137,MCHP,ai_chip
137,MDB,datacenter_hw
137,MDT,finance
137,META,energy
137,MMM,finance
137,MO,software
137,MPWR,software
137,MRK,ai_chip
137,MRVL,healthcare
137,MS,healthcare
137,MSFT,finance
137,MU,healthcare
137,NEE,industrial
137,NEM,healthcare
137,NET,ai_chip
137,NFLX,industrial
137,NOW,software
137,NVDA,ai_chip
137,NVO,software
137,NVTS,software
137,NXPI,commodity
137,OKTA,software
137,ON,industrial
137,ORCL,finance
137,OXY,consumer
137,PANW,industrial
137,PCTY,industrial
137,PG,energy
137,PGR,consumer
137,PH,healthcare
137,PLTR,energy
137,PM,ai_chip
137,PNC,energy
137,PYPL,benchmark
137,QCOM,ai_chip
137,RBLX,healthcare
137,RKLB,software
137,ROST,giant_tech
137,RTX,consumer
137,SCHW,datacenter_hw
137,SHOP,ai_chip
137,SMCI,software
137,SNOW,datacenter_hw
137,SO,industrial
137,SOFI,software
137,SPCX,utility
137,SPG,energy
137,SPOT,consumer
137,SPY,finance
137,T,consumer
137,TEAM,healthcare
137,TJX,finance
137,TLT,consumer
137,TMO,finance
137,TSLA,utility
137,TSM,telecom
137,TXN,consumer
137,UNH,consumer
137,UNP,software
137,V,utility
137,VLO,giant_tech
137,VRT,ai_chip
137,VTR,consumer
137,WDAY,industrial
137,WDC,consumer
137,WELL,giant_tech
137,WFC,datacenter_hw
137,WMB,datacenter_hw
137,WMT,datacenter_hw
137,XLE,ai_chip
137,XLF,software
137,XLI,consumer
137,XLK,finance
137,XLU,datacenter_hw
137,XLV,ai_chip
137,XLY,consumer
137,XOM,software
137,ZM,finance
137,ZS,software
138,AAPL,industrial
138,ABBV,software
138,ADBE,healthcare
138,ADI,finance
138,AEP,healthcare
138,AFRM,healthcare
138,AMAT,energy
138,AMD,consumer
138,AMZN,software
138,ANET,giant_tech
138,APH,software
138,APP,utility
138,ASML,ai_chip
138,ATI,industrial
138,AVGO,ai_chip
138,AXP,ai_chip
138,BA,giant_tech
138,BAC,ai_chip
138,BLK,giant_tech
138,BMY,software
138,BWXT,software
138,C,ai_chip
138,CAT,industrial
138,CME,finance
138,CMG,energy
138,COHR,utility
138,COIN,consumer
138,COST,ai_chip
138,CRM,datacenter_hw
138,CRWD,real_estate
138,CRWV,giant_tech
138,CSCO,consumer
138,CVS,ai_chip
138,CVX,giant_tech
138,D,industrial
138,DDOG,energy
138,DE,datacenter_hw
138,DELL,finance
138,DLR,ai_chip
138,DOCU,software
138,DUK,defensive_bonds
138,EME,healthcare
138,EMR,consumer
138,EOG,industrial
138,EQIX,finance
138,ESTC,utility
138,ETN,ai_chip
138,FDX,consumer
138,FTNT,finance
138,GE,consumer
138,GILD,ai_chip
138,GLD,software
138,GLW,industrial
138,GM,giant_tech
138,GOOG,software
138,GRMN,healthcare
138,GS,software
138,GTLB,ai_chip
138,HD,software
138,HLT,finance
138,HON,industrial
138,HOOD,industrial
138,HPE,industrial
138,HUBS,finance
138,IBM,consumer
138,INTC,software
138,INTU,ai_chip
138,JNJ,software
138,JPM,software
138,KLAC,consumer
138,KMI,software
138,KO,finance
138,LHX,industrial
138,LITE,finance
138,LLY,finance
138,LMT,datacenter_hw
138,LOW,healthcare
138,LRCX,datacenter_hw
138,MA,software
138,MCD,utility
138,MCHP,finance
138,MDB,consumer
138,MDT,industrial
138,META,giant_tech
138,MMM,software
138,MO,ai_chip
138,MPWR,telecom
138,MRK,datacenter_hw
138,MRVL,finance
138,MS,energy
138,MSFT,ai_chip
138,MU,datacenter_hw
138,NEE,consumer
138,NEM,utility
138,NET,industrial
138,NFLX,commodity
138,NOW,finance
138,NVDA,giant_tech
138,NVO,finance
138,NVTS,real_estate
138,NXPI,industrial
138,OKTA,industrial
138,ON,healthcare
138,ORCL,consumer
138,OXY,finance
138,PANW,ai_chip
138,PCTY,industrial
138,PG,datacenter_hw
138,PGR,finance
138,PH,software
138,PLTR,software
138,PM,consumer
138,PNC,consumer
138,PYPL,industrial
138,QCOM,energy
138,RBLX,industrial
138,RKLB,datacenter_hw
138,ROST,ai_chip
138,RTX,real_estate
138,SCHW,datacenter_hw
138,SHOP,software
138,SMCI,healthcare
138,SNOW,finance
138,SO,industrial
138,SOFI,ai_chip
138,SPCX,industrial
138,SPG,software
138,SPOT,commodity
138,SPY,datacenter_hw
138,T,healthcare
138,TEAM,software
138,TJX,finance
138,TLT,software
138,TMO,software
138,TSLA,datacenter_hw
138,TSM,datacenter_hw
138,TXN,industrial
138,UNH,ai_chip
138,UNP,energy
138,V,utility
138,VLO,benchmark
138,VRT,consumer
138,VTR,ai_chip
138,WDAY,finance
138,WDC,datacenter_hw
138,WELL,energy
138,WFC,software
138,WMB,software
138,WMT,datacenter_hw
138,XLE,software
138,XLF,consumer
138,XLI,healthcare
138,XLK,energy
138,XLU,industrial
138,XLV,giant_tech
138,XLY,finance
138,XOM,healthcare
138,ZM,consumer
138,ZS,healthcare
139,AAPL,ai_chip
139,ABBV,finance
139,ADBE,ai_chip
139,ADI,datacenter_hw
139,AEP,finance
139,AFRM,commodity
139,AMAT,consumer
139,AMD,datacenter_hw
139,AMZN,healthcare
139,ANET,datacenter_hw
139,APH,healthcare
139,APP,giant_tech
139,ASML,consumer
139,ATI,consumer
139,AVGO,software
139,AXP,ai_chip
139,BA,datacenter_hw
139,BAC,finance
139,BLK,healthcare
139,BMY,industrial
139,BWXT,giant_tech
139,C,software
139,CAT,consumer
139,CME,finance
139,CMG,giant_tech
139,COHR,software
139,COIN,ai_chip
139,COST,consumer
139,CRM,software
139,CRWD,giant_tech
139,CRWV,energy
139,CSCO,industrial
139,CVS,finance
139,CVX,ai_chip
139,D,real_estate
139,DDOG,industrial
139,DE,software
139,DELL,software
139,DLR,healthcare
139,DOCU,industrial
139,DUK,industrial
139,EME,datacenter_hw
139,EMR,software
139,EOG,industrial
139,EQIX,software
139,ESTC,utility
139,ETN,finance
139,FDX,energy
139,FTNT,consumer
139,GE,real_estate
139,GILD,datacenter_hw
139,GLD,utility
139,GLW,giant_tech
139,GM,telecom
139,GOOG,ai_chip
139,GRMN,finance
139,GS,consumer
139,GTLB,finance
139,HD,ai_chip
139,HLT,consumer
139,HON,industrial
139,HOOD,ai_chip
139,HPE,finance
139,HUBS,finance
139,IBM,healthcare
139,INTC,ai_chip
139,INTU,healthcare
139,JNJ,consumer
139,JPM,ai_chip
139,KLAC,datacenter_hw
139,KMI,ai_chip
139,KO,consumer
139,LHX,industrial
139,LITE,consumer
139,LLY,industrial
139,LMT,datacenter_hw
139,LOW,energy
139,LRCX,energy
139,MA,ai_chip
139,MCD,software
139,MCHP,ai_chip
139,MDB,software
139,MDT,giant_tech
139,META,datacenter_hw
139,MMM,utility
139,MO,ai_chip
139,MPWR,software
139,MRK,software
139,MRVL,energy
139,MS,commodity
139,MSFT,industrial
139,MU,industrial
139,NEE,datacenter_hw
139,NEM,ai_chip
139,NET,software
139,NFLX,software
139,NOW,energy
139,NVDA,consumer
139,NVO,consumer
139,NVTS,industrial
139,NXPI,healthcare
139,OKTA,industrial
139,ON,healthcare
139,ORCL,software
139,OXY,finance
139,PANW,industrial
139,PCTY,utility
139,PG,software
139,PGR,datacenter_hw
139,PH,industrial
139,PLTR,ai_chip
139,PM,utility
139,PNC,consumer
139,PYPL,datacenter_hw
139,QCOM,software
139,RBLX,ai_chip
139,RKLB,finance
139,ROST,ai_chip
139,RTX,software
139,SCHW,benchmark
139,SHOP,consumer
139,SMCI,industrial
139,SNOW,industrial
139,SO,healthcare
139,SOFI,finance
139,SPCX,industrial
139,SPG,finance
139,SPOT,real_estate
139,SPY,energy
139,T,software
139,TEAM,datacenter_hw
139,TJX,healthcare
139,TLT,healthcare
139,TMO,software
139,TSLA,healthcare
139,TSM,software
139,TXN,finance
139,UNH,finance
139,UNP,finance
139,V,finance
139,VLO,consumer
139,VRT,software
139,VTR,datacenter_hw
139,WDAY,software
139,WDC,finance
139,WELL,giant_tech
139,WFC,industrial
139,WMB,software
139,WMT,utility
139,XLE,energy
139,XLF,software
139,XLI,giant_tech
139,XLK,giant_tech
139,XLU,industrial
139,XLV,finance
139,XLY,ai_chip
139,XOM,industrial
139,ZM,software
139,ZS,defensive_bonds
140,AAPL,consumer
140,ABBV,ai_chip
140,ADBE,industrial
140,ADI,finance
140,AEP,ai_chip
140,AFRM,real_estate
140,AMAT,energy
140,AMD,industrial
140,AMZN,datacenter_hw
140,ANET,industrial
140,APH,commodity
140,APP,utility
140,ASML,software
140,ATI,software
140,AVGO,finance
140,AXP,software
140,BA,industrial
140,BAC,software
140,BLK,finance
140,BMY,industrial
140,BWXT,healthcare
140,C,utility
140,CAT,datacenter_hw
140,CME,datacenter_hw
140,CMG,utility
140,COHR,datacenter_hw
140,COIN,ai_chip
140,COST,consumer
140,CRM,industrial
140,CRWD,giant_tech
140,CRWV,industrial
140,CSCO,ai_chip
140,CVS,energy
140,CVX,consumer
140,D,giant_tech
140,DDOG,healthcare
140,DE,giant_tech
140,DELL,industrial
140,DLR,software
140,DOCU,software
140,DUK,finance
140,EME,datacenter_hw
140,EMR,software
140,EOG,software
140,EQIX,healthcare
140,ESTC,industrial
140,ETN,consumer
140,FDX,healthcare
140,FTNT,ai_chip
140,GE,software
140,GILD,software
140,GLD,finance
140,GLW,datacenter_hw
140,GM,healthcare
140,GOOG,software
140,GRMN,datacenter_hw
140,GS,utility
140,GTLB,defensive_bonds
140,HD,software
140,HLT,software
140,HON,software
140,HOOD,healthcare
140,HPE,industrial
140,HUBS,consumer
140,IBM,giant_tech
140,INTC,finance
140,INTU,utility
140,JNJ,finance
140,JPM,finance
140,KLAC,industrial
140,KMI,software
140,KO,industrial
140,LHX,software
140,LITE,ai_chip
140,LLY,software
140,LMT,consumer
140,LOW,industrial
140,LRCX,energy
140,MA,commodity
140,MCD,ai_chip
140,MCHP,datacenter_hw
140,MDB,ai_chip
140,MDT,software
140,META,real_estate
140,MMM,industrial
140,MO,energy
140,MPWR,telecom
140,MRK,ai_chip
140,MRVL,finance
140,MS,real_estate
140,MSFT,healthcare
140,MU,energy
140,NEE,healthcare
140,NEM,finance
140,NET,consumer
140,NFLX,datacenter_hw
140,NOW,ai_chip
140,NVDA,consumer
140,NVO,healthcare
140,NVTS,energy
140,NXPI,software
140,OKTA,industrial
140,ON,ai_chip
140,ORCL,ai_chip
140,OXY,datacenter_hw
140,PANW,datacenter_hw
140,PCTY,ai_chip
140,PG,finance
140,PGR,ai_chip
140,PH,software
140,PLTR,datacenter_hw
140,PM,industrial
140,PNC,consumer
140,PYPL,software
140,QCOM,ai_chip
140,RBLX,software
140,RKLB,ai_chip
140,ROST,software
140,RTX,ai_chip
140,SCHW,finance
140,SHOP,giant_tech
140,SMCI,giant_tech
140,SNOW,benchmark
140,SO,healthcare
140,SOFI,ai_chip
140,SPCX,software
140,SPG,giant_tech
140,SPOT,ai_chip
140,SPY,consumer
140,T,industrial
140,TEAM,finance
140,TJX,utility
140,TLT,consumer
140,TMO,finance
140,TSLA,finance
140,TSM,finance
140,TXN,datacenter_hw
140,UNH,industrial
140,UNP,industrial
140,V,consumer
140,VLO,healthcare
140,VRT,giant_tech
140,VTR,industrial
140,WDAY,finance
140,WDC,consumer
140,WELL,energy
140,WFC,consumer
140,WMB,giant_tech
140,WMT,finance
140,XLE,finance
140,XLF,consumer
140,XLI,finance
140,XLK,software
140,XLU,datacenter_hw
140,XLV,consumer
140,XLY,energy
140,XOM,industrial
140,ZM,healthcare
140,ZS,software
141,AAPL,industrial
141,ABBV,industrial
141,ADBE,healthcare
141,ADI,giant_tech
141,AEP,consumer
141,AFRM,energy
141,AMAT,ai_chip
141,AMD,finance
141,AMZN,energy
141,ANET,finance
141,APH,datacenter_hw
141,APP,healthcare
141,ASML,software
141,ATI,software
141,AVGO,industrial
141,AXP,ai_chip
141,BA,ai_chip
141,BAC,commodity
141,BLK,finance
141,BMY,telecom
141,BWXT,software
141,C,giant_tech
141,CAT,ai_chip
141,CME,software
141,CMG,giant_tech
141,COHR,software
141,COIN,datacenter_hw
141,COST,software
141,CRM,finance
141,CRWD,finance
141,CRWV,ai_chip
141,CSCO,healthcare
141,CVS,finance
141,CVX,industrial
141,D,ai_chip
141,DDOG,energy
141,DE,software
141,DELL,healthcare
141,DLR,giant_tech
141,DOCU,software
141,DUK,ai_chip
141,EME,industrial
141,EMR,ai_chip
141,EOG,healthcare
141,EQIX,consumer
141,ESTC,consumer
141,ETN,energy
141,FDX,datacenter_hw
141,FTNT,consumer
141,GE,software
141,GILD,healthcare
141,GLD,commodity
141,GLW,consumer
141,GM,datacenter_hw
141,GOOG,software
141,GRMN,real_estate
141,GS,software
141,GTLB,industrial
141,HD,finance
141,HLT,finance
141,HON,utility
141,HOOD,software
141,HPE,healthcare
141,HUBS,ai_chip
141,IBM,finance
141,INTC,software
141,INTU,energy
141,JNJ,giant_tech
141,JPM,consumer
141,KLAC,datacenter_hw
141,KMI,energy
141,KO,consumer
141,LHX,energy
141,LITE,software
141,LLY,industrial
141,LMT,datacenter_hw
141,LOW,datacenter_hw
141,LRCX,industrial
141,MA,industrial
141,MCD,ai_chip
141,MCHP,industrial
141,MDB,ai_chip
141,MDT,industrial
141,META,finance
141,MMM,datacenter_hw
141,MO,giant_tech
141,MPWR,benchmark
141,MRK,finance
141,MRVL,finance
141,MS,software
141,MSFT,consumer
141,MU,software
141,NEE,ai_chip
141,NEM,healthcare
141,NET,consumer
141,NFLX,finance
141,NOW,datacenter_hw
141,NVDA,healthcare
141,NVO,ai_chip
141,NVTS,industrial
141,NXPI,healthcare
141,OKTA,utility
141,ON,software
141,ORCL,healthcare
141,OXY,finance
141,PANW,software
141,PCTY,finance
141,PG,ai_chip
141,PGR,real_estate
141,PH,finance
141,PLTR,industrial
141,PM,industrial
141,PNC,datacenter_hw
141,PYPL,consumer
141,QCOM,finance
141,RBLX,energy
141,RKLB,software
141,ROST,software
141,RTX,software
141,SCHW,software
141,SHOP,ai_chip
141,SMCI,consumer
141,SNOW,software
141,SO,consumer
141,SOFI,giant_tech
141,SPCX,giant_tech
141,SPG,utility
141,SPOT,consumer
141,SPY,datacenter_hw
141,T,industrial
141,TEAM,ai_chip
141,TJX,real_estate
141,TLT,industrial
141,TMO,consumer
141,TSLA,ai_chip
141,TSM,software
141,TXN,consumer
141,UNH,industrial
141,UNP,industrial
141,V,utility
141,VLO,giant_tech
141,VRT,defensive_bonds
141,VTR,industrial
141,WDAY,datacenter_hw
141,WDC,finance
141,WELL,healthcare
141,WFC,software
141,WMB,finance
141,WMT,software
141,XLE,industrial
141,XLF,datacenter_hw
141,XLI,consumer
141,XLK,utility
141,XLU,datacenter_hw
141,XLV,ai_chip
141,XLY,ai_chip
141,XOM,industrial
141,ZM,finance
141,ZS,utility
142,AAPL,software
142,ABBV,software
142,ADBE,ai_chip
142,ADI,finance
142,AEP,ai_chip
142,AFRM,finance
142,AMAT,consumer
142,AMD,ai_chip
142,AMZN,healthcare
142,ANET,energy
142,APH,consumer
142,APP,software
142,ASML,ai_chip
142,ATI,real_estate
142,AVGO,utility
142,AXP,software
142,BA,ai_chip
142,BAC,utility
142,BLK,ai_chip
142,BMY,industrial
142,BWXT,software
142,C,giant_tech
142,CAT,ai_chip
142,CME,software
142,CMG,datacenter_hw
142,COHR,consumer
142,COIN,ai_chip
142,COST,datacenter_hw
142,CRM,software
142,CRWD,healthcare
142,CRWV,finance
142,CSCO,healthcare
142,CVS,commodity
142,CVX,software
142,D,industrial
142,DDOG,healthcare
142,DE,industrial
142,DELL,utility
142,DLR,datacenter_hw
142,DOCU,industrial
142,DUK,datacenter_hw
142,EME,software
142,EMR,finance
142,EOG,real_estate
142,EQIX,software
142,ESTC,industrial
142,ETN,finance
142,FDX,consumer
142,FTNT,energy
142,GE,finance
142,GILD,utility
142,GLD,software
142,GLW,industrial
142,GM,software
142,GOOG,datacenter_hw
142,GRMN,consumer
142,GS,energy
142,GTLB,ai_chip
142,HD,industrial
142,HLT,software
142,HON,industrial
142,HOOD,giant_tech
142,HPE,consumer
142,HUBS,software
142,IBM,datacenter_hw
142,INTC,consumer
142,INTU,finance
142,JNJ,finance
142,JPM,software
142,KLAC,software
142,KMI,giant_tech
142,KO,energy
142,LHX,industrial
142,LITE,utility
142,LLY,consumer
142,LMT,industrial
142,LOW,consumer
142,LRCX,healthcare
142,MA,datacenter_hw
142,MCD,energy
142,MCHP,finance
142,MDB,ai_chip
142,MDT,industrial
142,META,finance
142,MMM,giant_tech
142,MO,ai_chip
142,MPWR,giant_tech
142,MRK,datacenter_hw
142,MRVL,finance
142,MS,ai_chip
142,MSFT,healthcare
142,MU,finance
142,NEE,consumer
142,NEM,commodity
142,NET,software
142,NFLX,finance
142,NOW,consumer
142,NVDA,datacenter_hw
142,NVO,industrial
142,NVTS,industrial
142,NXPI,finance
142,OKTA,industrial
142,ON,industrial
142,ORCL,healthcare
142,OXY,software
142,PANW,healthcare
142,PCTY,ai_chip
142,PG,finance
142,PGR,datacenter_hw
142,PH,consumer
142,PLTR,ai_chip
142,PM,real_estate
142,PNC,datacenter_hw
142,PYPL,ai_chip
142,QCOM,giant_tech
142,RBLX,software
142,RKLB,ai_chip
142,ROST,industrial
142,RTX,finance
142,SCHW,industrial
142,SHOP,energy
142,SMCI,finance
142,SNOW,healthcare
142,SO,consumer
142,SOFI,finance
142,SPCX,software
142,SPG,benchmark
142,SPOT,healthcare
142,SPY,industrial
142,T,datacenter_hw
142,TEAM,industrial
142,TJX,consumer
142,TLT,consumer
142,TMO,software
142,TSLA,datacenter_hw
142,TSM,industrial
142,TXN,datacenter_hw
142,UNH,energy
142,UNP,telecom
142,V,giant_tech
142,VLO,ai_chip
142,VRT,ai_chip
142,VTR,energy
142,WDAY,finance
142,WDC,healthcare
142,WELL,software
142,WFC,defensive_bonds
142,WMB,software
142,WMT,giant_tech
142,XLE,giant_tech
142,XLF,consumer
142,XLI,ai_chip
142,XLK,finance
142,XLU,healthcare
142,XLV,utility
142,XLY,industrial
142,XOM,software
142,ZM,software
142,ZS,software
143,AAPL,finance
143,ABBV,giant_tech
143,ADBE,commodity
143,ADI,energy
143,AEP,utility
143,AFRM,datacenter_hw
143,AMAT,healthcare
143,AMD,software
143,AMZN,datacenter_hw
143,ANET,finance
143,APH,datacenter_hw
143,APP,consumer
143,ASML,datacenter_hw
143,ATI,healthcare
143,AVGO,software
143,AXP,energy
143,BA,consumer
143,BAC,ai_chip
143,BLK,ai_chip
143,BMY,software
143,BWXT,real_estate
143,C,finance
143,CAT,finance
143,CME,datacenter_hw
143,CMG,healthcare
143,COHR,ai_chip
143,COIN,ai_chip
143,COST,software
143,CRM,ai_chip
143,CRWD,telecom
143,CRWV,software
143,CSCO,consumer
143,CVS,finance
143,CVX,software
143,D,consumer
143,DDOG,industrial
143,DE,finance
143,DELL,giant_tech
143,DLR,finance
143,DOCU,consumer
143,DUK,datacenter_hw
143,EME,finance
143,EMR,utility
143,EOG,healthcare
143,EQIX,software
143,ESTC,energy
143,ETN,finance
143,FDX,consumer
143,FTNT,industrial
143,GE,industrial
143,GILD,ai_chip
143,GLD,software
143,GLW,finance
143,GM,software
143,GOOG,datacenter_hw
143,GRMN,industrial
143,GS,healthcare
143,GTLB,software
143,HD,datacenter_hw
143,HLT,industrial
143,HON,finance
143,HOOD,utility
143,HPE,industrial
143,HUBS,consumer
143,IBM,ai_chip
143,INTC,ai_chip
143,INTU,consumer
143,JNJ,software
143,JPM,finance
143,KLAC,industrial
143,KMI,healthcare
143,KO,software
143,LHX,energy
143,LITE,energy
143,LLY,ai_chip
143,LMT,giant_tech
143,LOW,giant_tech
143,LRCX,industrial
143,MA,commodity
143,MCD,healthcare
143,MCHP,healthcare
143,MDB,giant_tech
143,MDT,consumer
143,META,real_estate
143,MMM,healthcare
143,MO,software
143,MPWR,industrial
143,MRK,datacenter_hw
143,MRVL,software
143,MS,benchmark
143,MSFT,giant_tech
143,MU,finance
143,NEE,datacenter_hw
143,NEM,energy
143,NET,software
143,NFLX,datacenter_hw
143,NOW,industrial
143,NVDA,software
143,NVO,ai_chip
143,NVTS,industrial
143,NXPI,software
143,OKTA,finance
143,ON,consumer
143,ORCL,industrial
143,OXY,ai_chip
143,PANW,software
143,PCTY,industrial
143,PG,healthcare
143,PGR,finance
143,PH,energy
143,PLTR,giant_tech
143,PM,software
143,PNC,industrial
143,PYPL,software
143,QCOM,ai_chip
143,RBLX,finance
143,RKLB,datacenter_hw
143,ROST,finance
143,RTX,industrial
143,SCHW,utility
143,SHOP,datacenter_hw
143,SMCI,consumer
143,SNOW,ai_chip
143,SO,ai_chip
143,SOFI,industrial
143,SPCX,energy
143,SPG,utility
143,SPOT,software
143,SPY,industrial
143,T,consumer
143,TEAM,software
143,TJX,ai_chip
143,TLT,industrial
143,TMO,healthcare
143,TSLA,defensive_bonds
143,TSM,consumer
143,TXN,giant_tech
143,UNH,datacenter_hw
143,UNP,healthcare
143,V,finance
143,VLO,ai_chip
143,VRT,real_estate
143,VTR,software
143,WDAY,finance
143,WDC,industrial
143,WELL,industrial
143,WFC,ai_chip
143,WMB,utility
143,WMT,software
143,XLE,software
143,XLF,finance
143,XLI,ai_chip
143,XLK,software
143,XLU,consumer
143,XLV,industrial
143,XLY,consumer
143,XOM,ai_chip
143,ZM,consumer
143,ZS,giant_tech
144,AAPL,ai_chip
144,ABBV,software
144,ADBE,software
144,ADI,healthcare
144,AEP,healthcare
144,AFRM,software
144,AMAT,industrial
144,AMD,finance
144,AMZN,real_estate
144,ANET,giant_tech
144,APH,consumer
144,APP,benchmark
144,ASML,industrial
144,ATI,finance
144,AVGO,commodity
144,AXP,consumer
144,BA,software
144,BAC,defensive_bonds
144,BLK,software
144,BMY,finance
144,BWXT,industrial
144,C,utility
144,CAT,datacenter_hw
144,CME,ai_chip
144,CMG,finance
144,COHR,software
144,COIN,ai_chip
144,COST,datacenter_hw
144,CRM,industrial
144,CRWD,ai_chip
144,CRWV,software
144,CSCO,finance
144,CVS,consumer
144,CVX,healthcare
144,D,healthcare
144,DDOG,software
144,DE,industrial
144,DELL,datacenter_hw
144,DLR,software
144,DOCU,energy
144,DUK,datacenter_hw
144,EME,giant_tech
144,EMR,software
144,EOG,energy
144,EQIX,industrial
144,ESTC,energy
144,ETN,real_estate
144,FDX,consumer
144,FTNT,software
144,GE,utility
144,GILD,finance
144,GLD,consumer
144,GLW,healthcare
144,GM,finance
144,GOOG,finance
144,GRMN,ai_chip
144,GS,datacenter_hw
144,GTLB,software
144,HD,energy
144,HLT,ai_chip
144,HON,finance
144,HOOD,finance
144,HPE,ai_chip
144,HUBS,software
144,IBM,giant_tech
144,INTC,datacenter_hw
144,INTU,consumer
144,JNJ,datacenter_hw
144,JPM,ai_chip
144,KLAC,finance
144,KMI,energy
144,KO,industrial
144,LHX,consumer
144,LITE,healthcare
144,LLY,software
144,LMT,consumer
144,LOW,consumer
144,LRCX,industrial
144,MA,finance
144,MCD,industrial
144,MCHP,software
144,MDB,finance
144,MDT,finance
144,META,software
144,MMM,industrial
144,MO,consumer
144,MPWR,software
144,MRK,finance
144,MRVL,real_estate
144,MS,consumer
144,MSFT,ai_chip
144,MU,energy
144,NEE,industrial
144,NEM,finance
144,NET,finance
144,NFLX,giant_tech
144,NOW,industrial
144,NVDA,industrial
144,NVO,consumer
144,NVTS,industrial
144,NXPI,ai_chip
144,OKTA,software
144,ON,consumer
144,ORCL,finance
144,OXY,healthcare
144,PANW,industrial
144,PCTY,software
144,PG,industrial
144,PGR,ai_chip
144,PH,ai_chip
144,PLTR,software
144,PM,ai_chip
144,PNC,software
144,PYPL,industrial
144,QCOM,ai_chip
144,RBLX,datacenter_hw
144,RKLB,giant_tech
144,ROST,datacenter_hw
144,RTX,healthcare
144,SCHW,datacenter_hw
144,SHOP,giant_tech
144,SMCI,ai_chip
144,SNOW,finance
144,SO,industrial
144,SOFI,datacenter_hw
144,SPCX,consumer
144,SPG,software
144,SPOT,giant_tech
144,SPY,finance
144,T,software
144,TEAM,utility
144,TJX,giant_tech
144,TLT,healthcare
144,TMO,software
144,TSLA,energy
144,TSM,commodity
144,TXN,ai_chip
144,UNH,healthcare
144,UNP,industrial
144,V,telecom
144,VLO,healthcare
144,VRT,datacenter_hw
144,VTR,utility
144,WDAY,healthcare
144,WDC,consumer
144,WELL,energy
144,WFC,industrial
144,WMB,datacenter_hw
144,WMT,ai_chip
144,XLE,utility
144,XLF,software
144,XLI,ai_chip
144,XLK,giant_tech
144,XLU,consumer
144,XLV,industrial
144,XLY,ai_chip
144,XOM,software
144,ZM,utility
144,ZS,datacenter_hw
145,AAPL,industrial
145,ABBV,real_estate
145,ADBE,consumer
145,ADI,giant_tech
145,AEP,energy
145,AFRM,consumer
145,AMAT,datacenter_hw
145,AMD,consumer
145,AMZN,industrial
145,ANET,consumer
145,APH,industrial
145,APP,finance
145,ASML,giant_tech
145,ATI,datacenter_hw
145,AVGO,ai_chip
145,AXP,real_estate
145,BA,energy
145,BAC,software
145,BLK,software
145,BMY,software
145,BWXT,software
145,C,utility
145,CAT,software
145,CME,ai_chip
145,CMG,software
145,COHR,giant_tech
145,COIN,energy
145,COST,ai_chip
145,CRM,ai_chip
145,CRWD,defensive_bonds
145,CRWV,industrial
145,CSCO,software
145,CVS,ai_chip
145,CVX,healthcare
145,D,finance
145,DDOG,software
145,DE,consumer
145,DELL,datacenter_hw
145,DLR,datacenter_hw
145,DOCU,software
145,DUK,software
145,EME,datacenter_hw
145,EMR,real_estate
145,EOG,consumer
145,EQIX,software
145,ESTC,datacenter_hw
145,ETN,ai_chip
145,FDX,healthcare
145,FTNT,utility
145,GE,software
145,GILD,industrial
145,GLD,giant_tech
145,GLW,software
145,GM,consumer
145,GOOG,finance
145,GRMN,giant_tech
145,GS,ai_chip
145,GTLB,consumer
145,HD,software
145,HLT,consumer
145,HON,healthcare
145,HOOD,healthcare
145,HPE,utility
145,HUBS,finance
145,IBM,software
145,INTC,finance
145,INTU,giant_tech
145,JNJ,ai_chip
145,JPM,industrial
145,KLAC,healthcare
145,KMI,software
145,KO,finance
145,LHX,industrial
145,LITE,consumer
145,LLY,consumer
145,LMT,ai_chip
145,LOW,healthcare
145,LRCX,datacenter_hw
145,MA,finance
145,MCD,industrial
145,MCHP,finance
145,MDB,utility
145,MDT,ai_chip
145,META,finance
145,MMM,datacenter_hw
145,MO,healthcare
145,MPWR,ai_chip
145,MRK,datacenter_hw
145,MRVL,commodity
145,MS,industrial
145,MSFT,ai_chip
145,MU,finance
145,NEE,ai_chip
145,NEM,energy
145,NET,industrial
145,NFLX,consumer
145,NOW,giant_tech
145,NVDA,software
145,NVO,finance
145,NVTS,utility
145,NXPI,consumer
145,OKTA,industrial
145,ON,datacenter_hw
145,ORCL,healthcare
145,OXY,consumer
145,PANW,datacenter_hw
145,PCTY,ai_chip
145,PG,finance
145,PGR,industrial
145,PH,industrial
145,PLTR,ai_chip
145,PM,industrial
145,PNC,industrial
145,PYPL,industrial
145,QCOM,finance
145,RBLX,healthcare
145,RKLB,healthcare
145,ROST,benchmark
145,RTX,energy
145,SCHW,software
145,SHOP,finance
145,SMCI,software
145,SNOW,software
145,SO,finance
145,SOFI,ai_chip
145,SPCX,consumer
145,SPG,datacenter_hw
145,SPOT,finance
145,SPY,giant_tech
145,T,datacenter_hw
145,TEAM,finance
145,TJX,finance
145,TLT,software
145,TMO,healthcare
145,TSLA,industrial
145,TSM,ai_chip
145,TXN,datacenter_hw
145,UNH,consumer
145,UNP,healthcare
145,V,giant_tech
145,VLO,ai_chip
145,VRT,software
145,VTR,energy
145,WDAY,finance
145,WDC,finance
145,WELL,software
145,WFC,industrial
145,WMB,software
145,WMT,software
145,XLE,utility
145,XLF,industrial
145,XLI,industrial
145,XLK,industrial
145,XLU,software
145,XLV,telecom
145,XLY,energy
145,XOM,ai_chip
145,ZM,commodity
145,ZS,energy
146,AAPL,ai_chip
146,ABBV,consumer
146,ADBE,finance
146,ADI,ai_chip
146,AEP,utility
146,AFRM,consumer
146,AMAT,finance
146,AMD,ai_chip
146,AMZN,consumer
146,ANET,industrial
146,APH,software
146,APP,energy
146,ASML,finance
146,ATI,ai_chip
146,AVGO,industrial
146,AXP,datacenter_hw
146,BA,ai_chip
146,BAC,industrial
146,BLK,healthcare
146,BMY,ai_chip
146,BWXT,telecom
146,C,utility
146,CAT,ai_chip
146,CME,industrial
146,CMG,energy
146,COHR,ai_chip
146,COIN,finance
146,COST,software
146,CRM,healthcare
146,CRWD,software
146,CRWV,giant_tech
146,CSCO,finance
146,CVS,utility
146,CVX,energy
146,D,real_estate
146,DDOG,healthcare
146,DE,ai_chip
146,DELL,ai_chip
146,DLR,datacenter_hw
146,DOCU,software
146,DUK,consumer
146,EME,datacenter_hw
146,EMR,commodity
146,EOG,industrial
146,EQIX,datacenter_hw
146,ESTC,finance
146,ETN,datacenter_hw
146,FDX,real_estate
146,FTNT,giant_tech
146,GE,industrial
146,GILD,industrial
146,GLD,software
146,GLW,healthcare
146,GM,healthcare
146,GOOG,software
146,GRMN,ai_chip
146,GS,datacenter_hw
146,GTLB,energy
146,HD,software
146,HLT,consumer
146,HON,utility
146,HOOD,ai_chip
146,HPE,ai_chip
146,HUBS,consumer
146,IBM,giant_tech
146,INTC,ai_chip
146,INTU,finance
146,JNJ,ai_chip
146,JPM,industrial
146,KLAC,energy
146,KMI,finance
146,KO,software
146,LHX,datacenter_hw
146,LITE,consumer
146,LLY,finance
146,LMT,software
146,LOW,industrial
146,LRCX,consumer
146,MA,datacenter_hw
146,MCD,energy
146,MCHP,industrial
146,MDB,datacenter_hw
146,MDT,giant_tech
146,META,industrial
146,MMM,finance
146,MO,commodity
146,MPWR,software
146,MRK,software
146,MRVL,datacenter_hw
146,MS,ai_chip
146,MSFT,healthcare
146,MU,industrial
146,NEE,software
146,NEM,energy
146,NET,consumer
146,NFLX,finance
146,NOW,finance
146,NVDA,finance
146,NVO,industrial
146,NVTS,software
146,NXPI,finance
146,OKTA,software
146,ON,consumer
146,ORCL,consumer
146,OXY,industrial
146,PANW,ai_chip
146,PCTY,giant_tech
146,PG,industrial
146,PGR,industrial
146,PH,giant_tech
146,PLTR,ai_chip
146,PM,industrial
146,PNC,healthcare
146,PYPL,finance
146,QCOM,software
146,RBLX,industrial
146,RKLB,software
146,ROST,consumer
146,RTX,datacenter_hw
146,SCHW,healthcare
146,SHOP,utility
146,SMCI,utility
146,SNOW,industrial
146,SO,ai_chip
146,SOFI,software
146,SPCX,consumer
146,SPG,giant_tech
146,SPOT,software
146,SPY,defensive_bonds
146,T,industrial
146,TEAM,energy
146,TJX,benchmark
146,TLT,healthcare
146,TMO,finance
146,TSLA,software
146,TSM,healthcare
146,TXN,software
146,UNH,datacenter_hw
146,UNP,finance
146,V,software
146,VLO,industrial
146,VRT,healthcare
146,VTR,software
146,WDAY,software
146,WDC,datacenter_hw
146,WELL,finance
146,WFC,software
146,WMB,finance
146,WMT,healthcare
146,XLE,real_estate
146,XLF,consumer
146,XLI,giant_tech
146,XLK,giant_tech
146,XLU,consumer
146,XLV,datacenter_hw
146,XLY,software
146,XOM,software
146,ZM,consumer
146,ZS,finance
147,AAPL,giant_tech
147,ABBV,industrial
147,ADBE,finance
147,ADI,software
147,AEP,software
147,AFRM,datacenter_hw
147,AMAT,consumer
147,AMD,ai_chip
147,AMZN,software
147,ANET,healthcare
147,APH,consumer
147,APP,industrial
147,ASML,consumer
147,ATI,ai_chip
147,AVGO,healthcare
147,AXP,giant_tech
147,BA,energy
147,BAC,finance
147,BLK,finance
147,BMY,ai_chip
147,BWXT,finance
147,C,finance
147,CAT,ai_chip
147,CME,consumer
147,CMG,utility
147,COHR,software
147,COIN,energy
147,COST,healthcare
147,CRM,datacenter_hw
147,CRWD,industrial
147,CRWV,giant_tech
147,CSCO,healthcare
147,CVS,software
147,CVX,industrial
147,D,ai_chip
147,DDOG,software
147,DE,ai_chip
147,DELL,finance
147,DLR,finance
147,DOCU,software
147,DUK,healthcare
147,EME,ai_chip
147,EMR,industrial
147,EOG,industrial
147,EQIX,ai_chip
147,ESTC,datacenter_hw
147,ETN,commodity
147,FDX,software
147,FTNT,software
147,GE,datacenter_hw
147,GILD,consumer
147,GLD,finance
147,GLW,industrial
147,GM,software
147,GOOG,datacenter_hw
147,GRMN,ai_chip
147,GS,utility
147,GTLB,healthcare
147,HD,ai_chip
147,HLT,software
147,HON,healthcare
147,HOOD,datacenter_hw
147,HPE,finance
147,HUBS,ai_chip
147,IBM,software
147,INTC,consumer
147,INTU,datacenter_hw
147,JNJ,finance
147,JPM,software
147,KLAC,datacenter_hw
147,KMI,energy
147,KO,giant_tech
147,LHX,software
147,LITE,telecom
147,LLY,software
147,LMT,industrial
147,LOW,healthcare
147,LRCX,energy
147,MA,datacenter_hw
147,MCD,software
147,MCHP,industrial
147,MDB,finance
147,MDT,consumer
147,META,consumer
147,MMM,industrial
147,MO,giant_tech
147,MPWR,industrial
147,MRK,industrial
147,MRVL,finance
147,MS,defensive_bonds
147,MSFT,energy
147,MU,consumer
147,NEE,ai_chip
147,NEM,datacenter_hw
147,NET,commodity
147,NFLX,ai_chip
147,NOW,datacenter_hw
147,NVDA,utility
147,NVO,ai_chip
147,NVTS,healthcare
147,NXPI,consumer
147,OKTA,healthcare
147,ON,consumer
147,ORCL,finance
147,OXY,industrial
147,PANW,consumer
147,PCTY,industrial
147,PG,software
147,PGR,industrial
147,PH,datacenter_hw
147,PLTR,healthcare
147,PM,finance
147,PNC,software
147,PYPL,consumer
147,QCOM,energy
147,RBLX,finance
147,RKLB,finance
147,ROST,energy
147,RTX,industrial
147,SCHW,ai_chip
147,SHOP,ai_chip
147,SMCI,ai_chip
147,SNOW,real_estate
147,SO,ai_chip
147,SOFI,consumer
147,SPCX,giant_tech
147,SPG,utility
147,SPOT,software
147,SPY,industrial
147,T,software
147,TEAM,ai_chip
147,TJX,software
147,TLT,industrial
147,TMO,finance
147,TSLA,benchmark
147,TSM,utility
147,TXN,giant_tech
147,UNH,software
147,UNP,energy
147,V,finance
147,VLO,consumer
147,VRT,giant_tech
147,VTR,datacenter_hw
147,WDAY,industrial
147,WDC,finance
147,WELL,healthcare
147,WFC,giant_tech
147,WMB,industrial
147,WMT,real_estate
147,XLE,software
147,XLF,consumer
147,XLI,datacenter_hw
147,XLK,software
147,XLU,software
147,XLV,finance
147,XLY,real_estate
147,XOM,industrial
147,ZM,software
147,ZS,utility
148,AAPL,software
148,ABBV,utility
148,ADBE,software
148,ADI,ai_chip
148,AEP,ai_chip
148,AFRM,giant_tech
148,AMAT,energy
148,AMD,ai_chip
148,AMZN,datacenter_hw
148,ANET,finance
148,APH,ai_chip
148,APP,giant_tech
148,ASML,utility
148,ATI,industrial
148,AVGO,energy
148,AXP,software
148,BA,finance
148,BAC,industrial
148,BLK,software
148,BMY,real_estate
148,BWXT,consumer
148,C,ai_chip
148,CAT,ai_chip
148,CME,consumer
148,CMG,software
148,COHR,energy
148,COIN,healthcare
148,COST,industrial
148,CRM,datacenter_hw
148,CRWD,ai_chip
148,CRWV,healthcare
148,CSCO,healthcare
148,CVS,finance
148,CVX,energy
148,D,finance
148,DDOG,consumer
148,DE,datacenter_hw
148,DELL,consumer
148,DLR,energy
148,DOCU,finance
148,DUK,energy
148,EME,industrial
148,EMR,healthcare
148,EOG,software
148,EQIX,datacenter_hw
148,ESTC,software
148,ETN,giant_tech
148,FDX,finance
148,FTNT,software
148,GE,real_estate
148,GILD,industrial
148,GLD,utility
148,GLW,industrial
148,GM,consumer
148,GOOG,software
148,GRMN,industrial
148,GS,giant_tech
148,GTLB,giant_tech
148,HD,consumer
148,HLT,ai_chip
148,HON,software
148,HOOD,ai_chip
148,HPE,ai_chip
148,HUBS,software
148,IBM,finance
148,INTC,telecom
148,INTU,finance
148,JNJ,software
148,JPM,datacenter_hw
148,KLAC,datacenter_hw
148,KMI,software
148,KO,industrial
148,LHX,software
148,LITE,healthcare
148,LLY,consumer
148,LMT,industrial
148,LOW,industrial
148,LRCX,healthcare
148,MA,datacenter_hw
148,MCD,finance
148,MCHP,consumer
148,MDB,industrial
148,MDT,utility
148,META,finance
148,MMM,commodity
148,MO,software
148,MPWR,industrial
148,MRK,software
148,MRVL,finance
148,MS,giant_tech
148,MSFT,software
148,MU,datacenter_hw
148,NEE,giant_tech
148,NEM,healthcare
148,NET,industrial
148,NFLX,energy
148,NOW,industrial
148,NVDA,industrial
148,NVO,consumer
148,NVTS,datacenter_hw
148,NXPI,industrial
148,OKTA,industrial
148,ON,software
148,ORCL,datacenter_hw
148,OXY,finance
148,PANW,giant_tech
148,PCTY,datacenter_hw
148,PG,finance
148,PGR,software
148,PH,healthcare
148,PLTR,healthcare
148,PM,consumer
148,PNC,real_estate
148,PYPL,software
148,QCOM,commodity
148,RBLX,giant_tech
148,RKLB,finance
148,ROST,ai_chip
148,RTX,healthcare
148,SCHW,finance
148,SHOP,software
148,SMCI,software
148,SNOW,datacenter_hw
148,SO,consumer
148,SOFI,consumer
148,SPCX,utility
148,SPG,software
148,SPOT,software
148,SPY,ai_chip
148,T,utility
148,TEAM,energy
148,TJX,ai_chip
148,TLT,industrial
148,TMO,industrial
148,TSLA,software
148,TSM,ai_chip
148,TXN,consumer
148,UNH,datacenter_hw
148,UNP,ai_chip
148,V,finance
148,VLO,consumer
148,VRT,finance
148,VTR,ai_chip
148,WDAY,healthcare
148,WDC,ai_chip
148,WELL,finance
148,WFC,datacenter_hw
148,WMB,healthcare
148,WMT,finance
148,XLE,software
148,XLF,industrial
148,XLI,industrial
148,XLK,consumer
148,XLU,finance
148,XLV,consumer
148,XLY,defensive_bonds
148,XOM,benchmark
148,ZM,ai_chip
148,ZS,ai_chip
149,AAPL,datacenter_hw
149,ABBV,energy
149,ADBE,ai_chip
149,ADI,giant_tech
149,AEP,software
149,AFRM,software
149,AMAT,healthcare
149,AMD,datacenter_hw
149,AMZN,industrial
149,ANET,energy
149,APH,commodity
149,APP,finance
149,ASML,software
149,ATI,datacenter_hw
149,AVGO,software
149,AXP,finance
149,BA,industrial
149,BAC,software
149,BLK,giant_tech
149,BMY,finance
149,BWXT,ai_chip
149,C,finance
149,CAT,industrial
149,CME,industrial
149,CMG,software
149,COHR,consumer
149,COIN,ai_chip
149,COST,finance
149,CRM,consumer
149,CRWD,industrial
149,CRWV,finance
149,CSCO,healthcare
149,CVS,datacenter_hw
149,CVX,software
149,D,software
149,DDOG,finance
149,DE,energy
149,DELL,industrial
149,DLR,industrial
149,DOCU,consumer
149,DUK,industrial
149,EME,industrial
149,EMR,industrial
149,EOG,ai_chip
149,EQIX,finance
149,ESTC,datacenter_hw
149,ETN,healthcare
149,FDX,consumer
149,FTNT,industrial
149,GE,finance
149,GILD,finance
149,GLD,healthcare
149,GLW,telecom
149,GM,real_estate
149,GOOG,software
149,GRMN,consumer
149,GS,energy
149,GTLB,software
149,HD,datacenter_hw
149,HLT,energy
149,HON,giant_tech
149,HOOD,software
149,HPE,ai_chip
149,HUBS,ai_chip
149,IBM,giant_tech
149,INTC,utility
149,INTU,healthcare
149,JNJ,ai_chip
149,JPM,industrial
149,KLAC,energy
149,KMI,commodity
149,KO,industrial
149,LHX,finance
149,LITE,software
149,LLY,giant_tech
149,LMT,datacenter_hw
149,LOW,software
149,LRCX,ai_chip
149,MA,software
149,MCD,datacenter_hw
149,MCHP,consumer
149,MDB,finance
149,MDT,benchmark
149,META,ai_chip
149,MMM,software
149,MO,consumer
149,MPWR,healthcare
149,MRK,industrial
149,MRVL,industrial
149,MS,healthcare
149,MSFT,utility
149,MU,utility
149,NEE,consumer
149,NEM,consumer
149,NET,industrial
149,NFLX,ai_chip
149,NOW,ai_chip
149,NVDA,finance
149,NVO,finance
149,NVTS,ai_chip
149,NXPI,software
149,OKTA,giant_tech
149,ON,datacenter_hw
149,ORCL,consumer
149,OXY,defensive_bonds
149,PANW,datacenter_hw
149,PCTY,utility
149,PG,giant_tech
149,PGR,finance
149,PH,finance
149,PLTR,consumer
149,PM,software
149,PNC,healthcare
149,PYPL,consumer
149,QCOM,software
149,RBLX,finance
149,RKLB,software
149,ROST,consumer
149,RTX,software
149,SCHW,datacenter_hw
149,SHOP,ai_chip
149,SMCI,consumer
149,SNOW,industrial
149,SO,healthcare
149,SOFI,consumer
149,SPCX,ai_chip
149,SPG,giant_tech
149,SPOT,energy
149,SPY,software
149,T,healthcare
149,TEAM,ai_chip
149,TJX,real_estate
149,TLT,ai_chip
149,TMO,industrial
149,TSLA,ai_chip
149,TSM,finance
149,TXN,real_estate
149,UNH,datacenter_hw
149,UNP,industrial
149,V,finance
149,VLO,healthcare
149,VRT,industrial
149,VTR,finance
149,WDAY,consumer
149,WDC,utility
149,WELL,software
149,WFC,healthcare
149,WMB,giant_tech
149,WMT,energy
149,XLE,software
149,XLF,datacenter_hw
149,XLI,ai_chip
149,XLK,industrial
149,XLU,software
149,XLV,software
149,XLY,ai_chip
149,XOM,software
149,ZM,utility
149,ZS,datacenter_hw
150,AAPL,giant_tech
150,ABBV,datacenter_hw
150,ADBE,real_estate
150,ADI,ai_chip
150,AEP,software
150,AFRM,giant_tech
150,AMAT,consumer
150,AMD,consumer
150,AMZN,finance
150,ANET,ai_chip
150,APH,commodity
150,APP,software
150,ASML,finance
150,ATI,healthcare
150,AVGO,consumer
150,AXP,energy
150,BA,industrial
150,BAC,utility
150,BLK,ai_chip
150,BMY,ai_chip
150,BWXT,software
150,C,energy
150,CAT,finance
150,CME,ai_chip
150,CMG,software
150,COHR,energy
150,COIN,industrial
150,COST,healthcare
150,CRM,giant_tech
150,CRWD,finance
150,CRWV,finance
150,CSCO,datacenter_hw
150,CVS,industrial
150,CVX,finance
150,D,healthcare
150,DDOG,software
150,DE,telecom
150,DELL,commodity
150,DLR,finance
150,DOCU,industrial
150,DUK,consumer
150,EME,software
150,EMR,software
150,EOG,finance
150,EQIX,consumer
150,ESTC,software
150,ETN,energy
150,FDX,software
150,FTNT,healthcare
150,GE,finance
150,GILD,consumer
150,GLD,datacenter_hw
150,GLW,industrial
150,GM,datacenter_hw
150,GOOG,giant_tech
150,GRMN,software
150,GS,giant_tech
150,GTLB,ai_chip
150,HD,healthcare
150,HLT,software
150,HON,software
150,HOOD,ai_chip
150,HPE,industrial
150,HUBS,datacenter_hw
150,IBM,finance
150,INTC,industrial
150,INTU,consumer
150,JNJ,software
150,JPM,software
150,KLAC,industrial
150,KMI,ai_chip
150,KO,industrial
150,LHX,healthcare
150,LITE,giant_tech
150,LLY,datacenter_hw
150,LMT,energy
150,LOW,industrial
150,LRCX,ai_chip
150,MA,software
150,MCD,healthcare
150,MCHP,energy
150,MDB,datacenter_hw
150,MDT,industrial
150,META,ai_chip
150,MMM,healthcare
150,MO,consumer
150,MPWR,industrial
150,MRK,ai_chip
150,MRVL,utility
150,MS,ai_chip
150,MSFT,consumer
150,MU,finance
150,NEE,datacenter_hw
150,NEM,consumer
150,NET,consumer
150,NFLX,giant_tech
150,NOW,software
150,NVDA,ai_chip
150,NVO,datacenter_hw
150,NVTS,software
150,NXPI,consumer
150,OKTA,utility
150,ON,ai_chip
150,ORCL,industrial
150,OXY,finance
150,PANW,finance
150,PCTY,finance
150,PG,giant_tech
150,PGR,datacenter_hw
150,PH,ai_chip
150,PLTR,datacenter_hw
150,PM,finance
150,PNC,consumer
150,PYPL,finance
150,QCOM,finance
150,RBLX,industrial
150,RKLB,ai_chip
150,ROST,software
150,RTX,industrial
150,SCHW,software
150,SHOP,software
150,SMCI,software
150,SNOW,healthcare
150,SO,utility
150,SOFI,consumer
150,SPCX,energy
150,SPG,software
150,SPOT,finance
150,SPY,industrial
150,T,industrial
150,TEAM,finance
150,TJX,healthcare
150,TLT,defensive_bonds
150,TMO,healthcare
150,TSLA,benchmark
150,TSM,industrial
150,TXN,industrial
150,UNH,utility
150,UNP,finance
150,V,industrial
150,VLO,real_estate
150,VRT,ai_chip
150,VTR,industrial
150,WDAY,datacenter_hw
150,WDC,software
150,WELL,giant_tech
150,WFC,real_estate
150,WMB,consumer
150,WMT,energy
150,XLE,utility
150,XLF,consumer
150,XLI,healthcare
150,XLK,ai_chip
150,XLU,software
150,XLV,datacenter_hw
150,XLY,ai_chip
150,XOM,software
150,ZM,software
150,ZS,datacenter_hw
151,AAPL,healthcare
151,ABBV,giant_tech
151,ADBE,consumer
151,ADI,real_estate
151,AEP,giant_tech
151,AFRM,finance
151,AMAT,datacenter_hw
151,AMD,software
151,AMZN,ai_chip
151,ANET,consumer
151,APH,consumer
151,APP,industrial
151,ASML,utility
151,ATI,ai_chip
151,AVGO,finance
151,AXP,industrial
151,BA,datacenter_hw
151,BAC,healthcare
151,BLK,datacenter_hw
151,BMY,industrial
151,BWXT,finance
151,C,ai_chip
151,CAT,finance
151,CME,industrial
151,CMG,consumer
151,COHR,industrial
151,COIN,datacenter_hw
151,COST,software
151,CRM,software
151,CRWD,ai_chip
151,CRWV,industrial
151,CSCO,software
151,CVS,finance
151,CVX,industrial
151,D,ai_chip
151,DDOG,datacenter_hw
151,DE,ai_chip
151,DELL,consumer
151,DLR,datacenter_hw
151,DOCU,telecom
151,DUK,datacenter_hw
151,EME,ai_chip
151,EMR,giant_tech
151,EOG,finance
151,EQIX,finance
151,ESTC,industrial
151,ETN,finance
151,FDX,consumer
151,FTNT,ai_chip
151,GE,energy
151,GILD,healthcare
151,GLD,industrial
151,GLW,industrial
151,GM,industrial
151,GOOG,commodity
151,GRMN,utility
151,GS,datacenter_hw
151,GTLB,finance
151,HD,ai_chip
151,HLT,consumer
151,HON,healthcare
151,HOOD,industrial
151,HPE,energy
151,HUBS,industrial
151,IBM,utility
151,INTC,finance
151,INTU,software
151,JNJ,giant_tech
151,JPM,consumer
151,KLAC,consumer
151,KMI,software
151,KO,finance
151,LHX,ai_chip
151,LITE,industrial
151,LLY,giant_tech
151,LMT,software
151,LOW,ai_chip
151,LRCX,giant_tech
151,MA,datacenter_hw
151,MCD,real_estate
151,MCHP,software
151,MDB,software
151,MDT,energy
151,META,ai_chip
151,MMM,utility
151,MO,finance
151,MPWR,datacenter_hw
151,MRK,healthcare
151,MRVL,healthcare
151,MS,software
151,MSFT,software
151,MU,utility
151,NEE,software
151,NEM,ai_chip
151,NET,giant_tech
151,NFLX,consumer
151,NOW,utility
151,NVDA,ai_chip
151,NVO,benchmark
151,NVTS,software
151,NXPI,software
151,OKTA,energy
151,ON,software
151,ORCL,energy
151,OXY,energy
151,PANW,industrial
151,PCTY,consumer
151,PG,ai_chip
151,PGR,industrial
151,PH,finance
151,PLTR,software
151,PM,industrial
151,PNC,industrial
151,PYPL,industrial
151,QCOM,healthcare
151,RBLX,finance
151,RKLB,datacenter_hw
151,ROST,finance
151,RTX,software
151,SCHW,ai_chip
151,SHOP,healthcare
151,SMCI,consumer
151,SNOW,energy
151,SO,consumer
151,SOFI,energy
151,SPCX,giant_tech
151,SPG,healthcare
151,SPOT,ai_chip
151,SPY,healthcare
151,T,industrial
151,TEAM,software
151,TJX,defensive_bonds
151,TLT,software
151,TMO,real_estate
151,TSLA,finance
151,TSM,datacenter_hw
151,TXN,consumer
151,UNH,software
151,UNP,software
151,V,finance
151,VLO,finance
151,VRT,datacenter_hw
151,VTR,software
151,WDAY,industrial
151,WDC,giant_tech
151,WELL,software
151,WFC,commodity
151,WMB,finance
151,WMT,finance
151,XLE,datacenter_hw
151,XLF,software
151,XLI,healthcare
151,XLK,software
151,XLU,software
151,XLV,ai_chip
151,XLY,consumer
151,XOM,consumer
151,ZM,ai_chip
151,ZS,healthcare
152,AAPL,healthcare
152,ABBV,giant_tech
152,ADBE,software
152,ADI,consumer
152,AEP,utility
152,AFRM,giant_tech
152,AMAT,finance
152,AMD,software
152,AMZN,ai_chip
152,ANET,giant_tech
152,APH,industrial
152,APP,software
152,ASML,software
152,ATI,consumer
152,AVGO,ai_chip
152,AXP,software
152,BA,real_estate
152,BAC,finance
152,BLK,healthcare
152,BMY,giant_tech
152,BWXT,industrial
152,C,datacenter_hw
152,CAT,software
152,CME,software
152,CMG,finance
152,COHR,giant_tech
152,COIN,datacenter_hw
152,COST,industrial
152,CRM,healthcare
152,CRWD,datacenter_hw
152,CRWV,datacenter_hw
152,CSCO,utility
152,CVS,benchmark
152,CVX,industrial
152,D,ai_chip
152,DDOG,healthcare
152,DE,energy
152,DELL,ai_chip
152,DLR,giant_tech
152,DOCU,software
152,DUK,industrial
152,EME,consumer
152,EMR,industrial
152,EOG,ai_chip
152,EQIX,industrial
152,ESTC,healthcare
152,ETN,software
152,FDX,energy
152,FTNT,utility
152,GE,finance
152,GILD,consumer
152,GLD,industrial
152,GLW,software
152,GM,industrial
152,GOOG,energy
152,GRMN,datacenter_hw
152,GS,ai_chip
152,GTLB,datacenter_hw
152,HD,consumer
152,HLT,software
152,HON,finance
152,HOOD,utility
152,HPE,defensive_bonds
152,HUBS,finance
152,IBM,industrial
152,INTC,healthcare
152,INTU,industrial
152,JNJ,finance
152,JPM,consumer
152,KLAC,industrial
152,KMI,industrial
152,KO,consumer
152,LHX,software
152,LITE,software
152,LLY,finance
152,LMT,consumer
152,LOW,consumer
152,LRCX,consumer
152,MA,software
152,MCD,consumer
152,MCHP,industrial
152,MDB,giant_tech
152,MDT,energy
152,META,software
152,MMM,datacenter_hw
152,MO,energy
152,MPWR,ai_chip
152,MRK,telecom
152,MRVL,healthcare
152,MS,industrial
152,MSFT,consumer
152,MU,healthcare
152,NEE,software
152,NEM,energy
152,NET,industrial
152,NFLX,consumer
152,NOW,ai_chip
152,NVDA,finance
152,NVO,ai_chip
152,NVTS,industrial
152,NXPI,finance
152,OKTA,finance
152,ON,commodity
152,ORCL,datacenter_hw
152,OXY,ai_chip
152,PANW,real_estate
152,PCTY,software
152,PG,finance
152,PGR,healthcare
152,PH,ai_chip
152,PLTR,healthcare
152,PM,datacenter_hw
152,PNC,datacenter_hw
152,PYPL,finance
152,QCOM,software
152,RBLX,finance
152,RKLB,datacenter_hw
152,ROST,industrial
152,RTX,industrial
152,SCHW,consumer
152,SHOP,finance
152,SMCI,software
152,SNOW,giant_tech
152,SO,software
152,SOFI,giant_tech
152,SPCX,ai_chip
152,SPG,finance
152,SPOT,ai_chip
152,SPY,healthcare
152,T,datacenter_hw
152,TEAM,energy
152,TJX,software
152,TLT,real_estate
152,TMO,datacenter_hw
152,TSLA,finance
152,TSM,finance
152,TXN,ai_chip
152,UNH,finance
152,UNP,datacenter_hw
152,V,utility
152,VLO,energy
152,VRT,software
152,VTR,commodity
152,WDAY,software
152,WDC,consumer
152,WELL,consumer
152,WFC,software
152,WMB,ai_chip
152,WMT,industrial
152,XLE,industrial
152,XLF,ai_chip
152,XLI,software
152,XLK,finance
152,XLU,ai_chip
152,XLV,healthcare
152,XLY,software
152,XOM,ai_chip
152,ZM,ai_chip
152,ZS,utility
153,AAPL,ai_chip
153,ABBV,software
153,ADBE,software
153,ADI,software
153,AEP,software
153,AFRM,industrial
153,AMAT,giant_tech
153,AMD,industrial
153,AMZN,healthcare
153,ANET,software
153,APH,finance
153,APP,real_estate
153,ASML,software
153,ATI,datacenter_hw
153,AVGO,consumer
153,AXP,industrial
153,BA,ai_chip
153,BAC,software
153,BLK,datacenter_hw
153,BMY,defensive_bonds
153,BWXT,finance
153,C,finance
153,CAT,ai_chip
153,CME,ai_chip
153,CMG,consumer
153,COHR,finance
153,COIN,consumer
153,COST,consumer
153,CRM,healthcare
153,CRWD,datacenter_hw
153,CRWV,ai_chip
153,CSCO,finance
153,CVS,benchmark
153,CVX,finance
153,D,utility
153,DDOG,giant_tech
153,DE,telecom
153,DELL,datacenter_hw
153,DLR,industrial
153,DOCU,industrial
153,DUK,consumer
153,EME,finance
153,EMR,consumer
153,EOG,ai_chip
153,EQIX,finance
153,ESTC,industrial
153,ETN,ai_chip
153,FDX,industrial
153,FTNT,consumer
153,GE,ai_chip
153,GILD,datacenter_hw
153,GLD,ai_chip
153,GLW,giant_tech
153,GM,healthcare
153,GOOG,software
153,GRMN,ai_chip
153,GS,energy
153,GTLB,industrial
153,HD,finance
153,HLT,healthcare
153,HON,ai_chip
153,HOOD,datacenter_hw
153,HPE,industrial
153,HUBS,ai_chip
153,IBM,finance
153,INTC,healthcare
153,INTU,ai_chip
153,JNJ,software
153,JPM,energy
153,KLAC,healthcare
153,KMI,ai_chip
153,KO,utility
153,LHX,software
153,LITE,consumer
153,LLY,software
153,LMT,industrial
153,LOW,giant_tech
153,LRCX,giant_tech
153,MA,real_estate
153,MCD,finance
153,MCHP,industrial
153,MDB,software
153,MDT,finance
153,META,energy
153,MMM,industrial
153,MO,giant_tech
153,MPWR,consumer
153,MRK,software
153,MRVL,consumer
153,MS,datacenter_hw
153,MSFT,finance
153,MU,healthcare
153,NEE,healthcare
153,NEM,commodity
153,NET,utility
153,NFLX,industrial
153,NOW,industrial
153,NVDA,energy
153,NVO,finance
153,NVTS,consumer
153,NXPI,ai_chip
153,OKTA,finance
153,ON,ai_chip
153,ORCL,giant_tech
153,OXY,software
153,PANW,industrial
153,PCTY,software
153,PG,software
153,PGR,giant_tech
153,PH,commodity
153,PLTR,finance
153,PM,healthcare
153,PNC,industrial
153,PYPL,industrial
153,QCOM,industrial
153,RBLX,datacenter_hw
153,RKLB,software
153,ROST,software
153,RTX,datacenter_hw
153,SCHW,finance
153,SHOP,utility
153,SMCI,datacenter_hw
153,SNOW,consumer
153,SO,finance
153,SOFI,finance
153,SPCX,consumer
153,SPG,software
153,SPOT,healthcare
153,SPY,software
153,T,consumer
153,TEAM,real_estate
153,TJX,industrial
153,TLT,software
153,TMO,giant_tech
153,TSLA,industrial
153,TSM,software
153,TXN,software
153,UNH,software
153,UNP,ai_chip
153,V,energy
153,VLO,ai_chip
153,VRT,finance
153,VTR,utility
153,WDAY,utility
153,WDC,consumer
153,WELL,software
153,WFC,energy
153,WMB,software
153,WMT,energy
153,XLE,datacenter_hw
153,XLF,datacenter_hw
153,XLI,energy
153,XLK,healthcare
153,XLU,datacenter_hw
153,XLV,datacenter_hw
153,XLY,industrial
153,XOM,consumer
153,ZM,healthcare
153,ZS,ai_chip
154,AAPL,giant_tech
154,ABBV,finance
154,ADBE,consumer
154,ADI,datacenter_hw
154,AEP,consumer
154,AFRM,healthcare
154,AMAT,finance
154,AMD,software
154,AMZN,consumer
154,ANET,datacenter_hw
154,APH,consumer
154,APP,real_estate
154,ASML,software
154,ATI,software
154,AVGO,benchmark
154,AXP,datacenter_hw
154,BA,ai_chip
154,BAC,datacenter_hw
154,BLK,healthcare
154,BMY,industrial
154,BWXT,ai_chip
154,C,ai_chip
154,CAT,software
154,CME,healthcare
154,CMG,industrial
154,COHR,software
154,COIN,finance
154,COST,finance
154,CRM,energy
154,CRWD,datacenter_hw
154,CRWV,datacenter_hw
154,CSCO,ai_chip
154,CVS,utility
154,CVX,finance
154,D,utility
154,DDOG,industrial
154,DE,industrial
154,DELL,software
154,DLR,ai_chip
154,DOCU,software
154,DUK,consumer
154,EME,ai_chip
154,EMR,industrial
154,EOG,software
154,EQIX,datacenter_hw
154,ESTC,software
154,ETN,real_estate
154,FDX,ai_chip
154,FTNT,utility
154,GE,industrial
154,GILD,consumer
154,GLD,software
154,GLW,finance
154,GM,ai_chip
154,GOOG,healthcare
154,GRMN,commodity
154,GS,finance
154,GTLB,ai_chip
154,HD,ai_chip
154,HLT,datacenter_hw
154,HON,industrial
154,HOOD,energy
154,HPE,giant_tech
154,HUBS,finance
154,IBM,finance
154,INTC,finance
154,INTU,healthcare
154,JNJ,energy
154,JPM,giant_tech
154,KLAC,giant_tech
154,KMI,finance
154,KO,software
154,LHX,real_estate
154,LITE,commodity
154,LLY,healthcare
154,LMT,software
154,LOW,software
154,LRCX,industrial
154,MA,finance
154,MCD,finance
154,MCHP,finance
154,MDB,healthcare
154,MDT,ai_chip
154,META,ai_chip
154,MMM,industrial
154,MO,industrial
154,MPWR,datacenter_hw
154,MRK,industrial
154,MRVL,giant_tech
154,MS,industrial
154,MSFT,datacenter_hw
154,MU,giant_tech
154,NEE,healthcare
154,NEM,consumer
154,NET,datacenter_hw
154,NFLX,industrial
154,NOW,healthcare
154,NVDA,telecom
154,NVO,consumer
154,NVTS,consumer
154,NXPI,utility
154,OKTA,consumer
154,ON,industrial
154,ORCL,energy
154,OXY,consumer
154,PANW,software
154,PCTY,defensive_bonds
154,PG,ai_chip
154,PGR,healthcare
154,PH,ai_chip
154,PLTR,industrial
154,PM,software
154,PNC,industrial
154,PYPL,energy
154,QCOM,software
154,RBLX,software
154,RKLB,giant_tech
154,ROST,ai_chip
154,RTX,software
154,SCHW,datacenter_hw
154,SHOP,energy
154,SMCI,ai_chip
154,SNOW,industrial
154,SO,software
154,SOFI,software
154,SPCX,consumer
154,SPG,utility
154,SPOT,energy
154,SPY,datacenter_hw
154,T,finance
154,TEAM,software
154,TJX,consumer
154,TLT,healthcare
154,TMO,utility
154,TSLA,software
154,TSM,consumer
154,TXN,finance
154,UNH,finance
154,UNP,giant_tech
154,V,healthcare
154,VLO,industrial
154,VRT,consumer
154,VTR,ai_chip
154,WDAY,software
154,WDC,consumer
154,WELL,energy
154,WFC,industrial
154,WMB,datacenter_hw
154,WMT,software
154,XLE,industrial
154,XLF,software
154,XLI,giant_tech
154,XLK,finance
154,XLU,ai_chip
154,XLV,software
154,XLY,finance
154,XOM,industrial
154,ZM,finance
154,ZS,ai_chip
155,AAPL,healthcare
155,ABBV,giant_tech
155,ADBE,industrial
155,ADI,software
155,AEP,industrial
155,AFRM,ai_chip
155,AMAT,industrial
155,AMD,consumer
155,AMZN,healthcare
155,ANET,giant_tech
155,APH,telecom
155,APP,datacenter_hw
155,ASML,software
155,ATI,datacenter_hw
155,AVGO,finance
155,AXP,industrial
155,BA,healthcare
155,BAC,finance
155,BLK,energy
155,BMY,real_estate
155,BWXT,datacenter_hw
155,C,software
155,CAT,finance
155,CME,consumer
155,CMG,datacenter_hw
155,COHR,healthcare
155,COIN,commodity
155,COST,utility
155,CRM,ai_chip
155,CRWD,software
155,CRWV,industrial
155,CSCO,software
155,CVS,industrial
155,CVX,energy
155,D,consumer
155,DDOG,ai_chip
155,DE,consumer
155,DELL,ai_chip
155,DLR,industrial
155,DOCU,real_estate
155,DUK,software
155,EME,software
155,EMR,benchmark
155,EOG,ai_chip
155,EQIX,consumer
155,ESTC,industrial
155,ETN,energy
155,FDX,finance
155,FTNT,healthcare
155,GE,software
155,GILD,finance
155,GLD,giant_tech
155,GLW,healthcare
155,GM,software
155,GOOG,finance
155,GRMN,software
155,GS,finance
155,GTLB,real_estate
155,HD,healthcare
155,HLT,software
155,HON,healthcare
155,HOOD,consumer
155,HPE,datacenter_hw
155,HUBS,defensive_bonds
155,IBM,giant_tech
155,INTC,industrial
155,INTU,software
155,JNJ,ai_chip
155,JPM,datacenter_hw
155,KLAC,software
155,KMI,industrial
155,KO,consumer
155,LHX,giant_tech
155,LITE,commodity
155,LLY,software
155,LMT,consumer
155,LOW,datacenter_hw
155,LRCX,consumer
155,MA,datacenter_hw
155,MCD,finance
155,MCHP,consumer
155,MDB,software
155,MDT,finance
155,META,ai_chip
155,MMM,datacenter_hw
155,MO,utility
155,MPWR,energy
155,MRK,consumer
155,MRVL,software
155,MS,software
155,MSFT,finance
155,MU,datacenter_hw
155,NEE,industrial
155,NEM,ai_chip
155,NET,software
155,NFLX,healthcare
155,NOW,industrial
155,NVDA,industrial
155,NVO,ai_chip
155,NVTS,software
155,NXPI,utility
155,OKTA,giant_tech
155,ON,utility
155,ORCL,datacenter_hw
155,OXY,healthcare
155,PANW,consumer
155,PCTY,ai_chip
155,PG,giant_tech
155,PGR,industrial
155,PH,datacenter_hw
155,PLTR,industrial
155,PM,industrial
155,PNC,software
155,PYPL,finance
155,QCOM,healthcare
155,RBLX,giant_tech
155,RKLB,consumer
155,ROST,ai_chip
155,RTX,ai_chip
155,SCHW,ai_chip
155,SHOP,energy
155,SMCI,finance
155,SNOW,ai_chip
155,SO,finance
155,SOFI,software
155,SPCX,ai_chip
155,SPG,software
155,SPOT,finance
155,SPY,healthcare
155,T,finance
155,TEAM,ai_chip
155,TJX,energy
155,TLT,consumer
155,TMO,ai_chip
155,TSLA,consumer
155,TSM,software
155,TXN,utility
155,UNH,finance
155,UNP,ai_chip
155,V,industrial
155,VLO,finance
155,VRT,industrial
155,VTR,software
155,WDAY,finance
155,WDC,industrial
155,WELL,energy
155,WFC,industrial
155,WMB,consumer
155,WMT,datacenter_hw
155,XLE,software
155,XLF,energy
155,XLI,software
155,XLK,finance
155,XLU,datacenter_hw
155,XLV,industrial
155,XLY,finance
155,XOM,ai_chip
155,ZM,giant_tech
155,ZS,utility
156,AAPL,software
156,ABBV,consumer
156,ADBE,finance
156,ADI,healthcare
156,AEP,industrial
156,AFRM,datacenter_hw
156,AMAT,finance
156,AMD,software
156,AMZN,software
156,ANET,finance
156,APH,healthcare
156,APP,consumer
156,ASML,ai_chip
156,ATI,software
156,AVGO,consumer
156,AXP,healthcare
156,BA,finance
156,BAC,utility
156,BLK,utility
156,BMY,software
156,BWXT,healthcare
156,C,industrial
156,CAT,finance
156,CME,real_estate
156,CMG,ai_chip
156,COHR,datacenter_hw
156,COIN,consumer
156,COST,ai_chip
156,CRM,datacenter_hw
156,CRWD,finance
156,CRWV,telecom
156,CSCO,industrial
156,CVS,real_estate
156,CVX,software
156,D,giant_tech
156,DDOG,datacenter_hw
156,DE,datacenter_hw
156,DELL,ai_chip
156,DLR,datacenter_hw
156,DOCU,ai_chip
156,DUK,consumer
156,EME,energy
156,EMR,industrial
156,EOG,giant_tech
156,EQIX,finance
156,ESTC,commodity
156,ETN,utility
156,FDX,ai_chip
156,FTNT,ai_chip
156,GE,ai_chip
156,GILD,consumer
156,GLD,ai_chip
156,GLW,healthcare
156,GM,industrial
156,GOOG,industrial
156,GRMN,healthcare
156,GS,software
156,GTLB,industrial
156,HD,consumer
156,HLT,industrial
156,HON,software
156,HOOD,datacenter_hw
156,HPE,commodity
156,HUBS,finance
156,IBM,software
156,INTC,industrial
156,INTU,giant_tech
156,JNJ,utility
156,JPM,finance
156,KLAC,industrial
156,KMI,healthcare
156,KO,energy
156,LHX,industrial
156,LITE,ai_chip
156,LLY,software
156,LMT,datacenter_hw
156,LOW,industrial
156,LRCX,real_estate
156,MA,ai_chip
156,MCD,energy
156,MCHP,ai_chip
156,MDB,datacenter_hw
156,MDT,finance
156,META,giant_tech
156,MMM,software
156,MO,software
156,MPWR,healthcare
156,MRK,giant_tech
156,MRVL,finance
156,MS,finance
156,MSFT,software
156,MU,ai_chip
156,NEE,finance
156,NEM,giant_tech
156,NET,finance
156,NFLX,software
156,NOW,industrial
156,NVDA,energy
156,NVO,software
156,NVTS,giant_tech
156,NXPI,datacenter_hw
156,OKTA,industrial
156,ON,consumer
156,ORCL,finance
156,OXY,defensive_bonds
156,PANW,utility
156,PCTY,energy
156,PG,energy
156,PGR,industrial
156,PH,software
156,PLTR,healthcare
156,PM,finance
156,PNC,software
156,PYPL,consumer
156,QCOM,consumer
156,RBLX,giant_tech
156,RKLB,ai_chip
156,ROST,giant_tech
156,RTX,software
156,SCHW,industrial
156,SHOP,industrial
156,SMCI,ai_chip
156,SNOW,datacenter_hw
156,SO,industrial
156,SOFI,benchmark
156,SPCX,finance
156,SPG,consumer
156,SPOT,industrial
156,SPY,consumer
156,T,consumer
156,TEAM,software
156,TJX,software
156,TLT,datacenter_hw
156,TMO,industrial
156,TSLA,energy
156,TSM,finance
156,TXN,consumer
156,UNH,healthcare
156,UNP,ai_chip
156,V,software
156,VLO,utility
156,VRT,software
156,VTR,industrial
156,WDAY,software
156,WDC,consumer
156,WELL,software
156,WFC,energy
156,WMB,finance
156,WMT,ai_chip
156,XLE,ai_chip
156,XLF,datacenter_hw
156,XLI,ai_chip
156,XLK,finance
156,XLU,software
156,XLV,healthcare
156,XLY,consumer
156,XOM,healthcare
156,ZM,software
156,ZS,datacenter_hw
157,AAPL,industrial
157,ABBV,industrial
157,ADBE,software
157,ADI,industrial
157,AEP,industrial
157,AFRM,giant_tech
157,AMAT,finance
157,AMD,consumer
157,AMZN,industrial
157,ANET,software
157,APH,software
157,APP,software
157,ASML,finance
157,ATI,software
157,AVGO,datacenter_hw
157,AXP,ai_chip
157,BA,datacenter_hw
157,BAC,giant_tech
157,BLK,giant_tech
157,BMY,finance
157,BWXT,software
157,C,software
157,CAT,telecom
157,CME,datacenter_hw
157,CMG,consumer
157,COHR,energy
157,COIN,software
157,COST,software
157,CRM,utility
157,CRWD,industrial
157,CRWV,ai_chip
157,CSCO,industrial
157,CVS,consumer
157,CVX,consumer
157,D,utility
157,DDOG,industrial
157,DE,energy
157,DELL,finance
157,DLR,ai_chip
157,DOCU,finance
157,DUK,datacenter_hw
157,EME,real_estate
157,EMR,industrial
157,EOG,industrial
157,EQIX,ai_chip
157,ESTC,industrial
157,ETN,datacenter_hw
157,FDX,industrial
157,FTNT,giant_tech
157,GE,industrial
157,GILD,healthcare
157,GLD,software
157,GLW,healthcare
157,GM,software
157,GOOG,ai_chip
157,GRMN,ai_chip
157,GS,industrial
157,GTLB,datacenter_hw
157,HD,software
157,HLT,healthcare
157,HON,finance
157,HOOD,utility
157,HPE,ai_chip
157,HUBS,consumer
157,IBM,consumer
157,INTC,energy
157,INTU,finance
157,JNJ,industrial
157,JPM,industrial
157,KLAC,datacenter_hw
157,KMI,finance
157,KO,ai_chip
157,LHX,healthcare
157,LITE,software
157,LLY,datacenter_hw
157,LMT,software
157,LOW,healthcare
157,LRCX,industrial
157,MA,software
157,MCD,software
157,MCHP,finance
157,MDB,ai_chip
157,MDT,consumer
157,META,consumer
157,MMM,software
157,MO,finance
157,MPWR,giant_tech
157,MRK,datacenter_hw
157,MRVL,finance
157,MS,finance
157,MSFT,healthcare
157,MU,utility
157,NEE,healthcare
157,NEM,commodity
157,NET,giant_tech
157,NFLX,energy
157,NOW,ai_chip
157,NVDA,energy
157,NVO,healthcare
157,NVTS,industrial
157,NXPI,software
157,OKTA,ai_chip
157,ON,finance
157,ORCL,consumer
157,OXY,datacenter_hw
157,PANW,ai_chip
157,PCTY,healthcare
157,PG,software
157,PGR,energy
157,PH,finance
157,PLTR,ai_chip
157,PM,ai_chip
157,PNC,ai_chip
157,PYPL,industrial
157,QCOM,commodity
157,RBLX,energy
157,RKLB,software
157,ROST,energy
157,RTX,datacenter_hw
157,SCHW,ai_chip
157,SHOP,ai_chip
157,SMCI,industrial
157,SNOW,finance
157,SO,finance
157,SOFI,consumer
157,SPCX,healthcare
157,SPG,finance
157,SPOT,benchmark
157,SPY,finance
157,T,software
157,TEAM,consumer
157,TJX,ai_chip
157,TLT,software
157,TMO,giant_tech
157,TSLA,utility
157,TSM,software
157,TXN,consumer
157,UNH,software
157,UNP,defensive_bonds
157,V,software
157,VLO,real_estate
157,VRT,healthcare
157,VTR,finance
157,WDAY,consumer
157,WDC,consumer
157,WELL,healthcare
157,WFC,ai_chip
157,WMB,giant_tech
157,WMT,consumer
157,XLE,datacenter_hw
157,XLF,industrial
157,XLI,datacenter_hw
157,XLK,finance
157,XLU,software
157,XLV,utility
157,XLY,datacenter_hw
157,XOM,giant_tech
157,ZM,consumer
157,ZS,real_estate
158,AAPL,energy
158,ABBV,giant_tech
158,ADBE,industrial
158,ADI,healthcare
158,AEP,energy
158,AFRM,software
158,AMAT,software
158,AMD,utility
158,AMZN,software
158,ANET,ai_chip
158,APH,telecom
158,APP,finance
158,ASML,ai_chip
158,ATI,giant_tech
158,AVGO,datacenter_hw
158,AXP,industrial
158,BA,industrial
158,BAC,ai_chip
158,BLK,software
158,BMY,healthcare
158,BWXT,giant_tech
158,C,software
158,CAT,energy
158,CME,healthcare
158,CMG,consumer
158,COHR,finance
158,COIN,software
158,COST,finance
158,CRM,industrial
158,CRWD,ai_chip
158,CRWV,industrial
158,CSCO,finance
158,CVS,finance
158,CVX,consumer
158,D,finance
158,DDOG,software
158,DE,datacenter_hw
158,DELL,ai_chip
158,DLR,consumer
158,DOCU,industrial
158,DUK,healthcare
158,EME,consumer
158,EMR,datacenter_hw
158,EOG,industrial
158,EQIX,datacenter_hw
158,ESTC,finance
158,ETN,real_estate
158,FDX,ai_chip
158,FTNT,utility
158,GE,healthcare
158,GILD,datacenter_hw
158,GLD,finance
158,GLW,healthcare
158,GM,datacenter_hw
158,GOOG,industrial
158,GRMN,consumer
158,GS,finance
158,GTLB,finance
158,HD,consumer
158,HLT,software
158,HON,ai_chip
158,HOOD,energy
158,HPE,datacenter_hw
158,HUBS,defensive_bonds
158,IBM,industrial
158,INTC,software
158,INTU,software
158,JNJ,consumer
158,JPM,software
158,KLAC,giant_tech
158,KMI,finance
158,KO,ai_chip
158,LHX,finance
158,LITE,healthcare
158,LLY,software
158,LMT,consumer
158,LOW,software
158,LRCX,software
158,MA,datacenter_hw
158,MCD,consumer
158,MCHP,consumer
158,MDB,datacenter_hw
158,MDT,ai_chip
158,META,software
158,MMM,energy
158,MO,finance
158,MPWR,ai_chip
158,MRK,giant_tech
158,MRVL,ai_chip
158,MS,industrial
158,MSFT,energy
158,MU,healthcare
158,NEE,energy
158,NEM,ai_chip
158,NET,software
158,NFLX,healthcare
158,NOW,finance
158,NVDA,software
158,NVO,ai_chip
158,NVTS,benchmark
158,NXPI,software
158,OKTA,software
158,ON,utility
158,ORCL,utility
158,OXY,finance
158,PANW,ai_chip
158,PCTY,giant_tech
158,PG,datacenter_hw
158,PGR,datacenter_hw
158,PH,software
158,PLTR,giant_tech
158,PM,industrial
158,PNC,healthcare
158,PYPL,industrial
158,QCOM,software
158,RBLX,industrial
158,RKLB,commodity
158,ROST,real_estate
158,RTX,industrial
158,SCHW,software
158,SHOP,consumer
158,SMCI,industrial
158,SNOW,finance
158,SO,software
158,SOFI,consumer
158,SPCX,giant_tech
158,SPG,finance
158,SPOT,ai_chip
158,SPY,consumer
158,T,ai_chip
158,TEAM,healthcare
158,TJX,consumer
158,TLT,energy
158,TMO,consumer
158,TSLA,finance
158,TSM,industrial
158,TXN,industrial
158,UNH,datacenter_hw
158,UNP,utility
158,V,software
158,VLO,finance
158,VRT,utility
158,VTR,industrial
158,WDAY,giant_tech
158,WDC,finance
158,WELL,commodity
158,WFC,datacenter_hw
158,WMB,software
158,WMT,healthcare
158,XLE,industrial
158,XLF,software
158,XLI,ai_chip
158,XLK,real_estate
158,XLU,ai_chip
158,XLV,datacenter_hw
158,XLY,consumer
158,XOM,industrial
158,ZM,industrial
158,ZS,ai_chip
159,AAPL,industrial
159,ABBV,finance
159,ADBE,finance
159,ADI,software
159,AEP,ai_chip
159,AFRM,ai_chip
159,AMAT,datacenter_hw
159,AMD,consumer
159,AMZN,industrial
159,ANET,datacenter_hw
159,APH,software
159,APP,software
159,ASML,consumer
159,ATI,datacenter_hw
159,AVGO,finance
159,AXP,industrial
159,BA,finance
159,BAC,giant_tech
159,BLK,datacenter_hw
159,BMY,ai_chip
159,BWXT,consumer
159,C,consumer
159,CAT,energy
159,CME,consumer
159,CMG,finance
159,COHR,industrial
159,COIN,utility
159,COST,healthcare
159,CRM,healthcare
159,CRWD,ai_chip
159,CRWV,giant_tech
159,CSCO,industrial
159,CVS,healthcare
159,CVX,industrial
159,D,software
159,DDOG,healthcare
159,DE,software
159,DELL,giant_tech
159,DLR,consumer
159,DOCU,ai_chip
159,DUK,ai_chip
159,EME,finance
159,EMR,telecom
159,EOG,software
159,EQIX,finance
159,ESTC,datacenter_hw
159,ETN,software
159,FDX,giant_tech
159,FTNT,giant_tech
159,GE,energy
159,GILD,finance
159,GLD,utility
159,GLW,software
159,GM,industrial
159,GOOG,industrial
159,GRMN,energy
159,GS,energy
159,GTLB,industrial
159,HD,giant_tech
159,HLT,ai_chip
159,HON,industrial
159,HOOD,software
159,HPE,utility
159,HUBS,consumer
159,IBM,finance
159,INTC,utility
159,INTU,finance
159,JNJ,industrial
159,JPM,industrial
159,KLAC,ai_chip
159,KMI,software
159,KO,ai_chip
159,LHX,software
159,LITE,ai_chip
159,LLY,software
159,LMT,finance
159,LOW,ai_chip
159,LRCX,consumer
159,MA,finance
159,MCD,software
159,MCHP,datacenter_hw
159,MDB,industrial
159,MDT,energy
159,META,software
159,MMM,energy
159,MO,finance
159,MPWR,ai_chip
159,MRK,healthcare
159,MRVL,ai_chip
159,MS,datacenter_hw
159,MSFT,software
159,MU,software
159,NEE,healthcare
159,NEM,datacenter_hw
159,NET,finance
159,NFLX,real_estate
159,NOW,consumer
159,NVDA,consumer
159,NVO,defensive_bonds
159,NVTS,consumer
159,NXPI,ai_chip
159,OKTA,datacenter_hw
159,ON,healthcare
159,ORCL,industrial
159,OXY,consumer
159,PANW,ai_chip
159,PCTY,software
159,PG,software
159,PGR,software
159,PH,healthcare
159,PLTR,software
159,PM,finance
159,PNC,finance
159,PYPL,industrial
159,QCOM,finance
159,RBLX,healthcare
159,RKLB,software
159,ROST,industrial
159,RTX,energy
159,SCHW,consumer
159,SHOP,industrial
159,SMCI,real_estate
159,SNOW,commodity
159,SO,giant_tech
159,SOFI,consumer
159,SPCX,consumer
159,SPG,software
159,SPOT,utility
159,SPY,giant_tech
159,T,software
159,TEAM,software
159,TJX,ai_chip
159,TLT,ai_chip
159,TMO,datacenter_hw
159,TSLA,commodity
159,TSM,industrial
159,TXN,datacenter_hw
159,UNH,energy
159,UNP,industrial
159,V,healthcare
159,VLO,healthcare
159,VRT,finance
159,VTR,ai_chip
159,WDAY,utility
159,WDC,healthcare
159,WELL,software
159,WFC,benchmark
159,WMB,finance
159,WMT,giant_tech
159,XLE,real_estate
159,XLF,datacenter_hw
159,XLI,finance
159,XLK,software
159,XLU,industrial
159,XLV,ai_chip
159,XLY,datacenter_hw
159,XOM,datacenter_hw
159,ZM,industrial
159,ZS,consumer
160,AAPL,industrial
160,ABBV,industrial
160,ADBE,real_estate
160,ADI,ai_chip
160,AEP,consumer
160,AFRM,datacenter_hw
160,AMAT,ai_chip
160,AMD,utility
160,AMZN,commodity
160,ANET,software
160,APH,industrial
160,APP,ai_chip
160,ASML,utility
160,ATI,utility
160,AVGO,energy
160,AXP,datacenter_hw
160,BA,consumer
160,BAC,consumer
160,BLK,industrial
160,BMY,industrial
160,BWXT,healthcare
160,C,telecom
160,CAT,utility
160,CME,software
160,CMG,ai_chip
160,COHR,utility
160,COIN,consumer
160,COST,industrial
160,CRM,giant_tech
160,CRWD,software
160,CRWV,energy
160,CSCO,software
160,CVS,software
160,CVX,energy
160,D,finance
160,DDOG,consumer
160,DE,software
160,DELL,ai_chip
160,DLR,datacenter_hw
160,DOCU,giant_tech
160,DUK,software
160,EME,datacenter_hw
160,EMR,consumer
160,EOG,industrial
160,EQIX,datacenter_hw
160,ESTC,industrial
160,ETN,finance
160,FDX,finance
160,FTNT,finance
160,GE,finance
160,GILD,healthcare
160,GLD,software
160,GLW,consumer
160,GM,energy
160,GOOG,industrial
160,GRMN,real_estate
160,GS,ai_chip
160,GTLB,giant_tech
160,HD,datacenter_hw
160,HLT,finance
160,HON,consumer
160,HOOD,finance
160,HPE,software
160,HUBS,ai_chip
160,IBM,healthcare
160,INTC,finance
160,INTU,industrial
160,JNJ,ai_chip
160,JPM,giant_tech
160,KLAC,utility
160,KMI,healthcare
160,KO,software
160,LHX,software
160,LITE,healthcare
160,LLY,industrial
160,LMT,industrial
160,LOW,consumer
160,LRCX,giant_tech
160,MA,finance
160,MCD,healthcare
160,MCHP,defensive_bonds
160,MDB,consumer
160,MDT,finance
160,META,software
160,MMM,ai_chip
160,MO,ai_chip
160,MPWR,software
160,MRK,datacenter_hw
160,MRVL,industrial
160,MS,energy
160,MSFT,software
160,MU,software
160,NEE,industrial
160,NEM,finance
160,NET,finance
160,NFLX,software
160,NOW,software
160,NVDA,software
160,NVO,ai_chip
160,NVTS,consumer
160,NXPI,datacenter_hw
160,OKTA,ai_chip
160,ON,industrial
160,ORCL,datacenter_hw
160,OXY,industrial
160,PANW,software
160,PCTY,industrial
160,PG,finance
160,PGR,finance
160,PH,industrial
160,PLTR,giant_tech
160,PM,finance
160,PNC,consumer
160,PYPL,energy
160,QCOM,finance
160,RBLX,benchmark
160,RKLB,healthcare
160,ROST,healthcare
160,RTX,real_estate
160,SCHW,commodity
160,SHOP,ai_chip
160,SMCI,datacenter_hw
160,SNOW,giant_tech
160,SO,energy
160,SOFI,ai_chip
160,SPCX,datacenter_hw
160,SPG,consumer
160,SPOT,ai_chip
160,SPY,healthcare
160,T,software
160,TEAM,giant_tech
160,TJX,software
160,TLT,energy
160,TMO,industrial
160,TSLA,giant_tech
160,TSM,software
160,TXN,finance
160,UNH,ai_chip
160,UNP,finance
160,V,consumer
160,VLO,industrial
160,VRT,healthcare
160,VTR,consumer
160,WDAY,software
160,WDC,finance
160,WELL,healthcare
160,WFC,ai_chip
160,WMB,datacenter_hw
160,WMT,finance
160,XLE,consumer
160,XLF,industrial
160,XLI,ai_chip
160,XLK,software
160,XLU,datacenter_hw
160,XLV,ai_chip
160,XLY,datacenter_hw
160,XOM,healthcare
160,ZM,software
160,ZS,software
161,AAPL,industrial
161,ABBV,consumer
161,ADBE,finance
161,ADI,industrial
161,AEP,datacenter_hw
161,AFRM,datacenter_hw
161,AMAT,finance
161,AMD,finance
161,AMZN,datacenter_hw
161,ANET,finance
161,APH,finance
161,APP,consumer
161,ASML,healthcare
161,ATI,software
161,AVGO,software
161,AXP,giant_tech
161,BA,finance
161,BAC,ai_chip
161,BLK,healthcare
161,BMY,finance
161,BWXT,finance
161,C,datacenter_hw
161,CAT,utility
161,CME,consumer
161,CMG,software
161,COHR,finance
161,COIN,software
161,COST,industrial
161,CRM,ai_chip
161,CRWD,finance
161,CRWV,ai_chip
161,CSCO,energy
161,CVS,software
161,CVX,finance
161,D,benchmark
161,DDOG,industrial
161,DE,giant_tech
161,DELL,energy
161,DLR,industrial
161,DOCU,energy
161,DUK,defensive_bonds
161,EME,healthcare
161,EMR,consumer
161,EOG,finance
161,EQIX,datacenter_hw
161,ESTC,ai_chip
161,ETN,consumer
161,FDX,energy
161,FTNT,ai_chip
161,GE,consumer
161,GILD,software
161,GLD,ai_chip
161,GLW,ai_chip
161,GM,ai_chip
161,GOOG,software
161,GRMN,software
161,GS,datacenter_hw
161,GTLB,industrial
161,HD,ai_chip
161,HLT,utility
161,HON,giant_tech
161,HOOD,consumer
161,HPE,healthcare
161,HUBS,healthcare
161,IBM,real_estate
161,INTC,healthcare
161,INTU,software
161,JNJ,datacenter_hw
161,JPM,ai_chip
161,KLAC,ai_chip
161,KMI,real_estate
161,KO,consumer
161,LHX,software
161,LITE,consumer
161,LLY,software
161,LMT,datacenter_hw
161,LOW,datacenter_hw
161,LRCX,software
161,MA,giant_tech
161,MCD,software
161,MCHP,software
161,MDB,energy
161,MDT,industrial
161,META,ai_chip
161,MMM,consumer
161,MO,giant_tech
161,MPWR,giant_tech
161,MRK,industrial
161,MRVL,industrial
161,MS,consumer
161,MSFT,ai_chip
161,MU,finance
161,NEE,finance
161,NEM,healthcare
161,NET,healthcare
161,NFLX,energy
161,NOW,industrial
161,NVDA,software
161,NVO,energy
161,NVTS,industrial
161,NXPI,consumer
161,OKTA,energy
161,ON,finance
161,ORCL,datacenter_hw
161,OXY,industrial
161,PANW,finance
161,PCTY,healthcare
161,PG,telecom
161,PGR,healthcare
161,PH,software
161,PLTR,industrial
161,PM,ai_chip
161,PNC,finance
161,PYPL,industrial
161,QCOM,datacenter_hw
161,RBLX,utility
161,RKLB,finance
161,ROST,software
161,RTX,ai_chip
161,SCHW,software
161,SHOP,industrial
161,SMCI,finance
161,SNOW,ai_chip
161,SO,industrial
161,SOFI,utility
161,SPCX,ai_chip
161,SPG,software
161,SPOT,consumer
161,SPY,software
161,T,software
161,TEAM,industrial
161,TJX,datacenter_hw
161,TLT,finance
161,TMO,software
161,TSLA,ai_chip
161,TSM,real_estate
161,TXN,commodity
161,UNH,datacenter_hw
161,UNP,software
161,V,industrial
161,VLO,software
161,VRT,commodity
161,VTR,healthcare
161,WDAY,giant_tech
161,WDC,giant_tech
161,WELL,giant_tech
161,WFC,consumer
161,WMB,healthcare
161,WMT,industrial
161,XLE,utility
161,XLF,software
161,XLI,datacenter_hw
161,XLK,consumer
161,XLU,industrial
161,XLV,industrial
161,XLY,software
161,XOM,utility
161,ZM,ai_chip
161,ZS,consumer
162,AAPL,software
162,ABBV,energy
162,ADBE,healthcare
162,ADI,industrial
162,AEP,finance
162,AFRM,industrial
162,AMAT,energy
162,AMD,finance
162,AMZN,datacenter_hw
162,ANET,commodity
162,APH,finance
162,APP,software
162,ASML,giant_tech
162,ATI,software
162,AVGO,ai_chip
162,AXP,healthcare
162,BA,finance
162,BAC,consumer
162,BLK,software
162,BMY,utility
162,BWXT,datacenter_hw
162,C,healthcare
162,CAT,datacenter_hw
162,CME,telecom
162,CMG,utility
162,COHR,healthcare
162,COIN,giant_tech
162,COST,ai_chip
162,CRM,ai_chip
162,CRWD,industrial
162,CRWV,commodity
162,CSCO,real_estate
162,CVS,industrial
162,CVX,software
162,D,energy
162,DDOG,healthcare
162,DE,finance
162,DELL,ai_chip
162,DLR,ai_chip
162,DOCU,consumer
162,DUK,software
162,EME,ai_chip
162,EMR,datacenter_hw
162,EOG,finance
162,EQIX,real_estate
162,ESTC,ai_chip
162,ETN,industrial
162,FDX,finance
162,FTNT,finance
162,GE,benchmark
162,GILD,utility
162,GLD,ai_chip
162,GLW,industrial
162,GM,ai_chip
162,GOOG,ai_chip
162,GRMN,ai_chip
162,GS,ai_chip
162,GTLB,industrial
162,HD,ai_chip
162,HLT,datacenter_hw
162,HON,software
162,HOOD,industrial
162,HPE,datacenter_hw
162,HUBS,giant_tech
162,IBM,software
162,INTC,healthcare
162,INTU,datacenter_hw
162,JNJ,software
162,JPM,software
162,KLAC,industrial
162,KMI,datacenter_hw
162,KO,software
162,LHX,finance
162,LITE,industrial
162,LLY,consumer
162,LMT,industrial
162,LOW,ai_chip
162,LRCX,healthcare
162,MA,giant_tech
162,MCD,industrial
162,MCHP,consumer
162,MDB,software
162,MDT,consumer
162,META,software
162,MMM,industrial
162,MO,energy
162,MPWR,real_estate
162,MRK,consumer
162,MRVL,consumer
162,MS,utility
162,MSFT,software
162,MU,finance
162,NEE,software
162,NEM,consumer
162,NET,energy
162,NFLX,finance
162,NOW,finance
162,NVDA,software
162,NVO,giant_tech
162,NVTS,industrial
162,NXPI,finance
162,OKTA,energy
162,ON,giant_tech
162,ORCL,ai_chip
162,OXY,software
162,PANW,ai_chip
162,PCTY,industrial
162,PG,healthcare
162,PGR,software
162,PH,giant_tech
162,PLTR,healthcare
162,PM,ai_chip
162,PNC,finance
162,PYPL,datacenter_hw
162,QCOM,datacenter_hw
162,RBLX,industrial
162,RKLB,finance
162,ROST,software
162,RTX,finance
162,SCHW,healthcare
162,SHOP,healthcare
162,SMCI,consumer
162,SNOW,datacenter_hw
162,SO,software
162,SOFI,industrial
162,SPCX,healthcare
162,SPG,defensive_bonds
162,SPOT,software
162,SPY,consumer
162,T,finance
162,TEAM,datacenter_hw
162,TJX,finance
162,TLT,ai_chip
162,TMO,finance
162,TSLA,industrial
162,TSM,giant_tech
162,TXN,software
162,UNH,software
162,UNP,consumer
162,V,finance
162,VLO,datacenter_hw
162,VRT,consumer
162,VTR,industrial
162,WDAY,energy
162,WDC,consumer
162,WELL,energy
162,WFC,industrial
162,WMB,software
162,WMT,consumer
162,XLE,software
162,XLF,utility
162,XLI,ai_chip
162,XLK,consumer
162,XLU,consumer
162,XLV,giant_tech
162,XLY,software
162,XOM,utility
162,ZM,datacenter_hw
162,ZS,industrial
163,AAPL,real_estate
163,ABBV,industrial
163,ADBE,finance
163,ADI,ai_chip
163,AEP,healthcare
163,AFRM,finance
163,AMAT,datacenter_hw
163,AMD,software
163,AMZN,commodity
163,ANET,datacenter_hw
163,APH,software
163,APP,datacenter_hw
163,ASML,ai_chip
163,ATI,consumer
163,AVGO,software
163,AXP,finance
163,BA,consumer
163,BAC,datacenter_hw
163,BLK,software
163,BMY,energy
163,BWXT,datacenter_hw
163,C,consumer
163,CAT,healthcare
163,CME,industrial
163,CMG,ai_chip
163,COHR,datacenter_hw
163,COIN,finance
163,COST,giant_tech
163,CRM,software
163,CRWD,software
163,CRWV,software
163,CSCO,telecom
163,CVS,industrial
163,CVX,finance
163,D,energy
163,DDOG,utility
163,DE,healthcare
163,DELL,consumer
163,DLR,ai_chip
163,DOCU,industrial
163,DUK,giant_tech
163,EME,software
163,EMR,ai_chip
163,EOG,healthcare
163,EQIX,real_estate
163,ESTC,industrial
163,ETN,real_estate
163,FDX,finance
163,FTNT,ai_chip
163,GE,finance
163,GILD,datacenter_hw
163,GLD,giant_tech
163,GLW,finance
163,GM,software
163,GOOG,industrial
163,GRMN,industrial
163,GS,utility
163,GTLB,datacenter_hw
163,HD,finance
163,HLT,energy
163,HON,utility
163,HOOD,finance
163,HPE,software
163,HUBS,software
163,IBM,ai_chip
163,INTC,ai_chip
163,INTU,consumer
163,JNJ,software
163,JPM,datacenter_hw
163,KLAC,healthcare
163,KMI,software
163,KO,software
163,LHX,industrial
163,LITE,industrial
163,LLY,ai_chip
163,LMT,ai_chip
163,LOW,finance
163,LRCX,consumer
163,MA,giant_tech
163,MCD,ai_chip
163,MCHP,commodity
163,MDB,software
163,MDT,software
163,META,software
163,MMM,ai_chip
163,MO,industrial
163,MPWR,healthcare
163,MRK,industrial
163,MRVL,energy
163,MS,datacenter_hw
163,MSFT,utility
163,MU,consumer
163,NEE,industrial
163,NEM,ai_chip
163,NET,consumer
163,NFLX,software
163,NOW,finance
163,NVDA,industrial
163,NVO,energy
163,NVTS,datacenter_hw
163,NXPI,healthcare
163,OKTA,consumer
163,ON,consumer
163,ORCL,software
163,OXY,finance
163,PANW,finance
163,PCTY,finance
163,PG,datacenter_hw
163,PGR,consumer
163,PH,finance
163,PLTR,industrial
163,PM,energy
163,PNC,ai_chip
163,PYPL,consumer
163,QCOM,healthcare
163,RBLX,software
163,RKLB,healthcare
163,ROST,giant_tech
163,RTX,ai_chip
163,SCHW,healthcare
163,SHOP,giant_tech
163,SMCI,finance
163,SNOW,software
163,SO,energy
163,SOFI,datacenter_hw
163,SPCX,consumer
163,SPG,industrial
163,SPOT,industrial
163,SPY,utility
163,T,defensive_bonds
163,TEAM,giant_tech
163,TJX,industrial
163,TLT,ai_chip
163,TMO,industrial
163,TSLA,datacenter_hw
163,TSM,benchmark
163,TXN,industrial
163,UNH,utility
163,UNP,ai_chip
163,V,finance
163,VLO,ai_chip
163,VRT,giant_tech
163,VTR,consumer
163,WDAY,consumer
163,WDC,software
163,WELL,software
163,WFC,healthcare
163,WMB,consumer
163,WMT,industrial
163,XLE,software
163,XLF,ai_chip
163,XLI,finance
163,XLK,industrial
163,XLU,energy
163,XLV,software
163,XLY,giant_tech
163,XOM,finance
163,ZM,software
163,ZS,healthcare
164,AAPL,giant_tech
164,ABBV,utility
164,ADBE,ai_chip
164,ADI,ai_chip
164,AEP,consumer
164,AFRM,consumer
164,AMAT,software
164,AMD,consumer
164,AMZN,utility
164,ANET,healthcare
164,APH,ai_chip
164,APP,finance
164,ASML,energy
164,ATI,consumer
164,AVGO,datacenter_hw
164,AXP,healthcare
164,BA,software
164,BAC,healthcare
164,BLK,industrial
164,BMY,giant_tech
164,BWXT,energy
164,C,finance
164,CAT,finance
164,CME,real_estate
164,CMG,ai_chip
164,COHR,finance
164,COIN,healthcare
164,COST,software
164,CRM,healthcare
164,CRWD,healthcare
164,CRWV,consumer
164,CSCO,ai_chip
164,CVS,consumer
164,CVX,consumer
164,D,healthcare
164,DDOG,finance
164,DE,giant_tech
164,DELL,ai_chip
164,DLR,real_estate
164,DOCU,finance
164,DUK,datacenter_hw
164,EME,energy
164,EMR,finance
164,EOG,finance
164,EQIX,ai_chip
164,ESTC,industrial
164,ETN,industrial
164,FDX,finance
164,FTNT,industrial
164,GE,software
164,GILD,giant_tech
164,GLD,consumer
164,GLW,utility
164,GM,ai_chip
164,GOOG,consumer
164,GRMN,utility
164,GS,industrial
164,GTLB,consumer
164,HD,healthcare
164,HLT,ai_chip
164,HON,datacenter_hw
164,HOOD,datacenter_hw
164,HPE,finance
164,HUBS,ai_chip
164,IBM,datacenter_hw
164,INTC,software
164,INTU,energy
164,JNJ,software
164,JPM,datacenter_hw
164,KLAC,finance
164,KMI,datacenter_hw
164,KO,software
164,LHX,giant_tech
164,LITE,ai_chip
164,LLY,industrial
164,LMT,software
164,LOW,software
164,LRCX,giant_tech
164,MA,datacenter_hw
164,MCD,ai_chip
164,MCHP,real_estate
164,MDB,energy
164,MDT,software
164,META,software
164,MMM,industrial
164,MO,utility
164,MPWR,consumer
164,MRK,finance
164,MRVL,industrial
164,MS,giant_tech
164,MSFT,datacenter_hw
164,MU,software
164,NEE,healthcare
164,NEM,utility
164,NET,defensive_bonds
164,NFLX,consumer
164,NOW,benchmark
164,NVDA,software
164,NVO,consumer
164,NVTS,finance
164,NXPI,industrial
164,OKTA,energy
164,ON,industrial
164,ORCL,datacenter_hw
164,OXY,finance
164,PANW,healthcare
164,PCTY,software
164,PG,software
164,PGR,datacenter_hw
164,PH,software
164,PLTR,datacenter_hw
164,PM,software
164,PNC,software
164,PYPL,software
164,QCOM,industrial
164,RBLX,energy
164,RKLB,industrial
164,ROST,software
164,RTX,ai_chip
164,SCHW,telecom
164,SHOP,healthcare
164,SMCI,industrial
164,SNOW,finance
164,SO,datacenter_hw
164,SOFI,software
164,SPCX,datacenter_hw
164,SPG,industrial
164,SPOT,consumer
164,SPY,industrial
164,T,software
164,TEAM,software
164,TJX,giant_tech
164,TLT,industrial
164,TMO,ai_chip
164,TSLA,giant_tech
164,TSM,finance
164,TXN,industrial
164,UNH,industrial
164,UNP,energy
164,V,industrial
164,VLO,software
164,VRT,commodity
164,VTR,healthcare
164,WDAY,ai_chip
164,WDC,ai_chip
164,WELL,ai_chip
164,WFC,ai_chip
164,WMB,finance
164,WMT,software
164,XLE,commodity
164,XLF,ai_chip
164,XLI,industrial
164,XLK,finance
164,XLU,software
164,XLV,finance
164,XLY,industrial
164,XOM,consumer
164,ZM,consumer
164,ZS,finance
165,AAPL,healthcare
165,ABBV,energy
165,ADBE,industrial
165,ADI,software
165,AEP,commodity
165,AFRM,energy
165,AMAT,ai_chip
165,AMD,software
165,AMZN,industrial
165,ANET,utility
165,APH,commodity
165,APP,software
165,ASML,ai_chip
165,ATI,datacenter_hw
165,AVGO,consumer
165,AXP,healthcare
165,BA,utility
165,BAC,software
165,BLK,datacenter_hw
165,BMY,consumer
165,BWXT,software
165,C,ai_chip
165,CAT,industrial
165,CME,datacenter_hw
165,CMG,giant_tech
165,COHR,finance
165,COIN,finance
165,COST,consumer
165,CRM,ai_chip
165,CRWD,giant_tech
165,CRWV,ai_chip
165,CSCO,healthcare
165,CVS,healthcare
165,CVX,finance
165,D,ai_chip
165,DDOG,ai_chip
165,DE,defensive_bonds
165,DELL,ai_chip
165,DLR,ai_chip
165,DOCU,healthcare
165,DUK,industrial
165,EME,software
165,EMR,finance
165,EOG,healthcare
165,EQIX,finance
165,ESTC,consumer
165,ETN,finance
165,FDX,ai_chip
165,FTNT,industrial
165,GE,telecom
165,GILD,consumer
165,GLD,software
165,GLW,datacenter_hw
165,GM,healthcare
165,GOOG,ai_chip
165,GRMN,finance
165,GS,industrial
165,GTLB,datacenter_hw
165,HD,software
165,HLT,ai_chip
165,HON,ai_chip
165,HOOD,software
165,HPE,datacenter_hw
165,HUBS,software
165,IBM,software
165,INTC,consumer
165,INTU,software
165,JNJ,consumer
165,JPM,industrial
165,KLAC,giant_tech
165,KMI,giant_tech
165,KO,software
165,LHX,healthcare
165,LITE,ai_chip
165,LLY,industrial
165,LMT,utility
165,LOW,software
165,LRCX,ai_chip
165,MA,ai_chip
165,MCD,consumer
165,MCHP,datacenter_hw
165,MDB,finance
165,MDT,utility
165,META,energy
165,MMM,software
165,MO,energy
165,MPWR,healthcare
165,MRK,industrial
165,MRVL,software
165,MS,consumer
165,MSFT,industrial
165,MU,giant_tech
165,NEE,energy
165,NEM,industrial
165,NET,finance
165,NFLX,giant_tech
165,NOW,software
165,NVDA,healthcare
165,NVO,real_estate
165,NVTS,energy
165,NXPI,datacenter_hw
165,OKTA,software
165,ON,software
165,ORCL,datacenter_hw
165,OXY,datacenter_hw
165,PANW,consumer
165,PCTY,industrial
165,PG,finance
165,PGR,healthcare
165,PH,finance
165,PLTR,giant_tech
165,PM,software
165,PNC,real_estate
165,PYPL,finance
165,QCOM,datacenter_hw
165,RBLX,datacenter_hw
165,RKLB,consumer
165,ROST,industrial
165,RTX,real_estate
165,SCHW,utility
165,SHOP,energy
165,SMCI,finance
165,SNOW,industrial
165,SO,ai_chip
165,SOFI,consumer
165,SPCX,industrial
165,SPG,consumer
165,SPOT,ai_chip
165,SPY,finance
165,T,software
165,TEAM,finance
165,TJX,energy
165,TLT,datacenter_hw
165,TMO,healthcare
165,TSLA,software
165,TSM,utility
165,TXN,industrial
165,UNH,giant_tech
165,UNP,consumer
165,V,giant_tech
165,VLO,software
165,VRT,industrial
165,VTR,ai_chip
165,WDAY,finance
165,WDC,software
165,WELL,benchmark
165,WFC,consumer
165,WMB,industrial
165,WMT,software
165,XLE,industrial
165,XLF,finance
165,XLI,industrial
165,XLK,datacenter_hw
165,XLU,consumer
165,XLV,finance
165,XLY,finance
165,XOM,finance
165,ZM,software
165,ZS,industrial
166,AAPL,giant_tech
166,ABBV,software
166,ADBE,ai_chip
166,ADI,ai_chip
166,AEP,software
166,AFRM,consumer
166,AMAT,software
166,AMD,finance
166,AMZN,finance
166,ANET,healthcare
166,APH,industrial
166,APP,energy
166,ASML,giant_tech
166,ATI,ai_chip
166,AVGO,ai_chip
166,AXP,datacenter_hw
166,BA,datacenter_hw
166,BAC,giant_tech
166,BLK,giant_tech
166,BMY,finance
166,BWXT,consumer
166,C,consumer
166,CAT,energy
166,CME,datacenter_hw
166,CMG,ai_chip
166,COHR,software
166,COIN,software
166,COST,utility
166,CRM,energy
166,CRWD,software
166,CRWV,datacenter_hw
166,CSCO,ai_chip
166,CVS,consumer
166,CVX,industrial
166,D,finance
166,DDOG,software
166,DE,consumer
166,DELL,ai_chip
166,DLR,software
166,DOCU,giant_tech
166,DUK,industrial
166,EME,ai_chip
166,EMR,giant_tech
166,EOG,utility
166,EQIX,utility
166,ESTC,datacenter_hw
166,ETN,datacenter_hw
166,FDX,industrial
166,FTNT,consumer
166,GE,finance
166,GILD,real_estate
166,GLD,finance
166,GLW,finance
166,GM,industrial
166,GOOG,finance
166,GRMN,consumer
166,GS,finance
166,GTLB,healthcare
166,HD,datacenter_hw
166,HLT,industrial
166,HON,healthcare
166,HOOD,software
166,HPE,finance
166,HUBS,finance
166,IBM,industrial
166,INTC,industrial
166,INTU,software
166,JNJ,software
166,JPM,datacenter_hw
166,KLAC,ai_chip
166,KMI,healthcare
166,KO,software
166,LHX,healthcare
166,LITE,datacenter_hw
166,LLY,industrial
166,LMT,energy
166,LOW,consumer
166,LRCX,software
166,MA,software
166,MCD,finance
166,MCHP,finance
166,MDB,utility
166,MDT,healthcare
166,META,finance
166,MMM,healthcare
166,MO,software
166,MPWR,consumer
166,MRK,software
166,MRVL,industrial
166,MS,industrial
166,MSFT,giant_tech
166,MU,ai_chip
166,NEE,energy
166,NEM,commodity
166,NET,datacenter_hw
166,NFLX,ai_chip
166,NOW,software
166,NVDA,utility
166,NVO,datacenter_hw
166,NVTS,consumer
166,NXPI,finance
166,OKTA,real_estate
166,ON,software
166,ORCL,ai_chip
166,OXY,commodity
166,PANW,industrial
166,PCTY,defensive_bonds
166,PG,ai_chip
166,PGR,energy
166,PH,giant_tech
166,PLTR,software
166,PM,software
166,PNC,consumer
166,PYPL,industrial
166,QCOM,healthcare
166,RBLX,ai_chip
166,RKLB,benchmark
166,ROST,industrial
166,RTX,finance
166,SCHW,finance
166,SHOP,ai_chip
166,SMCI,industrial
166,SNOW,giant_tech
166,SO,ai_chip
166,SOFI,finance
166,SPCX,software
166,SPG,finance
166,SPOT,consumer
166,SPY,industrial
166,T,software
166,TEAM,energy
166,TJX,industrial
166,TLT,consumer
166,TMO,industrial
166,TSLA,consumer
166,TSM,datacenter_hw
166,TXN,energy
166,UNH,software
166,UNP,software
166,V,ai_chip
166,VLO,consumer
166,VRT,real_estate
166,VTR,healthcare
166,WDAY,healthcare
166,WDC,datacenter_hw
166,WELL,healthcare
166,WFC,ai_chip
166,WMB,telecom
166,WMT,utility
166,XLE,software
166,XLF,software
166,XLI,healthcare
166,XLK,consumer
166,XLU,industrial
166,XLV,industrial
166,XLY,ai_chip
166,XOM,industrial
166,ZM,finance
166,ZS,datacenter_hw
167,AAPL,consumer
167,ABBV,energy
167,ADBE,industrial
167,ADI,giant_tech
167,AEP,finance
167,AFRM,healthcare
167,AMAT,industrial
167,AMD,ai_chip
167,AMZN,consumer
167,ANET,ai_chip
167,APH,healthcare
167,APP,software
167,ASML,finance
167,ATI,software
167,AVGO,datacenter_hw
167,AXP,utility
167,BA,giant_tech
167,BAC,ai_chip
167,BLK,software
167,BMY,consumer
167,BWXT,datacenter_hw
167,C,telecom
167,CAT,ai_chip
167,CME,software
167,CMG,energy
167,COHR,energy
167,COIN,finance
167,COST,software
167,CRM,industrial
167,CRWD,healthcare
167,CRWV,finance
167,CSCO,ai_chip
167,CVS,industrial
167,CVX,datacenter_hw
167,D,defensive_bonds
167,DDOG,consumer
167,DE,healthcare
167,DELL,industrial
167,DLR,consumer
167,DOCU,utility
167,DUK,energy
167,EME,consumer
167,EMR,healthcare
167,EOG,consumer
167,EQIX,software
167,ESTC,software
167,ETN,software
167,FDX,consumer
167,FTNT,datacenter_hw
167,GE,healthcare
167,GILD,software
167,GLD,consumer
167,GLW,ai_chip
167,GM,giant_tech
167,GOOG,datacenter_hw
167,GRMN,industrial
167,GS,ai_chip
167,GTLB,utility
167,HD,industrial
167,HLT,giant_tech
167,HON,real_estate
167,HOOD,software
167,HPE,datacenter_hw
167,HUBS,software
167,IBM,datacenter_hw
167,INTC,software
167,INTU,datacenter_hw
167,JNJ,finance
167,JPM,finance
167,KLAC,giant_tech
167,KMI,industrial
167,KO,industrial
167,LHX,energy
167,LITE,industrial
167,LLY,industrial
167,LMT,ai_chip
167,LOW,datacenter_hw
167,LRCX,energy
167,MA,ai_chip
167,MCD,ai_chip
167,MCHP,benchmark
167,MDB,software
167,MDT,software
167,META,real_estate
167,MMM,software
167,MO,giant_tech
167,MPWR,industrial
167,MRK,industrial
167,MRVL,consumer
167,MS,software
167,MSFT,ai_chip
167,MU,finance
167,NEE,healthcare
167,NEM,finance
167,NET,industrial
167,NFLX,utility
167,NOW,consumer
167,NVDA,consumer
167,NVO,energy
167,NVTS,industrial
167,NXPI,real_estate
167,OKTA,giant_tech
167,ON,industrial
167,ORCL,finance
167,OXY,software
167,PANW,utility
167,PCTY,commodity
167,PG,datacenter_hw
167,PGR,datacenter_hw
167,PH,datacenter_hw
167,PLTR,finance
167,PM,software
167,PNC,ai_chip
167,PYPL,finance
167,QCOM,healthcare
167,RBLX,software
167,RKLB,finance
167,ROST,utility
167,RTX,finance
167,SCHW,finance
167,SHOP,finance
167,SMCI,consumer
167,SNOW,software
167,SO,healthcare
167,SOFI,commodity
167,SPCX,healthcare
167,SPG,ai_chip
167,SPOT,software
167,SPY,software
167,T,software
167,TEAM,ai_chip
167,TJX,datacenter_hw
167,TLT,consumer
167,TMO,finance
167,TSLA,healthcare
167,TSM,datacenter_hw
167,TXN,ai_chip
167,UNH,ai_chip
167,UNP,software
167,V,consumer
167,VLO,ai_chip
167,VRT,industrial
167,VTR,software
167,WDAY,giant_tech
167,WDC,finance
167,WELL,finance
167,WFC,finance
167,WMB,healthcare
167,WMT,consumer
167,XLE,ai_chip
167,XLF,industrial
167,XLI,finance
167,XLK,industrial
167,XLU,industrial
167,XLV,software
167,XLY,industrial
167,XOM,energy
167,ZM,ai_chip
167,ZS,giant_tech
168,AAPL,ai_chip
168,ABBV,datacenter_hw
168,ADBE,consumer
168,ADI,real_estate
168,AEP,software
168,AFRM,industrial
168,AMAT,finance
168,AMD,utility
168,AMZN,software
168,ANET,industrial
168,APH,software
168,APP,giant_tech
168,ASML,software
168,ATI,datacenter_hw
168,AVGO,giant_tech
168,AXP,giant_tech
168,BA,commodity
168,BAC,industrial
168,BLK,ai_chip
168,BMY,giant_tech
168,BWXT,defensive_bonds
168,C,consumer
168,CAT,giant_tech
168,CME,industrial
168,CMG,software
168,COHR,ai_chip
168,COIN,healthcare
168,COST,industrial
168,CRM,software
168,CRWD,software
168,CRWV,finance
168,CSCO,finance
168,CVS,software
168,CVX,ai_chip
168,D,finance
168,DDOG,finance
168,DE,energy
168,DELL,software
168,DLR,consumer
168,DOCU,consumer
168,DUK,finance
168,EME,giant_tech
168,EMR,software
168,EOG,consumer
168,EQIX,giant_tech
168,ESTC,consumer
168,ETN,ai_chip
168,FDX,datacenter_hw
168,FTNT,industrial
168,GE,consumer
168,GILD,software
168,GLD,software
168,GLW,ai_chip
168,GM,ai_chip
168,GOOG,finance
168,GRMN,finance
168,GS,finance
168,GTLB,industrial
168,HD,consumer
168,HLT,software
168,HON,datacenter_hw
168,HOOD,datacenter_hw
168,HPE,real_estate
168,HUBS,consumer
168,IBM,industrial
168,INTC,finance
168,INTU,finance
168,JNJ,ai_chip
168,JPM,industrial
168,KLAC,industrial
168,KMI,ai_chip
168,KO,finance
168,LHX,telecom
168,LITE,consumer
168,LLY,consumer
168,LMT,ai_chip
168,LOW,software
168,LRCX,datacenter_hw
168,MA,finance
168,MCD,datacenter_hw
168,MCHP,energy
168,MDB,industrial
168,MDT,utility
168,META,ai_chip
168,MMM,software
168,MO,finance
168,MPWR,energy
168,MRK,industrial
168,MRVL,datacenter_hw
168,MS,utility
168,MSFT,ai_chip
168,MU,consumer
168,NEE,commodity
168,NEM,healthcare
168,NET,healthcare
168,NFLX,finance
168,NOW,datacenter_hw
168,NVDA,software
168,NVO,datacenter_hw
168,NVTS,datacenter_hw
168,NXPI,industrial
168,OKTA,industrial
168,ON,ai_chip
168,ORCL,ai_chip
168,OXY,ai_chip
168,PANW,energy
168,PCTY,software
168,PG,utility
168,PGR,healthcare
168,PH,energy
168,PLTR,energy
168,PM,datacenter_hw
168,PNC,energy
168,PYPL,healthcare
168,QCOM,giant_tech
168,RBLX,real_estate
168,RKLB,software
168,ROST,healthcare
168,RTX,industrial
168,SCHW,consumer
168,SHOP,software
168,SMCI,healthcare
168,SNOW,software
168,SO,healthcare
168,SOFI,industrial
168,SPCX,industrial
168,SPG,software
168,SPOT,finance
168,SPY,ai_chip
168,T,ai_chip
168,TEAM,ai_chip
168,TJX,finance
168,TLT,healthcare
168,TMO,giant_tech
168,TSLA,finance
168,TSM,healthcare
168,TXN,ai_chip
168,UNH,software
168,UNP,datacenter_hw
168,V,software
168,VLO,healthcare
168,VRT,industrial
168,VTR,software
168,WDAY,energy
168,WDC,consumer
168,WELL,software
168,WFC,utility
168,WMB,consumer
168,WMT,finance
168,XLE,datacenter_hw
168,XLF,industrial
168,XLI,utility
168,XLK,industrial
168,XLU,industrial
168,XLV,software
168,XLY,benchmark
168,XOM,consumer
168,ZM,finance
168,ZS,healthcare
169,AAPL,consumer
169,ABBV,industrial
169,ADBE,consumer
169,ADI,utility
169,AEP,datacenter_hw
169,AFRM,datacenter_hw
169,AMAT,ai_chip
169,AMD,giant_tech
169,AMZN,consumer
169,ANET,healthcare
169,APH,software
169,APP,finance
169,ASML,healthcare
169,ATI,software
169,AVGO,finance
169,AXP,ai_chip
169,BA,real_estate
169,BAC,energy
169,BLK,software
169,BMY,giant_tech
169,BWXT,industrial
169,C,benchmark
169,CAT,consumer
169,CME,utility
169,CMG,software
169,COHR,energy
169,COIN,finance
169,COST,healthcare
169,CRM,finance
169,CRWD,ai_chip
169,CRWV,ai_chip
169,CSCO,industrial
169,CVS,consumer
169,CVX,software
169,D,industrial
169,DDOG,ai_chip
169,DE,consumer
169,DELL,utility
169,DLR,software
169,DOCU,software
169,DUK,software
169,EME,industrial
169,EMR,consumer
169,EOG,software
169,EQIX,datacenter_hw
169,ESTC,energy
169,ETN,ai_chip
169,FDX,finance
169,FTNT,commodity
169,GE,energy
169,GILD,finance
169,GLD,ai_chip
169,GLW,datacenter_hw
169,GM,industrial
169,GOOG,finance
169,GRMN,ai_chip
169,GS,datacenter_hw
169,GTLB,energy
169,HD,consumer
169,HLT,industrial
169,HON,finance
169,HOOD,industrial
169,HPE,healthcare
169,HUBS,software
169,IBM,industrial
169,INTC,software
169,INTU,healthcare
169,JNJ,giant_tech
169,JPM,software
169,KLAC,commodity
169,KMI,giant_tech
169,KO,industrial
169,LHX,finance
169,LITE,industrial
169,LLY,industrial
169,LMT,datacenter_hw
169,LOW,finance
169,LRCX,finance
169,MA,ai_chip
169,MCD,industrial
169,MCHP,industrial
169,MDB,telecom
169,MDT,giant_tech
169,META,datacenter_hw
169,MMM,software
169,MO,ai_chip
169,MPWR,industrial
169,MRK,finance
169,MRVL,datacenter_hw
169,MS,healthcare
169,MSFT,real_estate
169,MU,software
169,NEE,defensive_bonds
169,NEM,ai_chip
169,NET,energy
169,NFLX,healthcare
169,NOW,datacenter_hw
169,NVDA,finance
169,NVO,ai_chip
169,NVTS,consumer
169,NXPI,finance
169,OKTA,software
169,ON,ai_chip
169,ORCL,finance
169,OXY,giant_tech
169,PANW,datacenter_hw
169,PCTY,consumer
169,PG,ai_chip
169,PGR,healthcare
169,PH,software
169,PLTR,software
169,PM,industrial
169,PNC,healthcare
169,PYPL,energy
169,QCOM,datacenter_hw
169,RBLX,software
169,RKLB,industrial
169,ROST,consumer
169,RTX,software
169,SCHW,finance
169,SHOP,software
169,SMCI,software
169,SNOW,finance
169,SO,software
169,SOFI,ai_chip
169,SPCX,consumer
169,SPG,industrial
169,SPOT,consumer
169,SPY,software
169,T,utility
169,TEAM,giant_tech
169,TJX,datacenter_hw
169,TLT,software
169,TMO,real_estate
169,TSLA,finance
169,TSM,consumer
169,TXN,consumer
169,UNH,giant_tech
169,UNP,finance
169,V,industrial
169,VLO,healthcare
169,VRT,datacenter_hw
169,VTR,consumer
169,WDAY,industrial
169,WDC,energy
169,WELL,giant_tech
169,WFC,utility
169,WMB,ai_chip
169,WMT,healthcare
169,XLE,ai_chip
169,XLF,software
169,XLI,finance
169,XLK,software
169,XLU,ai_chip
169,XLV,datacenter_hw
169,XLY,ai_chip
169,XOM,utility
169,ZM,industrial
169,ZS,healthcare
170,AAPL,industrial
170,ABBV,software
170,ADBE,industrial
170,ADI,software
170,AEP,datacenter_hw
170,AFRM,giant_tech
170,AMAT,datacenter_hw
170,AMD,finance
170,AMZN,industrial
170,ANET,software
170,APH,finance
170,APP,finance
170,ASML,healthcare
170,ATI,datacenter_hw
170,AVGO,healthcare
170,AXP,consumer
170,BA,energy
170,BAC,utility
170,BLK,software
170,BMY,utility
170,BWXT,giant_tech
170,C,energy
170,CAT,finance
170,CME,ai_chip
170,CMG,consumer
170,COHR,consumer
170,COIN,consumer
170,COST,software
170,CRM,ai_chip
170,CRWD,industrial
170,CRWV,ai_chip
170,CSCO,datacenter_hw
170,CVS,software
170,CVX,finance
170,D,healthcare
170,DDOG,consumer
170,DE,finance
170,DELL,ai_chip
170,DLR,giant_tech
170,DOCU,finance
170,DUK,software
170,EME,ai_chip
170,EMR,healthcare
170,EOG,real_estate
170,EQIX,datacenter_hw
170,ESTC,datacenter_hw
170,ETN,finance
170,FDX,industrial
170,FTNT,defensive_bonds
170,GE,industrial
170,GILD,ai_chip
170,GLD,telecom
170,GLW,finance
170,GM,software
170,GOOG,industrial
170,GRMN,finance
170,GS,energy
170,GTLB,ai_chip
170,HD,software
170,HLT,ai_chip
170,HON,software
170,HOOD,giant_tech
170,HPE,consumer
170,HUBS,utility
170,IBM,software
170,INTC,healthcare
170,INTU,healthcare
170,JNJ,healthcare
170,JPM,consumer
170,KLAC,industrial
170,KMI,real_estate
170,KO,software
170,LHX,commodity
170,LITE,datacenter_hw
170,LLY,industrial
170,LMT,software
170,LOW,software
170,LRCX,healthcare
170,MA,giant_tech
170,MCD,real_estate
170,MCHP,consumer
170,MDB,utility
170,MDT,software
170,META,ai_chip
170,MMM,datacenter_hw
170,MO,consumer
170,MPWR,finance
170,MRK,software
170,MRVL,industrial
170,MS,software
170,MSFT,datacenter_hw
170,MU,software
170,NEE,ai_chip
170,NEM,finance
170,NET,datacenter_hw
170,NFLX,ai_chip
170,NOW,industrial
170,NVDA,ai_chip
170,NVO,giant_tech
170,NVTS,consumer
170,NXPI,finance
170,OKTA,industrial
170,ON,industrial
170,ORCL,commodity
170,OXY,ai_chip
170,PANW,software
170,PCTY,ai_chip
170,PG,industrial
170,PGR,energy
170,PH,ai_chip
170,PLTR,industrial
170,PM,finance
170,PNC,consumer
170,PYPL,industrial
170,QCOM,industrial
170,RBLX,healthcare
170,RKLB,software
170,ROST,finance
170,RTX,datacenter_hw
170,SCHW,giant_tech
170,SHOP,consumer
170,SMCI,benchmark
170,SNOW,consumer
170,SO,software
170,SOFI,datacenter_hw
170,SPCX,industrial
170,SPG,finance
170,SPOT,consumer
170,SPY,ai_chip
170,T,industrial
170,TEAM,finance
170,TJX,consumer
170,TLT,industrial
170,TMO,datacenter_hw
170,TSLA,finance
170,TSM,software
170,TXN,software
170,UNH,utility
170,UNP,software
170,V,industrial
170,VLO,healthcare
170,VRT,utility
170,VTR,energy
170,WDAY,ai_chip
170,WDC,finance
170,WELL,software
170,WFC,giant_tech
170,WMB,energy
170,WMT,energy
170,XLE,software
170,XLF,ai_chip
170,XLI,healthcare
170,XLK,finance
170,XLU,energy
170,XLV,giant_tech
170,XLY,consumer
170,XOM,datacenter_hw
170,ZM,healthcare
170,ZS,ai_chip
171,AAPL,healthcare
171,ABBV,ai_chip
171,ADBE,datacenter_hw
171,ADI,finance
171,AEP,energy
171,AFRM,finance
171,AMAT,healthcare
171,AMD,healthcare
171,AMZN,consumer
171,ANET,software
171,APH,healthcare
171,APP,consumer
171,ASML,utility
171,ATI,telecom
171,AVGO,datacenter_hw
171,AXP,healthcare
171,BA,industrial
171,BAC,datacenter_hw
171,BLK,software
171,BMY,finance
171,BWXT,finance
171,C,industrial
171,CAT,datacenter_hw
171,CME,ai_chip
171,CMG,consumer
171,COHR,industrial
171,COIN,industrial
171,COST,ai_chip
171,CRM,industrial
171,CRWD,industrial
171,CRWV,giant_tech
171,CSCO,finance
171,CVS,software
171,CVX,industrial
171,D,datacenter_hw
171,DDOG,real_estate
171,DE,energy
171,DELL,datacenter_hw
171,DLR,industrial
171,DOCU,ai_chip
171,DUK,industrial
171,EME,real_estate
171,EMR,giant_tech
171,EOG,software
171,EQIX,utility
171,ESTC,datacenter_hw
171,ETN,energy
171,FDX,giant_tech
171,FTNT,datacenter_hw
171,GE,datacenter_hw
171,GILD,datacenter_hw
171,GLD,finance
171,GLW,commodity
171,GM,finance
171,GOOG,consumer
171,GRMN,finance
171,GS,ai_chip
171,GTLB,industrial
171,HD,utility
171,HLT,consumer
171,HON,commodity
171,HOOD,finance
171,HPE,utility
171,HUBS,industrial
171,IBM,finance
171,INTC,software
171,INTU,ai_chip
171,JNJ,software
171,JPM,ai_chip
171,KLAC,software
171,KMI,energy
171,KO,datacenter_hw
171,LHX,finance
171,LITE,healthcare
171,LLY,software
171,LMT,software
171,LOW,industrial
171,LRCX,software
171,MA,software
171,MCD,finance
171,MCHP,consumer
171,MDB,ai_chip
171,MDT,healthcare
171,META,consumer
171,MMM,software
171,MO,software
171,MPWR,ai_chip
171,MRK,software
171,MRVL,healthcare
171,MS,consumer
171,MSFT,ai_chip
171,MU,industrial
171,NEE,real_estate
171,NEM,consumer
171,NET,consumer
171,NFLX,industrial
171,NOW,software
171,NVDA,consumer
171,NVO,giant_tech
171,NVTS,consumer
171,NXPI,ai_chip
171,OKTA,finance
171,ON,consumer
171,ORCL,ai_chip
171,OXY,industrial
171,PANW,finance
171,PCTY,consumer
171,PG,utility
171,PGR,ai_chip
171,PH,software
171,PLTR,ai_chip
171,PM,giant_tech
171,PNC,ai_chip
171,PYPL,industrial
171,QCOM,defensive_bonds
171,RBLX,healthcare
171,RKLB,finance
171,ROST,ai_chip
171,RTX,software
171,SCHW,datacenter_hw
171,SHOP,finance
171,SMCI,industrial
171,SNOW,ai_chip
171,SO,ai_chip
171,SOFI,software
171,SPCX,datacenter_hw
171,SPG,giant_tech
171,SPOT,software
171,SPY,energy
171,T,healthcare
171,TEAM,finance
171,TJX,giant_tech
171,TLT,industrial
171,TMO,consumer
171,TSLA,finance
171,TSM,energy
171,TXN,finance
171,UNH,software
171,UNP,consumer
171,V,giant_tech
171,VLO,giant_tech
171,VRT,healthcare
171,VTR,software
171,WDAY,benchmark
171,WDC,utility
171,WELL,software
171,WFC,industrial
171,WMB,healthcare
171,WMT,industrial
171,XLE,software
171,XLF,finance
171,XLI,ai_chip
171,XLK,industrial
171,XLU,software
171,XLV,software
171,XLY,energy
171,XOM,software
171,ZM,energy
171,ZS,datacenter_hw
172,AAPL,datacenter_hw
172,ABBV,datacenter_hw
172,ADBE,industrial
172,ADI,finance
172,AEP,software
172,AFRM,finance
172,AMAT,software
172,AMD,consumer
172,AMZN,finance
172,ANET,software
172,APH,giant_tech
172,APP,healthcare
172,ASML,industrial
172,ATI,software
172,AVGO,ai_chip
172,AXP,healthcare
172,BA,consumer
172,BAC,industrial
172,BLK,healthcare
172,BMY,giant_tech
172,BWXT,ai_chip
172,C,utility
172,CAT,finance
172,CME,consumer
172,CMG,consumer
172,COHR,software
172,COIN,industrial
172,COST,software
172,CRM,consumer
172,CRWD,finance
172,CRWV,energy
172,CSCO,industrial
172,CVS,software
172,CVX,defensive_bonds
172,D,ai_chip
172,DDOG,healthcare
172,DE,ai_chip
172,DELL,consumer
172,DLR,software
172,DOCU,healthcare
172,DUK,ai_chip
172,EME,industrial
172,EMR,datacenter_hw
172,EOG,energy
172,EQIX,finance
172,ESTC,industrial
172,ETN,ai_chip
172,FDX,energy
172,FTNT,finance
172,GE,datacenter_hw
172,GILD,giant_tech
172,GLD,finance
172,GLW,industrial
172,GM,finance
172,GOOG,software
172,GRMN,ai_chip
172,GS,datacenter_hw
172,GTLB,ai_chip
172,HD,datacenter_hw
172,HLT,giant_tech
172,HON,software
172,HOOD,energy
172,HPE,finance
172,HUBS,software
172,IBM,industrial
172,INTC,utility
172,INTU,software
172,JNJ,finance
172,JPM,ai_chip
172,KLAC,industrial
172,KMI,utility
172,KO,consumer
172,LHX,giant_tech
172,LITE,software
172,LLY,datacenter_hw
172,LMT,software
172,LOW,energy
172,LRCX,industrial
172,MA,industrial
172,MCD,consumer
172,MCHP,finance
172,MDB,software
172,MDT,consumer
172,META,commodity
172,MMM,consumer
172,MO,ai_chip
172,MPWR,industrial
172,MRK,telecom
172,MRVL,industrial
172,MS,consumer
172,MSFT,healthcare
172,MU,consumer
172,NEE,finance
172,NEM,ai_chip
172,NET,industrial
172,NFLX,healthcare
172,NOW,real_estate
172,NVDA,finance
172,NVO,utility
172,NVTS,ai_chip
172,NXPI,software
172,OKTA,energy
172,ON,software
172,ORCL,software
172,OXY,industrial
172,PANW,industrial
172,PCTY,healthcare
172,PG,healthcare
172,PGR,software
172,PH,datacenter_hw
172,PLTR,giant_tech
172,PM,industrial
172,PNC,consumer
172,PYPL,real_estate
172,QCOM,datacenter_hw
172,RBLX,ai_chip
172,RKLB,finance
172,ROST,utility
172,RTX,healthcare
172,SCHW,consumer
172,SHOP,datacenter_hw
172,SMCI,healthcare
172,SNOW,finance
172,SO,software
172,SOFI,software
172,SPCX,real_estate
172,SPG,consumer
172,SPOT,ai_chip
172,SPY,industrial
172,T,healthcare
172,TEAM,energy
172,TJX,datacenter_hw
172,TLT,industrial
172,TMO,giant_tech
172,TSLA,software
172,TSM,ai_chip
172,TXN,ai_chip
172,UNH,software
172,UNP,datacenter_hw
172,V,ai_chip
172,VLO,software
172,VRT,giant_tech
172,VTR,utility
172,WDAY,finance
172,WDC,finance
172,WELL,software
172,WFC,ai_chip
172,WMB,finance
172,WMT,consumer
172,XLE,software
172,XLF,commodity
172,XLI,finance
172,XLK,datacenter_hw
172,XLU,datacenter_hw
172,XLV,ai_chip
172,XLY,benchmark
172,XOM,giant_tech
172,ZM,industrial
172,ZS,energy
173,AAPL,commodity
173,ABBV,software
173,ADBE,software
173,ADI,consumer
173,AEP,industrial
173,AFRM,ai_chip
173,AMAT,healthcare
173,AMD,energy
173,AMZN,energy
173,ANET,giant_tech
173,APH,software
173,APP,industrial
173,ASML,industrial
173,ATI,finance
173,AVGO,benchmark
173,AXP,healthcare
173,BA,software
173,BAC,ai_chip
173,BLK,software
173,BMY,healthcare
173,BWXT,consumer
173,C,software
173,CAT,energy
173,CME,industrial
173,CMG,industrial
173,COHR,finance
173,COIN,giant_tech
173,COST,utility
173,CRM,real_estate
173,CRWD,ai_chip
173,CRWV,software
173,CSCO,consumer
173,CVS,consumer
173,CVX,giant_tech
173,D,industrial
173,DDOG,software
173,DE,software
173,DELL,energy
173,DLR,software
173,DOCU,ai_chip
173,DUK,software
173,EME,ai_chip
173,EMR,software
173,EOG,datacenter_hw
173,EQIX,industrial
173,ESTC,finance
173,ETN,industrial
173,FDX,industrial
173,FTNT,datacenter_hw
173,GE,ai_chip
173,GILD,ai_chip
173,GLD,software
173,GLW,software
173,GM,industrial
173,GOOG,datacenter_hw
173,GRMN,healthcare
173,GS,finance
173,GTLB,finance
173,HD,datacenter_hw
173,HLT,finance
173,HON,consumer
173,HOOD,ai_chip
173,HPE,datacenter_hw
173,HUBS,datacenter_hw
173,IBM,software
173,INTC,healthcare
173,INTU,ai_chip
173,JNJ,consumer
173,JPM,utility
173,KLAC,ai_chip
173,KMI,telecom
173,KO,software
173,LHX,software
173,LITE,utility
173,LLY,software
173,LMT,industrial
173,LOW,healthcare
173,LRCX,giant_tech
173,MA,real_estate
173,MCD,finance
173,MCHP,datacenter_hw
173,MDB,industrial
173,MDT,finance
173,META,giant_tech
173,MMM,ai_chip
173,MO,datacenter_hw
173,MPWR,software
173,MRK,datacenter_hw
173,MRVL,industrial
173,MS,datacenter_hw
173,MSFT,software
173,MU,healthcare
173,NEE,finance
173,NEM,consumer
173,NET,finance
173,NFLX,ai_chip
173,NOW,datacenter_hw
173,NVDA,finance
173,NVO,defensive_bonds
173,NVTS,energy
173,NXPI,industrial
173,OKTA,finance
173,ON,utility
173,ORCL,datacenter_hw
173,OXY,consumer
173,PANW,finance
173,PCTY,ai_chip
173,PG,real_estate
173,PGR,datacenter_hw
173,PH,giant_tech
173,PLTR,energy
173,PM,healthcare
173,PNC,finance
173,PYPL,ai_chip
173,QCOM,consumer
173,RBLX,finance
173,RKLB,utility
173,ROST,industrial
173,RTX,finance
173,SCHW,software
173,SHOP,consumer
173,SMCI,consumer
173,SNOW,commodity
173,SO,giant_tech
173,SOFI,industrial
173,SPCX,ai_chip
173,SPG,software
173,SPOT,ai_chip
173,SPY,industrial
173,T,consumer
173,TEAM,finance
173,TJX,energy
173,TLT,energy
173,TMO,software
173,TSLA,healthcare
173,TSM,industrial
173,TXN,ai_chip
173,UNH,finance
173,UNP,healthcare
173,V,consumer
173,VLO,industrial
173,VRT,finance
173,VTR,giant_tech
173,WDAY,healthcare
173,WDC,utility
173,WELL,giant_tech
173,WFC,healthcare
173,WMB,datacenter_hw
173,WMT,consumer
173,XLE,finance
173,XLF,ai_chip
173,XLI,software
173,XLK,consumer
173,XLU,consumer
173,XLV,industrial
173,XLY,industrial
173,XOM,ai_chip
173,ZM,software
173,ZS,software
174,AAPL,industrial
174,ABBV,industrial
174,ADBE,datacenter_hw
174,ADI,industrial
174,AEP,ai_chip
174,AFRM,software
174,AMAT,industrial
174,AMD,finance
174,AMZN,software
174,ANET,healthcare
174,APH,giant_tech
174,APP,software
174,ASML,ai_chip
174,ATI,datacenter_hw
174,AVGO,telecom
174,AXP,finance
174,BA,consumer
174,BAC,energy
174,BLK,utility
174,BMY,consumer
174,BWXT,consumer
174,C,energy
174,CAT,finance
174,CME,ai_chip
174,CMG,finance
174,COHR,consumer
174,COIN,giant_tech
174,COST,industrial
174,CRM,industrial
174,CRWD,finance
174,CRWV,software
174,CSCO,healthcare
174,CVS,industrial
174,CVX,ai_chip
174,D,giant_tech
174,DDOG,real_estate
174,DE,healthcare
174,DELL,utility
174,DLR,ai_chip
174,DOCU,software
174,DUK,consumer
174,EME,datacenter_hw
174,EMR,software
174,EOG,software
174,EQIX,finance
174,ESTC,ai_chip
174,ETN,ai_chip
174,FDX,software
174,FTNT,energy
174,GE,datacenter_hw
174,GILD,industrial
174,GLD,healthcare
174,GLW,utility
174,GM,software
174,GOOG,real_estate
174,GRMN,giant_tech
174,GS,industrial
174,GTLB,defensive_bonds
174,HD,finance
174,HLT,consumer
174,HON,software
174,HOOD,finance
174,HPE,giant_tech
174,HUBS,software
174,IBM,industrial
174,INTC,industrial
174,INTU,industrial
174,JNJ,software
174,JPM,ai_chip
174,KLAC,real_estate
174,KMI,consumer
174,KO,consumer
174,LHX,finance
174,LITE,healthcare
174,LLY,finance
174,LMT,energy
174,LOW,ai_chip
174,LRCX,finance
174,MA,healthcare
174,MCD,software
174,MCHP,software
174,MDB,software
174,MDT,finance
174,META,consumer
174,MMM,healthcare
174,MO,consumer
174,MPWR,software
174,MRK,finance
174,MRVL,datacenter_hw
174,MS,software
174,MSFT,energy
174,MU,utility
174,NEE,finance
174,NEM,finance
174,NET,software
174,NFLX,commodity
174,NOW,consumer
174,NVDA,ai_chip
174,NVO,energy
174,NVTS,ai_chip
174,NXPI,healthcare
174,OKTA,ai_chip
174,ON,ai_chip
174,ORCL,datacenter_hw
174,OXY,industrial
174,PANW,utility
174,PCTY,software
174,PG,ai_chip
174,PGR,energy
174,PH,industrial
174,PLTR,datacenter_hw
174,PM,industrial
174,PNC,commodity
174,PYPL,datacenter_hw
174,QCOM,giant_tech
174,RBLX,datacenter_hw
174,RKLB,datacenter_hw
174,ROST,consumer
174,RTX,industrial
174,SCHW,software
174,SHOP,industrial
174,SMCI,giant_tech
174,SNOW,industrial
174,SO,healthcare
174,SOFI,software
174,SPCX,healthcare
174,SPG,ai_chip
174,SPOT,energy
174,SPY,industrial
174,T,datacenter_hw
174,TEAM,consumer
174,TJX,ai_chip
174,TLT,consumer
174,TMO,healthcare
174,TSLA,software
174,TSM,finance
174,TXN,datacenter_hw
174,UNH,finance
174,UNP,software
174,V,giant_tech
174,VLO,datacenter_hw
174,VRT,ai_chip
174,VTR,healthcare
174,WDAY,software
174,WDC,industrial
174,WELL,utility
174,WFC,finance
174,WMB,benchmark
174,WMT,finance
174,XLE,datacenter_hw
174,XLF,ai_chip
174,XLI,software
174,XLK,consumer
174,XLU,industrial
174,XLV,software
174,XLY,finance
174,XOM,consumer
174,ZM,ai_chip
174,ZS,giant_tech
175,AAPL,software
175,ABBV,software
175,ADBE,finance
175,ADI,industrial
175,AEP,energy
175,AFRM,software
175,AMAT,software
175,AMD,healthcare
175,AMZN,industrial
175,ANET,finance
175,APH,healthcare
175,APP,software
175,ASML,finance
175,ATI,finance
175,AVGO,industrial
175,AXP,finance
175,BA,software
175,BAC,healthcare
175,BLK,finance
175,BMY,datacenter_hw
175,BWXT,consumer
175,C,software
175,CAT,healthcare
175,CME,finance
175,CMG,industrial
175,COHR,finance
175,COIN,software
175,COST,finance
175,CRM,ai_chip
175,CRWD,consumer
175,CRWV,giant_tech
175,CSCO,healthcare
175,CVS,healthcare
175,CVX,software
175,D,ai_chip
175,DDOG,finance
175,DE,software
175,DELL,healthcare
175,DLR,datacenter_hw
175,DOCU,ai_chip
175,DUK,industrial
175,EME,software
175,EMR,utility
175,EOG,software
175,EQIX,giant_tech
175,ESTC,ai_chip
175,ETN,software
175,FDX,consumer
175,FTNT,industrial
175,GE,software
175,GILD,datacenter_hw
175,GLD,ai_chip
175,GLW,real_estate
175,GM,datacenter_hw
175,GOOG,healthcare
175,GRMN,ai_chip
175,GS,giant_tech
175,GTLB,software
175,HD,finance
175,HLT,industrial
175,HON,finance
175,HOOD,consumer
175,HPE,industrial
175,HUBS,utility
175,IBM,healthcare
175,INTC,energy
175,INTU,ai_chip
175,JNJ,datacenter_hw
175,JPM,finance
175,KLAC,healthcare
175,KMI,industrial
175,KO,telecom
175,LHX,consumer
175,LITE,giant_tech
175,LLY,energy
175,LMT,consumer
175,LOW,datacenter_hw
175,LRCX,software
175,MA,giant_tech
175,MCD,giant_tech
175,MCHP,consumer
175,MDB,industrial
175,MDT,datacenter_hw
175,META,defensive_bonds
175,MMM,industrial
175,MO,industrial
175,MPWR,software
175,MRK,industrial
175,MRVL,finance
175,MS,ai_chip
175,MSFT,ai_chip
175,MU,industrial
175,NEE,utility
175,NEM,energy
175,NET,real_estate
175,NFLX,industrial
175,NOW,consumer
175,NVDA,giant_tech
175,NVO,consumer
175,NVTS,datacenter_hw
175,NXPI,datacenter_hw
175,OKTA,datacenter_hw
175,ON,ai_chip
175,ORCL,software
175,OXY,software
175,PANW,industrial
175,PCTY,ai_chip
175,PG,software
175,PGR,finance
175,PH,utility
175,PLTR,utility
175,PM,software
175,PNC,consumer
175,PYPL,datacenter_hw
175,QCOM,ai_chip
175,RBLX,commodity
175,RKLB,software
175,ROST,healthcare
175,RTX,ai_chip
175,SCHW,consumer
175,SHOP,ai_chip
175,SMCI,industrial
175,SNOW,healthcare
175,SO,commodity
175,SOFI,consumer
175,SPCX,energy
175,SPG,finance
175,SPOT,consumer
175,SPY,finance
175,T,industrial
175,TEAM,energy
175,TJX,industrial
175,TLT,giant_tech
175,TMO,ai_chip
175,TSLA,real_estate
175,TSM,giant_tech
175,TXN,ai_chip
175,UNH,software
175,UNP,finance
175,V,datacenter_hw
175,VLO,finance
175,VRT,benchmark
175,VTR,consumer
175,WDAY,consumer
175,WDC,energy
175,WELL,finance
175,WFC,industrial
175,WMB,utility
175,WMT,industrial
175,XLE,software
175,XLF,consumer
175,XLI,energy
175,XLK,datacenter_hw
175,XLU,ai_chip
175,XLV,software
175,XLY,datacenter_hw
175,XOM,ai_chip
175,ZM,software
175,ZS,ai_chip
176,AAPL,finance
176,ABBV,datacenter_hw
176,ADBE,software
176,ADI,consumer
176,AEP,industrial
176,AFRM,datacenter_hw
176,AMAT,energy
176,AMD,software
176,AMZN,industrial
176,ANET,industrial
176,APH,datacenter_hw
176,APP,giant_tech
176,ASML,datacenter_hw
176,ATI,commodity
176,AVGO,software
176,AXP,energy
176,BA,datacenter_hw
176,BAC,finance
176,BLK,datacenter_hw
176,BMY,datacenter_hw
176,BWXT,finance
176,C,software
176,CAT,industrial
176,CME,finance
176,CMG,giant_tech
176,COHR,software
176,COIN,finance
176,COST,consumer
176,CRM,datacenter_hw
176,CRWD,giant_tech
176,CRWV,energy
176,CSCO,software
176,CVS,industrial
176,CVX,ai_chip
176,D,software
176,DDOG,energy
176,DE,utility
176,DELL,consumer
176,DLR,industrial
176,DOCU,software
176,DUK,software
176,EME,utility
176,EMR,industrial
176,EOG,datacenter_hw
176,EQIX,ai_chip
176,ESTC,ai_chip
176,ETN,commodity
176,FDX,software
176,FTNT,ai_chip
176,GE,giant_tech
176,GILD,software
176,GLD,consumer
176,GLW,software
176,GM,giant_tech
176,GOOG,healthcare
176,GRMN,software
176,GS,finance
176,GTLB,energy
176,HD,real_estate
176,HLT,software
176,HON,ai_chip
176,HOOD,utility
176,HPE,finance
176,HUBS,ai_chip
176,IBM,finance
176,INTC,finance
176,INTU,industrial
176,JNJ,industrial
176,JPM,software
176,KLAC,finance
176,KMI,finance
176,KO,finance
176,LHX,healthcare
176,LITE,software
176,LLY,healthcare
176,LMT,datacenter_hw
176,LOW,giant_tech
176,LRCX,finance
176,MA,industrial
176,MCD,real_estate
176,MCHP,finance
176,MDB,utility
176,MDT,ai_chip
176,META,consumer
176,MMM,healthcare
176,MO,finance
176,MPWR,giant_tech
176,MRK,finance
176,MRVL,healthcare
176,MS,consumer
176,MSFT,ai_chip
176,MU,industrial
176,NEE,utility
176,NEM,software
176,NET,software
176,NFLX,industrial
176,NOW,software
176,NVDA,healthcare
176,NVO,healthcare
176,NVTS,energy
176,NXPI,ai_chip
176,OKTA,healthcare
176,ON,ai_chip
176,ORCL,healthcare
176,OXY,datacenter_hw
176,PANW,defensive_bonds
176,PCTY,software
176,PG,ai_chip
176,PGR,industrial
176,PH,finance
176,PLTR,giant_tech
176,PM,software
176,PNC,ai_chip
176,PYPL,software
176,QCOM,industrial
176,RBLX,utility
176,RKLB,ai_chip
176,ROST,datacenter_hw
176,RTX,consumer
176,SCHW,benchmark
176,SHOP,finance
176,SMCI,ai_chip
176,SNOW,software
176,SO,ai_chip
176,SOFI,industrial
176,SPCX,industrial
176,SPG,consumer
176,SPOT,industrial
176,SPY,consumer
176,T,datacenter_hw
176,TEAM,real_estate
176,TJX,industrial
176,TLT,consumer
176,TMO,ai_chip
176,TSLA,industrial
176,TSM,industrial
176,TXN,ai_chip
176,UNH,consumer
176,UNP,energy
176,V,consumer
176,VLO,software
176,VRT,energy
176,VTR,telecom
176,WDAY,healthcare
176,WDC,healthcare
176,WELL,consumer
176,WFC,consumer
176,WMB,finance
176,WMT,ai_chip
176,XLE,healthcare
176,XLF,industrial
176,XLI,datacenter_hw
176,XLK,ai_chip
176,XLU,software
176,XLV,consumer
176,XLY,software
176,XOM,finance
176,ZM,giant_tech
176,ZS,consumer
177,AAPL,finance
177,ABBV,utility
177,ADBE,ai_chip
177,ADI,datacenter_hw
177,AEP,software
177,AFRM,finance
177,AMAT,consumer
177,AMD,finance
177,AMZN,software
177,ANET,software
177,APH,software
177,APP,consumer
177,ASML,healthcare
177,ATI,datacenter_hw
177,AVGO,utility
177,AXP,consumer
177,BA,finance
177,BAC,consumer
177,BLK,commodity
177,BMY,datacenter_hw
177,BWXT,energy
177,C,ai_chip
177,CAT,healthcare
177,CME,software
177,CMG,software
177,COHR,software
177,COIN,datacenter_hw
177,COST,ai_chip
177,CRM,ai_chip
177,CRWD,consumer
177,CRWV,software
177,CSCO,software
177,CVS,industrial
177,CVX,healthcare
177,D,finance
177,DDOG,consumer
177,DE,ai_chip
177,DELL,benchmark
177,DLR,real_estate
177,DOCU,energy
177,DUK,ai_chip
177,EME,healthcare
177,EMR,healthcare
177,EOG,industrial
177,EQIX,industrial
177,ESTC,healthcare
177,ETN,ai_chip
177,FDX,datacenter_hw
177,FTNT,software
177,GE,healthcare
177,GILD,healthcare
177,GLD,healthcare
177,GLW,consumer
177,GM,utility
177,GOOG,datacenter_hw
177,GRMN,finance
177,GS,datacenter_hw
177,GTLB,datacenter_hw
177,HD,finance
177,HLT,datacenter_hw
177,HON,industrial
177,HOOD,datacenter_hw
177,HPE,industrial
177,HUBS,finance
177,IBM,software
177,INTC,industrial
177,INTU,ai_chip
177,JNJ,finance
177,JPM,utility
177,KLAC,ai_chip
177,KMI,industrial
177,KO,finance
177,LHX,ai_chip
177,LITE,industrial
177,LLY,software
177,LMT,finance
177,LOW,industrial
177,LRCX,industrial
177,MA,finance
177,MCD,finance
177,MCHP,consumer
177,MDB,giant_tech
177,MDT,software
177,META,utility
177,MMM,healthcare
177,MO,datacenter_hw
177,MPWR,ai_chip
177,MRK,ai_chip
177,MRVL,finance
177,MS,software
177,MSFT,finance
177,MU,software
177,NEE,datacenter_hw
177,NEM,datacenter_hw
177,NET,software
177,NFLX,commodity
177,NOW,healthcare
177,NVDA,finance
177,NVO,software
177,NVTS,energy
177,NXPI,industrial
177,OKTA,giant_tech
177,ON,ai_chip
177,ORCL,consumer
177,OXY,software
177,PANW,software
177,PCTY,industrial
177,PG,consumer
177,PGR,software
177,PH,industrial
177,PLTR,ai_chip
177,PM,ai_chip
177,PNC,software
177,PYPL,utility
177,QCOM,giant_tech
177,RBLX,giant_tech
177,RKLB,ai_chip
177,ROST,consumer
177,RTX,industrial
177,SCHW,energy
177,SHOP,energy
177,SMCI,industrial
177,SNOW,software
177,SO,consumer
177,SOFI,industrial
177,SPCX,datacenter_hw
177,SPG,energy
177,SPOT,software
177,SPY,industrial
177,T,consumer
177,TEAM,consumer
177,TJX,industrial
177,TLT,giant_tech
177,TMO,consumer
177,TSLA,consumer
177,TSM,software
177,TXN,giant_tech
177,UNH,energy
177,UNP,industrial
177,V,ai_chip
177,VLO,real_estate
177,VRT,energy
177,VTR,healthcare
177,WDAY,finance
177,WDC,finance
177,WELL,defensive_bonds
177,WFC,giant_tech
177,WMB,finance
177,WMT,giant_tech
177,XLE,finance
177,XLF,ai_chip
177,XLI,telecom
177,XLK,industrial
177,XLU,ai_chip
177,XLV,industrial
177,XLY,software
177,XOM,giant_tech
177,ZM,real_estate
177,ZS,software
178,AAPL,software
178,ABBV,software
178,ADBE,utility
178,ADI,software
178,AEP,software
178,AFRM,datacenter_hw
178,AMAT,energy
178,AMD,consumer
178,AMZN,healthcare
178,ANET,ai_chip
178,APH,consumer
178,APP,software
178,ASML,software
178,ATI,industrial
178,AVGO,datacenter_hw
178,AXP,consumer
178,BA,benchmark
178,BAC,giant_tech
178,BLK,finance
178,BMY,software
178,BWXT,energy
178,C,datacenter_hw
178,CAT,software
178,CME,finance
178,CMG,ai_chip
178,COHR,industrial
178,COIN,finance
178,COST,ai_chip
178,CRM,energy
178,CRWD,ai_chip
178,CRWV,finance
178,CSCO,ai_chip
178,CVS,finance
178,CVX,industrial
178,D,giant_tech
178,DDOG,finance
178,DE,utility
178,DELL,software
178,DLR,giant_tech
178,DOCU,finance
178,DUK,ai_chip
178,EME,ai_chip
178,EMR,ai_chip
178,EOG,software
178,EQIX,finance
178,ESTC,healthcare
178,ETN,giant_tech
178,FDX,industrial
178,FTNT,defensive_bonds
178,GE,consumer
178,GILD,healthcare
178,GLD,healthcare
178,GLW,utility
178,GM,finance
178,GOOG,consumer
178,GRMN,datacenter_hw
178,GS,ai_chip
178,GTLB,software
178,HD,industrial
178,HLT,energy
178,HON,healthcare
178,HOOD,datacenter_hw
178,HPE,finance
178,HUBS,datacenter_hw
178,IBM,ai_chip
178,INTC,giant_tech
178,INTU,finance
178,JNJ,healthcare
178,JPM,consumer
178,KLAC,industrial
178,KMI,software
178,KO,telecom
178,LHX,healthcare
178,LITE,finance
178,LLY,ai_chip
178,LMT,software
178,LOW,software
178,LRCX,consumer
178,MA,software
178,MCD,finance
178,MCHP,datacenter_hw
178,MDB,ai_chip
178,MDT,consumer
178,META,software
178,MMM,datacenter_hw
178,MO,finance
178,MPWR,giant_tech
178,MRK,commodity
178,MRVL,healthcare
178,MS,software
178,MSFT,industrial
178,MU,utility
178,NEE,consumer
178,NEM,ai_chip
178,NET,software
178,NFLX,finance
178,NOW,commodity
178,NVDA,real_estate
178,NVO,datacenter_hw
178,NVTS,giant_tech
178,NXPI,industrial
178,OKTA,consumer
178,ON,datacenter_hw
178,ORCL,ai_chip
178,OXY,industrial
178,PANW,datacenter_hw
178,PCTY,industrial
178,PG,industrial
178,PGR,healthcare
178,PH,consumer
178,PLTR,industrial
178,PM,utility
178,PNC,industrial
178,PYPL,software
178,QCOM,datacenter_hw
178,RBLX,consumer
178,RKLB,software
178,ROST,industrial
178,RTX,finance
178,SCHW,real_estate
178,SHOP,energy
178,SMCI,industrial
178,SNOW,industrial
178,SO,software
178,SOFI,industrial
178,SPCX,healthcare
178,SPG,giant_tech
178,SPOT,industrial
178,SPY,datacenter_hw
178,T,ai_chip
178,TEAM,healthcare
178,TJX,finance
178,TLT,datacenter_hw
178,TMO,industrial
178,TSLA,software
178,TSM,real_estate
178,TXN,software
178,UNH,software
178,UNP,consumer
178,V,energy
178,VLO,software
178,VRT,finance
178,VTR,healthcare
178,WDAY,ai_chip
178,WDC,industrial
178,WELL,software
178,WFC,consumer
178,WMB,industrial
178,WMT,finance
178,XLE,consumer
178,XLF,energy
178,XLI,ai_chip
178,XLK,ai_chip
178,XLU,utility
178,XLV,ai_chip
178,XLY,giant_tech
178,XOM,energy
178,ZM,finance
178,ZS,consumer
179,AAPL,industrial
179,ABBV,energy
179,ADBE,healthcare
179,ADI,ai_chip
179,AEP,software
179,AFRM,utility
179,AMAT,consumer
179,AMD,giant_tech
179,AMZN,giant_tech
179,ANET,ai_chip
179,APH,ai_chip
179,APP,software
179,ASML,utility
179,ATI,energy
179,AVGO,consumer
179,AXP,utility
179,BA,datacenter_hw
179,BAC,healthcare
179,BLK,ai_chip
179,BMY,industrial
179,BWXT,industrial
179,C,software
179,CAT,consumer
179,CME,giant_tech
179,CMG,software
179,COHR,consumer
179,COIN,giant_tech
179,COST,software
179,CRM,consumer
179,CRWD,healthcare
179,CRWV,datacenter_hw
179,CSCO,consumer
179,CVS,ai_chip
179,CVX,finance
179,D,software
179,DDOG,industrial
179,DE,ai_chip
179,DELL,consumer
179,DLR,consumer
179,DOCU,consumer
179,DUK,industrial
179,EME,ai_chip
179,EMR,software
179,EOG,software
179,EQIX,finance
179,ESTC,software
179,ETN,datacenter_hw
179,FDX,software
179,FTNT,consumer
179,GE,healthcare
179,GILD,giant_tech
179,GLD,finance
179,GLW,software
179,GM,consumer
179,GOOG,healthcare
179,GRMN,datacenter_hw
179,GS,ai_chip
179,GTLB,finance
179,HD,ai_chip
179,HLT,software
179,HON,software
179,HOOD,giant_tech
179,HPE,healthcare
179,HUBS,finance
179,IBM,giant_tech
179,INTC,ai_chip
179,INTU,consumer
179,JNJ,industrial
179,JPM,software
179,KLAC,finance
179,KMI,finance
179,KO,software
179,LHX,datacenter_hw
179,LITE,energy
179,LLY,energy
179,LMT,ai_chip
179,LOW,finance
179,LRCX,datacenter_hw
179,MA,ai_chip
179,MCD,benchmark
179,MCHP,finance
179,MDB,industrial
179,MDT,software
179,META,industrial
179,MMM,finance
179,MO,software
179,MPWR,software
179,MRK,healthcare
179,MRVL,industrial
179,MS,real_estate
179,MSFT,finance
179,MU,utility
179,NEE,industrial
179,NEM,software
179,NET,industrial
179,NFLX,industrial
179,NOW,finance
179,NVDA,datacenter_hw
179,NVO,datacenter_hw
179,NVTS,industrial
179,NXPI,defensive_bonds
179,OKTA,consumer
179,ON,software
179,ORCL,consumer
179,OXY,commodity
179,PANW,software
179,PCTY,healthcare
179,PG,giant_tech
179,PGR,commodity
179,PH,datacenter_hw
179,PLTR,datacenter_hw
179,PM,healthcare
179,PNC,telecom
179,PYPL,software
179,QCOM,industrial
179,RBLX,datacenter_hw
179,RKLB,healthcare
179,ROST,ai_chip
179,RTX,industrial
179,SCHW,finance
179,SHOP,ai_chip
179,SMCI,real_estate
179,SNOW,software
179,SO,energy
179,SOFI,energy
179,SPCX,datacenter_hw
179,SPG,ai_chip
179,SPOT,finance
179,SPY,software
179,T,healthcare
179,TEAM,finance
179,TJX,software
179,TLT,consumer
179,TMO,industrial
179,TSLA,utility
179,TSM,utility
179,TXN,datacenter_hw
179,UNH,ai_chip
179,UNP,finance
179,V,industrial
179,VLO,finance
179,VRT,giant_tech
179,VTR,datacenter_hw
179,WDAY,finance
179,WDC,industrial
179,WELL,energy
179,WFC,ai_chip
179,WMB,industrial
179,WMT,industrial
179,XLE,consumer
179,XLF,real_estate
179,XLI,finance
179,XLK,finance
179,XLU,healthcare
179,XLV,software
179,XLY,ai_chip
179,XOM,ai_chip
179,ZM,industrial
179,ZS,energy
180,AAPL,energy
180,ABBV,finance
180,ADBE,datacenter_hw
180,ADI,energy
180,AEP,energy
180,AFRM,ai_chip
180,AMAT,energy
180,AMD,consumer
180,AMZN,ai_chip
180,ANET,ai_chip
180,APH,software
180,APP,finance
180,ASML,datacenter_hw
180,ATI,software
180,AVGO,ai_chip
180,AXP,healthcare
180,BA,industrial
180,BAC,giant_tech
180,BLK,ai_chip
180,BMY,software
180,BWXT,finance
180,C,industrial
180,CAT,software
180,CME,software
180,CMG,utility
180,COHR,datacenter_hw
180,COIN,software
180,COST,giant_tech
180,CRM,software
180,CRWD,giant_tech
180,CRWV,finance
180,CSCO,software
180,CVS,industrial
180,CVX,commodity
180,D,ai_chip
180,DDOG,consumer
180,DE,software
180,DELL,software
180,DLR,software
180,DOCU,healthcare
180,DUK,software
180,EME,software
180,EMR,industrial
180,EOG,consumer
180,EQIX,consumer
180,ESTC,datacenter_hw
180,ETN,giant_tech
180,FDX,consumer
180,FTNT,ai_chip
180,GE,software
180,GILD,software
180,GLD,utility
180,GLW,datacenter_hw
180,GM,industrial
180,GOOG,industrial
180,GRMN,healthcare
180,GS,utility
180,GTLB,healthcare
180,HD,datacenter_hw
180,HLT,industrial
180,HON,consumer
180,HOOD,ai_chip
180,HPE,ai_chip
180,HUBS,industrial
180,IBM,finance
180,INTC,giant_tech
180,INTU,ai_chip
180,JNJ,finance
180,JPM,finance
180,KLAC,datacenter_hw
180,KMI,consumer
180,KO,finance
180,LHX,healthcare
180,LITE,utility
180,LLY,ai_chip
180,LMT,consumer
180,LOW,datacenter_hw
180,LRCX,ai_chip
180,MA,industrial
180,MCD,utility
180,MCHP,industrial
180,MDB,finance
180,MDT,consumer
180,META,healthcare
180,MMM,software
180,MO,ai_chip
180,MPWR,ai_chip
180,MRK,software
180,MRVL,giant_tech
180,MS,consumer
180,MSFT,industrial
180,MU,consumer
180,NEE,benchmark
180,NEM,industrial
180,NET,ai_chip
180,NFLX,giant_tech
180,NOW,finance
180,NVDA,ai_chip
180,NVO,consumer
180,NVTS,finance
180,NXPI,datacenter_hw
180,OKTA,datacenter_hw
180,ON,industrial
180,ORCL,utility
180,OXY,energy
180,PANW,consumer
180,PCTY,healthcare
180,PG,energy
180,PGR,software
180,PH,industrial
180,PLTR,datacenter_hw
180,PM,industrial
180,PNC,giant_tech
180,PYPL,industrial
180,QCOM,finance
180,RBLX,healthcare
180,RKLB,healthcare
180,ROST,consumer
180,RTX,commodity
180,SCHW,datacenter_hw
180,SHOP,software
180,SMCI,software
180,SNOW,finance
180,SO,software
180,SOFI,telecom
180,SPCX,ai_chip
180,SPG,finance
180,SPOT,industrial
180,SPY,finance
180,T,defensive_bonds
180,TEAM,consumer
180,TJX,finance
180,TLT,giant_tech
180,TMO,software
180,TSLA,software
180,TSM,healthcare
180,TXN,datacenter_hw
180,UNH,consumer
180,UNP,healthcare
180,V,industrial
180,VLO,finance
180,VRT,finance
180,VTR,finance
180,WDAY,software
180,WDC,ai_chip
180,WELL,energy
180,WFC,industrial
180,WMB,real_estate
180,WMT,datacenter_hw
180,XLE,finance
180,XLF,real_estate
180,XLI,industrial
180,XLK,ai_chip
180,XLU,healthcare
180,XLV,software
180,XLY,real_estate
180,XOM,software
180,ZM,energy
180,ZS,industrial
181,AAPL,ai_chip
181,ABBV,energy
181,ADBE,utility
181,ADI,ai_chip
181,AEP,energy
181,AFRM,industrial
181,AMAT,consumer
181,AMD,industrial
181,AMZN,healthcare
181,ANET,ai_chip
181,APH,software
181,APP,finance
181,ASML,software
181,ATI,real_estate
181,AVGO,software
181,AXP,finance
181,BA,ai_chip
181,BAC,ai_chip
181,BLK,giant_tech
181,BMY,consumer
181,BWXT,industrial
181,C,industrial
181,CAT,datacenter_hw
181,CME,ai_chip
181,CMG,software
181,COHR,finance
181,COIN,industrial
181,COST,ai_chip
181,CRM,giant_tech
181,CRWD,industrial
181,CRWV,ai_chip
181,CSCO,consumer
181,CVS,finance
181,CVX,giant_tech
181,D,telecom
181,DDOG,finance
181,DE,software
181,DELL,industrial
181,DLR,healthcare
181,DOCU,real_estate
181,DUK,industrial
181,EME,ai_chip
181,EMR,finance
181,EOG,utility
181,EQIX,giant_tech
181,ESTC,finance
181,ETN,healthcare
181,FDX,giant_tech
181,FTNT,software
181,GE,ai_chip
181,GILD,energy
181,GLD,software
181,GLW,consumer
181,GM,software
181,GOOG,software
181,GRMN,datacenter_hw
181,GS,datacenter_hw
181,GTLB,consumer
181,HD,finance
181,HLT,software
181,HON,ai_chip
181,HOOD,datacenter_hw
181,HPE,datacenter_hw
181,HUBS,datacenter_hw
181,IBM,ai_chip
181,INTC,healthcare
181,INTU,consumer
181,JNJ,consumer
181,JPM,ai_chip
181,KLAC,utility
181,KMI,software
181,KO,consumer
181,LHX,giant_tech
181,LITE,real_estate
181,LLY,software
181,LMT,utility
181,LOW,finance
181,LRCX,software
181,MA,finance
181,MCD,software
181,MCHP,benchmark
181,MDB,industrial
181,MDT,software
181,META,datacenter_hw
181,MMM,industrial
181,MO,finance
181,MPWR,software
181,MRK,datacenter_hw
181,MRVL,consumer
181,MS,finance
181,MSFT,healthcare
181,MU,industrial
181,NEE,giant_tech
181,NEM,industrial
181,NET,industrial
181,NFLX,software
181,NOW,finance
181,NVDA,finance
181,NVO,datacenter_hw
181,NVTS,ai_chip
181,NXPI,software
181,OKTA,defensive_bonds
181,ON,energy
181,ORCL,consumer
181,OXY,finance
181,PANW,software
181,PCTY,ai_chip
181,PG,ai_chip
181,PGR,industrial
181,PH,consumer
181,PLTR,finance
181,PM,software
181,PNC,finance
181,PYPL,finance
181,QCOM,consumer
181,RBLX,datacenter_hw
181,RKLB,software
181,ROST,consumer
181,RTX,software
181,SCHW,software
181,SHOP,industrial
181,SMCI,healthcare
181,SNOW,healthcare
181,SO,datacenter_hw
181,SOFI,healthcare
181,SPCX,software
181,SPG,energy
181,SPOT,ai_chip
181,SPY,consumer
181,T,industrial
181,TEAM,industrial
181,TJX,utility
181,TLT,energy
181,TMO,finance
181,TSLA,giant_tech
181,TSM,software
181,TXN,industrial
181,UNH,healthcare
181,UNP,datacenter_hw
181,V,energy
181,VLO,energy
181,VRT,datacenter_hw
181,VTR,healthcare
181,WDAY,software
181,WDC,industrial
181,WELL,industrial
181,WFC,consumer
181,WMB,ai_chip
181,WMT,commodity
181,XLE,ai_chip
181,XLF,healthcare
181,XLI,industrial
181,XLK,utility
181,XLU,datacenter_hw
181,XLV,finance
181,XLY,consumer
181,XOM,giant_tech
181,ZM,healthcare
181,ZS,commodity
182,AAPL,industrial
182,ABBV,finance
182,ADBE,consumer
182,ADI,giant_tech
182,AEP,datacenter_hw
182,AFRM,healthcare
182,AMAT,software
182,AMD,software
182,AMZN,finance
182,ANET,finance
182,APH,industrial
182,APP,finance
182,ASML,finance
182,ATI,ai_chip
182,AVGO,energy
182,AXP,software
182,BA,industrial
182,BAC,utility
182,BLK,energy
182,BMY,datacenter_hw
182,BWXT,industrial
182,C,ai_chip
182,CAT,software
182,CME,benchmark
182,CMG,healthcare
182,COHR,industrial
182,COIN,software
182,COST,ai_chip
182,CRM,finance
182,CRWD,healthcare
182,CRWV,software
182,CSCO,healthcare
182,CVS,industrial
182,CVX,consumer
182,D,real_estate
182,DDOG,ai_chip
182,DE,ai_chip
182,DELL,datacenter_hw
182,DLR,utility
182,DOCU,software
182,DUK,software
182,EME,healthcare
182,EMR,ai_chip
182,EOG,datacenter_hw
182,EQIX,energy
182,ESTC,industrial
182,ETN,software
182,FDX,ai_chip
182,FTNT,industrial
182,GE,software
182,GILD,healthcare
182,GLD,software
182,GLW,ai_chip
182,GM,finance
182,GOOG,energy
182,GRMN,healthcare
182,GS,giant_tech
182,GTLB,commodity
182,HD,finance
182,HLT,software
182,HON,industrial
182,HOOD,consumer
182,HPE,healthcare
182,HUBS,ai_chip
182,IBM,software
182,INTC,energy
182,INTU,finance
182,JNJ,real_estate
182,JPM,software
182,KLAC,energy
182,KMI,datacenter_hw
182,KO,datacenter_hw
182,LHX,utility
182,LITE,datacenter_hw
182,LLY,healthcare
182,LMT,industrial
182,LOW,software
182,LRCX,datacenter_hw
182,MA,consumer
182,MCD,consumer
182,MCHP,consumer
182,MDB,consumer
182,MDT,healthcare
182,META,software
182,MMM,industrial
182,MO,giant_tech
182,MPWR,energy
182,MRK,software
182,MRVL,ai_chip
182,MS,software
182,MSFT,software
182,MU,telecom
182,NEE,software
182,NEM,software
182,NET,consumer
182,NFLX,ai_chip
182,NOW,ai_chip
182,NVDA,datacenter_hw
182,NVO,consumer
182,NVTS,giant_tech
182,NXPI,consumer
182,OKTA,finance
182,ON,finance
182,ORCL,industrial
182,OXY,ai_chip
182,PANW,finance
182,PCTY,healthcare
182,PG,industrial
182,PGR,giant_tech
182,PH,defensive_bonds
182,PLTR,finance
182,PM,ai_chip
182,PNC,ai_chip
182,PYPL,utility
182,QCOM,giant_tech
182,RBLX,industrial
182,RKLB,datacenter_hw
182,ROST,finance
182,RTX,consumer
182,SCHW,energy
182,SHOP,software
182,SMCI,ai_chip
182,SNOW,datacenter_hw
182,SO,software
182,SOFI,software
182,SPCX,industrial
182,SPG,giant_tech
182,SPOT,datacenter_hw
182,SPY,consumer
182,T,finance
182,TEAM,finance
182,TJX,consumer
182,TLT,finance
182,TMO,industrial
182,TSLA,real_estate
182,TSM,ai_chip
182,TXN,giant_tech
182,UNH,commodity
182,UNP,giant_tech
182,V,ai_chip
182,VLO,finance
182,VRT,industrial
182,VTR,utility
182,WDAY,datacenter_hw
182,WDC,software
182,WELL,ai_chip
182,WFC,consumer
182,WMB,utility
182,WMT,industrial
182,XLE,industrial
182,XLF,datacenter_hw
182,XLI,industrial
182,XLK,industrial
182,XLU,consumer
182,XLV,consumer
182,XLY,finance
182,XOM,finance
182,ZM,software
182,ZS,healthcare
183,AAPL,energy
183,ABBV,software
183,ADBE,software
183,ADI,giant_tech
183,AEP,industrial
183,AFRM,datacenter_hw
183,AMAT,datacenter_hw
183,AMD,healthcare
183,AMZN,software
183,ANET,finance
183,APH,industrial
183,APP,healthcare
183,ASML,giant_tech
183,ATI,industrial
183,AVGO,consumer
183,AXP,ai_chip
183,BA,consumer
183,BAC,real_estate
183,BLK,telecom
183,BMY,industrial
183,BWXT,industrial
183,C,ai_chip
183,CAT,finance
183,CME,ai_chip
183,CMG,real_estate
183,COHR,giant_tech
183,COIN,finance
183,COST,datacenter_hw
183,CRM,software
183,CRWD,consumer
183,CRWV,ai_chip
183,CSCO,industrial
183,CVS,consumer
183,CVX,healthcare
183,D,software
183,DDOG,ai_chip
183,DE,finance
183,DELL,ai_chip
183,DLR,industrial
183,DOCU,datacenter_hw
183,DUK,healthcare
183,EME,ai_chip
183,EMR,energy
183,EOG,ai_chip
183,EQIX,finance
183,ESTC,industrial
183,ETN,software
183,FDX,finance
183,FTNT,energy
183,GE,datacenter_hw
183,GILD,software
183,GLD,finance
183,GLW,industrial
183,GM,consumer
183,GOOG,consumer
183,GRMN,ai_chip
183,GS,ai_chip
183,GTLB,commodity
183,HD,software
183,HLT,software
183,HON,ai_chip
183,HOOD,ai_chip
183,HPE,finance
183,HUBS,ai_chip
183,IBM,industrial
183,INTC,industrial
183,INTU,software
183,JNJ,finance
183,JPM,software
183,KLAC,software
183,KMI,finance
183,KO,utility
183,LHX,giant_tech
183,LITE,industrial
183,LLY,datacenter_hw
183,LMT,consumer
183,LOW,finance
183,LRCX,finance
183,MA,software
183,MCD,energy
183,MCHP,healthcare
183,MDB,utility
183,MDT,energy
183,META,healthcare
183,MMM,consumer
183,MO,consumer
183,MPWR,utility
183,MRK,ai_chip
183,MRVL,healthcare
183,MS,datacenter_hw
183,MSFT,finance
183,MU,consumer
183,NEE,healthcare
183,NEM,giant_tech
183,NET,defensive_bonds
183,NFLX,healthcare
183,NOW,real_estate
183,NVDA,finance
183,NVO,ai_chip
183,NVTS,utility
183,NXPI,industrial
183,OKTA,software
183,ON,benchmark
183,ORCL,consumer
183,OXY,datacenter_hw
183,PANW,software
183,PCTY,energy
183,PG,healthcare
183,PGR,software
183,PH,consumer
183,PLTR,software
183,PM,finance
183,PNC,datacenter_hw
183,PYPL,industrial
183,QCOM,finance
183,RBLX,industrial
183,RKLB,ai_chip
183,ROST,healthcare
183,RTX,software
183,SCHW,giant_tech
183,SHOP,ai_chip
183,SMCI,ai_chip
183,SNOW,software
183,SO,consumer
183,SOFI,software
183,SPCX,datacenter_hw
183,SPG,consumer
183,SPOT,software
183,SPY,utility
183,T,industrial
183,TEAM,software
183,TJX,finance
183,TLT,software
183,TMO,datacenter_hw
183,TSLA,datacenter_hw
183,TSM,commodity
183,TXN,giant_tech
183,UNH,finance
183,UNP,software
183,V,ai_chip
183,VLO,industrial
183,VRT,energy
183,VTR,finance
183,WDAY,software
183,WDC,datacenter_hw
183,WELL,industrial
183,WFC,software
183,WMB,finance
183,WMT,datacenter_hw
183,XLE,giant_tech
183,XLF,healthcare
183,XLI,industrial
183,XLK,industrial
183,XLU,consumer
183,XLV,energy
183,XLY,industrial
183,XOM,consumer
183,ZM,giant_tech
183,ZS,utility
184,AAPL,energy
184,ABBV,consumer
184,ADBE,utility
184,ADI,finance
184,AEP,datacenter_hw
184,AFRM,ai_chip
184,AMAT,industrial
184,AMD,energy
184,AMZN,software
184,ANET,datacenter_hw
184,APH,defensive_bonds
184,APP,giant_tech
184,ASML,datacenter_hw
184,ATI,datacenter_hw
184,AVGO,real_estate
184,AXP,consumer
184,BA,industrial
184,BAC,healthcare
184,BLK,healthcare
184,BMY,software
184,BWXT,software
184,C,benchmark
184,CAT,industrial
184,CME,healthcare
184,CMG,industrial
184,COHR,consumer
184,COIN,software
184,COST,software
184,CRM,ai_chip
184,CRWD,commodity
184,CRWV,datacenter_hw
184,CSCO,industrial
184,CVS,healthcare
184,CVX,healthcare
184,D,energy
184,DDOG,software
184,DE,industrial
184,DELL,finance
184,DLR,consumer
184,DOCU,ai_chip
184,DUK,industrial
184,EME,finance
184,EMR,consumer
184,EOG,software
184,EQIX,software
184,ESTC,ai_chip
184,ETN,consumer
184,FDX,software
184,FTNT,software
184,GE,software
184,GILD,software
184,GLD,commodity
184,GLW,healthcare
184,GM,consumer
184,GOOG,ai_chip
184,GRMN,finance
184,GS,datacenter_hw
184,GTLB,industrial
184,HD,software
184,HLT,datacenter_hw
184,HON,software
184,HOOD,utility
184,HPE,industrial
184,HUBS,giant_tech
184,IBM,healthcare
184,INTC,consumer
184,INTU,energy
184,JNJ,finance
184,JPM,software
184,KLAC,ai_chip
184,KMI,consumer
184,KO,industrial
184,LHX,datacenter_hw
184,LITE,ai_chip
184,LLY,healthcare
184,LMT,datacenter_hw
184,LOW,energy
184,LRCX,healthcare
184,MA,industrial
184,MCD,ai_chip
184,MCHP,software
184,MDB,software
184,MDT,finance
184,META,utility
184,MMM,giant_tech
184,MO,software
184,MPWR,finance
184,MRK,healthcare
184,MRVL,ai_chip
184,MS,giant_tech
184,MSFT,utility
184,MU,giant_tech
184,NEE,consumer
184,NEM,utility
184,NET,ai_chip
184,NFLX,consumer
184,NOW,energy
184,NVDA,real_estate
184,NVO,real_estate
184,NVTS,industrial
184,NXPI,giant_tech
184,OKTA,software
184,ON,ai_chip
184,ORCL,consumer
184,OXY,datacenter_hw
184,PANW,datacenter_hw
184,PCTY,energy
184,PG,ai_chip
184,PGR,finance
184,PH,industrial
184,PLTR,software
184,PM,industrial
184,PNC,finance
184,PYPL,software
184,QCOM,finance
184,RBLX,utility
184,RKLB,ai_chip
184,ROST,finance
184,RTX,datacenter_hw
184,SCHW,consumer
184,SHOP,telecom
184,SMCI,finance
184,SNOW,energy
184,SO,datacenter_hw
184,SOFI,industrial
184,SPCX,finance
184,SPG,giant_tech
184,SPOT,industrial
184,SPY,software
184,T,software
184,TEAM,finance
184,TJX,ai_chip
184,TLT,industrial
184,TMO,datacenter_hw
184,TSLA,finance
184,TSM,healthcare
184,TXN,giant_tech
184,UNH,industrial
184,UNP,finance
184,V,software
184,VLO,ai_chip
184,VRT,finance
184,VTR,industrial
184,WDAY,finance
184,WDC,finance
184,WELL,ai_chip
184,WFC,giant_tech
184,WMB,industrial
184,WMT,consumer
184,XLE,ai_chip
184,XLF,software
184,XLI,ai_chip
184,XLK,software
184,XLU,ai_chip
184,XLV,consumer
184,XLY,consumer
184,XOM,finance
184,ZM,healthcare
184,ZS,industrial
185,AAPL,healthcare
185,ABBV,industrial
185,ADBE,real_estate
185,ADI,healthcare
185,AEP,consumer
185,AFRM,consumer
185,AMAT,real_estate
185,AMD,ai_chip
185,AMZN,consumer
185,ANET,commodity
185,APH,healthcare
185,APP,industrial
185,ASML,consumer
185,ATI,energy
185,AVGO,datacenter_hw
185,AXP,software
185,BA,utility
185,BAC,real_estate
185,BLK,software
185,BMY,software
185,BWXT,giant_tech
185,C,industrial
185,CAT,software
185,CME,healthcare
185,CMG,datacenter_hw
185,COHR,ai_chip
185,COIN,industrial
185,COST,industrial
185,CRM,industrial
185,CRWD,ai_chip
185,CRWV,ai_chip
185,CSCO,datacenter_hw
185,CVS,finance
185,CVX,software
185,D,finance
185,DDOG,healthcare
185,DE,datacenter_hw
185,DELL,utility
185,DLR,consumer
185,DOCU,utility
185,DUK,ai_chip
185,EME,finance
185,EMR,software
185,EOG,software
185,EQIX,industrial
185,ESTC,software
185,ETN,ai_chip
185,FDX,giant_tech
185,FTNT,consumer
185,GE,ai_chip
185,GILD,finance
185,GLD,healthcare
185,GLW,datacenter_hw
185,GM,software
185,GOOG,ai_chip
185,GRMN,industrial
185,GS,healthcare
185,GTLB,ai_chip
185,HD,utility
185,HLT,finance
185,HON,software
185,HOOD,finance
185,HPE,consumer
185,HUBS,healthcare
185,IBM,industrial
185,INTC,software
185,INTU,datacenter_hw
185,JNJ,finance
185,JPM,finance
185,KLAC,datacenter_hw
185,KMI,industrial
185,KO,ai_chip
185,LHX,finance
185,LITE,industrial
185,LLY,consumer
185,LMT,datacenter_hw
185,LOW,industrial
185,LRCX,datacenter_hw
185,MA,software
185,MCD,consumer
185,MCHP,consumer
185,MDB,energy
185,MDT,ai_chip
185,META,ai_chip
185,MMM,industrial
185,MO,software
185,MPWR,industrial
185,MRK,giant_tech
185,MRVL,giant_tech
185,MS,ai_chip
185,MSFT,datacenter_hw
185,MU,finance
185,NEE,software
185,NEM,software
185,NET,software
185,NFLX,software
185,NOW,industrial
185,NVDA,datacenter_hw
185,NVO,defensive_bonds
185,NVTS,utility
185,NXPI,giant_tech
185,OKTA,giant_tech
185,ON,ai_chip
185,ORCL,healthcare
185,OXY,energy
185,PANW,energy
185,PCTY,software
185,PG,finance
185,PGR,telecom
185,PH,finance
185,PLTR,ai_chip
185,PM,giant_tech
185,PNC,utility
185,PYPL,consumer
185,QCOM,software
185,RBLX,consumer
185,RKLB,software
185,ROST,benchmark
185,RTX,software
185,SCHW,ai_chip
185,SHOP,consumer
185,SMCI,giant_tech
185,SNOW,ai_chip
185,SO,giant_tech
185,SOFI,consumer
185,SPCX,datacenter_hw
185,SPG,software
185,SPOT,industrial
185,SPY,healthcare
185,T,industrial
185,TEAM,healthcare
185,TJX,consumer
185,TLT,finance
185,TMO,finance
185,TSLA,software
185,TSM,energy
185,TXN,energy
185,UNH,software
185,UNP,software
185,V,energy
185,VLO,consumer
185,VRT,commodity
185,VTR,finance
185,WDAY,industrial
185,WDC,finance
185,WELL,finance
185,WFC,industrial
185,WMB,ai_chip
185,WMT,finance
185,XLE,healthcare
185,XLF,energy
185,XLI,industrial
185,XLK,finance
185,XLU,datacenter_hw
185,XLV,finance
185,XLY,ai_chip
185,XOM,software
185,ZM,datacenter_hw
185,ZS,industrial
186,AAPL,software
186,ABBV,finance
186,ADBE,industrial
186,ADI,industrial
186,AEP,giant_tech
186,AFRM,healthcare
186,AMAT,benchmark
186,AMD,industrial
186,AMZN,software
186,ANET,industrial
186,APH,real_estate
186,APP,software
186,ASML,software
186,ATI,industrial
186,AVGO,software
186,AXP,industrial
186,BA,software
186,BAC,industrial
186,BLK,industrial
186,BMY,commodity
186,BWXT,finance
186,C,giant_tech
186,CAT,energy
186,CME,software
186,CMG,finance
186,COHR,ai_chip
186,COIN,software
186,COST,industrial
186,CRM,consumer
186,CRWD,finance
186,CRWV,software
186,CSCO,datacenter_hw
186,CVS,finance
186,CVX,utility
186,D,consumer
186,DDOG,commodity
186,DE,defensive_bonds
186,DELL,ai_chip
186,DLR,healthcare
186,DOCU,consumer
186,DUK,utility
186,EME,giant_tech
186,EMR,ai_chip
186,EOG,software
186,EQIX,datacenter_hw
186,ESTC,industrial
186,ETN,industrial
186,FDX,datacenter_hw
186,FTNT,healthcare
186,GE,finance
186,GILD,datacenter_hw
186,GLD,datacenter_hw
186,GLW,ai_chip
186,GM,datacenter_hw
186,GOOG,giant_tech
186,GRMN,datacenter_hw
186,GS,datacenter_hw
186,GTLB,datacenter_hw
186,HD,ai_chip
186,HLT,ai_chip
186,HON,software
186,HOOD,ai_chip
186,HPE,ai_chip
186,HUBS,utility
186,IBM,software
186,INTC,software
186,INTU,ai_chip
186,JNJ,datacenter_hw
186,JPM,energy
186,KLAC,finance
186,KMI,software
186,KO,ai_chip
186,LHX,finance
186,LITE,software
186,LLY,ai_chip
186,LMT,utility
186,LOW,finance
186,LRCX,energy
186,MA,finance
186,MCD,energy
186,MCHP,consumer
186,MDB,software
186,MDT,finance
186,META,healthcare
186,MMM,software
186,MO,consumer
186,MPWR,finance
186,MRK,finance
186,MRVL,giant_tech
186,MS,software
186,MSFT,software
186,MU,industrial
186,NEE,giant_tech
186,NEM,finance
186,NET,consumer
186,NFLX,ai_chip
186,NOW,ai_chip
186,NVDA,finance
186,NVO,real_estate
186,NVTS,industrial
186,NXPI,industrial
186,OKTA,datacenter_hw
186,ON,energy
186,ORCL,healthcare
186,OXY,ai_chip
186,PANW,finance
186,PCTY,real_estate
186,PG,consumer
186,PGR,giant_tech
186,PH,ai_chip
186,PLTR,datacenter_hw
186,PM,consumer
186,PNC,consumer
186,PYPL,giant_tech
186,QCOM,consumer
186,RBLX,software
186,RKLB,software
186,ROST,energy
186,RTX,consumer
186,SCHW,industrial
186,SHOP,software
186,SMCI,industrial
186,SNOW,consumer
186,SO,software
186,SOFI,software
186,SPCX,industrial
186,SPG,consumer
186,SPOT,ai_chip
186,SPY,industrial
186,T,finance
186,TEAM,ai_chip
186,TJX,consumer
186,TLT,energy
186,TMO,finance
186,TSLA,datacenter_hw
186,TSM,utility
186,TXN,industrial
186,UNH,finance
186,UNP,datacenter_hw
186,V,finance
186,VLO,ai_chip
186,VRT,giant_tech
186,VTR,software
186,WDAY,healthcare
186,WDC,healthcare
186,WELL,consumer
186,WFC,industrial
186,WMB,healthcare
186,WMT,ai_chip
186,XLE,telecom
186,XLF,healthcare
186,XLI,software
186,XLK,energy
186,XLU,utility
186,XLV,consumer
186,XLY,industrial
186,XOM,healthcare
186,ZM,healthcare
186,ZS,healthcare
187,AAPL,healthcare
187,ABBV,finance
187,ADBE,finance
187,ADI,consumer
187,AEP,software
187,AFRM,industrial
187,AMAT,real_estate
187,AMD,consumer
187,AMZN,giant_tech
187,ANET,ai_chip
187,APH,consumer
187,APP,datacenter_hw
187,ASML,healthcare
187,ATI,healthcare
187,AVGO,ai_chip
187,AXP,software
187,BA,software
187,BAC,software
187,BLK,finance
187,BMY,consumer
187,BWXT,software
187,C,finance
187,CAT,industrial
187,CME,finance
187,CMG,ai_chip
187,COHR,finance
187,COIN,software
187,COST,finance
187,CRM,datacenter_hw
187,CRWD,ai_chip
187,CRWV,industrial
187,CSCO,giant_tech
187,CVS,consumer
187,CVX,energy
187,D,ai_chip
187,DDOG,datacenter_hw
187,DE,energy
187,DELL,ai_chip
187,DLR,finance
187,DOCU,software
187,DUK,industrial
187,EME,datacenter_hw
187,EMR,utility
187,EOG,industrial
187,EQIX,industrial
187,ESTC,telecom
187,ETN,industrial
187,FDX,software
187,FTNT,software
187,GE,software
187,GILD,consumer
187,GLD,giant_tech
187,GLW,industrial
187,GM,datacenter_hw
187,GOOG,healthcare
187,GRMN,utility
187,GS,consumer
187,GTLB,software
187,HD,datacenter_hw
187,HLT,energy
187,HON,software
187,HOOD,software
187,HPE,finance
187,HUBS,ai_chip
187,IBM,industrial
187,INTC,consumer
187,INTU,real_estate
187,JNJ,energy
187,JPM,ai_chip
187,KLAC,benchmark
187,KMI,industrial
187,KO,energy
187,LHX,consumer
187,LITE,datacenter_hw
187,LLY,software
187,LMT,energy
187,LOW,commodity
187,LRCX,software
187,MA,industrial
187,MCD,giant_tech
187,MCHP,utility
187,MDB,utility
187,MDT,utility
187,META,energy
187,MMM,real_estate
187,MO,datacenter_hw
187,MPWR,giant_tech
187,MRK,consumer
187,MRVL,healthcare
187,MS,finance
187,MSFT,finance
187,MU,finance
187,NEE,software
187,NEM,ai_chip
187,NET,ai_chip
187,NFLX,finance
187,NOW,finance
187,NVDA,consumer
187,NVO,ai_chip
187,NVTS,ai_chip
187,NXPI,datacenter_hw
187,OKTA,finance
187,ON,finance
187,ORCL,ai_chip
187,OXY,commodity
187,PANW,consumer
187,PCTY,giant_tech
187,PG,software
187,PGR,ai_chip
187,PH,software
187,PLTR,industrial
187,PM,industrial
187,PNC,finance
187,PYPL,giant_tech
187,QCOM,healthcare
187,RBLX,consumer
187,RKLB,ai_chip
187,ROST,datacenter_hw
187,RTX,ai_chip
187,SCHW,defensive_bonds
187,SHOP,software
187,SMCI,datacenter_hw
187,SNOW,software
187,SO,finance
187,SOFI,consumer
187,SPCX,healthcare
187,SPG,giant_tech
187,SPOT,industrial
187,SPY,software
187,T,utility
187,TEAM,software
187,TJX,software
187,TLT,industrial
187,TMO,industrial
187,TSLA,consumer
187,TSM,healthcare
187,TXN,healthcare
187,UNH,industrial
187,UNP,finance
187,V,industrial
187,VLO,consumer
187,VRT,datacenter_hw
187,VTR,finance
187,WDAY,datacenter_hw
187,WDC,software
187,WELL,software
187,WFC,datacenter_hw
187,WMB,healthcare
187,WMT,healthcare
187,XLE,ai_chip
187,XLF,energy
187,XLI,ai_chip
187,XLK,giant_tech
187,XLU,industrial
187,XLV,industrial
187,XLY,software
187,XOM,healthcare
187,ZM,ai_chip
187,ZS,industrial
188,AAPL,utility
188,ABBV,finance
188,ADBE,industrial
188,ADI,industrial
188,AEP,finance
188,AFRM,datacenter_hw
188,AMAT,healthcare
188,AMD,datacenter_hw
188,AMZN,healthcare
188,ANET,consumer
188,APH,finance
188,APP,finance
188,ASML,software
188,ATI,energy
188,AVGO,telecom
188,AXP,giant_tech
188,BA,energy
188,BAC,consumer
188,BLK,software
188,BMY,ai_chip
188,BWXT,software
188,C,commodity
188,CAT,finance
188,CME,industrial
188,CMG,ai_chip
188,COHR,industrial
188,COIN,software
188,COST,consumer
188,CRM,consumer
188,CRWD,real_estate
188,CRWV,defensive_bonds
188,CSCO,industrial
188,CVS,software
188,CVX,software
188,D,software
188,DDOG,industrial
188,DE,industrial
188,DELL,finance
188,DLR,ai_chip
188,DOCU,datacenter_hw
188,DUK,industrial
188,EME,software
188,EMR,finance
188,EOG,software
188,EQIX,software
188,ESTC,consumer
188,ETN,healthcare
188,FDX,consumer
188,FTNT,software
188,GE,healthcare
188,GILD,finance
188,GLD,healthcare
188,GLW,finance
188,GM,datacenter_hw
188,GOOG,industrial
188,GRMN,consumer
188,GS,ai_chip
188,GTLB,ai_chip
188,HD,giant_tech
188,HLT,ai_chip
188,HON,consumer
188,HOOD,giant_tech
188,HPE,consumer
188,HUBS,giant_tech
188,IBM,ai_chip
188,INTC,finance
188,INTU,ai_chip
188,JNJ,datacenter_hw
188,JPM,healthcare
188,KLAC,industrial
188,KMI,ai_chip
188,KO,software
188,LHX,ai_chip
188,LITE,software
188,LLY,healthcare
188,LMT,consumer
188,LOW,consumer
188,LRCX,ai_chip
188,MA,datacenter_hw
188,MCD,utility
188,MCHP,energy
188,MDB,software
188,MDT,utility
188,META,finance
188,MMM,energy
188,MO,ai_chip
188,MPWR,datacenter_hw
188,MRK,giant_tech
188,MRVL,consumer
188,MS,software
188,MSFT,giant_tech
188,MU,industrial
188,NEE,finance
188,NEM,software
188,NET,finance
188,NFLX,energy
188,NOW,industrial
188,NVDA,energy
188,NVO,real_estate
188,NVTS,software
188,NXPI,utility
188,OKTA,ai_chip
188,ON,giant_tech
188,ORCL,industrial
188,OXY,industrial
188,PANW,utility
188,PCTY,energy
188,PG,energy
188,PGR,datacenter_hw
188,PH,industrial
188,PLTR,software
188,PM,healthcare
188,PNC,datacenter_hw
188,PYPL,industrial
188,QCOM,consumer
188,RBLX,consumer
188,RKLB,ai_chip
188,ROST,consumer
188,RTX,consumer
188,SCHW,finance
188,SHOP,finance
188,SMCI,giant_tech
188,SNOW,software
188,SO,software
188,SOFI,industrial
188,SPCX,software
188,SPG,ai_chip
188,SPOT,datacenter_hw
188,SPY,datacenter_hw
188,T,finance
188,TEAM,ai_chip
188,TJX,industrial
188,TLT,healthcare
188,TMO,datacenter_hw
188,TSLA,software
188,TSM,software
188,TXN,healthcare
188,UNH,benchmark
188,UNP,industrial
188,V,finance
188,VLO,real_estate
188,VRT,datacenter_hw
188,VTR,healthcare
188,WDAY,healthcare
188,WDC,finance
188,WELL,commodity
188,WFC,software
188,WMB,ai_chip
188,WMT,finance
188,XLE,software
188,XLF,giant_tech
188,XLI,finance
188,XLK,datacenter_hw
188,XLU,ai_chip
188,XLV,utility
188,XLY,ai_chip
188,XOM,industrial
188,ZM,industrial
188,ZS,software
189,AAPL,consumer
189,ABBV,healthcare
189,ADBE,utility
189,ADI,finance
189,AEP,industrial
189,AFRM,software
189,AMAT,ai_chip
189,AMD,software
189,AMZN,software
189,ANET,giant_tech
189,APH,datacenter_hw
189,APP,healthcare
189,ASML,ai_chip
189,ATI,consumer
189,AVGO,finance
189,AXP,healthcare
189,BA,finance
189,BAC,healthcare
189,BLK,consumer
189,BMY,finance
189,BWXT,finance
189,C,ai_chip
189,CAT,ai_chip
189,CME,energy
189,CMG,utility
189,COHR,energy
189,COIN,datacenter_hw
189,COST,energy
189,CRM,datacenter_hw
189,CRWD,industrial
189,CRWV,industrial
189,CSCO,finance
189,CVS,energy
189,CVX,software
189,D,healthcare
189,DDOG,datacenter_hw
189,DE,commodity
189,DELL,ai_chip
189,DLR,industrial
189,DOCU,software
189,DUK,commodity
189,EME,finance
189,EMR,software
189,EOG,healthcare
189,EQIX,giant_tech
189,ESTC,ai_chip
189,ETN,healthcare
189,FDX,consumer
189,FTNT,consumer
189,GE,giant_tech
189,GILD,consumer
189,GLD,consumer
189,GLW,healthcare
189,GM,industrial
189,GOOG,consumer
189,GRMN,telecom
189,GS,datacenter_hw
189,GTLB,industrial
189,HD,energy
189,HLT,ai_chip
189,HON,finance
189,HOOD,finance
189,HPE,software
189,HUBS,ai_chip
189,IBM,software
189,INTC,datacenter_hw
189,INTU,industrial
189,JNJ,healthcare
189,JPM,industrial
189,KLAC,utility
189,KMI,consumer
189,KO,finance
189,LHX,defensive_bonds
189,LITE,energy
189,LLY,industrial
189,LMT,industrial
189,LOW,industrial
189,LRCX,software
189,MA,giant_tech
189,MCD,industrial
189,MCHP,real_estate
189,MDB,consumer
189,MDT,ai_chip
189,META,giant_tech
189,MMM,industrial
189,MO,software
189,MPWR,software
189,MRK,ai_chip
189,MRVL,industrial
189,MS,industrial
189,MSFT,healthcare
189,MU,finance
189,NEE,consumer
189,NEM,giant_tech
189,NET,healthcare
189,NFLX,industrial
189,NOW,software
189,NVDA,software
189,NVO,finance
189,NVTS,industrial
189,NXPI,healthcare
189,OKTA,energy
189,ON,consumer
189,ORCL,software
189,OXY,finance
189,PANW,software
189,PCTY,consumer
189,PG,datacenter_hw
189,PGR,finance
189,PH,software
189,PLTR,utility
189,PM,ai_chip
189,PNC,datacenter_hw
189,PYPL,real_estate
189,QCOM,software
189,RBLX,finance
189,RKLB,ai_chip
189,ROST,software
189,RTX,industrial
189,SCHW,software
189,SHOP,software
189,SMCI,ai_chip
189,SNOW,datacenter_hw
189,SO,ai_chip
189,SOFI,industrial
189,SPCX,finance
189,SPG,industrial
189,SPOT,giant_tech
189,SPY,ai_chip
189,T,utility
189,TEAM,datacenter_hw
189,TJX,consumer
189,TLT,energy
189,TMO,finance
189,TSLA,datacenter_hw
189,TSM,finance
189,TXN,software
189,UNH,datacenter_hw
189,UNP,industrial
189,V,real_estate
189,VLO,ai_chip
189,VRT,software
189,VTR,ai_chip
189,WDAY,finance
189,WDC,utility
189,WELL,consumer
189,WFC,benchmark
189,WMB,ai_chip
189,WMT,software
189,XLE,finance
189,XLF,ai_chip
189,XLI,giant_tech
189,XLK,giant_tech
189,XLU,datacenter_hw
189,XLV,software
189,XLY,consumer
189,XOM,software
189,ZM,software
189,ZS,datacenter_hw
190,AAPL,healthcare
190,ABBV,ai_chip
190,ADBE,commodity
190,ADI,datacenter_hw
190,AEP,industrial
190,AFRM,software
190,AMAT,finance
190,AMD,software
190,AMZN,commodity
190,ANET,software
190,APH,industrial
190,APP,industrial
190,ASML,software
190,ATI,energy
190,AVGO,datacenter_hw
190,AXP,software
190,BA,finance
190,BAC,industrial
190,BLK,software
190,BMY,datacenter_hw
190,BWXT,real_estate
190,C,datacenter_hw
190,CAT,consumer
190,CME,healthcare
190,CMG,finance
190,COHR,finance
190,COIN,energy
190,COST,utility
190,CRM,ai_chip
190,CRWD,consumer
190,CRWV,ai_chip
190,CSCO,software
190,CVS,energy
190,CVX,healthcare
190,D,software
190,DDOG,giant_tech
190,DE,finance
190,DELL,finance
190,DLR,software
190,DOCU,consumer
190,DUK,industrial
190,EME,industrial
190,EMR,industrial
190,EOG,ai_chip
190,EQIX,energy
190,ESTC,industrial
190,ETN,datacenter_hw
190,FDX,energy
190,FTNT,finance
190,GE,software
190,GILD,healthcare
190,GLD,consumer
190,GLW,industrial
190,GM,consumer
190,GOOG,ai_chip
190,GRMN,industrial
190,GS,ai_chip
190,GTLB,industrial
190,HD,giant_tech
190,HLT,ai_chip
190,HON,defensive_bonds
190,HOOD,consumer
190,HPE,finance
190,HUBS,finance
190,IBM,benchmark
190,INTC,healthcare
190,INTU,finance
190,JNJ,healthcare
190,JPM,ai_chip
190,KLAC,datacenter_hw
190,KMI,datacenter_hw
190,KO,giant_tech
190,LHX,ai_chip
190,LITE,healthcare
190,LLY,finance
190,LMT,ai_chip
190,LOW,ai_chip
190,LRCX,healthcare
190,MA,consumer
190,MCD,software
190,MCHP,datacenter_hw
190,MDB,finance
190,MDT,finance
190,META,ai_chip
190,MMM,industrial
190,MO,consumer
190,MPWR,finance
190,MRK,software
190,MRVL,finance
190,MS,energy
190,MSFT,datacenter_hw
190,MU,real_estate
190,NEE,software
190,NEM,datacenter_hw
190,NET,consumer
190,NFLX,software
190,NOW,software
190,NVDA,datacenter_hw
190,NVO,utility
190,NVTS,consumer
190,NXPI,giant_tech
190,OKTA,giant_tech
190,ON,datacenter_hw
190,ORCL,consumer
190,OXY,industrial
190,PANW,software
190,PCTY,software
190,PG,healthcare
190,PGR,software
190,PH,consumer
190,PLTR,software
190,PM,software
190,PNC,real_estate
190,PYPL,giant_tech
190,QCOM,consumer
190,RBLX,software
190,RKLB,software
190,ROST,industrial
190,RTX,ai_chip
190,SCHW,utility
190,SHOP,ai_chip
190,SMCI,ai_chip
190,SNOW,healthcare
190,SO,industrial
190,SOFI,datacenter_hw
190,SPCX,giant_tech
190,SPG,datacenter_hw
190,SPOT,software
190,SPY,industrial
190,T,finance
190,TEAM,software
190,TJX,consumer
190,TLT,telecom
190,TMO,energy
190,TSLA,industrial
190,TSM,ai_chip
190,TXN,consumer
190,UNH,healthcare
190,UNP,ai_chip
190,V,utility
190,VLO,healthcare
190,VRT,consumer
190,VTR,ai_chip
190,WDAY,finance
190,WDC,utility
190,WELL,giant_tech
190,WFC,energy
190,WMB,giant_tech
190,WMT,finance
190,XLE,industrial
190,XLF,ai_chip
190,XLI,industrial
190,XLK,industrial
190,XLU,finance
190,XLV,software
190,XLY,finance
190,XOM,software
190,ZM,industrial
190,ZS,utility
191,AAPL,ai_chip
191,ABBV,software
191,ADBE,utility
191,ADI,industrial
191,AEP,utility
191,AFRM,software
191,AMAT,healthcare
191,AMD,utility
191,AMZN,ai_chip
191,ANET,consumer
191,APH,healthcare
191,APP,consumer
191,ASML,consumer
191,ATI,software
191,AVGO,software
191,AXP,finance
191,BA,ai_chip
191,BAC,software
191,BLK,software
191,BMY,energy
191,BWXT,energy
191,C,telecom
191,CAT,finance
191,CME,finance
191,CMG,finance
191,COHR,datacenter_hw
191,COIN,industrial
191,COST,real_estate
191,CRM,industrial
191,CRWD,software
191,CRWV,utility
191,CSCO,ai_chip
191,CVS,software
191,CVX,consumer
191,D,energy
191,DDOG,finance
191,DE,industrial
191,DELL,finance
191,DLR,software
191,DOCU,healthcare
191,DUK,software
191,EME,ai_chip
191,EMR,energy
191,EOG,industrial
191,EQIX,industrial
191,ESTC,consumer
191,ETN,ai_chip
191,FDX,benchmark
191,FTNT,finance
191,GE,industrial
191,GILD,finance
191,GLD,industrial
191,GLW,software
191,GM,ai_chip
191,GOOG,industrial
191,GRMN,ai_chip
191,GS,datacenter_hw
191,GTLB,giant_tech
191,HD,software
191,HLT,industrial
191,HON,healthcare
191,HOOD,industrial
191,HPE,software
191,HUBS,datacenter_hw
191,IBM,software
191,INTC,industrial
191,INTU,energy
191,JNJ,software
191,JPM,ai_chip
191,KLAC,giant_tech
191,KMI,finance
191,KO,consumer
191,LHX,ai_chip
191,LITE,ai_chip
191,LLY,ai_chip
191,LMT,ai_chip
191,LOW,ai_chip
191,LRCX,giant_tech
191,MA,software
191,MCD,datacenter_hw
191,MCHP,industrial
191,MDB,real_estate
191,MDT,datacenter_hw
191,META,defensive_bonds
191,MMM,energy
191,MO,software
191,MPWR,utility
191,MRK,industrial
191,MRVL,commodity
191,MS,software
191,MSFT,consumer
191,MU,finance
191,NEE,giant_tech
191,NEM,finance
191,NET,ai_chip
191,NFLX,industrial
191,NOW,energy
191,NVDA,commodity
191,NVO,consumer
191,NVTS,finance
191,NXPI,software
191,OKTA,software
191,ON,finance
191,ORCL,finance
191,OXY,datacenter_hw
191,PANW,ai_chip
191,PCTY,healthcare
191,PG,real_estate
191,PGR,consumer
191,PH,software
191,PLTR,finance
191,PM,industrial
191,PNC,software
191,PYPL,datacenter_hw
191,QCOM,healthcare
191,RBLX,giant_tech
191,RKLB,ai_chip
191,ROST,utility
191,RTX,software
191,SCHW,healthcare
191,SHOP,consumer
191,SMCI,industrial
191,SNOW,energy
191,SO,datacenter_hw
191,SOFI,datacenter_hw
191,SPCX,healthcare
191,SPG,consumer
191,SPOT,software
191,SPY,finance
191,T,giant_tech
191,TEAM,consumer
191,TJX,healthcare
191,TLT,industrial
191,TMO,software
191,TSLA,consumer
191,TSM,finance
191,TXN,industrial
191,UNH,datacenter_hw
191,UNP,consumer
191,V,industrial
191,VLO,giant_tech
191,VRT,healthcare
191,VTR,finance
191,WDAY,giant_tech
191,WDC,software
191,WELL,healthcare
191,WFC,datacenter_hw
191,WMB,consumer
191,WMT,industrial
191,XLE,finance
191,XLF,datacenter_hw
191,XLI,datacenter_hw
191,XLK,consumer
191,XLU,healthcare
191,XLV,ai_chip
191,XLY,ai_chip
191,XOM,giant_tech
191,ZM,finance
191,ZS,datacenter_hw
192,AAPL,healthcare
192,ABBV,industrial
192,ADBE,finance
192,ADI,defensive_bonds
192,AEP,energy
192,AFRM,datacenter_hw
192,AMAT,datacenter_hw
192,AMD,ai_chip
192,AMZN,energy
192,ANET,software
192,APH,industrial
192,APP,software
192,ASML,datacenter_hw
192,ATI,healthcare
192,AVGO,real_estate
192,AXP,ai_chip
192,BA,industrial
192,BAC,real_estate
192,BLK,ai_chip
192,BMY,finance
192,BWXT,software
192,C,finance
192,CAT,industrial
192,CME,software
192,CMG,finance
192,COHR,giant_tech
192,COIN,consumer
192,COST,energy
192,CRM,ai_chip
192,CRWD,finance
192,CRWV,software
192,CSCO,ai_chip
192,CVS,finance
192,CVX,software
192,D,industrial
192,DDOG,energy
192,DE,finance
192,DELL,software
192,DLR,healthcare
192,DOCU,software
192,DUK,consumer
192,EME,giant_tech
192,EMR,software
192,EOG,software
192,EQIX,ai_chip
192,ESTC,telecom
192,ETN,industrial
192,FDX,datacenter_hw
192,FTNT,software
192,GE,healthcare
192,GILD,software
192,GLD,benchmark
192,GLW,utility
192,GM,ai_chip
192,GOOG,giant_tech
192,GRMN,finance
192,GS,consumer
192,GTLB,energy
192,HD,healthcare
192,HLT,software
192,HON,ai_chip
192,HOOD,industrial
192,HPE,software
192,HUBS,ai_chip
192,IBM,industrial
192,INTC,ai_chip
192,INTU,consumer
192,JNJ,utility
192,JPM,software
192,KLAC,software
192,KMI,giant_tech
192,KO,industrial
192,LHX,healthcare
192,LITE,finance
192,LLY,ai_chip
192,LMT,software
192,LOW,ai_chip
192,LRCX,consumer
192,MA,finance
192,MCD,healthcare
192,MCHP,commodity
192,MDB,datacenter_hw
192,MDT,software
192,META,energy
192,MMM,consumer
192,MO,ai_chip
192,MPWR,ai_chip
192,MRK,ai_chip
192,MRVL,giant_tech
192,MS,datacenter_hw
192,MSFT,consumer
192,MU,finance
192,NEE,giant_tech
192,NEM,software
192,NET,energy
192,NFLX,finance
192,NOW,datacenter_hw
192,NVDA,energy
192,NVO,finance
192,NVTS,consumer
192,NXPI,industrial
192,OKTA,giant_tech
192,ON,software
192,ORCL,finance
192,OXY,ai_chip
192,PANW,consumer
192,PCTY,industrial
192,PG,ai_chip
192,PGR,industrial
192,PH,finance
192,PLTR,real_estate
192,PM,giant_tech
192,PNC,industrial
192,PYPL,industrial
192,QCOM,datacenter_hw
192,RBLX,finance
192,RKLB,software
192,ROST,healthcare
192,RTX,consumer
192,SCHW,software
192,SHOP,healthcare
192,SMCI,consumer
192,SNOW,software
192,SO,finance
192,SOFI,commodity
192,SPCX,ai_chip
192,SPG,finance
192,SPOT,healthcare
192,SPY,industrial
192,T,ai_chip
192,TEAM,datacenter_hw
192,TJX,consumer
192,TLT,datacenter_hw
192,TMO,industrial
192,TSLA,healthcare
192,TSM,finance
192,TXN,utility
192,UNH,software
192,UNP,industrial
192,V,software
192,VLO,industrial
192,VRT,industrial
192,VTR,consumer
192,WDAY,healthcare
192,WDC,finance
192,WELL,consumer
192,WFC,datacenter_hw
192,WMB,datacenter_hw
192,WMT,utility
192,XLE,consumer
192,XLF,consumer
192,XLI,giant_tech
192,XLK,datacenter_hw
192,XLU,industrial
192,XLV,datacenter_hw
192,XLY,software
192,XOM,industrial
192,ZM,utility
192,ZS,utility
193,AAPL,healthcare
193,ABBV,utility
193,ADBE,commodity
193,ADI,utility
193,AEP,finance
193,AFRM,consumer
193,AMAT,giant_tech
193,AMD,consumer
193,AMZN,healthcare
193,ANET,datacenter_hw
193,APH,real_estate
193,APP,consumer
193,ASML,industrial
193,ATI,giant_tech
193,AVGO,healthcare
193,AXP,datacenter_hw
193,BA,consumer
193,BAC,energy
193,BLK,software
193,BMY,industrial
193,BWXT,finance
193,C,industrial
193,CAT,software
193,CME,finance
193,CMG,software
193,COHR,ai_chip
193,COIN,ai_chip
193,COST,telecom
193,CRM,consumer
193,CRWD,industrial
193,CRWV,giant_tech
193,CSCO,ai_chip
193,CVS,healthcare
193,CVX,consumer
193,D,industrial
193,DDOG,software
193,DE,giant_tech
193,DELL,software
193,DLR,healthcare
193,DOCU,software
193,DUK,ai_chip
193,EME,energy
193,EMR,datacenter_hw
193,EOG,finance
193,EQIX,finance
193,ESTC,healthcare
193,ETN,finance
193,FDX,software
193,FTNT,industrial
193,GE,finance
193,GILD,datacenter_hw
193,GLD,consumer
193,GLW,software
193,GM,energy
193,GOOG,finance
193,GRMN,industrial
193,GS,healthcare
193,GTLB,consumer
193,HD,finance
193,HLT,giant_tech
193,HON,industrial
193,HOOD,datacenter_hw
193,HPE,industrial
193,HUBS,datacenter_hw
193,IBM,energy
193,INTC,industrial
193,INTU,industrial
193,JNJ,software
193,JPM,industrial
193,KLAC,ai_chip
193,KMI,software
193,KO,finance
193,LHX,industrial
193,LITE,ai_chip
193,LLY,healthcare
193,LMT,industrial
193,LOW,consumer
193,LRCX,ai_chip
193,MA,ai_chip
193,MCD,software
193,MCHP,industrial
193,MDB,software
193,MDT,software
193,META,software
193,MMM,ai_chip
193,MO,ai_chip
193,MPWR,software
193,MRK,software
193,MRVL,real_estate
193,MS,finance
193,MSFT,software
193,MU,datacenter_hw
193,NEE,finance
193,NEM,energy
193,NET,industrial
193,NFLX,consumer
193,NOW,utility
193,NVDA,giant_tech
193,NVO,giant_tech
193,NVTS,ai_chip
193,NXPI,software
193,OKTA,real_estate
193,ON,datacenter_hw
193,ORCL,healthcare
193,OXY,healthcare
193,PANW,finance
193,PCTY,datacenter_hw
193,PG,software
193,PGR,energy
193,PH,consumer
193,PLTR,utility
193,PM,datacenter_hw
193,PNC,consumer
193,PYPL,healthcare
193,QCOM,software
193,RBLX,software
193,RKLB,datacenter_hw
193,ROST,healthcare
193,RTX,datacenter_hw
193,SCHW,software
193,SHOP,consumer
193,SMCI,consumer
193,SNOW,energy
193,SO,utility
193,SOFI,energy
193,SPCX,benchmark
193,SPG,finance
193,SPOT,industrial
193,SPY,giant_tech
193,T,datacenter_hw
193,TEAM,industrial
193,TJX,datacenter_hw
193,TLT,defensive_bonds
193,TMO,ai_chip
193,TSLA,industrial
193,TSM,ai_chip
193,TXN,ai_chip
193,UNH,finance
193,UNP,finance
193,V,ai_chip
193,VLO,ai_chip
193,VRT,industrial
193,VTR,ai_chip
193,WDAY,ai_chip
193,WDC,software
193,WELL,finance
193,WFC,giant_tech
193,WMB,industrial
193,WMT,ai_chip
193,XLE,software
193,XLF,commodity
193,XLI,software
193,XLK,finance
193,XLU,utility
193,XLV,software
193,XLY,finance
193,XOM,consumer
193,ZM,consumer
193,ZS,finance
194,AAPL,benchmark
194,ABBV,datacenter_hw
194,ADBE,software
194,ADI,finance
194,AEP,finance
194,AFRM,giant_tech
194,AMAT,ai_chip
194,AMD,healthcare
194,AMZN,finance
194,ANET,ai_chip
194,APH,healthcare
194,APP,software
194,ASML,datacenter_hw
194,ATI,ai_chip
194,AVGO,software
194,AXP,industrial
194,BA,ai_chip
194,BAC,healthcare
194,BLK,consumer
194,BMY,datacenter_hw
194,BWXT,industrial
194,C,ai_chip
194,CAT,ai_chip
194,CME,giant_tech
194,CMG,consumer
194,COHR,finance
194,COIN,software
194,COST,energy
194,CRM,giant_tech
194,CRWD,industrial
194,CRWV,consumer
194,CSCO,software
194,CVS,finance
194,CVX,giant_tech
194,D,datacenter_hw
194,DDOG,software
194,DE,ai_chip
194,DELL,healthcare
194,DLR,finance
194,DOCU,finance
194,DUK,finance
194,EME,industrial
194,EMR,ai_chip
194,EOG,real_estate
194,EQIX,consumer
194,ESTC,software
194,ETN,utility
194,FDX,datacenter_hw
194,FTNT,software
194,GE,software
194,GILD,software
194,GLD,industrial
194,GLW,industrial
194,GM,industrial
194,GOOG,consumer
194,GRMN,software
194,GS,software
194,GTLB,giant_tech
194,HD,software
194,HLT,finance
194,HON,software
194,HOOD,healthcare
194,HPE,ai_chip
194,HUBS,consumer
194,IBM,industrial
194,INTC,ai_chip
194,INTU,energy
194,JNJ,software
194,JPM,industrial
194,KLAC,software
194,KMI,telecom
194,KO,consumer
194,LHX,giant_tech
194,LITE,finance
194,LLY,consumer
194,LMT,energy
194,LOW,software
194,LRCX,software
194,MA,healthcare
194,MCD,software
194,MCHP,ai_chip
194,MDB,software
194,MDT,healthcare
194,META,software
194,MMM,industrial
194,MO,energy
194,MPWR,industrial
194,MRK,healthcare
194,MRVL,healthcare
194,MS,ai_chip
194,MSFT,consumer
194,MU,industrial
194,NEE,industrial
194,NEM,consumer
194,NET,giant_tech
194,NFLX,ai_chip
194,NOW,finance
194,NVDA,consumer
194,NVO,finance
194,NVTS,industrial
194,NXPI,healthcare
194,OKTA,datacenter_hw
194,ON,datacenter_hw
194,ORCL,industrial
194,OXY,real_estate
194,PANW,ai_chip
194,PCTY,energy
194,PG,datacenter_hw
194,PGR,giant_tech
194,PH,finance
194,PLTR,finance
194,PM,datacenter_hw
194,PNC,consumer
194,PYPL,finance
194,QCOM,datacenter_hw
194,RBLX,ai_chip
194,RKLB,software
194,ROST,datacenter_hw
194,RTX,software
194,SCHW,consumer
194,SHOP,finance
194,SMCI,software
194,SNOW,datacenter_hw
194,SO,energy
194,SOFI,datacenter_hw
194,SPCX,energy
194,SPG,finance
194,SPOT,consumer
194,SPY,healthcare
194,T,commodity
194,TEAM,industrial
194,TJX,industrial
194,TLT,ai_chip
194,TMO,utility
194,TSLA,consumer
194,TSM,energy
194,TXN,industrial
194,UNH,consumer
194,UNP,giant_tech
194,V,commodity
194,VLO,finance
194,VRT,finance
194,VTR,ai_chip
194,WDAY,software
194,WDC,utility
194,WELL,industrial
194,WFC,ai_chip
194,WMB,ai_chip
194,WMT,utility
194,XLE,healthcare
194,XLF,utility
194,XLI,real_estate
194,XLK,finance
194,XLU,industrial
194,XLV,defensive_bonds
194,XLY,software
194,XOM,industrial
194,ZM,utility
194,ZS,datacenter_hw
195,AAPL,finance
195,ABBV,giant_tech
195,ADBE,healthcare
195,ADI,software
195,AEP,giant_tech
195,AFRM,software
195,AMAT,datacenter_hw
195,AMD,ai_chip
195,AMZN,consumer
195,ANET,healthcare
195,APH,ai_chip
195,APP,ai_chip
195,ASML,ai_chip
195,ATI,datacenter_hw
195,AVGO,ai_chip
195,AXP,datacenter_hw
195,BA,finance
195,BAC,commodity
195,BLK,industrial
195,BMY,software
195,BWXT,consumer
195,C,healthcare
195,CAT,industrial
195,CME,giant_tech
195,CMG,industrial
195,COHR,finance
195,COIN,datacenter_hw
195,COST,finance
195,CRM,giant_tech
195,CRWD,software
195,CRWV,software
195,CSCO,consumer
195,CVS,utility
195,CVX,datacenter_hw
195,D,ai_chip
195,DDOG,ai_chip
195,DE,consumer
195,DELL,finance
195,DLR,software
195,DOCU,ai_chip
195,DUK,utility
195,EME,healthcare
195,EMR,software
195,EOG,software
195,EQIX,consumer
195,ESTC,finance
195,ETN,finance
195,FDX,industrial
195,FTNT,giant_tech
195,GE,defensive_bonds
195,GILD,datacenter_hw
195,GLD,industrial
195,GLW,industrial
195,GM,datacenter_hw
195,GOOG,finance
195,GRMN,industrial
195,GS,software
195,GTLB,utility
195,HD,software
195,HLT,ai_chip
195,HON,consumer
195,HOOD,giant_tech
195,HPE,commodity
195,HUBS,software
195,IBM,finance
195,INTC,software
195,INTU,finance
195,JNJ,industrial
195,JPM,industrial
195,KLAC,industrial
195,KMI,industrial
195,KO,energy
195,LHX,energy
195,LITE,industrial
195,LLY,consumer
195,LMT,consumer
195,LOW,industrial
195,LRCX,healthcare
195,MA,ai_chip
195,MCD,finance
195,MCHP,datacenter_hw
195,MDB,consumer
195,MDT,industrial
195,META,consumer
195,MMM,energy
195,MO,software
195,MPWR,energy
195,MRK,software
195,MRVL,ai_chip
195,MS,industrial
195,MSFT,healthcare
195,MU,consumer
195,NEE,consumer
195,NEM,software
195,NET,datacenter_hw
195,NFLX,datacenter_hw
195,NOW,industrial
195,NVDA,ai_chip
195,NVO,software
195,NVTS,software
195,NXPI,software
195,OKTA,datacenter_hw
195,ON,finance
195,ORCL,finance
195,OXY,real_estate
195,PANW,giant_tech
195,PCTY,finance
195,PG,ai_chip
195,PGR,energy
195,PH,telecom
195,PLTR,industrial
195,PM,utility
195,PNC,datacenter_hw
195,PYPL,finance
195,QCOM,ai_chip
195,RBLX,industrial
195,RKLB,benchmark
195,ROST,software
195,RTX,ai_chip
195,SCHW,software
195,SHOP,ai_chip
195,SMCI,energy
195,SNOW,healthcare
195,SO,utility
195,SOFI,ai_chip
195,SPCX,healthcare
195,SPG,utility
195,SPOT,finance
195,SPY,consumer
195,T,consumer
195,TEAM,ai_chip
195,TJX,datacenter_hw
195,TLT,industrial
195,TMO,giant_tech
195,TSLA,ai_chip
195,TSM,healthcare
195,TXN,finance
195,UNH,finance
195,UNP,real_estate
195,V,software
195,VLO,datacenter_hw
195,VRT,finance
195,VTR,consumer
195,WDAY,industrial
195,WDC,consumer
195,WELL,software
195,WFC,healthcare
195,WMB,industrial
195,WMT,healthcare
195,XLE,software
195,XLF,real_estate
195,XLI,giant_tech
195,XLK,software
195,XLU,finance
195,XLV,energy
195,XLY,software
195,XOM,healthcare
195,ZM,software
195,ZS,energy
196,AAPL,healthcare
196,ABBV,consumer
196,ADBE,software
196,ADI,utility
196,AEP,giant_tech
196,AFRM,finance
196,AMAT,healthcare
196,AMD,consumer
196,AMZN,healthcare
196,ANET,energy
196,APH,datacenter_hw
196,APP,datacenter_hw
196,ASML,consumer
196,ATI,finance
196,AVGO,energy
196,AXP,finance
196,BA,industrial
196,BAC,finance
196,BLK,consumer
196,BMY,finance
196,BWXT,healthcare
196,C,industrial
196,CAT,finance
196,CME,giant_tech
196,CMG,ai_chip
196,COHR,energy
196,COIN,consumer
196,COST,energy
196,CRM,software
196,CRWD,software
196,CRWV,software
196,CSCO,datacenter_hw
196,CVS,software
196,CVX,industrial
196,D,finance
196,DDOG,ai_chip
196,DE,defensive_bonds
196,DELL,software
196,DLR,software
196,DOCU,datacenter_hw
196,DUK,giant_tech
196,EME,software
196,EMR,ai_chip
196,EOG,real_estate
196,EQIX,datacenter_hw
196,ESTC,consumer
196,ETN,benchmark
196,FDX,industrial
196,FTNT,telecom
196,GE,industrial
196,GILD,industrial
196,GLD,real_estate
196,GLW,consumer
196,GM,industrial
196,GOOG,industrial
196,GRMN,datacenter_hw
196,GS,ai_chip
196,GTLB,consumer
196,HD,utility
196,HLT,industrial
196,HON,commodity
196,HOOD,datacenter_hw
196,HPE,finance
196,HUBS,industrial
196,IBM,software
196,INTC,industrial
196,INTU,giant_tech
196,JNJ,ai_chip
196,JPM,industrial
196,KLAC,giant_tech
196,KMI,ai_chip
196,KO,datacenter_hw
196,LHX,industrial
196,LITE,ai_chip
196,LLY,finance
196,LMT,consumer
196,LOW,finance
196,LRCX,consumer
196,MA,ai_chip
196,MCD,finance
196,MCHP,finance
196,MDB,ai_chip
196,MDT,healthcare
196,META,consumer
196,MMM,industrial
196,MO,finance
196,MPWR,giant_tech
196,MRK,ai_chip
196,MRVL,consumer
196,MS,software
196,MSFT,software
196,MU,software
196,NEE,energy
196,NEM,industrial
196,NET,ai_chip
196,NFLX,ai_chip
196,NOW,software
196,NVDA,software
196,NVO,healthcare
196,NVTS,utility
196,NXPI,finance
196,OKTA,datacenter_hw
196,ON,industrial
196,ORCL,datacenter_hw
196,OXY,consumer
196,PANW,healthcare
196,PCTY,healthcare
196,PG,datacenter_hw
196,PGR,energy
196,PH,software
196,PLTR,utility
196,PM,energy
196,PNC,utility
196,PYPL,ai_chip
196,QCOM,ai_chip
196,RBLX,utility
196,RKLB,software
196,ROST,datacenter_hw
196,RTX,software
196,SCHW,healthcare
196,SHOP,software
196,SMCI,finance
196,SNOW,finance
196,SO,real_estate
196,SOFI,software
196,SPCX,healthcare
196,SPG,industrial
196,SPOT,datacenter_hw
196,SPY,consumer
196,T,consumer
196,TEAM,industrial
196,TJX,ai_chip
196,TLT,software
196,TMO,software
196,TSLA,software
196,TSM,software
196,TXN,healthcare
196,UNH,software
196,UNP,industrial
196,V,finance
196,VLO,healthcare
196,VRT,giant_tech
196,VTR,giant_tech
196,WDAY,ai_chip
196,WDC,industrial
196,WELL,ai_chip
196,WFC,software
196,WMB,finance
196,WMT,datacenter_hw
196,XLE,giant_tech
196,XLF,ai_chip
196,XLI,consumer
196,XLK,software
196,XLU,industrial
196,XLV,ai_chip
196,XLY,finance
196,XOM,commodity
196,ZM,energy
196,ZS,finance
197,AAPL,datacenter_hw
197,ABBV,consumer
197,ADBE,energy
197,ADI,industrial
197,AEP,energy
197,AFRM,consumer
197,AMAT,giant_tech
197,AMD,software
197,AMZN,finance
197,ANET,healthcare
197,APH,industrial
197,APP,ai_chip
197,ASML,software
197,ATI,software
197,AVGO,finance
197,AXP,consumer
197,BA,ai_chip
197,BAC,datacenter_hw
197,BLK,software
197,BMY,industrial
197,BWXT,finance
197,C,ai_chip
197,CAT,finance
197,CME,finance
197,CMG,consumer
197,COHR,finance
197,COIN,software
197,COST,industrial
197,CRM,software
197,CRWD,software
197,CRWV,industrial
197,CSCO,ai_chip
197,CVS,utility
197,CVX,energy
197,D,healthcare
197,DDOG,healthcare
197,DE,utility
197,DELL,healthcare
197,DLR,industrial
197,DOCU,utility
197,DUK,utility
197,EME,ai_chip
197,EMR,real_estate
197,EOG,industrial
197,EQIX,consumer
197,ESTC,software
197,ETN,software
197,FDX,finance
197,FTNT,datacenter_hw
197,GE,industrial
197,GILD,software
197,GLD,consumer
197,GLW,finance
197,GM,giant_tech
197,GOOG,consumer
197,GRMN,finance
197,GS,datacenter_hw
197,GTLB,defensive_bonds
197,HD,telecom
197,HLT,finance
197,HON,datacenter_hw
197,HOOD,ai_chip
197,HPE,industrial
197,HUBS,software
197,IBM,industrial
197,INTC,healthcare
197,INTU,giant_tech
197,JNJ,ai_chip
197,JPM,giant_tech
197,KLAC,ai_chip
197,KMI,consumer
197,KO,software
197,LHX,healthcare
197,LITE,industrial
197,LLY,ai_chip
197,LMT,software
197,LOW,utility
197,LRCX,datacenter_hw
197,MA,industrial
197,MCD,software
197,MCHP,software
197,MDB,datacenter_hw
197,MDT,consumer
197,META,healthcare
197,MMM,finance
197,MO,healthcare
197,MPWR,consumer
197,MRK,finance
197,MRVL,finance
197,MS,giant_tech
197,MSFT,industrial
197,MU,industrial
197,NEE,giant_tech
197,NEM,real_estate
197,NET,energy
197,NFLX,software
197,NOW,consumer
197,NVDA,software
197,NVO,utility
197,NVTS,ai_chip
197,NXPI,commodity
197,OKTA,healthcare
197,ON,finance
197,ORCL,software
197,OXY,ai_chip
197,PANW,energy
197,PCTY,industrial
197,PG,industrial
197,PGR,datacenter_hw
197,PH,consumer
197,PLTR,real_estate
197,PM,finance
197,PNC,industrial
197,PYPL,datacenter_hw
197,QCOM,software
197,RBLX,ai_chip
197,RKLB,energy
197,ROST,datacenter_hw
197,RTX,consumer
197,SCHW,giant_tech
197,SHOP,industrial
197,SMCI,industrial
197,SNOW,giant_tech
197,SO,software
197,SOFI,software
197,SPCX,industrial
197,SPG,ai_chip
197,SPOT,consumer
197,SPY,healthcare
197,T,ai_chip
197,TEAM,giant_tech
197,TJX,software
197,TLT,software
197,TMO,datacenter_hw
197,TSLA,ai_chip
197,TSM,ai_chip
197,TXN,datacenter_hw
197,UNH,benchmark
197,UNP,finance
197,V,healthcare
197,VLO,ai_chip
197,VRT,finance
197,VTR,consumer
197,WDAY,energy
197,WDC,ai_chip
197,WELL,software
197,WFC,finance
197,WMB,ai_chip
197,WMT,finance
197,XLE,industrial
197,XLF,energy
197,XLI,software
197,XLK,finance
197,XLU,consumer
197,XLV,healthcare
197,XLY,datacenter_hw
197,XOM,datacenter_hw
197,ZM,commodity
197,ZS,software
198,AAPL,datacenter_hw
198,ABBV,consumer
198,ADBE,healthcare
198,ADI,ai_chip
198,AEP,finance
198,AFRM,industrial
198,AMAT,industrial
198,AMD,healthcare
198,AMZN,consumer
198,ANET,industrial
198,APH,finance
198,APP,industrial
198,ASML,giant_tech
198,ATI,ai_chip
198,AVGO,finance
198,AXP,ai_chip
198,BA,industrial
198,BAC,software
198,BLK,commodity
198,BMY,industrial
198,BWXT,finance
198,C,ai_chip
198,CAT,software
198,CME,finance
198,CMG,finance
198,COHR,consumer
198,COIN,software
198,COST,ai_chip
198,CRM,datacenter_hw
198,CRWD,energy
198,CRWV,datacenter_hw
198,CSCO,healthcare
198,CVS,ai_chip
198,CVX,industrial
198,D,software
198,DDOG,ai_chip
198,DE,utility
198,DELL,consumer
198,DLR,software
198,DOCU,software
198,DUK,giant_tech
198,EME,finance
198,EMR,ai_chip
198,EOG,software
198,EQIX,consumer
198,ESTC,ai_chip
198,ETN,giant_tech
198,FDX,healthcare
198,FTNT,software
198,GE,energy
198,GILD,datacenter_hw
198,GLD,ai_chip
198,GLW,real_estate
198,GM,consumer
198,GOOG,finance
198,GRMN,utility
198,GS,industrial
198,GTLB,consumer
198,HD,healthcare
198,HLT,ai_chip
198,HON,consumer
198,HOOD,energy
198,HPE,consumer
198,HUBS,giant_tech
198,IBM,finance
198,INTC,healthcare
198,INTU,consumer
198,JNJ,ai_chip
198,JPM,ai_chip
198,KLAC,benchmark
198,KMI,datacenter_hw
198,KO,datacenter_hw
198,LHX,giant_tech
198,LITE,finance
198,LLY,software
198,LMT,software
198,LOW,giant_tech
198,LRCX,software
198,MA,software
198,MCD,ai_chip
198,MCHP,industrial
198,MDB,datacenter_hw
198,MDT,ai_chip
198,META,finance
198,MMM,finance
198,MO,healthcare
198,MPWR,consumer
198,MRK,industrial
198,MRVL,finance
198,MS,ai_chip
198,MSFT,ai_chip
198,MU,software
198,NEE,utility
198,NEM,finance
198,NET,ai_chip
198,NFLX,datacenter_hw
198,NOW,ai_chip
198,NVDA,energy
198,NVO,industrial
198,NVTS,software
198,NXPI,utility
198,OKTA,software
198,ON,consumer
198,ORCL,giant_tech
198,OXY,industrial
198,PANW,giant_tech
198,PCTY,datacenter_hw
198,PG,utility
198,PGR,software
198,PH,healthcare
198,PLTR,software
198,PM,consumer
198,PNC,healthcare
198,PYPL,healthcare
198,QCOM,consumer
198,RBLX,finance
198,RKLB,utility
198,ROST,datacenter_hw
198,RTX,defensive_bonds
198,SCHW,software
198,SHOP,industrial
198,SMCI,finance
198,SNOW,energy
198,SO,healthcare
198,SOFI,datacenter_hw
198,SPCX,software
198,SPG,industrial
198,SPOT,datacenter_hw
198,SPY,industrial
198,T,finance
198,TEAM,software
198,TJX,energy
198,TLT,consumer
198,TMO,real_estate
198,TSLA,software
198,TSM,industrial
198,TXN,real_estate
198,UNH,giant_tech
198,UNP,finance
198,V,industrial
198,VLO,consumer
198,VRT,industrial
198,VTR,finance
198,WDAY,software
198,WDC,software
198,WELL,industrial
198,WFC,datacenter_hw
198,WMB,industrial
198,WMT,software
198,XLE,software
198,XLF,software
198,XLI,finance
198,XLK,healthcare
198,XLU,energy
198,XLV,commodity
198,XLY,energy
198,XOM,datacenter_hw
198,ZM,telecom
198,ZS,industrial
199,AAPL,software
199,ABBV,healthcare
199,ADBE,finance
199,ADI,industrial
199,AEP,industrial
199,AFRM,commodity
199,AMAT,industrial
199,AMD,ai_chip
199,AMZN,datacenter_hw
199,ANET,giant_tech
199,APH,software
199,APP,healthcare
199,ASML,giant_tech
199,ATI,software
199,AVGO,consumer
199,AXP,ai_chip
199,BA,software
199,BAC,healthcare
199,BLK,energy
199,BMY,healthcare
199,BWXT,software
199,C,software
199,CAT,ai_chip
199,CME,energy
199,CMG,ai_chip
199,COHR,ai_chip
199,COIN,giant_tech
199,COST,healthcare
199,CRM,finance
199,CRWD,commodity
199,CRWV,utility
199,CSCO,ai_chip
199,CVS,ai_chip
199,CVX,finance
199,D,energy
199,DDOG,energy
199,DE,software
199,DELL,software
199,DLR,giant_tech
199,DOCU,consumer
199,DUK,ai_chip
199,EME,datacenter_hw
199,EMR,software
199,EOG,datacenter_hw
199,EQIX,datacenter_hw
199,ESTC,utility
199,ETN,datacenter_hw
199,FDX,consumer
199,FTNT,giant_tech
199,GE,consumer
199,GILD,healthcare
199,GLD,ai_chip
199,GLW,industrial
199,GM,industrial
199,GOOG,software
199,GRMN,consumer
199,GS,finance
199,GTLB,industrial
199,HD,software
199,HLT,industrial
199,HON,datacenter_hw
199,HOOD,ai_chip
199,HPE,finance
199,HUBS,finance
199,IBM,datacenter_hw
199,INTC,ai_chip
199,INTU,finance
199,JNJ,healthcare
199,JPM,healthcare
199,KLAC,finance
199,KMI,industrial
199,KO,energy
199,LHX,utility
199,LITE,software
199,LLY,ai_chip
199,LMT,consumer
199,LOW,software
199,LRCX,software
199,MA,software
199,MCD,energy
199,MCHP,industrial
199,MDB,finance
199,MDT,ai_chip
199,META,industrial
199,MMM,software
199,MO,software
199,MPWR,finance
199,MRK,healthcare
199,MRVL,healthcare
199,MS,software
199,MSFT,software
199,MU,datacenter_hw
199,NEE,real_estate
199,NEM,finance
199,NET,finance
199,NFLX,datacenter_hw
199,NOW,giant_tech
199,NVDA,datacenter_hw
199,NVO,consumer
199,NVTS,consumer
199,NXPI,software
199,OKTA,consumer
199,ON,finance
199,ORCL,industrial
199,OXY,utility
199,PANW,software
199,PCTY,healthcare
199,PG,ai_chip
199,PGR,industrial
199,PH,industrial
199,PLTR,ai_chip
199,PM,telecom
199,PNC,datacenter_hw
199,PYPL,industrial
199,QCOM,industrial
199,RBLX,ai_chip
199,RKLB,consumer
199,ROST,utility
199,RTX,consumer
199,SCHW,finance
199,SHOP,finance
199,SMCI,energy
199,SNOW,giant_tech
199,SO,datacenter_hw
199,SOFI,giant_tech
199,SPCX,healthcare
199,SPG,finance
199,SPOT,energy
199,SPY,real_estate
199,T,software
199,TEAM,consumer
199,TJX,datacenter_hw
199,TLT,real_estate
199,TMO,consumer
199,TSLA,consumer
199,TSM,industrial
199,TXN,industrial
199,UNH,software
199,UNP,giant_tech
199,V,software
199,VLO,ai_chip
199,VRT,software
199,VTR,finance
199,WDAY,datacenter_hw
199,WDC,industrial
199,WELL,industrial
199,WFC,consumer
199,WMB,defensive_bonds
199,WMT,ai_chip
199,XLE,benchmark
199,XLF,finance
199,XLI,industrial
199,XLK,utility
199,XLU,software
199,XLV,consumer
199,XLY,ai_chip
199,XOM,finance
199,ZM,finance
199,ZS,industrial
