date,composite_net,global_only_net,pure_local_net,software__panel_gross,software__panel_cost,software__panel_net,software__mom_slow_gross,software__mom_slow_cost,software__mom_slow_net,software__mom_fast_gross,software__mom_fast_cost,software__mom_fast_net,industrial__panel_gross,industrial__panel_cost,industrial__panel_net,industrial__mom_slow_gross,industrial__mom_slow_cost,industrial__mom_slow_net,industrial__mom_fast_gross,industrial__mom_fast_cost,industrial__mom_fast_net,finance__panel_gross,finance__panel_cost,finance__panel_net,finance__mom_slow_gross,finance__mom_slow_cost,finance__mom_slow_net,finance__mom_fast_gross,finance__mom_fast_cost,finance__mom_fast_net,ai_chip__panel_gross,ai_chip__panel_cost,ai_chip__panel_net,ai_chip__mom_slow_gross,ai_chip__mom_slow_cost,ai_chip__mom_slow_net,ai_chip__mom_fast_gross,ai_chip__mom_fast_cost,ai_chip__mom_fast_net,consumer__panel_gross,consumer__panel_cost,consumer__panel_net,consumer__mom_slow_gross,consumer__mom_slow_cost,consumer__mom_slow_net,consumer__mom_fast_gross,consumer__mom_fast_cost,consumer__mom_fast_net,datacenter_hw__panel_gross,datacenter_hw__panel_cost,datacenter_hw__panel_net,datacenter_hw__mom_slow_gross,datacenter_hw__mom_slow_cost,datacenter_hw__mom_slow_net,datacenter_hw__mom_fast_gross,datacenter_hw__mom_fast_cost,datacenter_hw__mom_fast_net,globalarm_panel_net,globalarm_mom_slow_net,globalarm_mom_fast_net,wlocal_software_panel,wmix_software_panel,wlocal_software_mom_slow,wmix_software_mom_slow,wlocal_software_mom_fast,wmix_software_mom_fast,wlocal_industrial_panel,wmix_industrial_panel,wlocal_industrial_mom_slow,wmix_industrial_mom_slow,wlocal_industrial_mom_fast,wmix_industrial_mom_fast,wlocal_finance_panel,wmix_finance_panel,wlocal_finance_mom_slow,wmix_finance_mom_slow,wlocal_finance_mom_fast,wmix_finance_mom_fast,wlocal_ai_chip_panel,wmix_ai_chip_panel,wlocal_ai_chip_mom_slow,wmix_ai_chip_mom_slow,wlocal_ai_chip_mom_fast,wmix_ai_chip_mom_fast,wlocal_consumer_panel,wmix_consumer_panel,wlocal_consumer_mom_slow,wmix_consumer_mom_slow,wlocal_consumer_mom_fast,wmix_consumer_mom_fast,wlocal_datacenter_hw_panel,wmix_datacenter_hw_panel,wlocal_datacenter_hw_mom_slow,wmix_datacenter_hw_mom_slow,wlocal_datacenter_hw_mom_fast,wmix_datacenter_hw_mom_fast
2024-01-03,-0.023263547855853686,-0.019954600635008615,-0.023263547855853686,-0.018342793564845063,0.001,-0.019342793564845064,-0.012342469680475067,0.001,-0.013342469680475068,-0.012683706915400104,0.001,-0.013683706915400103,-0.022068043146127054,0.001,-0.023068043146127055,-0.012992619904818554,0.001,-0.013992619904818555,-0.018786704361451502,0.001,-0.019786704361451503,-0.06603461710555614,0.001,-0.06703461710555614,-0.015057165328246932,0.001,-0.01605716532824693,-0.03883158655601652,0.001,-0.03983158655601652,-0.03303698360907109,0.001,-0.03403698360907109,-0.014062999327208892,0.001,-0.015062999327208892,-0.01722260302912154,0.001,-0.018222603029121542,-0.011993597254621235,0.001,-0.012993597254621236,-0.011993597254621235,0.001,-0.012993597254621236,-0.01962555395879484,0.001,-0.02062555395879484,-0.035037953672879985,0.001,-0.036037953672879985,-0.009192176975765853,0.001,-0.010192176975765854,-0.00944638518724028,0.001,-0.010446385187240281,-0.02841546304397402,-0.004781518374208,-0.018205958077878427,0.5,0.5,0.25,0.25,0.25,0.25,0.5,0.5,0.25,0.25,0.25,0.25,0.5,0.5,0.25,0.25,0.25,0.25,0.5,0.5,0.25,0.25,0.25,0.25,0.5,0.5,0.25,0.25,0.25,0.25,0.5,0.5,0.25,0.25,0.25,0.25
2024-01-04,0.0017314996651543817,0.001700851042353888,0.0017306685711942773,0.0058755673799260055,0.0,0.0058755673799260055,0.005751353332559864,0.0,0.005751353332559864,0.00020929173428700204,0.0,0.00020929173428700204,0.005100707527257146,0.0,0.005100707527257146,0.002940513011733851,0.0,0.002940513011733851,-0.00105264957136549,0.0,-0.00105264957136549,0.010973702245742418,0.0,0.010973702245742418,0.006505714654845136,0.0,0.006505714654845136,0.0005339968047138504,0.0,0.0005339968047138504,-0.003710253704448885,0.0,-0.003710253704448885,0.0025963862337570753,0.0,0.0025963862337570753,-0.007109111466874818,0.0,-0.007109111466874818,-0.004319648431309053,0.0,-0.004319648431309053,-0.004319648431309053,0.0,-0.004319648431309053,-0.004883762863621466,0.0,-0.004883762863621466,-0.000679119321656485,0.0,-0.000679119321656485,0.005051927911050136,0.001,0.004051927911050136,-0.0008049398213255676,0.0,-0.0008049398213255676,-0.0048259018639106675,0.012476285633481613,0.00396692776873405,0.49969394035124043,0.4998469701756202,0.2501619927848376,0.25025719204683644,0.2501440668639221,0.24989583777754337,0.49967558877673746,0.49983779438836873,0.25031439899230745,0.2503333951505714,0.25001001223095515,0.2498288104610599,0.49884130286387646,0.49942065143193826,0.251204872062031,0.25077863168543313,0.24995382507409256,0.24980071688262862,0.4990867926798489,0.4996986415843502,0.25053969473629684,0.2504142014398976,0.2503735125838542,0.2498871569757522,0.5002002585814647,0.5000660853318833,0.25010012929073233,0.25026914484286134,0.24969961212780306,0.24966476982525532,0.4986497728820661,0.49955442505108183,0.2506818045445547,0.2504610976766227,0.25066842257337923,0.24998447727229545
2024-01-05,0.0024862384770357056,0.004644660289957914,0.00248498470452302,0.006252998841273468,0.0,0.006252998841273468,0.0036679974662912063,0.0,0.0036679974662912063,0.003760370097827555,0.0,0.003760370097827555,-0.0018641970526233433,0.0,-0.0018641970526233433,0.0017681154047848313,0.0,0.0017681154047848313,0.005315672080607052,0.0006666666666666666,0.004649005413940385,-0.009693764060646851,0.0,-0.009693764060646851,-0.004061564004602002,0.0,-0.004061564004602002,0.002201932276256276,0.0006666666666666666,0.0015352656095896093,0.012013260309072571,0.0,0.012013260309072571,0.0116617442275887,0.0,0.0116617442275887,0.002269605255505125,0.0,0.002269605255505125,-0.005604021077592447,0.0,-0.005604021077592447,-0.005604021077592447,0.0,-0.005604021077592447,-0.008590005408751877,0.001,-0.009590005408751878,0.009708948485414481,0.0,0.009708948485414481,0.011332947798266546,0.001,0.010332947798266545,-0.004984173513276902,0.0,-0.004984173513276902,0.002580500750843188,0.009977021624550497,0.0034255296549147163,0.4998458931314883,0.49992294656574415,0.25023153760845634,0.25040364938833776,0.24992256926005546,0.24967340404591817,0.49989373371743673,0.49994686685871836,0.2503101028884677,0.25044293202834345,0.24979616339409558,0.24961020111293825,0.4992321878743813,0.49961609393719064,0.25116593874155235,0.25087084995488573,0.24960187338406642,0.24951305610792365,0.49901024933847216,0.4996733822816958,0.2508332525319998,0.25066073331826677,0.25015649812952806,0.24966588440003745,0.5002150542777339,0.5000709679116522,0.25010752713886697,0.25042124393853293,0.24967741858339906,0.2495077881498149,0.4985288507316464,0.4995145207414433,0.25087013512045564,0.2506729045724572,0.25060101414789804,0.24981257468609952
2024-02-02,0.018327110925754266,0.02896206654688262,0.018325531773444714,0.02231850583459679,0.0019999999999999996,0.02031850583459679,0.049672834624512475,0.0,0.049672834624512475,0.017446821446188622,0.0,0.017446821446188622,0.007898410678520448,0.0013333333333333333,0.006565077345187115,0.008551494651107088,0.0006666666666666666,0.007884827984440422,0.013637068811046463,0.0006666666666666666,0.012970402144379797,0.007225722780083821,0.0006666666666666666,0.006559056113417154,0.013876201953790948,0.0013333333333333333,0.012542868620457615,0.0034489627771638145,0.0013333333333333333,0.002115629443830481,0.025617261932707525,0.001,0.024617261932707524,0.01609059081296338,0.0,0.01609059081296338,0.02690959373317725,0.001,0.02590959373317725,-0.001165492192273132,0.002,-0.003165492192273132,0.011791878874952033,0.001,0.010791878874952032,0.0008504028438342526,0.001,-0.00014959715616574745,0.010104524926675795,0.001,0.009104524926675794,0.036143134128727494,0.001,0.03514313412872749,0.003650698733337898,0.0,0.003650698733337898,0.011060042658733803,0.08433700195892646,0.009166347506601205,0.4999791824033699,0.49998959120168496,0.25016242692141516,0.25045508177104303,0.24985839067521498,0.249555327027272,0.49962748029538157,0.49981374014769075,0.250367686762149,0.25055771169140995,0.25000483294246956,0.2496285481608993,0.4987899980541533,0.4993949990270766,0.2512404530717833,0.2509940948462271,0.24996954887406342,0.24961090612669623,0.49927479218961435,0.49976068142257274,0.25094770280887113,0.25081372546277697,0.24977750500151458,0.2494255931146503,0.5003195743954034,0.5001054595504831,0.2501597871977017,0.2505537133110911,0.2495206384068948,0.24934082713842576,0.4988976236372962,0.4996362158003077,0.2510886098121001,0.25086022477384257,0.2500137665506037,0.2495035594258497
2024-02-05,-0.012496035015355563,-0.024959889206046297,-0.012490561808388418,-0.03811776523103475,0.0006666666666666666,-0.03878443189770142,-8.302196476173119e-05,0.0,-8.302196476173119e-05,-0.016000719054058643,0.0,-0.016000719054058643,-0.015238424720096844,0.0013333333333333333,-0.016571758053430176,0.0004547943310660254,0.0,0.0004547943310660254,0.003344124762060992,0.0,0.003344124762060992,-0.049680705410175,0.0,-0.049680705410175,-0.026798172182616486,0.0,-0.026798172182616486,-0.003164589873292563,0.0006666666666666666,-0.0038312565399592296,0.038066560266749705,0.0,0.038066560266749705,0.025967493683752618,0.0,0.025967493683752618,0.032229615577132775,0.0,0.032229615577132775,-0.01776365037434874,0.0,-0.01776365037434874,-0.002251751360015375,0.001,-0.003251751360015375,-0.002251751360015375,0.001,-0.003251751360015375,0.00561640682855391,0.0,0.00561640682855391,0.0006567333611801063,0.0,0.0006567333611801063,-0.003713073144177792,0.0,-0.003713073144177792,-0.04933533512566705,-0.009168359013630443,0.008125342230855667,0.49928206791459256,0.4996410339572963,0.2513583383063158,0.25158896420148835,0.24935959377909153,0.24877000184121525,0.4994247584146454,0.4997123792073227,0.25033547133042483,0.2510775307135429,0.25023977025492966,0.2492100900791343,0.4987487192858957,0.49937435964294785,0.25153554217196367,0.2516775661343123,0.24971573854214052,0.24894807422273973,0.499465162784362,0.49982350371883943,0.25059427140785756,0.2514152349293558,0.2499405658077804,0.24876126135180465,0.49987349384395646,0.4999582529685056,0.25067039816344305,0.251440356758699,0.24945610799260046,0.24860139027279526,0.49835413728337813,0.4994568653035148,0.2521903207661048,0.2519419312175774,0.24945554195051714,0.2486012034789078
2024-02-06,0.022584018246061988,0.03383190664087644,0.022558081052347915,0.0950201475933623,0.0006666666666666666,0.09435348092669564,0.013910867188738683,0.0,0.013910867188738683,0.0002923452514541256,0.0,0.0002923452514541256,0.010998065200314322,0.0,0.010998065200314322,0.002553306899232906,0.0,0.002553306899232906,0.0036437955156973048,0.0,0.0036437955156973048,0.01583302112190395,0.0,0.01583302112190395,0.023304250127892757,0.0,0.023304250127892757,0.004563693253162378,0.0006666666666666666,0.0038970265864957114,-0.01777534638458933,0.001,-0.01877534638458933,-0.0068871524406028395,0.0,-0.0068871524406028395,-0.0077547278777864714,0.0,-0.0077547278777864714,0.0034276983091220403,0.0,0.0034276983091220403,0.002192482802359619,0.0,0.002192482802359619,0.002192482802359619,0.0,0.002192482802359619,0.08663594909509581,0.0,0.08663594909509581,-0.006225660875058769,0.001,-0.0072256608750587694,-0.0001982782580561282,0.0,-0.0001982782580561282,0.07171822019539453,-0.003773818021664063,-0.004338078130603457,0.49766608281290875,0.49883304140645435,0.2525893362413387,0.2519774926140594,0.2497445809457526,0.2491894659794862,0.4984550271491817,0.49922751357459083,0.2507443503810269,0.25105499968390343,0.25080062246979135,0.2497174867415056,0.49694600197184097,0.4984730009859205,0.25183361315769837,0.2515996310722392,0.2512203848704607,0.24992736794184028,0.49993614351819027,0.4999789273610028,0.2501940719568656,0.2509790285669083,0.24986978452494404,0.2490420440720888,0.49911162007784127,0.49970683462568766,0.25105225994831476,0.2512622306040865,0.249836119973844,0.2490309347702258,0.4987285727018334,0.49958042899160504,0.25211707781004883,0.25161362049845876,0.2491543494881177,0.24880595050993615
2024-02-07,0.021208269760356776,0.029905901929220827,0.021213106567701468,0.008617971773718147,0.0006666666666666666,0.007951305107051481,0.04721266673047671,0.0006666666666666666,0.04654600006381004,0.03693889000234033,0.0,0.03693889000234033,0.008081408769465392,0.0,0.008081408769465392,0.008130623413800478,0.0,0.008130623413800478,0.007944438407642657,0.0,0.007944438407642657,0.00941823404680131,0.0006666666666666666,0.008751567380134644,0.01602934142142002,0.0,0.01602934142142002,0.004138278337973384,0.0,0.004138278337973384,0.02318554589981925,0.001,0.022185545899819248,0.014216936763647436,0.0,0.014216936763647436,0.019959966029058918,0.0,0.019959966029058918,0.01725540347258392,0.0,0.01725540347258392,0.04235069042127504,0.001,0.04135069042127504,0.009946438904827049,0.0,0.009946438904827049,0.04723544819935821,0.001,0.04623544819935821,0.015175493791049766,0.0,0.015175493791049766,-0.0034630639905247063,0.0,-0.0034630639905247063,0.03316679752632368,0.028533807728370258,0.024660362996475005,0.4999159514812024,0.5013768884665881,0.2518155630058603,0.2508846378182916,0.24826848551293718,0.2477384737151202,0.49886974379143495,0.5008537846217044,0.2505083252917518,0.25023101896123745,0.2506219309168133,0.24891519641705823,0.49706205783163765,0.49994994164180573,0.25228794477370337,0.2511208287022132,0.25064999739465893,0.24892922965598108,0.4993347717775599,0.5016818177394172,0.2505177569634233,0.2501398472605141,0.25014747125901665,0.24817833500006864,0.49917646870180693,0.5016295777244187,0.2510197569112037,0.25030550724328166,0.24980377438698947,0.24806491503229966,0.5015494656377151,0.5024126667132685,0.25051440351873583,0.25013874062376723,0.24793613084354904,0.24744859266296432
2024-02-08,0.009660017367133684,0.0180089820776694,0.009663525410437095,-0.0069805701236134166,0.0006666666666666666,-0.0076472367902800835,0.004973573733315269,0.0006666666666666666,0.004306907066648602,0.01445233428023281,0.0006666666666666666,0.013785667613566144,-0.012125455213591355,0.0006666666666666666,-0.012792121880258021,0.001326729457576725,0.0,0.001326729457576725,0.0003374974528311443,0.0,0.0003374974528311443,0.04844264100814229,0.0006666666666666666,0.04777597434147562,0.06186712035871829,0.0,0.06186712035871829,-0.005109124455417261,0.0,-0.005109124455417261,0.002389479446120446,0.0,0.002389479446120446,-0.006539352818492716,0.0,-0.006539352818492716,0.004581546215846111,0.0,0.004581546215846111,-0.00383595069433712,0.0,-0.00383595069433712,0.005235412862324096,0.001,0.004235412862324096,-0.0007323643159019566,0.0,-0.0007323643159019566,0.007009260117797955,0.0,0.007009260117797955,0.018188044958963534,0.0,0.018188044958963534,-0.0008718902955773267,0.0,-0.0008718902955773267,0.03170509901514925,0.003216864852224721,0.005068948601671213,0.49814000927445146,0.5006610749987341,0.2529629425922729,0.25142228723231363,0.24889704813327562,0.24791663776895226,0.49887204842745175,0.5010270945752342,0.2505120716165562,0.2501968517444553,0.25061587995599205,0.24877605368031047,0.4969909061905403,0.5000865234567785,0.25263765061090093,0.25125964124162764,0.25037144319855875,0.24865383530159382,0.4996024349725757,0.5020008378253712,0.25023295203161083,0.24999756752490898,0.2501646129958135,0.24800159464971983,0.498732469061554,0.5017137490747341,0.25206873266553476,0.25060337513410386,0.24919879827291133,0.2476828757911621,0.5036663051513359,0.5033419149843621,0.24993616504890984,0.24989962782061764,0.2463975297997542,0.24675845719502026
2024-02-09,0.022603397413360378,0.015686712479017675,0.02255751555228866,0.09020085185576066,0.0006666666666666666,0.08953418518909399,0.015670348530976225,0.0,0.015670348530976225,0.019519773429125104,0.0006666666666666666,0.018853106762458438,0.0022476001007470194,0.0,0.0022476001007470194,0.011714060733437837,0.0,0.011714060733437837,-0.0031296138196662176,0.0,-0.0031296138196662176,0.030604481934065765,0.0,0.030604481934065765,0.02492555936375407,0.0006666666666666666,0.024258892697087402,0.0026530219657250696,0.0006666666666666666,0.001986355299058403,0.012645733088082145,0.0,0.012645733088082145,0.02742121893518834,0.0,0.02742121893518834,0.02740727037572399,0.0,0.02740727037572399,0.003078171292704379,0.0,0.003078171292704379,0.0030300926329886457,0.0,0.0030300926329886457,-0.006667088718615932,0.0,-0.006667088718615932,0.05504279680195612,0.001,0.05404279680195612,0.045292876515840685,0.0,0.045292876515840685,0.02766762152632546,0.001,0.026667621526325458,0.015457692650482874,0.020586896912095476,0.011199299457208656,0.4972655099604376,0.5009474299782728,0.25315357093759067,0.2511295714130768,0.24958091910197167,0.24792299860865036,0.49815678653909523,0.5013930682676015,0.2508956915438847,0.2500006317162238,0.25094752191702013,0.24860630001617462,0.4983100268267294,0.5014696884114187,0.25342653927168945,0.25126605558012616,0.24826343390158115,0.2472642560084551,0.4997791444264979,0.5030287821581366,0.249852532784143,0.24935206898410434,0.25036832278935905,0.24761914885775896,0.4984383483691669,0.5025863194592174,0.25234744173653656,0.2501753889383942,0.24921420989429657,0.24723829160238836,0.5035756793054955,0.5042816386682059,0.25047851334142623,0.2495586425680078,0.24594580735307817,0.24615971876378628
2024-02-12,-0.0028060003453763724,-0.016932049085380284,-0.002822606983162516,-0.005596877765108865,0.0006666666666666666,-0.006263544431775532,-0.023284195060024954,0.0,-0.023284195060024954,-0.020039434321820055,0.0,-0.020039434321820055,0.00492257173573781,0.0,0.00492257173573781,-0.0034589078659551515,0.0,-0.0034589078659551515,0.004359369382121373,0.0,0.004359369382121373,0.026633130301460195,0.0,0.026633130301460195,0.012334810980527428,0.0,0.012334810980527428,0.0018100375903516615,0.0,0.0018100375903516615,-0.008836138520103842,0.0,-0.008836138520103842,0.009109261655730228,0.0,0.009109261655730228,0.007750786370034013,0.0,0.007750786370034013,0.02643317326398542,0.0,0.02643317326398542,-0.0011011854717298264,0.0,-0.0011011854717298264,0.0029845229664401396,0.0,0.0029845229664401396,0.0007912314320251412,0.001,-0.00020876856797485879,0.004782082917270447,0.0,0.004782082917270447,0.006584627284863531,0.001,0.005584627284863531,-0.019725409243059207,-0.010450956362494232,-0.017771752278648318,0.4989848231556823,0.5017948909894784,0.25220409224083923,0.25078303752199516,0.2488110846034785,0.24742207148852646,0.49804918195633,0.5013270703898023,0.2513406547363178,0.2503513187697345,0.2506101633073523,0.2483216108404634,0.4992211180814211,0.5019130384523478,0.25355179311192266,0.2514568879575369,0.24722708880665623,0.24663007359011535,0.4990037992503222,0.5027565761642002,0.2502401725123211,0.24965178540717722,0.25075602823735677,0.24759163842862258,0.4986937016485076,0.5026542439556014,0.2524741718854436,0.25038900520030766,0.24883212646604883,0.24695675084409097,0.5043067285293071,0.5045065428262653,0.2505943032619533,0.24976864855455586,0.24509896820873955,0.24572480861917892
2024-02-13,-0.016332482730051282,-0.014995990498223933,-0.01631685195825822,-0.02068115805773274,0.0,-0.02068115805773274,-0.00436246321845013,0.0,-0.00436246321845013,-0.01404810163312653,0.0006666666666666666,-0.014714768299793197,-0.007683260891926761,0.0,-0.007683260891926761,-0.005910094196121539,0.0006666666666666666,-0.006576760862788206,-0.018713867305290604,0.0,-0.018713867305290604,-0.0637981241955647,0.0006666666666666666,-0.06446479086223136,-0.017663041717608907,0.0,-0.017663041717608907,-0.007295555871789575,0.0,-0.007295555871789575,-0.006352850873012572,0.0,-0.006352850873012572,-0.010710107482431175,0.0,-0.010710107482431175,-0.010824001593709998,0.0,-0.010824001593709998,-0.02198353546432852,0.0,-0.02198353546432852,-0.0073903130816088125,0.001,-0.008390313081608813,-0.014585096308499301,0.0,-0.014585096308499301,-0.028014591362321095,0.0,-0.028014591362321095,0.021819538277658923,0.0,0.021819538277658923,-0.005318172333000748,0.001,-0.006318172333000748,-0.015828414880629804,-0.005987003792369382,-0.022434348474764363,0.4997937932795803,0.502051336280907,0.2517116615168479,0.2507065920325392,0.2484945452035719,0.24724207168655377,0.49828419112726396,0.5012965352047489,0.2510170453343394,0.2503592839412849,0.2506987635383966,0.24834418085396612,0.5002444125837943,0.502276645933014,0.25330977612995076,0.25150564933909064,0.24644581128625498,0.2462177047278953,0.49809736775700275,0.5022590804789075,0.25072871723983065,0.25004049679645857,0.2511739150031666,0.24770042272463386,0.5000327588414991,0.5028977595367914,0.2516925416031016,0.25035855883633795,0.24827469955539933,0.24674368162687066,0.5040238943363741,0.5042148342501,0.2507163934313014,0.2500364299396439,0.2452597122323246,0.245748735810256
2024-02-14,0.02374160059324449,0.017629750661661676,0.023741416329098305,0.03553210995804538,0.0006666666666666666,0.03486544329137871,0.021223903821018537,0.0006666666666666666,0.02055723715435187,0.0290182867247201,0.0006666666666666666,0.028351620058053435,-0.003303266254569337,0.0,-0.003303266254569337,0.021870136888841426,0.0,0.021870136888841426,0.0130328178369478,0.0,0.0130328178369478,0.06578906990768929,0.0006666666666666666,0.06512240324102263,0.052963769204407374,0.0,0.052963769204407374,0.00872353281676356,0.0006666666666666666,0.008056866150096894,0.0250922026718019,0.0,0.0250922026718019,0.02421607078122634,0.0,0.02421607078122634,0.024686772000630186,0.001,0.023686772000630185,0.004110028686728717,0.0,0.004110028686728717,0.009600702614846912,0.0,0.009600702614846912,0.01236310855674505,0.0,0.01236310855674505,0.03289987928331273,0.001,0.031899879283312726,0.07577161827497247,0.0,0.07577161827497247,0.018572990229592246,0.001,0.017572990229592245,0.013992760115497476,0.026026104987248107,0.016543836363763186,0.4992069150060985,0.5017136318054569,0.25227915370916665,0.25122667084605554,0.2485139312847348,0.24705969734848743,0.4985442911723088,0.5013823198885621,0.251206438868925,0.25069031342593473,0.25024926995876623,0.24792736668550314,0.4982781723305493,0.5012492604676824,0.2540333629190627,0.2521037754510036,0.24768846475038797,0.24664696408131404,0.49832911311989975,0.5022762408947933,0.2506159470488508,0.2503199684746935,0.25105493983124955,0.2474037906305132,0.49948056338530716,0.5026562194823777,0.2521333004117838,0.2508206950844614,0.24838613620290909,0.24652308543316084,0.5021370741786935,0.5035328680441952,0.25240552570768365,0.25091052943210834,0.24545740011362288,0.24555660252369638
2024-02-15,0.005590461052223016,0.004855186373499909,0.005606732348654637,0.005464911613536201,0.0006666666666666666,0.004798244946869534,-0.0026413456368791586,0.0,-0.0026413456368791586,-0.006379625490889403,0.0,-0.006379625490889403,0.00710992620613741,0.0,0.00710992620613741,0.006972258128579378,0.0,0.006972258128579378,0.014177367781165628,0.0,0.014177367781165628,0.023810975193463275,0.0,0.023810975193463275,0.022373423735394304,0.0,0.022373423735394304,0.014182909003088273,0.0,0.014182909003088273,-0.004299120936894607,0.0,-0.004299120936894607,-0.009987339128464279,0.0,-0.009987339128464279,0.009546636569428446,0.0,0.009546636569428446,0.005232688487475157,0.001,0.004232688487475157,0.0011952710851201864,0.0,0.0011952710851201864,0.010590886164262847,0.0,0.010590886164262847,-0.01612791029919919,0.0,-0.01612791029919919,0.05370605182810251,0.0,0.05370605182810251,-0.012718929768446463,0.0,-0.012718929768446463,0.008388653540993905,-0.004056459693979977,0.0067004869035411545,0.4997549472197736,0.5017950310644783,0.2517983849365472,0.251206970905574,0.2484466678436791,0.24699799802994754,0.49745413459405524,0.5006446247516192,0.25198571706641465,0.25130063697050775,0.2505601483395302,0.2480547382778731,0.4993628255744824,0.5015989702418328,0.25458634341561676,0.25260095014510875,0.24605083100990077,0.2458000796130584,0.49838901526397184,0.5020379020262634,0.25059996103516313,0.25061041024758635,0.2510110237008649,0.24735168772615013,0.499120322926556,0.5022792335549162,0.25224213230382403,0.25115232676624444,0.2486375447696199,0.2465684396788393,0.5020247006233512,0.5032376781948587,0.25331005007701685,0.2515047396313981,0.24466524929963201,0.24525758217374327
2024-02-16,-0.005177190245418643,0.007283152764421159,-0.005187920689720732,-0.00879986994176244,0.0006666666666666666,-0.009466536608429107,-0.007558166671309966,0.0006666666666666666,-0.008224833337976632,-0.0060777863224399375,0.0006666666666666666,-0.0067444529891066045,-8.132675929099298e-05,0.0006666666666666666,-0.0007479934259576596,0.004845086421679061,0.0,0.004845086421679061,-0.0036631785759477786,0.0,-0.0036631785759477786,-0.004617312706210424,0.0006666666666666666,-0.005283979372877091,0.025028553747564374,0.0,0.025028553747564374,-0.003354328965952705,0.0006666666666666666,-0.004020995632619372,-0.01591760801320924,0.0,-0.01591760801320924,-0.006439066281328343,0.0,-0.006439066281328343,-0.011030169984968696,0.0,-0.011030169984968696,4.596669248252416e-05,0.001,-0.0009540333075174759,-0.004096456719002994,0.0,-0.004096456719002994,0.003235137455561532,0.0,0.003235137455561532,-0.0006322968683021846,0.0,-0.0006322968683021846,-0.09890585996941392,0.0,-0.09890585996941392,-0.10646806433828276,0.001,-0.10746806433828276,0.018987648298892695,-0.0075590872716639135,-0.0016271699284248578,0.5002429787900774,0.5022258959311092,0.2516508117020783,0.25089882236947153,0.24810620950784434,0.24687528169941927,0.49727269805960306,0.500740755565872,0.25188652805186035,0.25101668054436255,0.2508407738885367,0.24824256388976546,0.4996495397108165,0.5019291763914787,0.2546556281737152,0.25240123060528996,0.24569483211546822,0.2456695930032312,0.4981739363379604,0.5022173037498614,0.2501927747515512,0.25016199380271126,0.2516332889104884,0.2476207024474273,0.49903480599526784,0.5025013907367728,0.2520380986081599,0.2507709506753921,0.24892709539657232,0.24672765858783496,0.500165368455318,0.5028744763485894,0.2559009746062403,0.25204569975475866,0.24393365693844174,0.2450798238966519
2024-02-20,-0.016927945726151198,-0.026894639139323776,-0.01691865708510018,-0.02182388419053597,0.0006666666666666666,-0.022490550857202637,-0.01118836098182907,0.0006666666666666666,-0.011855027648495737,-0.020764110859290787,0.0,-0.020764110859290787,0.002042869854144628,0.0,0.002042869854144628,-0.0029623437943348723,0.0006666666666666666,-0.003629010461001539,-0.012379493692107927,0.0,-0.012379493692107927,-0.008289208278497773,0.0,-0.008289208278497773,-0.015736352578916146,0.0,-0.015736352578916146,0.0002683234764743192,0.0006666666666666666,-0.00039834319019234744,-0.0339491606997826,0.001,-0.0349491606997826,-0.0101594919241903,0.0,-0.0101594919241903,-0.012816309389968361,0.0,-0.012816309389968361,0.003949351975240489,0.0,0.003949351975240489,-0.002333840483259797,0.0,-0.002333840483259797,-4.07292728631381e-05,0.0,-4.07292728631381e-05,-0.029035209025018383,0.0,-0.029035209025018383,-0.017346328673713163,0.0,-0.017346328673713163,-0.034417937514579444,0.0,-0.034417937514579444,-0.04505128024238262,-0.01019098611065727,-0.006453330263691436,0.5001392020000142,0.5027936276250471,0.251664220869829,0.25051590124132767,0.24819657713015686,0.24669047113362513,0.49720184113717614,0.5013249471936281,0.2521466206098019,0.2507571011113141,0.250651538253022,0.2479179516950577,0.49880586550636685,0.5021269593782235,0.25584910255219623,0.25260834208251126,0.24534503194143698,0.2452646985392652,0.4977971524028896,0.5029232559705072,0.250501672523274,0.24974183161327407,0.25170117507383644,0.24733491241621863,0.4990084500485744,0.5033229841935832,0.2518585289665343,0.25018959423955,0.24913302098489132,0.24648742156686673,0.5027571449293892,0.5045600535042521,0.25457405949508305,0.25108571931397106,0.24266879557552778,0.24435422718177677
2024-02-21,-0.02611272625111769,-0.037146519077418075,-0.02614780387816454,-0.02206087369080245,0.0006666666666666666,-0.022727540357469118,-0.12925518316679277,0.0,-0.12925518316679277,-0.12925518316679277,0.0006666666666666666,-0.12992184983345945,0.0022289197530010276,0.0,0.0022289197530010276,0.005227804920036494,0.0,0.005227804920036494,0.006217937854248548,0.0006666666666666666,0.0055512711875818814,-0.029644877573234828,0.0006666666666666666,-0.030311544239901494,0.009506839797245165,0.0006666666666666666,0.0088401731305785,0.003888656238442663,0.0006666666666666666,0.0032219895717759965,-0.0005347806383803055,0.001,-0.0015347806383803056,-0.026046916709624668,0.0,-0.026046916709624668,0.00020434956827375395,0.001,-0.0007956504317262461,0.011339730009900295,0.0,0.011339730009900295,0.0031073541771788338,0.001,0.0021073541771788338,-0.0005588607955954727,0.001,-0.0015588607955954728,-0.007479335088237449,0.0,-0.007479335088237449,-0.06187662843227848,0.0,-0.06187662843227848,-0.028001789602981997,0.0,-0.028001789602981997,-0.019829535804957204,-0.05208740066764612,-0.057373450149391624,0.49981296873788195,0.5016668555814194,0.252062407145234,0.2511521896977932,0.24812462411688405,0.24718095472078747,0.49772851291112546,0.5006246276680412,0.25211324265855883,0.2511776074544556,0.2501582444303158,0.24819776487750334,0.49880233198382,0.5011615372043884,0.2554474831825054,0.25284472771642885,0.24575018483367458,0.24599373507918273,0.4965656328586032,0.5012255562680601,0.251186181702569,0.25055356136958384,0.2522481854388277,0.248220882362356,0.4992784429079563,0.5021207835843466,0.251662518795517,0.25071075261025666,0.24905903829652687,0.24716846380539675,0.5025804827092599,0.5032104567187768,0.2551100472660841,0.2518484370055438,0.242309470024656,0.24494110627567936
2024-02-22,0.06214881812348112,0.11565694143543306,0.0621351641704234,0.037620368736755186,0.0006666666666666666,0.036953702070088516,0.03807271943374342,0.0,0.03807271943374342,0.03807271943374342,0.0,0.03807271943374342,0.0028189843840701334,0.0006666666666666666,0.002152317717403467,0.020841394464203335,0.0,0.020841394464203335,0.018683127375219117,0.0,0.018683127375219117,0.022099530950292563,0.0006666666666666666,0.021432864283625896,0.021501370474621563,0.0,0.021501370474621563,0.017852002598411756,0.0,0.017852002598411756,0.08666856155822589,0.0,0.08666856155822589,0.11355355796487221,0.001,0.11255355796487221,0.023892155302493334,0.0,0.023892155302493334,0.004770291472869115,0.001,0.003770291472869115,0.016812707181327213,0.0,0.016812707181327213,0.005970537404997367,0.001,0.004970537404997367,0.04825832436533317,0.0,0.04825832436533317,0.20151705973253542,0.0,0.20151705973253542,0.19065303133890277,0.0,0.19065303133890277,0.07061640666337987,0.18901430707363304,0.13379349763807996,0.5012447702887645,0.5031746714597594,0.25134087035416797,0.25039226988922403,0.24741435935706763,0.24643305865101672,0.4975626170358256,0.5013335948332899,0.25218798120264135,0.2508158253134607,0.25024940176153304,0.24785057985324943,0.4968914849894709,0.5009980288101126,0.2565697293804156,0.2530066994023479,0.24653878563011353,0.24599527178753966,0.4971873729125129,0.5024918967237345,0.25020940130234137,0.2496963609440403,0.25260322578514577,0.2478117423322252,0.49985886137588037,0.5033734879166458,0.2514670631399254,0.250111389350443,0.24867407548419423,0.24651512273291118,0.5042494788531342,0.5048223916841396,0.25368187514095447,0.2508422773107826,0.24206864600591138,0.24433533100507782
2024-02-23,-0.010938296830172334,-0.03366832392017704,-0.010922604195524575,0.018781303625774237,0.0013333333333333333,0.017447970292440905,0.019145185141730654,0.0,0.019145185141730654,0.012105148289696555,0.0006666666666666666,0.011438481623029888,0.0018897371430977026,0.0,0.0018897371430977026,0.012976779188850835,0.0006666666666666666,0.012310112522184169,0.01713729830742553,0.0,0.01713729830742553,-0.012332005589166176,0.0006666666666666666,-0.012998672255832842,-0.008116286662690634,0.0006666666666666666,-0.0087829533293573,0.003865192564303473,0.0,0.003865192564303473,-0.01795010896701904,0.001,-0.01895010896701904,0.0018925639532539895,0.001,0.0008925639532539895,-0.009253459774649808,0.001,-0.010253459774649809,0.008672533722491327,0.001,0.007672533722491327,0.0075650601230776715,0.0,0.0075650601230776715,0.0075650601230776715,0.001,0.0065650601230776715,-0.023687462144647564,0.0,-0.023687462144647564,-0.06079416458381659,0.0,-0.06079416458381659,-0.07251672452369945,0.0,-0.07251672452369945,-0.028277881814170753,-0.04197369469016443,-0.03632063654120247,0.50118602222437,0.5031452974275621,0.2513704756369939,0.250407072530637,0.24744350213863614,0.24644763004180098,0.4966379013719334,0.5008712370013437,0.25270915754034834,0.25107641348231424,0.25065294108771813,0.24805234951634197,0.4969817526137559,0.501043162622255,0.2566200308201215,0.2530318501222008,0.24639821656612265,0.24592498725554424,0.49787501038969545,0.5027188170912048,0.2505554546634133,0.24981055855319403,0.2515695349468914,0.24747062435560124,0.4994830624818612,0.5032494742816195,0.2519671782109902,0.25027642732389443,0.2485497593071486,0.2464740983944861,0.5041580473459989,0.5047922192867849,0.25372866181124054,0.250857716911977,0.2421132908427606,0.24435006380123808
2024-02-26,0.019916894138203047,0.01509572008862331,0.01991727646780518,0.03748694808379908,0.0,0.03748694808379908,0.038414656160126404,0.0,0.038414656160126404,0.03321272130937628,0.0006666666666666666,0.03254605464270961,-0.0005546437693870385,0.0013333333333333333,-0.0018879771027203718,0.0026161197433684684,0.0006666666666666666,0.0019494530767018019,0.011051284557005214,0.0006666666666666666,0.010384617890338548,0.0745823594099065,0.0,0.0745823594099065,0.05565641931134864,0.0,0.05565641931134864,0.002841771492479698,0.0,0.002841771492479698,0.003476815343967987,0.0,0.003476815343967987,0.0017445571462616494,0.0,0.0017445571462616494,0.014525510138329034,0.0,0.014525510138329034,0.003957558609019529,0.001,0.002957558609019529,0.0012874687370421634,0.0,0.0012874687370421634,0.0012874687370421634,0.0,0.0012874687370421634,0.026324372486015102,0.001,0.0253243724860151,0.03828194740264035,0.0,0.03828194740264035,0.007030614119476641,0.0,0.007030614119476641,0.009629239561746624,0.025846061958121926,0.015451751753371951,0.5012975442389838,0.5034869203364706,0.2515160377877744,0.2502624201128942,0.24718641797324173,0.24625065955063524,0.4959646404923975,0.5008204684631774,0.25291942868466577,0.25096411556133985,0.25111593082293676,0.24821541597548274,0.4964349637544666,0.501055630094212,0.2565647290307222,0.2527867657343681,0.2470003072148112,0.24615760417141996,0.4971262917178155,0.5028547948776305,0.2512233220325926,0.2497395939042249,0.2516503862495919,0.24740561121814458,0.4995147742067187,0.5036429940989686,0.25197748831873734,0.24998846877865266,0.24850773747454388,0.24636853712237872,0.5055393247982458,0.5056310957941725,0.25302184449238974,0.25033310631595795,0.24143883070936445,0.2440357978898695
2024-02-27,0.004030101185161359,0.0011976841125360745,0.004004080868507642,0.018710005754082767,0.0006666666666666666,0.0180433390874161,0.004101206231463223,0.0006666666666666666,0.0034345395647965567,-0.015582394405495432,0.0006666666666666666,-0.016249061072162098,0.0035591045800752084,0.0006666666666666666,0.002892437913408542,-0.0008011762363788009,0.0006666666666666666,-0.0014678429030454674,0.003765847196925927,0.0,0.003765847196925927,0.0502874325773784,0.0,0.0502874325773784,0.008088970678954902,0.0,0.008088970678954902,0.002650066148148407,0.0,0.002650066148148407,0.0007261928954603314,0.0,0.0007261928954603314,-0.005495829584798384,0.0,-0.005495829584798384,0.0015719811225346492,0.001,0.0005719811225346491,0.00037384427760134287,0.001,-0.0006261557223986572,0.0009992082074368747,0.0,0.0009992082074368747,0.0009992082074368747,0.0,0.0009992082074368747,-0.004996850528019292,0.0,-0.004996850528019292,-0.014696732873662577,0.0,-0.014696732873662577,-0.019090342306822883,0.0,-0.019090342306822883,0.009239019502268464,-0.00679030910372173,-0.007231957105555427,0.5014015047040864,0.503248574127332,0.25161721283890126,0.250594281887859,0.2469812824570123,0.2461571439848089,0.4955424770316987,0.5003190602911382,0.2529078708276314,0.2512396108822241,0.25154965214067,0.24844132882663772,0.4976462487050226,0.5013709461278002,0.25719073851395446,0.2533810447253856,0.24516301278102287,0.24524800914681416,0.49688123401968065,0.5023848884053816,0.25100815494712486,0.25004549626021844,0.2521106110331944,0.2475696153343998,0.49960245385644525,0.5032828909515139,0.25193334456228633,0.2503508088332217,0.24846420158126842,0.24636630021526423,0.5056588224042394,0.505281492572286,0.25377124884664887,0.25095731724706133,0.2405699287491117,0.24376119018065254
2024-02-28,-0.003466234526294757,-0.017537658628503643,-0.003438978588243749,-0.005322159845172184,0.0006666666666666666,-0.005988826511838851,-0.0019912106106189467,0.0006666666666666666,-0.002657877277285613,-0.0011703066549565062,0.0,-0.0011703066549565062,0.01687622915104477,0.0006666666666666666,0.016209562484378104,0.08049688262264516,0.0006666666666666666,0.0798302159559785,0.03908355490056895,0.0,0.03908355490056895,-0.023188184881610265,0.0,-0.023188184881610265,-0.009727746020051442,0.0006666666666666666,-0.010394412686718108,0.0030097969205994017,0.0006666666666666666,0.002343130253932735,-0.00672799012094405,0.0,-0.00672799012094405,-0.015253540972126334,0.0,-0.015253540972126334,-0.006204844438154333,0.001,-0.007204844438154333,0.011019577517690005,0.001,0.010019577517690004,0.003090771911551937,0.0,0.003090771911551937,0.007781867728254954,0.001,0.006781867728254954,-0.0017134972314453711,0.0,-0.0017134972314453711,-0.021591395445461126,0.0,-0.021591395445461126,-0.021233849261303783,0.001,-0.022233849261303784,-0.017425672995842113,-0.016467971911618935,-0.018857282789324376,0.5026798011275377,0.504314186940702,0.251485992079855,0.25031934033707964,0.24583420679260723,0.24536647272221834,0.4956343324074761,0.5007914525806711,0.2527232363819262,0.25093796248811523,0.25164243121059776,0.2482705849312136,0.4999858725228307,0.5029672226383485,0.25613560956628206,0.2526441490802932,0.24387851791088722,0.24438862828135832,0.4970482042524986,0.503011451148415,0.25076463342635524,0.2496846303888811,0.25218716232114613,0.24730391846270394,0.49951712231648043,0.503826194109529,0.2519763061243996,0.25008448237923575,0.24850657155911993,0.2460893235112353,0.5062802032932034,0.5060580108318475,0.2535660624536852,0.2506091019679,0.24015373425311126,0.24333288720025242
2024-02-29,0.020413475062332515,0.033691283196002446,0.02038096855616248,0.025727161294952526,0.0013333333333333333,0.024393827961619194,0.002496788747468467,0.0,0.002496788747468467,0.00826647889583772,0.0,0.00826647889583772,0.005930284435518796,0.0013333333333333333,0.0045969511021854625,0.011374820186237661,0.0,0.011374820186237661,0.01599893545283263,0.0,0.01599893545283263,0.009274114520775903,0.0,0.009274114520775903,0.001270094726043521,0.0,0.001270094726043521,0.004997097522879948,0.0,0.004997097522879948,0.055614231680741755,0.001,0.054614231680741754,0.021950773535203805,0.0,0.021950773535203805,0.011287484867877673,0.001,0.010287484867877672,-0.002538644405999435,0.001,-0.003538644405999435,-0.0018382110925900252,0.0,-0.0018382110925900252,-0.0018382110925900252,0.001,-0.0028382110925900253,0.02452172646295625,0.0,0.02452172646295625,0.04185757557492775,0.0,0.04185757557492775,0.0433837754486357,0.001,0.0423837754486357,0.04870002068971694,0.03211287651156244,0.004281287066388047,0.502466323939981,0.5042133936043263,0.2515550925366792,0.25038187584517185,0.2459785835233399,0.24540473055050185,0.49414626935383027,0.500053366311251,0.2537587716586924,0.2514837154061785,0.2520949589874773,0.24846291828257056,0.49898781324179026,0.5024741382552309,0.2563120253418012,0.25276034224773286,0.24470016141640857,0.24476551949703618,0.49728382296682627,0.5030971719690627,0.25043473351169204,0.24961326369181364,0.2522814435214817,0.24728956433912372,0.49978464615906315,0.5039224436225008,0.2517446882683089,0.2500455487614972,0.2484706655726279,0.24603200761600197,0.5073400016203855,0.5064157109247373,0.2530383726674941,0.2504724646132283,0.23962162571212037,0.2431118244620345
2024-03-01,0.022803128603784733,0.040666597001259984,0.022792527020055145,0.01427595415654766,0.0006666666666666666,0.013609287489880995,-0.01757885443588647,0.0,-0.01757885443588647,-0.0033781458664217112,0.0,-0.0033781458664217112,-0.00014871022373230593,0.0,-0.00014871022373230593,0.017424009320384494,0.0,0.017424009320384494,0.007906716595648122,0.0006666666666666666,0.007240049928981455,0.00834334621777799,0.0,0.00834334621777799,0.008585394867985114,0.0,0.008585394867985114,-0.0014280336143521013,0.0,-0.0014280336143521013,0.0641952413770801,0.001,0.0631952413770801,0.028959020659660162,0.0,0.028959020659660162,0.03711777542558725,0.0,0.03711777542558725,0.00029305774466581447,0.001,-0.0007069422553341856,0.0051007753174894255,0.0,0.0051007753174894255,0.0051007753174894255,0.0,0.0051007753174894255,0.055353749916305484,0.0,0.055353749916305484,0.04453505712855921,0.0,0.04453505712855921,0.02597881697790727,0.001,0.02497881697790727,0.054041488930239336,0.0379667420818673,0.015531636830051654,0.5034660802884725,0.5055100570994846,0.2508992250071333,0.2500117513865374,0.24563469470439422,0.24447819151397798,0.493669488804372,0.5006117613574343,0.2538750273113835,0.2514996525386626,0.25245548388424455,0.24788858610390313,0.4993124378514279,0.5034332358809623,0.25604803454058356,0.2525861561532626,0.2446395276079885,0.24398060796577511,0.4990634802651636,0.5047521512075368,0.24985490548357658,0.24936538491276117,0.2510816142512598,0.24588246387970208,0.49972145023535336,0.5049692812976994,0.2518027565265156,0.250008175756931,0.24847579323813107,0.24502254294536963,0.5064166076232677,0.5071786832357111,0.25349901779656614,0.2505679419760477,0.24008437458016624,0.24225337478824122
2024-03-04,0.01428157125086035,0.013225103724799406,0.014312610860526962,-0.020329355056220168,0.0,-0.020329355056220168,-0.0030398803316896337,0.0,-0.0030398803316896337,0.008121791066097523,0.0006666666666666666,0.007455124399430856,0.004334433496269089,0.0006666666666666666,0.003667766829602422,0.013717922795787318,0.0,0.013717922795787318,0.010826620908988819,0.0006666666666666666,0.010159954242322152,0.019690240052089972,0.0,0.019690240052089972,0.02908521095472679,0.0006666666666666666,0.028418544288060125,0.0021897836381495157,0.0,0.0021897836381495157,0.004668678242471025,0.001,0.003668678242471025,0.03839990064137211,0.0,0.03839990064137211,0.02691911144696324,0.0,0.02691911144696324,0.014010997707231576,0.0,0.014010997707231576,0.00047025715811555013,0.0,0.00047025715811555013,0.00047025715811555013,0.0,0.00047025715811555013,0.03487725015606791,0.0,0.03487725015606791,0.10117877778344353,0.0,0.10117877778344353,0.10757311740567765,0.0,0.10757311740567765,-0.00048541018503840737,0.06472507446400085,-0.010944966045245898,0.5047342775894201,0.506750511208679,0.24988920021279923,0.24948923795682004,0.24537652219778056,0.24376025083450087,0.49301347400816936,0.5008901094180537,0.2544750155965037,0.2517821456486723,0.25251151039532693,0.24732774493327409,0.49955645509592755,0.5041615999619328,0.25618618855329645,0.25263773212706864,0.24425735635077608,0.24320066791099865,0.499953347078776,0.5058583235707145,0.24919687613387895,0.24912478384374342,0.25084977678734516,0.2450168925855421,0.49941654529878915,0.5056811789833189,0.2519562228375168,0.2500353682559439,0.24862723186369404,0.24428345276073724,0.507202243977981,0.5082504595474522,0.25360107767324314,0.2505781703517336,0.2391966783487759,0.24117137010081424
2024-03-05,-0.020528888711551497,-0.017987111094375743,-0.02050982253272869,-0.033224508050197124,0.0006666666666666666,-0.033891174716863794,-0.04194793519072848,0.0,-0.04194793519072848,-0.03640104056550667,0.0,-0.03640104056550667,-0.0009673009371358923,0.0,-0.0009673009371358923,-0.0028409472020926394,0.0,-0.0028409472020926394,-0.01064465154237293,0.0,-0.01064465154237293,-0.08350257524195977,0.0,-0.08350257524195977,-0.020065183155343554,0.0,-0.020065183155343554,0.0008177922146544261,0.0,0.0008177922146544261,-0.012457831569151256,0.001,-0.013457831569151257,-0.02257012459415142,0.0,-0.02257012459415142,-0.027237669304645218,0.0,-0.027237669304645218,-0.00014515552337973636,0.0,-0.00014515552337973636,-0.0011415540782914735,0.001,-0.0021415540782914735,0.003965450996097686,0.0,0.003965450996097686,-0.018748598863603916,0.0,-0.018748598863603916,-0.003972921658924766,0.0,-0.003972921658924766,-0.003972921658924766,0.001,-0.004972921658924766,-0.02831211230648933,-0.007981252710923648,-0.006671062716064767,0.5035535263659082,0.5056210743647356,0.2502114392578345,0.2507110618076409,0.2462350343762573,0.24366786382762334,0.4925789485775843,0.5001337854705736,0.2547879010616715,0.25299929270955945,0.2526331503607443,0.24686692181986686,0.49976936493185786,0.5037289936477105,0.25676558036928854,0.2539881323633679,0.24346505469885352,0.24228287398892145,0.49843214828947435,0.5046339859191138,0.25025727485318805,0.2508960592210418,0.2513105768573375,0.24446995485984427,0.5001274339100326,0.5051934301738981,0.251598414748446,0.25133863538647694,0.24827415134152145,0.243467934439625,0.506408446856969,0.507266164446387,0.2540095775149785,0.2521343190994326,0.23958197562805242,0.2405995164541802
2024-03-06,0.018150682371618244,0.010685641093619663,0.018163097715999346,0.0106597298062349,0.0006666666666666666,0.009993063139568234,0.037554058867084995,0.0006666666666666666,0.036887392200418326,0.04264135300381462,0.0006666666666666666,0.04197468633714795,0.0043295723262879076,0.0006666666666666666,0.003662905659621241,0.011371558435144515,0.0006666666666666666,0.010704891768477848,0.0066603500250483885,0.0,0.0066603500250483885,0.047318276755524906,0.0,0.047318276755524906,0.03765345492431926,0.0,0.03765345492431926,0.005383533022269052,0.0,0.005383533022269052,0.03785603251734404,0.0,0.03785603251734404,0.03155310257764077,0.0,0.03155310257764077,0.04439416326534684,0.0,0.04439416326534684,-0.004407365985148681,0.0,-0.004407365985148681,0.008253336140119416,0.001,0.007253336140119416,0.008253336140119416,0.0,0.008253336140119416,0.004816575697615233,0.0,0.004816575697615233,0.029592298986288457,0.0,0.029592298986288457,0.025053949042441626,0.001,0.024053949042441625,0.000752781375605675,0.023719601213528042,0.01792977193919176,0.5038320089744808,0.5052098987458442,0.24992660122271582,0.2508325403034907,0.24624138980280347,0.24395756095066506,0.4928811445340942,0.499734466525651,0.2548439207284586,0.2532912000563621,0.2522749347374472,0.24697433341798694,0.497663600727282,0.5021256946222449,0.25729607584677144,0.25451727761551857,0.24504032342594662,0.24335702776223664,0.4990332900648063,0.5040948040279153,0.2500800946823707,0.2511912124326403,0.2508866152528231,0.24471398353944446,0.5000729506470792,0.5044378920200654,0.251465558476062,0.2516484154845584,0.24846149087685884,0.24391369249537626,0.505658314524536,0.5062810620996261,0.25442153749008756,0.2526238885591869,0.23992014798537645,0.24109504934118708
2024-03-07,0.011104611155156053,0.011211632258415339,0.011126400114070765,0.0011399460439533628,0.0006666666666666666,0.0004732793772866962,0.015150242147994318,0.0,0.015150242147994318,0.002514654600114796,0.0,0.002514654600114796,0.01810810422339045,0.0,0.01810810422339045,0.019402620806367527,0.0,0.019402620806367527,0.01930019302111933,0.0,0.01930019302111933,0.0063088600466280065,0.0,0.0063088600466280065,0.00023811270516368088,0.0,0.00023811270516368088,0.004221573257963167,0.0006666666666666666,0.0035549065912965,0.008252801790226472,0.001,0.007252801790226472,0.04079604175096252,0.0,0.04079604175096252,0.04569202398367467,0.001,0.04469202398367467,0.005302476873886075,0.0,0.005302476873886075,0.011251953710300189,0.0,0.011251953710300189,0.011251953710300189,0.0,0.011251953710300189,-0.0023957162566577983,0.0,-0.0023957162566577983,0.016280894099549248,0.0,0.016280894099549248,0.01234062659675661,0.0,0.01234062659675661,0.004291331577883343,0.02167186312299233,0.014756372407295585,0.5022875304909808,0.5039092766190096,0.2505716524603632,0.25149976508630234,0.2471408170486558,0.24459095829468797,0.4926171046496503,0.4990740636983443,0.2550843433535459,0.25375611053289365,0.2522985519968037,0.24716982576876192,0.49899597272853635,0.5022634977377873,0.2574618444218829,0.25494486106706216,0.2435421828495807,0.24279164119515045,0.49902634615655744,0.5033844794721796,0.24974582862270345,0.25154280151269387,0.2512278252207392,0.24507271901512645,0.4994346703854115,0.5035192264677015,0.25176033757637034,0.25220758946740396,0.24880499203821807,0.2442731840648945,0.5044987839249747,0.5051903839357573,0.2551622572130257,0.25333022294750024,0.24033895886199963,0.2414793931167424
2024-03-08,-0.010357693476130284,-0.012726684619728371,-0.010388239708980984,-0.0011481943927427168,0.0006666666666666666,-0.0018148610594093833,-0.024920127638232,0.0,-0.024920127638232,-0.01583202124973082,0.0006666666666666666,-0.016498687916397487,-0.011225891056578008,0.0006666666666666666,-0.011892557723244674,-0.006760918136389829,0.0,-0.006760918136389829,0.0010647078812555295,0.0,0.0010647078812555295,0.04971257492903214,0.0,0.04971257492903214,0.022593042734524595,0.0,0.022593042734524595,0.001727093709352201,0.0,0.001727093709352201,-0.01892191231007856,0.001,-0.01992191231007856,-0.05103212787023037,0.0,-0.05103212787023037,-0.04239248183108674,0.0,-0.04239248183108674,0.0010410204591145278,0.0,0.0010410204591145278,-0.0389689963261014,0.001,-0.0399689963261014,-0.03632836106093024,0.0,-0.03632836106093024,-0.022441127310679376,0.0,-0.022441127310679376,-0.02737995003289051,0.0,-0.02737995003289051,-0.02614954104075523,0.001,-0.027149541040755232,-0.008129300457826819,-0.022314286637981885,-0.01229420851702571,0.5018461753043011,0.5033212255813444,0.251124291790921,0.2520534840706239,0.2470295329047779,0.24462529034803163,0.49255183084235993,0.49867405335037385,0.25511988814963155,0.2540512822499792,0.2523282810080084,0.2472746643996469,0.49923002423084445,0.5020131500446161,0.257254433837495,0.2551185550939109,0.2435155419316605,0.24286829486147293,0.49716276229261847,0.502277216381684,0.2505720152680869,0.25218715819318765,0.25226522243929467,0.2455356254251284,0.4991223235120484,0.5029238715840958,0.2519174330634657,0.25263114606566267,0.24896024342448594,0.24444498235024154,0.5036186365043429,0.504407654871553,0.25571808634909265,0.25388536164991954,0.24066327714656446,0.24170698347852745
2024-03-11,-0.02115881486179883,-0.03441759902954214,-0.021155329173526295,-0.00713992289704061,0.0,-0.00713992289704061,-0.012432299770985625,0.0,-0.012432299770985625,-0.007957794860722492,0.0006666666666666666,-0.008624461527389158,-0.017150816914787665,0.0,-0.017150816914787665,-0.01848363791840076,0.0006666666666666666,-0.019150304585067425,-0.015745838513453125,0.0,-0.015745838513453125,-0.017809306198427317,0.0,-0.017809306198427317,-0.00263448495599324,0.0,-0.00263448495599324,-0.0042420896965566675,0.0,-0.0042420896965566675,-0.04680582331875521,0.0,-0.04680582331875521,-0.0002469041082299728,0.0,-0.0002469041082299728,-0.02349536812409908,0.001,-0.02449536812409908,0.009886677425263113,0.0,0.009886677425263113,-0.012291041877075803,0.0,-0.012291041877075803,-0.011605648957747294,0.0,-0.011605648957747294,-0.035638539542773906,0.0,-0.035638539542773906,-0.043305769336134614,0.0,-0.043305769336134614,-0.027900854706817357,0.0,-0.027900854706817357,-0.04465402570362768,-0.036216938435270074,-0.01119056553198346,0.5028398362356201,0.5040616624997547,0.25040358352704895,0.25143861442129456,0.24675658023733088,0.24449972307895074,0.4920781547330753,0.4986808217484823,0.2551493571960194,0.2538115012557798,0.25277248807090535,0.24750767699573795,0.5011859011607125,0.5032346949623008,0.2567956521634947,0.25463464873951747,0.2420184466757928,0.2421306562981817,0.49854138602961023,0.5030585948615771,0.24968474746161687,0.2515533090237455,0.25177386650877287,0.24538809611467732,0.5011803255853575,0.5039294449149737,0.25078701882528137,0.2519170585737548,0.248032655589361,0.2441534965112714,0.5038720456006991,0.5048177125200365,0.25558154308172454,0.25349925157838105,0.2405464113175764,0.2416830359015825
2024-03-12,0.0238773151632396,0.038352045280916194,0.023901135799776454,0.006128942259572131,0.0006666666666666666,0.005462275592905464,0.0317237414966182,0.0,0.0317237414966182,0.008980529084761433,0.0006666666666666666,0.008313862418094767,-0.0053005227379279134,0.0006666666666666666,-0.00596718940459458,0.011059114059737881,0.0,0.011059114059737881,0.011244831110786817,0.0,0.011244831110786817,-0.003319909531431094,0.0,-0.003319909531431094,0.009211539744280312,0.0,0.009211539744280312,0.007860703075684242,0.0006666666666666666,0.007194036409017575,0.030363343628776795,0.0,0.030363343628776795,0.040021312132877185,0.0,0.040021312132877185,0.04151289626925436,0.001,0.04051289626925436,0.019172258671607212,0.0,0.019172258671607212,0.026711642523656765,0.0,0.026711642523656765,0.013136296249599,0.001,0.012136296249598999,0.05084150403845178,0.0,0.05084150403845178,0.07801775747726014,0.0,0.07801775747726014,0.028347349789341225,0.0,0.028347349789341225,0.020766119434679688,0.07586910582907169,0.03588028659389726,0.5030184373972538,0.5036074288681083,0.2502142805933126,0.25129575824194317,0.24676728200943357,0.24509681288994856,0.49209415882099994,0.49814528957998133,0.25505053926499405,0.2537138875777839,0.25285530191400596,0.24814082284223474,0.5004301710789054,0.502313295708934,0.2572268374372106,0.25480203666389223,0.24234299148388402,0.24288466762717376,0.49673544869685304,0.5017342996970665,0.25122462667469253,0.251996874849333,0.2520399246284544,0.24626882545360052,0.5023267483793916,0.5035794285923043,0.25019273499015954,0.2516563505934371,0.24748051663044882,0.24476422081425867,0.5038821234796562,0.5040927023753916,0.25517546131953045,0.2533006502821295,0.24094241520081333,0.24260664734247894
2024-03-13,-0.00035055848414211653,0.00044830986067934077,-0.00033552991828402813,0.01185585865935749,0.0,0.01185585865935749,-0.0034893309629819473,0.0,-0.0034893309629819473,0.006991940758403814,0.0006666666666666666,0.006325274091737147,0.0026046380604380173,0.0,0.0026046380604380173,0.008008732574353453,0.0006666666666666666,0.007342065907686786,0.010254508141346836,0.0,0.010254508141346836,0.001087478309682588,0.0,0.001087478309682588,-0.002375282268434457,0.0,-0.002375282268434457,0.005390965939235862,0.0,0.005390965939235862,-0.02747924748279218,0.0,-0.02747924748279218,-0.027790810135224386,0.0,-0.027790810135224386,-0.016640186157322046,0.0,-0.016640186157322046,0.00019082322740032742,0.0,0.00019082322740032742,-0.0012908667849453326,0.0,-0.0012908667849453326,0.00256419516998041,0.0,0.00256419516998041,-0.001410637796836145,0.0,-0.001410637796836145,0.018037566901431434,0.0,0.018037566901431434,0.006887416239075683,0.001,0.005887416239075683,-0.008082368230573731,0.008570322122527582,0.009615802830936179,0.5022492239063832,0.5026373018140795,0.25121325881865986,0.2522774276027451,0.24653751727495693,0.24508527058317528,0.4911956750352884,0.4971105273785322,0.25549676201794674,0.25441917920238855,0.2533075629467648,0.24847029341907922,0.49982364612507785,0.5014245129234269,0.2575920658927389,0.25546683113978463,0.24258428798218312,0.24310865593678838,0.49621550591253205,0.5007781213647254,0.25147117518913736,0.25272435739159166,0.2523133188983306,0.24649752124368285,0.5023111560348913,0.502789685905104,0.2505813931955356,0.25243072933370303,0.24710745076957316,0.24477958476119288,0.5044335155826162,0.5034900645558532,0.25545469673528426,0.2540389195018201,0.24011178768209945,0.24247101594232656
2024-03-14,-0.021641828153608295,-0.03184896002744175,-0.02162365623480566,-0.01073620245157092,0.0,-0.01073620245157092,-0.002641164971792638,0.0,-0.002641164971792638,-0.003454272090407976,0.0,-0.003454272090407976,-0.005929912144875667,0.0,-0.005929912144875667,-0.012847284853486962,0.0,-0.012847284853486962,-0.0033458708014299328,0.0,-0.0033458708014299328,-0.08496559053563615,0.0,-0.08496559053563615,-0.019717546506424134,0.0,-0.019717546506424134,-0.012112540780116957,0.0,-0.012112540780116957,-0.02870638557317079,0.0,-0.02870638557317079,-0.021747453644258397,0.0,-0.021747453644258397,-0.018559135486442835,0.0,-0.018559135486442835,0.0027549197240602785,0.0,0.0027549197240602785,0.003211204934051304,0.0,0.003211204934051304,-0.001956548304936079,0.001,-0.002956548304936079,-0.012764783012642944,0.0,-0.012764783012642944,-0.02064439766923415,0.0,-0.02064439766923415,-0.037836783483982894,0.0,-0.037836783483982894,-0.03863142435242095,-0.025226770894020364,-0.024781825379047568,0.5027994862991271,0.5024618573351542,0.25067937242853056,0.25222651486975495,0.24652114127234231,0.24531162779509086,0.49087093020365075,0.4964975792874161,0.2555819869313198,0.25467782212114953,0.2535470828650294,0.2488245985914344,0.49980761092881965,0.5009659196500005,0.25739656026940777,0.2555851087901936,0.24279582880177253,0.243448971559806,0.49593851548747847,0.5000829431195595,0.2513143589211975,0.25296208884235133,0.2527471255913239,0.2469549680380893,0.5022884357436974,0.5021784168041117,0.2504921050473863,0.25269074506399364,0.24721945920891633,0.24513083813189482,0.5037213959880249,0.5026512936847398,0.2561380317999355,0.2545539008923349,0.24014057221203977,0.24279480542292556
2024-03-15,-0.007349064603929238,-0.012527779726951353,-0.007346234885469709,-0.021963317453629744,0.0006666666666666666,-0.02262998412029641,-0.031245724138467455,0.0,-0.031245724138467455,-0.023151949964876718,0.0,-0.023151949964876718,0.0071527109734687375,0.0006666666666666666,0.0064860443068020706,0.004369589143262723,0.0006666666666666666,0.0037029224765960564,0.011017056397861028,0.0,0.011017056397861028,0.014343266353618635,0.0,0.014343266353618635,0.005936804416312872,0.0,0.005936804416312872,0.0007663496094951392,0.0,0.0007663496094951392,0.0012375257323664068,0.0,0.0012375257323664068,-0.0018949113559261765,0.0,-0.0018949113559261765,-0.004318654369150743,0.0,-0.004318654369150743,-0.002921185650525182,0.0,-0.002921185650525182,-0.002885576321390748,0.0,-0.002885576321390748,-0.007103212756950694,0.0,-0.007103212756950694,-0.006496469221763834,0.0,-0.006496469221763834,-0.0254889834955766,0.0,-0.0254889834955766,-0.024529010431675324,0.001,-0.025529010431675325,-0.005254904872753003,-0.022898246809568052,-0.016664472432963245,0.502395672396742,0.5019023561534985,0.25090420827986976,0.252515381894232,0.2467001193233883,0.2455822619522695,0.4909855148666517,0.49619727738845343,0.25527055997729003,0.25469855774294214,0.25374392515605826,0.24910416486860448,0.4980239086473942,0.49971647427882465,0.2581141905179265,0.2561203730132604,0.2438619008346794,0.24416315270791505,0.4954892593522221,0.4994555123261042,0.2514539008722296,0.2532445794785939,0.2530568397755484,0.24729990819530193,0.5024252642502884,0.5017443939424661,0.2505843514741731,0.25295762817723527,0.2469903842755386,0.24529797788029872,0.5045713627341588,0.5024526064421433,0.2561460320423447,0.2547929827647319,0.23928260522349656,0.24275441079312482
2024-03-18,0.005239262369494746,-0.0017312410965488237,0.005254383128222006,0.0334260207115095,0.0006666666666666666,0.03275935404484283,0.030866127289940204,0.0006666666666666666,0.030199460623273538,-0.002352094252696779,0.0,-0.002352094252696779,-0.0005248816415103219,0.0006666666666666666,-0.0011915483081769884,0.004775102134000786,0.0,0.004775102134000786,0.009123790687460534,0.0,0.009123790687460534,0.0035464034605911334,0.0,0.0035464034605911334,0.0007422683281616362,0.0,0.0007422683281616362,0.009867700667768542,0.0,0.009867700667768542,-0.000291821646833057,0.0,-0.000291821646833057,0.004338723627210439,0.0,0.004338723627210439,0.0026805847390115045,0.0,0.0026805847390115045,0.004001059807501872,0.0,0.004001059807501872,0.007181445229601291,0.0,0.007181445229601291,0.0059784444194406205,0.001,0.0049784444194406205,0.027322861726403302,0.0,0.027322861726403302,-0.011620446697522158,0.0,-0.011620446697522158,-0.033609649800653896,0.0,-0.033609649800653896,0.004513881182367212,0.001121729827088691,-0.017532886000239944,0.5026372357933623,0.502406011078917,0.25057107880773793,0.25207223786828625,0.24679168539889976,0.24552175105279667,0.49094014968168,0.49655746802307593,0.2550978370201093,0.25433561697447193,0.2539620132982107,0.24910691500245216,0.49859707538034875,0.5003859308724103,0.2579554638045218,0.2557644303666782,0.2434474608151294,0.2438496387609115,0.49571751194840846,0.500043885807171,0.25140430476636894,0.2528575965152209,0.25287818328522266,0.2470985176776082,0.502533280870928,0.5022930895516023,0.25064009897957484,0.25260540860557884,0.24682662014949724,0.24510150184281881,0.505569381701282,0.5032950028256192,0.25563107504649235,0.2542524307076616,0.2387995432522257,0.2424525664667192
2024-03-19,-0.011214454268054815,-0.02718877942210954,-0.01118457613244412,-0.0007211495248829651,0.0006666666666666666,-0.0013878161915496317,-0.0038148059316640186,0.0,-0.0038148059316640186,0.0036861245708016774,0.0,0.0036861245708016774,0.013253061921762047,0.0,0.013253061921762047,0.015936611091206476,0.0006666666666666666,0.01526994442453981,0.012737984617981441,0.0,0.012737984617981441,-0.02357401212431535,0.0,-0.02357401212431535,-0.006968934907997622,0.0,-0.006968934907997622,0.0046723836708010644,0.0,0.0046723836708010644,-0.030683540190661385,0.0,-0.030683540190661385,-0.002396127764168976,0.0,-0.002396127764168976,-0.0031167382810075583,0.0,-0.0031167382810075583,0.005941493591475999,0.0,0.005941493591475999,0.004762612361699281,0.0,0.004762612361699281,0.0040046483139539735,0.0,0.0040046483139539735,-0.01385971546719883,0.0,-0.01385971546719883,-0.0453430719221975,0.0,-0.0453430719221975,-0.04065121550543255,0.0,-0.04065121550543255,-0.02934980404116749,-0.03072505969615243,-0.019039507896738656,0.5036181165951631,0.5032255047198078,0.25092513241055353,0.252325017370547,0.24545675099428332,0.24444947790964516,0.4905131230632825,0.4966730079538675,0.2551955082059244,0.2544602052682325,0.2542913687307931,0.24886678677790006,0.49851156704541144,0.500672229944932,0.25775939393665026,0.2557421481335954,0.24372903901793833,0.24358562192147265,0.49551807321692865,0.5004190023673696,0.2515476486344965,0.253006408610846,0.25293427814857466,0.2465745890217843,0.5024236921092609,0.5026978566018392,0.2507528583711276,0.2527441278239343,0.24682344951961152,0.2445580155742265,0.5081703097070726,0.504594240409117,0.25485342125413085,0.2540973135753254,0.2369762690387965,0.24130844601555754
2024-03-20,0.02004410077129058,0.010922209818456124,0.0200347723960734,0.028997053275925534,0.0,0.028997053275925534,0.030685705786740087,0.0,0.030685705786740087,0.023527252548997492,0.0006666666666666666,0.022860585882330826,0.012554378319793372,0.0,0.012554378319793372,0.006791225841132083,0.0,0.006791225841132083,0.002737295242973466,0.0,0.002737295242973466,0.09798769676421376,0.0,0.09798769676421376,0.043783615552658375,0.0,0.043783615552658375,0.013702449321868704,0.0006666666666666666,0.013035782655202038,0.0023119857162142154,0.0,0.0023119857162142154,0.0072311526794912595,0.0,0.0072311526794912595,0.01632503267091967,0.0,0.01632503267091967,0.018097879528214844,0.0,0.018097879528214844,0.023254002596233447,0.0,0.023254002596233447,0.008863293457348709,0.0,0.008863293457348709,0.02238855541247009,0.0,0.02238855541247009,-0.002897549241990982,0.0,-0.002897549241990982,-0.002897549241990982,0.001,-0.003897549241990982,0.021972681658859794,0.004301842717387353,-0.00497021907675262,0.5035507292032223,0.5030776200876342,0.2507637182107764,0.2521500741481101,0.24568555258600128,0.24477230576425568,0.4904735881917296,0.4965390495818879,0.25528304074504315,0.2544097354152434,0.2542433710632272,0.24905121500286864,0.49734259935245123,0.49997355516224873,0.2580532515200962,0.25579484080276993,0.24460414912745268,0.24423160403498137,0.4940521119049282,0.49978221927989724,0.252297755510839,0.25312766747582416,0.25365013258423275,0.24709011324427854,0.5025053200299343,0.5025717779611493,0.2507315177136211,0.25261080900274224,0.24676316225644462,0.2448174130361085,0.5097039797345398,0.5049473356636691,0.2539380996131133,0.25366898102957464,0.23635792065234684,0.2413836833067562
2024-03-21,0.01792459035965653,0.028061507023613014,0.017928662097380126,-0.0016356811618664833,0.0,-0.0016356811618664833,0.006361801404490977,0.0,0.006361801404490977,-0.0029363428658398805,0.0,-0.0029363428658398805,0.016793959661944115,0.0,0.016793959661944115,0.015181205830889924,0.0,0.015181205830889924,0.02452000549209095,0.0,0.02452000549209095,0.0077971949217729986,0.0,0.0077971949217729986,0.008309616354007213,0.0,0.008309616354007213,0.004253635181734161,0.0,0.004253635181734161,0.006950961293990143,0.0,0.006950961293990143,0.008487827960821037,0.0,0.008487827960821037,0.015364160300768481,0.0,0.015364160300768481,0.006700506761038616,0.0,0.006700506761038616,0.0029657162914089596,0.0,0.0029657162914089596,0.0017276869506142045,0.0,0.0017276869506142045,0.054340296313850844,0.0,0.054340296313850844,0.06933690461422226,0.0,0.06933690461422226,0.06933690461422226,0.0,0.06933690461422226,0.022564375762871326,0.04770164374755903,0.0189962886055511,0.5036652928739636,0.5037180063505557,0.25090973097320085,0.2520465858547799,0.24542497615283562,0.24423540779466435,0.490882187485154,0.49732645365615097,0.25518667991531485,0.2541850603258369,0.2539311325995311,0.24848848601801207,0.49845317256458965,0.5011119461958689,0.2582920829705372,0.2557377618534481,0.2432547444648731,0.24315029195068308,0.4935544657380528,0.5003993559777465,0.25230412428612714,0.2528932663077824,0.2541414099758202,0.246707377714471,0.5026090783511603,0.503387378140072,0.25105498092871054,0.252481048999835,0.24633594072012913,0.24413157286009296,0.5110562237499171,0.5061749361216618,0.25326337085158296,0.2532098176743829,0.23568040539849983,0.2406152462039553
2024-03-22,-0.0014867440123876342,0.0017302443827129934,-0.001483845049061664,-0.007055890637420885,0.0,-0.007055890637420885,0.004083225267716539,0.0,0.004083225267716539,0.007896040424385298,0.0,0.007896040424385298,0.0012446568517555656,0.0,0.0012446568517555656,0.0008961378779872944,0.0,0.0008961378779872944,-0.006695156966862477,0.0,-0.006695156966862477,-0.027592560531972933,0.0,-0.027592560531972933,-0.021173681960874657,0.0,-0.021173681960874657,-0.008205146193178284,0.0,-0.008205146193178284,0.006622550985788012,0.0,0.006622550985788012,0.017374788938300023,0.0,0.017374788938300023,0.013411829194899139,0.0,0.013411829194899139,-0.0068173312806363295,0.0,-0.0068173312806363295,-0.009173576461088795,0.0,-0.009173576461088795,-0.0029382492047496656,0.0,-0.0029382492047496656,0.0028492232407622,0.0,0.0028492232407622,0.0029563629378354106,0.0,0.0029563629378354106,0.0029563629378354106,0.0,0.0029563629378354106,0.004064609981466442,0.003165683565902558,-0.004616267786138439,0.5034866941641251,0.5033373612284797,0.251242359091656,0.2527357239332295,0.24527094674421887,0.24392691483829065,0.49072225207544784,0.49695514018414116,0.2550171535750425,0.2546231211749228,0.2542605943495096,0.24842173864093603,0.49852952443840576,0.5008587763656202,0.2583594477157433,0.25629426824527324,0.24311102784585095,0.2428469553891067,0.49329260183576845,0.49992253756200267,0.25225165901544516,0.253576536954215,0.2544557391487864,0.24650092548378233,0.5028373359036584,0.5030722998044064,0.2509720802500744,0.25315427596164264,0.24619058384626732,0.24377342423395104,0.5110562237499172,0.5057845327936717,0.253263370851583,0.25391040186014047,0.23568040539849988,0.24030506534618779
2024-03-25,0.004556107335373798,0.003820932124202112,0.0045190446182331616,0.0030410167485931026,0.0,0.0030410167485931026,-0.00027040967142744066,0.0006666666666666666,-0.0009370763380941073,0.0007254301614673475,0.0,0.0007254301614673475,0.0005355743807641993,0.0,0.0005355743807641993,-0.011586201328885326,0.0,-0.011586201328885326,-0.005993529018871216,0.0,-0.005993529018871216,0.043877040419616264,0.0,0.043877040419616264,0.025262261302929745,0.0,0.025262261302929745,-0.0006658037434060053,0.0,-0.0006658037434060053,-0.003941703069471503,0.0,-0.003941703069471503,-0.004910626608652768,0.0,-0.004910626608652768,-0.0038028641666495444,0.0,-0.0038028641666495444,0.001641913176483878,0.0,0.001641913176483878,0.001099727440043441,0.0,0.001099727440043441,-0.0070108448015671065,0.001,-0.008010844801567107,-0.012654049454412064,0.0,-0.012654049454412064,0.032673171517469235,0.0,0.032673171517469235,0.032673171517469235,0.0,0.032673171517469235,-0.002361880451413278,0.02363605780761931,-0.004131098779060556,0.5028030150119973,0.5031188151575032,0.2514887984779842,0.2528972305534507,0.24570818651001844,0.243983954289046,0.49093937232017115,0.49718699381159015,0.25511131398912645,0.2547084883090218,0.2539493136907024,0.24810451787938798,0.4978622378823506,0.5006484265926798,0.2583616588408912,0.2563336607349042,0.2437761032767581,0.24301791267241585,0.49283265648681857,0.4999359688936662,0.2525861484389123,0.2537382229462156,0.2545811950742692,0.24632580816011812,0.5027988832591005,0.5032248237285193,0.25082874442339964,0.25315827962109644,0.24637237231749987,0.24361689665038425,0.5110506016647433,0.5059478908023813,0.25326628298240766,0.2539626673455691,0.23568311535284905,0.2400894418520495
2024-03-26,-0.006710119123002969,-0.012585100600687543,-0.0067172437075105635,0.0014747892633037996,0.0006666666666666666,0.0008081225966371329,-0.0004117403668832953,0.0,-0.0004117403668832953,-0.0046306768899115145,0.0006666666666666666,-0.0052973435565781815,-0.0027951058393927237,0.0,-0.0027951058393927237,3.911949070637853e-05,0.0006666666666666666,-0.0006275471759602881,0.004426063867375799,0.0,0.004426063867375799,-0.02018872764213101,0.0,-0.02018872764213101,-0.015563952988897565,0.0,-0.015563952988897565,-0.0034008803274709525,0.0,-0.0034008803274709525,-0.007083470974818262,0.0,-0.007083470974818262,-0.010934606981894801,0.0,-0.010934606981894801,-0.01419022212883525,0.0,-0.01419022212883525,0.011424699728968646,0.0,0.011424699728968646,0.00898402535972398,0.0,0.00898402535972398,0.0006283614957667272,0.0,0.0006283614957667272,-0.015246466757180388,0.0,-0.015246466757180388,-0.004108314784768141,0.0,-0.004108314784768141,-0.004108314784768141,0.0,-0.004108314784768141,-0.021444126913709484,-0.011303615231551063,0.004478416912132725,0.5029687221584406,0.5028743076627245,0.2513616057114513,0.25336346313528835,0.24566967213010812,0.24376222920198726,0.49142909757261,0.4971044953698092,0.2547165688294286,0.25504094469427696,0.25385433359796145,0.2478545599359139,0.49949941732737224,0.5011396552471903,0.2581999543896454,0.25678263747438534,0.24230062828298227,0.24207770727842431,0.49285432569000576,0.4995044558995976,0.2525458625886099,0.2544348994288552,0.25459981172138435,0.2460606446715473,0.5030642335212636,0.5028737254839126,0.25093254581463686,0.2539025048934441,0.24600322066409952,0.2432237696226433,0.5086718526953101,0.5047242398113481,0.2544984287048234,0.2550792462472057,0.23682971859986637,0.24019651394144637
2024-03-27,-0.002536112022669075,-0.00013380873579603176,-0.002533779417768343,-0.02259844541991914,0.0006666666666666666,-0.023265112086585805,-0.021604723418387442,0.0,-0.021604723418387442,-0.018354963484503346,0.0,-0.018354963484503346,0.02091909670054903,0.0,0.02091909670054903,0.008419397320279815,0.0006666666666666666,0.007752730653613148,0.020733590225895604,0.0,0.020733590225895604,-0.010670190278525594,0.0,-0.010670190278525594,-0.00805315917011077,0.0006666666666666666,-0.008719825836777436,0.011274217902453863,0.0,0.011274217902453863,-0.0029077082510319263,0.0,-0.0029077082510319263,0.008711863688083188,0.0,0.008711863688083188,-0.006318570744169305,0.0,-0.006318570744169305,-0.0034579758390674287,0.0,-0.0034579758390674287,-0.004672978045072329,0.0,-0.004672978045072329,0.008150713552168787,0.0,0.008150713552168787,1.3731670541805574e-05,0.0,1.3731670541805574e-05,-0.010903230408937037,0.0,-0.010903230408937037,-0.010903230408937037,0.0,-0.010903230408937037,-0.0005304623281631162,-0.015591249387649995,0.016953223266876018,0.5031595033222721,0.5025018376913124,0.2513925419468889,0.2534129860192177,0.245447954730839,0.2440851762894698,0.4911829076264499,0.49651353984340135,0.254704876184937,0.25506915313824174,0.2541122161886132,0.2484173070183569,0.4989472762492465,0.5003957241547996,0.25816515201435913,0.25679929105295285,0.24288757173639428,0.24280498479224744,0.4931422452566285,0.4989725362151238,0.25248911656422995,0.25446180662753204,0.2543686381791415,0.24656565715734413,0.5034094187226777,0.50236070345892,0.25097605836446935,0.25396249742161103,0.24561452291285302,0.2436767991194689,0.5080872640218409,0.5039043924076438,0.2548012342730628,0.2552248054714469,0.23711150170509637,0.24087080212090922
2024-03-28,-0.00027287381777367704,-0.0032105688022331723,-0.0002742028739035342,0.00012965996409145916,0.0006666666666666666,-0.0005370067025752075,0.0047654920301481996,0.0,0.0047654920301481996,0.007975765856708783,0.0006666666666666666,0.007309099190042116,-0.008006103841880607,0.0,-0.008006103841880607,-0.0008849299631888594,0.0,-0.0008849299631888594,-0.008185014633922849,0.0,-0.008185014633922849,0.013118167909516696,0.0,0.013118167909516696,0.013529966674730904,0.0006666666666666666,0.012863300008064238,0.0029852383895376806,0.0006666666666666666,0.002318571722871014,0.00016467153880267427,0.0,0.00016467153880267427,0.0010898397307738117,0.001,8.983973077381167e-05,-0.0012299766643664722,0.001,-0.0022299766643664723,0.00015265597278463217,0.0,0.00015265597278463217,-0.002027088176211944,0.001,-0.003027088176211944,-0.006931732382510325,0.001,-0.007931732382510326,0.0019381808370890208,0.0,0.0019381808370890208,-0.002405574683140066,0.0,-0.002405574683140066,-0.002405574683140066,0.0,-0.002405574683140066,-0.0019082822345235497,-0.0012122010071637934,-0.007981958019473028,0.502988039318509,0.5023944751903395,0.2513945151078452,0.2529996977834592,0.24561744557364573,0.24460582702620112,0.49153345419604055,0.49666718262910536,0.25418288140641115,0.2543938809327422,0.25428366439754824,0.24893893643815238,0.49833549561711904,0.5000682033396446,0.25795423502859816,0.2562795577438357,0.24371026935428286,0.2436522389165197,0.49292795995006694,0.49887283719517617,0.25299598785543126,0.25407394589987137,0.25407605219450174,0.24705321690495244,0.5031400037962457,0.5022428116644151,0.25077774663912894,0.2533419262984916,0.24608224956462527,0.24441526203709318,0.5086602437143356,0.5040644908373848,0.2545044419312854,0.2545717357449032,0.23683531435437893,0.24136377341771192
2024-04-01,-0.001843579542310259,0.001928927722446519,-0.0018538736227971461,-0.004983061998557173,0.0006666666666666666,-0.00564972866522384,0.0017706498886903936,0.0,0.0017706498886903936,0.005420578519754785,0.0,0.005420578519754785,-0.0019057045363392033,0.0,-0.0019057045363392033,0.0014134055708019027,0.0,0.0014134055708019027,0.0016752146957170382,0.0,0.0016752146957170382,-0.04174945240488277,0.0,-0.04174945240488277,-0.019507093390680942,0.0,-0.019507093390680942,0.0009611619661023712,0.0006666666666666666,0.0002944952994357045,0.02788780693043924,0.0,0.02788780693043924,0.0071857850480103735,0.0,0.0071857850480103735,0.011620753082363766,0.0,0.011620753082363766,-0.01019230729700693,0.0,-0.01019230729700693,-0.009203219735649915,0.0,-0.009203219735649915,-0.002842494281850627,0.0,-0.002842494281850627,-0.012888987572477861,0.0,-0.012888987572477861,0.005650161578144852,0.0,0.005650161578144852,0.005650161578144852,0.0,0.005650161578144852,0.0008023017734432777,0.003792583977737998,0.0023020582720872556,0.5026436665723449,0.502290873486013,0.25150229502139526,0.2531070015279274,0.24585403840625988,0.24460212498605954,0.49135123772542283,0.49664465906255195,0.2544689134661603,0.2545903107503099,0.2541798488084169,0.24876503018713805,0.49861766029310894,0.500277870346395,0.25808647866006384,0.25639909334726174,0.24329586104682713,0.24332303630634317,0.49299289321691797,0.4989861686293693,0.25302533870509547,0.2541552061557694,0.2539817680779866,0.24685862521486127,0.5034344246887906,0.5024318740150873,0.2507569955182177,0.25340665290409975,0.24580857979299175,0.24416147308081299,0.5088882206483865,0.5042316266817539,0.2543863543114021,0.25460434130585063,0.23672542504021135,0.24116403201239545
2024-04-02,-0.00870432181959311,-0.010585752330573028,-0.008693894113717576,-0.012076779747916322,0.0006666666666666666,-0.012743446414582988,0.001804733638689271,0.0006666666666666666,0.0011380669720226044,0.001804733638689271,0.0,0.001804733638689271,-0.007696290320939694,0.0,-0.007696290320939694,0.004958964256219185,0.0,0.004958964256219185,-0.0022224118549447605,0.0006666666666666666,-0.002889078521611427,-0.01629543104715529,0.0,-0.01629543104715529,-0.007380710710011265,0.0,-0.007380710710011265,-0.004669758015235984,0.0006666666666666666,-0.005336424681902651,-0.01714204849649753,0.0,-0.01714204849649753,-0.007020745509618509,0.0,-0.007020745509618509,-0.01127568268134932,0.001,-0.01227568268134932,-0.0011623642242946097,0.0,-0.0011623642242946097,-0.012368114199339753,0.0,-0.012368114199339753,-0.01247720358582266,0.0,-0.01247720358582266,-0.006865689335551983,0.0,-0.006865689335551983,-0.010831172103533071,0.0,-0.010831172103533071,-0.010831172103533071,0.0,-0.010831172103533071,-0.012973115811554024,-0.010581284756821999,-0.005667766070963123,0.5021593670042056,0.5019893449894004,0.2516518098408473,0.25323160730406,0.24618882315494708,0.24477904770653952,0.49117017110138506,0.4964947470379901,0.2545525043749921,0.2546819545711324,0.2542773245236227,0.24882329839087733,0.4969449730077974,0.4993821479911963,0.2584249503180033,0.25661817754263805,0.24463007667419934,0.24399967446616563,0.49396291935198977,0.4992267097791354,0.2524234175486607,0.2540233689851308,0.25361366309934935,0.2467499212357337,0.5032171463071189,0.502280604674328,0.2507008380088086,0.2534549177369796,0.24608201568407254,0.24426447758869235,0.507915190442758,0.5038309592390889,0.25489036504185436,0.2548374616578847,0.23719444451538763,0.24133157910302633
2024-04-03,0.018814302907318597,0.023649363986396554,0.01882746692789102,0.003955534992082937,0.0,0.003955534992082937,0.04340131248321014,0.0,0.04340131248321014,0.04340131248321015,0.0,0.04340131248321015,0.020698582466262473,0.0,0.020698582466262473,0.0075472956015948025,0.0,0.0075472956015948025,0.03624312897324329,0.0006666666666666666,0.03557646230657662,0.01931903604231607,0.0,0.01931903604231607,0.004613579679735414,0.0,0.004613579679735414,0.0027990002527081836,0.0,0.0027990002527081836,0.012139014801228032,0.0,0.012139014801228032,0.005662124354935016,0.0,0.005662124354935016,0.018697882905225505,0.0,0.018697882905225505,-6.663976203657995e-05,0.0,-6.663976203657995e-05,0.0003347103658405959,0.0,0.0003347103658405959,0.003182355919073232,0.001,0.002182355919073232,0.03293613946295415,0.0,0.03293613946295415,0.031154362789437617,0.0,0.031154362789437617,0.031154362789437617,0.0,0.031154362789437617,0.025184618857162205,0.018951070770411062,0.025402685127528895,0.5014132886342684,0.5014904963195383,0.25201149407376255,0.25341154437580027,0.2465752172919691,0.24509795930466136,0.49071173563523895,0.4961397198200237,0.25499168396320154,0.2549016393205198,0.25429658040155956,0.24895864085945657,0.49642477638656685,0.49899624019568767,0.25863817520079607,0.256724884939317,0.24493704841263708,0.24427887486499533,0.4935698405693347,0.4989284090711021,0.25275921013569047,0.2541343077789293,0.25367094929497486,0.24693728314996863,0.5038082558913364,0.5023070861273626,0.250405376845517,0.2533575427931721,0.24578636726314673,0.24433537107946535,0.5081233247320819,0.5037310588448087,0.2547825555261913,0.2548020117577946,0.23709411974172673,0.24146692939739675
2024-04-04,-0.01879914539207484,-0.021090132494219455,-0.018781731176083755,-0.00018052052002570608,0.0006666666666666666,-0.0008471871866923727,0.003713936033746331,0.0,0.003713936033746331,0.0037139360337463305,0.0,0.0037139360337463305,-0.0037429421334855455,0.0,-0.0037429421334855455,-0.004143521907756502,0.0,-0.004143521907756502,-0.006126847066138086,0.0,-0.006126847066138086,-0.028127732496792086,0.0,-0.028127732496792086,-0.008694097302755461,0.0006666666666666666,-0.009360763969422127,-0.00870265897642249,0.0006666666666666666,-0.009369325643089156,-0.049562657912892105,0.0,-0.049562657912892105,-0.029123822305073654,0.0,-0.029123822305073654,-0.03250363474334994,0.0,-0.03250363474334994,-0.006987230153691737,0.001,-0.007987230153691738,-0.008539227068937338,0.0,-0.008539227068937338,-0.024458547164049826,0.001,-0.025458547164049827,-0.04302947226845294,0.0,-0.04302947226845294,-0.05564792353654713,0.0,-0.05564792353654713,-0.05564792353654713,0.0,-0.05564792353654713,-0.015179102892924047,-0.048560173980311455,-0.004566240023133994,0.49934238945902387,0.5005358715779084,0.2530582335542431,0.2538092510503366,0.24759937698673298,0.245654877371755,0.4906663498242274,0.4961978517605101,0.2542649080067696,0.25441258827659985,0.255068742169003,0.24938955996289003,0.4972431120486815,0.4994862328727372,0.2582657344939548,0.2564130015201924,0.2444911534573637,0.24410076560707036,0.49356683891663305,0.4990357238193401,0.25241411908242617,0.2538520392233088,0.25401904200094083,0.2471122369573511,0.5037391350364201,0.5023925815388698,0.2503921250839043,0.25318478120379656,0.24586873987967564,0.2444226372573336,0.5082168430310128,0.5038702251770855,0.25473411486537517,0.25461763783168195,0.23704904210361216,0.24151213699123264
2024-04-05,0.020605632424922825,0.021177924615171102,0.020604150861467184,0.0332815225559151,0.0,0.0332815225559151,0.03680921852781697,0.0,0.03680921852781697,0.03680921852781697,0.0,0.03680921852781697,0.027242098707810542,0.0,0.027242098707810542,0.01593196421703228,0.0,0.01593196421703228,0.03608729346701274,0.0,0.03608729346701274,0.00036201555825795227,0.0,0.00036201555825795227,-0.004744812182246686,0.0,-0.004744812182246686,0.009027362387392804,0.0,0.009027362387392804,0.019925661246058324,0.0,0.019925661246058324,0.017453546493336747,0.0,0.017453546493336747,0.01018535348004801,0.0,0.01018535348004801,0.00934084547885694,0.0,0.00934084547885694,0.013215345785459798,0.0,0.013215345785459798,0.013240577965144218,0.0,0.013240577965144218,0.029421893619999695,0.0,0.029421893619999695,0.023610328951477466,0.0,0.023610328951477466,0.023610328951477466,0.0,0.023610328951477466,0.015184450949053446,0.023900413645318586,0.030671746672833823,0.4991029310733068,0.500726210193842,0.2531792681991251,0.253136870293452,0.24771780072756797,0.2461369195127059,0.49073949399398425,0.4965444916541808,0.2542814200564349,0.2536879462221069,0.25497908594958085,0.24976756212371232,0.49625810670854287,0.4993037980114601,0.2587719570549198,0.25593321472134933,0.2449699362365373,0.24476298726719053,0.492582974628062,0.49912653946789326,0.2529945276064179,0.2530614906099298,0.25442249776552023,0.24781196992217702,0.5042077746896937,0.5029627234882317,0.2505960198011721,0.2522699830341987,0.2451962055091342,0.24476729347756962,0.5085826924397935,0.5044064463457647,0.25454461198387307,0.25357301845449,0.2368726955763334,0.24202053519974537
2024-04-08,0.006779138706559397,0.005263981778531739,0.0067501191325866705,0.01713217565641837,0.0,0.01713217565641837,0.01406777158370339,0.0,0.01406777158370339,-0.0003639287875201549,0.0006666666666666666,-0.0010305954541868214,-0.0059771615047863325,0.0,-0.0059771615047863325,-0.010822139443688816,0.0,-0.010822139443688816,-0.008224859699100917,0.0,-0.008224859699100917,0.051054757745826754,0.0,0.051054757745826754,0.024748269764716113,0.0,0.024748269764716113,0.002218519777675361,0.0,0.002218519777675361,0.019114416036272563,0.001,0.018114416036272563,0.0011210793285234555,0.0,0.0011210793285234555,-0.007520114664320732,0.0,-0.007520114664320732,0.01082214111363633,0.0,0.01082214111363633,0.0036440007455302292,0.001,0.002644000745530229,0.000983691482165705,0.0,0.000983691482165705,-0.009140714373764014,0.0,-0.009140714373764014,-0.017267241046375725,0.0,-0.017267241046375725,-0.017267241046375725,0.0,-0.017267241046375725,0.022317778450553015,-0.014825586567346005,-0.008891526365767583,0.4989177277624904,0.5003174393079303,0.25327287952490324,0.2532559293877587,0.24780939271260644,0.24642663130431106,0.49080289239826647,0.49626002162581834,0.2537109583024213,0.25347496877651776,0.2554861492993122,0.25026500959766396,0.49617434444908026,0.49894574765122524,0.2584509593058467,0.2558449692782304,0.2453746962450729,0.2452092830705443,0.4929039472067458,0.4988087936499841,0.2530279895816256,0.2531693526598479,0.25406806321162856,0.24802185369016794,0.5040037220545486,0.502471719349759,0.25069850035331004,0.2524006212145038,0.24529777759214139,0.24512765943573717,0.50888770645219,0.5040834342009807,0.25438662065503576,0.25361770091407326,0.23672567289277427,0.242298864884946
2024-04-09,-0.012019817675295467,-0.014636503294355549,-0.012030366553739204,-0.007168081295984119,0.0,-0.007168081295984119,-0.016963159132506823,0.0,-0.016963159132506823,-0.01591022852571248,0.0,-0.01591022852571248,-0.01914038997877987,0.0,-0.01914038997877987,-0.021784066993715635,0.0006666666666666666,-0.0224507336603823,-0.014226029824275527,0.0,-0.014226029824275527,-0.0003135525607343252,0.0,-0.0003135525607343252,-0.02169255286713523,0.0,-0.02169255286713523,-0.012990553833053215,0.0,-0.012990553833053215,0.0012884323440878198,0.001,0.0002884323440878198,-0.0045928235453496224,0.0,-0.0045928235453496224,-0.011509912133446765,0.0,-0.011509912133446765,-0.0029505307283792526,0.0,-0.0029505307283792526,-0.006027013944841397,0.001,-0.007027013944841397,0.00045133459691315547,0.0,0.00045133459691315547,-0.013179041634893085,0.0,-0.013179041634893085,-0.027048775531718527,0.0,-0.027048775531718527,-0.027048775531718527,0.0,-0.027048775531718527,-0.009528464110066246,-0.02523348370433213,-0.014226029824275527,0.49947030414473337,0.5014920874269344,0.25339027650965296,0.25278074333654343,0.2471394193456137,0.24572716923652227,0.4909887665143023,0.4972513186117189,0.2535489388182356,0.2528600744908347,0.255462294667462,0.2498886068974464,0.49807535273405296,0.5007946117215942,0.25806903082544164,0.2551201204944378,0.24385561644050546,0.24408526778396816,0.494023099295604,0.5003819161426701,0.2526991034869997,0.25234541496021057,0.2532777972173963,0.2472726688971194,0.5044761451741461,0.503831421282589,0.25050290451785484,0.2516206693003928,0.24502095030799917,0.24454790941701837,0.5093142077257586,0.5054279819246211,0.254165701286668,0.2528293922341011,0.23652009098757326,0.24174262584127781
2024-04-10,-0.003819243321276369,0.0026246640542139203,-0.0037944436521659057,-0.015297243390171428,0.0,-0.015297243390171428,-0.007156937969485725,0.0,-0.007156937969485725,-0.007090937555696638,0.0,-0.007090937555696638,-0.003699895689580254,0.0,-0.003699895689580254,-0.0030326490923846907,0.0006666666666666666,-0.0036993157590513573,0.002983646444164674,0.0,0.002983646444164674,-0.019874128885566646,0.0,-0.019874128885566646,0.005492360460933968,0.0,0.005492360460933968,-0.004908693912888839,0.0006666666666666666,-0.005575360579555506,-0.012410226626331788,0.0,-0.012410226626331788,-0.003542784737104565,0.0,-0.003542784737104565,0.00811744440538209,0.0,0.00811744440538209,-0.02317882450959008,0.0,-0.02317882450959008,-0.008916980262096197,0.0,-0.008916980262096197,-0.009593021541505597,0.0,-0.009593021541505597,0.003975140159920454,0.0,0.003975140159920454,0.020553895489431873,0.0,0.020553895489431873,0.020553895489431873,0.0,0.020553895489431873,0.00012774197556312693,0.007278170893554981,0.002983646444164674,0.4999572497515895,0.5020055313119203,0.25311612558139873,0.2523632781737625,0.24692662466701173,0.24563119051431723,0.4909457703409961,0.4974997916066236,0.2533505519038781,0.25248049133500217,0.25570367775512576,0.2500197170583742,0.4989756789954972,0.5015147459338742,0.2573774023099613,0.25449391653804376,0.24364691869454147,0.2439913375280821,0.4944610224248233,0.5008881920246,0.25266397727160794,0.25195810111293515,0.25287500030356874,0.2471537068624649,0.5044959469661209,0.5041997171232282,0.2502983747680288,0.25117745228675403,0.24520567826585035,0.24462283059001783,0.5100420958090163,0.5060299462413836,0.2537886694099513,0.2523292495185885,0.2361692347810324,0.2416408042400279
2024-04-11,0.01660948860441222,0.02133701246632239,0.016607730729560136,0.026715568356751263,0.0,0.026715568356751263,0.013205888480737855,0.0,0.013205888480737855,0.02459467984662944,0.0006666666666666666,0.023928013179962775,0.002081407475859202,0.0,0.002081407475859202,0.003461792835772008,0.0,0.003461792835772008,0.004424961870208391,0.0,0.004424961870208391,0.0217745708483373,0.0,0.0217745708483373,0.017352509275378975,0.0,0.017352509275378975,-0.00926501058548305,0.0,-0.00926501058548305,0.03177815508136117,0.0,0.03177815508136117,0.033043858686931826,0.0,0.033043858686931826,0.04227493513524039,0.0,0.04227493513524039,-0.004138811809064613,0.0,-0.004138811809064613,0.003202214162139727,0.0,0.003202214162139727,0.0016532613696927934,0.0,0.0016532613696927934,-0.00015298267427571455,0.001,-0.0011529826742757146,0.02507693862779814,0.0,0.02507693862779814,0.02507693862779814,0.0,0.02507693862779814,0.025333990483389874,0.029750116276838767,0.004424961870208391,0.4995281727850083,0.5016588283448282,0.25333158572970826,0.2525939858329862,0.24714024148528352,0.24574718582218563,0.49076949862054964,0.49727949126259885,0.2532596184485817,0.2525580021924229,0.25597088293086884,0.2501625065449783,0.4979263458960136,0.5008579149003308,0.25820795132640645,0.25503216863133527,0.2438657027775799,0.24410991646833385,0.4936891941214154,0.5004563882761813,0.25273978645084255,0.252147908106075,0.253571019427742,0.24739570361774368,0.5037648132324748,0.5037813425828309,0.250685309450507,0.25146993069596424,0.24554987731701822,0.24474872672120485,0.5091720327051583,0.5055657250088165,0.2542393451834046,0.25264276248782047,0.2365886221114371,0.24179151250336306
2024-04-12,-0.025803980299945312,-0.025247405682451502,-0.025800220107193027,-0.0167539960346621,0.0,-0.0167539960346621,-0.015937693480325955,0.0,-0.015937693480325955,-0.02392601697920449,0.0,-0.02392601697920449,-0.011244947390871673,0.0006666666666666666,-0.01191161405753834,-0.005044759193773489,0.0006666666666666666,-0.005711425860440156,-0.012037846361562576,0.0,-0.012037846361562576,-0.04703735924903696,0.0,-0.04703735924903696,-0.04309571300590283,0.0,-0.04309571300590283,-0.02328997940797576,0.0006666666666666666,-0.023956646074642426,-0.0407401380969849,0.0,-0.0407401380969849,-0.024371547429148988,0.0,-0.024371547429148988,-0.03297534419810366,0.0,-0.03297534419810366,-0.016642910077685813,0.0,-0.016642910077685813,-0.02359323490891513,0.0,-0.02359323490891513,-0.02359323490891513,0.001,-0.02459323490891513,-0.04083044937202335,0.0,-0.04083044937202335,-0.034880921415111954,0.0,-0.034880921415111954,-0.034880921415111954,0.0,-0.034880921415111954,-0.028151022685106865,-0.03219276774924299,-0.012037846361562576,0.49995929854674837,0.502085379751932,0.25283191670983385,0.2525665656513389,0.2472087847434178,0.24534805459672915,0.4906716430262951,0.49744155199170537,0.2532825315981608,0.25279187309550233,0.2560458253755441,0.2497665749127923,0.49883626933164893,0.5015238651443823,0.25843970010602435,0.25537045734943414,0.24272403056232672,0.24310567750618362,0.49337996539501144,0.5006370674216212,0.2526486240719575,0.25241585972095143,0.2539714105330311,0.2469470728574274,0.503419663122031,0.5039501676715377,0.2509000479787841,0.2518388296102042,0.24568028889918486,0.24421100271825816,0.5077953591559762,0.5053941473627396,0.2549524353188433,0.25317611743242374,0.2372522055251806,0.24142973520483674
2024-04-15,-0.02791373468124094,-0.041914697241421286,-0.0279172987807566,-0.03672392264310287,0.0,-0.03672392264310287,-0.04354437408550263,0.0,-0.04354437408550263,-0.04220232969309804,0.0,-0.04220232969309804,-0.008637830450177925,0.0,-0.008637830450177925,-0.009504978181438396,0.0,-0.009504978181438396,-0.007703084350259125,0.0,-0.007703084350259125,-0.05249850706769395,0.0006666666666666666,-0.05316517373436062,-0.03577240700418246,0.0,-0.03577240700418246,0.002915777697296155,0.0,0.002915777697296155,-0.0003782128958191855,0.001,-0.0013782128958191855,-0.014070497250323888,0.001,-0.015070497250323889,-0.008342352193727809,0.001,-0.00934235219372781,-0.012339813866686977,0.0,-0.012339813866686977,-0.006769295954862642,0.0,-0.006769295954862642,-0.006769295954862642,0.0,-0.006769295954862642,-0.032678225890643064,0.0,-0.032678225890643064,-0.027950932704209286,0.0,-0.027950932704209286,-0.030501822308512616,0.001,-0.03150182230851262,-0.05843364858283532,-0.037561833952102996,-0.01231432901972825,0.5001236901444415,0.5020135710791264,0.25295840967126776,0.2524457885901937,0.24691790018429083,0.24554064033068002,0.4905131036573385,0.49720827783557486,0.25353058630763664,0.2527318769083781,0.2559563100350249,0.2500598452560471,0.4981421889610452,0.5010228204874282,0.25829382046187643,0.255113493985498,0.2435639905770784,0.24386368552707383,0.49274707364249826,0.5002218471512779,0.253193368430321,0.252349033813116,0.2540595579271808,0.24742911903560605,0.5038105074207048,0.5038727802980861,0.25072861870855045,0.25153566640493175,0.2454608738707448,0.24459155329698218,0.5074830818605496,0.5050847298632349,0.25511418888708937,0.2529829045638496,0.23740272925236108,0.24193236557291553
2024-04-16,0.008875112128370558,0.015109283636349499,0.008887870690712401,0.00299372308439072,0.0,0.00299372308439072,0.01689087529888833,0.0,0.01689087529888833,0.010851263614269874,0.0,0.010851263614269874,0.010119844347604377,0.0006666666666666666,0.00945317768093771,0.0047713926404069715,0.0,0.0047713926404069715,0.0010059888663409935,0.0,0.0010059888663409935,-0.0045906246716787,0.0006666666666666666,-0.005257291338345367,-0.010556661407046917,0.0,-0.010556661407046917,0.0004903011243674315,0.0006666666666666666,-0.0001763655422992352,0.0027850037044866993,0.001,0.0017850037044866993,0.019142170566968875,0.0,0.019142170566968875,0.01322067751631062,0.0,0.01322067751631062,-0.0026452051464869175,0.0,-0.0026452051464869175,-0.002778871741909661,0.0,-0.002778871741909661,-0.005071780518869473,0.001,-0.006071780518869473,0.019396511359704105,0.001,0.018396511359704104,0.06346258617055178,0.0,0.06346258617055178,0.014947297882616839,0.0,0.014947297882616839,0.005749716154901053,0.047122286253968707,0.0014162049628745343,0.5004469582850636,0.5015221085432944,0.2527596303196067,0.252348477338904,0.24679341139532973,0.2461294141178017,0.4905111002481989,0.49655417952486197,0.2534833870219764,0.2527103556900888,0.25600551272982464,0.25073546478504916,0.49640747507053945,0.4995023669360322,0.25816453803508926,0.25505093119664524,0.24542798689437126,0.24544670186732245,0.4933151423457674,0.49953416037112497,0.25275744558835195,0.252207964364151,0.2539274120658808,0.24825787526472404,0.5035180709457124,0.5029011268091068,0.2508763892569626,0.2515872157747925,0.2456055397973248,0.24551165741610054,0.5073247752211565,0.5041573392200034,0.2552879139950917,0.2530430189383751,0.23738731078375175,0.24279964184162145
2024-04-17,-0.016331751206668906,-0.017933187905970836,-0.016334901441249168,-0.012886730124844425,0.0006666666666666666,-0.013553396791511092,-0.0153053544504127,0.0,-0.0153053544504127,-0.011787518644794142,0.0,-0.011787518644794142,-0.008823436127153972,0.0,-0.008823436127153972,-0.013623768065102829,0.0,-0.013623768065102829,-0.009603850342544665,0.0,-0.009603850342544665,-0.01008329680044521,0.0,-0.01008329680044521,-0.007373779306951378,0.0,-0.007373779306951378,0.0007463985868044385,0.0006666666666666666,7.973192013777184e-05,-0.03687333889881311,0.001,-0.037873338898813114,-0.04409108509526449,0.0,-0.04409108509526449,-0.03497210671780465,0.001,-0.03597210671780465,-0.006924965384082771,0.0,-0.006924965384082771,-0.005532358288737216,0.001,-0.006532358288737216,-0.007331790088919321,0.0,-0.007331790088919321,-0.02704150995082072,0.001,-0.02804150995082072,-0.01122089878570759,0.0,-0.01122089878570759,-0.009176376447162515,0.0,-0.009176376447162515,-0.02269545141330583,-0.0146922426958986,-0.011531920320216807,0.4998739540009489,0.5007402330546972,0.2532081101211159,0.2534214483593248,0.24691793587793515,0.245838318585978,0.49085608574229533,0.4962312989253704,0.2534123953438533,0.2535235909706935,0.2557315189138513,0.2502451101039361,0.49641995165521974,0.49901323188183255,0.25788387628920795,0.2557593314433708,0.24569617205557237,0.2452274366747966,0.4925597917537996,0.4986210943914123,0.25329200036642413,0.25352166714126756,0.25414820787977627,0.2478572384673201,0.50361058998438,0.5022678578075038,0.25091544330268173,0.25273740331023253,0.2454739667129383,0.24499473888226359,0.5065507521578247,0.5032381113247406,0.2565957411740708,0.25461190160779096,0.23685350666810429,0.24214998706746838
2024-04-18,-0.008235641967955414,-0.011134949407620035,-0.008246470320536783,-0.012405663106179852,0.0006666666666666666,-0.013072329772846518,-0.016867861981483746,0.0,-0.016867861981483746,-0.006076126703431086,0.0,-0.006076126703431086,-0.00889225047736586,0.0,-0.00889225047736586,-0.01026394538965747,0.0,-0.01026394538965747,-0.009294214080624733,0.0,-0.009294214080624733,0.008331499494525644,0.0,0.008331499494525644,0.0072568547351044375,0.0,0.0072568547351044375,0.004345722542560049,0.0,0.004345722542560049,-0.0055274977127423575,0.0,-0.0055274977127423575,-0.007415066173587781,0.0,-0.007415066173587781,-0.029147372797476256,0.001,-0.030147372797476257,-0.0011503621727515512,0.0,-0.0011503621727515512,-0.006894549496943514,0.0,-0.006894549496943514,-0.004375556187874885,0.0,-0.004375556187874885,-0.002338248202822135,0.0,-0.002338248202822135,-0.02176960346099871,0.0,-0.02176960346099871,-0.02176960346099871,0.001,-0.02276960346099871,-0.008097618351359505,-0.018265441748601636,-0.009960880747291399,0.49987473295293583,0.5004897927756713,0.2531153636077658,0.25346134885273075,0.24700990343929824,0.24604885837159785,0.4910020293572414,0.4960534409778241,0.25323233653768856,0.2535198353176922,0.25576563410507014,0.25042672370448377,0.49608672478112176,0.4985957886897643,0.25785744796129145,0.2558323910294936,0.2460558272575868,0.2455718202807421,0.49267262518706895,0.49832221755266537,0.25301943337192634,0.2535473268581918,0.2543079414410047,0.24813045558914285,0.5036107322677066,0.5019317928892757,0.25093620240012493,0.2528598606374974,0.24545306533216857,0.24520834647322692,0.5056162814497734,0.5025936241193578,0.25702868859394495,0.254870381081458,0.23735502995628163,0.24253599479918422
2024-04-19,-0.03423657998577531,-0.05540805219541567,-0.034241357473795205,-0.019494440537459485,0.0,-0.019494440537459485,-0.033335499957668525,0.0,-0.033335499957668525,-0.03479349086697148,0.0,-0.03479349086697148,-0.018808510929429107,0.0,-0.018808510929429107,-0.024393144970422886,0.0,-0.024393144970422886,-0.019840311200973775,0.0,-0.019840311200973775,-0.013239579278638206,0.0,-0.013239579278638206,-0.0043916698544006864,0.0,-0.0043916698544006864,0.020821330439959002,0.0,0.020821330439959002,-0.039198072455565725,0.0,-0.039198072455565725,-0.06248768480864564,0.0,-0.06248768480864564,-0.03963565724829249,0.0,-0.03963565724829249,-0.0005538853164112623,0.0,-0.0005538853164112623,-0.015203333613683367,0.001,-0.01620333361368337,-0.011764248368365648,0.0,-0.011764248368365648,-0.025305741150060235,0.0,-0.025305741150060235,-0.15272155711950863,0.0,-0.15272155711950863,-0.053645461311924214,0.001,-0.054645461311924215,-0.032150914788029374,-0.13582972853856032,-0.019840311200973775,0.4997940131561249,0.5006091973622582,0.2528728548951309,0.25315016081565034,0.2473331319487442,0.24624064182209154,0.4910484449455737,0.49623641325698253,0.25318333372591384,0.25330540023104176,0.2557682213285125,0.2504581865119757,0.4962177517305403,0.49882106664946585,0.2578673526578109,0.2556474096969903,0.24591489561164892,0.2455315236535439,0.4933691131425059,0.4987661429878492,0.25327670913474415,0.25337771672769926,0.25335417772275,0.24785614028445152,0.5038468870489615,0.5022238083769796,0.25075121370292375,0.25254430323519855,0.24540189924811473,0.2452318883878219,0.5066614736638781,0.5031526219599021,0.25651115528489027,0.2544450839572475,0.23682737105123153,0.24240229408285047
2024-04-22,0.018112778851844532,0.02731268046362932,0.01812224021902336,0.014355441451495032,0.0,0.014355441451495032,0.004655059723816635,0.0,0.004655059723816635,0.001851584758210271,0.0,0.001851584758210271,0.011395724814316239,0.0006666666666666666,0.010729058147649573,0.014389228752107242,0.0,0.014389228752107242,0.011584622138103665,0.0,0.011584622138103665,0.04028763813318951,0.0,0.04028763813318951,0.03308581345453865,0.0,0.03308581345453865,0.004248749761313323,0.0006666666666666666,0.003582083094646656,0.006325289312675231,0.001,0.005325289312675231,0.026133577799270613,0.0,0.026133577799270613,0.018282146978566227,0.0,0.018282146978566227,0.006493774614602099,0.0,0.006493774614602099,0.007098199251220794,0.0,0.007098199251220794,0.012551151531101534,0.001,0.011551151531101533,0.027691307568215695,0.001,0.026691307568215694,0.009426848887520545,0.0,0.009426848887520545,0.009426848887520545,0.001,0.008426848887520544,0.043923447462446585,0.009634565819768959,0.011584622138103665,0.5005585140031069,0.5010700864139034,0.2525245958489052,0.2525415547002416,0.24691689014798787,0.24638835888585495,0.4912214363982489,0.49640154761147437,0.2529756705677987,0.25276709205968834,0.2558028930339524,0.25083136032883724,0.4951063062197675,0.49834398252223366,0.25776827702623506,0.2551633952889065,0.24712541675399738,0.2464926221888597,0.4936639111177044,0.4989688020813914,0.2528538212063073,0.25265596507763866,0.25348226767598825,0.2483752328409699,0.5045531363233711,0.5025622463992614,0.250278829804032,0.2518062179148878,0.2451680338725968,0.24563153568585072,0.507957644451646,0.5036857340815921,0.2558372118394308,0.2536404839865694,0.23620514370892315,0.24267378193183842
2024-04-23,0.0377984048342941,0.0420445564877999,0.037799493060474997,0.06329741274555752,0.0006666666666666666,0.06263074607889085,0.06319914497402272,0.0,0.06319914497402272,0.06429435610070455,0.0,0.06429435610070455,0.030547673296726287,0.0006666666666666666,0.02988100663005962,0.038228712957951716,0.0,0.038228712957951716,0.03834665951938954,0.0,0.03834665951938954,0.039062330925436685,0.0,0.039062330925436685,0.02258273506605923,0.0,0.02258273506605923,0.012243289098416469,0.0,0.012243289098416469,0.020702060415062618,0.0,0.020702060415062618,0.02976336797431267,0.0,0.02976336797431267,0.03222988146739725,0.0,0.03222988146739725,0.011716071515014304,0.001,0.010716071515014303,0.010151187863945088,0.0,0.010151187863945088,0.02720058749083476,0.0,0.02720058749083476,0.028529717853045367,0.001,0.027529717853045366,0.051644217850281726,0.0,0.051644217850281726,0.051644217850281726,0.0,0.051644217850281726,0.044901105270252,0.039931738902227044,0.03834665951938954,0.5011405364070596,0.5022359056285575,0.2523037310366338,0.25196242018569964,0.2465557325563066,0.24580167418574278,0.49110333353720304,0.49721730419362925,0.2531093225483714,0.25236521594156847,0.2557873439144257,0.25041747986480234,0.49624126501496363,0.4997862699325095,0.25796873035689216,0.2547949198458288,0.2457900046281442,0.24541881022166157,0.49277791001142346,0.4998486644533069,0.25350534877268216,0.252242908349278,0.2537167412158943,0.24790842719741502,0.5044057043259377,0.5036858365770965,0.25023745796874547,0.25116450438397886,0.24535683770531674,0.24514965903892438,0.5088889651427025,0.505165312646629,0.25537871422118985,0.2528611189472855,0.23573232063610763,0.2419735684060854
2024-04-24,-0.0038129585894141078,0.0025663986302911224,-0.003835884378071852,-0.03337394517457851,0.0006666666666666666,-0.03404061184124518,-0.028816997613877942,0.0,-0.028816997613877942,-0.031239780318780608,0.0,-0.031239780318780608,-0.015787914918271768,0.0,-0.015787914918271768,0.00010774660794439939,0.0,0.00010774660794439939,-0.005984282304009084,0.0,-0.005984282304009084,-0.0230423804142326,0.0,-0.0230423804142326,-0.01426553969003552,0.0,-0.01426553969003552,-0.002692525360327306,0.0,-0.002692525360327306,0.02946913007898949,0.0,0.02946913007898949,-0.010232551101421183,0.0,-0.010232551101421183,-0.008153238505651472,0.0,-0.008153238505651472,-0.009056486136974351,0.001,-0.010056486136974352,0.020420070539923896,0.0,0.020420070539923896,0.0017954516100076034,0.0,0.0017954516100076034,0.03171606296908175,0.0,0.03171606296908175,0.029417957581072907,0.0,0.029417957581072907,0.029417957581072907,0.0,0.029417957581072907,-0.0012207389958801551,0.020410626978193028,-0.007973059122557894,0.5011405364070596,0.502386871257667,0.2523037310366338,0.25190658767528173,0.2465557325563066,0.24570654106705114,0.49066211332838683,0.49714765971833064,0.2533256178809266,0.25241753109742815,0.25601226879068645,0.25043480918424105,0.49737109889271996,0.5005021525004972,0.2576628269007091,0.2545861356073194,0.244966074206571,0.2449117118921833,0.49223753143232823,0.4998726334652122,0.25370967432031233,0.252235520216036,0.2540527942473593,0.24789184631875166,0.5039918500730483,0.5037515586166498,0.25000248496127625,0.2510121477275541,0.2460056649656755,0.24523629365579602,0.5077096008966991,0.5049784163884546,0.25599198597312733,0.25298868306146494,0.23629841313017347,0.24203290055008034
2024-04-25,0.012575103694112195,0.018192044357600003,0.012543065040393788,0.005884897196317204,0.0006666666666666666,0.005218230529650537,-0.006527616993775243,0.0,-0.006527616993775243,-0.0011092509436120643,0.0,-0.0011092509436120643,0.019653427725340917,0.0,0.019653427725340917,0.012855807431904287,0.0,0.012855807431904287,-0.008777903784218275,0.0,-0.008777903784218275,-0.006035684265371599,0.0,-0.006035684265371599,-0.00045873240762395184,0.0,-0.00045873240762395184,-0.008107257061735354,0.0,-0.008107257061735354,0.015496674428186696,0.001,0.014496674428186695,0.03104095670849194,0.0,0.03104095670849194,0.004815235577680599,0.0,0.004815235577680599,0.0044428216366195206,0.0,0.0044428216366195206,-0.0010403973761223817,0.0,-0.0010403973761223817,0.03763011768943769,0.0,0.03763011768943769,0.029136028122284552,0.001,0.02813602812228455,0.0558232658501433,0.0,0.0558232658501433,0.0558232658501433,0.0,0.0558232658501433,0.005094110612821205,0.04750399257463848,0.014882399229279326,0.5009291547319237,0.5020803548358939,0.25247411091960364,0.25246358188654766,0.24659673434847265,0.24545606327755848,0.48998855161049076,0.4966100532751774,0.2538237360165181,0.25313839443500485,0.2561877123729911,0.25025155228981766,0.4966140401848294,0.4999227975623467,0.25774525521932107,0.2550991540364064,0.24564070459584947,0.24497804840124687,0.4942668724343064,0.50027320971303,0.25264048170975734,0.25251490437605933,0.25309264585593616,0.2472118859109106,0.5028763626646728,0.5031143414890509,0.2510507668693764,0.2519902984787336,0.2460728704659508,0.24489536003221543,0.5078302222935568,0.5047491151665826,0.25592926260702337,0.2536002020721571,0.23624051509941987,0.24165068276126023
2024-04-26,0.028612897172266172,0.04459640511125873,0.028603392066917185,-0.00899288105457522,0.0,-0.00899288105457522,0.026257702489246155,0.0,0.026257702489246155,0.020255965789160668,0.0,0.020255965789160668,0.007528294926907837,0.0,0.007528294926907837,0.014277563147487921,0.0,0.014277563147487921,0.014277563147487921,0.0006666666666666666,0.013610896480821255,0.04893710426220768,0.0,0.04893710426220768,0.01937719540607078,0.0006666666666666666,0.018710528739404115,-0.005778866823761867,0.0,-0.005778866823761867,0.04271447446967114,0.001,0.04171447446967114,0.055627096144097665,0.0,0.055627096144097665,0.04548617541588973,0.001,0.04448617541588973,0.00709523147545843,0.0,0.00709523147545843,-0.0029695743956631993,0.0,-0.0029695743956631993,0.014461481485606553,0.0,0.014461481485606553,0.03798957513969459,0.001,0.036989575139694586,0.06185238930403769,0.0,0.06185238930403769,0.06185238930403769,0.0,0.06185238930403769,0.0483740663359901,0.04569080409837101,0.03569267529217009,0.5014052115494618,0.5016255537620469,0.2520914656958292,0.2530507863796826,0.24650332275470904,0.2453236598582707,0.4909149606190118,0.49638042829682183,0.25394087463569376,0.25397549084961485,0.25514416474529444,0.24964408085356338,0.4965171201265089,0.4991815080505704,0.257996931999099,0.2560035195313175,0.24548594787439207,0.2448149724181122,0.49408641492465516,0.4992852672281395,0.25342719649207307,0.2538177465749532,0.2524863885832718,0.24689698619690736,0.5021572528930219,0.5019486437577005,0.2504032665654549,0.2528198496991692,0.24743948054152312,0.2452315065431303,0.5066826060387919,0.5034420102958046,0.25652602534041696,0.2548403600949067,0.23679136862079114,0.24171762960928875
2024-04-29,0.0017416867508025088,-0.0013568326564763217,0.001730798032348333,-0.004461618013233785,0.0006666666666666666,-0.005128284679900452,-0.008704977303237013,0.0,-0.008704977303237013,-0.004947302990672031,0.0,-0.004947302990672031,0.02595960058825978,0.0,0.02595960058825978,0.015732669125370746,0.0,0.015732669125370746,0.015732669125370746,0.0,0.015732669125370746,-0.024248137643104885,0.0006666666666666666,-0.02491480430977155,-0.029811679796707288,0.0,-0.029811679796707288,0.001848637959318296,0.0006666666666666666,0.0011819712926516295,0.0007389853350848186,0.001,-0.00026101466491518146,0.005555395197983093,0.0,0.005555395197983093,-0.0019644499795469783,0.0,-0.0019644499795469783,0.004733049778835041,0.0,0.004733049778835041,0.006128933096501976,0.0,0.006128933096501976,0.004194913593062566,0.001,0.003194913593062566,0.026196973385866018,0.001,0.025196973385866017,0.026196973385866018,0.0,0.026196973385866018,0.026196973385866018,0.0,0.026196973385866018,-0.023433155627186397,0.026531938137007046,0.01506600245870408,0.4997102898621493,0.5009770828371909,0.25310604063591335,0.2535871908871151,0.24718366950193743,0.24543572627569413,0.4905782801538703,0.49641107798305134,0.2541266466372699,0.2540974938877934,0.2552950732088597,0.24949142812915526,0.49873000839855963,0.500486942105396,0.25750703290646343,0.2557876870223902,0.2437629586949769,0.24372537087221385,0.4937958943479982,0.49945604192903514,0.25371926006243944,0.2539531443832773,0.2524848455895625,0.2465908136876877,0.5022303938598416,0.5022394267679434,0.2499109659426794,0.25269640732375653,0.2478586401974792,0.24506416590830019,0.5059996687012778,0.5034832874656173,0.2568811541132792,0.25499656942005444,0.23711917718544293,0.24152014311432823
2024-04-30,-0.025656528548038605,-0.02927770743241838,-0.0256497392505507,-0.018450013399689286,0.0,-0.018450013399689286,-0.0306694809865388,0.0,-0.0306694809865388,-0.034201194749157574,0.0,-0.034201194749157574,-0.022206008920313915,0.0,-0.022206008920313915,-0.019772825238530745,0.0,-0.019772825238530745,-0.019772825238530745,0.0,-0.019772825238530745,-0.04964096011488135,0.0006666666666666666,-0.05030762678154802,-0.028700844142672967,0.0,-0.028700844142672967,-0.006949600316864053,0.0,-0.006949600316864053,-0.019870446267649944,0.0,-0.019870446267649944,-0.024976773188387535,0.0,-0.024976773188387535,-0.013841228634078162,0.0,-0.013841228634078162,-0.020228953015321016,0.0,-0.020228953015321016,-0.014514870747564856,0.0,-0.014514870747564856,-0.0151563275090551,0.0,-0.0151563275090551,-0.027211473383267848,0.0,-0.027211473383267848,-0.027211473383267848,0.0,-0.027211473383267848,-0.027211473383267848,0.0,-0.027211473383267848,-0.03658111921631472,-0.024080741710583383,-0.019772825238530745,0.4998005754720782,0.4999002877360391,0.25296169851555583,0.2542381087284062,0.247237726012366,0.24586160353555475,0.4911150140651479,0.49555750703257395,0.25385889521699156,0.25468670707912405,0.2550260907178606,0.24975578588830205,0.498194500459728,0.499097250229864,0.2569661510114333,0.2562403349763449,0.24483934852883874,0.2446624147937911,0.49368738647526117,0.4979168375368362,0.2539735327902124,0.25500599351141195,0.2523390807345264,0.24707716895175186,0.5022337985178255,0.5007371535108824,0.2499859291182021,0.25369008429964857,0.24778027236397246,0.24557276218946905,0.505947176194499,0.5019625681441847,0.25690845032113435,0.2559745162966162,0.23714437348436662,0.24206291555919912
2024-05-01,-0.018072795805287062,-0.024899006014620154,-0.01810313020495895,0.001862104792402378,0.0006666666666666666,0.0011954381257357114,-0.0027587358904401786,0.0,-0.0027587358904401786,0.0016251739341821923,0.0,0.0016251739341821923,0.001021176154066568,0.0,0.001021176154066568,-0.012693305999012564,0.0,-0.012693305999012564,-0.012693305999012564,0.0,-0.012693305999012564,0.019461211178227595,0.0,0.019461211178227595,0.0035324483652282943,0.0,0.0035324483652282943,-0.004723190074117515,0.0006666666666666666,-0.0053898567407841816,-0.046185699624407106,0.0,-0.046185699624407106,-0.036314994621336916,0.0,-0.036314994621336916,-0.03387967777029094,0.0,-0.03387967777029094,-0.004039722031411619,0.0,-0.004039722031411619,0.06675041196958664,0.0,0.06675041196958664,-0.003987389053791368,0.001,-0.004987389053791368,-0.09424204681785525,0.0,-0.09424204681785525,-0.09424204681785525,0.0,-0.09424204681785525,-0.09424204681785525,0.0,-0.09424204681785525,-0.010575671454004433,-0.06462924923208109,-0.012693305999012564,0.5005337267192352,0.5002668633596177,0.2526835240285036,0.2540425070318748,0.24678274925226112,0.24569062960850752,0.49098731284176905,0.4954936564208845,0.2539225993787979,0.254662044707022,0.2550900877794331,0.24984429887209353,0.49651851964739335,0.4982592598236967,0.25724975184401094,0.2563256209396285,0.24623172850859576,0.24541511923667486,0.4936639370733368,0.4979090992342011,0.2536892852337064,0.25483646245073793,0.25264677769295674,0.24725443831506086,0.5019505772262058,0.500643690484648,0.25014493947340827,0.25366682834983956,0.24790448330038597,0.2456894811655125,0.505947176194499,0.5019625681441847,0.25690845032113435,0.2558987869295892,0.23714437348436662,0.2421386449262261
2024-05-02,0.027212004511071995,0.03745018713369929,0.027208840106039692,0.03197219060138856,0.0006666666666666666,0.03130552393472189,0.029245192774836726,0.0,0.029245192774836726,0.015970253069050384,0.0,0.015970253069050384,0.021488586559099465,0.0,0.021488586559099465,0.010582973013543976,0.0,0.010582973013543976,0.010582973013543976,0.0,0.010582973013543976,0.05721326946905828,0.0,0.05721326946905828,0.028686158613438185,0.0,0.028686158613438185,-0.003209206278794989,0.0006666666666666666,-0.0038758729454616554,0.008855112076427085,0.0,0.008855112076427085,0.028733480783005194,0.0,0.028733480783005194,0.028701901256035667,0.0,0.028701901256035667,0.008092521852808066,0.001,0.0070925218528080656,0.005312831968421472,0.0,0.005312831968421472,0.002779160140246817,0.0,0.002779160140246817,0.04002244577227421,0.001,0.039022445772274206,0.03701934530398432,0.0,0.03701934530398432,0.03701934530398432,0.0,0.03701934530398432,0.05655806563525267,0.025664830153311263,0.010582973013543976,0.500627576158862,0.500868646166236,0.2525211271644778,0.2531895110571554,0.24685129667666025,0.24594184277660858,0.49170710739939594,0.496408411786503,0.25356352757233325,0.25371071126108313,0.2547293650282708,0.24988087695241387,0.49758371770751436,0.4993467169405622,0.25694072234258686,0.25539930864620997,0.24547555994989884,0.24525397441322788,0.49308202374917726,0.49846057767354723,0.25391602963631055,0.25387707939637066,0.2530019466145122,0.24766234293008216,0.500546260558579,0.5009237758206498,0.252292015792308,0.2533411548278498,0.24716172364911304,0.24573506935150047,0.505947176194499,0.5027060779805035,0.25690845032113435,0.2548645782223625,0.2371443734843666,0.24242934379713413
2024-05-03,0.011382154887015737,0.009398279151676703,0.011372924484969411,0.017847418005707105,0.0,0.017847418005707105,0.024139899322391356,0.0,0.024139899322391356,0.019403363031659238,0.0,0.019403363031659238,0.0117627274201831,0.0,0.0117627274201831,0.01653433851142805,0.0,0.01653433851142805,0.01653433851142805,0.0,0.01653433851142805,-0.004844772947463364,0.0,-0.004844772947463364,-0.00828273194524572,0.0,-0.00828273194524572,-0.004974709078757633,0.0,-0.004974709078757633,0.025738094678606327,0.001,0.024738094678606326,0.02797492069337315,0.0,0.02797492069337315,0.009272165661603715,0.001,0.008272165661603714,0.012843647499131139,0.001,0.011843647499131138,0.001960819732578778,0.0,0.001960819732578778,0.004257544546308778,0.0,0.004257544546308778,0.01148606388255613,0.0,0.01148606388255613,0.017789244021981898,0.0,0.017789244021981898,0.01148606388255613,0.001,0.01048606388255613,0.00684010920179116,0.01885752223800933,0.004842383884012998,0.5010800100716377,0.5019279388947668,0.2526400056803151,0.2530218268911165,0.24627998424804715,0.24505023421411665,0.49227950523111963,0.49752768647450774,0.2532779850918078,0.2533408165968629,0.25444250967707255,0.24913149692862935,0.4995364631550035,0.5011561654364497,0.2567970989245219,0.25510037351321996,0.2436664379204745,0.24374346105033035,0.492039468078375,0.49923285583685395,0.25443908960647876,0.25374534379842306,0.2535214423151462,0.247021800364723,0.5007055108998046,0.5020926499679257,0.25227798057686773,0.25303217781865145,0.24701650852332763,0.24487517221342286,0.5060523238265188,0.5038570982337414,0.2568537733435005,0.25454218943164025,0.2370939028299806,0.24160071233461833
2024-05-06,0.025559266315823947,0.030599495731841266,0.025554617438975302,0.021064499305541252,0.0,0.021064499305541252,0.016352312078774373,0.0,0.016352312078774373,0.019133323659116908,0.0006666666666666666,0.01846665699245024,0.012684429919678292,0.0,0.012684429919678292,0.022364057905962742,0.0,0.022364057905962742,0.022364057905962742,0.0,0.022364057905962742,0.025474868728893776,0.0,0.025474868728893776,0.012452592709492134,0.0,0.012452592709492134,0.018593111381837835,0.0,0.018593111381837835,0.040868296750507294,0.0,0.040868296750507294,0.03451105290028533,0.0,0.03451105290028533,0.03451105290028533,0.002,0.03251105290028533,0.0048278407122430145,0.001,0.0038278407122430145,0.012233795903809352,0.0,0.012233795903809352,0.00915699436747941,0.0,0.00915699436747941,0.03975349361692537,0.0,0.03975349361692537,0.05328655559780471,0.0,0.05328655559780471,0.05328655559780471,0.001,0.05228655559780471,0.028629642283569824,0.04303828711760101,0.021697391239296076,0.5008723738034905,0.5016889355343821,0.25286924342407757,0.25338829472731367,0.24625838277243187,0.2449227697383042,0.4920290573348443,0.49726727730005893,0.25340292182214014,0.253655133926345,0.25456802084301566,0.2490775887735961,0.4996323835705341,0.5010689404179038,0.25666103997217476,0.2552841930013623,0.2437065764572911,0.2436468665807338,0.4923851788149874,0.49916579217667917,0.2547909915940483,0.25419894906650425,0.2528238295909643,0.24663525875681652,0.5011646967385839,0.502063033091466,0.2519858261882479,0.25327324448259014,0.2468494770731682,0.2446637224259438,0.5059053938746559,0.5036274631463697,0.2571193124508952,0.25496729494926373,0.23697529367444886,0.2414052419043664
2024-05-07,-0.008695811338464657,-0.01402907965985751,-0.008693616490571114,0.0030330495960878925,0.0006666666666666666,0.002366382929421226,-0.0066203832989770355,0.0,-0.0066203832989770355,-0.0015011646357166637,0.0006666666666666666,-0.0021678313023833305,0.0016070674978997022,0.0,0.0016070674978997022,0.004865740716831398,0.0,0.004865740716831398,0.0048657407168313975,0.0,0.0048657407168313975,-0.03351330770640234,0.0,-0.03351330770640234,-0.016190076900643075,0.0,-0.016190076900643075,-4.1918767089625165e-05,0.0,-4.1918767089625165e-05,-0.008162230905637669,0.0,-0.008162230905637669,-0.0113904600158517,0.0,-0.0113904600158517,-0.0113904600158517,0.0,-0.0113904600158517,0.0038576980850101306,0.001,0.0028576980850101305,0.005220395204343642,0.0,0.005220395204343642,0.0032917444412173813,0.001,0.0022917444412173813,-0.018740870684565425,0.001,-0.019740870684565426,-0.018740870684565425,0.0,-0.018740870684565425,-0.018740870684565425,0.0,-0.018740870684565425,-0.02550624452531347,-0.009429138479415695,0.0048657407168313975,0.5010649903024456,0.5016809943729992,0.2527162858051772,0.25364370099751277,0.24621872389237717,0.24467530462948817,0.49152101442303914,0.49690900643329594,0.2536563606459969,0.2541137384179226,0.254822624930964,0.2489772551487816,0.5001589856013484,0.5012279920224505,0.2562298901025885,0.2554005031462184,0.24361112429606308,0.24337150483133113,0.49277114007256834,0.49915346518112785,0.25465052129288174,0.2545973198738493,0.25257833863455,0.24624921494502294,0.5008033068795412,0.5018040802274288,0.2522490091365158,0.25380482086224854,0.24694768398394293,0.24439109891032262,0.5053675207023128,0.5033102707889435,0.2573992134628555,0.25550438828994065,0.23723326583483156,0.24118534092111588
2024-05-08,-0.0020771874087469294,0.002798268135531589,-0.002066281459467063,-0.009988051789230604,0.0013333333333333333,-0.011321385122563938,-0.00909182425210501,0.0,-0.00909182425210501,-0.025105694593996548,0.0006666666666666666,-0.025772361260663214,0.007689902657455505,0.0006666666666666666,0.007023235990788838,0.006768909133220591,0.0,0.006768909133220591,0.005918906927322293,0.0006666666666666666,0.0052522402606556265,-0.03706499885337007,0.0,-0.03706499885337007,0.0031545491356381366,0.0,0.0031545491356381366,0.009704729195709453,0.0,0.009704729195709453,-0.013704682716378813,0.001,-0.014704682716378814,0.0011546404766824003,0.0,0.0011546404766824003,-0.0003226798507366957,0.001,-0.0013226798507366957,-0.0027297775922562884,0.0,-0.0027297775922562884,0.0017024501850713136,0.0,0.0017024501850713136,0.003384226392465939,0.0,0.003384226392465939,0.01663720136739788,0.0,0.01663720136739788,0.01663720136739788,0.0,0.01663720136739788,0.01663720136739788,0.0,0.01663720136739788,-0.004438749554524464,0.014678828162986969,0.0052522402606556265,0.50142140860937,0.5012537379688597,0.252419227700407,0.2536177425798777,0.246159363690223,0.24512851945126257,0.4913499842761477,0.4962180258022486,0.2537416795792307,0.25427896851928955,0.25490833614462166,0.2495030056784619,0.4988359711148554,0.4999610192216024,0.25648347449705233,0.2556498659782004,0.24468055438809225,0.2443891148001972,0.4929405874986737,0.49839805898455647,0.25456545145794446,0.2547334914788851,0.25249396104338195,0.24686844953655848,0.5007553142486392,0.5009769188120451,0.2523500123257156,0.2540023965652496,0.24689467342564533,0.24502068462270538,0.5053150266934942,0.5024816239188472,0.2574265305460375,0.2556776475779558,0.23725844276046845,0.24184072850319704
2024-05-09,0.01201784269445609,0.020237395016277294,0.011996357029927983,0.04601703009064761,0.0,0.04601703009064761,0.04904734125791369,0.0,0.04904734125791369,-0.025368834440754037,0.0,-0.025368834440754037,0.0014825109804716221,0.0006666666666666666,0.0008158443138049555,0.0027044976105454017,0.0,0.0027044976105454017,0.005245444088194902,0.0,0.005245444088194902,0.03338241274788193,0.0,0.03338241274788193,0.0024959254358023113,0.0,0.0024959254358023113,0.002814039656709862,0.0006666666666666666,0.0021473729900431953,-0.0025033686540904543,0.0,-0.0025033686540904543,-0.01372570194216044,0.0,-0.01372570194216044,-0.006355251799518902,0.001,-0.007355251799518902,0.010763866426004964,0.0,0.010763866426004964,0.005768312430938727,0.0,0.005768312430938727,0.00586798458150678,0.001,0.00486798458150678,-0.01261202044997789,0.0,-0.01261202044997789,-0.01261202044997789,0.0,-0.01261202044997789,0.0015967943548842456,0.001,0.0005967943548842456,0.04296195983563115,-0.005904252589533717,0.0010266582486496336,0.5017363366577932,0.5010303711094581,0.25269605136236845,0.25407424466175854,0.2455676119798385,0.24489538422878349,0.4914032212991993,0.49586381343016117,0.25375561899961574,0.2546040284803822,0.254841159701185,0.24953215808945672,0.49655654527527543,0.49844047541819925,0.25747699568161336,0.256464716821381,0.24596645904311118,0.2450948077604198,0.49217289888120797,0.4976344083567511,0.2550169103583161,0.2553087138522139,0.252810190760476,0.24705687779103513,0.5004789545938755,0.5003754067419314,0.25244560291418044,0.25446018239564916,0.24707544249194394,0.24516441086241955,0.5053150266934942,0.5019713105348055,0.2574265305460375,0.25610388851416194,0.23725844276046845,0.24192480095103264
2024-05-10,-0.0036789172516143408,-0.000802408514455592,-0.003655978646116039,0.025360692794694252,0.0006666666666666666,0.024694026128027586,0.005475537643368463,0.0,0.005475537643368463,0.006681674578546218,0.0006666666666666666,0.006015007911879551,-0.006344990034435413,0.0006666666666666666,-0.00701165670110208,-0.012633511987308294,0.0,-0.012633511987308294,-0.012394703466538742,0.0,-0.012394703466538742,-0.0515944157713174,0.0,-0.0515944157713174,-0.01031841596172045,0.0006666666666666666,-0.010985082628387117,0.006430680825266544,0.0,0.006430680825266544,-0.005530132018236544,0.0,-0.005530132018236544,0.011719109472710487,0.0,0.011719109472710487,0.010637034344435414,0.001,0.009637034344435413,-0.0025462678299384423,0.0,-0.0025462678299384423,0.004138047280694945,0.001,0.0031380472806949453,0.0030929690067822424,0.001,0.0020929690067822424,-0.02057902935406286,0.001,-0.021579029354062862,-0.013717425595514199,0.0,-0.013717425595514199,-0.013717425595514199,0.001,-0.0147174255955142,0.010226392871388861,-0.010888872832908477,-0.013061370133205408,0.5034950436724893,0.5031034924709143,0.2537432340747132,0.2538971076592527,0.24276172225279735,0.24299939986983282,0.49123726592302164,0.49697460359618056,0.25377055113986763,0.25391076619182995,0.25499218293711073,0.24911463021198949,0.498186979506862,0.5004494603881008,0.2566523176269398,0.25535164943536603,0.2451607028661983,0.2441988901765333,0.4925954197201779,0.4993734891581162,0.25463503389305847,0.25424371861805006,0.25276954638676363,0.24638279222383375,0.5007645991423083,0.5020693183674192,0.25232483992634674,0.2534813546090352,0.24691056093134497,0.2444493270235456,0.504982226639718,0.5034611354415645,0.2572569896484123,0.25510896401731686,0.23776078371186957,0.2414299005411187
2024-05-13,-0.0047178113247027045,-0.010980163405202834,-0.004736712483996982,-0.0014711008949638655,0.0006666666666666666,-0.002137767561630532,-0.005613584134223933,0.0,-0.005613584134223933,0.00417305210814589,0.0,0.00417305210814589,-0.01393720978599285,0.0006666666666666666,-0.014603876452659516,-0.01588373061404528,0.0,-0.01588373061404528,-0.018252428655894676,0.0,-0.018252428655894676,0.0102577466135307,0.0,0.0102577466135307,-0.004009216799167918,0.0,-0.004009216799167918,-0.0059246612174817335,0.0,-0.0059246612174817335,0.018313613206497936,0.001,0.017313613206497935,3.0374126751331332e-05,0.0,3.0374126751331332e-05,0.010156733637678772,0.001,0.009156733637678771,-0.006622074683873935,0.0,-0.006622074683873935,-0.006374700841253078,0.0,-0.006374700841253078,-0.005206470944737196,0.0,-0.005206470944737196,0.003188007363957357,0.0,0.003188007363957357,-0.013000610521615108,0.0,-0.013000610521615108,-0.013000610521615108,0.0,-0.013000610521615108,-0.009279171516398713,-0.00740147760381149,-0.018252428655894676,0.5044901022522608,0.5041831626715403,0.2532206735398434,0.253366706843666,0.2422892242078958,0.24245013048479375,0.4915260436405295,0.49770113336567456,0.25362013405669703,0.2535664371020928,0.25485382230277354,0.24873242953223262,0.49569168258770707,0.49978395283926336,0.2574676574970473,0.255490198822268,0.24684065991524554,0.2447258483384686,0.4917444910384017,0.49987275151352173,0.25511761854240306,0.25404235001781034,0.25313789041919527,0.24608489846866788,0.5004933073165304,0.5027598608853042,0.25248935992089816,0.25317502467271374,0.24701733276257148,0.24406511444198203,0.5045947427758647,0.5041133345868846,0.2574843304038542,0.25482336493208924,0.23792092682028118,0.24106330048102625
2024-05-14,0.014291921184832355,0.02157204831501381,0.01427626023766384,0.0037521904516360687,0.0006666666666666666,0.003085523784969402,-0.014716832803907266,0.0,-0.014716832803907266,-0.011003528406598868,0.0,-0.011003528406598868,0.003623923980837625,0.0006666666666666666,0.0029572573141709584,0.0036380501236608813,0.0,0.0036380501236608813,0.004117285453441921,0.0,0.004117285453441921,0.03768330945757125,0.0,0.03768330945757125,0.008608842596530608,0.0,0.008608842596530608,0.007639181687136619,0.0,0.007639181687136619,0.01620725485451968,0.0,0.01620725485451968,0.017349465557977117,0.0,0.017349465557977117,0.012650917728379674,0.0,0.012650917728379674,0.000949215623902433,0.0,0.000949215623902433,0.003397619208282965,0.0,0.003397619208282965,0.0021757904723423427,0.0,0.0021757904723423427,0.04169531859283182,0.0,0.04169531859283182,0.04602933663709208,0.0,0.04602933663709208,0.04602933663709208,0.0,0.04602933663709208,0.02508673694564593,0.03064418942062885,0.004757238352098551,0.5044212244152035,0.5042386367951481,0.2530013628765587,0.253352298740657,0.24257741270823782,0.2424090644641949,0.4916555208009502,0.49785578498802147,0.2536187682286511,0.25366100141670317,0.25472571097039876,0.24848321359527537,0.4964898650347344,0.5002729571049136,0.2571107671542251,0.2554070008794902,0.24639936781104052,0.24432004201559626,0.49241294460247187,0.5002138246661278,0.25453889060326945,0.2539790010842649,0.2530481647942587,0.24580717424960719,0.5004499882551905,0.502866049071525,0.2524806219285528,0.25329977242160845,0.2470693898162567,0.24383417850686656,0.505444559350562,0.5045142575329976,0.2570426426169136,0.2548052392487675,0.23751279803252434,0.24068050321823486
2024-05-15,0.03944453530884717,0.06526249351603296,0.03945106847252147,0.01935969787558744,0.0006666666666666666,0.018693031208920775,0.03531316737514655,0.0,0.03531316737514655,0.02513420251092883,0.0,0.02513420251092883,0.010376988210506475,0.0006666666666666666,0.00971032154383981,0.024904603321292813,0.0,0.024904603321292813,0.02490460332129281,0.0006666666666666666,0.024237936654626143,0.0073897027067412555,0.0,0.0073897027067412555,0.033183054723547135,0.0,0.033183054723547135,-0.001064474125334836,0.0006666666666666666,-0.0017311407920015025,0.03327053475313868,0.001,0.03227053475313868,0.032841881625996217,0.001,0.031841881625996216,0.029937147688060217,0.0,0.029937147688060217,0.01388043103224268,0.0,0.01388043103224268,0.00010547258351240041,0.001,-0.0008945274164875996,0.0025287169796641695,0.0,0.0025287169796641695,0.10876128608027236,0.001,0.10776128608027236,0.10876128608027236,0.0,0.10876128608027236,0.10876128608027236,0.0,0.10876128608027236,0.07541830555445173,0.0837867771774917,0.024533219445811064,0.5052603263086574,0.5048437431299053,0.25247658027850123,0.2533315413898638,0.24226309341284147,0.2418247154802309,0.49160718508564044,0.49801717251839683,0.2536300924323721,0.25390829746679927,0.2547627224819876,0.24807453001480398,0.4980411377182571,0.5012341488347052,0.25634417204821375,0.2552653372747201,0.24561469023352925,0.2435005138905748,0.4924759083899666,0.5004832469359617,0.254632507855887,0.2543336842682644,0.25289158375414644,0.24518306879577395,0.5003531706553601,0.5030827434835415,0.2525616016473313,0.25365028521944105,0.2470852276973086,0.24326697129701746,0.5052170492711539,0.5046878234267534,0.25716088980868695,0.2551680503126884,0.23762206092015903,0.2401441262605581
2024-05-16,-0.017505326272177935,-0.026136962237604165,-0.017530360368685174,-0.0019151159408670178,0.0006666666666666666,-0.0025817826075336843,-0.009825069517111706,0.0,-0.009825069517111706,-0.015410133624422376,0.0,-0.015410133624422376,-0.0022015356821338088,0.0,-0.0022015356821338088,-0.02111860163741008,0.0,-0.02111860163741008,-0.021118601637410084,0.0,-0.021118601637410084,-0.048428208949678586,0.0,-0.048428208949678586,-0.032193289297504944,0.0,-0.032193289297504944,-0.01093136908121069,0.0,-0.01093136908121069,0.02138998907946743,0.001,0.02038998907946743,-0.004874645618696105,0.0,-0.004874645618696105,-0.0011189003105016027,0.0,-0.0011189003105016027,-0.010189171820597642,0.0,-0.010189171820597642,0.0021597421800593763,0.001,0.0011597421800593763,-0.0024476564218264274,0.0,-0.0024476564218264274,-0.023993083315158148,0.001,-0.02499308331515815,-0.06012216889968597,0.0,-0.06012216889968597,-0.06012216889968597,0.0,-0.06012216889968597,-0.023352379925378457,-0.04103602729074669,-0.016213872836534565,0.5046493682647999,0.5048634062133586,0.25305296013016115,0.2537835740687107,0.24229767160503887,0.24135301971793077,0.49082726454350895,0.497952354352713,0.25403700488502745,0.25427559644614384,0.25513573057146377,0.2477720492011432,0.4975822237759439,0.5013298339689305,0.2574989660951469,0.25600657705120355,0.24491881012890918,0.24266358897986592,0.49254821921486314,0.5009427999293893,0.2546469722225135,0.2545580067982938,0.25280480856262344,0.24449919327231692,0.5010399631312117,0.5037450754217844,0.25212477877885975,0.25372568296188813,0.24683525808992857,0.2425292416163276,0.505217049271154,0.5051235138479653,0.257160889808687,0.2553875996017311,0.23762206092015908,0.2394888865503037
2024-05-17,0.002003343547192089,-0.0069752829677710675,0.001960147257558271,0.00416202449906485,0.0006666666666666666,0.003495357832398183,0.005387273709695975,0.0,0.005387273709695975,0.0040443852706403645,0.0,0.0040443852706403645,0.003548096711461575,0.0,0.003548096711461575,-1.6879592660020478e-05,0.0,-1.6879592660020478e-05,-1.6879592660020336e-05,0.0,-1.6879592660020336e-05,0.04831273399845918,0.0,0.04831273399845918,0.017976891470964595,0.0006666666666666666,0.01731022480429793,0.0033040139156264763,0.0,0.0033040139156264763,0.0025660708700129264,0.0,0.0025660708700129264,-0.00843562698953293,0.0,-0.00843562698953293,-0.020126959183210558,0.0,-0.020126959183210558,0.004982986900096131,0.0,0.004982986900096131,0.004551339436218327,0.0,0.004551339436218327,0.01215087128141501,0.0,0.01215087128141501,-0.004181259074636567,0.0,-0.004181259074636567,-0.011594472469870443,0.0,-0.011594472469870443,-0.011594472469870443,0.0,-0.011594472469870443,-0.005885032234018631,-0.014370968023810955,-0.0014734598733998256,0.5051729720028739,0.5052724581144199,0.252930494766069,0.25332456606807335,0.2418965332310571,0.24140297581750675,0.4918201111297109,0.49859602767783834,0.25354165280604585,0.2536301450880618,0.2546382360642432,0.2477738272340998,0.4961851726609649,0.5007785584434653,0.25765292059568323,0.2556857789828805,0.24616190674335192,0.24353566257365417,0.4937761323715412,0.5015453263140057,0.2539309725063627,0.25378870796505176,0.2522928951220961,0.2446659657209425,0.5005378188578377,0.5037766828544835,0.2524730938958191,0.2533076080235724,0.2469890872463432,0.24291570912194405,0.5065297304847857,0.5057540136913763,0.2564786305100685,0.25462943510627467,0.23699163900514594,0.23961655120234898
2024-05-20,0.010934760919295825,0.013287904156088961,0.010948456562912165,0.011484155040846433,0.0006666666666666666,0.010817488374179767,0.01831612921697919,0.0,0.01831612921697919,0.01591584591917024,0.0,0.01591584591917024,0.006082492125036827,0.0006666666666666666,0.00541582545837016,0.006576594525500411,0.0,0.006576594525500411,0.0062260343890247665,0.0006666666666666666,0.0055593677223580995,0.02071592846766956,0.0006666666666666666,0.020049261801002895,0.022818113363230325,0.0,0.022818113363230325,-0.01037701296094251,0.0,-0.01037701296094251,0.009895787523984345,0.0,0.009895787523984345,0.029239314111327963,0.001,0.028239314111327962,0.025522477669101207,0.001,0.024522477669101206,-0.0114758536259007,0.0,-0.0114758536259007,-0.003959247423358625,0.0,-0.003959247423358625,-0.007716432124371786,0.0,-0.007716432124371786,0.01950060570726153,0.0,0.01950060570726153,0.022001805745133107,0.0,0.022001805745133107,-0.0006466952874402687,0.001,-0.0016466952874402687,0.013526753858748686,0.022961654653440577,0.002626767475057709,0.5051081155682383,0.5052977683416099,0.2529985193204479,0.2531616460448173,0.24189336511131368,0.2415405856135728,0.49200722343050834,0.4987473222727449,0.2534482985371274,0.25338653565315705,0.25454447803236413,0.24786614207409802,0.498171745684675,0.5018295833998282,0.25700578199743895,0.25516527738331285,0.244822472317886,0.24300513921685896,0.49465931916572453,0.5019141474717267,0.2537981210852753,0.2534809777134959,0.2515425597490002,0.24460487481477744,0.5003631035406663,0.5037963963154575,0.2523620902126052,0.2530070875255148,0.24727480624672862,0.24319651615902782,0.5069188537770848,0.5059597938934756,0.2562763856834318,0.2542988050308876,0.23680476053948346,0.2397414010756369
2024-05-21,-0.0004409272110892498,0.0010185906469921686,-0.0004228416906700915,-0.0061551476828703615,0.0006666666666666666,-0.0068218143495370285,-0.004558294928700302,0.0,-0.004558294928700302,-0.009154906952768844,0.0,-0.009154906952768844,0.0061120632201580784,0.0,0.0061120632201580784,0.010910238820434959,0.0,0.010910238820434959,0.008307159433399807,0.0006666666666666666,0.00764049276673314,-0.011795227523238841,0.0006666666666666666,-0.012461894189905507,0.007480705861004688,0.0006666666666666666,0.006814039194338021,0.016190556255234762,0.0006666666666666666,0.015523889588568096,-0.010627591824253657,0.0,-0.010627591824253657,-0.0017591048853717317,0.0,-0.0017591048853717317,-0.006290867254228227,0.0,-0.006290867254228227,-0.000885307885940323,0.0,-0.000885307885940323,0.006586437823892455,0.0,0.006586437823892455,0.0074010572699451105,0.001,0.0064010572699451105,0.005614329878075086,0.001,0.004614329878075086,-0.0037166585937628005,0.0,-0.0037166585937628005,-0.0015182735805102654,0.001,-0.0025182735805102654,-0.0019935418938680223,-0.00034651117539419296,0.008785891795629386,0.5047760550224484,0.5051441305750781,0.25323064904418313,0.25353514238423636,0.24199329593336863,0.24132072704068563,0.49197305022398075,0.49874262817584436,0.2534924790277144,0.25366605737600195,0.25453447074830493,0.24759131444815377,0.4988750741610435,0.5021936401443757,0.25751832049261003,0.25567897810844975,0.24360660534634657,0.24212738174717457,0.4937935121294541,0.5016450371082842,0.2543317327532173,0.2540020277438357,0.2518747551173287,0.24435293514788023,0.5000660842175348,0.5037149858973509,0.2526107144324349,0.2534340916979775,0.24732320135003028,0.24285092240467177,0.5073829353412148,0.5061295467681652,0.25664577368776753,0.25476566125223726,0.23597129097101752,0.23910479197959755
2024-05-22,-0.006082072933545722,0.0027109330658935784,-0.006062298983440266,0.004220858602388819,0.0006666666666666666,0.003554191935722152,-0.025285932695349102,0.0,-0.025285932695349102,-0.032914361310966214,0.0,-0.032914361310966214,-0.006452189359332708,0.0,-0.006452189359332708,-0.0007146119301684924,0.0,-0.0007146119301684924,0.0008263448009006396,0.0,0.0008263448009006396,-0.011610221801081287,0.0,-0.011610221801081287,-0.007308200211767442,0.0,-0.007308200211767442,-0.012170239460772558,0.0,-0.012170239460772558,-0.0024295094568324016,0.0,-0.0024295094568324016,0.002892484970574538,0.001,0.001892484970574538,0.004084579725551152,0.0,0.004084579725551152,-0.033685003576467976,0.001,-0.034685003576467976,-0.02481039295391302,0.0,-0.02481039295391302,-0.0031683408498069388,0.001,-0.004168340849806939,-0.009239411152738852,0.001,-0.010239411152738853,-0.009239411152738852,0.0,-0.009239411152738852,0.006877599874985818,0.001,0.005877599874985818,0.0136614787236146,-0.007683257416701505,-0.009297118225813434,0.5047751143258847,0.5049837213735924,0.2533505759374736,0.25355867197155746,0.24187430973664156,0.24145760665484994,0.4918071817987303,0.4984997551100152,0.25366248005538217,0.25371462403051176,0.2545303381458876,0.24778562085947298,0.4976407123199595,0.5014165203706298,0.25792309382708867,0.255844930916365,0.24443619385295184,0.2427385487130051,0.49344632618736856,0.5013161476841027,0.254626683162943,0.2540505400075509,0.25192699064968843,0.24463331230834628,0.49967863233717974,0.5033728087135404,0.2528113581218534,0.2534514827439913,0.2475100095409669,0.24317570854246817,0.5077900791106958,0.5060495861488008,0.2564027450518919,0.25463664043090406,0.23580717583741212,0.23931377342029508
2024-05-23,-0.005242188958417898,-0.0009523719651230202,-0.0052138729151189,-0.0101128593255921,0.0006666666666666666,-0.010779525992258766,-0.006614066833058058,0.0,-0.006614066833058058,-0.01736648543983928,0.0006666666666666666,-0.018033152106505947,0.01003530513470204,0.0,0.01003530513470204,0.012817989576029271,0.0,0.012817989576029271,-0.004697609450145708,0.0006666666666666666,-0.005364276116812375,-0.03736300527083358,0.0,-0.03736300527083358,-0.009074147683439318,0.0,-0.009074147683439318,-0.017038965183914456,0.0006666666666666666,-0.017705631850581122,-0.03669981986801224,0.0,-0.03669981986801224,0.04371548306577355,0.0,0.04371548306577355,-0.013000006323478364,0.0,-0.013000006323478364,-0.006185954316883346,0.0,-0.006185954316883346,-0.0013748415286448656,0.0,-0.0013748415286448656,-0.005273115128163419,0.001,-0.006273115128163419,0.023068208992543804,0.001,0.022068208992543803,-0.009280821780000947,0.0,-0.009280821780000947,0.00802214066576623,0.001,0.007022140665766231,-0.009901620066783448,0.02487828289002273,-0.009308804471951072,0.5064845280784721,0.5064192852184102,0.25267360160829183,0.25294318566501617,0.24084187031323603,0.2406375291165737,0.4914655321534229,0.4989097872558856,0.2537918727318181,0.2535023212267793,0.2547425951147589,0.24758789151733512,0.4975390280670913,0.5019465352127198,0.25810346341790913,0.2556581165698248,0.24435750851499952,0.24239534821745545,0.4931622300088507,0.502000744283014,0.25471116047597514,0.2537072386706379,0.2521266095151741,0.2442920170463481,0.49862351911330305,0.5038029696874833,0.25280120846973275,0.2530769545085779,0.2485752724169642,0.2431200758039388,0.5073571467828211,0.5066850668184243,0.2562379451839693,0.25421107762427597,0.23640490803320963,0.2391038555572998
2024-05-24,0.021036751816046334,0.0299817952250769,0.02099930562295464,0.018364883672079703,0.0006666666666666666,0.017698217005413037,0.012004582392240669,0.0,0.012004582392240669,-0.004451119301882652,0.0006666666666666666,-0.005117785968549319,0.01901239351425188,0.0006666666666666666,0.018345726847585214,0.013948124419633556,0.0,0.013948124419633556,0.008068641702915064,0.0,0.008068641702915064,0.036941195766197435,0.0,0.036941195766197435,0.007929133034099145,0.0,0.007929133034099145,0.009546005835114816,0.0006666666666666666,0.00887933916844815,0.029119894078407427,0.0,0.029119894078407427,0.03417385245755733,0.0,0.03417385245755733,0.01754039256108675,0.0,0.01754039256108675,-0.0019004596929749207,0.0,-0.0019004596929749207,0.0117255694430618,0.0,0.0117255694430618,-0.002368025918003558,0.001,-0.003368025918003558,0.029512298290524597,0.0,0.029512298290524597,0.04588506783624258,0.0,0.04588506783624258,0.029008175651475177,0.0,0.029008175651475177,0.03180981650148899,0.03916430276779799,0.016392191543084172,0.506558213982867,0.5059795063388395,0.2529315160266261,0.2537601414112389,0.24051026999050687,0.2402603522499216,0.49179706947877294,0.49859893408679246,0.2541115281629996,0.2543501474794257,0.25409140235822736,0.24705091843378185,0.49627418748698154,0.5008374930908968,0.25898127326023296,0.2567850200280424,0.24474453925278555,0.24237748688106092,0.49041793064356765,0.5004564522379014,0.25760751660036246,0.2555849542313403,0.25197455275606995,0.24395859353075844,0.49849839959246517,0.5031230069910375,0.25299325162576775,0.25406224678972406,0.24850834878176709,0.2428147462192385,0.5085915664419572,0.50645375205137,0.25517594140175404,0.25478253441579957,0.2362324921562887,0.2387637135328306
2024-05-28,0.00504874738516066,0.009657779095783515,0.005024869491439901,0.0012445614156770808,0.0006666666666666666,0.0005778947490104142,0.002330637624628151,0.0,0.002330637624628151,-0.003923718333397552,0.0,-0.003923718333397552,0.0007675774816282188,0.0006666666666666666,0.00010091081496155219,-0.005190264068283342,0.0,-0.005190264068283342,-0.013826092152494269,0.0,-0.013826092152494269,0.004535171753870638,0.0,0.004535171753870638,-0.004195907902316979,0.0,-0.004195907902316979,-0.007061369513724084,0.0006666666666666666,-0.007728036180390751,0.021312890137489382,0.0,0.021312890137489382,0.0413672841098921,0.0,0.0413672841098921,0.013333268126284104,0.0,0.013333268126284104,-0.0039320748169813236,0.0,-0.0039320748169813236,-0.00217961139702727,0.0,-0.00217961139702727,-0.004413715543914898,0.001,-0.005413715543914898,0.013660313770893107,0.001,0.012660313770893106,-0.009938197686666983,0.0,-0.009938197686666983,0.013660313770893107,0.001,0.012660313770893106,0.008985694239510235,0.01664265073709851,0.003632956028731408,0.5072947325422849,0.5064444160111761,0.2529965902752718,0.2540381908081531,0.23970867718244343,0.23951739318067095,0.49218212740031897,0.49888811344019307,0.254075741139994,0.2545777662405142,0.25374213145968705,0.24653412031929273,0.4977730273472994,0.5016835634136833,0.25818563851367354,0.25663271492735396,0.2440413341390271,0.24168372165896276,0.4905839584398955,0.5006407529368105,0.2579683726056484,0.256033023158357,0.251447668954456,0.24332622390483244,0.4981753863368778,0.5031459241428147,0.25355381755506023,0.2545762199916629,0.24827079610806188,0.24227785586552236,0.5081576662695129,0.5064400765205843,0.2558363674035663,0.2553294614416699,0.23600596632692092,0.23823046203774584
2024-05-29,-0.010829042657981862,-0.0111283284042938,-0.010804335305587533,-4.358724022964378e-05,0.0013333333333333333,-0.001376920573562977,0.0007010979121987817,0.0,0.0007010979121987817,0.004395341673209244,0.0013333333333333333,0.003062008339875911,-0.008589278422236519,0.0,-0.008589278422236519,-0.01403889844765845,0.0,-0.01403889844765845,-0.006598005579576423,0.0006666666666666666,-0.00726467224624309,-0.02362075484121758,0.0006666666666666666,-0.024287421507884245,-0.008228237202324351,0.0,-0.008228237202324351,-0.012164590788930025,0.0013333333333333333,-0.013497924122263359,-0.033821915300215666,0.0,-0.033821915300215666,-0.0072541867674214555,0.0,-0.0072541867674214555,-0.0158564259921114,0.0,-0.0158564259921114,-0.004832018663732229,0.0,-0.004832018663732229,-0.01511820247930179,0.001,-0.01611820247930179,-0.005906241708589666,0.0,-0.005906241708589666,-0.01782656560461593,0.001,-0.01882656560461593,-0.029278009617395406,0.0,-0.029278009617395406,0.030257549249596505,0.0,0.030257549249596505,-0.007922432411353262,-0.01999906220581545,-0.008428120863592976,0.5073623942443769,0.5064424510917562,0.2531234858641344,0.25428879416717287,0.23951411989148866,0.2392687547410709,0.49268623737466305,0.49910437265689933,0.2540535266746473,0.2547538145724293,0.2532602359506896,0.24614181277067135,0.4983214905529112,0.5019219992460234,0.25799663854086735,0.25672537050553934,0.24368187090622143,0.24135263024843728,0.4902566133372865,0.5004847627205254,0.2588842199676257,0.256586041244358,0.2508591666950878,0.24292919603511656,0.4981673691904482,0.5030953121520688,0.25364306497477734,0.2548564600967181,0.24818956583477444,0.24204822775121315,0.5087739151449063,0.50659547231704,0.25493391127206116,0.25528243937482176,0.23629217358303253,0.2381220883081383
2024-05-30,-0.01118802986177838,-0.00590527112622967,-0.011224201410673413,-0.0458697914200112,0.0006666666666666666,-0.04653645808667787,-0.04863421327076563,0.0,-0.04863421327076563,-0.06272846453344716,0.0006666666666666666,-0.06339513120011382,0.009437511442170754,0.0013333333333333333,0.00810417810883742,0.00396436240858596,0.0,0.00396436240858596,0.011148262919936276,0.0006666666666666666,0.01048159625326961,0.001710868937763732,0.0,0.001710868937763732,0.011280167032617175,0.0,0.011280167032617175,-0.001341874683497927,0.0,-0.001341874683497927,0.00587036185717249,0.0,0.00587036185717249,-0.02509917931585437,0.0,-0.02509917931585437,-0.018126599966989065,0.0,-0.018126599966989065,0.006210009018621454,0.0,0.006210009018621454,0.00880109490493619,0.0,0.00880109490493619,0.00225769571895329,0.001,0.0012576957189532898,-0.03042471431215532,0.001,-0.03142471431215532,-0.011519630095744415,0.0,-0.011519630095744415,-0.03042471431215532,0.0,-0.03042471431215532,-0.0070409322302609585,-0.020901749371296515,0.012485304346919596,0.5071930646437411,0.5065278613626185,0.25314945343808026,0.25406398659410157,0.2396574819181787,0.23940815204327992,0.4927947109381681,0.49932868450983203,0.2538188193769244,0.25439866956352364,0.25338646968490747,0.24627264592664433,0.49761273920226934,0.5017376986418827,0.2585000002511406,0.25673926000063174,0.24388726054659005,0.2415230413574856,0.48908446045249787,0.5003258528639265,0.2597102010960323,0.256539974594273,0.25120533845146975,0.24313417254180042,0.49849459560800247,0.503431197465243,0.2532088314170987,0.2543945226002249,0.24829657297489877,0.242174279934532,0.507814501114658,0.5065067662824394,0.2538953106198378,0.2546210607371288,0.23829018826550435,0.23887217298043184
2024-05-31,-0.02943668134292719,-0.05790987425209493,-0.02943883164415368,-0.08826365221134698,0.0006666666666666666,-0.08893031887801364,-0.005706981604417626,0.0,-0.005706981604417626,-0.0018494821736335285,0.0006666666666666666,-0.002516148840300195,0.00082760208820302,0.0013333333333333333,-0.0005057312451303133,-0.005277631205571527,0.0,-0.005277631205571527,0.007543534519980317,0.0006666666666666666,0.00687686785331365,-0.00891675845321423,0.0,-0.00891675845321423,0.013789848738891441,0.0,0.013789848738891441,0.015871834001730978,0.0,0.015871834001730978,0.011380525869291835,0.0,0.011380525869291835,-0.005754116945901666,0.0,-0.005754116945901666,0.008048907380695303,0.001,0.007048907380695303,0.016846731970938222,0.0,0.016846731970938222,-2.460118158947866e-05,0.001,-0.0010246011815894787,0.012230437692458573,0.001,0.011230437692458572,-0.10991691542241183,0.0,-0.10991691542241183,-0.0468085148562703,0.0,-0.0468085148562703,-0.10991691542241183,0.0,-0.10991691542241183,-0.10122883058124697,-0.033821051427971205,0.007839535121953603,0.5073380339592773,0.5065392572914935,0.2531102834292504,0.2536431469420557,0.23955168261147217,0.23981759576645068,0.4928410516045816,0.4992907661141457,0.25362210248810313,0.25389905647148203,0.25353684590731534,0.24681017741437228,0.49743182750222564,0.5015861540629677,0.25892582279242554,0.25655091662364327,0.2436423497053489,0.24186292931338904,0.4905297090752594,0.5007209260127212,0.25878910028321495,0.25569833009821774,0.25068119064152583,0.24358074388906106,0.49855455933955645,0.5033691265999392,0.25337712190748596,0.2539123772342272,0.24806831875295762,0.24271849616583357,0.5072496446376743,0.5062385047483181,0.25467523350744786,0.2543407540622146,0.23807512185487775,0.2394207411894672
2024-06-03,-0.010505344553559505,-0.022730322549995522,-0.010460378734105108,0.00725919309894644,0.0006666666666666666,0.006592526432279773,0.02551866221219886,0.0,0.02551866221219886,0.015988863769359186,0.0006666666666666666,0.01532219710269252,-0.02356014216162035,0.0,-0.02356014216162035,-0.02917521890073138,0.0,-0.02917521890073138,-0.021456615937368324,0.0006666666666666666,-0.02212328260403499,0.0017076781308101117,0.0,0.0017076781308101117,-0.006718332535519048,0.0,-0.006718332535519048,-0.004468212451513927,0.0,-0.004468212451513927,-0.01911208888262611,0.0,-0.01911208888262611,0.029034811512147596,0.0,0.029034811512147596,0.02116959807006963,0.001,0.020169598070069628,-0.012286766190313048,0.0,-0.012286766190313048,0.0014119734097042258,0.0,0.0014119734097042258,0.0012596856175860482,0.0,0.0012596856175860482,-0.036970497727241036,0.0,-0.036970497727241036,-0.01886462695690827,0.0,-0.01886462695690827,-0.036970497727241036,0.0,-0.036970497727241036,-0.019873575159074765,-0.026588079759622997,-0.02462683805840027,0.5049315492455777,0.5043790064590927,0.2542637691634882,0.25416980366075526,0.24080468159093407,0.24145118988015202,0.49277238500971965,0.4982994243411637,0.25333277405023147,0.25370430610412686,0.253894840940049,0.2479962695547095,0.4961867859010677,0.5000066247868378,0.25951225656502613,0.2567940473615242,0.24430095753390627,0.24319932785163811,0.49109812910024575,0.4996261132637283,0.2581583839052437,0.2554230782546053,0.2507434869945105,0.24495080848166634,0.49917430511260885,0.5022912513478082,0.25274177428774713,0.25363559708083144,0.248083920599644,0.2440731515713604,0.5071630498039817,0.5049275370959612,0.25480247119974336,0.25431562706179023,0.2380344789962749,0.2407568358422486
2024-06-04,-0.0021710213736337116,-0.00625410080720281,-0.0021485102812371657,0.005293845410439719,0.0,0.005293845410439719,0.015612480246592453,0.0,0.015612480246592453,0.008111461282880575,0.0,0.008111461282880575,-0.01891853621832118,0.0,-0.01891853621832118,-0.012443127636876198,0.0,-0.012443127636876198,-0.005958435350273886,0.0013333333333333333,-0.007291768683607219,0.03407628977740288,0.0,0.03407628977740288,0.0022449083967734183,0.0,0.0022449083967734183,-0.00930304798370222,0.0,-0.00930304798370222,-0.015175363333900738,0.0,-0.015175363333900738,0.002508292173961202,0.0,0.002508292173961202,0.0051637766094335125,0.0,0.0051637766094335125,-0.0009822242915791257,0.0,-0.0009822242915791257,0.0068376141071354035,0.0,0.0068376141071354035,0.002486718975512059,0.0,0.002486718975512059,-0.006787997195823237,0.0,-0.006787997195823237,-0.020251695630763344,0.0,-0.020251695630763344,-0.03066287249948363,0.001,-0.03166287249948363,-0.002275411372822721,-0.0172624020958481,-0.002994174295562479,0.5041982258017758,0.5041634683890852,0.25490560492148706,0.2543878215843603,0.24089616927673715,0.24144871002655455,0.4928817670337293,0.49850523900506194,0.253090395373725,0.2534802168104793,0.2540278375925457,0.24801454418445884,0.4965718419563657,0.5003502764663801,0.2592544988303734,0.2565622685388035,0.24417365921326092,0.24308745499481643,0.48880056248376885,0.49907042197382806,0.25956177596144725,0.25574831169292406,0.25163766155478395,0.2451812663332479,0.49845908575535003,0.5022577346534498,0.2531067193880328,0.2536181430236973,0.24843419485661705,0.24412412232285283,0.5066712430273893,0.5049677465532227,0.25552510506414977,0.2544162102968159,0.23780365190846106,0.24061604314996135
2024-06-05,0.019811618158070296,0.021979792333915775,0.019798847216318312,0.0068720348610959246,0.0006666666666666666,0.006205368194429258,0.022246726507235172,0.0,0.022246726507235172,0.008449442580755232,0.0,0.008449442580755232,0.020526932221471617,0.0,0.020526932221471617,0.021760693406071008,0.0,0.021760693406071008,0.0074247302475105945,0.0006666666666666666,0.0067580635808439276,0.024010099474272312,0.0,0.024010099474272312,0.0003714658695204154,0.0,0.0003714658695204154,0.005324284052226513,0.0006666666666666666,0.004657617385559846,0.03180119575593743,0.0,0.03180119575593743,0.04420038144581151,0.0,0.04420038144581151,0.03296880665176438,0.0,0.03296880665176438,0.009763819647031768,0.0,0.009763819647031768,0.007150681730797692,0.0,0.007150681730797692,-0.0003594740256305795,0.001,-0.0013594740256305795,0.03409076893919549,0.0,0.03409076893919549,0.04712261254650196,0.0,0.04712261254650196,0.03409076893919549,0.001,0.03309076893919549,0.02193388741472872,0.03977348325810344,0.0034649107327796944,0.503847780766257,0.504198710179584,0.25528100464316,0.2542823038712655,0.2408712145905829,0.24151898594915047,0.4924064013164011,0.49847802045465606,0.253190362645828,0.25323698287259944,0.25440323603777076,0.2482849966727444,0.49853680941458983,0.5015432245037504,0.2585463204708872,0.25591496178512907,0.24291687011452293,0.2425418137111205,0.48780408095556577,0.49902360524258704,0.2599963500830127,0.2554988096039727,0.25219956896142154,0.2454775851534402,0.49816166852754423,0.50244160914134,0.2533714338890453,0.2533125872599635,0.2484668975834105,0.24424580359869658,0.5076664861516281,0.5055781989572876,0.2553041649197475,0.2539503885000952,0.23702934892862434,0.2404714125426171
2024-06-06,-0.014910238608742883,-0.0297853768909191,-0.014914985960804811,0.0024453563915187706,0.0006666666666666666,0.001778689724852104,-0.00758112992898304,0.0,-0.00758112992898304,-0.0005319719290053006,0.0,-0.0005319719290053006,-0.00547788114189196,0.0,-0.00547788114189196,-0.020787960111937915,0.0,-0.020787960111937915,-0.0038267406502868746,0.0006666666666666666,-0.004493407316953541,0.0069894125695465865,0.0,0.0069894125695465865,0.003402321771327081,0.0,0.003402321771327081,0.00248190755850682,0.0,0.00248190755850682,-0.004012491444201627,0.0,-0.004012491444201627,-0.011693208690796153,0.0,-0.011693208690796153,-0.005480597792680009,0.0,-0.005480597792680009,-0.00259816881508923,0.0,-0.00259816881508923,0.004723839174388622,0.0,0.004723839174388622,0.0010310244784714762,0.0,0.0010310244784714762,-0.06020445874194047,0.0,-0.06020445874194047,-0.06209227806583595,0.0,-0.06209227806583595,-0.06020445874194047,0.0,-0.06020445874194047,-0.03412198200805072,-0.04482392989666609,-0.004865737836530769,0.503357032768836,0.5039499964296925,0.2558929332494971,0.25506191523750765,0.2407500339816668,0.24098808833279975,0.4927360059276742,0.4986394830091116,0.25342549345169413,0.25382819533860623,0.2538385006206318,0.24753232165228223,0.49966880350296544,0.5021058817967572,0.2578502043996865,0.25604055081260235,0.24248099209734797,0.24185356739064034,0.4874435118425126,0.498900142168697,0.2604815362495549,0.25629360810345037,0.25207495190793244,0.24480624972785264,0.49851996286123096,0.502555371004874,0.2534145653198418,0.25396150769664505,0.2480654718189272,0.2434831212984809,0.5073367813661794,0.5054649211115071,0.2558375473961809,0.2547610917818369,0.23682567123763976,0.23977398710665604
2024-06-07,-0.011228050498313298,-0.015615839171824214,-0.011207779723613668,-0.014425572565095949,0.0006666666666666666,-0.015092239231762615,-0.019137601811855417,0.0,-0.019137601811855417,-0.03264321904424886,0.0,-0.03264321904424886,-0.007607278335904391,0.0,-0.007607278335904391,0.0057134110819681005,0.0,0.0057134110819681005,0.010302460481261636,0.0006666666666666666,0.00963579381459497,-0.03125681106053261,0.0,-0.03125681106053261,0.006075429344950423,0.0,0.006075429344950423,-0.0008948863701574439,0.0,-0.0008948863701574439,0.002889778596564363,0.002,0.0008897785965643629,-0.007186811242497981,0.0,-0.007186811242497981,-0.00205974521571084,0.0,-0.00205974521571084,-0.006056979429288456,0.0,-0.006056979429288456,-0.00023830467006835665,0.0,-0.00023830467006835665,-0.0029147472969151544,0.0,-0.0029147472969151544,-0.01671070506627992,0.0,-0.01671070506627992,-0.007480694906930374,0.0,-0.007480694906930374,-0.01671070506627992,0.0,-0.01671070506627992,-0.023596040516857073,-0.0034284570365952964,-0.01176395715379889,0.5036689410546932,0.5038751088999653,0.25554870804813884,0.25448838680425334,0.24078235089716793,0.24163650429578123,0.4931112637040519,0.4985962702246447,0.2528043935659724,0.25311622956317015,0.25408434272997577,0.24828750021218515,0.49988054325483683,0.5019809100000372,0.2577652261747735,0.2555966458675707,0.24235423057038966,0.2424224441323921,0.48768613985190623,0.49867088157043815,0.26019117837517,0.2556598927892526,0.25212268177292374,0.24566922564030919,0.49823144410637965,0.5021508319744143,0.2536576312415493,0.25350382223515777,0.248110924652071,0.24434534579042777,0.5073367813661794,0.5051555932701484,0.2558375473961809,0.2542231945661862,0.23682567123763976,0.24062121216366547
2024-06-10,0.009479810546826152,0.017377205497045786,0.009452242625144481,0.004870221440427258,0.0006666666666666666,0.004203554773760591,-0.000439752138599518,0.0,-0.000439752138599518,-0.012160295718826744,0.0,-0.012160295718826744,0.008574831034285246,0.0,0.008574831034285246,0.013209126536014505,0.0,0.013209126536014505,-0.005699033149307198,0.0006666666666666666,-0.006365699815973865,0.011043104631985953,0.0,0.011043104631985953,-0.008437774813894034,0.0,-0.008437774813894034,-0.007990931791875266,0.0,-0.007990931791875266,0.018546692317165325,0.0,0.018546692317165325,0.010337084916933859,0.0,0.010337084916933859,0.006415586966501796,0.001,0.005415586966501796,0.001339905670945496,0.0,0.001339905670945496,-0.0003280402628135781,0.0,-0.0003280402628135781,-0.004751902359574567,0.001,-0.005751902359574567,0.0301839104699001,0.0,0.0301839104699001,0.032182535291692904,0.0,0.032182535291692904,0.01969552893990184,0.001,0.01869552893990184,0.017027760348852526,0.024410700067365898,0.010738202517796374,0.5042250117831227,0.503730710631484,0.2556136013794801,0.2548453489337017,0.24016138683739718,0.2414239404348143,0.492308854548019,0.4977726320139321,0.2531000394934767,0.25358856799069995,0.2545911059585043,0.24863879999536787,0.49809787552592616,0.5006671425028857,0.2588675144454875,0.2564723054667054,0.2430346100285864,0.2428605520304089,0.48797748605857255,0.4982009647508253,0.2599054224822411,0.25600044406604816,0.25211709145918637,0.24579859118312658,0.4979954371553976,0.5015068886127776,0.25384746861035906,0.2540013192883271,0.24815709423424334,0.24449179209889538,0.5070850788522155,0.5045064703727274,0.256206745071172,0.25477988052039535,0.2367081760766125,0.2407136491068772
2024-06-11,-0.005484427332772995,-0.012053212031053829,-0.005489815997983291,0.007343053772294272,0.0006666666666666666,0.006676387105627605,-0.010128120796852769,0.0,-0.010128120796852769,-0.004426366786521159,0.0,-0.004426366786521159,-0.004579225001487367,0.0,-0.004579225001487367,-0.012640761183225472,0.0,-0.012640761183225472,-0.0016665074007754521,0.0,-0.0016665074007754521,0.0224877186397953,0.0,0.0224877186397953,-0.012052985401887964,0.0,-0.012052985401887964,-0.01768412311422914,0.0006666666666666666,-0.018350789780895806,-0.0034099468620718,0.001,-0.0044099468620718,-0.005554041076804739,0.0,-0.005554041076804739,0.001520228789222311,0.0,0.001520228789222311,-0.0028089581979772738,0.0,-0.0028089581979772738,-0.0028104023172032533,0.0,-0.0028104023172032533,-0.0012824737616774495,0.0,-0.0012824737616774495,-0.014010650651575751,0.0,-0.014010650651575751,-0.023185036811888493,0.0,-0.023185036811888493,-0.004306159672650134,0.0,-0.004306159672650134,-0.008928351782819623,-0.01486614681717487,-0.01558807923145148,0.5047666274755637,0.5039829251135916,0.25563877642019556,0.25504564989038314,0.23959459610424086,0.24097142499602525,0.4925803122855404,0.49788976751857994,0.2534861714143224,0.2539693473874466,0.2539335163001373,0.24814088509397347,0.4991092535793643,0.5011542381654919,0.2583341342039325,0.25639332878225163,0.24255661221670322,0.24245243305225644,0.488535373324527,0.498360152440679,0.2597543557707746,0.25620212805593806,0.2517102709046983,0.2454377195033829,0.4982237230134133,0.5015573078380114,0.25387489471985086,0.2542619059091332,0.2479013822667359,0.24418078625285533,0.5073198811917323,0.5045590400368567,0.2564329850994413,0.25510607573439803,0.23624713370882633,0.24033488422874516
2024-06-12,0.011333868082539226,0.009380756983580901,0.01130744447429392,0.018033657604401416,0.0,0.018033657604401416,0.017423455714788722,0.0006666666666666666,0.016756789048122056,0.009698103420334243,0.0006666666666666666,0.009031436753667577,0.003510249774898554,0.0,0.003510249774898554,0.016635562810697998,0.0,0.016635562810697998,-0.0034872732044691395,0.0,-0.0034872732044691395,0.03724202746730894,0.0,0.03724202746730894,-0.01980533954859498,0.0,-0.01980533954859498,-0.0055804528254123804,0.0006666666666666666,-0.006247119492079047,0.015153120167799516,0.0,0.015153120167799516,0.03421366774675061,0.0,0.03421366774675061,0.008428042754374698,0.0,0.008428042754374698,0.02353886303867292,0.0,0.02353886303867292,0.007382154636609295,0.0,0.007382154636609295,-0.010982660129306765,0.0,-0.010982660129306765,0.00551688654208804,0.0,0.00551688654208804,0.00951546181463403,0.0,0.00951546181463403,0.013840430194099529,0.0,0.013840430194099529,0.009581139667171593,0.01844874692121149,-0.0005582306021741919,0.5055039193512281,0.50451667483187,0.25511031640586657,0.25470625953813397,0.23938576424290545,0.240777065629996,0.4927150196973195,0.49812222500491576,0.25312660635040185,0.2537144045104016,0.2541583739522786,0.24816337048468257,0.5010826933473708,0.5023060618299413,0.25748112596308037,0.2558916643167409,0.24143618068954883,0.2418022738533177,0.48841265558062624,0.49854089465098966,0.259626721367456,0.2560592938404294,0.25196062305191774,0.24539981150858084,0.4981841654751696,0.501765492916189,0.2538546607942635,0.25415451385127585,0.24796117373056697,0.2440799932325351,0.5073257785687291,0.5047822252370636,0.25594238670492103,0.25484346340179287,0.23673183472634995,0.24037431136114346
2024-06-13,0.0036976198066349425,0.015450595734026695,0.0037157185612513004,-0.03239865833847266,0.0,-0.03239865833847266,-0.01254124813715888,0.0,-0.01254124813715888,-0.014027621970255975,0.0,-0.014027621970255975,-0.013709803393272841,0.0006666666666666666,-0.014376470059939507,-0.003322546504609651,0.0,-0.003322546504609651,-0.0047446903338658935,0.0,-0.0047446903338658935,-0.03294762536131013,0.0,-0.03294762536131013,0.006689833110243847,0.0,0.006689833110243847,-0.0013691283074892164,0.0,-0.0013691283074892164,0.012735354635762863,0.0,0.012735354635762863,0.023229548605891215,0.0,0.023229548605891215,0.010827242195931286,0.001,0.009827242195931285,-0.002793782927208832,0.0,-0.002793782927208832,0.0011157751476503774,0.001,0.00011577514765037742,0.013593752602882148,0.001,0.012593752602882147,0.040678359722146284,0.0,0.040678359722146284,0.09069033240456592,0.0,0.09069033240456592,0.029290792610529026,0.0,0.029290792610529026,0.0171027614771605,0.026772461850995983,7.13041982686553e-05,0.5057671812659789,0.5046586513720079,0.2551747432326556,0.2549807086862876,0.23905807550136554,0.24036063994170453,0.4925547163154018,0.49805241889671936,0.2537426843161876,0.25426467922805357,0.2537025993684106,0.24768290187522707,0.5037329017756154,0.5036415116268261,0.25576051027133906,0.2552735922056293,0.2405065879530455,0.24108489616754453,0.4880779756100711,0.4984443133416082,0.2604893955542138,0.2566685722066367,0.25143262883571516,0.2448871144517552,0.49950833484475976,0.5022163318890555,0.25366727271911405,0.25441727167105377,0.2468243924361261,0.24336639643989083,0.5070067895832832,0.5046908219527682,0.2559963290409112,0.2551858602572468,0.2369968813758056,0.24012331778998502
2024-06-14,-0.00612163597132611,-0.011007338284942561,-0.006100782870357218,0.025763139159942362,0.0,0.025763139159942362,0.01648101014482502,0.0,0.01648101014482502,0.020763161988138174,0.0006666666666666666,0.020096495321471508,-0.02488559952642503,0.0,-0.02488559952642503,-0.020120683065863194,0.0,-0.020120683065863194,-0.004799840670291451,0.0,-0.004799840670291451,-0.02937127655657745,0.0,-0.02937127655657745,7.898094423530733e-05,0.0,7.898094423530733e-05,0.0016213296509765365,0.0,0.0016213296509765365,0.008592934635093918,0.0,0.008592934635093918,0.003064031322354943,0.0,0.003064031322354943,0.0026942768414480733,0.0,0.0026942768414480733,-0.015146627548279501,0.0,-0.015146627548279501,-0.0016715722133197053,0.001,-0.0026715722133197053,0.0020960861479295545,0.001,0.0010960861479295545,-0.020240458228993174,0.0,-0.020240458228993174,-0.03533738253238017,0.0,-0.03533738253238017,-0.030990433148861796,0.0,-0.030990433148861796,-0.005857745630283702,-0.03392234648446457,0.0025193349447821074,0.50476252091031,0.5042431846683177,0.2557320585086379,0.25556235937488403,0.23950542058105212,0.24019445595679817,0.49201184026058425,0.4978678443434549,0.2540520714764092,0.25472236585876973,0.2539360882630065,0.24740978979777536,0.5018569519327385,0.502790400179532,0.2569378734493764,0.2561652668452533,0.24120517461788507,0.24104433297521466,0.4878724883079898,0.4984928995872747,0.2609541786383134,0.25722796131220066,0.2511733330536969,0.24427913910052462,0.49903230097596346,0.502175637767706,0.2535804187119688,0.2547946205365069,0.24738728031206766,0.24302974169578695,0.5070394731617682,0.5048180045890216,0.25651447887206735,0.2557628603893395,0.23644604796616428,0.23941913502163886
2024-06-17,0.0073851299306873334,0.009592289322703028,0.007379438820803699,-0.008799478070704322,0.0013333333333333333,-0.010132811404037656,0.005941423460761503,0.0,0.005941423460761503,-0.0032464661553092506,0.0,-0.0032464661553092506,0.013326561782793936,0.0,0.013326561782793936,0.027462289178644905,0.0,0.027462289178644905,3.246049499590819e-05,0.0,3.246049499590819e-05,-0.002155157636109813,0.0006666666666666666,-0.0028218243027764794,0.009753902398717948,0.0,0.009753902398717948,0.009660666808317045,0.0006666666666666666,0.00899400014165038,0.012586470630058633,0.001,0.011586470630058632,0.012586470630058633,0.0,0.012586470630058633,-0.0008335786177185445,0.0,-0.0008335786177185445,0.012420148415799637,0.0,0.012420148415799637,0.01191629211506584,0.0,0.01191629211506584,0.02106246881017626,0.001,0.02006246881017626,0.01570287890517791,0.0,0.01570287890517791,0.014968536676710997,0.0,0.014968536676710997,-0.009023236721030614,0.001,-0.010023236721030615,0.02016198132323636,0.004803682060177968,-0.007433352939491581,0.5051579789043228,0.5047123641840493,0.25543402308885915,0.25479978744751475,0.23940799800681822,0.24048784836843606,0.4913594589071851,0.4978131041854804,0.2539692147703103,0.2540673832882403,0.2546713263225045,0.24811951252627923,0.5002716106739049,0.5022691800688404,0.2577151542471309,0.2559403530266506,0.24201323507896416,0.24179046690450906,0.48817210418225226,0.49895551652087305,0.26081144162877123,0.25635869544762857,0.2510164541889766,0.24468578803149843,0.49827966820855046,0.5022910126495514,0.25386216062035716,0.25406543271485194,0.24785817117109235,0.24364355463559662,0.5077224246199622,0.5054071222653174,0.2560469407249516,0.2547864101493681,0.23623063465508629,0.2398064675853146
2024-06-18,0.013786255587271291,0.02874065664495299,0.013830496843827093,-0.008585046168215833,0.0,-0.008585046168215833,0.012658625094719414,0.0,0.012658625094719414,-0.011126533491104077,0.0006666666666666666,-0.011793200157770743,0.001185551005543924,0.0,0.001185551005543924,0.008175054708569347,0.0,0.008175054708569347,0.002471904737907815,0.0,0.002471904737907815,-0.015335880733196323,0.0,-0.015335880733196323,0.010482762354318442,0.0,0.010482762354318442,0.00023935023201708018,0.0,0.00023935023201708018,0.011911144765118342,0.001,0.010911144765118341,0.028517555215845203,0.0,0.028517555215845203,0.021023286973174682,0.0,0.021023286973174682,0.0035149150786444316,0.0,0.0035149150786444316,0.0029461677974684797,0.0,0.0029461677974684797,0.00965544683563857,0.0,0.00965544683563857,0.05739337973118397,0.0,0.05739337973118397,0.05069634207108209,0.0,0.05069634207108209,0.025994752974034863,0.001,0.024994752974034862,0.04770688430880642,0.026173954749838375,-0.008373481204595763,0.5045473940997539,0.5049666011965624,0.2559879331381489,0.2549486413926981,0.23946467276209712,0.24008475741073937,0.49133732986602563,0.4983615690796983,0.2547127713285309,0.2543110604878891,0.2539498988054435,0.24732737043241257,0.4996307049887065,0.5025082566410387,0.25806561841771347,0.2559874840324804,0.24230367659358007,0.24150425932648084,0.4884647309453033,0.49980185276850864,0.2610225897595048,0.25625671888429236,0.25051267929519194,0.243941428347199,0.49809475346610976,0.5029797602003748,0.2537411010423563,0.2538538276076333,0.24816414549153398,0.2431664121919919,0.508389570786731,0.5063770499161798,0.2563438515382992,0.25471273527129445,0.23526657767496972,0.2389102148125257
2024-06-20,-0.011231401838293024,-0.01247022918061554,-0.011286252252598768,-0.008207343108814508,0.0006666666666666666,-0.008874009775481174,-0.00890981619913748,0.0006666666666666666,-0.009576482865804146,-0.004966488593139973,0.0,-0.004966488593139973,0.005422681472118811,0.0,0.005422681472118811,-0.004166863582379128,0.0,-0.004166863582379128,0.0075988360588506625,0.0006666666666666666,0.0069321693921839955,-0.006198499527643175,0.0,-0.006198499527643175,0.006882256409301771,0.0,0.006882256409301771,0.00016585472903922022,0.0006666666666666666,-0.0005008119376274465,-0.017864948193982322,0.0,-0.017864948193982322,-0.043286296589690354,0.0,-0.043286296589690354,-0.04264189791471218,0.002,-0.04464189791471218,-0.0028912025779969097,0.0,-0.0028912025779969097,-0.007136090361884007,0.0,-0.007136090361884007,-0.027620843361825353,0.0,-0.027620843361825353,-0.027547210340912454,0.0,-0.027547210340912454,-0.026723304052508223,0.0,-0.026723304052508223,-0.012718278232386138,0.0,-0.012718278232386138,-0.021591546024710025,-0.02118432967767621,0.01616690187382271,0.504051769522727,0.505724370771236,0.2568799050521296,0.2553247770530496,0.23906832542514345,0.23895085217571443,0.4911198862000809,0.4992584291099129,0.254974022249838,0.2543718356519038,0.25390609155008104,0.24636973523818323,0.49853550527176105,0.502966238645753,0.2588998683238441,0.25633475868890687,0.24256462640439488,0.24069900266534014,0.4877334143810315,0.5009079979989695,0.26159722322883905,0.25635274853167656,0.25066936239012955,0.24273925346935396,0.4979503913084116,0.5042796003850049,0.2536372641223846,0.25372596202654657,0.24841234456920389,0.2419944375884485,0.5090167663874171,0.5079315041610767,0.25666010062204603,0.25472349807143485,0.23432313299053698,0.2373449977674884
2024-06-21,-0.0008663749633101315,0.0013120719210460746,-0.000865599064844955,0.01515370923321657,0.0006666666666666666,0.014487042566549905,0.008817780731751027,0.0006666666666666666,0.00815111406508436,0.008179908597759187,0.0006666666666666666,0.00751324193109252,0.00044852902667376826,0.0,0.00044852902667376826,-0.008822487649605729,0.0,-0.008822487649605729,0.004706656700975845,0.0006666666666666666,0.004039990034309178,-5.161798797093109e-05,0.0006666666666666666,-0.0007182846546375977,-0.00852738974418843,0.0,-0.00852738974418843,-0.014273640532214249,0.0006666666666666666,-0.014940307198880915,-0.02014407675919,0.001,-0.02114407675919,-0.02291803101634876,0.0,-0.02291803101634876,-0.01274073760716421,0.001,-0.01374073760716421,0.006986741441276867,0.0,0.006986741441276867,-0.0035344933920615773,0.0,-0.0035344933920615773,0.0022425076215219497,0.001,0.0012425076215219497,0.007339006602969489,0.001,0.006339006602969489,-0.006027220647908393,0.0,-0.006027220647908393,-0.010525949639445809,0.0,-0.010525949639445809,0.00896511198639501,-0.008692669313980382,-0.0042708899805008835,0.5039719589591705,0.5051975382740428,0.2568013452326968,0.2550527954915192,0.2392266958081328,0.23974966623443808,0.4913323639043113,0.4988777407466132,0.25457116092011606,0.2539377033352288,0.25409647517557277,0.24718455591815808,0.49803618876964656,0.5022296531792808,0.2593520145408605,0.2563281301456011,0.24261179668949295,0.24144221667511817,0.489102122382721,0.5007071891708711,0.26093461380416333,0.25582226720810275,0.2499632638131156,0.2434705436210262,0.4987047896786271,0.50387606937852,0.25379518576866306,0.25346625595638766,0.24750002455270997,0.24265767466509233,0.5086224575443516,0.5071488997742092,0.2565056562285217,0.254360711208141,0.23487188622712668,0.23849038901764985
2024-06-24,-0.012430242534484555,-0.021626611726216678,-0.01246238475227109,-0.007250293242851275,0.0006666666666666666,-0.007916959909517941,-0.007497704414584268,0.0,-0.007497704414584268,-0.0057338864551208886,0.0,-0.0057338864551208886,-0.0007996073071845725,0.0006666666666666666,-0.0014662739738512392,-0.005833983973325315,0.0,-0.005833983973325315,-0.0023402840279947252,0.0,-0.0023402840279947252,0.049177767937096384,0.0006666666666666666,0.048511101270429714,0.008063302208182188,0.0,0.008063302208182188,0.016550833546286576,0.0,0.016550833546286576,-0.05109674121055646,0.0,-0.05109674121055646,-0.06092224384667144,0.0,-0.06092224384667144,-0.039025077664009256,0.0,-0.039025077664009256,0.004509717739607844,0.001,0.0035097177396078436,0.0025129878312998843,0.0,0.0025129878312998843,-0.002428460837100521,0.0,-0.002428460837100521,-0.03401735833328584,0.001,-0.03501735833328584,-0.05140219910269139,0.0,-0.05140219910269139,-0.012627906958853352,0.0,-0.012627906958853352,-0.031169631503261238,-0.028819200488296445,0.006118869229790362,0.5043207215315997,0.505778843252294,0.2566373640580091,0.25470481450628124,0.23904191441039122,0.23951634224142476,0.4914814952607897,0.499359230116889,0.2541531333168975,0.2534626991357254,0.2543653714223128,0.24717807074738557,0.4986088287334589,0.5029228968532236,0.259224761847524,0.2559985134010387,0.2421664094190171,0.2410785897457377,0.4889594770266301,0.5012053939506902,0.2607613532797931,0.25540866410188245,0.2502791696935767,0.2433859419474274,0.49913329945853285,0.504562755353218,0.2534526457000946,0.25299679060058194,0.24741405484137263,0.24244045404620007,0.5093843018292125,0.5079455861355423,0.2562236115111088,0.25391120931821665,0.23439208665967864,0.23814320454624105
2024-06-25,0.015431400390650022,0.02730806990507672,0.015403822157790409,0.020655979038912586,0.0,0.020655979038912586,0.027939963782554957,0.0,0.027939963782554957,0.014011797721184474,0.0,0.014011797721184474,0.002119471296931944,0.0,0.002119471296931944,-0.0029476771811437485,0.0,-0.0029476771811437485,-0.0020551848990481014,0.0,-0.0020551848990481014,-0.009079328222388956,0.0006666666666666666,-0.009745994889055622,-0.008496582101741756,0.0,-0.008496582101741756,-0.004791782195644985,0.0006666666666666666,-0.005458448862311652,0.04805416840953114,0.0,0.04805416840953114,0.03709314732932689,0.0,0.03709314732932689,0.0005282778404430699,0.001,-0.0004717221595569301,-0.011860989119575283,0.0,-0.011860989119575283,-0.0017672474945365502,0.0,-0.0017672474945365502,0.018313369200585905,0.001,0.017313369200585904,0.02461268865768651,0.0,0.02461268865768651,0.024230016712200597,0.0,0.024230016712200597,0.014247844813537969,0.0,0.014247844813537969,0.029237397431662426,0.030199476966070688,0.02023897423734944,0.504254054565975,0.5052363949371086,0.25662603205188994,0.25450771357293067,0.2391199133821351,0.24025589148996077,0.491618996033056,0.498918865670649,0.25399116479850675,0.2531902799462391,0.25438983916843727,0.24789085438311187,0.5005170175807685,0.5033678764445053,0.2580158908042981,0.25520264294913475,0.24146709161493338,0.2414294806063599,0.48867726978268733,0.500430051684809,0.2606108525812825,0.2551024760647841,0.2507118776360302,0.24446747225040688,0.4993137428662144,0.5039400878023729,0.253491207614119,0.25275299322562017,0.24719504951966653,0.24330691897200685,0.5092316583243539,0.507212999903559,0.25534216857934344,0.25336381034414424,0.2354261730963027,0.23942318975229682
2024-06-26,-0.0061161116679782895,-0.018311264491266292,-0.006191308810028552,0.0045041614418722675,0.0,0.0045041614418722675,-0.010910679366696725,0.0,-0.010910679366696725,0.0004927683284591624,0.0,0.0004927683284591624,0.05779740384905729,0.0006666666666666666,0.05713073718239062,-0.014651151092656207,0.0,-0.014651151092656207,-0.0066528257731002976,0.0,-0.0066528257731002976,-0.018141900581556288,0.0006666666666666666,-0.018808567248222954,-0.0011358025221010297,0.0,-0.0011358025221010297,-0.004353384129590299,0.0,-0.004353384129590299,-0.0003060369595105916,0.0,-0.0003060369595105916,-0.010740813923549752,0.0,-0.010740813923549752,-0.004197459246566337,0.001,-0.005197459246566337,0.006172418572935268,0.001,0.005172418572935268,0.00342845664058955,0.0,0.00342845664058955,0.0022942375355644584,0.0,0.0022942375355644584,-0.03319288884018201,0.0,-0.03319288884018201,-0.03276866353481839,0.0,-0.03276866353481839,-0.023467600345595807,0.0,-0.023467600345595807,-0.02512492197673148,-0.02511258556538054,0.003130637201948209,0.5042240840519912,0.5053238903171078,0.25700360104608255,0.254773101495121,0.2387723149019263,0.23990300818777113,0.4918615077329916,0.4991426021576081,0.25384619479597614,0.25319439837006785,0.2542922974710322,0.2476629994723241,0.5003743021183964,0.5033989993503105,0.25801000809416513,0.2552763050191623,0.2416156897874385,0.24132469563052722,0.4902170798982926,0.501075513076527,0.2608309550262003,0.25527775846123296,0.24895196507550715,0.24364672846224006,0.49828875825137064,0.5037391669330427,0.25350763163313583,0.2528610617415217,0.24820361011549355,0.24339977132543558,0.5095029146874885,0.5074398385569616,0.25545765398059667,0.2535045691161838,0.2350394313319147,0.23905559232685458
2024-06-27,0.005299717125379205,0.007273418232928998,0.005288332638642674,0.033852495481943246,0.0,0.033852495481943246,0.013257361209649005,0.0,0.013257361209649005,0.03630833167383322,0.0,0.03630833167383322,0.0014154084399040645,0.0006666666666666666,0.0007487417732373979,-1.4271624977283738e-05,0.0,-1.4271624977283738e-05,0.006998739824792709,0.0006666666666666666,0.006332073158126042,-0.008153214875611492,0.0006666666666666666,-0.008819881542278158,-0.0005432138512232818,0.0,-0.0005432138512232818,-0.006032749962660715,0.0,-0.006032749962660715,-0.010811798686570118,0.0,-0.010811798686570118,-0.015057004227879756,0.0,-0.015057004227879756,-0.008437445739578608,0.001,-0.00943744573957861,0.0032965036351757515,0.001,0.0022965036351757515,-0.0009925318668959626,0.0,-0.0009925318668959626,-0.029821562013098823,0.0,-0.029821562013098823,0.0035569936554767922,0.0,0.0035569936554767922,0.034865845807901086,0.0,0.034865845807901086,0.006917218755654209,0.0,0.006917218755654209,0.01406944496882086,-0.005171120852263752,0.006040742772600656,0.5047448095016988,0.5052213844939415,0.25643755211754843,0.25430944894887797,0.23881763838075284,0.2404691665571806,0.49504490801246526,0.5003714337493248,0.25204385566150495,0.2521126007208562,0.2529112363260297,0.247515965529819,0.4995281579927123,0.5026130587394483,0.25853141176224753,0.2553563787712275,0.24194043024504014,0.24203056248932422,0.4906225921087183,0.5007230882516205,0.26047531065659724,0.2549183541894161,0.24890209723468446,0.2443585575589634,0.49840977165333994,0.5032928575013456,0.2534763498318519,0.25260869711725015,0.2481138785148082,0.24409844538140427,0.5092466245699143,0.5068690189638152,0.25535190129259755,0.2532276290992962,0.2354014741374881,0.23990335193688864
2024-06-28,-0.002314392372304577,-0.007824435191152302,-0.002335388196842817,0.010808817260734127,0.0006666666666666666,0.010142150594067461,-0.004808287279902679,0.0,-0.004808287279902679,-0.007767953417217255,0.0,-0.007767953417217255,0.004360714588224364,0.0,0.004360714588224364,-0.008361567372451861,0.0,-0.008361567372451861,-0.006936505221748564,0.0,-0.006936505221748564,-0.00032260356188114803,0.0,-0.00032260356188114803,-0.0032033504877196544,0.0006666666666666666,-0.003870017154386321,0.003955347556551284,0.0,0.003955347556551284,0.004536199344347958,0.0,0.004536199344347958,0.008510737722840889,0.0,0.008510737722840889,0.011182890369480059,0.0,0.011182890369480059,0.0007731812079665445,0.001,-0.00022681879203345547,0.002438159017207897,0.0,0.002438159017207897,-0.002405619795591174,0.001,-0.003405619795591174,-0.007234780700710541,0.0,-0.007234780700710541,-0.04166121413671248,0.0,-0.04166121413671248,0.006458060153636924,0.0,0.006458060153636924,-0.005088833304737453,-0.007169029856146203,-0.014228741093858964,0.5052417125801202,0.5058306006451316,0.2555822242619728,0.2535525217334269,0.23917606315790696,0.24061687762144152,0.4949180457817223,0.5006687672459327,0.25193889376108103,0.251730856482981,0.25314306045719676,0.2476003762710864,0.4992329152163931,0.5028262019632681,0.2588280869218357,0.2551754530633583,0.24193899786177125,0.24199834497337364,0.49070123260213183,0.5012324641944994,0.26028491581404894,0.2544143110859064,0.24901385158381928,0.2443532247195943,0.49932996737949076,0.5040799466710277,0.25376899579714035,0.25226405748032654,0.24690103682336875,0.24365599584864564,0.5083059519720945,0.507042021586587,0.2565615418186822,0.25318559766743537,0.23513250620922327,0.23977238074597762
2024-07-01,0.0019224152424199587,0.005110108601455197,0.0019499703589205013,0.01819274205315198,0.0006666666666666666,0.017526075386485315,0.014256021982454495,0.0,0.014256021982454495,0.0065057070033603575,0.0006666666666666666,0.0058390403366936905,-0.01050568819511773,0.0006666666666666666,-0.011172354861784396,-0.006203115595456202,0.0,-0.006203115595456202,-0.004882658283034505,0.0006666666666666666,-0.005549324949701172,-0.014491385910629337,0.0006666666666666666,-0.015158052577296003,0.009043542028912627,0.0006666666666666666,0.008376875362245961,0.017921844310879877,0.0,0.017921844310879877,-0.0011815749028945,0.0,-0.0011815749028945,0.005209699216810915,0.0,0.005209699216810915,-0.006566756880226787,0.001,-0.007566756880226787,-0.015101295956012784,0.001,-0.016101295956012784,-0.008126749883128281,0.0,-0.008126749883128281,0.0017850929321322484,0.001,0.0007850929321322484,0.018321311001338825,0.0,0.018321311001338825,-0.0037701239393235775,0.0,-0.0037701239393235775,-0.00268147355024978,0.0,-0.00268147355024978,0.011693286083825027,-0.0025514923427421006,-0.0007163036563538148,0.5061016026393609,0.5064059732694963,0.2552146802519259,0.25338602177174674,0.23868371710871328,0.24020800495875688,0.4955484083388775,0.5011293761192547,0.2515867232042746,0.2515720432479211,0.2528648684568479,0.24729858063282417,0.49922058228259825,0.5029654630911151,0.2586289536989013,0.25509315849523445,0.24215046401850038,0.24194137841365043,0.4904240666043743,0.5013358723921969,0.2603551129058861,0.2544606206642927,0.24922082048973956,0.24420350694351037,0.4993413039059282,0.5042785607017097,0.2539168208448957,0.25233598428416587,0.24674187524917618,0.24338545501412445,0.508901896635373,0.5074335563024265,0.25501203509560244,0.2526974049868991,0.2360860682690247,0.23986903871067447
2024-07-02,0.004575381774474819,0.005507839447817083,0.0045914919381048625,0.012926989293508401,0.0006666666666666666,0.012260322626841735,-0.008698980939649825,0.0,-0.008698980939649825,-0.0009716605018101159,0.0,-0.0009716605018101159,0.008285964762783277,0.0006666666666666666,0.00761929809611661,0.003576147730304568,0.0,0.003576147730304568,0.003014917148475682,0.0,0.003014917148475682,-0.0012977474016214365,0.0006666666666666666,-0.0019644140682881033,0.014444321958964574,0.0,0.014444321958964574,0.00569073352951969,0.0,0.00569073352951969,0.0032210006176057737,0.0,0.0032210006176057737,-0.0062317736344325025,0.0,-0.0062317736344325025,0.016609577473860937,0.0,0.016609577473860937,-0.006118435433549063,0.001,-0.007118435433549063,0.00930460182258308,0.0,0.00930460182258308,0.00020768780368651818,0.0,0.00020768780368651818,0.010006912664451972,0.0,0.010006912664451972,0.023027042104120876,0.0,0.023027042104120876,-0.0044371434649662644,0.0,-0.0044371434649662644,0.0055057843078495,0.0028635758077655655,0.008262836530765835,0.5064866725027524,0.5069487542991101,0.2552335296598904,0.25319311490166196,0.2382797978373572,0.23985813079922785,0.495270340648921,0.5013405883721944,0.25170808054365845,0.251430390343546,0.25302157880742066,0.24722902128425955,0.497742577113378,0.5025767066044229,0.2591408513304695,0.2551467757369515,0.24311657155615252,0.2422765176586255,0.49041635653223964,0.5018026578396025,0.2607006891011347,0.2543035364994749,0.2488829543666257,0.24389380566092245,0.4986919500735006,0.5045336037082186,0.25401164793094083,0.2520961529133109,0.24729640199555855,0.2433702433784703,0.5100338130797872,0.5082764185002933,0.25439630381170036,0.25222308935396154,0.23556988310851248,0.2395004921457451
2024-07-03,0.014813666268581254,0.020618997275848382,0.014801938368130171,0.018790801378684975,0.0013333333333333333,0.017457468045351643,0.01411729515842682,0.0,0.01411729515842682,0.003469214104258711,0.0,0.003469214104258711,0.004124664178064416,0.0006666666666666666,0.003457997511397749,0.021961074435644358,0.0,0.021961074435644358,0.001371004314491812,0.0,0.001371004314491812,-0.0026458453418309875,0.0,-0.0026458453418309875,-0.0004631752593614592,0.0,-0.0004631752593614592,0.002309375659549177,0.0,0.002309375659549177,0.04218896310609388,0.0,0.04218896310609388,0.031983919712256115,0.0,0.031983919712256115,0.005209763925334898,0.0,0.005209763925334898,0.005321515019026002,0.0,0.005321515019026002,0.0008672938127873842,0.0,0.0008672938127873842,-0.00022017702723164945,0.0,-0.00022017702723164945,0.03765792006558144,0.001,0.03665792006558144,0.03666637863476774,0.0,0.03666637863476774,-0.010262715870335781,0.0,-0.010262715870335781,0.015617925523202552,0.0483996535825241,0.0022574332974626054,0.5073909054251985,0.5074007411908186,0.2545662681153476,0.2527897615904068,0.2380428264594538,0.2398094972187746,0.49549735689549373,0.5014539669259662,0.2516097326845851,0.2513114938750255,0.25289291041992135,0.24723453919900837,0.4971034806686941,0.5022570288125664,0.2597014653301246,0.25535736019779526,0.2431950540011814,0.2423856109896384,0.4903262614568228,0.5017727528415654,0.26013589130401515,0.25402372502418713,0.2495378472391621,0.2442035221342474,0.49806522850700036,0.5043266119681241,0.2545688781848766,0.2521866106948714,0.24736589330812303,0.2434867773370045,0.5100424486494622,0.5082790946151365,0.25509715197148863,0.2523609410444534,0.23486039937904912,0.23935996434041013
2024-07-05,-0.004652885886849433,-0.007259802557897289,-0.004646884034820202,-0.0031452477955294187,0.0,-0.0031452477955294187,0.0037097313287952995,0.0,0.0037097313287952995,0.00013488598413124997,0.0,0.00013488598413124997,-0.006472456406725631,0.0,-0.006472456406725631,-0.013891737466739551,0.0,-0.013891737466739551,-0.0026703487694782844,0.0,-0.0026703487694782844,-0.008549739434678589,0.0006666666666666666,-0.009216406101345255,-0.002837484008581193,0.0,-0.002837484008581193,-0.004430199241369189,0.0,-0.004430199241369189,-0.005439597220164516,0.0,-0.005439597220164516,-0.004790070611970454,0.0,-0.004790070611970454,0.0015141081564780667,0.0,0.0015141081564780667,0.008081846550521798,0.001,0.0070818465505217984,0.0157567642597094,0.0,0.0157567642597094,0.006845906204338781,0.001,0.005845906204338781,-0.021779563479395747,0.001,-0.022779563479395748,-0.009025493408518326,0.0,-0.009025493408518326,-0.0026424908364253152,0.0,-0.0026424908364253152,-0.012027259566380805,-0.019898048006002773,0.016041797116350603,0.5078361416750053,0.5073554413791677,0.25461099433602813,0.25354566048595933,0.2375528639889666,0.23909889813487306,0.4950672634700327,0.5009710022766813,0.25237005258023393,0.25242518960806226,0.2525626839497335,0.24660380811525653,0.4969184958754439,0.5018966184793869,0.25972384376670543,0.25610208520129796,0.24335766035785059,0.24200129631931505,0.4915488436817846,0.50181719494082,0.2602262373736146,0.25503647717933947,0.24822491894460086,0.24314632787984058,0.49832720653566176,0.5040540546825995,0.2544646450882212,0.25313515172515966,0.247208148376117,0.2428107935922409,0.5112194501455289,0.5083084950738557,0.25568628210927874,0.25353829194210864,0.2330942677451923,0.23815321298403574
2024-07-08,0.007709446235767119,0.015284468815402128,0.007686820023875515,-0.007134130086927167,0.0,-0.007134130086927167,-0.008643510746383882,0.0,-0.008643510746383882,-0.021013670469011998,0.0013333333333333333,-0.02234700380234533,0.009982077012286077,0.0,0.009982077012286077,0.009158062798212702,0.0,0.009158062798212702,-0.00111032517099241,0.0,-0.00111032517099241,-0.009137503585928611,0.0006666666666666666,-0.009804170252595277,-0.005009211627268417,0.0,-0.005009211627268417,0.0018128482701610749,0.0006666666666666666,0.0011461816034944081,0.016591749551337687,0.0,0.016591749551337687,0.014617933016434326,0.0,0.014617933016434326,0.012046352078262879,0.0,0.012046352078262879,0.0013177642917758248,0.0,0.0013177642917758248,-0.00396180728103912,0.0,-0.00396180728103912,0.0010661000207911608,0.001,6.610002079116082e-05,0.028219376950616715,0.0,0.028219376950616715,0.034156988967880664,0.0,0.034156988967880664,0.06823609978827938,0.0,0.06823609978827938,0.027709580870892037,0.009471099573421144,-0.004679533127353844,0.507566888841243,0.5069661891988319,0.25484259414546384,0.25332635206509024,0.23759051701329306,0.23970745873607777,0.4951619193268443,0.5007637044416324,0.25202533134453753,0.25191772066462714,0.25281274932861814,0.24731857489374032,0.4966240599170473,0.501494774736734,0.2599178973100764,0.2558640036473966,0.24345804277287636,0.24264122161586943,0.4913531673729893,0.5014114232358883,0.2601581295262045,0.2545649564334077,0.24848870310080617,0.2440236203307039,0.49812803743749284,0.5036471303571745,0.2548267454719113,0.25280559969549093,0.24704521709059582,0.24354726994733447,0.5103379062450953,0.5076763870636833,0.25598368306593056,0.2531873891015173,0.23367841068897402,0.23913622383479927
2024-07-09,-0.00046315548914031043,0.0010674975466141755,-0.0004694507501648797,-0.014905817027358898,0.0013333333333333333,-0.01623915036069223,-0.008255056403185726,0.0,-0.008255056403185726,-0.018121476040693474,0.0006666666666666666,-0.01878814270736014,-0.008049470277831131,0.0006666666666666666,-0.008716136944497797,-0.0013331200393014533,0.0,-0.0013331200393014533,-0.0026140903462182523,0.0,-0.0026140903462182523,0.0074661391434035496,0.0,0.0074661391434035496,0.0024458148993750095,0.0,0.0024458148993750095,0.017043353373828635,0.0,0.017043353373828635,0.006749629749257746,0.0,0.006749629749257746,0.010550576129634115,0.0,0.010550576129634115,-0.0061010208461652615,0.0,-0.0061010208461652615,-0.0003911402023204502,0.0,-0.0003911402023204502,0.0032876918450284176,0.0,0.0032876918450284176,0.002904236316756792,0.001,0.001904236316756792,0.0015407870520923184,0.0,0.0015407870520923184,0.0002548564084867144,0.0,0.0002548564084867144,0.027431896747616924,0.0,0.027431896747616924,-0.00340807369319603,0.007771589166420549,0.003501328956439953,0.5079928839230063,0.5078396481227891,0.25497564819301893,0.25323875961910935,0.23703146788397472,0.23892159225810153,0.4954749729123135,0.5015806926174428,0.2521410329664996,0.25182145200584966,0.25238399412118695,0.24659785537670764,0.4962159977621042,0.5019512050423381,0.25996596873865463,0.2557339198919272,0.24381803349924125,0.2423148750657348,0.4915226892222878,0.5023523836994783,0.260140035953202,0.25435246546484047,0.2483372748245103,0.24329515083568137,0.4983010972006698,0.5045892583323444,0.2546328069343251,0.2525350798886111,0.24706609586500522,0.24287566177904468,0.5096291844313928,0.508327527118483,0.25594713193470786,0.2529688071387374,0.23442368363389934,0.23870366574277974
2024-07-10,0.009470159186019672,0.016131843556811208,0.009461354856136632,-0.005608424187698653,0.0006666666666666666,-0.00627509085436532,-0.018269438991582433,0.0,-0.018269438991582433,0.0005041407156975986,0.0006666666666666666,-0.0001625259509690681,0.0032149490090147555,0.0,0.0032149490090147555,0.02243013276969415,0.0,0.02243013276969415,0.019578232243492383,0.0006666666666666666,0.018911565576825717,-0.0024072605317407474,0.0,-0.0024072605317407474,-0.001995596534620743,0.0,-0.001995596534620743,0.008687816437132234,0.0,0.008687816437132234,0.031128862673704183,0.0,0.031128862673704183,0.017489946716394145,0.0,0.017489946716394145,0.022263182716748098,0.0,0.022263182716748098,0.01320137374888275,0.001,0.012201373748882749,0.0046364381688549505,0.0,0.0046364381688549505,0.007823021416658027,0.0,0.007823021416658027,0.007325839838527415,0.0,0.007325839838527415,0.009662621913076541,0.0,0.009662621913076541,0.012827231898559832,0.001,0.011827231898559831,0.016680263317632095,0.0215399349891295,0.009324089489700427,0.5078400140471403,0.5075246175957078,0.25532665582034925,0.2535913641393268,0.2368333301325105,0.23888401826496553,0.49512103524487894,0.501165128194577,0.2523518701580233,0.2521039713081638,0.2525270945970978,0.24673090049725918,0.49610837472419145,0.5016587979342333,0.2596357153835769,0.2557458939209406,0.24425590989223173,0.24259530814482613,0.4917496524689009,0.5021075634814016,0.26046797927467585,0.25469800170770696,0.2477823682564232,0.24319443481089142,0.49814372585924105,0.504217607700214,0.254749121516023,0.25281077864735146,0.24710715262473595,0.24297161365243464,0.5090138090893351,0.507804735166145,0.2555690521508195,0.2530813557568343,0.23541713875984552,0.2391139090770208
2024-07-11,-0.013158702089713198,-0.027564293142879715,-0.013166136490986614,-0.00935691760095066,0.0013333333333333333,-0.010690250934283994,-0.017246829299288002,0.0,-0.017246829299288002,0.006797828046925006,0.0006666666666666666,0.006131161380258339,0.006555837278714782,0.0,0.006555837278714782,-0.0028429166623895608,0.0,-0.0028429166623895608,0.0072846556862134655,0.0006666666666666666,0.0066179890195467985,0.013377465651555063,0.0006666666666666666,0.012710798984888397,0.0017730983252041514,0.0,0.0017730983252041514,0.003787338832382173,0.0,0.003787338832382173,-0.039724431389811854,0.001,-0.040724431389811855,-0.049265362272860935,0.0,-0.049265362272860935,-0.018543134990942622,0.0,-0.018543134990942622,-0.002139066546823387,0.001,-0.003139066546823387,-0.01120193273191239,0.0,-0.01120193273191239,0.012497313053856929,0.0,0.012497313053856929,-0.023910542432080295,0.0,-0.023910542432080295,-0.012566657071188259,0.0,-0.012566657071188259,0.0047820959362316895,0.0,0.0047820959362316895,-0.03292821889220506,-0.020533662089242417,-0.023623045789254855,0.5080117765089522,0.5076396031985908,0.2547704847092399,0.2534563242617714,0.23721773878180782,0.23890407253963789,0.4942047201531458,0.5007360750206875,0.25290330161176117,0.25252273271303205,0.252891978235093,0.2467411922662805,0.4958147443803125,0.5015410871342709,0.2595044785304727,0.2558233211723878,0.24468077708921473,0.24263559169334134,0.4923433437467399,0.5023424814615378,0.2600365860623221,0.25474732315614923,0.247620070190938,0.24291019538231307,0.49845849327093134,0.504360480804521,0.25450545459839147,0.2529220497730521,0.24703605213067723,0.242717469422427,0.5088366891765611,0.5077852854533788,0.25560552365635614,0.25328507256218047,0.23555778716708292,0.2389296419844409
2024-07-12,0.005199321751598447,0.007223531192653025,0.005178052905402497,-0.003561213630754974,0.0,-0.003561213630754974,0.006389841345190975,0.0006666666666666666,0.005723174678524308,0.0202598087449759,0.0,0.0202598087449759,0.005648509972484635,0.0,0.005648509972484635,-0.0034288913729102104,0.0,-0.0034288913729102104,0.00521056137754039,0.0,0.00521056137754039,0.0004421078375297007,0.0,0.0004421078375297007,0.0023459486198854997,0.0,0.0023459486198854997,-0.0014674710178602668,0.0,-0.0014674710178602668,0.020470301267589974,0.0,0.020470301267589974,0.013676172901378458,0.0,0.013676172901378458,0.015010793249090493,0.0,0.015010793249090493,0.007696382015563885,0.001,0.006696382015563885,0.0039372679680050315,0.0,0.0039372679680050315,0.004723786437095978,0.001,0.003723786437095978,-0.02126251436511456,0.0,-0.02126251436511456,-0.005514472452574026,0.0,-0.005514472452574026,0.022984244193160475,0.0,0.022984244193160475,0.014008938017066411,-0.0057577543958997985,0.006558322560114386,0.5077635282330824,0.5072297686595995,0.25429561086980645,0.25340507452478245,0.23794086089711125,0.23936515681561804,0.49444965662858614,0.5005728328573514,0.25252972509335675,0.25252213163655757,0.25302061827805705,0.24690503550609094,0.4963376165729914,0.5015168128295541,0.25918214048235394,0.2558483393310562,0.24448024294465473,0.2426348478393898,0.4920037920984947,0.5018475774802014,0.2593915870428454,0.2547839643045771,0.24860462085865997,0.24336845821522143,0.49826818165312037,0.5039148260332279,0.2539778842213895,0.2529974423734967,0.24775393412549024,0.24308773159327543,0.5078041908629461,0.5070617090724704,0.25569526192462494,0.2535641770155644,0.2365005472124289,0.23937411391196517
2024-07-15,0.00601294700995238,0.0021609008782332954,0.006003133906740087,0.004106056130472583,0.0,0.004106056130472583,0.009412193361867272,0.0,0.009412193361867272,0.01272499604883115,0.0006666666666666666,0.012058329382164484,0.010414969359122154,0.0006666666666666666,0.009748302692455487,0.00138327535342823,0.0,0.00138327535342823,0.00010476475686386523,0.0,0.00010476475686386523,0.07301956848971732,0.0,0.07301956848971732,0.017649149442266067,0.0,0.017649149442266067,0.019826459425949405,0.0,0.019826459425949405,-0.015718285206487492,0.0,-0.015718285206487492,0.011107412166019237,0.0,0.011107412166019237,0.004331540612822871,0.001,0.0033315406128228706,-0.011333705380340009,0.001,-0.01233370538034001,0.007368201595551405,0.0,0.007368201595551405,0.003353534225697785,0.0,0.003353534225697785,-0.018344011031201146,0.0,-0.018344011031201146,-0.016672848646182625,0.0,-0.016672848646182625,-0.009184704193469673,0.0,-0.009184704193469673,0.002656878723587959,-0.00497010168361763,0.008574500263600182,0.5069070832429525,0.5071624390387471,0.2543621425348792,0.2530944397872553,0.23873077422216826,0.23974312117399757,0.4946990821122335,0.5010584384733876,0.25217594395062864,0.25200134049513,0.25312497393713795,0.24694022103148242,0.4963348253399399,0.5018763100872408,0.25928432578615396,0.25555553141289267,0.2443808488739061,0.2425681584998665,0.4923261123424196,0.5024375396121414,0.2591914492501688,0.25425709206910874,0.24848243840741172,0.24330536831874988,0.49841856780008276,0.5044480499131703,0.2539073791306937,0.252513348929682,0.24767405306922352,0.2430386011571478,0.5062576909407528,0.5070349605495914,0.2557609781368316,0.2531250366017075,0.23798133092241566,0.2398400028487012
2024-07-16,0.007025754309434945,-0.00036312085978394476,0.007013484965471555,0.012851681099353493,0.0,0.012851681099353493,-0.014440646784093032,0.0,-0.014440646784093032,-0.004557263508056852,0.0006666666666666666,-0.005223930174723519,0.02809175230368773,0.0,0.02809175230368773,0.021600049793824017,0.0,0.021600049793824017,0.01361859082573343,0.0,0.01361859082573343,0.026590819137241924,0.0,0.026590819137241924,-0.004242636608552879,0.0,-0.004242636608552879,0.018038218984165095,0.0,0.018038218984165095,-0.01070000593612902,0.0,-0.01070000593612902,-0.004590575874025449,0.0,-0.004590575874025449,0.026207486744465935,0.0,0.026207486744465935,0.02062015748586321,0.001,0.01962015748586321,0.01184139801942341,0.0,0.01184139801942341,0.0102173618784559,0.002,0.0082173618784559,-0.0003748729470905432,0.0,-0.0003748729470905432,-0.0011301021694420377,0.0,-0.0011301021694420377,0.01446787879712752,0.0,0.01446787879712752,-0.011021965561697433,0.010734696732160726,0.01049844452802288,0.5065613050376188,0.5070158487095145,0.2544720310615133,0.25296090527134873,0.23896666390086801,0.2400232460191367,0.49517181918798414,0.5013211057846972,0.2519739042160763,0.25171184184863027,0.2528542765959397,0.24696705236667252,0.49797772065759643,0.5027240565195034,0.2583812357582282,0.2549155076197062,0.24364104358417524,0.2423604358607903,0.49111782275383864,0.5020740444043117,0.2600159846059454,0.25427662717235544,0.248866192640216,0.24364932842333287,0.4974882866921435,0.5041762975039523,0.25448419764134533,0.2524511374740374,0.2480275156665112,0.2433725650220103,0.5059804337432104,0.5069787060308044,0.2557106324166377,0.2528558609498839,0.23830893384015184,0.2401654330193117
2024-07-17,-0.041499145940109165,-0.058891636054428285,-0.0414133147208398,-0.03290181199479673,0.0,-0.03290181199479673,-0.02777405071764919,0.0,-0.02777405071764919,-0.02173308226053768,0.0006666666666666666,-0.022399748927204345,-0.044836065611371136,0.0,-0.044836065611371136,-0.05896151411006333,0.0,-0.05896151411006333,-0.028021883267158487,0.0,-0.028021883267158487,-0.03296726388127106,0.0006666666666666666,-0.03363393054793773,0.027358331850091545,0.0,0.027358331850091545,0.006836892633917883,0.0006666666666666666,0.006170225967251216,-0.07943994128530707,0.001,-0.08043994128530707,-0.07614579298979252,0.0,-0.07614579298979252,-0.030626695778313895,0.0,-0.030626695778313895,-0.02578020474521281,0.001,-0.02678020474521281,-0.004768414953134792,0.0,-0.004768414953134792,0.024572523689680104,0.001,0.023572523689680103,-0.06280352855970739,0.001,-0.06380352855970739,-0.0788284855879206,0.0,-0.0788284855879206,-0.018111716299862135,0.0,-0.018111716299862135,-0.07358051655229336,-0.0768552823376101,-0.0093738497044508,0.5077594526038732,0.5070469540983552,0.2536161763687298,0.2528260014272672,0.238624371027397,0.24012704447437755,0.4957223787380626,0.5010284171654499,0.25191040985452307,0.2519731181701639,0.25236721140741436,0.24699846466438624,0.49902808403784277,0.50268126981534,0.25725509057316215,0.2546454585294834,0.24371682538899506,0.24267327165517658,0.49000543231295357,0.5009458779104756,0.2597600972570296,0.2545848358403089,0.25023447043001673,0.24446928624921543,0.49799055178655577,0.5035809673367644,0.2543253353676508,0.2527913644168139,0.24768411284579325,0.24362766824642168,0.5056247719629091,0.5061002599949609,0.25549036579332124,0.25317582445728515,0.23888486224376967,0.2407239155477539
2024-07-18,-0.006183492172143258,0.0014803786468099355,-0.006154813527505503,-0.01864553696588045,0.0006666666666666666,-0.019312203632547115,-0.013269892774611547,0.0006666666666666666,-0.013936559441278213,-0.01112633198118514,0.0006666666666666666,-0.011792998647851806,0.00025087544145452334,0.0,0.00025087544145452334,0.005244432874175678,0.0,0.005244432874175678,0.005696097231997968,0.0,0.005696097231997968,-0.04378140345086645,0.0,-0.04378140345086645,-0.010140621080770221,0.0,-0.010140621080770221,-0.0278908395312909,0.0,-0.0278908395312909,0.015093470660365593,0.001,0.014093470660365592,0.012771357409029349,0.0,0.012771357409029349,0.009333905893420424,0.0,0.009333905893420424,-0.02139646410344581,0.0,-0.02139646410344581,-0.009631720852296133,0.0,-0.009631720852296133,-0.004531300818815587,0.0,-0.004531300818815587,0.005447953909200387,0.001,0.004447953909200387,-0.004235008681619135,0.0,-0.004235008681619135,-0.025906093374418793,0.0,-0.025906093374418793,0.004833245153725777,0.015249717184561435,-0.019726180592558002,0.507353519335706,0.5063209431042293,0.253686450549456,0.2526007850771012,0.23896003011483793,0.2410782718186696,0.4954153955568546,0.5003518812148035,0.2514815496173659,0.2514983346110562,0.2531030548257795,0.24814978417414035,0.49636659214398765,0.50082747950837,0.25918158437991284,0.25534835199232964,0.2444518234760995,0.2438241684993004,0.48950607438055066,0.5000802103503258,0.25949537924262966,0.2541486052852479,0.25099854637681973,0.24577118436442635,0.49609978663304793,0.5022561353936499,0.25453357582720565,0.252511210158158,0.24936663753974633,0.24523265444819214,0.504814509265755,0.5051319938624432,0.25508094298739165,0.25269184132101935,0.24010454774685333,0.24217616481653742
2024-07-19,-0.007278698299159522,-0.006578900251829252,-0.007301960180934358,0.0038731377479934714,0.0,0.0038731377479934714,-0.025739151338831638,0.0006666666666666666,-0.026405818005498304,0.005687769477552193,0.0006666666666666666,0.005021102810885526,-0.010878832244530345,0.0,-0.010878832244530345,0.0026404697648373756,0.0,0.0026404697648373756,-0.012006402041127351,0.0,-0.012006402041127351,0.024347059087438463,0.0,0.024347059087438463,-0.012577558341248036,0.0,-0.012577558341248036,-0.010588321704769938,0.0006666666666666666,-0.011254988371436604,-0.030794074681900263,0.0,-0.030794074681900263,-0.026758565139505197,0.0,-0.026758565139505197,-0.0343103675921298,0.0,-0.0343103675921298,-0.004163521044676766,0.0,-0.004163521044676766,-0.0036904627247543176,0.0,-0.0036904627247543176,-0.0003656794409451214,0.0,-0.0003656794409451214,-0.015043735848995876,0.001,-0.016043735848995877,0.013641857245873301,0.0,0.013641857245873301,-0.014133810503331179,0.0,-0.014133810503331179,-0.007050517782244007,0.0012896075863583583,-0.013791598743718304,0.5070167747884541,0.506329614170911,0.25380442626351896,0.25302348260012675,0.23917879894802702,0.24064690322896215,0.49514136366649353,0.5003919086099309,0.2516061539819172,0.2519243464593259,0.2532524823515893,0.2476837449307433,0.4950524305781899,0.500347442065779,0.2603280079287067,0.2562852734327206,0.24461956149310346,0.24336728450150039,0.4896641316698971,0.5003696073318227,0.2595071075242877,0.25463984657062705,0.2508287608058152,0.2449905460975502,0.49534964358143535,0.5022458262626304,0.25477737551345403,0.253079035007052,0.24987298090511054,0.24467513873031765,0.5058212651544948,0.5057014613817399,0.25512402990087685,0.2531934309549015,0.2390547049446283,0.24110510766335852
2024-07-22,0.0048783216700951,-0.005763019936368182,0.004875321321442698,-0.03566415864999405,0.0006666666666666666,-0.03633082531666072,-0.042110799675357316,0.0,-0.042110799675357316,0.007161033945701259,0.0,0.007161033945701259,0.01533802884219515,0.0,0.01533802884219515,0.027733380195278007,0.0,0.027733380195278007,0.017943009918761188,0.0,0.017943009918761188,0.02018153950120216,0.0,0.02018153950120216,-0.0010151430539349082,0.0,-0.0010151430539349082,0.005707925808718705,0.0,0.005707925808718705,0.03458339787738618,0.0,0.03458339787738618,0.047307113482183194,0.0,0.047307113482183194,0.043986378080801525,0.0,0.043986378080801525,0.0067192148962650355,0.0,0.0067192148962650355,0.013362361387626476,0.0,0.013362361387626476,0.0060268809315773275,0.001,0.0050268809315773275,0.023736486960152847,0.0,0.023736486960152847,0.008297849080792119,0.0,0.008297849080792119,0.005933884478263707,0.0,0.005933884478263707,-0.030378269080584677,0.036901436330578775,0.0011271729690206147,0.5078044045626235,0.5066982330625569,0.2525874860273805,0.25262350694981384,0.239608109409996,0.2406782599876292,0.49481707154049737,0.5002045665514938,0.25215623465620174,0.2524078812642245,0.2530266938033009,0.24738755218428166,0.4969572092264571,0.5012746353944737,0.2593110955787347,0.255985311725491,0.24373169519480817,0.24274005288003528,0.489647059956799,0.5003302110326122,0.25971806669360353,0.2549888456832948,0.2506348733495974,0.24468094328409293,0.495238375262792,0.50217534508359,0.2547454516658395,0.25334788272413267,0.2500161730713685,0.24447677219227737,0.5049672117243061,0.5053858611158896,0.2562859766160778,0.25385625595771133,0.23874681165961611,0.2407578829263991
2024-07-23,0.004341643571707489,0.00152240894528684,0.004276605709243578,0.013730804719326601,0.0006666666666666666,0.013064138052659935,0.05012321637023372,0.0,0.05012321637023372,0.01066332208416143,0.0006666666666666666,0.009996655417494765,0.03248209227463539,0.0006666666666666666,0.03181542560796872,0.023687760356778956,0.0,0.023687760356778956,0.0019700620252301277,0.0,0.0019700620252301277,0.0016734203835671404,0.0006666666666666666,0.0010067537169004739,8.166674088631409e-05,0.0006666666666666666,-0.0005849999257803526,0.009712492404817159,0.0,0.009712492404817159,-0.0024572647810158776,0.0,-0.0024572647810158776,-0.00799939978755937,0.0,-0.00799939978755937,-0.05632818370935194,0.0,-0.05632818370935194,-0.00850122195003894,0.0,-0.00850122195003894,0.0009435989351682661,0.0,0.0009435989351682661,-0.0019065583960180543,0.0,-0.0019065583960180543,-0.013631507389066766,0.0,-0.013631507389066766,0.01598242566063074,0.0,0.01598242566063074,-0.0084146725898962,0.0,-0.0084146725898962,-0.002810277592562656,0.012467283503297472,-0.0010010956752611508,0.5068454371274448,0.5049110496657228,0.2518046603890555,0.25336684753222516,0.24134990248349975,0.24172210280205209,0.49442366910678065,0.49870016565539077,0.2526124599656555,0.2537707473205252,0.2529638709275639,0.24752908702408416,0.4978989327354258,0.5004377974697133,0.2586485950715532,0.256788814873474,0.2434524721930211,0.24277338765681275,0.48906493156620157,0.4983857910935271,0.26010335814721913,0.2566365614210968,0.2508317102865793,0.2449776474853761,0.49510628293759845,0.500379437046088,0.2550330432877594,0.2549633575174751,0.24986067377464213,0.24465720543643685,0.5058374861682788,0.5039207341122125,0.255896674411462,0.25524835578829697,0.23826583942025925,0.24083091009949048
2024-07-24,-0.042275016954297806,-0.053929394633372485,-0.042246408641382883,-0.04119258032800795,0.0,-0.04119258032800795,-0.022628241527196703,0.0,-0.022628241527196703,-0.05295189838899909,0.0,-0.05295189838899909,-0.012341530254391294,0.0006666666666666666,-0.01300819692105796,-0.06168940608783442,0.0,-0.06168940608783442,-0.030177365233026568,0.0,-0.030177365233026568,-0.0569624148098008,0.0006666666666666666,-0.05762908147646747,-0.008023376972568497,0.0,-0.008023376972568497,-0.010895522883766976,0.0,-0.010895522883766976,-0.063517647957062,0.0,-0.063517647957062,-0.06577169014218287,0.0,-0.06577169014218287,-0.015084283451067604,0.0,-0.015084283451067604,-0.016892566467462122,0.0,-0.016892566467462122,-0.010342621500038729,0.0,-0.010342621500038729,-0.006512467925354759,0.0,-0.006512467925354759,-0.05896065099599557,0.0,-0.05896065099599557,-0.11393388071930888,0.0,-0.11393388071930888,-0.020317649386627445,0.0,-0.020317649386627445,-0.057520280743552935,-0.08789545864124973,-0.010603686983512994,0.505932075720381,0.5042254226523941,0.2533080872207139,0.2544117483239083,0.24075983705890508,0.24136282902369754,0.49542010423997423,0.49896943691219076,0.25268989981479395,0.2541026546209483,0.2518899959452319,0.24692790846686097,0.4977202289816803,0.5001194992830438,0.2584693494822436,0.2569923794546731,0.24381042153607607,0.24288812126228304,0.49043539551846754,0.4985312561426472,0.26052883050826836,0.25716983838388735,0.24903577397326415,0.24429890547346544,0.49468451281014675,0.49993346484890133,0.25532169259175624,0.2554514828714384,0.24999379459809712,0.24461505227966035,0.50489961855474,0.5033044497446171,0.25701562060778815,0.2560104791167289,0.2380847608374718,0.24068507113865398
2024-07-25,-0.00882277919081557,-0.015463536528169862,-0.008827223081689973,0.006338195660232452,0.0006666666666666666,0.005671528993565785,0.03200854245551099,0.0,0.03200854245551099,-0.003519342497290615,0.0,-0.003519342497290615,0.0009148361319509055,0.0006666666666666666,0.0002481694652842389,-0.018179026535903788,0.0006666666666666666,-0.018845693202570454,-0.00841992416953182,0.0006666666666666666,-0.009086590836198486,-0.007181315311730718,0.0006666666666666666,-0.007847981978397384,-0.00456714970217024,0.0006666666666666666,-0.005233816368836907,0.013514245709974615,0.0,0.013514245709974615,-0.00429589893596255,0.001,-0.00529589893596255,-0.024306012709229163,0.0,-0.024306012709229163,-0.016391183871875936,0.0,-0.016391183871875936,-0.012718483389618118,0.001,-0.013718483389618119,-0.007328998793717567,0.0,-0.007328998793717567,0.001709860896253912,0.001,0.0007098608962539119,-0.033618692011159634,0.001,-0.034618692011159635,-0.02463183343005243,0.0,-0.02463183343005243,-0.030802678555645113,0.0,-0.030802678555645113,-0.012544729279774753,-0.024162616695781125,-0.012364896827664765,0.5056567132381792,0.5035836876967075,0.2541591331298284,0.2545809753964985,0.24018415363199244,0.24183533690679404,0.4968420270173749,0.49917634458630533,0.25145418106445017,0.25322849936380937,0.2517037919181748,0.24759515604988525,0.4955897369734111,0.49855019956432345,0.2596416778527231,0.2573222477579458,0.24476858517386596,0.24412755267773079,0.4895382110432775,0.49755975328828955,0.2600522286475394,0.25666912328801095,0.25040956030918315,0.2457711234236995,0.49424119343778444,0.4991117374784768,0.25544400074293017,0.2551484080794899,0.2503148058192854,0.24573985444203328,0.5041490982882373,0.5023813460791263,0.2566335735137023,0.2555409670938447,0.23921732819806035,0.24207768682702901
2024-07-26,0.016478106727174563,0.014986089508721701,0.016507722322242683,0.00392260190252162,0.0,0.00392260190252162,-0.0016871864461764918,0.0006666666666666666,-0.0023538531128431584,0.005465629349706587,0.0006666666666666666,0.00479896268303992,0.02891705723315511,0.0006666666666666666,0.028250390566488443,0.03277488794002129,0.0006666666666666666,0.03210822127335462,0.06897837247415575,0.0006666666666666666,0.06831170580748909,0.032414771963696465,0.0006666666666666666,0.031748105297029795,0.01777592600280934,0.0,0.01777592600280934,0.009230858466172146,0.0,0.009230858466172146,0.020880474784358838,0.001,0.019880474784358837,0.016758144153359744,0.0,0.016758144153359744,0.02461788451215341,0.0,0.02461788451215341,-0.008018342012418356,0.001,-0.009018342012418357,0.014813040669309663,0.0,0.014813040669309663,0.01941645592636565,0.001,0.01841645592636565,0.013741653668810971,0.0,0.013741653668810971,0.01610172848113589,0.0,0.01610172848113589,0.010303856939032019,0.0,0.010303856939032019,0.0165569366502251,0.021887088940723,0.004541212905671295,0.5051785805930038,0.5034982255722795,0.25532706650194004,0.2549321615837419,0.23949435290505613,0.24156961284397865,0.4975879967489642,0.49970293365025964,0.25082396928252026,0.252680612974032,0.2515880339685156,0.2476164533757084,0.49497443871172875,0.49839615463164194,0.25946171919326233,0.25699948792940297,0.24556384209500898,0.2446043574389551,0.4903319941972207,0.49802753135462474,0.2594361304608601,0.2561538850179981,0.25023187534191926,0.24581858362737716,0.49369685571827643,0.49913793565657316,0.2555052697781768,0.25485670099271257,0.2507978745035468,0.24600536335071424,0.503781054105179,0.502465721124251,0.25698461692341384,0.25534488555064083,0.23923432897140717,0.24218939332510817
2024-07-29,-0.004973198489679261,-0.00674291178440456,-0.0049690903953731914,0.004531968277037538,0.0,0.004531968277037538,-0.006124462174873465,0.0006666666666666666,-0.006791128841540132,-0.0055774930673903045,0.0006666666666666666,-0.0062441597340569715,-0.001973292085772645,0.0,-0.001973292085772645,-0.004854587803346355,0.0006666666666666666,-0.005521254470013022,-0.014173303571423324,0.0006666666666666666,-0.01483997023808999,-0.01735985074651595,0.0006666666666666666,-0.018026517413182615,-0.00260199867406082,0.0,-0.00260199867406082,-0.010071917814792181,0.0,-0.010071917814792181,-0.012460000041672914,0.002,-0.014460000041672914,-0.010416567582746783,0.0,-0.010416567582746783,0.0040451955336949785,0.0,0.0040451955336949785,0.014987249800805569,0.001,0.013987249800805568,-0.0051252656713717815,0.0,-0.0051252656713717815,0.004255321717829497,0.001,0.0032553217178294966,-0.004685609470667207,0.0,-0.004685609470667207,-0.004446402906350511,0.0,-0.004446402906350511,0.0033030329758739763,0.001,0.0023030329758739762,-0.013503000951853859,-0.0016108325275411282,0.0018344564692408898,0.5053262540989978,0.5036546243184737,0.25506529167986525,0.25498573462672125,0.23960845422113702,0.24135964105480506,0.4969146664843593,0.4994488305111545,0.25068756811372,0.2527968728436486,0.25239776540192066,0.24775429664519688,0.49592593374911903,0.4989544641435344,0.25919883832554663,0.2570525079495619,0.24487522792533434,0.24399302790690372,0.4902932537764775,0.49812538008666385,0.25924559245178913,0.2563381844833872,0.2504611537717333,0.24553643542994896,0.4923522426003121,0.4988048463985293,0.2560877986836332,0.2552961125398957,0.2515599587160549,0.2458990410615751,0.5038038525792329,0.5025838776915732,0.25712364963835277,0.25563794335495316,0.23907249778241432,0.2417781789534737
2024-07-30,-0.022245176402436333,-0.031122408713896335,-0.022224638402193162,-0.0379101320710757,0.0,-0.0379101320710757,-0.04127483658037878,0.0006666666666666666,-0.04194150324704545,-0.00966931244531144,0.0,-0.00966931244531144,-0.006893673649255897,0.0,-0.006893673649255897,-0.01926180208223445,0.0006666666666666666,-0.019928468748901116,0.01067636427592178,0.0,0.01067636427592178,-0.00815365302901209,0.0006666666666666666,-0.008820319695678756,0.013904444690348385,0.0006666666666666666,0.013237778023681718,0.014729090394173767,0.0,0.014729090394173767,-0.04113972175501324,0.001,-0.04213972175501324,-0.06796559578166173,0.0,-0.06796559578166173,-0.010276685308551636,0.0,-0.010276685308551636,0.018655101133291607,0.0,0.018655101133291607,0.0044823854433173604,0.0,0.0044823854433173604,0.00807058126587823,0.001,0.007070581265878229,-0.043504649490514746,0.0,-0.043504649490514746,-0.05437489666540973,0.0,-0.05437489666540973,-0.0609867473628114,0.001,-0.0619867473628114,-0.028526716813749776,-0.0487599535875309,-0.017984926001151348,0.5059067336630989,0.5035885419237232,0.2547518084173563,0.25496629415229777,0.23934145791954475,0.24144516392397908,0.49734624843598807,0.4993082993101678,0.2507184231899215,0.25294960153858037,0.25193532837409044,0.24774209915125195,0.49530663084393034,0.4982884905141389,0.259715050452404,0.2574479151698216,0.24497831870366563,0.24426359431603953,0.48970784095368475,0.49745472213822883,0.25915601316386994,0.2564926068685273,0.25113614588244537,0.24605267099324396,0.49313735910607276,0.49858646312851684,0.25546874530250036,0.2552758084742754,0.25139389559142683,0.24613772839720785,0.5036205143296859,0.5020459043523091,0.25704299210031817,0.2557953099175553,0.2393364935699959,0.24215878573013566
2024-07-31,0.02832335077029227,0.02993449155193808,0.028268968046278115,0.024998147749373624,0.0006666666666666666,0.024331481082706958,0.01420641427256756,0.0,0.01420641427256756,0.018133763093406863,0.0,0.018133763093406863,0.02271139692852967,0.0,0.02271139692852967,0.04155987964945999,0.0,0.04155987964945999,0.0043306280546550795,0.0,0.0043306280546550795,0.019197596905380327,0.0006666666666666666,0.01853093023871366,-0.006949288865908546,0.0,-0.006949288865908546,0.0018076870661511237,0.0,0.0018076870661511237,0.08326617308425632,0.001,0.08226617308425632,0.10602167394845352,0.0,0.10602167394845352,0.033056007319328895,0.0,0.033056007319328895,0.018325720112116306,0.0,0.018325720112116306,-0.015166316973971306,0.0,-0.015166316973971306,-0.020549653501477194,0.001,-0.021549653501477195,0.05116913263692657,0.001,0.05016913263692657,0.0653388719445116,0.0,0.0653388719445116,0.006276032947068577,0.001,0.005276032947068577,0.014625194981171876,0.08436680157735353,0.004709681135715868,0.5052963000649725,0.5034192926939618,0.2542291031708098,0.254232885952379,0.24047459676421762,0.24234782135365912,0.49722396616127973,0.49938312574211546,0.2499715928374819,0.25210413078571503,0.2528044410012384,0.2485127434721695,0.4941107082882452,0.4978264968055982,0.2602908973707867,0.2572637830523674,0.24559839434096822,0.24490972014203444,0.48909225915650323,0.49743377668802335,0.2584033560741194,0.2556116755562046,0.2525043847693772,0.24695454775577189,0.49381390818478477,0.49899192086735633,0.25505897484194573,0.2545080297495873,0.25112711697326945,0.24650004938305634,0.5039615006148249,0.5023406263692696,0.25686641724674836,0.2551044857431722,0.2391720821384267,0.24255488788755822
2024-08-01,-0.031214517113827188,-0.029018518169369005,-0.03118164358461079,-0.043425885829111444,0.0006666666666666666,-0.04409255249577811,-0.021044653452734173,0.0,-0.021044653452734173,-0.03201885917727794,0.0006666666666666666,-0.03268552584394461,-0.014030606207134663,0.0,-0.014030606207134663,-0.016713171629810415,0.0,-0.016713171629810415,0.007415106452143752,0.0006666666666666666,0.0067484397854770855,-0.041827883892804854,0.0,-0.041827883892804854,-0.010500511333677503,0.0,-0.010500511333677503,-0.019923113798204883,0.0,-0.019923113798204883,-0.08271147828929593,0.001,-0.08371147828929593,-0.08020648950417253,0.0,-0.08020648950417253,-0.05263562816698436,0.001,-0.05363562816698436,-0.008788780902833637,0.0,-0.008788780902833637,-0.0036630152495817914,0.0,-0.0036630152495817914,0.02029012782877837,0.001,0.01929012782877837,-0.05295134342892516,0.001,-0.05395134342892516,-0.05081796615986378,0.0,-0.05081796615986378,-0.006078677759658979,0.0,-0.006078677759658979,-0.03169228349396325,-0.05679221381727454,0.005672888638028506,0.5057275658291134,0.5032874175469522,0.2539056405907216,0.2548415273611424,0.24036679358016497,0.24187105509190537,0.497215285205143,0.49903127723496704,0.2509586049793632,0.2533680095554632,0.2518261098154939,0.24760071320956983,0.4952249924932205,0.4980361308790058,0.25948569796660426,0.2576315560490837,0.24528930954017533,0.24433231307191056,0.4895313071665135,0.4971130017723595,0.2586353194248786,0.2567205228783573,0.2518333734086078,0.24616647534928326,0.4957382325487187,0.4991612871484872,0.2542583186642494,0.2552761126273496,0.25000344878703185,0.2455626002241632,0.5050907807317087,0.5022476280488739,0.2574420051385576,0.25632672916387134,0.2374672141297337,0.2414256427872548
2024-08-02,-0.035814155025488285,-0.043079959271101365,-0.035749649692286514,0.0013704095537986696,0.0006666666666666666,0.000703742887132003,-0.046208014118479225,0.0,-0.046208014118479225,-0.024017021472382417,0.0006666666666666666,-0.024683688139049084,-0.03973473767031099,0.0,-0.03973473767031099,-0.053262628922205485,0.0,-0.053262628922205485,-0.001885939772853969,0.0006666666666666666,-0.002552606439520636,-0.048939715203116685,0.0006666666666666666,-0.049606381869783354,-0.019761211748278128,0.0,-0.019761211748278128,-0.05035324479984382,0.0,-0.05035324479984382,-0.06684321576264124,0.001,-0.06784321576264124,-0.023180769698672887,0.0,-0.023180769698672887,-0.04148041245800993,0.001,-0.04248041245800993,-0.017852573730856136,0.001,-0.018852573730856137,-0.004247592318050775,0.0,-0.004247592318050775,0.0120282331411532,0.0,0.0120282331411532,-0.0666385082360264,0.001,-0.0676385082360264,-0.06607225853059567,0.0,-0.06607225853059567,-0.015159914629828575,0.0,-0.015159914629828575,-0.0655427933984651,-0.0499694935321013,0.009941936971707532,0.5048146690575979,0.5025968611758562,0.25467698486665985,0.2546173622063597,0.24050834607574237,0.24278577661778405,0.49673844886139706,0.4985587510777558,0.25057673285356963,0.2525672361998146,0.25268481828503325,0.24887401272242948,0.493820739608343,0.49709989645122876,0.2604577661566024,0.257507752851331,0.24572149423505468,0.2453923506974402,0.4895313071665136,0.49679929707200626,0.25863531942487866,0.2559033409060699,0.25183337340860784,0.24729736202192382,0.4948710444809381,0.49856141038576635,0.25408690282224045,0.2544023634271993,0.25104205269682145,0.2470362261870343,0.5039818162988182,0.5015679650856668,0.25687677203963416,0.2553230202689392,0.23914141166154756,0.24310901464539392
2024-08-05,-0.02805215125511968,-0.03740587558317446,-0.028079557883248455,-0.02089052473985642,0.0,-0.02089052473985642,-0.005250289235676978,0.0,-0.005250289235676978,-0.03413917412160106,0.0,-0.03413917412160106,-0.023532240830334485,0.0,-0.023532240830334485,-0.021117087912707607,0.0,-0.021117087912707607,-0.008210491727640285,0.0,-0.008210491727640285,-0.02933976024354449,0.0,-0.02933976024354449,-0.029041527934025813,0.0006666666666666666,-0.02970819460069248,-0.029571545881404277,0.0,-0.029571545881404277,0.00042295026971372884,0.001,-0.0005770497302862712,-0.036057352847449875,0.0,-0.036057352847449875,-0.03451548298328205,0.001,-0.035515482983282054,-0.018612385238100326,0.001,-0.019612385238100327,-0.03275899442137903,0.0,-0.03275899442137903,-0.03491807775786382,0.0,-0.03491807775786382,-0.05234801323714133,0.0,-0.05234801323714133,-0.025116277053033875,0.0,-0.025116277053033875,-0.030512131143633603,0.0,-0.030512131143633603,-0.04320079541820317,-0.03300702182507553,-0.030178932282709143,0.5067277941258249,0.5033638970629124,0.2531360627108321,0.25315732812131425,0.240136143163343,0.2434787748157733,0.4960235990418162,0.4980117995209081,0.24967731992759368,0.25142795672969503,0.2542990810305901,0.2505602437493969,0.4930234067954848,0.4965117033977424,0.26167212345196267,0.25742535849187953,0.24530446975255257,0.2460629381103781,0.48862308326552834,0.49624561747762436,0.2596135187479479,0.25530211885312637,0.2517633979865238,0.24845226366924927,0.4936794096279149,0.4979142051772119,0.25425368219984135,0.2535333727922512,0.2520669081722437,0.24855242203053685,0.5030983380024089,0.5010224515407949,0.2564264679897473,0.25425039210292016,0.24047519400784384,0.2447271563562849
2024-08-06,0.01470483138986955,0.008320316971282084,0.014686598081426515,0.030187059354189156,0.0006666666666666666,0.02952039268752249,0.02868898873707722,0.0,0.02868898873707722,0.024167211675439816,0.0006666666666666666,0.02350054500877315,0.013860878965532931,0.0006666666666666666,0.013194212298866265,0.024784130211334,0.0006666666666666666,0.024117463544667334,0.0003470052829185333,0.0006666666666666666,-0.00031966138374813337,-0.008306246394788903,0.0006666666666666666,-0.008972913061455569,0.01663227731568225,0.0,0.01663227731568225,0.017965044839020283,0.0,0.017965044839020283,0.03895483777308928,0.0,0.03895483777308928,0.021352392578543267,0.0,0.021352392578543267,0.026664764391376106,0.0,0.026664764391376106,0.026466547129677664,0.001,0.025466547129677664,0.018912714045599577,0.0,0.018912714045599577,0.004135024454023917,0.0,0.004135024454023917,-0.016428525735959154,0.0,-0.016428525735959154,0.01802894210882966,0.0,0.01802894210882966,0.020173628083656858,0.001,0.019173628083656857,-0.002384578535221263,0.02181400811307088,0.016166286418662062,0.5066438952595523,0.5033219476297761,0.25392679258282247,0.25351558024346726,0.23942931215762508,0.24316247212675648,0.4955547021309128,0.4977773510654564,0.24956784128802117,0.2513361045960666,0.254877456581066,0.2508865443384769,0.4930392752682362,0.4965196376341181,0.2616602998837468,0.2573823338939294,0.24530042484801706,0.24609802847195247,0.49047098294238295,0.4968554243709864,0.25866089363920336,0.2549380213966922,0.2508681234184138,0.24820655423232144,0.49442592556970905,0.49816055543800397,0.253936118789203,0.25337884569619207,0.25163795564108793,0.2484605988658039,0.501929026832539,0.5006365788547379,0.2571708386119869,0.2544463032377108,0.24090013455547404,0.24491711790755133
2024-08-07,-0.01809565348467783,-0.02356716368976049,-0.01809874400716377,-8.621933602966558e-05,0.0006666666666666666,-0.0007528860026963322,-0.01721902087753191,0.0,-0.01721902087753191,-0.02422523145075839,0.0006666666666666666,-0.024891898117425055,-0.012767293233087415,0.0006666666666666666,-0.01343395989975408,-0.0014988953885319472,0.0,-0.0014988953885319472,6.301351752820584e-05,0.0006666666666666666,-0.0006036531491384608,-0.006307393482748372,0.0006666666666666666,-0.006974060149415039,0.0007038049805041524,0.0,0.0007038049805041524,-0.005718551307555793,0.0,-0.005718551307555793,-0.029561644531866105,0.001,-0.030561644531866106,-0.033802036585153517,0.0,-0.033802036585153517,-0.016415001342979296,0.0,-0.016415001342979296,-0.003668009072130163,0.0,-0.003668009072130163,-0.011191637950654754,0.0,-0.011191637950654754,0.012300354579921846,0.0,0.012300354579921846,-0.051557587106063785,0.0,-0.051557587106063785,-0.11548764078685758,0.0,-0.11548764078685758,-0.0027529647881572306,0.0,-0.0027529647881572306,-0.03422552842999308,-0.032399449835024664,0.007095699089151085,0.5068196694816157,0.5034098347408078,0.25397054372282857,0.25361157017645775,0.23920978679555577,0.24297859508273442,0.49562862925799117,0.4978143146289956,0.2501782939303155,0.2517154452802012,0.2541930768116934,0.2504702400908032,0.4916614676169595,0.49583073380847975,0.26233590326220746,0.2577942499461472,0.24600262912083304,0.24637501624537306,0.4912574925998525,0.49711497255795134,0.25811976829745464,0.2548587632803183,0.25062273910269267,0.24802626416173035,0.4951557725313168,0.4984014049353346,0.2539611979662788,0.25348643507103025,0.2508830295024045,0.24811215999363523,0.5000909511214906,0.5000300138700919,0.25808988848381953,0.2548489029418187,0.24181916039468979,0.2451210831880894
2024-08-08,0.0386766013284334,0.04662905982242324,0.038654469648240306,0.027099779102083683,0.0006666666666666666,0.026433112435417017,0.07009023282665008,0.0,0.07009023282665008,0.032068760709283474,0.0006666666666666666,0.031402094042616804,0.01254501314507624,0.0,0.01254501314507624,0.033457766499981556,0.0,0.033457766499981556,0.01370114235835862,0.0,0.01370114235835862,0.04019217970279783,0.0,0.04019217970279783,0.014218267936090191,0.0,0.014218267936090191,0.025168031256167657,0.0,0.025168031256167657,0.06870544255904687,0.001,0.06770544255904687,0.058913431455531406,0.0,0.058913431455531406,0.05569638591439097,0.0,0.05569638591439097,0.017032232466804298,0.001,0.016032232466804297,0.03266527655860996,0.0,0.03266527655860996,0.00657352987207116,0.0,0.00657352987207116,0.05829360558058749,0.0,0.05829360558058749,0.04605832319536529,0.0,0.04605832319536529,0.03425597135827063,0.0,0.03425597135827063,0.05723767034816606,0.058317554264795346,0.01332453076223413,0.507879215921841,0.5039396079609205,0.25362297120537597,0.25291947283961114,0.23849781287278302,0.2431409191994684,0.4949784075620265,0.49748920378101325,0.2504770823015324,0.25134652838768934,0.25454451013644114,0.25116426783129747,0.4914215616341481,0.49571078081707404,0.26263100893424096,0.25742349170404366,0.2459474294316109,0.24686572747888236,0.49097760116991396,0.4970226083860716,0.2577972197330417,0.2540577854093808,0.25122517909704434,0.24891960620454767,0.4949371191485917,0.4983292493190352,0.25344829729926616,0.2526226410062348,0.2516145835521422,0.24904810967472996,0.49888801124311954,0.49963304371022943,0.2574690681743033,0.2539494953949971,0.24364292058257722,0.2464174608947735
2024-08-09,0.003774304076171211,0.003130843010546008,0.0037701136730629156,0.013201899581592125,0.0006666666666666666,0.012535232914925459,0.008338515846982123,0.0006666666666666666,0.007671849180315456,0.011621487694912558,0.0013333333333333333,0.010288154361579224,-0.005172018763219451,0.0006666666666666666,-0.005838685429886118,0.004992572313258706,0.0,0.004992572313258706,-0.0058914044923672835,0.0,-0.0058914044923672835,0.0023372850840489567,0.0006666666666666666,0.0016706184173822902,0.014138425350879835,0.0006666666666666666,0.013471758684213169,0.00269334879622185,0.0,0.00269334879622185,-0.002031873222692826,0.002,-0.004031873222692826,-0.002472602125497936,0.0,-0.002472602125497936,-0.008272545084087368,0.0,-0.008272545084087368,0.020097828276179674,0.001,0.019097828276179674,0.004018944309058692,0.001,0.003018944309058692,-0.0014021021659378907,0.0,-0.0014021021659378907,0.008773444651759554,0.001,0.007773444651759554,0.0016575345980043843,0.0,0.0016575345980043843,0.007342999990147425,0.001,0.006342999990147425,0.005156760730222198,0.00022795443074389665,0.001988820045458307,0.507114840691096,0.5040335917736213,0.25449766933210033,0.25359701798446954,0.2383874899768036,0.24236939024190912,0.4944028033632482,0.4976775731096974,0.2512869573674977,0.25199166200216816,0.2543102392692541,0.2503307648881344,0.49250674384740545,0.496729543351776,0.26177918268936606,0.2572377746631024,0.24571407346322838,0.24603268198512152,0.49097760116991396,0.4976606780996898,0.2577972197330417,0.2543796481585857,0.25122517909704434,0.24795967374172442,0.49474538824729675,0.4989040478352261,0.2542365992719852,0.25320464340643706,0.25101801248071803,0.24789130875833676,0.4993960196604401,0.5004387562015634,0.2575179948403652,0.25428750394400246,0.24308598549919463,0.24527373985443401
2024-08-12,0.0070176369561219445,0.019806583238125695,0.007025919476052707,-0.003586525600251818,0.0013333333333333333,-0.004919858933585151,-0.003540407464146818,0.0,-0.003540407464146818,-0.006014455090750122,0.0006666666666666666,-0.006681121757416789,-0.0025051139092356527,0.0006666666666666666,-0.0031717805759023192,-0.001351884661819458,0.0,-0.001351884661819458,0.0017765290847988984,0.0,0.0017765290847988984,-0.01468263660801657,0.0006666666666666666,-0.015349303274683236,0.0014047315692513975,0.0,0.0014047315692513975,-0.012250928292427982,0.0006666666666666666,-0.012917594959094648,0.029691445314980358,0.001,0.028691445314980357,0.015548442161577192,0.0,0.015548442161577192,0.00018694213692516115,0.001,-0.0008130578630748389,-0.0027544647811665324,0.0,-0.0027544647811665324,0.0016354862612541488,0.0,0.0016354862612541488,-0.0008449845327487271,0.0,-0.0008449845327487271,0.02505019170769074,0.0,0.02505019170769074,0.04202069402082276,0.0,0.04202069402082276,-0.004434762807935699,0.0,-0.004434762807935699,0.029725165390552883,0.01985298208935952,-0.0004237312949441443,0.5073036864050988,0.5042345756654169,0.2543325571090078,0.25343745011056007,0.23836375648589334,0.24232797422402313,0.49412144894393834,0.4976434569348366,0.2517158483406913,0.25212909572640174,0.25416270271537034,0.2502274473387616,0.49216108211328324,0.49666327351950906,0.26224455532112695,0.2573934492166196,0.24559436256558975,0.24594327726387133,0.49104595379705634,0.497826026253271,0.25791755007720485,0.2543161614105928,0.25103649612573886,0.24785781233613627,0.49570472811519883,0.499363421778258,0.2538709180508873,0.252980772841908,0.25042435383391387,0.247655805379834,0.49959762683741094,0.500648078356588,0.2572912932909685,0.2541094966711348,0.24311107987162062,0.24524242497227725
2024-08-13,0.0243593879993176,0.027990950624231757,0.024372847472343848,0.05009964378178599,0.0006666666666666666,0.04943297711511932,0.011743505886169753,0.0,0.011743505886169753,0.04973217774653537,0.0006666666666666666,0.0490655110798687,0.009992307903856485,0.0,0.009992307903856485,0.02254523712361041,0.0,0.02254523712361041,0.005495706428925643,0.0,0.005495706428925643,0.028966607256114996,0.0,0.028966607256114996,0.0020491924324557522,0.0006666666666666666,0.0013825257657890857,0.01328608872496262,0.0006666666666666666,0.012619422058295953,0.03435720188112368,0.001,0.03335720188112368,0.052852257510499046,0.0,0.052852257510499046,0.04066445546752062,0.001,0.03966445546752062,-0.03365967242681367,0.0,-0.03365967242681367,0.002217198317707225,0.0,0.002217198317707225,0.015789475419096588,0.0,0.015789475419096588,0.038973084495435684,0.001,0.03797308449543568,0.04706767998649275,0.0,0.04706767998649275,0.009196393217870247,0.0,0.009196393217870247,0.030716182631973652,0.04215318998172209,0.007826715033336132,0.5073110217187009,0.5047598961122552,0.2544099226246046,0.25347694559973816,0.2382790556566945,0.24176315828800654,0.49394339822311323,0.4980760843644615,0.25172132957152754,0.25213264907319966,0.2543352722053592,0.24979126656233888,0.4916449830028279,0.4969268767543188,0.26289287877293516,0.2577184236739034,0.24546213822423704,0.2453546995717778,0.49215896079670535,0.49889233330180527,0.2577896570203425,0.2542750457618771,0.25005138218295214,0.24683262093631764,0.49553892727500576,0.5000077222396444,0.2540200751604045,0.2530310837480975,0.25044099756458976,0.24696119401225808,0.499888603175849,0.5014431152869226,0.2583602521927335,0.2544633421687661,0.2417511446314175,0.2440935425443112
2024-08-14,0.013673611713546169,0.02274813696507226,0.013676367526421644,0.015727225333889927,0.0006666666666666666,0.015060558667223261,0.01059693521456928,0.0,0.01059693521456928,0.00970511162008636,0.0013333333333333333,0.008371778286753026,0.0039254719991677805,0.0,0.0039254719991677805,0.006973960040361771,0.0,0.006973960040361771,0.0017825724456839906,0.0,0.0017825724456839906,0.016165248733659505,0.0,0.016165248733659505,0.02595347830568717,0.0,0.02595347830568717,0.0060403973208547805,0.0,0.0060403973208547805,0.0013714898892296934,0.0,0.0013714898892296934,0.001507108675042168,0.0,0.001507108675042168,-0.009866216190585753,0.0,-0.009866216190585753,0.0030569584733577404,0.0,0.0030569584733577404,0.007411599299074756,0.0,0.007411599299074756,-0.0022281930094839586,0.0,-0.0022281930094839586,0.04076733593005355,0.001,0.03976733593005355,0.03422038802054406,0.0,0.03422038802054406,0.012523683068959568,0.0,0.012523683068959568,0.03252554756888111,0.02629420219877458,-0.0010481622385885747,0.5083399220506825,0.5054172409141,0.2529161818761499,0.2531057458935169,0.23874389607316773,0.24147701319238313,0.4937338625902208,0.4981142111838691,0.25227870684728126,0.25278700837908263,0.253987430562498,0.24909878043704825,0.4928078373024109,0.4976511985399642,0.2619926437275883,0.2576439768192361,0.24519951897000095,0.24470482464079973,0.49155240172702686,0.4988836476208556,0.2583733809247509,0.25497107334546004,0.25007421734822216,0.24614527903368433,0.49330167551798243,0.4994609079718709,0.2547856071655712,0.25378710800493076,0.2519127173164464,0.2467519840231983,0.500370268346758,0.5017935436053669,0.2591035745371737,0.2552120372375596,0.24052615711606834,0.24299441915707357
2024-08-15,0.03148459102498927,0.04944764195728902,0.031450708615143194,0.013339402054761251,0.0006666666666666666,0.012672735388094585,0.01211882482409073,0.0,0.01211882482409073,0.017681371133211554,0.0013333333333333333,0.016348037799878222,0.0050662900890280724,0.0,0.0050662900890280724,0.017266801252115473,0.0,0.017266801252115473,0.0015155225253751978,0.0,0.0015155225253751978,0.023758158733956813,0.0,0.023758158733956813,0.013382773280979697,0.0006666666666666666,0.01271610661431303,0.012696042619460446,0.0,0.012696042619460446,0.04996216523409447,0.0,0.04996216523409447,0.03875682012358772,0.0,0.03875682012358772,0.04539647104100131,0.0,0.04539647104100131,0.03679042920444919,0.0,0.03679042920444919,0.00914936539546729,0.0,0.00914936539546729,-0.0014516635352948004,0.0,-0.0014516635352948004,0.09137235132273047,0.001,0.09037235132273047,0.060439265638343787,0.0,0.060439265638343787,-0.011145255798986231,0.0,-0.011145255798986231,0.08375479840955058,0.03137762105618195,-0.0027931278275591005,0.5086308982966244,0.5060780831053153,0.25282385402216584,0.253153399203798,0.2385452476812097,0.24076851769088672,0.49371051737725835,0.4986178926456322,0.25242832683458233,0.2529556356100062,0.2538611557881593,0.24842647174436155,0.49279882245193823,0.49816204518297214,0.2625269284136307,0.25800493639953037,0.24467424913443112,0.24383301841749744,0.49183870120252093,0.499668700899216,0.25853123060661354,0.25514887883842063,0.24963006819086545,0.2451824202623633,0.49332453455719427,0.5001590259062582,0.2550305259686956,0.25399364630790766,0.25164493947411,0.245847327785834,0.501209194721853,0.5027609637605955,0.25923584131622474,0.25538140037259227,0.2395549639619223,0.24185763586681208
2024-08-16,-0.003641263133986261,-0.008673141151579345,-0.0036144118275979846,0.006113203040029639,0.0013333333333333333,0.004779869706696306,0.0025785734599581924,0.0,0.0025785734599581924,0.008586932290001847,0.0013333333333333333,0.007253598956668514,-0.0038726995580576165,0.0006666666666666666,-0.004539366224724283,-0.012405328322129372,0.0006666666666666666,-0.013071994988796038,0.003745574159318791,0.0006666666666666666,0.0030789074926521245,0.016424633182809213,0.0,0.016424633182809213,0.0055127300128822165,0.0,0.0055127300128822165,0.005953769723515837,0.0,0.005953769723515837,-0.01581615809137188,0.001,-0.01681615809137188,0.003653806359235845,0.0,0.003653806359235845,-0.0016077225383610005,0.0,-0.0016077225383610005,-0.013175605563191806,0.001,-0.014175605563191807,0.008069454475442273,0.0,0.008069454475442273,0.006436395517472104,0.0,0.006436395517472104,-0.024014490700612012,0.0,-0.024014490700612012,-0.019652122427742835,0.0,-0.019652122427742835,-0.0017228236773663141,0.0,-0.0017228236773663141,-0.01271291190723452,-0.011476804518935103,0.0027371313618353996,0.5085521863975241,0.5069656997392615,0.2527553263831112,0.2530892874116285,0.2386924872193647,0.23994501284911002,0.49348432693918787,0.49943177001009337,0.2529599593625206,0.25319160390133316,0.25355571369829155,0.24737662608857347,0.49337892741118555,0.4993790702460922,0.26222719953849755,0.2578252239893216,0.244393873050317,0.2427957057645862,0.4922555776805402,0.5010484133988475,0.2581422030503195,0.2549805034615031,0.24960221926914025,0.24397108313964938,0.4950517179987912,0.5019711397038703,0.25444218000217556,0.2537594958556156,0.2505061019990331,0.244269364440514,0.5027457576594989,0.5045101727919039,0.26003058369140614,0.25560366907306165,0.23722365864909503,0.23988615813503444
2024-08-19,0.008886402942689721,0.006043629053087183,0.008859304563749037,0.012444568082739638,0.0006666666666666666,0.011777901416072972,0.007299962521728154,0.0006666666666666666,0.006633295855061487,0.011783016685761982,0.0006666666666666666,0.011116350019095316,0.005379022648922315,0.0,0.005379022648922315,0.0051597249257477875,0.0,0.0051597249257477875,0.006109729566627772,0.0006666666666666666,0.005443062899961105,0.020916641716360578,0.0,0.020916641716360578,0.008089384128970718,0.0,0.008089384128970718,0.0022967386219278443,0.0,0.0022967386219278443,0.02843708868236816,0.001,0.02743708868236816,0.027793278787578424,0.0,0.027793278787578424,0.004000850218752072,0.0,0.004000850218752072,0.003271655805187179,0.0,0.003271655805187179,0.01610653971857967,0.0,0.01610653971857967,0.0016516999733752202,0.0,0.0016516999733752202,0.00468037903379992,0.0,0.00468037903379992,-0.007518622335144276,0.0,-0.007518622335144276,-0.0022375983758036733,0.0,-0.0022375983758036733,0.0048273496619321375,0.014920592002315658,-0.0007152815947747039,0.5085485176398035,0.5067493546176493,0.25263668905637904,0.2529552704490259,0.2388147933038174,0.24029537493332473,0.49350746670261936,0.4992288291490572,0.2525189385971008,0.2528963952193868,0.25397359470027986,0.24787477563155597,0.49394054191529674,0.49944536675539586,0.2619248046277276,0.2575993282347002,0.2441346534569758,0.24295530500990392,0.49131691217448975,0.5004512093865633,0.25875990231901547,0.25508424849919586,0.24992318550649495,0.2444645421142408,0.49392651949441885,0.5013123798021399,0.25505255053869486,0.25386082241169006,0.25102092996688624,0.24482679778616995,0.5020672493814655,0.5039988206648653,0.259917645899792,0.2554663038808521,0.23801510471874243,0.24053487545428248
2024-08-20,-0.003996900691722504,0.001160339282819825,-0.003992378834145755,-0.003644864962478807,0.0,-0.003644864962478807,0.006646264863107598,0.0,0.006646264863107598,-0.0023590766817572772,0.0006666666666666666,-0.003025743348423944,0.0005278084153590064,0.0,0.0005278084153590064,-0.0038635807474923416,0.0,-0.0038635807474923416,-0.002910091869854581,0.0006666666666666666,-0.0035767585365212473,-0.027311923223718185,0.0006666666666666666,-0.02797858989038485,-0.0013517524467723623,0.0,-0.0013517524467723623,-0.004926989628104598,0.0013333333333333333,-0.0062603229614379315,-0.014185360320104035,0.001,-0.015185360320104035,-0.016745848717512446,0.0,-0.016745848717512446,-0.016542934945995014,0.0,-0.016542934945995014,-0.004411685485010475,0.0,-0.004411685485010475,-0.0033670569023553365,0.0,-0.0033670569023553365,0.0034063824498086204,0.0,0.0034063824498086204,0.01593139948847283,0.0,0.01593139948847283,-0.025213289015943385,0.0,-0.025213289015943385,0.0012897545881638828,0.0,0.0012897545881638828,0.00305526204316268,-0.008191230777172615,0.007026687907479401,0.5087041649525106,0.5067625229055229,0.25244113502411625,0.2530936965380836,0.2388547000233733,0.24014378055639352,0.4935115200565049,0.4991662004575201,0.2525093836640605,0.25312782085805574,0.25397909627943466,0.24770597868442418,0.4947605333653134,0.4997907071119243,0.2616538529564605,0.25770005550425573,0.24358561367822623,0.24250923738381996,0.49191096679730933,0.5005606092183307,0.25909215002608466,0.2555104024034821,0.24899688317660587,0.24392898837818716,0.493628863023034,0.5011275149728198,0.2555868095475036,0.2543536400455504,0.25078432742946244,0.2445188449816298,0.5025751184971194,0.5040797792792681,0.2595148921162411,0.2556499072932337,0.23790998938663943,0.24027031342749822
2024-08-21,0.012186575393201554,0.01167841657522863,0.012151738654064513,0.007854581077821294,0.0,0.007854581077821294,0.014482108933508098,0.0,0.014482108933508098,0.031027951403831116,0.0006666666666666666,0.03036128473716445,0.012843990511367604,0.0,0.012843990511367604,0.01154555012319839,0.0,0.01154555012319839,0.005233356429796535,0.0006666666666666666,0.004566689763129868,0.01902230097529911,0.0006666666666666666,0.018355634308632445,-0.010802168938104779,0.0,-0.010802168938104779,-0.0030087607990280834,0.0006666666666666666,-0.00367542746569475,0.015476629816378873,0.0,0.015476629816378873,0.011041393815854006,0.0,0.011041393815854006,0.02172835834319159,0.0,0.02172835834319159,0.021517850605984323,0.0,0.021517850605984323,0.015072537370544259,0.0,0.015072537370544259,0.007882870276904375,0.0,0.007882870276904375,0.012346176798468833,0.0,0.012346176798468833,0.02020536641356796,0.0,0.02020536641356796,-0.002359951950326733,0.0,-0.002359951950326733,0.010544872003954413,0.004697763171084206,0.021359878021060135,0.5084107068734303,0.5067160766460692,0.25284134318404144,0.25304479770203353,0.2387479499425283,0.24023912565189723,0.49373448066610875,0.4993779635424085,0.25239060348395226,0.25281942785198896,0.253874915849939,0.24780260860560258,0.4934870099279658,0.499254228173337,0.2624437454041964,0.257845998812111,0.24406924466783778,0.24289977301455196,0.491987651841144,0.5007202942081119,0.25904763596551017,0.2551620488560355,0.24896471219334582,0.24411765693585247,0.49339787920573225,0.5011856692384261,0.25552326128038644,0.2539990052099447,0.2510788595138813,0.24481532555162916,0.5040686933446796,0.5047070379042787,0.25804684569484493,0.25483178806671597,0.2378844609604754,0.24046117402900524
2024-08-22,-0.010472588989012691,-0.01024976803475295,-0.010468748185876883,-0.012773800743086206,0.0006666666666666666,-0.013440467409752872,-0.01562567262760376,0.0,-0.01562567262760376,-0.014329576729260827,0.0,-0.014329576729260827,0.0012003588671712917,0.0,0.0012003588671712917,-0.005514563605942084,0.0,-0.005514563605942084,-0.0007592418984280571,0.0,-0.0007592418984280571,0.0010840737966351102,0.0006666666666666666,0.0004174071299684435,0.009202303559502946,0.0,0.009202303559502946,0.006623018635514361,0.0006666666666666666,0.005956351968847694,-0.04055520432266668,0.0,-0.04055520432266668,-0.03350247092062941,0.0,-0.03350247092062941,-0.034974873818759245,0.0,-0.034974873818759245,-0.002188949049829303,0.0,-0.002188949049829303,-0.0036555603020994587,0.0,-0.0036555603020994587,0.0006096776533035531,0.0,0.0006096776533035531,-0.014850848736959021,0.0,-0.014850848736959021,-0.022955064649828716,0.0,-0.022955064649828716,0.003691812231111369,0.0,0.003691812231111369,-0.018017526927658123,-0.011165539758323018,0.006897825666476453,0.5076577307554415,0.5062792885047339,0.2528184984741661,0.2528477889087155,0.23952377077039252,0.24087292258655058,0.49398627588081034,0.49944356106741833,0.252450472219229,0.252663775781247,0.25356325189996076,0.24789266315133468,0.49483724930605144,0.4998690477800389,0.261555369775272,0.25721622455926846,0.24360738091867665,0.2429147276606926,0.4919453904444379,0.5006255458368621,0.25878424014334434,0.25482644240729113,0.24927036941221772,0.24454801175584662,0.4939231754637525,0.501278214893236,0.25544931545003047,0.2537259172584976,0.2506275090862172,0.24499586784826644,0.5042236323920305,0.5046773656795677,0.25855253418940094,0.2547499794424898,0.23722383341856848,0.24057265487794235
2024-08-23,0.014603409923419493,0.013853768546649551,0.014606223594648731,0.012417490900971773,0.0006666666666666666,0.011750824234305107,0.004474141733555648,0.0006666666666666666,0.003807475066888981,0.01294287964410586,0.0,0.01294287964410586,0.016870212285081676,0.0,0.016870212285081676,0.014142838435989475,0.0,0.014142838435989475,0.006418096239181917,0.0,0.006418096239181917,0.039099010671121384,0.0006666666666666666,0.038432344004454715,0.01007421352663836,0.0006666666666666666,0.009407546859971694,0.011897823098073745,0.0,0.011897823098073745,0.006722160163742441,0.0,0.006722160163742441,0.036062911837802636,0.0,0.036062911837802636,0.02981716034185644,0.0,0.02981716034185644,0.0026403364456059064,0.0,0.0026403364456059064,0.009205092282104532,0.0,0.009205092282104532,0.00609276425985128,0.0,0.00609276425985128,0.025428094481289465,0.001,0.024428094481289464,0.007317986735283277,0.001,0.006317986735283277,0.010444844344325244,0.0,0.010444844344325244,0.016569580487906244,0.016211243088661988,0.005770466656619177,0.5077393285602378,0.5059080518682932,0.25274312628494755,0.2527855052651864,0.23951754515481463,0.2413064428665203,0.49421364477605023,0.4991452099761995,0.252210766752179,0.2525193254988022,0.2535755884717707,0.24833546452499833,0.4944582501197713,0.49926751264806,0.2618376429402694,0.25733276359284735,0.24370410693995923,0.2433997237590926,0.4916131356088324,0.49996377411906834,0.2589927634718127,0.25486229439013314,0.24939410091935493,0.24517393149079852,0.49388925678605794,0.5007148941075528,0.25535311534198407,0.2536612105072897,0.250757627871958,0.24562389538515755,0.5039787550967247,0.5040444285500728,0.25798752856859014,0.2545305668720697,0.23803371633468512,0.24142500457785748
2024-08-26,-0.004165059972068265,0.0001231459793683803,-0.004172924489534581,-0.004284534082854155,0.0,-0.004284534082854155,-0.00986310035882454,0.0,-0.00986310035882454,-0.016624915004657383,0.0,-0.016624915004657383,0.0010846305555487126,0.0,0.0010846305555487126,-0.007522615680889669,0.0,-0.007522615680889669,-0.00039734087103212223,0.0,-0.00039734087103212223,0.011564968109347262,0.0006666666666666666,0.010898301442680596,0.0029898510459289707,0.0,0.0029898510459289707,0.0015714408429892133,0.0006666666666666666,0.0009047741763225466,-0.026773708542805974,0.001,-0.027773708542805975,-0.022802976697340938,0.0,-0.022802976697340938,-0.019289291023542765,0.0,-0.019289291023542765,0.014259237132857705,0.0,0.014259237132857705,-0.004785483116498013,0.0,-0.004785483116498013,0.007151980052599982,0.0,0.007151980052599982,-0.004636806620818945,0.0,-0.004636806620818945,-0.03656884069982408,0.0,-0.03656884069982408,-0.010695342156669674,0.0,-0.010695342156669674,0.0026189271271023955,-0.006932990845963992,0.0022909470278156267,0.5079228328935126,0.5061434709275023,0.2524130688513025,0.2526830171876201,0.23966409825518498,0.24117351188487757,0.49456002764694995,0.499462068304221,0.2522430222281296,0.25259799387603366,0.2531969501249205,0.24793993781974533,0.49591888215848634,0.5001414955599892,0.26101531170375086,0.2569841386138443,0.24306580613776277,0.24287436582616645,0.49023400337164685,0.4997011741168431,0.2598624406175921,0.2552330923048437,0.24990355601076109,0.24506573357831316,0.4936255916557155,0.5008203982505858,0.2555688780484682,0.2538162166570328,0.2508055302958163,0.24536338509238137,0.5048254743388213,0.5045163595360107,0.257440025378147,0.25443369527582677,0.2377345002830316,0.24104994518816242
2024-08-27,0.0054991834623414814,0.00639171831515555,0.005524703320215713,0.005356806707271677,0.0006666666666666666,0.0046901400406050104,0.006603521827402018,0.0006666666666666666,0.005936855160735351,-0.00030700423860433967,0.0,-0.00030700423860433967,-0.0008840906147570269,0.0,-0.0008840906147570269,0.001442039524326829,0.0,0.001442039524326829,0.0009319209783933043,0.0,0.0009319209783933043,-0.0079144562555233,0.0006666666666666666,-0.008581122922189967,0.007771998686950221,0.0,0.007771998686950221,0.005421549958990542,0.0006666666666666666,0.004754883292323875,0.004653138175404803,0.001,0.003653138175404803,0.020373123062266796,0.0,0.020373123062266796,0.025477302649455913,0.001,0.024477302649455912,0.01747757860907495,0.0,0.01747757860907495,0.010202718374976105,0.0,0.010202718374976105,0.007629272886279348,0.0,0.007629272886279348,0.014622199876703657,0.0,0.014622199876703657,-0.011323407826963228,0.0,-0.011323407826963228,-0.0004953363048614823,0.0,-0.0004953363048614823,0.006677956572821443,0.011219082336934322,0.0007748778098783945,0.5083884196568398,0.506508377245815,0.2523486435489115,0.252463484912771,0.23926293679424876,0.24102813784141403,0.4948244168388296,0.49972637583680984,0.2519221035711461,0.25225021492388827,0.2532534795900244,0.24802340923930188,0.49638682638690973,0.5005075806108499,0.26082806668301983,0.25670319647982515,0.24278510693007038,0.24278922290932486,0.48988272954211337,0.49976228508820675,0.2599474434825674,0.2550101349545897,0.2501698269753193,0.2452275799572035,0.4943147320306468,0.5012248459094227,0.25490416958019546,0.2533458545668069,0.2507810983891577,0.24542929952377018,0.505848716677571,0.5050310608429078,0.2562378016949243,0.25378595316466745,0.23791348162750456,0.24118298599242466
2024-08-28,-0.010461565317950953,-0.006862634925449071,-0.01045169718487256,-0.021683827440724574,0.0006666666666666666,-0.02235049410739124,-0.009167427106066401,0.0,-0.009167427106066401,-0.010907522139039708,0.0006666666666666666,-0.011574188805706374,0.0009428549386675997,0.0,0.0009428549386675997,-0.0020009289927336305,0.0,-0.0020009289927336305,0.0035109835359194985,0.0006666666666666666,0.002844316869252832,-0.03516327642405581,0.0006666666666666666,-0.03582994309072248,0.00802428618599671,0.0006666666666666666,0.007357619519330043,0.008936672710290193,0.0,0.008936672710290193,-0.010325809203595049,0.0,-0.010325809203595049,-0.016462630323373084,0.0,-0.016462630323373084,-0.013787312532625773,0.001,-0.014787312532625774,-0.008136123611934942,0.001,-0.009136123611934943,-0.004463009953603103,0.0,-0.004463009953603103,0.0026343109085805727,0.0,0.0026343109085805727,0.0005914366310150188,0.0,0.0005914366310150188,-0.09576913452060981,0.0,-0.09576913452060981,-0.004276097880662633,0.0,-0.004276097880662633,-0.013228377289589772,-0.004389225963813414,0.003805768915449001,0.5084824252477895,0.5065704715190048,0.25246139339255197,0.25264791206784865,0.2390561813596586,0.2407816164131466,0.4947157324430477,0.4996871251166339,0.25198983459059426,0.2524121326668698,0.25329443296635795,0.24790074221649627,0.4956046871043885,0.5001316024473043,0.2613129392146802,0.25707368497891275,0.24308237368093122,0.2427947125737829,0.48889968048139554,0.49945810147830794,0.2603383023182171,0.255310708362919,0.25076201720038743,0.24523119015877304,0.4947636016434217,0.5013931954617766,0.2547461605819866,0.25346530158996294,0.2504902377745917,0.24514150294826043,0.5069368246971996,0.5054103590695234,0.25539365312901313,0.2536789741304817,0.2376695221737873,0.240910666799995
2024-08-29,0.008494897255169961,-0.009141271602768503,0.00837806914030674,0.01879508878632359,0.0,0.01879508878632359,0.005926444023275615,0.0,0.005926444023275615,0.008433454129818514,0.0,0.008433454129818514,0.011343220477472308,0.0006666666666666666,0.010676553810805641,0.01657762272354857,0.0,0.01657762272354857,0.004618685998755293,0.0006666666666666666,0.003952019332088626,0.1270636187439729,0.0,0.1270636187439729,0.007301068747756304,0.0,0.007301068747756304,0.006989520472258611,0.0006666666666666666,0.006322853805591944,0.008420660207964448,0.001,0.007420660207964448,-0.03879068154188292,0.0,-0.03879068154188292,-0.004591929406964568,0.0,-0.004591929406964568,-0.0006577098336683629,0.0,-0.0006577098336683629,0.0029185251291263814,0.0,0.0029185251291263814,0.0012337168987494596,0.0,0.0012337168987494596,-0.007400924191512226,0.0,-0.007400924191512226,0.007117668853339865,0.0,0.007117668853339865,0.0010651055954157274,0.0,0.0010651055954157274,-0.00882584544730728,-0.017878058666841445,-0.0007021427526938314,0.5078519290533456,0.5059178578910116,0.2528473779650028,0.25290644616130675,0.2393006929816516,0.2411756959476816,0.4947427296548394,0.49936325819175853,0.2518478468494077,0.25240668060350924,0.25340942349575296,0.2482300612047323,0.49329767289617216,0.4986407298124249,0.26246618684847683,0.2577158506030438,0.24423614025535093,0.24364341958453126,0.48917857251610525,0.4990980660385287,0.26015133029918197,0.25533683361832926,0.25067009718471267,0.24556510034314194,0.49433350960945804,0.5007991952793351,0.25477461422814107,0.25356251731488577,0.25089187616240083,0.24563828740577903,0.5084325358150401,0.5054518739271772,0.2534402347645818,0.2531221720919112,0.2381272294203781,0.24142595398091155
2024-08-30,0.015623900914475887,0.02253460213390122,0.01562528348705875,0.009869598705222488,0.0006666666666666666,0.009202932038555822,0.014832121494314121,0.0,0.014832121494314121,0.012987948211838832,0.0,0.012987948211838832,0.015520110865510157,0.0,0.015520110865510157,0.015290678774802167,0.0,0.015290678774802167,0.005196499742073997,0.0,0.005196499742073997,0.008432129765616986,0.0,0.008432129765616986,0.005278510986583015,0.0,0.005278510986583015,0.009238244534200375,0.0,0.009238244534200375,0.016670754562139956,0.002,0.014670754562139956,0.024708344790387415,0.0,0.024708344790387415,0.017065811358498273,0.0,0.017065811358498273,0.007063754097716091,0.001,0.006063754097716091,0.011351532734956593,0.001,0.010351532734956592,0.006860994667375331,0.0,0.006860994667375331,0.041129361186722946,0.0,0.041129361186722946,-0.004268348330947025,0.0,-0.004268348330947025,0.016595903165636194,0.0,0.016595903165636194,0.035486769349549085,0.009402339849301944,0.009341852895009476,0.5084633637907657,0.5062400638737824,0.2524685989995169,0.2524851062437392,0.23906803720971734,0.24127482988247836,0.4947651477899593,0.49939095587337917,0.252171562382563,0.25233658793526226,0.25306328982747767,0.24827245619135851,0.49556383469773974,0.49979029932726937,0.2613182125024201,0.25690991299519084,0.24311795279984025,0.24329978767753982,0.4907213769314266,0.4996292862384261,0.25845149188605226,0.2544650733593315,0.25082713118252103,0.24590564040224233,0.4941896589403704,0.5007738193013775,0.2548918292940137,0.25329038470395876,0.25091851176561575,0.2459357959946636,0.5078243505577305,0.5052732675351064,0.2539100389420554,0.2529663938878125,0.23826561050021414,0.24176033857708107
2024-09-03,-0.04245421966431274,-0.04763308648006352,-0.04242530706504566,-0.027912366465301375,0.0006666666666666666,-0.02857903313196804,-0.0294523300653768,0.0,-0.0294523300653768,-0.030814862808931493,0.0006666666666666666,-0.03148152947559816,-0.037369622710432794,0.0006666666666666666,-0.038036289377099464,-0.06774954288882636,0.0,-0.06774954288882636,-0.017773927444958204,0.0,-0.017773927444958204,-0.06338874833865016,0.0,-0.06338874833865016,-0.012107119076602186,0.0,-0.012107119076602186,-0.013420002573290159,0.0006666666666666666,-0.014086669239956825,-0.08129697924438328,0.001,-0.08229697924438328,-0.08202320881917702,0.0,-0.08202320881917702,-0.0989752926986282,0.0,-0.0989752926986282,-0.013010296310088432,0.0,-0.013010296310088432,-0.031526570079192184,0.0,-0.031526570079192184,0.012603904108613562,0.0,0.012603904108613562,-0.06779386382034247,0.0,-0.06779386382034247,0.0025581150031032673,0.0,0.0025581150031032673,-0.00732661171952026,0.0,-0.00732661171952026,-0.07671371431589097,-0.04547381633929059,0.01065711603648441,0.5082149855549094,0.5068013094245702,0.2526437523746811,0.2522245179890751,0.23914126207040948,0.24097417258635467,0.4950424636046883,0.5002150484494596,0.25230074818812664,0.2520530158957978,0.25265678820718523,0.24773193565474255,0.4956291803341863,0.5005084068142087,0.26117964412842215,0.2564924638659456,0.24319117553739156,0.24299912931984569,0.49039205358593696,0.500439091990494,0.25882304189294936,0.25412114383899753,0.2507849045211136,0.2454397641705084,0.49405545918385235,0.501648015837806,0.2550521662537782,0.25287675487807104,0.25089237456236946,0.2454752292841228,0.5096762837872916,0.5068028879569411,0.25241805799062583,0.2520074991512308,0.2379056582220826,0.24118961289182816
2024-09-04,-0.001395864495278905,0.00398704701358338,-0.0013338550333671173,0.004384150271373362,0.0013333333333333333,0.003050816938040029,0.0028891877117242317,0.0,0.0028891877117242317,-0.059988705372187326,0.0006666666666666666,-0.060655372038853995,0.005848994754175181,0.0006666666666666666,0.005182328087508514,0.0012428685703564186,0.0,0.0012428685703564186,0.007027490015530713,0.0006666666666666666,0.006360823348864046,-0.02476128981828581,0.0,-0.02476128981828581,-0.003233499226920215,0.0006666666666666666,-0.0039001658935868817,-0.0017432403381736354,0.0006666666666666666,-0.002409907004840302,-0.009122845188229922,0.0,-0.009122845188229922,-0.0018854354572837018,0.0,-0.0018854354572837018,0.009564700238790746,0.0,0.009564700238790746,0.0018980563973410858,0.0,0.0018980563973410858,0.008820515696855491,0.001,0.00782051569685549,0.009497922088130273,0.0,0.009497922088130273,0.02189505429847738,0.001,0.020895054298477378,-0.02165384518226454,0.001,-0.022653845182264543,0.004693418042598652,0.001,0.0036934180425986516,0.008405342015258555,-0.0027648350400231916,0.0018270930808361727,0.5083126052955328,0.5060058912612011,0.25264594350086816,0.2519243109651039,0.23904145120359901,0.24206979777369486,0.49482261893198864,0.4992608980794291,0.25155590489135476,0.2513792916603472,0.2536214761766567,0.24935981026022372,0.4936901322662953,0.4986946547465824,0.26223629802885123,0.2567194882290955,0.2440735697048534,0.24458585702432206,0.490392053585937,0.4993078264253618,0.25882304189294936,0.2537173983723309,0.2507849045211136,0.2469747752023073,0.4938760053554042,0.500457530509286,0.25397006055104565,0.2521159145295027,0.2521539340935501,0.24742655496121133,0.5071693593530576,0.5048443373285116,0.2539641412320878,0.2521139611542466,0.23886649941485466,0.24304170151724183
2024-09-05,-0.007190502660048984,-0.006761082368307027,-0.007192933156029873,-0.0013911108784230661,0.0006666666666666666,-0.0020577775450897327,0.003067316217359413,0.0,0.003067316217359413,-0.0032102390159841248,0.0013333333333333333,-0.004543572349317458,-0.003851545827123844,0.0006666666666666666,-0.004518212493790511,-0.011345912087263654,0.0,-0.011345912087263654,-0.014052804503116967,0.0,-0.014052804503116967,-0.02188114116690339,0.0,-0.02188114116690339,-0.008181881100570129,0.0006666666666666666,-0.008848547767236795,-0.012018017066468803,0.0,-0.012018017066468803,-0.0008650349469928598,0.0,-0.0008650349469928598,0.002348721419709543,0.0,0.002348721419709543,-0.0167439879031972,0.0,-0.0167439879031972,-0.006927089850659984,0.001,-0.007927089850659985,-0.002684141917876748,0.0,-0.002684141917876748,-0.009668454649129077,0.0,-0.009668454649129077,-0.008111226775732006,0.001,-0.009111226775732006,-0.014196502018337609,0.001,-0.01519650201833761,-0.0012877648603110137,0.001,-0.0022877648603110137,-0.007262989161792057,-0.0032262022408891715,-0.009347621630006242,0.509666727696486,0.5069166128648077,0.2533103831292961,0.2520785054159629,0.23702288917421782,0.24100488171922935,0.4948945012291685,0.4995304996311489,0.25138439515651473,0.2511155114295722,0.25372110361431677,0.2493539889392788,0.49255741897990973,0.49836195850651954,0.2627833207184865,0.2568149742105581,0.2446592603016038,0.2448230672829223,0.4897163513259187,0.4993979496197498,0.25885954476458506,0.253490890333075,0.25142410390949627,0.24711116004717515,0.4935212548152563,0.5006535677712312,0.2541034703830558,0.2519213857871703,0.25237527480168787,0.24742504644159838,0.5087838800123593,0.5056902340862752,0.25245326718740674,0.25137681873260614,0.2387628528002339,0.24293294718111857
2024-09-06,-0.02469006482886031,-0.02525778733695248,-0.02468317467944319,-0.035193529698609075,0.0,-0.035193529698609075,-0.010611463746890815,0.0,-0.010611463746890815,-0.01442454393693208,0.0006666666666666666,-0.015091210603598746,-0.02310368032289304,0.0006666666666666666,-0.023770346989559706,-0.006761466841702793,0.0,-0.006761466841702793,-0.01001954602913413,0.0006666666666666666,-0.010686212695800796,-0.04734672499606496,0.0,-0.04734672499606496,-0.016883096511921214,0.0006666666666666666,-0.01754976317858788,-0.012660402746662433,0.0,-0.012660402746662433,-0.03726353354482981,0.001,-0.03826353354482981,-0.037256736135784896,0.0,-0.037256736135784896,-0.038250871562512834,0.0,-0.038250871562512834,0.0007849520425869949,0.0,0.0007849520425869949,-0.006935553931027849,0.0,-0.006935553931027849,-0.002827303493315614,0.0,-0.002827303493315614,-0.04656455273126309,0.0,-0.04656455273126309,-0.038502164425383345,0.0,-0.038502164425383345,-0.006865827726946605,0.001,-0.007865827726946606,-0.041167948130278534,-0.020697418510472944,0.002823136349798583,0.5095907582196172,0.5068520326060387,0.25354536179473314,0.25228912059003394,0.23686387998564956,0.24085884680392733,0.49532428885441016,0.4997187979234352,0.25124221443846895,0.2511375469119018,0.2534334967071209,0.24914365516466302,0.49195356598804657,0.49803343649025344,0.26318045958906633,0.2571066694872005,0.24486597442288716,0.24485989402254615,0.490040874594741,0.4994694043012129,0.2592059609620589,0.25372999630565374,0.25075316444320006,0.24680059939313348,0.4934286612225719,0.5005873738883971,0.2543356702557183,0.2521228003725613,0.25223566852170975,0.24728982573904168,0.508773720296504,0.5056512433827947,0.2521258265270224,0.2513935519420917,0.23910045317647352,0.24295520467511372
2024-09-09,0.017312476320998253,0.023636221304204362,0.01733705600103577,0.01519376261080311,0.0006666666666666666,0.014527095944136445,0.013528595144444305,0.0,0.013528595144444305,0.011844171082935414,0.0006666666666666666,0.011177504416268748,0.010606218813645318,0.0,0.010606218813645318,0.02427482075976058,0.0,0.02427482075976058,0.009972321510776169,0.0,0.009972321510776169,0.001570167295818936,0.0006666666666666666,0.0009035006291522695,0.021485374690116466,0.0,0.021485374690116466,0.02346077081160495,0.0013333333333333333,0.022127437478271617,0.017062386744824354,0.0,0.017062386744824354,0.025853868039325767,0.0,0.025853868039325767,0.023461348451173647,0.0,0.023461348451173647,0.009779443993490844,0.0,0.009779443993490844,0.018985502212843564,0.0,0.018985502212843564,0.010615382743228818,0.0,0.010615382743228818,0.010148274538202495,0.001,0.009148274538202494,0.03723700566065358,0.0,0.03723700566065358,0.023436009167803085,0.001,0.022436009167803084,0.029290559425142616,0.01665370030026425,0.01922538585415312,0.5084141475967594,0.5054211710042846,0.25426915739645656,0.2527703767228575,0.2373166950067841,0.24180845227285788,0.49453485468173336,0.4984815245467715,0.2517393665628057,0.2515054813060321,0.25372577875546104,0.25001299414719635,0.49026600887658317,0.4963471016441965,0.2639239786682693,0.2575977873587639,0.24581001245514755,0.2460551109970396,0.49001369068913286,0.49833140818332633,0.25924638810985406,0.253903277429255,0.250739921201013,0.2477653143874185,0.4937265208517933,0.4995566421370043,0.25407693007988336,0.2521973562793647,0.25219654906832323,0.2482460015836309,0.5075665957027508,0.5041238668378203,0.25195385132828435,0.251496740291337,0.24047955296896487,0.24437939287084262
2024-09-10,0.0016277671499647969,0.0035668254014431617,0.0015938283590914274,-0.001990482321818866,0.0,-0.001990482321818866,0.014575681944779761,0.0,0.014575681944779761,0.01589212098042118,0.0,0.01589212098042118,0.0001634847954484391,0.0006666666666666666,-0.0005031818712182276,0.008596858375774247,0.0,0.008596858375774247,-0.0039950090280352155,0.0,-0.0039950090280352155,-0.009007448363328969,0.0,-0.009007448363328969,-0.027178979031492762,0.0,-0.027178979031492762,-0.02958385966305569,0.0,-0.02958385966305569,0.011016275534168063,0.0,0.011016275534168063,0.010484819295933479,0.0,0.010484819295933479,0.009506034577491995,0.0,0.009506034577491995,-0.0011986448321348875,0.0,-0.0011986448321348875,-0.008059855650843828,0.0,-0.008059855650843828,-0.0032080071067639437,0.0,-0.0032080071067639437,0.005669480006719851,0.0,0.005669480006719851,0.007874117461131647,0.0,0.007874117461131647,0.024221909429826938,0.001,0.023221909429826937,0.003981135845109914,0.005225389422306251,0.0010287572277598205,0.508526116973467,0.5057754436497538,0.2542718331353251,0.2525875345511989,0.23720204989120802,0.24163702179904725,0.4941939305394072,0.4986093504327239,0.2522889551043304,0.2515960955357016,0.2535171143562624,0.24979455403157444,0.4891696689729246,0.4960972196494826,0.2644744309343952,0.257688833450734,0.24635590009268019,0.24621394689978332,0.4896140520739342,0.4985992333028455,0.25951363044651654,0.25374466614528923,0.2508723174795492,0.24765610055186518,0.4934620492455745,0.49986907236948686,0.25443224178961305,0.2520678078885111,0.25210570896481255,0.24806311974200207,0.5064713249286366,0.5041621333448973,0.25289752248035735,0.25156135051645667,0.24063115259100595,0.24427651613864593
2024-09-11,0.028417955895151732,0.03303919179374651,0.0284005241761078,0.03976166832976672,0.0,0.03976166832976672,0.016642094444749695,0.0,0.016642094444749695,-0.0014803040040527087,0.0,-0.0014803040040527087,0.01570731438455993,0.0006666666666666666,0.015040647717893263,0.021362465859997383,0.0,0.021362465859997383,6.189584685323295e-05,0.0006666666666666666,-0.0006047708198134336,0.036100344950859856,0.0006666666666666666,0.035433678284193186,0.0002284518651007872,0.0,0.0002284518651007872,-0.0029176726912560898,0.0006666666666666666,-0.0035843393579227563,0.0626261478017629,0.0,0.0626261478017629,0.05584088539545706,0.0,0.05584088539545706,0.05096823766411651,0.001,0.04996823766411651,0.006159479041793814,0.0,0.006159479041793814,0.009789461890640117,0.0,0.009789461890640117,-0.014291198716468556,0.0,-0.014291198716468556,0.07373253895592635,0.0,0.07373253895592635,0.0507199751731946,0.0,0.0507199751731946,0.012817230419445935,0.0,0.012817230419445935,0.06213784410502983,0.015922738962235245,-0.009013789736957099,0.5076232704223566,0.5053458911122725,0.2547049463933466,0.2528477868592308,0.23767178318429677,0.24180632202849672,0.49404731929668155,0.49855791554943496,0.25269655331361096,0.251843590319363,0.25325612738970743,0.24959849413120205,0.49018412245153636,0.49662631712686234,0.2640134993579766,0.2575020633415458,0.24580237819048703,0.24587161953159187,0.4896671874780169,0.4986460747752118,0.2595128294281466,0.25380295401911546,0.25081998309383663,0.24755097120567288,0.49369541581854054,0.49997539012758463,0.2541860580650357,0.25204511946928887,0.2521185261164238,0.2479794904031266,0.5059624695540731,0.5040235178603103,0.25276042891278283,0.2515746618490454,0.24127710153314405,0.2444018202906443
2024-09-12,0.005172869149246285,-0.0030783824957564907,0.005167871692026078,0.006462702096142488,0.0,0.006462702096142488,0.007823428993054918,0.0,0.007823428993054918,-0.0026956509455918383,0.0006666666666666666,-0.003362317612258505,0.012787190293004347,0.0006666666666666666,0.01212052362633768,0.016673277487625482,0.0,0.016673277487625482,0.011971580869180116,0.0,0.011971580869180116,0.03144061276241346,0.0,0.03144061276241346,-0.00025689546635276894,0.0,-0.00025689546635276894,0.0037967076210796797,0.0006666666666666666,0.003130040954413013,-0.009394089018289309,0.0,-0.009394089018289309,0.004836959136420849,0.0,0.004836959136420849,-0.003520166742533193,0.0,-0.003520166742533193,3.479638062181545e-05,0.0,3.479638062181545e-05,0.008178862023052402,0.0,0.008178862023052402,-0.007418939963178106,0.0,-0.007418939963178106,0.04191543877193937,0.001,0.04091543877193937,0.00042653345191817627,0.0,0.00042653345191817627,0.007172902732950348,0.001,0.006172902732950348,-0.007207947763779383,0.0064146986089930556,-0.004264945267989779,0.5092953719448209,0.5073999156475897,0.25430625262094514,0.25235691065658916,0.23639837543423406,0.2402431736958212,0.494292003253484,0.4998982313019212,0.2531575692641506,0.2517825689781919,0.2525504274823654,0.24831919971988686,0.4921282765626975,0.49881636795652795,0.2631082290487824,0.2567578988705078,0.24476349438852016,0.24442573317296423,0.48966800668594035,0.5002784299711004,0.2595132635903113,0.25341244800859897,0.2508187297237484,0.24630912202030056,0.49413351370206715,0.5017520472864223,0.2546056299466564,0.25179292890619287,0.2512608563512763,0.24645502380738477,0.5069137679376977,0.5059695311841803,0.25323566295075584,0.2513408397975456,0.23985056911154648,0.2426896290182739
2024-09-13,0.009710107370214308,0.016568225957147856,0.009707646764894478,0.013746906280629615,0.0006666666666666666,0.013080239613962949,0.0010609022011370448,0.0,0.0010609022011370448,-0.027557139534732635,0.0006666666666666666,-0.0282238062013993,-0.007544294891580926,0.0,-0.007544294891580926,0.026316329163721543,0.0,0.026316329163721543,0.003729900069949184,0.0,0.003729900069949184,0.030966652525975077,0.0,0.030966652525975077,0.003635686528439856,0.0,0.003635686528439856,0.0075440089667885655,0.0,0.0075440089667885655,0.022822621655601172,0.0,0.022822621655601172,0.008166470196447617,0.0,0.008166470196447617,0.011362998532717605,0.0,0.011362998532717605,0.0009986984943445854,0.0,0.0009986984943445854,-0.0249952635902837,0.0,-0.0249952635902837,0.006930410167854006,0.0,0.006930410167854006,0.008338346944434472,0.001,0.0073383469444344715,0.024511049401434892,0.0,0.024511049401434892,0.000511807352953142,0.0,0.000511807352953142,0.026401158262946273,0.0045104932446711574,0.008614563238009465,0.5095065970898071,0.5072862586570248,0.2544844327990988,0.25269576208209354,0.23600897011109423,0.2400179792608817,0.4941762399694719,0.49962108009685724,0.253340377201215,0.25212373428315166,0.2524833828293132,0.24825518561999116,0.493706366239985,0.4993861432321138,0.26220077340553216,0.2565539323853102,0.24409286035448288,0.244059924382576,0.48913665636553894,0.4998092631508704,0.2600075374324062,0.2539102385673032,0.2508558062020549,0.24628049828182644,0.4941123529933066,0.5014512430380338,0.2550305208966757,0.25226782311051216,0.2508571261100176,0.2462809338514541,0.5088921455325913,0.5063285745759977,0.25207156928242064,0.251291369077808,0.239036285184988,0.24238005634619436
2024-09-16,-0.0008986138977201382,-0.005870261010181512,-0.0008773191634634692,0.007544963230753525,0.0006666666666666666,0.006878296564086858,0.008729760903952204,0.0,0.008729760903952204,-0.006900159707563894,0.0006666666666666666,-0.007566826374230561,0.00012168256579532977,0.0006666666666666666,-0.0005449841008713369,0.011998020391894348,0.0,0.011998020391894348,0.0017472871932756224,0.0006666666666666666,0.0010806205266089557,0.010991208040293446,0.0,0.010991208040293446,0.009574169706948982,0.0006666666666666666,0.008907503040282316,0.016252558372410686,0.0006666666666666666,0.01558589170574402,-0.029452123524511542,0.001,-0.030452123524511543,-0.013078397998431468,0.0,-0.013078397998431468,-0.01944274335837265,0.001,-0.02044274335837265,0.011454761915239198,0.0,0.011454761915239198,-0.004611500287425463,0.0,-0.004611500287425463,-0.0008727610514088768,0.0,-0.0008727610514088768,0.011983041994426125,0.001,0.010983041994426124,-0.0032982508856648773,0.0,-0.0032982508856648773,0.008402754410451907,0.001,0.007402754410451907,-0.00708286415753175,-0.0061665269893295864,-0.00304677170398615,0.51087563037262,0.5084922112141291,0.25452497901041415,0.25239849513594503,0.23459939061696597,0.2391092936499259,0.49298993939684715,0.49954936572624276,0.25453573337288954,0.25240387231718275,0.25247432723026336,0.2480467619565746,0.4950421268681109,0.5005754594618745,0.26140552619738383,0.2558387687294299,0.2435523469345053,0.24358577180869556,0.4898233802935796,0.5007346061741589,0.2595724346765425,0.2533411509884479,0.25060418502987797,0.24592424283739323,0.4946444287768132,0.502325552173626,0.25391530028375836,0.25147429663882914,0.25144027093942845,0.2462001511875449,0.508603132784458,0.5069319244961488,0.25283857285197786,0.2511189765863415,0.23855829436356418,0.24194909891750968
2024-09-17,-0.00021437117161286103,0.0007199418883204617,-0.00021142301891619492,0.0019373286744627976,0.0,0.0019373286744627976,-0.002814543055290534,0.0,-0.002814543055290534,-0.006454647229976462,0.0006666666666666666,-0.007121313896643129,0.008433209285843679,0.0006666666666666666,0.007766542619177012,0.008982128974716804,0.0,0.008982128974716804,-0.006718584462091837,0.0,-0.006718584462091837,0.0039882085378608965,0.0,0.0039882085378608965,0.008511946002122054,0.0,0.008511946002122054,0.004059577926855443,0.0006666666666666666,0.0033929112601887765,0.003794610033156398,0.001,0.002794610033156398,0.0011770604833929443,0.0,0.0011770604833929443,-0.0027653830176303518,0.0,-0.0027653830176303518,-0.01656009362853844,0.001,-0.017560093628538442,-0.008850204616254687,0.0,-0.008850204616254687,-0.02248101978633471,0.0,-0.02248101978633471,0.021879654431161466,0.001,0.020879654431161465,-0.017798064668121005,0.0,-0.017798064668121005,-0.017207380297942998,0.001,-0.018207380297943,0.010011530507565352,-0.004624646182171732,-0.013079651381767586,0.5111882694454335,0.5085840843876142,0.2547797809585078,0.25251810343520364,0.23403194959605858,0.2388978121771821,0.4926167613093941,0.4992983303195945,0.255013888311257,0.25263515711157825,0.2523693503793488,0.24806651256882722,0.4949823563773551,0.500481127853575,0.26125961807693693,0.2557580219944182,0.243758025545708,0.24376085015200682,0.4891014217755434,0.500410001736892,0.2601372234881307,0.25351708911205584,0.25076135473632594,0.24607290915105234,0.49539015283085075,0.5024852829851434,0.253441567574884,0.2513075226606844,0.2511682795942652,0.24620719435417227,0.5090798555995688,0.5070028848988203,0.2523177082583213,0.2509366490862187,0.23860243614210974,0.242060466014961
2024-09-18,-0.0043493705887539605,-0.005581198681842832,-0.004335940235061456,-0.0011396835468920155,0.0006666666666666666,-0.001806350213558682,0.00013671629701398746,0.0,0.00013671629701398746,-0.008458220351613439,0.0,-0.008458220351613439,-0.0036188849385818678,0.0006666666666666666,-0.004285551605248535,0.008707815995721974,0.0,0.008707815995721974,-0.005920233822461244,0.0006666666666666666,-0.006586900489127911,0.0021005530053071673,0.0,0.0021005530053071673,-0.005811054405984801,0.0,-0.005811054405984801,0.009660059045188518,0.0006666666666666666,0.008993392378521852,-0.014414451271702877,0.001,-0.015414451271702878,-0.010788397795276905,0.0,-0.010788397795276905,-0.005521955135795176,0.0,-0.005521955135795176,-0.007923297336835056,0.001,-0.008923297336835057,-0.007630035590340145,0.0,-0.007630035590340145,-0.007923297336835056,0.0,-0.007923297336835056,-0.0014330938199467735,0.001,-0.0024330938199467736,-0.0009535492017128666,0.0,-0.0009535492017128666,0.00017062396864025997,0.0,0.00017062396864025997,-0.003467848768500628,-0.008750894714631788,-0.006729294025579386,0.5115457864677947,0.5092564238502582,0.2547036760340447,0.2523394224476888,0.23375053749816066,0.2384041537020531,0.49296252696775583,0.49996479410023864,0.25525803370235206,0.2526166012818425,0.2517794393298921,0.2474186046179188,0.49487455303704475,0.5009208071348832,0.2614509742772565,0.25571307156929474,0.24367447268569878,0.24336612129582216,0.4892878245546108,0.5011329131289449,0.26014798161301245,0.2533321970693872,0.25056419383237677,0.24553488980166785,0.49528883336806107,0.5031132460373835,0.25385362591768446,0.251255059689929,0.2508575407142545,0.2456316942726875,0.5111200443294333,0.5083375456546364,0.2512796119744378,0.2504056350886576,0.23760034369612887,0.24125681925670606
2024-09-19,0.018265613749712417,0.009281284224422873,0.018283887189260026,0.029503395268438332,0.0,0.029503395268438332,0.03406059487661728,0.0,0.03406059487661728,0.023643349153746662,0.0,0.023643349153746662,0.02099237886488381,0.0006666666666666666,0.020325712198217143,0.03722722167078947,0.0,0.03722722167078947,0.011614410216373291,0.0013333333333333333,0.010281076883039957,0.020034925603447478,0.0,0.020034925603447478,0.010038195496071989,0.0,0.010038195496071989,0.009793086951225567,0.0,0.009793086951225567,0.030722315750437934,0.001,0.029722315750437933,0.0365428804735114,0.0,0.0365428804735114,0.05258512438450236,0.001,0.05158512438450236,0.005183790108503172,0.001,0.004183790108503172,0.010167998322677008,0.0,0.010167998322677008,-0.008993236625699785,0.0,-0.008993236625699785,0.032209795180832335,0.001,0.031209795180832334,-0.002076298769116358,0.0,-0.002076298769116358,0.00788444868976923,0.0,0.00788444868976923,0.017839148504082525,0.013886610672019833,-0.013315222123675195,0.5116595513939672,0.5094257996587299,0.2548642953328156,0.2523365494888016,0.2334761532732171,0.23823765085246842,0.49267884317111793,0.4999354455473053,0.2558081897089191,0.2528084966768533,0.2515129671199629,0.2472560577758413,0.49491466613016827,0.5010533570268305,0.26103810773648367,0.25542345569063557,0.24404722613334798,0.24352318728253386,0.4889094486106575,0.5011587901502571,0.2601994575822502,0.2532377194441502,0.25089109380709224,0.24560349040559265,0.4952285948479839,0.5032441084085748,0.2538916952800623,0.2511561578844282,0.25087970987195385,0.245599733706997,0.5110137347600822,0.5084532045795672,0.25130541704894316,0.25030268606815886,0.23768084819097474,0.24124410935227386
2024-09-20,0.002741118518114709,0.005258614856467355,0.0027239196036671935,0.0008137361730385557,0.0,0.0008137361730385557,0.009203634208375442,0.0,0.009203634208375442,0.0010530312884076132,0.0006666666666666666,0.00038636462174094653,0.003814937695357234,0.0006666666666666666,0.0031482710286905675,0.008278383635387094,0.0,0.008278383635387094,0.00219914126632,0.0013333333333333333,0.0008658079329866666,-0.0024031301732017063,0.0,-0.0024031301732017063,0.006407967068776147,0.0,0.006407967068776147,-0.004212831975420846,0.0006666666666666666,-0.004879498642087513,-0.0008187566388431211,0.001,-0.0018187566388431211,-0.022306904613580147,0.0,-0.022306904613580147,-0.01760982850977233,0.0,-0.01760982850977233,0.006663253116886092,0.001,0.005663253116886092,0.0012514397941992272,0.0,0.0012514397941992272,0.005977184767545496,0.0,0.005977184767545496,0.012323207123047186,0.001,0.011323207123047185,0.03185932254383128,0.0,0.03185932254383128,0.002935604508426226,0.0,0.002935604508426226,0.00579144753736042,-0.0016189773535397376,0.011250006820962147,0.5116816132542583,0.5098920589860353,0.25511932007185706,0.2525844590687023,0.23319906667388454,0.2375234819452624,0.49249190213899013,0.5002972034284012,0.2566203388155192,0.2533349684405334,0.2508877590454907,0.2463678281310655,0.49544566264026674,0.5017740836790395,0.260770163571997,0.25540988081877225,0.24378417378773626,0.24281603550218828,0.48820467317186944,0.5015362203076512,0.2601967913558686,0.25339817185135344,0.2515985354722621,0.24506560784099546,0.4954138828354939,0.5039152594966472,0.25430606951539614,0.25145423364399755,0.25028004764911005,0.2446305068593553,0.5125061066176564,0.5095556933447608,0.25028370112106213,0.2501268520738673,0.23721019226128134,0.24031745458137183
2024-09-23,0.006640486307320033,0.010706372944078793,0.0066036324364491415,0.012736576953912502,0.0,0.012736576953912502,-0.004315351217378324,0.0,-0.004315351217378324,0.0031789282516858637,0.0006666666666666666,0.002512261585019197,0.008375649536313238,0.0006666666666666666,0.0077089828696465705,0.0010136055484985342,0.0,0.0010136055484985342,0.00855091312399292,0.0006666666666666666,0.007884246457326254,-0.007057193040589234,0.0,-0.007057193040589234,-0.003827607930012577,0.0006666666666666666,-0.004494274596679244,0.0055749886622598055,0.0006666666666666666,0.0049083219955931385,0.015807157191587096,0.001,0.014807157191587095,-0.007640819865222526,0.0,-0.007640819865222526,-0.01283836260217458,0.0,-0.01283836260217458,0.010007628534292268,0.0,0.010007628534292268,0.019632269385659096,0.0,0.019632269385659096,0.007493056695870193,0.0,0.007493056695870193,0.00838967749664088,0.0,0.00838967749664088,0.015911057185960198,0.0,0.015911057185960198,0.009810745511980468,0.0,0.009810745511980468,0.015208723679533447,-0.0014755453476592195,0.013819189054759796,0.5114622178247602,0.5098106741931105,0.2554596242850928,0.25257411205033126,0.23307815789014705,0.23761521375655828,0.4924148952851656,0.5002870129233132,0.25685678211358554,0.2532726909645776,0.25072832260124894,0.24644029611210921,0.49526924094139424,0.5017141857514276,0.26116009240819904,0.25542434611188436,0.24357066665040678,0.24286146813668813,0.4891585543976997,0.5018889404274196,0.25958590086424105,0.25295470916163126,0.25125554473805933,0.24515635041094913,0.495522402321905,0.5039890102424074,0.2541262226193997,0.2511530153408336,0.25035137505869526,0.244857974416759,0.5121659020180686,0.5094813651421414,0.25119854360360244,0.2501868812656205,0.23663555437832895,0.24033175359223813
2024-09-24,0.005081035988456038,0.00438545329022871,0.005065173025235452,0.00467067864202142,0.0,0.00467067864202142,0.021117830052447124,0.0,0.021117830052447124,0.01016805841959134,0.0,0.01016805841959134,0.008509853319732863,0.0006666666666666666,0.007843186653066197,-0.0018641143270405518,0.0,-0.0018641143270405518,0.01643874595310979,0.0,0.01643874595310979,-0.0013019575765200369,0.0,-0.0013019575765200369,-0.001981605622610849,0.0,-0.001981605622610849,-0.018389546280369408,0.0,-0.018389546280369408,0.022124000407859445,0.0,0.022124000407859445,0.02280887064443038,0.0,0.02280887064443038,0.005665483110862235,0.0,0.005665483110862235,0.0025185017187100422,0.001,0.0015185017187100422,-0.008472564428899543,0.0,-0.008472564428899543,0.0021615059402017023,0.0,0.0021615059402017023,-0.00469873211228139,0.001,-0.00569873211228139,-0.001434577768759937,0.0,-0.001434577768759937,0.006843364778070238,0.0,0.006843364778070238,0.0067563541866392605,0.012082334170749923,-0.00850233493959925,0.5121859608699467,0.5104126113822751,0.25490667879358303,0.25197853403791703,0.23290736033647008,0.2376088545798077,0.492588121808014,0.5006136918513088,0.2565861203709752,0.25281825482661313,0.250825757821011,0.24656805332207818,0.49489638534794594,0.5017678236212747,0.26110397388380924,0.25507718158303017,0.24399964076824482,0.24315499479569508,0.49047070112107444,0.502643636839339,0.2590581263737574,0.2523529425224481,0.2504711725051682,0.2450034206382129,0.4953331913769146,0.5042482586237662,0.25454314327595723,0.2508629981001741,0.25012366534712827,0.2448887432760597,0.5119264702384382,0.509724040648069,0.2514780045187465,0.24985150231029454,0.2365955252428152,0.2404244570416364
2024-09-25,-0.0001639927949482322,0.004506427342768511,-0.00015254283369419796,-0.008479552555508918,0.0,-0.008479552555508918,-0.005210651435410109,0.0,-0.005210651435410109,0.009946697902486477,0.0,0.009946697902486477,-0.013379079507940223,0.0006666666666666666,-0.01404574617460689,0.0020695079035314423,0.0,0.0020695079035314423,-0.009222813318247406,0.0,-0.009222813318247406,-0.023497712497878683,0.0,-0.023497712497878683,-0.006766521651556185,0.0,-0.006766521651556185,-0.006129874510920581,0.0006666666666666666,-0.0067965411775872476,0.009885466607415294,0.001,0.008885466607415293,0.014874122685435642,0.0,0.014874122685435642,0.002345440691453371,0.001,0.001345440691453371,0.002313102455190008,0.0,0.002313102455190008,-0.005584946933769652,0.001,-0.006584946933769652,0.0005149409217736767,0.0,0.0005149409217736767,0.02938881031828411,0.001,0.028388810318284108,-0.005300282872737538,0.0,-0.005300282872737538,0.0037434902229556144,0.0,0.0037434902229556144,0.0023907607915126796,0.00565971414719609,0.007771223850099984,0.5115971228426747,0.5102445224217318,0.25549455452020375,0.25247375127733046,0.23290832263712175,0.2372817263009379,0.4926222902206492,0.500757106110719,0.25608135568997414,0.25276715186221566,0.2512963540893766,0.24647574202706535,0.49534777664859453,0.5021198493246917,0.26130482719247705,0.2553788876134671,0.2433473961589285,0.24250126306184128,0.490876629193965,0.502946875374537,0.2593098225186088,0.2527057166142272,0.2498135482874262,0.24434740801123586,0.4955808462467513,0.5044992670019565,0.25413663890631993,0.25099856602217185,0.25028251484692865,0.24450216697587168,0.5114920760390677,0.5097499728334208,0.25148971465302944,0.250125081018586,0.23701820930790285,0.24012494614799318
2024-09-26,0.005154153766162509,0.0055950455010142005,0.005112899214747744,0.001355103941300747,0.0,0.001355103941300747,-0.02548482379446722,0.0,-0.02548482379446722,-0.026140532444413167,0.0,-0.026140532444413167,0.015333299691705788,0.0,0.015333299691705788,-0.010739148853996109,0.0006666666666666666,-0.011405815520662775,0.010203415671672081,0.0006666666666666666,0.009536749005005415,0.014595797664792132,0.0,0.014595797664792132,-0.003787247354343104,0.0,-0.003787247354343104,-0.00021217429818494926,0.0,-0.00021217429818494926,0.03528752392836443,0.002,0.033287523928364426,0.015190079929939593,0.0,0.015190079929939593,0.03215227117585839,0.001,0.031152271175858393,0.0073871696390580555,0.0,0.0073871696390580555,0.006946780290039589,0.0,0.006946780290039589,0.0025852766231223567,0.0,0.0025852766231223567,0.025700511290906947,0.0,0.025700511290906947,-0.05587029326853349,0.0,-0.05587029326853349,-0.0012243819042712656,0.001,-0.0022243819042712656,0.019810631734581752,-0.005199292606356173,-0.013169472225518303,0.5110459919427383,0.50985590520976,0.25539457692693324,0.252453959407096,0.2335594311303285,0.2376901353831441,0.4920698211203538,0.5003678197985677,0.25666128988940656,0.25308731588833266,0.2512688889902396,0.24654486431309963,0.4944702403114774,0.5015680293941295,0.2617600041073937,0.2556366729973262,0.2437697555811289,0.2427952976085443,0.49091046536635874,0.5028065519503421,0.2596540370531814,0.2528597712920132,0.2494354975804598,0.2443336767576447,0.4958629556725199,0.5044408737513753,0.2538066022541794,0.2509301178083425,0.2503304420733008,0.24462900844028224,0.5130293483176652,0.5101057833242733,0.2504672922639272,0.24982814551155932,0.23650335941840758,0.24006607116416745
2024-09-27,-0.007407431420793789,-0.00760974571155135,-0.007437123653544194,-0.005535745992254482,0.0,-0.005535745992254482,-0.015038588366228584,0.0,-0.015038588366228584,-0.008450514981702573,0.0,-0.008450514981702573,0.0014998029416418701,0.0006666666666666666,0.0008331362749752035,-9.543818786957487e-05,0.0006666666666666666,-0.0007621048545362415,0.0030106046480530653,0.0,0.0030106046480530653,-0.00483848980629479,0.0006666666666666666,-0.005505156472961457,-0.0010010916452409813,0.0,-0.0010010916452409813,-0.002078130427184928,0.0,-0.002078130427184928,-0.006602461038815899,0.001,-0.007602461038815899,-0.0179682599496106,0.0,-0.0179682599496106,-0.027017273341248593,0.0,-0.027017273341248593,-0.0008856958419226624,0.0,-0.0008856958419226624,-0.0033538984161303187,0.0,-0.0033538984161303187,-0.001343050218142905,0.0,-0.001343050218142905,-0.03576646239455317,0.0,-0.03576646239455317,0.010563784461991577,0.001,0.009563784461991576,-0.01190168581678519,0.001,-0.012901685816785191,-0.012102816914002796,-0.007640997105827552,0.0019393326745902328,0.5124707419177852,0.5113274473396883,0.2546671390460472,0.2518071654220217,0.2328621190361677,0.23686538723829004,0.4929289206873918,0.5015565367244915,0.2556697136836559,0.25230845274082603,0.25140136562895227,0.24613501053468234,0.4953447356459259,0.5027644442037585,0.2612125954168155,0.25507989360740585,0.2434426689372587,0.24215566218883555,0.49144946522562405,0.504001705874722,0.2589531124431049,0.2522491456108821,0.24959742233127113,0.2437491485143958,0.4959997408758202,0.5055032968392867,0.2538531376541618,0.25056615393053083,0.25014712147001783,0.2439305492301822,0.5157800417389979,0.5120307961241355,0.24783881144291356,0.24858142628081892,0.23638114681808836,0.23938777759504548
2024-09-30,0.0004667289760598225,0.00048450242636122816,0.000502979314559939,-0.00023957561866945975,0.0,-0.00023957561866945975,0.004761699622397327,0.0,0.004761699622397327,0.011166854933283066,0.0,0.011166854933283066,-0.002946092543355576,0.0006666666666666666,-0.0036127592100222423,0.010570751135728917,0.0,0.010570751135728917,0.006512740675642188,0.0006666666666666666,0.005846074008975521,-0.005885035084677044,0.0,-0.005885035084677044,0.0042733680610223725,0.0006666666666666666,0.003606701394355706,0.008288544309647278,0.0,0.008288544309647278,-0.014335785407886603,0.0,-0.014335785407886603,-7.037128449799424e-05,0.0,-7.037128449799424e-05,-0.00013930523563598918,0.001,-0.0011393052356359892,0.0045833624758333524,0.0,0.0045833624758333524,0.009095675917074164,0.0,0.009095675917074164,0.003135362755622928,0.0,0.003135362755622928,-0.001499973783017805,0.0,-0.001499973783017805,-0.00343525691386537,0.001,-0.00443525691386537,-0.002322507634862969,0.0,-0.002322507634862969,-0.003953685389214072,0.004211018717376873,0.006013593125038685,0.5128041660744399,0.511253400725681,0.2543247942798366,0.25163508756525643,0.23287103964572342,0.23711151170906242,0.4929144541387212,0.5013085447578217,0.25557657759318186,0.2522609792219291,0.251508968268097,0.2464304760202492,0.49513556635110567,0.502419100864014,0.26134937451602264,0.25514737768334944,0.24351505913287166,0.24243352145263652,0.4922265162792313,0.5039355160746842,0.2587985829449454,0.25219693754178507,0.24897490077582324,0.2438675463835306,0.4960769144653237,0.5052061474760947,0.25376107099402806,0.25053455859798235,0.25016201454064824,0.24425929392592285,0.5139768733075539,0.5111131338940307,0.24933460880248778,0.24907382607477407,0.23668851788995832,0.2398130400311952
2024-10-01,-0.017122797973447876,-0.018670355942555943,-0.017118548810281627,-0.02162467445805394,0.0006666666666666666,-0.022291341124720605,-0.009424932450968277,0.0,-0.009424932450968277,-0.011873345341971115,0.0,-0.011873345341971115,0.003915258907932206,0.0006666666666666666,0.00324859224126554,-0.009654222508890992,0.0006666666666666666,-0.010320889175557658,0.012137392267109746,0.0006666666666666666,0.01147072560044308,-0.04612120127944197,0.0006666666666666666,-0.04678786794610864,-0.014313037069821528,0.0006666666666666666,-0.014979703736488194,-0.013712152656035759,0.0,-0.013712152656035759,-0.022951550651887476,0.0,-0.022951550651887476,-0.030835785276378536,0.0,-0.030835785276378536,-0.03225953486052796,0.0,-0.03225953486052796,-0.0020661901450882425,0.001,-0.0030661901450882425,-0.012709511397099138,0.0,-0.012709511397099138,-0.004413692569547378,0.0,-0.004413692569547378,-0.03209065527931382,0.0,-0.03209065527931382,-0.013310506227226349,0.001,-0.01431050622722635,-0.006520672537898731,0.001,-0.007520672537898731,-0.031097112369408705,-0.017555931006522564,0.006369341505017075,0.5123810797936148,0.5108043246554019,0.25438199396199374,0.2517610765860737,0.2332369262443914,0.2374345987585243,0.49229295311193705,0.5007602613145631,0.25601574666421545,0.2525779529371846,0.2516913002238476,0.24666178574825237,0.4945187291265191,0.5018731493218541,0.2615445952433582,0.255342377226756,0.24393667563012253,0.24278447345138984,0.49150528817593114,0.5033792166745741,0.25919469913483534,0.2524581573852987,0.2493000126892335,0.24416262594012733,0.4959953149670989,0.5048609255156594,0.2539598647200682,0.25073066202842553,0.25004482031283287,0.24440841245591513,0.5140768741259342,0.510827840038075,0.24922944531533126,0.24916962362486234,0.23669368055873455,0.2400025363370627
2024-10-02,0.006030872138101511,0.00724586332321628,0.006067251310107275,0.015505061552429922,0.0006666666666666666,0.014838394885763256,0.003436232075032297,0.0,0.003436232075032297,0.010156156146505963,0.0,0.010156156146505963,-0.010091117286358732,0.0006666666666666666,-0.010757783953025398,0.0005656713577505041,0.0006666666666666666,-0.0001009953089161625,-0.0026095015080117205,0.0006666666666666666,-0.003276168174678387,0.0037177209288254596,0.0,0.0037177209288254596,-0.00029573814627266903,0.0,-0.00029573814627266903,0.008819276480541927,0.0006666666666666666,0.00815260981387526,-0.0006279963212380557,0.0,-0.0006279963212380557,0.02360869674514554,0.001,0.02260869674514554,0.024712328921418503,0.0,0.024712328921418503,0.0006187471347605666,0.0,0.0006187471347605666,-0.00607317806564428,0.0,-0.00607317806564428,-0.007442725508531978,0.0,-0.007442725508531978,0.025193575296766357,0.0,0.025193575296766357,0.018745343174858098,0.001,0.017745343174858097,0.0029046631738625095,0.0,0.0029046631738625095,0.009277484669470981,0.005882885232217398,0.00439616555135088,0.511767427033212,0.5098326280540939,0.2547647650581755,0.25198098491460635,0.23346780790861252,0.23818638703129968,0.49243750521191954,0.5001676671434477,0.2553622049867233,0.25227970487888024,0.252200289801357,0.2475526279776719,0.4928169587425945,0.5003573939087852,0.26239140972109104,0.2557943072460641,0.24479163153631456,0.2438482988451507,0.4919557306092486,0.5026369365812859,0.2590030556089949,0.2524331355475632,0.2490412137817565,0.24492992787115087,0.4962854035285145,0.5040657286446437,0.2535943224982574,0.25064825362101983,0.25012027397322806,0.24528601773433645,0.5129705281093797,0.5095718197563291,0.2496233917916692,0.24933784648784574,0.23740608009895103,0.24109033375582506
2024-10-03,-0.00271587879769535,-0.0031534441042222368,-0.0026916950200818997,0.0027933616554237277,0.0006666666666666666,0.002126694988757061,-0.007334704945956967,0.0,-0.007334704945956967,-0.001336819740219709,0.0006666666666666666,-0.002003486406886376,-0.012823455142241666,0.0,-0.012823455142241666,-0.0022893680735149857,0.0006666666666666666,-0.0029560347401816523,-0.004105592122922312,0.0006666666666666666,-0.004772258789588979,-0.008031008875114615,0.0,-0.008031008875114615,-0.007888029326742818,0.0,-0.007888029326742818,-0.004545108224096779,0.0,-0.004545108224096779,-0.002770899320646003,0.0,-0.002770899320646003,0.015026975063350989,0.0,0.015026975063350989,0.005698526529370196,0.0,0.005698526529370196,-0.0005102672317415791,0.001,-0.001510267231741579,-0.01358623940479814,0.0,-0.01358623940479814,-0.011129205089046523,0.0,-0.011129205089046523,0.011743430993252257,0.0,0.011743430993252257,0.001446665361710453,0.0,0.001446665361710453,0.000949990790838795,0.0,0.000949990790838795,-0.005930768289757655,0.005207209378294183,-0.005920198652386465,0.5121970281446423,0.5101557712262419,0.25436882204244593,0.2517473427785629,0.23343414981291183,0.23809688599519518,0.4919609550359007,0.5000377346718711,0.2556866493384209,0.2524062564265504,0.25235239562567835,0.24755600890157844,0.49281349429815796,0.5004640043029998,0.26216850945554954,0.2556471864851147,0.2450179962462925,0.24388880921188552,0.49068204530900944,0.5023617995382269,0.25959615756574517,0.2525810605515314,0.24972179712524534,0.24505713991024158,0.4966724104779081,0.5043386200439635,0.25343567257800764,0.2505481005055781,0.24989191694408433,0.24511327945045847,0.5137405024615039,0.5099710903985502,0.24960735569125123,0.24928475593294844,0.23665214184724495,0.24074415366850144
2024-10-04,0.014971024875430904,0.014824604082013339,0.014969896342588546,0.03071553244939588,0.0,0.03071553244939588,0.007589751744760915,0.0,0.007589751744760915,0.015908195758497334,0.0006666666666666666,0.015241529091830668,0.009555895450788571,0.0,0.009555895450788571,0.012257294136240438,0.0006666666666666666,0.011590627469573771,0.004174455776358036,0.0006666666666666666,0.003507789109691369,0.03224635214292141,0.0,0.03224635214292141,0.023073433745475505,0.0,0.023073433745475505,0.012116059835492837,0.0006666666666666666,0.01144939316882617,0.010063120235973111,0.001,0.00906312023597311,0.008365695019316943,0.001,0.007365695019316943,0.011648502759215251,0.001,0.01064850275921525,0.0031714456085910614,0.001,0.0021714456085910614,0.005701716558130343,0.0,0.005701716558130343,0.004241528976203224,0.0,0.004241528976203224,0.03275377119995093,0.0,0.03275377119995093,0.003512724377876364,0.0,0.003512724377876364,0.012985679829243923,0.001,0.011985679829243923,0.017839855629260788,0.021458700654308768,0.001689465652366903,0.5125595516105785,0.5101887704011216,0.2540436000482964,0.25180355982502933,0.2333968483411251,0.23800766977384896,0.49149040283847645,0.49965419601507066,0.2559719546877715,0.25276773714476686,0.252537642473752,0.24757806684016243,0.4927212074478369,0.5002695983197509,0.262127284838181,0.25584540221997165,0.2451515077139821,0.24388499946027747,0.48998792093688537,0.5019340666675877,0.2601996248122551,0.25307343432122487,0.2498124542508596,0.24499249901118747,0.4972423264822628,0.5043280204975622,0.2530838585085006,0.2507252314409859,0.24967381500923647,0.24494674806145184,0.5142933377970964,0.5099548542314574,0.24933622953526163,0.24948851387981705,0.2363704326676419,0.2405566318887256
2024-10-07,-0.006939367605043219,-0.011190986719208713,-0.006927113628586664,-0.016205227967239406,0.0006666666666666666,-0.016871894633906072,-0.016655183919101663,0.0,-0.016655183919101663,-0.013401907772746115,0.0,-0.013401907772746115,0.0004875425327822702,0.0,0.0004875425327822702,-0.001396139813476601,0.0006666666666666666,-0.0020628064801432675,-0.00021232006750108534,0.0006666666666666666,-0.000878986734167752,-0.0065372796987625366,0.0,-0.0065372796987625366,-0.013357143324597327,0.0,-0.013357143324597327,-0.01205639003253171,0.0,-0.01205639003253171,-0.010350820687891504,0.0,-0.010350820687891504,0.005404960203723774,0.0,0.005404960203723774,0.006376162034469501,0.0,0.006376162034469501,-0.016156440080848822,0.001,-0.017156440080848823,-0.02108814642606477,0.0,-0.02108814642606477,-0.00558759890109195,0.001,-0.00658759890109195,0.0017495476196467963,0.0,0.0017495476196467963,0.0814252605073561,0.0,0.0814252605073561,-0.001439429582294649,0.001,-0.002439429582294649,-0.006764805405070998,-0.005830822235105856,-0.02602331560486389,0.5135805248172218,0.5108597620870343,0.253316430894683,0.25161377916159267,0.23310304428809528,0.23752645875137307,0.4915942012148978,0.49986660028587226,0.25613543535953304,0.2530232813940177,0.2522703634255692,0.24711011832011004,0.49349737210742134,0.500818185732134,0.26203495602798454,0.2559730417282435,0.2444676718645941,0.24320877253962248,0.4899926003940218,0.5021506876991144,0.2601093748255324,0.2532765490695223,0.24989802478044587,0.24457276323136323,0.497095058987048,0.5044944990348131,0.25319654249248885,0.2509953143996179,0.24970839852046306,0.2445101865655689,0.5156107362029978,0.5106046725160766,0.2484446240852745,0.2494271813252372,0.23594463971172766,0.23996814615868622
2024-10-08,0.009663214740850978,0.012116578453888477,0.009607778411109373,0.013588806939164755,0.0006666666666666666,0.012922140272498089,0.005645769279680375,0.0,0.005645769279680375,0.02333438870354561,0.0,0.02333438870354561,-0.0019377643566734397,0.0,-0.0019377643566734397,-0.001894332674435506,0.0006666666666666666,-0.0025609993411021726,-0.002010234433345877,0.0,-0.002010234433345877,0.023331434770199944,0.0,0.023331434770199944,0.005891804736038416,0.0006666666666666666,0.005225138069371749,0.011466287893280597,0.0,0.011466287893280597,0.023481997571583313,0.0,0.023481997571583313,0.018442508146358505,0.0,0.018442508146358505,-0.007953486639146912,0.001,-0.008953486639146913,0.010663832807639162,0.002,0.008663832807639162,0.004135022848124448,0.0,0.004135022848124448,0.0012824981103123911,0.0,0.0012824981103123911,0.012345379657648037,0.0,0.012345379657648037,-0.021729233710805484,0.0,-0.021729233710805484,0.004738984240749922,0.0,0.004738984240749922,0.016962452246128985,0.016300669581312304,-0.0024420178679512472,0.5134873515348582,0.5110490480618934,0.25328200088430164,0.25173710369462265,0.23323064758084008,0.2372138482434838,0.49169722481299655,0.5001539847009626,0.25605194245633706,0.2531220744806404,0.25225083273066634,0.24672394081839694,0.4938223998247344,0.5012165722068316,0.26183228039882633,0.256012243451885,0.24434531977643936,0.24277118434128345,0.4891408082415783,0.5021856655943031,0.2605177608292197,0.2535996394319548,0.25034143092920197,0.2442146949737421,0.496923190699711,0.5047538518054869,0.25290010566861854,0.2510858132289564,0.2501767036316705,0.2441603349655567,0.5144158921030056,0.5105264432685741,0.2503932165260468,0.2502585398119077,0.2351908913709477,0.2392150169195182
2024-10-09,0.014047781885518234,0.015877829061836917,0.014044118455311273,0.03572529452928459,0.0006666666666666666,0.03505862786261792,0.029650767638301836,0.0006666666666666666,0.02898410097163517,0.013105406578782156,0.0006666666666666666,0.01243873991211549,-0.0017911613358121787,0.0006666666666666666,-0.0024578280024788453,0.009890634879778776,0.0,0.009890634879778776,0.002579941526532477,0.0,0.002579941526532477,0.01759218460912966,0.0,0.01759218460912966,0.00894035495115686,0.0,0.00894035495115686,0.009541630710877694,0.0006666666666666666,0.008874964044211028,0.014420035914157081,0.0,0.014420035914157081,0.0020262870299740943,0.001,0.0010262870299740942,0.005124209082448594,0.0,0.005124209082448594,0.0052059721336993325,0.001,0.0042059721336993325,0.007873283992023028,0.0,0.007873283992023028,0.012962172768282487,0.001,0.011962172768282486,0.010274246045812063,0.001,0.009274246045812062,0.03381160065284472,0.0,0.03381160065284472,0.014857880011581837,0.0,0.014857880011581837,0.03298400233871016,0.003437049751526737,-0.007385507786097071,0.5134237872857582,0.5112758090033969,0.2528639661956486,0.2516378654134672,0.23371224651859313,0.2370863255831359,0.49171558971300433,0.5004217102170199,0.25602799503126467,0.25321987983127525,0.252256415255731,0.24635840995170483,0.4946146503511422,0.5018712405360889,0.2612570693305464,0.25583441698091614,0.24412828031831138,0.24229434248299503,0.49010874976601615,0.5028515340058791,0.26075718566881617,0.2538257535736709,0.24913406456516787,0.24332271242045012,0.49723540476414213,0.5052033301552606,0.2528184440148311,0.2512059688278558,0.24994615122102684,0.24359070101688357,0.5155298057692673,0.511240482486952,0.24914621514418453,0.24999413330054243,0.2353239790865481,0.2387653842125056
2024-10-10,-0.0017789327506353815,-0.0017340733960722952,-0.0017237787697151597,0.03596825142945518,0.0006666666666666666,0.03530158476278851,0.0024225319587222924,0.0,0.0024225319587222924,0.0036462023281487546,0.0006666666666666666,0.002979535661482088,-0.010220114085949323,0.0,-0.010220114085949323,-0.008376163720807184,0.0,-0.008376163720807184,-0.008620733758605318,0.0,-0.008620733758605318,-0.025847212767902174,0.0,-0.025847212767902174,0.002187742249926202,0.0006666666666666666,0.0015210755832595355,-0.0016938732675455539,0.0,-0.0016938732675455539,-0.009942522959285882,0.0,-0.009942522959285882,0.003148211751127561,0.001,0.002148211751127561,-0.0038721421997232053,0.001,-0.004872142199723205,-0.005751967418683279,0.001,-0.006751967418683279,-0.0021071402311682585,0.0,-0.0021071402311682585,-0.002941116194443094,0.001,-0.003941116194443094,-0.0012833793156528661,0.0,-0.0012833793156528661,-0.011401443796326627,0.0,-0.011401443796326627,-0.006278707053047283,0.0,-0.006278707053047283,0.004933313529003503,-0.008615630251959917,-0.00878849275760274,0.5141589843747361,0.512557730783979,0.25290323266850373,0.25132994213939064,0.23293778295676024,0.2361123270766305,0.49125783625450486,0.5011071567238634,0.25645381921629995,0.2531052354132888,0.25228834452919524,0.24578760786284798,0.49507048120112906,0.5030134791971754,0.2610231607176249,0.2553899061639512,0.24390635808124603,0.24159661463887339,0.4907065599199708,0.504274004493049,0.2603419529775174,0.2532498010614667,0.2489514871025118,0.24247619444548435,0.49693613789171215,0.5063297652237237,0.2528609445334569,0.25078106827492674,0.2502029175748308,0.24288916650134965,0.5147251775480688,0.5122001483103213,0.25004246901038224,0.2498509713523121,0.23523235344154894,0.2379488803373666
2024-10-11,0.02180520448437665,0.03612595670556813,0.02173961547932218,0.0016115900723866856,0.0,0.0016115900723866856,-0.004312927912177522,0.0006666666666666666,-0.004979594578844189,0.0011025251799783677,0.0006666666666666666,0.0004358585133117011,0.016420132963886815,0.0,0.016420132963886815,0.014374282531707545,0.0,0.014374282531707545,0.010986588117709657,0.0006666666666666666,0.01031992145104299,0.07125923760514366,0.0,0.07125923760514366,0.018302553974935076,0.0006666666666666666,0.01763588730826841,0.02249219922632184,0.0,0.02249219922632184,0.012378564737114184,0.0,0.012378564737114184,0.0042947357235316175,0.0,0.0042947357235316175,0.015061683399407721,0.001,0.01406168339940772,0.009870964737365595,0.002,0.007870964737365595,0.003546777207691587,0.0,0.003546777207691587,0.004617964955138554,0.0,0.004617964955138554,0.048555023239190476,0.0,0.048555023239190476,0.014825242297493935,0.0,0.014825242297493935,0.00110081079362645,0.0,0.00110081079362645,0.057057687048257456,0.009838019819644864,0.018739957788862654,0.5158695682046047,0.5137707193896869,0.2519986594573526,0.25069719312109523,0.2321317723380426,0.23553208748921783,0.4911674241106862,0.5014196473427276,0.2565059283598436,0.2529508275723407,0.25232664752947026,0.24562952508493166,0.4937153346632454,0.5026936026190072,0.2618090572903355,0.25560239203758667,0.24447560804641918,0.24170400534340614,0.4902520560738599,0.504603331789469,0.2607620674130207,0.2531466191921382,0.24898587651311943,0.24225004901839275,0.4967401751713497,0.5067444110916407,0.25300789793000344,0.25058774326274247,0.25025192689864684,0.2426678456456168,0.5151256147542255,0.5128116061539897,0.24970585536272416,0.24949806921554032,0.23516852988305031,0.23769032463046996
2024-10-14,0.009221583835705448,0.013170922433473948,0.009165912141160065,-0.001990149925886346,0.0006666666666666666,-0.0026568165925530125,0.0002532904690714468,0.0006666666666666666,-0.00041337619759521983,-0.004842715040026387,0.0006666666666666666,-0.005509381706693054,0.0010065619104612973,0.0,0.0010065619104612973,0.007850835040721888,0.0006666666666666666,0.007184168374055221,0.010999963571157956,0.0,0.010999963571157956,0.05383760856156689,0.0,0.05383760856156689,0.002586421133299987,0.0006666666666666666,0.0019197544666333206,0.003084399582176988,0.0,0.003084399582176988,0.014403493635005371,0.0,0.014403493635005371,0.015797690558618793,0.001,0.014797690558618792,0.00481217292037861,0.001,0.00381217292037861,0.008068447030683434,0.001,0.007068447030683434,0.006155846211528759,0.0,0.006155846211528759,0.007784550412199165,0.0,0.007784550412199165,-0.007201257902023972,0.0,-0.007201257902023972,-1.6396523101480653e-06,0.0,-1.6396523101480653e-06,0.0044713977651598125,0.001,0.0034713977651598124,0.01761551172822129,0.008067459519792857,0.008907186148370346,0.5160790289168355,0.514814713662045,0.25175227566580194,0.24998068495320386,0.23216869541736265,0.23520460138475124,0.49138029659007076,0.5024653474986627,0.2565068719371832,0.2523579830888945,0.252112831472746,0.24517666941244293,0.49529111256975833,0.5044207554885064,0.2608656635719754,0.2545373789062906,0.24384322385826634,0.24104186560520308,0.490425801374487,0.5059192813864412,0.2604120294998031,0.25223606287614087,0.24916216912571001,0.24184465573741798,0.4969392207867878,0.5080687097925005,0.2528795401342229,0.24975034138549945,0.2501812390789893,0.24218094882200014,0.517243409424688,0.5147690920430075,0.24896272451493684,0.24845779223113504,0.23379386606037525,0.23677311572585752
2024-10-15,-0.012959884436360465,-0.014358384402570213,-0.01295488900595357,-0.009179593111295273,0.0006666666666666666,-0.00984625977796194,-0.013263780590112498,0.0,-0.013263780590112498,-0.01077882271527623,0.0006666666666666666,-0.011445489381942895,0.00013092737298725575,0.0,0.00013092737298725575,-0.012247221010820578,0.0,-0.012247221010820578,-0.0032775246358643555,0.0,-0.0032775246358643555,-0.014118407518330526,0.0,-0.014118407518330526,-0.0013090123029736445,0.0,-0.0013090123029736445,0.0051403327900322315,0.0006666666666666666,0.0044736661233655646,-0.042358926539880326,0.001,-0.04335892653988033,-0.03452315196148148,0.001,-0.03552315196148148,-0.04308123201042219,0.0,-0.04308123201042219,0.0060492088141747,0.0,0.0060492088141747,-0.0019184503468755998,0.0,-0.0019184503468755998,0.007063784074520907,0.0,0.007063784074520907,-0.03201411296836898,0.0,-0.03201411296836898,-0.0009844170116661832,0.0,-0.0009844170116661832,0.0020458425206700825,0.001,0.0010458425206700825,-0.03148293523161694,0.005816859866814572,0.001607083178181886,0.5160895583197862,0.5150596362370179,0.2518760486117175,0.2499095792120949,0.23203439306849627,0.23503078455088722,0.4909567850924432,0.5024932496233463,0.256618488094197,0.25228079895333466,0.2524247268133598,0.245225951423319,0.4977856580180176,0.5059076860861336,0.259545651252888,0.2537443805326801,0.24266869072909444,0.2403479333811863,0.49068685014428426,0.506326569030961,0.26057221385747,0.25211071414732156,0.24874093599824576,0.24156271682171745,0.49694460430727017,0.5083916279047463,0.2528338203916067,0.24955704430358666,0.25022157530112316,0.242051327791667,0.5167776499679448,0.514936532972769,0.2491148995322705,0.2483298004200057,0.23410745049978465,0.23673366660722528
2024-10-16,0.009196242946117865,0.012513044722748157,0.009223789592839782,-0.0025154490527327473,0.0006666666666666666,-0.003182115719399414,0.0010728017172360795,0.0006666666666666666,0.0004061350505694129,-0.0023315328041408527,0.0,-0.0023315328041408527,0.014725503856859076,0.0,0.014725503856859076,0.008652802579375358,0.0006666666666666666,0.007986135912708692,0.023688002152745913,0.0,0.023688002152745913,0.029545116610539008,0.0006666666666666666,0.028878449943872342,0.01893942014370416,0.0,0.01893942014370416,0.012386077592941412,0.0,0.012386077592941412,-0.00935078727591604,0.001,-0.01035078727591604,0.008157351557191828,0.0,0.008157351557191828,0.00666339531710991,0.001,0.00566339531710991,0.001935022279073384,0.0,0.001935022279073384,0.002730727097089325,0.0,0.002730727097089325,0.0012813369269759622,0.0,0.0012813369269759622,0.022418932736604225,0.0,0.022418932736604225,0.011888187918604798,0.0,0.011888187918604798,0.004309389593544766,0.001,0.0033093895935447657,0.009130709735162465,0.009345739954656818,0.023068927702709848,0.5162230609990033,0.5142020181927909,0.251760456079055,0.2503772825477748,0.23201648292194169,0.23542069925943435,0.4913728822911409,0.5017769288388596,0.25616922283440796,0.2525816659254513,0.25245789487445114,0.24564140523568906,0.49696644726933337,0.5045737113279558,0.25981647455675444,0.2544052917866245,0.24321707817391225,0.2410209968854196,0.4904692613970062,0.5050161097700195,0.26088560403084843,0.25291830237123136,0.24864513457214538,0.24206558785874904,0.497128229488699,0.5072135692402782,0.2525043984569713,0.2501525045318519,0.25036737205432974,0.2426339262278699,0.5150986554522285,0.5131438098082429,0.2499288336214836,0.24930256813614096,0.23497251092628774,0.23755362205561603
2024-10-17,-0.001566904831043699,-0.00033234502879532133,-0.0015547357676410102,-0.00510413985663738,0.0013333333333333333,-0.006437473189970713,-0.009322357594423717,0.0006666666666666666,-0.009989024261090383,-0.008131028216416054,0.0,-0.008131028216416054,0.008720955331857905,0.0,0.008720955331857905,0.003838905939003526,0.0006666666666666666,0.0031722392723368595,-0.0022240545470904407,0.0006666666666666666,-0.0028907212137571072,-0.03855964072261956,0.0,-0.03855964072261956,-0.0010203326084748943,0.0,-0.0010203326084748943,-0.009809531151860265,0.0,-0.009809531151860265,0.015407631152272172,0.001,0.014407631152272171,0.0033497048173847244,0.0,0.0033497048173847244,0.020606381714321498,0.001,0.019606381714321497,-0.00134240927841911,0.0,-0.00134240927841911,-0.004837486710939809,0.0,-0.004837486710939809,-0.00025781821052478504,0.0,-0.00025781821052478504,0.01649167607055857,0.0,0.01649167607055857,-0.013587838090559246,0.0,-0.013587838090559246,0.009904171769119952,0.001,0.00890417176911995,0.0034146024204095115,-0.004197801316048743,-0.004326065712390506,0.5161037232299022,0.5139603178706649,0.25189199275107443,0.250360175212982,0.2320042840190234,0.23567950691635306,0.4913172095795831,0.5015670610455053,0.25577794833760814,0.25230315300624884,0.2529048420828087,0.24612978594824572,0.4976545158481069,0.5047357141797673,0.259633727683473,0.2542310426791813,0.24271175646842005,0.2410332431410514,0.4895618314313913,0.5044727357550156,0.2614170126773152,0.25298261382569,0.24902115589129348,0.2425446504192943,0.4971243370272084,0.5069683626016352,0.25254461755215357,0.25005472343438667,0.25033104542063794,0.24297691396397797,0.515868926261393,0.5131540770489162,0.2497496518288241,0.24913238474568794,0.23438142190978287,0.23771353820539576
2024-10-18,0.0023526377654381585,-0.00462519022763421,0.0022660526120455394,0.006741700922177813,0.0013333333333333333,0.00540836758884448,0.013292973736072597,0.0006666666666666666,0.01262630706940593,0.023898021943118332,0.0,0.023898021943118332,-0.0005025353496559044,0.0,-0.0005025353496559044,0.0011728195320107604,0.0,0.0011728195320107604,0.0016307975974949966,0.0,0.0016307975974949966,0.03044804548569195,0.0,0.03044804548569195,0.0014751351466650111,0.0006666666666666666,0.0008084684799983445,0.0028850892254625262,0.0,0.0028850892254625262,0.023524816955910244,0.0,0.023524816955910244,0.0033811014233472436,0.0,0.0033811014233472436,-0.013293145540096585,0.001,-0.014293145540096586,-0.0007202341102723331,0.001,-0.001720234110272333,0.0034741189692422125,0.0,0.0034741189692422125,0.0032464975527436435,0.0,0.0032464975527436435,-0.02769229111840177,0.0,-0.02769229111840177,-0.004927130560469228,0.0,-0.004927130560469228,-0.010341685232395592,0.0,-0.010341685232395592,-0.015166280382038192,0.006188249334883858,0.006709962555260536,0.5162432608619182,0.5142314466593783,0.251772247877614,0.2501993107135589,0.23198449126046786,0.23556924262706286,0.491766591651624,0.5019931120542311,0.2557137559045261,0.252170064727015,0.2525196524438499,0.24583682321875389,0.49590661464959856,0.5040631235532185,0.2607694521641986,0.2546979128568512,0.24332393318620288,0.24123896358993036,0.4897255637299232,0.5047965897769564,0.2608978909006647,0.2526759742753869,0.24937654536941206,0.24252743594765674,0.497188110499227,0.5072592302108266,0.252391700184043,0.24986893133890176,0.25042018931672994,0.24287183845027163,0.5168746513147066,0.5137557886799349,0.24866087050677943,0.24863775754540476,0.2344644781785141,0.2376064537746604
2024-10-21,-0.0008726068350485901,0.0018147368825416844,-0.0008713039532764312,-0.005965395181644665,0.0006666666666666666,-0.006632061848311332,-0.0006091262994094944,0.0006666666666666666,-0.001275792966076161,0.031909923647869785,0.0,0.031909923647869785,0.012790919439745899,0.0006666666666666666,0.012124252773079233,0.005328221150954585,0.0,0.005328221150954585,0.004276170943965374,0.0,0.004276170943965374,-0.023233306198608895,0.0,-0.023233306198608895,-0.006976718687891699,0.0,-0.006976718687891699,-0.0035112608520137716,0.0,-0.0035112608520137716,-0.004795359276283884,0.0,-0.004795359276283884,0.015101010035616313,0.0,0.015101010035616313,-0.01511012060624023,0.0,-0.01511012060624023,-0.014064778386771115,0.0,-0.014064778386771115,-0.008511087553354224,0.0,-0.008511087553354224,-0.007836938343533384,0.0,-0.007836938343533384,0.00044530988615748557,0.0,0.00044530988615748557,0.004744100797121287,0.0,0.004744100797121287,-0.00159259098850012,0.0,-0.00159259098850012,-0.006363801576825626,-0.007643385354558366,0.029082890504344247,0.5155810360704278,0.5133333715094498,0.2518307079205825,0.25051083398763263,0.23258825600898977,0.23615579450291763,0.491666716280656,0.5013762116145639,0.2557517856249004,0.2524713728397916,0.2525814980944435,0.2461524155456445,0.4974099934347296,0.5042478501916007,0.25993702007133274,0.2545639900630078,0.2426529864939378,0.24118815974539162,0.4912356034330611,0.5045351727883862,0.26059764413480524,0.2529551658011232,0.24816675243213362,0.24250966141049055,0.4969213677874412,0.5064114750253317,0.2525316062443927,0.25029337329728707,0.2505470259681661,0.24329515167738125,0.515818526035677,0.5126475372472495,0.2493419642655918,0.2492407914442828,0.2348395096987312,0.23811167130846775
2024-10-22,0.0013662140401264579,-0.00025254906539626666,0.0012790520558302234,-0.0024391669136170826,0.0013333333333333333,-0.0037725002469504157,0.006671263560758607,0.0,0.006671263560758607,0.007022650999196115,0.0,0.007022650999196115,-0.0122341704785901,0.0006666666666666666,-0.012900837145256767,-0.05580612218341803,0.0,-0.05580612218341803,-0.051541471622390124,0.0,-0.051541471622390124,-0.0017607327272811295,0.0,-0.0017607327272811295,-0.005610750735619155,0.0,-0.005610750735619155,-0.0045049302515804595,0.0,-0.0045049302515804595,0.017104781313131312,0.001,0.01610478131313131,0.011918999555973808,0.0,0.011918999555973808,-0.012242491994860327,0.0,-0.012242491994860327,0.06252013526367606,0.001,0.06152013526367606,0.05232853342910693,0.001,0.051328533429106926,0.05201094284552721,0.0,0.05201094284552721,-0.006876784823827253,0.0,-0.006876784823827253,-0.01806349031879312,0.0,-0.01806349031879312,0.0026843173269349707,0.0,0.0026843173269349707,0.00297317219558709,-0.007247401214757678,0.0001365190662278026,0.5144628056451824,0.5123344178452185,0.25156732677448496,0.2501312723463166,0.23396986758033256,0.23753430980846485,0.492050848614473,0.5011284393298638,0.2555865758718706,0.25214089689500946,0.2523625755136563,0.2467306637751267,0.4964687017332408,0.5033373658892477,0.26033234786211273,0.2545137828901305,0.2431989504046464,0.24214885122062174,0.49096353866194997,0.5038560078887641,0.26154382779575175,0.25293525917775744,0.24749263354229833,0.2432087329334785,0.49661218472455987,0.5057200610894254,0.2526689915706459,0.2500065632234725,0.25071882370479426,0.24427337568710217,0.5157542043213947,0.5120369275563809,0.249536037769955,0.2489726884692445,0.23470975790865017,0.2389903839743746
2024-10-23,-0.011878189996018532,-0.010560181812525096,-0.011854885693944293,-0.01470033279341117,0.0006666666666666666,-0.015366999460077836,-0.013145118866476475,0.0,-0.013145118866476475,-0.014124870533643342,0.0006666666666666666,-0.014791537200310009,0.0058232353983753695,0.0006666666666666666,0.005156568731708703,-0.003572296142452691,0.0006666666666666666,-0.004238962809119358,0.0105550064403818,0.0,0.0105550064403818,-0.03587668789701193,0.0,-0.03587668789701193,-0.006761559743164132,0.0,-0.006761559743164132,-0.005094699385258602,0.0,-0.005094699385258602,-0.028372538675642767,0.001,-0.029372538675642768,-0.0330305435755775,0.0,-0.0330305435755775,0.009890388959680863,0.0,0.009890388959680863,-0.010134606290957915,0.001,-0.011134606290957916,-0.010367133731372713,0.0,-0.010367133731372713,-0.02561249959027373,0.0,-0.02561249959027373,-0.012846290542352312,0.0,-0.012846290542352312,-0.005558341998777527,0.0,-0.005558341998777527,0.006501677314621146,0.001,0.005501677314621146,-0.021229218236899938,-0.0007207953160492934,0.001897092892898892,0.5139060667383972,0.5122288155373567,0.25184682963318283,0.2500884533684161,0.23424710362841986,0.23768273109422722,0.4939981731188514,0.5022748687275838,0.25460673369509396,0.25146840539937165,0.25139509318605463,0.2462567258730446,0.49664277765876896,0.5035971709975425,0.26021315932958433,0.25427161821661687,0.2431440630116468,0.24213121078584068,0.4917989717602936,0.5043632087862286,0.2617586851070314,0.25276151774476546,0.24644234313267513,0.24287527346900595,0.4966121847245599,0.5059515690644365,0.2526689915706459,0.24976191887775823,0.25071882370479426,0.24428651205780527,0.5158129002253053,0.5122878051796825,0.2489788457565196,0.24854417075909657,0.23520825401817497,0.2391680240612209
2024-10-24,0.011163757306954562,0.03584535362972394,0.011161435471766285,0.010938609921898101,0.0006666666666666666,0.010271943255231435,0.01451504978660456,0.0006666666666666666,0.013848383119937894,0.004148956948114457,0.0006666666666666666,0.0034822902814477907,-0.005045502753075803,0.0006666666666666666,-0.00571216941974247,-0.011351613449597897,0.0,-0.011351613449597897,-0.010831434907326224,0.0006666666666666666,-0.01149810157399289,0.023600485647701005,0.0,0.023600485647701005,0.00042688650009333373,0.0006666666666666666,-0.0002397801665733329,-0.003933492859097054,0.0,-0.003933492859097054,0.006047059267009769,0.001,0.005047059267009769,0.007547107657630225,0.0,0.007547107657630225,0.0019804898358161127,0.0,0.0019804898358161127,-0.0004839995950122744,0.0,-0.0004839995950122744,6.89746178623718e-05,0.0,6.89746178623718e-05,0.010329447436410844,0.0,0.010329447436410844,0.0020320975039710976,0.0,0.0020320975039710976,-0.02125861607031787,0.0,-0.02125861607031787,-0.03652224075764482,0.0,-0.03652224075764482,0.07553943321624448,-0.005637717484509436,-0.005096608941839238,0.5138311256713958,0.5116193688664306,0.2519276244504732,0.2503853465900715,0.23424124987813097,0.23799528454349794,0.494105244908142,0.5017564284848036,0.25415995022323645,0.2515015094764531,0.25173480486862154,0.24674206203874324,0.49507206739772697,0.5022398397295961,0.2609810104679114,0.2549120395987906,0.24394692213436162,0.24284812067161327,0.4908960326693533,0.5032987908620683,0.2610774663873218,0.25288041995669497,0.24802650094332485,0.2438207891812367,0.4969701978349133,0.5053032653667031,0.2528918984973138,0.2501791825529923,0.25013790366777283,0.24451755208030454,0.5151486834588148,0.5113021656225906,0.24903908866267072,0.24890775530756012,0.23581222787851452,0.23979007906984928
2024-10-25,-0.0037138468284559417,-0.0071631435556650785,-0.003702716999441819,0.014402844422099454,0.0,0.014402844422099454,0.005542410121332645,0.0,0.005542410121332645,0.017487058281694907,0.0,0.017487058281694907,-0.01803985165795574,0.0006666666666666666,-0.018706518324622407,-0.018818669232509817,0.0006666666666666666,-0.019485335899176483,0.0006368442614354355,0.0,0.0006368442614354355,-0.02467674227318776,0.0,-0.02467674227318776,-0.011491954748593509,0.0,-0.011491954748593509,-0.009664188403607683,0.0,-0.009664188403607683,0.014064157812248235,0.001,0.013064157812248234,0.010478378559221735,0.0,0.010478378559221735,0.014619035641741385,0.0,0.014619035641741385,-0.0067187637560708335,0.001,-0.0077187637560708336,-0.013892501986525141,0.0,-0.013892501986525141,-0.025940964572676972,0.0,-0.025940964572676972,0.005226619987177661,0.0,0.005226619987177661,0.0027312410010921218,0.0,0.0027312410010921218,-0.010482542935153938,0.001,-0.011482542935153939,-0.0023822776008664724,-0.00836900330068402,-0.016113389243348153,0.5139053683596481,0.5131092908891006,0.25215333435515547,0.2497543720657839,0.23394129728519664,0.23713633704511547,0.49440510297072304,0.5033591581946382,0.25401319071787215,0.2506843002471423,0.25158170631140475,0.24595654155821953,0.49641725326706054,0.5043652333428068,0.2603832694541744,0.25386933961529334,0.2431994772787651,0.24176542704189968,0.49090711159517525,0.5052491998168385,0.26122046599252935,0.251930878327731,0.24787242241229537,0.24281992185543044,0.4966731707792505,0.5071519993475833,0.25277010225098473,0.24914225829302122,0.2505567269697648,0.24370574235939535,0.5167592220818319,0.5137803962774352,0.2485987862809186,0.24776572402289943,0.23464199163724936,0.23845387969966528
2024-10-28,0.010786468140993755,0.01927633971735265,0.010722267020658675,0.0061918915203984515,0.0,0.0061918915203984515,0.0119145671021826,0.0,0.0119145671021826,0.011953848102167855,0.0006666666666666666,0.01128718143550119,0.007830954802374576,0.0,0.007830954802374576,0.010159921752523372,0.0,0.010159921752523372,-0.0015239151926681091,0.0,-0.0015239151926681091,0.03675014690036497,0.0,0.03675014690036497,0.009665609353911956,0.0,0.009665609353911956,0.007626827794560142,0.0006666666666666666,0.006960161127893475,0.006677045152565286,0.001,0.005677045152565286,0.002123007395137322,0.0,0.002123007395137322,-0.027537743974511197,0.0,-0.027537743974511197,0.011769133027736856,0.001,0.010769133027736855,0.0005962878217597445,0.0,0.0005962878217597445,0.007759127680486144,0.001,0.006759127680486144,0.0074000517919069475,0.001,0.0064000517919069475,0.000660595549024201,0.0,0.000660595549024201,-0.00822562903222357,0.0,-0.00822562903222357,0.027644184494032942,0.009571660676038244,0.011391706141526736,0.5140684174625396,0.5134479441240285,0.2517644442120409,0.24952852661342273,0.2341671383254195,0.23702352926254888,0.49391983209160956,0.5033736514385634,0.25372237035063394,0.25050748968271924,0.2523577975577566,0.24611885887871743,0.4956787519170376,0.5042531113512774,0.2607167826068887,0.2540046958108466,0.24360446547607384,0.24174219283787604,0.4909369891249522,0.5056036118375308,0.26109454795889003,0.25184724886635274,0.24796846291615776,0.2425491392961165,0.49731195012582236,0.507707348967818,0.25276727243044717,0.24909924794196658,0.24992077744373037,0.24319340309021542,0.5172517166444096,0.5142874719189517,0.24870534888506987,0.2477588131719921,0.2340429344705206,0.2379537149090562
2024-10-29,0.004303682207536363,0.002514570791391622,0.004275555781576529,0.012379199581195266,0.0006666666666666666,0.0117125329145286,0.02095317741911303,0.0,0.02095317741911303,0.0061114537521536425,0.0,0.0061114537521536425,0.006495653696922399,0.0,0.006495653696922399,-0.0010600294798023269,0.0,-0.0010600294798023269,-0.007274066287090153,0.0,-0.007274066287090153,0.011902390801490357,0.0006666666666666666,0.011235724134823691,-0.0073286639637368065,0.0006666666666666666,-0.007995330630403473,-0.005006196163601687,0.0,-0.005006196163601687,0.021960013982316395,0.001,0.020960013982316394,0.013571811268106693,0.0,0.013571811268106693,0.008401901995912509,0.001,0.0074019019959125085,-0.019608474761561134,0.001,-0.020608474761561135,-0.004224943656471247,0.0,-0.004224943656471247,-0.012345017067381447,0.0,-0.012345017067381447,0.012122004570622735,0.001,0.011122004570622734,0.008844794757360941,0.0,0.008844794757360941,-0.0022061239250694142,0.0,-0.0022061239250694142,0.0033047074404312835,-0.004230553791613226,0.007770504398686985,0.5137840696950623,0.513756328995041,0.25192776053345395,0.24935825071950365,0.23428816977148384,0.23688542028545534,0.494103220630662,0.5039159044628408,0.2539407432151059,0.25036474206032966,0.25195603615423223,0.24571935347682955,0.4971692109919362,0.505448899643478,0.2600176035727355,0.25340317223914444,0.24281318543532843,0.24114792811737765,0.49188060442807807,0.506518753618929,0.2614012208974878,0.25161085930289173,0.24671817467443413,0.24187038707817926,0.49768510431104673,0.5084342385803086,0.2524171199458899,0.24864610598886444,0.24989777574306332,0.2429196554308269,0.5177784606922177,0.515065046186095,0.24865873281354492,0.24740583823519058,0.2335628064942375,0.23752911557871437
2024-10-30,-0.008825766681361251,-0.010473508188862966,-0.00881728956924652,-0.015567191049019045,0.0006666666666666666,-0.016233857715685713,0.00015805485884023995,0.0,0.00015805485884023995,-0.012987204299941525,0.0,-0.012987204299941525,-0.00876464021534092,0.0006666666666666666,-0.009431306882007585,-0.0038037098791969814,0.0006666666666666666,-0.004470376545863648,-0.004895608994154421,0.0006666666666666666,-0.005562275660821088,0.006970769690164525,0.0006666666666666666,0.006304103023497858,0.002959900999556601,0.0006666666666666666,0.0022932343328899343,0.013551298853778333,0.0,0.013551298853778333,-0.028651891335759516,0.001,-0.029651891335759517,-0.03056790696356626,0.0,-0.03056790696356626,-0.013006648900604156,0.0,-0.013006648900604156,0.006257707673403834,0.001,0.005257707673403834,0.004797695245053579,0.0,0.004797695245053579,-0.0017268035510279445,0.001,-0.0027268035510279445,-0.012912389973662564,0.0,-0.012912389973662564,-0.02323559714187695,0.001,-0.024235597141876952,-0.007658888731542135,0.001,-0.008658888731542136,-0.016677541179647034,-0.0017027927764986517,-0.006192881617165024,0.5136741766078866,0.5137439042632425,0.25236312050018755,0.24940121990462077,0.23396270289192592,0.23685487583213677,0.4946622486869433,0.5042379403027708,0.25382498946759774,0.25013215438832587,0.251512761845459,0.24562990530890333,0.49810302782610816,0.5059583298723532,0.2594560487181767,0.25294768401361534,0.24244092345571508,0.24109398611403135,0.4924255783232825,0.5067555742321441,0.26128513317612534,0.25133843788518756,0.24628928850059223,0.24190598788266832,0.4970369790792077,0.5082773364815993,0.2529572165993032,0.24859022541483625,0.25000580432148917,0.24313243810356433,0.5181783338580919,0.5152539835586312,0.24873179303789655,0.24719583563957204,0.23308987310401164,0.23755018080179674
2024-10-31,-0.018891554647014152,-0.01352200112800774,-0.01885770132011609,-0.021686095852157156,0.0,-0.021686095852157156,-0.017903307517640982,0.0,-0.017903307517640982,-0.012273541907191913,0.0006666666666666666,-0.012940208573858579,0.013484971763755516,0.0,0.013484971763755516,-0.0030137208200724146,0.0,-0.0030137208200724146,-0.014497132528814828,0.0,-0.014497132528814828,-0.06287478676920011,0.0006666666666666666,-0.06354145343586677,-0.00470333176796441,0.0006666666666666666,-0.005369998434631077,-0.009110991710136036,0.0,-0.009110991710136036,-0.0318590027627389,0.0,-0.0318590027627389,-0.0380785381116287,0.0,-0.0380785381116287,-0.03374090045995276,0.0,-0.03374090045995276,-0.02767198604558463,0.001,-0.02867198604558463,-0.0023938513549512375,0.0,-0.0023938513549512375,-0.010629427968242067,0.0,-0.010629427968242067,-0.03843839497027812,0.0,-0.03843839497027812,-0.000242396024155489,0.0,-0.000242396024155489,-0.019946514204227606,0.001,-0.020946514204227606,-0.029960309366072593,-0.0005743557007400476,0.008308639142267649,0.51314575122743,0.5131449552471742,0.2529728219419789,0.24993311451492434,0.2338814268305911,0.23692193023790148,0.4944303570012281,0.5037872581340732,0.2539704468410254,0.2504319269644476,0.2515991961577464,0.24578081490147913,0.49802791964197907,0.5055860394544487,0.2591985154196159,0.25304596125374285,0.24277356493840485,0.24136799929180836,0.49202597745687116,0.5061751592696028,0.2610228855633697,0.2515561349847848,0.24695113697975907,0.24226870574561243,0.49725740357562,0.5079015298887899,0.25304495133763133,0.2489234166902911,0.2496976450867486,0.243175053420919,0.518376588533713,0.5148708609249606,0.2482359815332293,0.24733645665483844,0.2333874299330577,0.23779268242020102
2024-11-01,6.57453140347822e-05,-0.009225146593771825,9.41219435543299e-05,0.011634931516397124,0.0,0.011634931516397124,-0.008328128990110522,0.0,-0.008328128990110522,-0.008050941393247357,0.0006666666666666666,-0.008717608059914023,0.0035190927435394905,0.0013333333333333333,0.002185759410206157,0.004752913885029778,0.0006666666666666666,0.004086247218363111,-0.0038854197336832814,0.0006666666666666666,-0.004552086400349948,-0.0019181174867773563,0.0,-0.0019181174867773563,0.0044463899308714305,0.0,0.0044463899308714305,0.0068897409471471525,0.0006666666666666666,0.0062230742804804855,0.010043614361947562,0.002,0.008043614361947561,0.017622299580861145,0.0,0.017622299580861145,0.016266893202844357,0.0,0.016266893202844357,0.0015414934892611365,0.0,0.0015414934892611365,-0.010020905249930434,0.0,-0.010020905249930434,0.007276293714724602,0.0,0.007276293714724602,0.010720584734437044,0.001,0.009720584734437043,0.011790594564110357,0.0,0.011790594564110357,-0.011756572849180413,0.001,-0.012756572849180414,-0.004772642819527309,-0.007184086645149579,-0.02076642568742548,0.51282216678406,0.5120973315544789,0.2530142108993595,0.25028911429043227,0.23416362231658044,0.23761355415508886,0.4955962658528165,0.5034843810888572,0.2536888441301737,0.25062643090583936,0.2507148900170098,0.24588918800530354,0.49577990313197834,0.503576199728438,0.26045822478046243,0.25401112123098374,0.24376187208755923,0.24241267904057825,0.4922417149510405,0.505059338471525,0.2607964861989532,0.2519307322922629,0.24696179885000624,0.24300992923621223,0.49609250459742144,0.5063300990548306,0.2538491412229441,0.24963810845017992,0.2500583541796344,0.24403179249498952,0.516899277552311,0.5131963341299441,0.24952198898036013,0.2482101482101272,0.23357873346732885,0.2385935176599287
2024-11-04,-0.004156459470782382,-0.004626474120816356,-0.004175626535403014,-0.008999112348485716,0.0,-0.008999112348485716,-0.010928445309834722,0.0,-0.010928445309834722,-0.012895710263823301,0.0,-0.012895710263823301,-0.004403264774688775,0.0006666666666666666,-0.005069931441355442,0.004838467289950485,0.0,0.004838467289950485,-0.011353646043112398,0.0006666666666666666,-0.012020312709779064,0.0058786345394180595,0.0,0.0058786345394180595,-0.004255267914112274,0.0006666666666666666,-0.004921934580778941,-0.0002578193411091334,0.0006666666666666666,-0.0009244860077758,0.0002515099349384431,0.001,-0.0007484900650615569,0.0021280125395997107,0.0,0.0021280125395997107,-0.0012016385600448487,0.0,-0.0012016385600448487,0.01343908780480163,0.0,0.01343908780480163,-0.0004555150089837756,0.0,-0.0004555150089837756,-0.002415462401034796,0.001,-0.003415462401034796,-0.010650360514039059,0.001,-0.01165036051403906,-0.018488262503773556,0.0,-0.018488262503773556,-0.021277460440613905,0.001,-0.022277460440613905,0.001474374272945353,-0.004600327627096353,-0.017638787337272383,0.513879300846079,0.5128648395240891,0.2524751169178624,0.25007251632239486,0.23364558223605866,0.23706264415351608,0.4957217972538409,0.5037860877279701,0.2538543956045861,0.2507621556657567,0.25042380714157303,0.24545175660627325,0.495400698031985,0.5036255381170421,0.26060709003207505,0.2541385028795012,0.24399221193594003,0.24223595900345674,0.4917735611298432,0.5052250285682547,0.2610730787226433,0.2520929595155136,0.2471533601475136,0.24268201191623173,0.4962484733326821,0.5067017495951915,0.25331313209218115,0.24953217712746106,0.25043839457513667,0.24376607327734734,0.5174122658100591,0.513685801112726,0.2498782219818909,0.2483986567910653,0.23270951220805003,0.23791554209620874
2024-11-05,0.02960764148956329,0.01925823329889198,0.02958630482848715,0.09361483733152945,0.0,0.09361483733152945,0.02278478802935613,0.0,0.02278478802935613,0.10071053683935267,0.0006666666666666666,0.10004387017268601,0.007129518222994087,0.0,0.007129518222994087,0.018881210284154237,0.0006666666666666666,0.01821454361748757,0.004023309558705704,0.0,0.004023309558705704,0.0439157971018788,0.0,0.0439157971018788,0.019372165681479665,0.0,0.019372165681479665,0.019931483852898703,0.0006666666666666666,0.019264817186232037,0.002897788879440033,0.0,0.002897788879440033,0.02514857781978619,0.001,0.024148577819786188,0.02514857781978619,0.0,0.02514857781978619,0.028302803027116408,0.0,0.028302803027116408,0.025475517951429216,0.001,0.024475517951429215,0.015090982120075425,0.0,0.015090982120075425,0.04395853579579434,0.0,0.04395853579579434,0.005794037874147784,0.0,0.005794037874147784,0.01739459436121027,0.0,0.01739459436121027,0.017503161883125617,0.017865994373238582,0.024446646315529508,0.5140301083786273,0.5132680016268032,0.2524469083902887,0.25005892888296766,0.23352298323108386,0.236673069490229,0.495640753069635,0.5040733239723071,0.25434156814909586,0.25100625876237126,0.2500176787812691,0.24492041726532165,0.49586619246583474,0.504186043670407,0.2602609918580775,0.25396597061686205,0.24387281567608776,0.24184798571273097,0.49170755695941626,0.5056424433628435,0.26119577010506806,0.2521341402163557,0.2470966729355157,0.24222341642080086,0.4970551467771904,0.5074071480027089,0.2529856472200623,0.24942479966430378,0.2499592060027473,0.24316805233298727,0.5178665974988866,0.5142749267408686,0.2497387638432601,0.24835332814995909,0.23239463865785318,0.23737174510917225
2024-11-06,0.04110225586917957,0.04384729034023777,0.04103672184018605,0.05204931289935777,0.0,0.05204931289935777,0.02227806978888084,0.0,0.02227806978888084,0.043802985430224574,0.0,0.043802985430224574,0.02652057890638367,0.0006666666666666666,0.025853912239717003,0.04824267928210335,0.0,0.04824267928210335,0.03712968295357928,0.0006666666666666666,0.03646301628691261,0.14726282591825096,0.0,0.14726282591825096,0.05791626829221504,0.0,0.05791626829221504,0.00939901761899305,0.0006666666666666666,0.008732350952326384,0.014127347935825207,0.0,0.014127347935825207,0.0349972814886208,0.001,0.0339972814886208,0.013882707778912096,0.0,0.013882707778912096,0.02588814185504551,0.0,0.02588814185504551,-0.01345334847046048,0.0,-0.01345334847046048,0.035442720750153645,0.002,0.03344272075015364,0.06684350873666456,0.0,0.06684350873666456,-0.07572748814082059,0.001,-0.07672748814082059,0.041465773716511056,0.0,0.041465773716511056,0.04925078494321718,0.042430527070713334,0.03377786562213391,0.5147706925712539,0.5135438171535218,0.25136987808842287,0.24948418997605015,0.23385942934032333,0.23697199287042803,0.49542785497258285,0.5038723983541864,0.2548248234035361,0.2512116626336068,0.249747321623881,0.24491593901220685,0.49715739583034513,0.5047371687830675,0.25959723414224795,0.2535978680029627,0.24324537002740684,0.24166496321396977,0.4905667263483626,0.5051393706579389,0.2617552829350071,0.25227023961721623,0.24767799071663044,0.24259038972484495,0.49750080634413585,0.507427617056544,0.25300904144738035,0.2493839799262994,0.24949015220848397,0.2431884030171566,0.5195740897225574,0.5147118005714232,0.24856207789169552,0.24791648195292337,0.23186383238574707,0.23737171747565344
2024-11-07,0.04890791768957638,0.05954004690972905,0.048894153123276475,0.15879840563585984,0.0006666666666666666,0.15813173896919316,0.16858595317438163,0.0,0.16858595317438163,0.15840975059111223,0.0,0.15840975059111223,0.0010722569052036644,0.0006666666666666666,0.0004055902385369977,-0.0006009457316052587,0.0006666666666666666,-0.0012676123982719254,0.017164214300498637,0.0,0.017164214300498637,-0.014125991649500753,0.0006666666666666666,-0.014792658316167419,-0.011881895538565002,0.0006666666666666666,-0.012548562205231668,-0.021870025547661782,0.0013333333333333333,-0.023203358880995114,0.024240898258559906,0.001,0.023240898258559906,0.004810655651650397,0.0,0.004810655651650397,0.03185280104980048,0.0,0.03185280104980048,0.014044519292088498,0.001,0.013044519292088497,-0.006510643764678081,0.001,-0.007510643764678081,0.0026823145852647445,0.0,0.0026823145852647445,0.05761129475029114,0.0,0.05761129475029114,0.061444116809371785,0.0,0.061444116809371785,0.050179888458294575,0.0,0.050179888458294575,0.03254095482299675,-0.008531453623710179,0.18767059174315892,0.5156799731729443,0.5142890691432116,0.2503521905381935,0.248938410314155,0.2339678362888621,0.23677252054263342,0.49455844541805555,0.5037283052657672,0.2555764482924729,0.25155053919129466,0.24986510628947164,0.2447211555429382,0.4982030775794422,0.5055506213464606,0.2601432505389371,0.2538339403145268,0.2416536718816207,0.24061543833901272,0.49003661426978695,0.5053538533350606,0.26256574895488083,0.2524881993154887,0.24739763677533222,0.2421579473494508,0.49834078787779096,0.5080942306257019,0.25135103067171427,0.24878734228204377,0.25030818145049477,0.24311842709225445,0.5224898698711811,0.5160634276835205,0.24476261020328074,0.2466131635274607,0.2327475199255382,0.23732340878901875
2024-11-08,0.019087516055366092,0.01432799762430417,0.019058730134295,0.07190476249020716,0.0,0.07190476249020716,0.013308943089595479,0.0006666666666666666,0.012642276422928813,0.07904100893940771,0.0,0.07904100893940771,0.018455924556246783,0.0,0.018455924556246783,0.021165376057823943,0.0006666666666666666,0.020498709391157277,0.02181858582431754,0.0006666666666666666,0.021151919157650873,0.035082529997189596,0.0006666666666666666,0.034415863330522926,0.01004332210511231,0.0006666666666666666,0.009376655438445644,0.0084728175633663,0.0006666666666666666,0.007806150896699633,-0.01475513966167974,0.002,-0.01675513966167974,-0.013169795965223385,0.0,-0.013169795965223385,-0.004173173206075631,0.0,-0.004173173206075631,0.007372651687154286,0.001,0.006372651687154286,0.011652114461235041,0.001,0.01065211446123504,0.007558921846404831,0.001,0.006558921846404831,0.017255649950136398,0.0,0.017255649950136398,0.005254762871742202,0.001,0.004254762871742202,0.007788497999348776,0.0,0.007788497999348776,-0.011531391330533415,0.0193160566075344,0.06439582266518906,0.5156799731729443,0.5146089447527302,0.2503521905381935,0.24802857146010535,0.2339678362888621,0.2373624837871644,0.49416750188158387,0.50385270910705,0.25528470185133706,0.25049482711667714,0.25054779626707907,0.24565246377627287,0.4983544873113713,0.5059462018219437,0.26034497242447535,0.25302496240324623,0.24130054026415335,0.24102883577481,0.4903143450919041,0.5058741378231142,0.26169972707208117,0.25098322802973827,0.2479859278360146,0.24314263414714749,0.49915277653468304,0.5087908201992313,0.25067617449482305,0.2473454556792431,0.25017104897049386,0.24386372412152563,0.5224898698711811,0.5164920610002757,0.24476261020328074,0.24539397946303415,0.2327475199255382,0.2381139595366903
2024-11-11,0.01337548365182517,0.026095698201882466,0.013305652505677017,0.013829627973725517,0.0,0.013829627973725517,0.02770811680561332,0.0,0.02770811680561332,0.023305363709161992,0.0,0.023305363709161992,0.008785730059731673,0.0,0.008785730059731673,0.006207538441906616,0.0,0.006207538441906616,0.014069066187421281,0.0,0.014069066187421281,0.1529079619631124,0.0006666666666666666,0.15224129529644573,0.008816230458489189,0.0006666666666666666,0.008149563791822523,0.012818117723076245,0.0,0.012818117723076245,-0.0904164875197318,0.001,-0.0914164875197318,-0.08289221536027724,0.0,-0.08289221536027724,-0.025795233456393618,0.0,-0.025795233456393618,0.018335658522013187,0.0,0.018335658522013187,0.01360242905926623,0.0,0.01360242905926623,0.015057364692708408,0.0,0.015057364692708408,-0.02013879250921219,0.0,-0.02013879250921219,0.0017016016206341522,0.0,0.0017016016206341522,-0.02226124115643563,0.0,-0.02226124115643563,0.06010592803449299,0.0016917060260713459,-0.020771627920601977,0.516690806136112,0.5139060739559289,0.24888273514726977,0.24751039232969002,0.23442645871661824,0.23858353371438107,0.4940432861726929,0.5025823139742194,0.2553300417968224,0.25073404565446633,0.2506266720304848,0.24668364037131435,0.4997086970768459,0.5054150194262959,0.2596833520361024,0.2529107007741063,0.24060795088705167,0.2416742797995978,0.48989635976178086,0.5041170977111373,0.2616735778253484,0.25126477385547885,0.24843006241287077,0.2446181284333838,0.4990354199774488,0.5071329875823077,0.2508425653774241,0.24769053974766386,0.25012201464512707,0.24517647267002837,0.5230807430564165,0.5150679441983671,0.24437131646131705,0.24555502760534853,0.23254794048226637,0.23937702819628434
2024-11-12,-0.005189743308956046,-0.010241756409275403,-0.005161656983547468,-0.00010954098230112974,0.0,-0.00010954098230112974,0.014453051315502266,0.0006666666666666666,0.0137863846488356,0.0037499937893989235,0.0,0.0037499937893989235,-0.009608428557504137,0.0006666666666666666,-0.010275095224170803,-0.010404489055670707,0.0,-0.010404489055670707,-0.007123217629547484,0.0006666666666666666,-0.007789884296214151,-0.008245134083698128,0.0006666666666666666,-0.008911800750364794,-0.0020136961177525206,0.0006666666666666666,-0.002680362784419187,-0.00906754342543096,0.0013333333333333333,-0.010400876758764294,-0.003417905246413888,0.0,-0.003417905246413888,0.007950061715231327,0.0,0.007950061715231327,0.0045547994436654915,0.0,0.0045547994436654915,0.00023145193620810467,0.0,0.00023145193620810467,-0.0005218188202577578,0.001,-0.0015218188202577579,0.002463391062289877,0.0,0.002463391062289877,-0.01499076852116854,0.0,-0.01499076852116854,-0.008567260324623627,0.0,-0.008567260324623627,-0.009332972118958172,0.0,-0.009332972118958172,-0.017302101060439164,-0.004013024432967619,-0.0014984782917215238,0.5160749361489448,0.5151576575082844,0.24931163580117657,0.24722607966202959,0.23461342804987848,0.237616262829686,0.49397411926426255,0.5041072490659433,0.2551561110652405,0.25014831729406156,0.2508697696704968,0.24574443363999518,0.501787930430943,0.5080141546492836,0.2584821601769719,0.25181134184992726,0.23972990939208502,0.24017450350078928,0.48927694247949816,0.5060024448595424,0.26134272185307583,0.2504872489718464,0.2493803356674261,0.2435103061686113,0.49924577385471214,0.509292159213363,0.2506989875597375,0.24697481665504473,0.25005523858555023,0.24373302413159226,0.5225478737050019,0.5169818521639586,0.2452446067722629,0.2451748709951781,0.2322075195227353,0.23784327684086334
2024-11-13,-0.0034056771521997387,0.003686718411870858,-0.0033009194459249843,0.01388748641100897,0.0006666666666666666,0.013220819744342303,0.0419975378859185,0.0006666666666666666,0.04133087121925183,-0.006055925752779873,0.0,-0.006055925752779873,0.0075200438161143746,0.0,0.0075200438161143746,0.005196384964352077,0.0006666666666666666,0.0045297182976854105,0.008110440853391519,0.0,0.008110440853391519,-0.050840654331692964,0.0,-0.050840654331692964,-0.007551796380581788,0.0006666666666666666,-0.008218463047248454,-0.0009915574929063586,0.0,-0.0009915574929063586,-0.04224147602387468,0.001,-0.04324147602387468,-0.02013419485967649,0.001,-0.02113419485967649,-0.02013419485967649,0.0,-0.02013419485967649,0.001208138413489157,0.0,0.001208138413489157,0.0027009653327047523,0.0,0.0027009653327047523,0.005613144217000543,0.0,0.005613144217000543,-0.0032942413671132598,0.0,-0.0032942413671132598,-0.01134366483523408,0.0,-0.01134366483523408,-0.017687861019080653,0.0,-0.017687861019080653,0.016893985848159116,-0.008167007517628553,-0.012375651531504734,0.5156011905851923,0.5145395390957799,0.2498106942115583,0.247635894908749,0.2345881152032494,0.23782456599547114,0.4939128600004113,0.5036953738033894,0.25511753603625603,0.25028931582109787,0.25096960396333257,0.24601531037551272,0.5016557349009363,0.5075668112536518,0.25875244581835083,0.25210677071214527,0.23959181928071283,0.24032641803420285,0.4887673922218318,0.5053234241294706,0.2616945415431631,0.2508181327652234,0.24953806623500496,0.24385844310530586,0.4992333214361654,0.5087771807702007,0.250600449729472,0.24715708246670537,0.2501662288343625,0.24406573676309384,0.522230826821218,0.5163663575472681,0.24542665067810104,0.24544972877975296,0.23234252250068102,0.23818391367297898
2024-11-14,-0.012964881999252225,-0.01817999261401681,-0.012931758427453227,-0.023117909362573776,0.0,-0.023117909362573776,-0.0029553916857012466,0.0,-0.0029553916857012466,-0.01717146173870021,0.0,-0.01717146173870021,-0.009082566307453447,0.0,-0.009082566307453447,-0.012787543711420952,0.0,-0.012787543711420952,-0.028474550682126898,0.0006666666666666666,-0.029141217348793564,-0.017502147567941995,0.0,-0.017502147567941995,-0.0006754182317385184,0.0,-0.0006754182317385184,0.003052013345323494,0.0,0.003052013345323494,-0.009451681606710616,0.0,-0.009451681606710616,0.006603688735373536,0.0,0.006603688735373536,-0.0020280005616724606,0.001,-0.0030280005616724606,-0.004559461340622517,0.0,-0.004559461340622517,0.011037545102086266,0.001,0.010037545102086265,-0.006803146881976252,0.0,-0.006803146881976252,-0.02719662701245562,0.0,-0.02719662701245562,-0.006269731718556382,0.0,-0.006269731718556382,-0.01483834285618324,0.0,-0.01483834285618324,-0.03620440323166844,-0.001342084898405185,0.0032896487596083186,0.5153273967110973,0.5151146455077755,0.25115627600127866,0.24800305200622358,0.23351632728762406,0.23688230248600095,0.49397660148668027,0.5044392478955669,0.2549902838860919,0.2499200559486302,0.2510331146272278,0.24564069615580283,0.49927972655429204,0.5070908104293729,0.25979642285396776,0.25232312543256813,0.24092385059174015,0.240586064138059,0.48758179687986203,0.5058862621543384,0.26227454839362807,0.2505999857373801,0.25014365472650985,0.2435137521082814,0.4990785583680187,0.50968019344543,0.2506013128273184,0.24674781800049794,0.25032012880466276,0.24357198855407186,0.5228141544915785,0.5175129401662049,0.24528581368447167,0.2449937032833585,0.23190003182394975,0.23749335655043657
2024-11-15,-0.0006959121174563951,-0.01029204472273269,-0.0007108613854530223,0.02114669465614212,0.0006666666666666666,0.020480027989475454,0.014621669053155425,0.0,0.014621669053155425,0.03884079679470124,0.0,0.03884079679470124,-0.009255164745390787,0.0,-0.009255164745390787,-0.004032243739739057,0.0006666666666666666,-0.004698910406405724,-0.00728883701255123,0.0006666666666666666,-0.007955503679217896,0.05642755258782594,0.0006666666666666666,0.05576088592115927,-0.0011798183716722108,0.0,-0.0011798183716722108,0.009916547166396894,0.0006666666666666666,0.009249880499730228,-0.03425563275094312,0.001,-0.03525563275094312,-0.02288987686277133,0.0,-0.02288987686277133,-0.03210645056634248,0.001,-0.03310645056634248,-0.01198759280057149,0.0,-0.01198759280057149,-0.0035118990435544784,0.0,-0.0035118990435544784,-0.006335202229334036,0.0,-0.006335202229334036,0.015163556488463126,0.001,0.014163556488463125,0.006254697621871197,0.001,0.005254697621871197,-0.028468544047631883,0.001,-0.029468544047631884,-0.01686425744487411,-0.0011798183716722108,-0.00560049620955616,0.514628804001017,0.5137907416710067,0.2518800391518234,0.2487976481762589,0.23349115684715965,0.23741161015273438,0.4945965900902193,0.5037746347156078,0.25511175572621647,0.25041350646345545,0.2502916541835642,0.24581185882093665,0.4983021529566638,0.5056274161488301,0.2602055931409088,0.25296042517080164,0.24149225390242732,0.24141215868036822,0.48698599419624106,0.5043836732432272,0.26283876306762183,0.2513660141367805,0.2501752427361371,0.24425031261999236,0.4987536462370295,0.5082669984166873,0.25120702915465437,0.2475275419455012,0.2500393246083161,0.24420545963781146,0.5219357706853653,0.5159170994846382,0.24595220906458515,0.24579345131577837,0.23211202025004948,0.23828944919958345
2024-11-18,0.004908357235358536,-0.0013207541035649163,0.004892912206972989,-0.0344063594568534,0.0,-0.0344063594568534,-0.027731491423724924,0.0,-0.027731491423724924,-0.02402358775138062,0.0,-0.02402358775138062,0.002147250964941357,0.0,0.002147250964941357,0.001986003835736623,0.0,0.001986003835736623,-0.0009474497801041923,0.0006666666666666666,-0.001614116446770859,0.05528125350303536,0.0006666666666666666,0.05461458683636869,0.0016257500498468487,0.0,0.0016257500498468487,0.007468020773034951,0.0,0.007468020773034951,0.009814545045402467,0.001,0.008814545045402467,-0.0024931724395967914,0.0,-0.0024931724395967914,-0.0024931724395967914,0.001,-0.0034931724395967914,0.0029869015215899797,0.001,0.0019869015215899797,0.005245510747802107,0.0,0.005245510747802107,-0.007933864061404006,0.0,-0.007933864061404006,0.08854939806235684,0.0,0.08854939806235684,0.0872168925350908,0.0,0.0872168925350908,-4.355019028606799e-05,0.0,-4.355019028606799e-05,-0.009609396089199047,0.002236725308477924,0.012629722402785296,0.5143241503438202,0.5132844090463238,0.251421426489883,0.24880353335158506,0.23425442316629683,0.23791205760209128,0.4944420609793222,0.5033433643640748,0.255276184837769,0.25073091252552804,0.25028175418290877,0.24592572311039723,0.5007253690691702,0.5064850184089987,0.25867577897995864,0.25243070959662284,0.24059885195087105,0.24108427199437837,0.48659848389298804,0.5037814270764003,0.2633124990254635,0.2518375036213053,0.2500890170815485,0.24438106930229442,0.49838260344759633,0.5076701865294211,0.25146733372803426,0.24792859907315368,0.2501500628243694,0.24440121439742535,0.5232841591235488,0.5158876999024854,0.24612671150896206,0.24616619374085985,0.23058912936748915,0.23794610635665486
2024-11-19,0.015828523369332385,-0.003254281843746945,0.016069566763417004,0.004614572582875935,0.0006666666666666666,0.003947905916209268,0.04224612552669045,0.0006666666666666666,0.04157945886002378,0.02790378259118472,0.0006666666666666666,0.027237115924518055,0.012133686722951377,0.0006666666666666666,0.011467020056284711,0.008538956966456974,0.0,0.008538956966456974,0.019380053249256658,0.0,0.019380053249256658,0.018961108778956293,0.0006666666666666666,0.018294442112289627,-0.01093841945558475,0.0,-0.01093841945558475,0.0025020291050375323,0.0006666666666666666,0.0018353624383708658,-0.006542191251981522,0.0,-0.006542191251981522,0.030314410982221873,0.0,0.030314410982221873,0.030314410982221873,0.0,0.030314410982221873,-0.014672939692959575,0.001,-0.015672939692959575,-0.018408487012022245,0.0,-0.018408487012022245,0.004852379681137997,0.0,0.004852379681137997,0.22905467808326407,0.0,0.22905467808326407,0.014341689250377154,0.001,0.013341689250377153,0.0065342475369915,0.001,0.0055342475369915,-0.009216786976192694,-0.009476655154132577,0.01565765158894095,0.5138801622471506,0.5126165112764716,0.25155675372268793,0.2489629585409751,0.23456308403016138,0.23842053018255321,0.4945440657743914,0.502948463040092,0.25532020326357996,0.2508446833114211,0.25013573096202857,0.24620685364848682,0.503117123328639,0.5072349918172159,0.25728439636811357,0.25182677986368796,0.23959848030324743,0.24093822831909623,0.48721728694243205,0.5033881210958837,0.26302203152679354,0.2518646098545476,0.2497606815307744,0.24474726904956873,0.49855633554638457,0.507130007135188,0.251727193174312,0.24813731319822868,0.2497164712793034,0.2447326796665833,0.5245486391315252,0.5157074673182844,0.24672145969826964,0.2464854211511347,0.2287299011702051,0.23780711153058087
2024-11-20,-0.006656890593430842,-0.013100794405686834,-0.006723908824917131,0.0014386355039758638,0.0006666666666666666,0.0007719688373091972,0.008910643844977304,0.0006666666666666666,0.008243977178310638,0.013382506427165023,0.0,0.013382506427165023,-0.0011876896612025658,0.0006666666666666666,-0.0018543563278692323,0.002328968419433345,0.0,0.002328968419433345,0.0007898430241203291,0.0,0.0007898430241203291,-0.0029170331758135984,0.0006666666666666666,-0.003583699842480265,-0.0022684774001143024,0.0,-0.0022684774001143024,0.005786034893979886,0.0006666666666666666,0.005119368227313219,9.514198767501814e-05,0.0,9.514198767501814e-05,-0.007262608181713759,0.0,-0.007262608181713759,-0.007262608181713759,0.0,-0.007262608181713759,-0.00646932111084636,0.0,-0.00646932111084636,0.0011033851639520864,0.0,0.0011033851639520864,0.0011712619635373955,0.0,0.0011712619635373955,-0.05574780955083858,0.0,-0.05574780955083858,-0.0333410648799235,0.001,-0.0343410648799235,0.004931864280659837,0.0,0.004931864280659837,-0.02948081092204598,0.0008696524910856896,0.00715924442129708,0.5122686520018694,0.5114901728105326,0.25275745641191455,0.2494021393791609,0.234973891586216,0.23910768781030656,0.4944159828988411,0.5025638382590184,0.2550971716515265,0.2505719969989669,0.2504868454496323,0.24686416474201467,0.504328179465699,0.5075199365424473,0.2563253115830306,0.2511860669647189,0.23934650895127044,0.24129399649283376,0.4852837809523385,0.5023204824391327,0.2640137862418682,0.25197592043190936,0.2507024328057933,0.24570359712895784,0.49809106205701137,0.5065468852036749,0.2513478388953288,0.24779615780755135,0.25056109904765983,0.2456569569887738,0.5266647386384832,0.5159761984755605,0.24581710412051033,0.24597101533186125,0.22751815724100644,0.2380527861925782
2024-11-21,0.016908326676225216,0.0077072433101845784,0.016978231927544735,0.014383836236649739,0.0006666666666666666,0.013717169569983072,0.0011783267053724336,0.0,0.0011783267053724336,0.003226140640204693,0.0,0.003226140640204693,0.014878927666630829,0.0,0.014878927666630829,0.012715079597555318,0.0,0.012715079597555318,0.014091734249781124,0.0006666666666666666,0.013425067583114458,0.02683978265198202,0.0006666666666666666,0.026173115985315354,0.014919344126383221,0.0006666666666666666,0.014252677459716555,0.010217365459827876,0.0,0.010217365459827876,0.012837349522572372,0.001,0.011837349522572371,0.01031819096145592,0.0,0.01031819096145592,0.019811022730638284,0.001,0.018811022730638283,0.015941833421572627,0.0,0.015941833421572627,0.010525536232134702,0.0,0.010525536232134702,0.014320755002213859,0.0,0.014320755002213859,0.08994093129886693,0.0,0.08994093129886693,0.09375474395649452,0.0,0.09375474395649452,0.005696003387379522,0.0,0.005696003387379522,0.013038101997534711,0.010091281086901015,-0.005808027935185014,0.5117466682995129,0.5103507172496333,0.25289641957388587,0.24983230107801463,0.23535691212660112,0.239816981672352,0.4942364118361317,0.5015955890179427,0.2552286402246098,0.2509984114033766,0.25053494793925846,0.24740599957868067,0.5040717852403792,0.5065132757200664,0.2562657689458544,0.2515169757639989,0.2396624458137665,0.2419697485159347,0.4856697369116852,0.5012707065346911,0.2638158175546987,0.25239390212308666,0.2505144455336162,0.24633539134222227,0.4976917231217153,0.505237961984001,0.25154603135667813,0.24834487267773986,0.2507622455216066,0.24641716533825908,0.5248542823978667,0.5142016065451309,0.24577897262782641,0.2464417432972188,0.22936674497430687,0.23935665015765017
2024-11-22,0.015437366404998668,0.019986814310320046,0.015437527640170938,0.016372684729619426,0.0006666666666666666,0.01570601806295276,0.023171867991249814,0.0,0.023171867991249814,0.03806999953973711,0.0,0.03806999953973711,-0.012031049827653979,0.0,-0.012031049827653979,-0.004721743481438093,0.0,-0.004721743481438093,-0.010233287657527141,0.0,-0.010233287657527141,0.0222431137817376,0.0,0.0222431137817376,0.009785722714898155,0.0006666666666666666,0.009119056048231489,0.009802394435340181,0.0006666666666666666,0.009135727768673515,0.0016959334549517813,0.001,0.0006959334549517813,-0.019123395564882684,0.0,-0.019123395564882684,-0.018403869761810576,0.0,-0.018403869761810576,0.028509786439753104,0.0,0.028509786439753104,0.020943618260822083,0.0,0.020943618260822083,0.03718901034137845,0.0,0.03718901034137845,0.05334546165266385,0.0,0.05334546165266385,0.05936231075454712,0.0,0.05936231075454712,0.0038643454872064886,0.001,0.0028643454872064886,0.02431487837151828,0.01011956179964916,0.02093468623345377,0.5123527754096098,0.5109384731709148,0.2525301196218514,0.2497107740149428,0.2351171049685389,0.23935075281414248,0.49433153650725153,0.5019278537197357,0.2551617896285025,0.25102660901826834,0.25050667386424585,0.24704553726199596,0.5047999089872044,0.5071620399597121,0.25599430951853075,0.25144286896328244,0.2392057814942649,0.24139509107700546,0.4855323360998442,0.5016068654375359,0.26365705526739075,0.25242408527162186,0.2508106086327649,0.24596904929084226,0.49787658619942626,0.5056804679703979,0.2513534081965104,0.24836388173823132,0.2507700056040633,0.24595565029137073,0.5259714957656808,0.514951788127262,0.24630214174915463,0.2466969638106039,0.22772636248516442,0.2383512480621341
2024-11-25,-0.00015534997041570802,-0.008143380179644588,-0.0002874518663084312,0.010291564541868524,0.0,0.010291564541868524,-0.011751925400898089,0.0,-0.011751925400898089,-0.007718198863667462,0.0006666666666666666,-0.008384865530334129,0.0026681276918555374,0.0,0.0026681276918555374,0.004357234503186332,0.0,0.004357234503186332,-0.0029083855780748973,0.0006666666666666666,-0.003575052244741564,0.02445518672240661,0.0006666666666666666,0.023788520055739944,0.0005096374788937281,0.0006666666666666666,-0.00015702918777293852,0.0028271689679085035,0.0,0.0028271689679085035,0.02126318978850683,0.001,0.02026318978850683,-0.034039967917853964,0.0,-0.034039967917853964,-0.022346935897497033,0.0,-0.022346935897497033,0.02422674944148351,0.0,0.02422674944148351,0.017035653904281522,0.0,0.017035653904281522,0.015511274460935809,0.001,0.014511274460935808,-0.0552647187778485,0.001,-0.0562647187778485,0.08642248421797638,0.0,0.08642248421797638,-0.03164827515895602,0.001,-0.03264827515895602,-0.008735847362363176,-0.004220216979371471,-0.010870596290308988,0.5115838424333529,0.5107854735593471,0.25254676519321567,0.24946347515090717,0.23586939237343166,0.2397510512897459,0.4940911344435659,0.5020391195644536,0.25542947181336256,0.2509048284609806,0.2504793937430715,0.2470560519745658,0.5054884262259932,0.5077377654556672,0.25563794733509543,0.25100906622184704,0.23887362643891133,0.24125316832248572,0.48655363746908253,0.5022540605039759,0.26311427001436105,0.25190243312750027,0.25033209251655636,0.24584350636852387,0.4978475007839405,0.5059810353978791,0.2509396905734513,0.247884821912,0.25121280864260825,0.24613414269012096,0.5271539162008612,0.5156521524854628,0.24685584606198804,0.24653715322321715,0.2259902377371509,0.23781069429132007
2024-11-26,-0.0015725323892328683,0.01251159853733904,-0.001526476410246085,0.007393414486438709,0.0006666666666666666,0.006726747819772042,0.012811669624330705,0.0,0.012811669624330705,0.012934731954574211,0.0,0.012934731954574211,0.01423553114819261,0.0,0.01423553114819261,0.010987315996344652,0.0,0.010987315996344652,0.008136273558158491,0.0006666666666666666,0.007469606891491824,-0.008443497823759527,0.0013333333333333333,-0.009776831157092861,0.0006377125815167914,0.0,0.0006377125815167914,-0.004120898307457321,0.0006666666666666666,-0.004787564974123988,-0.03418680344294095,0.0,-0.03418680344294095,-4.1603082338137476e-05,0.0,-4.1603082338137476e-05,-4.1603082338137476e-05,0.001,-0.0010416030823381375,-0.0488259595991683,0.0,-0.0488259595991683,-0.03892792225295533,0.0,-0.03892792225295533,-0.04617552922674478,0.0,-0.04617552922674478,0.005114204122992627,0.0,0.005114204122992627,-0.045839408505897516,0.0,-0.045839408505897516,0.006137051059866783,0.001,0.005137051059866783,0.016984601695085866,0.00999207922500193,0.0056957254918614435,0.5126551125363619,0.5112893522526438,0.2519067915798607,0.24924500635553426,0.23543809588377748,0.23946564139182192,0.49420853872496,0.5020660653469429,0.25558080772206526,0.2510820144266366,0.25021065355297467,0.24685192022642052,0.5066697005324207,0.5082966462506733,0.25495008488253784,0.25076665300687284,0.23838021458504163,0.240936700742454,0.48910354667721545,0.5030529770226614,0.26149412928891297,0.25150382082325057,0.24940232403387158,0.24544320215408807,0.498291318873104,0.5060849418473046,0.2507843936241379,0.24796960805387477,0.25092428750275825,0.24594545009882068,0.5239766439480509,0.5145610991220371,0.2505752039356213,0.24790057545666433,0.22544815211632782,0.23753832542129866
2024-11-27,-0.0038669791864014264,-0.002643580713346626,-0.003904762891532257,0.0076495764455087505,0.0013333333333333333,0.006316243112175417,-0.01111211183555231,0.0,-0.01111211183555231,-0.0006093434973129714,0.0,-0.0006093434973129714,-0.010411126039178709,0.0,-0.010411126039178709,-0.012874796025216387,0.0,-0.012874796025216387,-0.010260313186985354,0.0,-0.010260313186985354,0.012776124180843507,0.0,0.012776124180843507,-0.003965594742682173,0.0,-0.003965594742682173,0.01269271801342168,0.0,0.01269271801342168,-0.009817707394332131,0.0,-0.009817707394332131,-0.012977137107912429,0.0,-0.012977137107912429,-0.012977137107912429,0.0,-0.012977137107912429,0.004693958380317609,0.0,0.004693958380317609,0.004740572345887595,0.0,0.004740572345887595,-0.007563457590644196,0.001,-0.008563457590644197,-0.03281591381555754,0.0,-0.03281591381555754,0.011585890593124426,0.001,0.010585890593124425,-0.01592603297387757,0.001,-0.01692603297387757,-0.00012331072746389095,-0.006066975016655466,-0.004464090889825097,0.5123327343255584,0.5113676392384716,0.25207028058844383,0.24926147193608372,0.2355969850859978,0.23937088882544463,0.4944703788608872,0.5024364615061361,0.2555418478109403,0.25099725554733193,0.24998777332817249,0.246566282946532,0.5062605950839721,0.5083315696176784,0.25530197707439917,0.2508773201790614,0.23843742784162866,0.24079111020326005,0.48733753356442394,0.5027910906576878,0.26242493432127767,0.2517235127261164,0.25023753211429844,0.24548539661619578,0.4979619068902262,0.5062971338552025,0.2511400788548069,0.2479995104221811,0.2508980142549669,0.24570335572261637,0.5253772176411198,0.5153441864029974,0.24857092960109622,0.2471516911684566,0.22605185275778406,0.23750412242854602
2024-11-29,0.007270969263266369,0.004672794489371911,0.007273221143410022,0.011154146627631699,0.0006666666666666666,0.010487479960965032,0.012088857625904318,0.0,0.012088857625904318,0.014713471930534775,0.0,0.014713471930534775,0.005088055796376834,0.0,0.005088055796376834,0.006189068241034601,0.0,0.006189068241034601,0.002471304528078644,0.0,0.002471304528078644,0.002522914537598601,0.0,0.002522914537598601,0.0035251479049505092,0.0,0.0035251479049505092,0.007737721333536118,0.0,0.007737721333536118,0.018381806193146666,0.0,0.018381806193146666,0.02032630263708779,0.0,0.02032630263708779,0.023948528119363655,0.001,0.022948528119363654,0.0020131549985067387,0.0,0.0020131549985067387,0.005514158284241177,0.0,0.005514158284241177,0.009403859483480215,0.001,0.008403859483480214,0.01315120973627626,0.0,0.01315120973627626,-0.029978918491711082,0.0,-0.029978918491711082,0.007265719586494135,0.0,0.007265719586494135,0.0038432363202762047,0.0038267676857318684,0.00727301520526354,0.5129807708488233,0.5118267211809735,0.25146707346742364,0.2488712923919561,0.23555215568375298,0.23930198642707023,0.4945318285235287,0.5026022500183263,0.25544141284638405,0.2508584620814363,0.25002675863008733,0.2465392879002374,0.506716731858754,0.5086947016859389,0.25463519009924934,0.25045535070786895,0.23864807804199664,0.24084994760619205,0.4875032986298154,0.503026778461632,0.2623400814419542,0.25157681945789223,0.2501566199282304,0.24539640208047564,0.49830827329996846,0.5065924201027825,0.25131722399377204,0.24793927649999215,0.2503745027062595,0.24546830339722525,0.5237893541961514,0.5150011767985229,0.25008871327973337,0.24753386796435936,0.2261219325241152,0.23746495523711764
2024-12-02,0.00391049063933312,-1.2921722307092983e-05,0.003956671749603939,-0.011062948074029558,0.0,-0.011062948074029558,0.019612525336172526,0.0006666666666666666,0.01894585866950586,0.0026855419868843473,0.0,0.0026855419868843473,-0.009266059877167738,0.0,-0.009266059877167738,-0.00803186789470578,0.0006666666666666666,-0.008698534561372446,-0.010509690877997727,0.0006666666666666666,-0.011176357544664393,-0.015520194220814632,0.0,-0.015520194220814632,-0.011508728860355586,0.0,-0.011508728860355586,-0.01655106250311626,0.0,-0.01655106250311626,0.025877865697980562,0.0,0.025877865697980562,0.02774710581644968,0.0,0.02774710581644968,0.048867091765219084,0.0,0.048867091765219084,-0.0029243470379056724,0.0,-0.0029243470379056724,-0.012515025936518986,0.001,-0.013515025936518987,-0.0014958991359593776,0.001,-0.0024958991359593776,0.015117204513288796,0.0,0.015117204513288796,0.14122721046998554,0.001,0.14022721046998554,0.003700645076330167,0.0,0.003700645076330167,0.007820141373540146,-0.01576820918044804,-0.0005063012883854317,0.5128301447305312,0.5117069183414877,0.2514777904734681,0.24885476959712116,0.2356920647960007,0.23943831206139107,0.4945705476097285,0.5025771197810864,0.25552048521517695,0.25087611696797557,0.24990896717509445,0.24654676325093794,0.5065571221077785,0.5085704070301114,0.25460856461229237,0.2504201566665333,0.23883431327992913,0.2410094363033553,0.48733411322745285,0.5029113309731972,0.26235614748001307,0.25155280031132304,0.2503097392925343,0.2455358687154799,0.4980487504505684,0.5064471612568253,0.25137107879978626,0.24792772764684817,0.2505801707496452,0.2456251110963265,0.5251201196574729,0.5153807130951038,0.24846346415303003,0.24696821481341863,0.22641641618949718,0.23765107209147765
2024-12-03,0.0056779177750614805,0.009096763651605125,0.005685600353120602,0.003923599740573399,0.0,0.003923599740573399,0.04321940767173611,0.0,0.04321940767173611,0.0574095233503813,0.0,0.0574095233503813,-0.0012140820486740147,0.0,-0.0012140820486740147,0.004857175979313677,0.0006666666666666666,0.00419050931264701,0.004520600088613029,0.0,0.004520600088613029,-0.007177268007818482,0.0,-0.007177268007818482,0.0024315382888387966,0.0,0.0024315382888387966,0.004438238688444987,0.0,0.004438238688444987,0.0019211637806555437,0.0,0.0019211637806555437,0.017427289148631897,0.0,0.017427289148631897,-0.035409631137426845,0.001,-0.036409631137426846,-0.014902152320500128,0.0,-0.014902152320500128,-0.017611914509093496,0.001,-0.018611914509093497,0.0007188879073628529,0.0,0.0007188879073628529,0.018607843446927674,0.0,0.018607843446927674,-0.016791626079078192,0.0,-0.016791626079078192,0.004938565173445708,0.001,0.003938565173445708,-0.005323681048017688,0.01576943411642488,0.03269186211924916,0.5116680194717343,0.5115456205665442,0.25249409280591767,0.24895600126277628,0.235837887722348,0.23949837817067954,0.49460506074289495,0.5030141412021245,0.2555687734204071,0.250493341570021,0.249826165836698,0.24649251722785454,0.506474629154065,0.5089489254077095,0.2547816411893131,0.25009977545447404,0.2387437296566219,0.2409512991378165,0.48669442300170346,0.5032627181036693,0.26211464087402625,0.2509278310005841,0.25119093612427024,0.24580945089574663,0.498315793910138,0.5070977705034527,0.2509471206064297,0.2472425493122772,0.2507370854834322,0.2456596801842701,0.524446418035015,0.5157208764646621,0.24996912866779852,0.24691981197252894,0.2255844532971865,0.23735931156280898
2024-12-04,0.023228013309418396,0.0048742004724943565,0.02313922599793151,0.061353487827456865,0.0,0.061353487827456865,0.018913198214992745,0.0,0.018913198214992745,0.007409668472672252,0.0,0.007409668472672252,0.004923969919484035,0.0,0.004923969919484035,0.010271244676935298,0.0,0.010271244676935298,0.010065404596087069,0.0,0.010065404596087069,0.0032302944131742013,0.0,0.0032302944131742013,-0.006085309668836839,0.0,-0.006085309668836839,0.009555203643589378,0.0,0.009555203643589378,0.11489545705726872,0.001,0.11389545705726872,0.021921404239289677,0.0,0.021921404239289677,0.1333382955904724,0.001,0.1323382955904724,0.005018249343705761,0.0,0.005018249343705761,0.00025032727134632893,0.0,0.00025032727134632893,0.010597057776013497,0.0,0.010597057776013497,0.03632975969076169,0.0,0.03632975969076169,0.030507317074887297,0.0,0.030507317074887297,0.010980366495421223,0.001,0.009980366495421222,0.003930996649303667,-0.00246809567444158,0.014226438133366845,0.5094340056504939,0.5096539942778546,0.25347476573150124,0.2496177206115885,0.23709122861800497,0.240728285110557,0.4943127890269458,0.5020933859660806,0.25570780745080784,0.2507342414712418,0.24997940352224626,0.24717237256267763,0.5059192825596275,0.5078966327324214,0.25501634026798614,0.2503885078798309,0.23906437717238643,0.24171485938774773,0.48725912007893146,0.5024110781725416,0.2632746681158042,0.25154029305763814,0.24946621180526438,0.24604862876982028,0.49800282457808126,0.505956500657261,0.2505942107112193,0.2473557421141251,0.2514029647106994,0.24668775722861383,0.5257846489698056,0.5151245027065301,0.24875089851926652,0.2467474490907807,0.2254644525109278,0.2381280482026892
2024-12-05,0.0013376375249826416,0.009461781761717704,0.0013984575053858043,-0.010107065286481198,0.0,-0.010107065286481198,0.025796181631237126,0.0,0.025796181631237126,0.008544342751792722,0.0,0.008544342751792722,0.0008839377789795124,0.0006666666666666666,0.00021727111231284576,-0.011186835204683738,0.0006666666666666666,-0.011853501871350404,-0.012945706190802115,0.0,-0.012945706190802115,-0.010100914751922763,0.0,-0.010100914751922763,0.008844328389525128,0.0,0.008844328389525128,-0.007665537790465562,0.0,-0.007665537790465562,-0.02572273967297528,0.001,-0.026722739672975282,0.008752819423791247,0.0,0.008752819423791247,0.008752819423791247,0.001,0.007752819423791247,0.0021812510583147926,0.0,0.0021812510583147926,0.007983465536802292,0.0,0.007983465536802292,0.006806657377798286,0.0,0.006806657377798286,-0.0008622176381946622,0.0,-0.0008622176381946622,0.006122612713710174,0.0,0.006122612713710174,0.009560052454459456,0.001,0.008560052454459455,0.016243597866725246,0.004682731966685264,0.0001314426043868375,0.5113569294167148,0.5105647679032277,0.25277596131512864,0.24907890248113887,0.23586710926815654,0.2403563296156335,0.49403743651965454,0.5019050214546975,0.25585251032960477,0.25061717698837693,0.25011005315074064,0.24747780155692556,0.5060106940152707,0.5078916502025055,0.2545639326497034,0.24997288814842625,0.2394253733350259,0.24213546164906818,0.48801448477840825,0.5025924262580008,0.2621325729020183,0.25090958430125593,0.24985294231957342,0.24649798944074322,0.4979809540594829,0.5058813611207554,0.2503324312171369,0.24701553754524508,0.25168661472338005,0.24710310133399943,0.5265998774984941,0.5153256058556291,0.24883215014455745,0.24652044479129384,0.22456797235694845,0.238153949353077
2024-12-06,0.008487810300511543,0.011794686325398816,0.008424356155927149,0.014123534661137247,0.0,0.014123534661137247,0.025274459687523988,0.0,0.025274459687523988,0.04391376711967979,0.0,0.04391376711967979,-0.00633097878467311,0.0006666666666666666,-0.006997645451339777,0.0022748307370063312,0.0006666666666666666,0.0016081640703396647,-0.00786716692364394,0.0,-0.00786716692364394,0.009991870575138395,0.0,0.009991870575138395,-0.006953604507130265,0.0006666666666666666,-0.007620271173796932,0.005886043827298515,0.0,0.005886043827298515,0.01962469287672941,0.0,0.01962469287672941,-0.012163374252167403,0.0,-0.012163374252167403,-0.012163374252167403,0.0,-0.012163374252167403,0.0059050572474439456,0.0,0.0059050572474439456,0.0034097150476632976,0.001,0.0024097150476632976,0.01653672240511439,0.0,0.01653672240511439,0.009159741333025162,0.0,0.009159741333025162,-0.0047217412722435625,0.001,-0.005721741272243563,-0.0030925969375556472,0.0,-0.0030925969375556472,0.01728715286454437,-0.00961399729931711,0.02179661179766257,0.5099094453614481,0.5102040053750605,0.25396807326904064,0.2495517514542906,0.23612248136951133,0.24024424317064896,0.4946994113400206,0.5025989883643467,0.2555467368877697,0.2503410832636551,0.2497538517722097,0.24705992837199814,0.5054358715713732,0.507967218480023,0.2552883983195578,0.25021191397954917,0.23927573010906908,0.2418208675404278,0.48617886233840896,0.5024730633820857,0.26309935723510564,0.25106352574607704,0.2507217804264854,0.2464634108718372,0.4977073155274181,0.5062774529344587,0.250499914062874,0.2469057094992406,0.2517927704097079,0.2468168375663006,0.5261736527877919,0.5156713442303821,0.24899571062925652,0.24640932236614682,0.22483063658295147,0.237919333403471
2024-12-09,-0.028627432127003947,-0.03740909593080717,-0.028741657511156423,-0.02349609494820929,0.0,-0.02349609494820929,-0.07309533600478324,0.0,-0.07309533600478324,-0.07666102418354977,0.0,-0.07666102418354977,-0.03406870054076527,0.0006666666666666666,-0.03473536720743194,-0.03207759277161171,0.0006666666666666666,-0.03274425943827838,-0.03644117221977013,0.0,-0.03644117221977013,-0.020571375478862675,0.0,-0.020571375478862675,-0.01709672215031662,0.0,-0.01709672215031662,-0.008077741216001022,0.0,-0.008077741216001022,0.020057799316218206,0.0,0.020057799316218206,-0.022224063449708564,0.0,-0.022224063449708564,-0.022224063449708564,0.0,-0.022224063449708564,-0.004837468127625588,0.0,-0.004837468127625588,-0.016323176851635313,0.0,-0.016323176851635313,-0.017955511713105554,0.0,-0.017955511713105554,-0.027027611026224363,0.001,-0.028027611026224364,-0.045576763483208826,0.001,-0.04657676348320883,-0.018440960270337203,0.0,-0.018440960270337203,-0.0028496907261601106,-0.07733534163177369,-0.06974926170552152,0.5088524505369628,0.5099692301416232,0.25403579929775616,0.24903539938937483,0.23711175016528116,0.24099537046900216,0.4944933826642472,0.5027896962052654,0.2559023629378683,0.2499686812094309,0.24960425439788453,0.24724162258530386,0.5060171198686547,0.5085515648074691,0.25463844175239414,0.24933672061669382,0.23934443837895095,0.24211171457583708,0.48784660836203964,0.503417007289483,0.2622453968300403,0.2500444306061789,0.2499079948079201,0.24653856210433817,0.4975187618229752,0.5066088179315917,0.25022127822226414,0.24607647146561282,0.2522599599547607,0.24731471060279556,0.5268874104760644,0.5163004719871112,0.24855549618784492,0.24552676339425447,0.2245570933360907,0.23817276461863446
2024-12-10,-0.018605302968888578,-0.023324528620949553,-0.018656563764712163,-0.024911111788366396,0.0,-0.024911111788366396,-0.03238318334196995,0.0,-0.03238318334196995,-0.03568259969105676,0.0,-0.03568259969105676,-0.007614034528871808,0.0,-0.007614034528871808,-0.007438551584675582,0.0,-0.007438551584675582,-0.008353649432733755,0.0,-0.008353649432733755,-0.013251219456824614,0.0,-0.013251219456824614,-0.006732708860900234,0.0,-0.006732708860900234,0.0007234113890222478,0.0,0.0007234113890222478,-0.020006025795259563,0.001,-0.021006025795259564,-0.03162193024414073,0.0,-0.03162193024414073,-0.03162193024414073,0.0,-0.03162193024414073,1.1051338040024561e-05,0.0,1.1051338040024561e-05,0.004121333016823603,0.0,0.004121333016823603,0.008258766741178647,0.0,0.008258766741178647,-0.04606407819235553,0.0,-0.04606407819235553,-0.019157195430104856,0.001,-0.020157195430104857,-0.0033937970616512714,0.0,-0.0033937970616512714,-0.0228230132641316,-0.021886803194761953,-0.02581442518102439,0.5102433972574839,0.5119016447875637,0.253316361193434,0.24805827733376862,0.2364402415490822,0.2400400778786676,0.4944846666227782,0.5040222794702109,0.25600487396595606,0.24940253372002966,0.24951045941126576,0.2465751868097594,0.505605225860645,0.5095825590891443,0.2546168884089905,0.24870854094154687,0.23977788573036446,0.24170889996930875,0.49006531950622995,0.5058066832898771,0.26110931769054935,0.24884220446553046,0.2488253628032207,0.24535111224459238,0.4981647683700623,0.5084795014149418,0.2499425908337299,0.24515718460278005,0.2518926407962078,0.24636331398227812,0.5271582577751587,0.5180473529186236,0.2477164493816439,0.24442255792359166,0.22512529284319757,0.23753008915778473
2024-12-11,0.014466443839931847,0.01651686009014983,0.01451441442442516,0.019533234554197493,0.0006666666666666666,0.018866567887530827,0.04308037953439281,0.0,0.04308037953439281,0.029190533414717557,0.0,0.029190533414717557,0.006693647423862581,0.0,0.006693647423862581,0.0027348358122802896,0.0006666666666666666,0.002068169145613623,0.00987366501700689,0.0,0.00987366501700689,0.01419176808796115,0.0,0.01419176808796115,-0.0017493251443245388,0.0,-0.0017493251443245388,0.017117551639017476,0.0,0.017117551639017476,0.014862705490514827,0.0,0.014862705490514827,0.022624786436270194,0.0,0.022624786436270194,0.022624786436270194,0.0,0.022624786436270194,-0.003078110028885306,0.0,-0.003078110028885306,-0.0044681922414868125,0.0,-0.0044681922414868125,0.008533450127795827,0.001,0.0075334501277958274,0.025143301077319213,0.0,0.025143301077319213,0.009359689007868377,0.0,0.009359689007868377,-0.008756304831458062,0.0,-0.008756304831458062,0.008205938847683319,0.022053686638810206,0.02852386674805089,0.5107190821410735,0.5121665201362668,0.2531549744146807,0.24801423714567122,0.2361259434442458,0.23981924271806201,0.49449916356867174,0.5040565608500659,0.2560218139258829,0.24944765690127235,0.24947902250544518,0.2464957822486617,0.5050731396091589,0.5093435488703095,0.2546973494093987,0.24878542464303022,0.24022951098144227,0.24187102648666026,0.49062244656706483,0.5060267593152097,0.2608240437676605,0.24879717936069135,0.2485535096652747,0.24517606132409908,0.4978399305209409,0.5084085290199887,0.2499953036274918,0.2452236951144357,0.2521647658515672,0.2463677758655756,0.5253836592594355,0.5174979595036919,0.24822936076458638,0.2446409339696769,0.22638697997597812,0.2378611065266312
2024-12-12,-0.007066429691099542,-0.008387281252742716,-0.007100359086748485,-0.019284200015785714,0.0,-0.019284200015785714,-0.01114876992299855,0.0,-0.01114876992299855,-0.0064184117196966674,0.0,-0.0064184117196966674,0.00017172261706503256,0.0006666666666666666,-0.0004949440496016341,-0.01103468397966034,0.0,-0.01103468397966034,-0.004019415617718828,0.0,-0.004019415617718828,-0.0037248125341310754,0.0,-0.0037248125341310754,-0.003228089458603237,0.0,-0.003228089458603237,-0.0010719484273945532,0.0,-0.0010719484273945532,2.6716147319416628e-06,0.0,2.6716147319416628e-06,-0.013555662425560167,0.0,-0.013555662425560167,-0.017621924594594995,0.001,-0.018621924594594996,-0.008372986731833454,0.0,-0.008372986731833454,-0.0020828284337484626,0.0,-0.0020828284337484626,-0.008724317601719656,0.001,-0.009724317601719656,-0.0011144296287361466,0.0,-0.0011144296287361466,0.00710900736164316,0.0,0.00710900736164316,0.0003931456812205636,0.001,-0.0006068543187794364,-0.004426190651374284,-0.014022599588963236,-0.011093500043011535,0.5097998974624252,0.5112586740127958,0.25398757332693656,0.24857160809866913,0.23621252921063832,0.24016971788853503,0.4945396700790992,0.5036285603211329,0.25579419923126073,0.24947492105083124,0.2496661306896399,0.24689651862803583,0.5054287395403455,0.509073095051756,0.25402486456495194,0.24859025371767685,0.24054639589470242,0.24233665123056708,0.4902150869774324,0.5052916705798742,0.26103263006032185,0.24905504864307537,0.24875228296224583,0.2456532807770504,0.4975963122357824,0.5077274749151297,0.24980003667950895,0.2453482928274071,0.2526036510847087,0.24692423225746316,0.5266620344015863,0.5173191632298451,0.2480099505760421,0.24475756441326305,0.2253280150223716,0.23792327235689192
2024-12-13,-0.0025063081656940805,-0.0010079288185453012,-0.0024255344055903504,-0.031273596613482314,0.0,-0.031273596613482314,0.0003878048110276624,0.0,0.0003878048110276624,0.013512965595104618,0.0,0.013512965595104618,-0.0032985758027132364,0.0006666666666666666,-0.003965242469379903,-0.0007314032450833616,0.0,-0.0007314032450833616,-0.007846582918791182,0.0,-0.007846582918791182,0.014997472605245383,0.0006666666666666666,0.014330805938578717,0.008889415905625492,0.0,0.008889415905625492,-0.006697447036103199,0.0,-0.006697447036103199,-0.024714229836899693,0.001,-0.025714229836899694,0.013638260065356234,0.0,0.013638260065356234,0.013638260065356234,0.001,0.012638260065356233,0.0026155560143722445,0.0,0.0026155560143722445,0.004154442414998738,0.0,0.004154442414998738,0.0039380461189658655,0.0,0.0039380461189658655,-0.00010356393149785204,0.0,-0.00010356393149785204,-0.001772482705208911,0.0,-0.001772482705208911,-0.005054063454586921,0.001,-0.006054063454586921,0.0027558551948045165,0.003629788059273831,-0.013540161295998257,0.5092532858138079,0.5111986042283354,0.25414907359353517,0.24850851908831156,0.23659764059265698,0.24029287668335292,0.4949109790692199,0.5040274508560414,0.2554202945362682,0.24914412955967807,0.24966872639451193,0.24682841958428042,0.5053476083727815,0.5092457655078222,0.2540105835521502,0.24843927406761912,0.2406418080750683,0.24231496042455858,0.49105635454314667,0.5058550251699566,0.2607371514182094,0.24876479623867806,0.24820649403864398,0.24538017859136524,0.49746771004784035,0.5079707724865055,0.2500655785189182,0.24524317718191196,0.2524667114332414,0.2467860503315824,0.5264237313344061,0.5175262595110722,0.2483262013396704,0.24466918271276017,0.22525006732592343,0.2378045577761675
2024-12-16,0.006964117519936599,0.0055446847969080025,0.006961147363237783,0.011405755261093478,0.0,0.011405755261093478,0.031465756750050845,0.0,0.031465756750050845,0.019716771607627227,0.0,0.019716771607627227,-0.0032017678939148713,0.0,-0.0032017678939148713,0.0024182338343267103,0.0,0.0024182338343267103,0.005478996191888888,0.0,0.005478996191888888,0.030394483050705242,0.0,0.030394483050705242,0.0017127526729413534,0.0,0.0017127526729413534,0.008776506110857672,0.0,0.008776506110857672,0.009491793403281379,0.002,0.007491793403281379,-0.005320045256258843,0.0,-0.005320045256258843,-0.005320045256258843,0.0,-0.005320045256258843,-0.004570882076663452,0.0,-0.004570882076663452,0.0005288393384472179,0.0,0.0005288393384472179,0.0037639087801890625,0.001,0.0027639087801890625,0.004216671630495661,0.0,0.004216671630495661,0.001066810515293004,0.0,0.001066810515293004,-0.0018448765264909572,0.001,-0.0028448765264909573,-0.003996445162806173,0.009974975171528008,0.021254032637762005,0.5072591583958798,0.5104041262605382,0.2548426814432871,0.24897351156359948,0.237898160160833,0.24062236217586225,0.4949257778547879,0.5042374359899923,0.25560145370691745,0.24935289769541466,0.24947276843829463,0.24640966631459305,0.5060309552731924,0.5097900246991945,0.2540635823037401,0.24858396199382599,0.23990546242306757,0.24162601330697953,0.4890167641854252,0.5054534252450721,0.2618088651742331,0.24927683443571785,0.24917437064034176,0.24526974031921006,0.49739262797496137,0.5082174602956191,0.25010865007665,0.24541576345351546,0.25249872194838857,0.2463667762508655,0.5266176920877365,0.5178617314528349,0.24833064866899218,0.24482902298898837,0.22505165924327142,0.23730924555817684
2024-12-17,-0.012705345981967764,-0.013128370581630815,-0.012723894809127511,-0.0004074717673759158,0.0006666666666666666,-0.0010741384340425823,-0.014205946764849134,0.0,-0.014205946764849134,-0.019105650918612972,0.0,-0.019105650918612972,-0.009763402403768865,0.0,-0.009763402403768865,-0.012816756739231806,0.0,-0.012816756739231806,-0.023203972498336056,0.0,-0.023203972498336056,-0.018775300719775546,0.0,-0.018775300719775546,-0.008653022571449768,0.0,-0.008653022571449768,-0.014222021976101265,0.0,-0.014222021976101265,-0.007004033890867789,0.0,-0.007004033890867789,-0.009955666344422076,0.0,-0.009955666344422076,-0.009955666344422076,0.0,-0.009955666344422076,-0.019122387333181057,0.0,-0.019122387333181057,-0.0023115555185255765,0.001,-0.0033115555185255765,-0.003824107148161171,0.001,-0.004824107148161171,-0.0251076042536173,0.0,-0.0251076042536173,-0.025316041355997965,0.0,-0.025316041355997965,-0.005637065480034287,0.0,-0.005637065480034287,-0.01034439420325069,-0.01326699590276803,-0.018834334642566005,0.5065037667033293,0.5095118317647032,0.2555373917833225,0.24943370733004602,0.2379588415133482,0.24105446090525084,0.4945513862465146,0.5035356415362958,0.25570971208265325,0.2495198674797114,0.2497389016708321,0.2469444909839928,0.5073563301309737,0.5099381134785254,0.2531993517399097,0.24826468730833962,0.23944431812911657,0.24179719921313503,0.48968908061931377,0.5049857274778452,0.2614643951598425,0.2493143657301836,0.24884652422084366,0.24569990679197123,0.4970659461881268,0.5074200931155535,0.2502122007710127,0.24560114158186974,0.2527218530408605,0.24697876530257679,0.5268799184281684,0.5172587039547671,0.24829001259683303,0.24496681948439047,0.22483006897499852,0.23777447656084233
2024-12-18,-0.043343914758843353,-0.03990132793246772,-0.04328702821233832,-0.05898106705402768,0.0006666666666666666,-0.05964773372069435,-0.05589172426782455,0.0,-0.05589172426782455,-0.055463334925324695,0.0,-0.055463334925324695,-0.02660562684960366,0.0,-0.02660562684960366,-0.027044107752037135,0.0006666666666666666,-0.0277107744187038,-0.032490132281300335,0.0,-0.032490132281300335,-0.07356259051586433,0.0,-0.07356259051586433,-0.03091632514217379,0.0006666666666666666,-0.03158299180884046,-0.049714827638121,0.0,-0.049714827638121,-0.0589333041016592,0.002,-0.0609333041016592,-0.01838334385742585,0.0,-0.01838334385742585,-0.05268580464962885,0.002,-0.054685804649628855,-0.02238761918567006,0.0,-0.02238761918567006,-0.015709572368013514,0.001,-0.016709572368013514,-0.03799597880155359,0.0,-0.03799597880155359,-0.050933408435366645,0.0,-0.050933408435366645,-0.04030475696307201,0.0,-0.04030475696307201,-0.030510673949861233,0.0,-0.030510673949861233,-0.029191108912514082,-0.04766862744004474,-0.05467407567370967,0.5073170338755366,0.510068260284809,0.2552428456388661,0.2492828604938881,0.23744012048559723,0.24064887922130296,0.4949809350392964,0.5039002108666888,0.2557677599461693,0.24954531764753968,0.24925130501453427,0.24655447148577148,0.5069670523105598,0.5098932695023206,0.25354345965238156,0.2484331675006458,0.2394894880370587,0.2416735629970337,0.4898439764095031,0.5052375683001705,0.26138503229975757,0.24928338714268977,0.24877099129073943,0.2454790445571398,0.49627581216596445,0.5073600740998028,0.25064529563830734,0.2457392740444112,0.2530788921957281,0.24690065185578608,0.5264007346587575,0.5173012985224245,0.24805334122315664,0.24488392908741147,0.22554592411808588,0.23781477239016413
2024-12-19,0.0014636138402254173,-7.484584182481996e-05,0.0014618456038230318,-0.0147888226849463,0.0,-0.0147888226849463,0.010754326511325019,0.0,0.010754326511325019,0.022716378031772434,0.0,0.022716378031772434,0.0019030285280265957,0.0,0.0019030285280265957,0.010538437881018752,0.0006666666666666666,0.009871771214352086,-0.0017966002257370957,0.0,-0.0017966002257370957,-0.0059461804855802285,0.0,-0.0059461804855802285,0.004146591702082499,0.0,0.004146591702082499,-0.007467380435978129,0.0,-0.007467380435978129,0.011971987676161921,0.0,0.011971987676161921,0.0045129974059830436,0.0,0.0045129974059830436,0.025054810594202004,0.001,0.024054810594202003,0.0015368638437719961,0.0,0.0015368638437719961,-0.010356133637286602,0.0,-0.010356133637286602,0.005960440281726043,0.0,0.005960440281726043,-0.00957497400882712,0.001,-0.01057497400882712,0.01169612439896306,0.0,0.01169612439896306,0.008154202947116551,0.0,0.008154202947116551,-0.00961430146646247,0.011465262139452426,0.008553531190431563,0.5073170338755366,0.5105835572963482,0.2552428456388661,0.24905524643254334,0.23744012048559723,0.24036119627110847,0.49516274545578204,0.5045064130864709,0.2558023317216986,0.24933498947395955,0.24903492282251935,0.24615859743956953,0.5064621911624269,0.5101561359397933,0.2542724872057679,0.24857006721599423,0.23926532163180533,0.24127379684421252,0.48899252334914006,0.5056470867857132,0.2626689022766593,0.24940206139286533,0.24833857437420073,0.24495085182142143,0.4965385443967639,0.5081372737314291,0.25107719265747586,0.24557679721853481,0.2523842629457602,0.24628592905003605,0.5256487688999267,0.5177436478174728,0.24820382509171643,0.24462858592183417,0.22614740600835673,0.23762776626069293
2024-12-20,0.022699401796739776,0.029086062526390163,0.022691801374669536,0.010932218131230796,0.0,0.010932218131230796,0.034990910921713095,0.0,0.034990910921713095,0.056678649426979005,0.0,0.056678649426979005,0.013086161675154454,0.0006666666666666666,0.012419495008487788,0.010775056966504454,0.0,0.010775056966504454,0.004498485533078596,0.0,0.004498485533078596,0.028278922038685206,0.0,0.028278922038685206,0.011951912597078024,0.0,0.011951912597078024,0.01427483575646408,0.0,0.01427483575646408,0.024852449407852473,0.0,0.024852449407852473,0.021983051378961393,0.0,0.021983051378961393,0.03277693574790064,0.001,0.031776935747900636,0.02329025928837347,0.0,0.02329025928837347,0.0021800914380036285,0.0,0.0021800914380036285,0.008737029753289272,0.0,0.008737029753289272,0.025525561613573444,0.0,0.025525561613573444,0.02257994641133676,0.0,0.02257994641133676,0.006471226154568355,0.001,0.005471226154568355,0.02718015737119835,0.03085928855866145,0.03132501535401403,0.5056734429243753,0.5092470330800853,0.25578428661277564,0.24962034832262725,0.23854227046284918,0.2411326185972875,0.49504639885173257,0.5039335110437639,0.25617055329897137,0.24981348166572515,0.24878304784929603,0.24625300729051092,0.5062277692572013,0.5095241962464983,0.2546940420462484,0.24907522603936366,0.23907818869655037,0.2414005777141381,0.4888850599096657,0.5049218873381726,0.2622001478613998,0.2496418435160228,0.2489147922289346,0.24543626914580471,0.49673312902739786,0.5075117501470242,0.2505490496414812,0.24579698110344966,0.25271782133112086,0.24669126874952618,0.5245708969474996,0.5166982135606577,0.2488560343410645,0.24523828605431217,0.22657306871143593,0.23806350038503016
2024-12-23,0.004337560859020489,0.006850211217989991,0.004353888668736284,-0.012481719243720211,0.0,-0.012481719243720211,-0.0042338439134201504,0.0,-0.0042338439134201504,0.0010036314053379902,0.0,0.0010036314053379902,-0.006617649666219952,0.0,-0.006617649666219952,-0.0009492260269460633,0.0,-0.0009492260269460633,-0.006381268389601254,0.0006666666666666666,-0.007047935056267921,0.0035241672728188638,0.0,0.0035241672728188638,0.003349997007192407,0.0,0.003349997007192407,0.011442281256970405,0.0,0.011442281256970405,0.025729034766411085,0.0,0.025729034766411085,0.0441823816074578,0.0,0.0441823816074578,0.034044967368862644,0.002,0.03204496736886264,0.007979641173172847,0.0,0.007979641173172847,-0.01201607110834274,0.0,-0.01201607110834274,-0.008731326622272273,0.001,-0.009731326622272274,0.0032403819030502046,0.0,0.0032403819030502046,-0.007572135035226468,0.0,-0.007572135035226468,0.0007291443246986162,0.0,0.0007291443246986162,0.011089698991266404,0.0025641407801962157,0.002218575758271594,0.5040299613627783,0.508322665390457,0.2562443308139126,0.24989569736661504,0.23972570782330893,0.24178163724292787,0.4952950039200578,0.5039551866690968,0.25621070537660007,0.24987888464795877,0.24849429070334209,0.24616592868294446,0.5070257411557034,0.5098205552869195,0.25422237766783545,0.24888472079357649,0.23875188117646118,0.241294723919504,0.48878521404726044,0.5047514181457469,0.2619886832271172,0.24963279829089138,0.2492261027256222,0.24561578356336167,0.49766846264044234,0.5076828901814969,0.24991047970638378,0.24564699112904936,0.2524210576531739,0.24667011868945374,0.5251517543432861,0.5167523764434353,0.24897753268228195,0.24533911861109575,0.22587071297443193,0.2379085049454689
2024-12-24,0.008414753738126108,0.00512502001967996,0.008410180802476228,0.006292193361913334,0.0,0.006292193361913334,0.007999350618189238,0.0006666666666666666,0.007332683951522571,0.0025052335405411075,0.0006666666666666666,0.001838566873874441,0.007639768078509116,0.0,0.007639768078509116,0.008817081229737973,0.0,0.008817081229737973,0.0062103518474183605,0.0006666666666666666,0.005543685180751694,0.02745110539277862,0.0006666666666666666,0.026784438726111953,0.012489492332930247,0.0,0.012489492332930247,0.0109420954532015,0.0006666666666666666,0.010275428786534833,0.006910356260865891,0.001,0.005910356260865891,-0.0005146627376884094,0.0,-0.0005146627376884094,0.0071419039987571376,0.0,0.0071419039987571376,0.008810176190419461,0.001,0.007810176190419461,0.011867802208643419,0.001,0.010867802208643418,0.02445778521395614,0.0,0.02445778521395614,0.010975767438141215,0.001,0.009975767438141214,0.008457187605053429,0.0,0.008457187605053429,0.012962744785562808,0.0,0.012962744785562808,0.00830227071054283,0.0019566335399114165,0.0015979288914702574,0.50346403725329,0.5082678867237993,0.2564003348503526,0.24986409265912368,0.24013562789635745,0.24186802061707702,0.495155016687553,0.5041133764409308,0.2564433721234819,0.24988561129568837,0.24840161118896512,0.24600101226338084,0.5068290764668589,0.5099504063305837,0.25411447552146604,0.24872116299468044,0.2390564480116748,0.2413284306747357,0.488127214500235,0.5048400440352643,0.26265185534026253,0.24970477207577618,0.24922093015950253,0.24545518388895954,0.4986579423784995,0.5083151842350916,0.24935807852728292,0.2453178257274929,0.25198397909421755,0.24636699003741552,0.5255110872107899,0.5171767220297474,0.24858281396890777,0.2450619884232291,0.2259060988203023,0.23776128954702347
2024-12-26,0.0024743427415828403,0.0012040599203047581,0.00245490684072431,0.0034261635086690148,0.0006666666666666666,0.0027594968420023482,0.001164372215901821,0.0,0.001164372215901821,0.0012405828886904817,0.0006666666666666666,0.0005739162220238151,0.003782564902846674,0.0006666666666666666,0.0031158982361800076,0.002158273123789356,0.0,0.002158273123789356,0.004539211531028023,0.0,0.004539211531028023,0.01766506252040667,0.0006666666666666666,0.016998395853740005,0.0018897528516831723,0.0,0.0018897528516831723,0.012641702059557947,0.0,0.012641702059557947,-0.0005414063821518877,0.0,-0.0005414063821518877,-0.008958329130629883,0.0,-0.008958329130629883,-0.004900010664656507,0.001,-0.005900010664656507,-0.0020914997149535375,0.0,-0.0020914997149535375,0.001996073063039283,0.0,0.001996073063039283,-0.0012617945003649544,0.0,-0.0012617945003649544,0.008592877195932158,0.0,0.008592877195932158,0.0016589822894362838,0.001,0.0006589822894362838,0.0021555189260947794,0.0,0.0021555189260947794,0.00038104235790969987,0.002280691996134787,0.0018644351528480287,0.503548862204557,0.5084814625586794,0.2564995736660354,0.24983275998291926,0.2399515641294076,0.2416857774584013,0.4951777487657356,0.5042959058392688,0.2565185579074303,0.2498422521036167,0.24830369332683414,0.2458618420571146,0.5076357300268796,0.5105248964698408,0.25375601177381035,0.24846097903680675,0.23860825819931006,0.24101412449335252,0.488268657136168,0.5051160790065128,0.2623737151858768,0.24950451003220744,0.24935762767795522,0.24537941096127988,0.4981385623243718,0.50837314771862,0.24925835596563775,0.24517644148952855,0.25260308170999035,0.24645041079185148,0.5254782518421584,0.5173952452594895,0.24848802592867536,0.24492223257733098,0.22603372222916635,0.23768252216317953
2024-12-27,-0.01529011563051281,-0.01728027140621999,-0.015317918982021363,-0.021999673432037126,0.0006666666666666666,-0.022666340098703792,-0.01487488114906643,0.0006666666666666666,-0.015541547815733097,-0.018525337551061782,0.0,-0.018525337551061782,-0.004644086510788995,0.0006666666666666666,-0.005310753177455662,-0.014028771094864998,0.0,-0.014028771094864998,-0.0024819693603734074,0.0006666666666666666,-0.003148636027040074,-0.026488837955156698,0.0,-0.026488837955156698,-0.008118628165650194,0.0,-0.008118628165650194,-0.013701295162279173,0.0,-0.013701295162279173,-0.006308048434347069,0.0,-0.006308048434347069,-0.013954891094386412,0.0,-0.013954891094386412,-0.019464965259418376,0.002,-0.021464965259418378,-0.0059942126161176,0.0,-0.0059942126161176,-0.008180233508879364,0.0,-0.008180233508879364,-0.014350990745005288,0.0,-0.014350990745005288,-0.02361685456778445,0.0,-0.02361685456778445,-0.020547495679486105,0.0,-0.020547495679486105,-0.011708979361243876,0.001,-0.012708979361243877,-0.018249898634858115,-0.013656880434580538,-0.018855725886360232,0.503647583486387,0.5084864552463472,0.2564639369779748,0.24984243180067545,0.23988847953563794,0.24167111295297725,0.49516653472937067,0.504245930867839,0.2564611688093972,0.24984104771638665,0.24837229646123213,0.24591302141577434,0.5081550895344453,0.5107402082703763,0.253210960848038,0.24821594373570705,0.23863394961751666,0.2410438479939166,0.4886320997706401,0.5051765620185371,0.2621053180582066,0.24945277579687017,0.24926258217115338,0.2453706621845927,0.49801004101130664,0.5082712826279571,0.24940804410900935,0.24526267539363508,0.252581914879684,0.24646604197840782,0.5258563540343616,0.5174605659255652,0.24825285949937342,0.24488146447245523,0.22589078646626504,0.23765796960197955
2024-12-30,-0.01139024325886075,-0.009232661813463725,-0.011340600542137006,-0.01639443695584475,0.0,-0.01639443695584475,-0.011224692270457895,0.0006666666666666666,-0.011891358937124561,-0.011224692270457895,0.0006666666666666666,-0.011891358937124561,-0.01035092651334583,0.0006666666666666666,-0.011017593180012495,-0.007667364713764724,0.0,-0.007667364713764724,-0.013081837882146154,0.0006666666666666666,-0.01374850454881282,-0.02094715831991985,0.0,-0.02094715831991985,-0.007734523279894915,0.0,-0.007734523279894915,-0.014417557315629473,0.0006666666666666666,-0.01508422398229614,-0.020447887065339343,0.001,-0.021447887065339344,-0.0013232156727577271,0.0,-0.0013232156727577271,-0.006873500677630373,0.0,-0.006873500677630373,-0.008903037565585303,0.0,-0.008903037565585303,-0.008809589466918455,0.0,-0.008809589466918455,-0.013976730944551097,0.0,-0.013976730944551097,-0.00613546747061805,0.001,-0.00713546747061805,-4.3554683428426166e-05,0.001,-0.0010435546834284262,-0.009296587602068307,0.0,-0.009296587602068307,-0.009432294448675362,-0.006861296095063843,-0.011183366128712919,0.5033492431219029,0.5082850040700457,0.2566958008764061,0.2500509223499543,0.23995495600169112,0.24166407358000008,0.49534302430984517,0.5042818946640168,0.2560833152992946,0.24974467956139854,0.24857366039086023,0.24597342577458464,0.5073330098356723,0.5102768874269303,0.2537784492756158,0.24859224654955914,0.23888854088871186,0.24113086602351047,0.48922537863378773,0.5053022875113362,0.26200248528588505,0.2495428695060887,0.24877213608032717,0.245154842982575,0.49828775734359504,0.5082928724855726,0.24943259511385962,0.24539480574932032,0.2522796475425454,0.24631232176510703,0.5255000138142593,0.5172729171208919,0.24824459225061987,0.24500276480445118,0.226255393935121,0.237724318074657
2024-12-31,-0.008854837398521338,-0.009421324212444213,-0.008913611892952557,-0.0055830115070781465,0.0006666666666666666,-0.0062496781737448135,-0.021427581353370043,0.0,-0.021427581353370043,-0.021427581353370043,0.0,-0.021427581353370043,-0.00077313316547419,0.0006666666666666666,-0.0014397998321408565,-0.005551298421647773,0.0,-0.005551298421647773,-0.0024777740328016567,0.0,-0.0024777740328016567,-0.0235820134755248,0.0006666666666666666,-0.024248680142191465,0.0009023389005978395,0.0,0.0009023389005978395,-0.003772658841764661,0.0,-0.003772658841764661,0.00038394471053554424,0.0,0.00038394471053554424,-0.018873128713813803,0.0,-0.018873128713813803,-0.012654138618016175,0.001,-0.013654138618016176,0.0014511887980985794,0.001,0.00045118879809857935,0.0008015832310160897,0.0,0.0008015832310160897,-0.00585529434648574,0.001,-0.00685529434648574,-0.014235717272786219,0.001,-0.01523571727278622,-0.011929710277653383,0.001,-0.012929710277653383,-0.0010837147180353113,0.0,-0.0010837147180353113,-0.004574118466768881,-0.012374424561648091,-0.016690598228380406,0.503112841402527,0.5081560324957539,0.25681798598906996,0.25017263028132264,0.2400691726084031,0.2416713372229234,0.49532434250470686,0.5042617830468439,0.2562538806407238,0.24989057760714956,0.24842177685456934,0.2458476393460065,0.5068264724589658,0.5100128480239734,0.2542294898122112,0.24887838219289327,0.23894403772882303,0.24110876978313334,0.48831117387692496,0.5049861671840025,0.2626204264512686,0.24982801469321408,0.2490683996718065,0.2451858181227834,0.4984192202600361,0.5083218224904291,0.24950329897376738,0.2454993626256387,0.25207748076619657,0.24617881488393212,0.5253869906835145,0.517221186730177,0.24850891507497438,0.245171215939037,0.22610409424151112,0.23760759733078593
2025-01-02,0.007007125679716937,0.015446647024794145,0.007097080952644896,0.010521258232334036,0.0006666666666666666,0.00985459156566737,0.024293815677100906,0.0,0.024293815677100906,0.024293815677100906,0.0,0.024293815677100906,-0.000686712396092674,0.0006666666666666666,-0.0013533790627593407,0.0064269685138873545,0.0,0.0064269685138873545,-0.011628753227206023,0.0,-0.011628753227206023,-0.018914184643605576,0.0006666666666666666,-0.019580851310272242,0.0010223796547909798,0.0,0.0010223796547909798,-0.029984610081850716,0.0,-0.029984610081850716,0.00014178003348319645,0.001,-0.0008582199665168036,0.02532256919428233,0.0,0.02532256919428233,0.02904639589831637,0.001,0.028046395898316367,0.0014223779712209117,0.0,0.0014223779712209117,0.00016672426800906637,0.0,0.00016672426800906637,-0.010701474320157611,0.0,-0.010701474320157611,0.013586988410380418,0.0,0.013586988410380418,0.020890994014122533,0.0,0.020890994014122533,0.0019656654700822007,0.0,0.0019656654700822007,0.022612255288909717,0.027111399473981408,-0.011395630290291297,0.503909641854412,0.5088156087242722,0.2564061566959446,0.2498911546561649,0.2396842014496435,0.24129323661956292,0.49546074364563936,0.5045911596198859,0.25610322839286426,0.24973969050462475,0.2484360279614964,0.24566914987548938,0.505625115876603,0.5096733457353677,0.25497000522683155,0.2491730789216084,0.23940487889656553,0.24115357534302395,0.4891883180967419,0.5056256006199935,0.2620303741047954,0.2495320457075606,0.24878130779846275,0.2448423536724459,0.4986027666883669,0.5087323686552299,0.24961354693661797,0.24543449274206203,0.2517836863750151,0.24583313860270817,0.5249705130243023,0.5174337249460885,0.24843219746949133,0.24504464741791024,0.22659728950620633,0.2375216276360013
2025-01-03,0.02746956126696639,0.029357044471833797,0.027581006699361185,0.023035788570919813,0.0,0.023035788570919813,0.03596727910002865,0.0,0.03596727910002865,0.03596727910002865,0.0,0.03596727910002865,0.006179625299882326,0.0,0.006179625299882326,0.028995866473782158,0.0,0.028995866473782158,0.011285644580491971,0.0,0.011285644580491971,0.043344712295825406,0.0,0.043344712295825406,0.009357631370940329,0.0,0.009357631370940329,0.020043661495622974,0.0,0.020043661495622974,0.015351940197367075,0.0,0.015351940197367075,0.03970607263100123,0.0,0.03970607263100123,0.03777892470466082,0.001,0.03677892470466082,0.006925605657947531,0.0,0.006925605657947531,0.010332194274492945,0.0,0.010332194274492945,0.01445078614928319,0.001,0.01345078614928319,0.08572534987184965,0.0,0.08572534987184965,0.037310349795618536,0.0,0.037310349795618536,0.0232578620077607,0.001,0.022257862007760698,0.036339048685036714,0.012795083972946708,0.03121375662113775,0.5031516205316997,0.508822078866836,0.2567979428511457,0.2503848700023035,0.24005043661715458,0.24079305113086066,0.49551858167249985,0.505005559437236,0.2565519558787231,0.25026187651609216,0.24792946244877717,0.24473256404667196,0.5053304652842218,0.509911501243097,0.2559263416511009,0.24994906940228107,0.2387431930646773,0.240139429354622,0.48774493992357226,0.5056658301001002,0.2626975776479619,0.2501513047166465,0.24955748242846576,0.24418286518325344,0.49895504861508294,0.5093651659682987,0.24972405071784878,0.24587004082970912,0.25132090066706825,0.24476479320199224,0.5250602896625683,0.517979895513969,0.2488560956749689,0.24558361566555875,0.22608361466246268,0.2364364888204724
2025-01-06,0.009420993511223382,0.011064989051173087,0.0095822611555669,0.017879724203440896,0.0,0.017879724203440896,-0.010895901623566497,0.0,-0.010895901623566497,-0.010895901623566497,0.0,-0.010895901623566497,-0.006107447174633481,0.0,-0.006107447174633481,0.01062500010434079,0.0,0.01062500010434079,0.005048617351160541,0.0006666666666666666,0.004381950684493874,0.006405717489562313,0.0,0.006405717489562313,-0.0062651174363537905,0.0,-0.0062651174363537905,0.00826276302622464,0.0,0.00826276302622464,-0.011404686871243852,0.0,-0.011404686871243852,0.044489863353748604,0.0,0.044489863353748604,0.030835299622570256,0.0,0.030835299622570256,-0.009635450225320363,0.0,-0.009635450225320363,-0.00629946418099242,0.0,-0.00629946418099242,-0.0040537831803069135,0.001,-0.0050537831803069136,0.08026532784239215,0.0,0.08026532784239215,0.03350558910622192,0.0,0.03350558910622192,0.005335103304866473,0.0,0.005335103304866473,0.012887510928203467,0.004639290459534594,0.013644126041394347,0.5024727388592632,0.5088595675473242,0.2571488253821658,0.25013653117233337,0.24037843575857112,0.24100390128034255,0.4947773143051248,0.5050118552702549,0.25739852097149873,0.25026137896699985,0.24782416472337668,0.24472676576274532,0.5068436400134245,0.5110450181244048,0.25486712728505284,0.2489956821237769,0.23828923270152255,0.23995929975181826,0.4865419992522354,0.5057739452309457,0.263393329832704,0.24981303760966797,0.25006467091506046,0.2444130171593863,0.49869406682060896,0.509784127528509,0.24977204980570442,0.2453180152007581,0.2515338833736866,0.24489785727073293,0.5260996390888794,0.5188279663770382,0.24868511632343762,0.24495932715161006,0.22521524458768308,0.23621270647135179
2025-01-07,-0.023637837197478372,-0.025707541123334815,-0.023770729717356262,-0.040236502616288417,0.0,-0.040236502616288417,-0.052998731825683335,0.0,-0.052998731825683335,-0.052998731825683335,0.0,-0.052998731825683335,0.005902048204583991,0.0,0.005902048204583991,-0.010944041821307926,0.0,-0.010944041821307926,-0.001596744512324166,0.0,-0.001596744512324166,-0.029780696338170303,0.0,-0.029780696338170303,0.006196419257605686,0.0,0.006196419257605686,-0.01967864963134654,0.0,-0.01967864963134654,-0.003510910471292983,0.0,-0.003510910471292983,-0.05060660000421485,0.0,-0.05060660000421485,-0.04276445336709095,0.001,-0.04376445336709095,-0.01264762167845973,0.0,-0.01264762167845973,-0.00943782322108827,0.0,-0.00943782322108827,-0.01306999635983086,0.001,-0.01406999635983086,-0.041223228168101755,0.0,-0.041223228168101755,-0.009931488785435871,0.0,-0.009931488785435871,-0.019923625471773954,0.0,-0.019923625471773954,-0.014870039535191873,-0.0328622507131678,-0.041628202987767704,0.5039833950964518,0.5097134386756541,0.2563680370570021,0.24958217636810154,0.23964856784654595,0.2407043849562443,0.4940596710864649,0.5047515766706606,0.257929907938064,0.25036311180863247,0.24801042097547096,0.2448853115207068,0.5071399731261388,0.5112917276904976,0.25433847469619836,0.24856739518769966,0.2385215521776628,0.2401408771218027,0.48395866227226914,0.5050534916606025,0.2650881967237604,0.25015263642390556,0.25095314100397054,0.24479387191549185,0.4984861130244277,0.5098475504088148,0.24984286356680202,0.2451216764821093,0.2516710234087702,0.24503077310907573,0.5276628249831962,0.5194758653552084,0.24856156088499565,0.2446988465971132,0.22377561413180824,0.23582528804767827
2025-02-04,0.036763410649293074,0.07539224882351218,0.03684127626671111,0.09453318950638652,0.0019999999999999996,0.09253318950638652,0.13761608329206926,0.0,0.13761608329206926,0.07231336459750182,0.0006666666666666666,0.07164669793083515,-0.00406171089504718,0.0019999999999999996,-0.00606171089504718,-0.006429745940455829,0.0,-0.006429745940455829,0.00805130716012159,0.0013333333333333333,0.006717973826788257,-0.009040793939133002,0.0006666666666666666,-0.009707460605799668,-0.00010575442783848188,0.0006666666666666666,-0.0007724210945051485,-0.009203983546429706,0.0006666666666666666,-0.009870650213096372,0.0062071131275925895,0.001,0.0052071131275925895,0.019164684853011815,0.0,0.019164684853011815,-0.006246251955594306,0.001,-0.007246251955594306,0.006993717615889183,0.002,0.004993717615889183,0.004002433759850377,0.0,0.004002433759850377,0.01207101570882485,0.0,0.01207101570882485,0.001898241120302513,0.001,0.0008982411203025129,0.0011582910530904544,0.0,0.0011582910530904544,0.009610354455840686,0.001,0.008610354455840685,0.09008860351573347,0.05764631782838525,0.06173722692401765,0.5044959418098696,0.5105561580757678,0.2561031253715466,0.24926709934628258,0.2394009328185838,0.24017674257794963,0.49470333318603826,0.5056598537638521,0.2573538918783911,0.2498924825997048,0.24794277493557063,0.24444766363644305,0.5059078862311673,0.5112621302864166,0.25564473195347726,0.2490379026372479,0.23844738181535544,0.23969996707633545,0.48623805591825975,0.5065915292619421,0.2637492169998993,0.2494660607350492,0.2500127270818409,0.24394241000300887,0.49843960726625075,0.510618041206779,0.2499880042837923,0.2449248605387339,0.25157238844995694,0.24445709825448714,0.5262724584645504,0.5198028821022179,0.24954103731308597,0.2447773614384008,0.22418650422236366,0.23541975645938137
2025-02-05,0.012517854597841785,0.006291092251479608,0.012538738775077059,0.0019271821932499798,0.0006666666666666666,0.0012605155265833132,-0.01617229379271956,0.0,-0.01617229379271956,0.0024906406968094874,0.0006666666666666666,0.0018239740301428209,0.004184660316182364,0.0,0.004184660316182364,0.013266024995523502,0.0,0.013266024995523502,0.02349811021443123,0.0006666666666666666,0.022831443547764563,0.01642893636122448,0.0,0.01642893636122448,0.01332246779780699,0.0006666666666666666,0.012655801131140324,0.003205166283048566,0.0006666666666666666,0.0025384996163818996,0.03537421017503095,0.0,0.03537421017503095,0.03711871155581792,0.0,0.03711871155581792,0.037418971404016066,0.001,0.036418971404016065,0.005852670160444995,0.001,0.004852670160444995,0.0005617022727172905,0.001,-0.00043829772728270957,0.0027124401473663795,0.0,0.0027124401473663795,0.04868291720839135,0.0,0.04868291720839135,0.04702123217210186,0.001,0.046021232172101856,0.024137539488732873,0.001,0.023137539488732872,0.01593301112075244,-0.005218615909747667,-0.0028014126568525945,0.5044959418098696,0.5105561580757678,0.2561031253715466,0.24926709934628258,0.2394009328185838,0.24017674257794963,0.49438375528846007,0.505500064815063,0.2571677649156779,0.24979941911834821,0.24844847979586193,0.2447005160665887,0.5056692305739487,0.5111428024578074,0.2560040397056765,0.2492175565133475,0.23832672972037475,0.2396396410288451,0.48617911834382915,0.5065720798623798,0.26449136054635153,0.24971096810537843,0.2493295211098192,0.2437169520322417,0.4982790923465135,0.5105650712832658,0.24985548170435673,0.24488112808752016,0.2518654259491298,0.2445538006292142,0.5260741274857396,0.5197374328792104,0.24946061809974682,0.2447508230979989,0.2244652544145137,0.2355117440227909
2025-02-06,0.0060362551746435044,0.02515268282999996,0.006075104727917146,-0.0043262265769354906,0.0,-0.0043262265769354906,-0.025761755615506157,0.0006666666666666666,-0.026428422282172823,-0.025761755615506157,0.0006666666666666666,-0.026428422282172823,-0.008659703776720207,0.0006666666666666666,-0.009326370443386873,0.010724987921515513,0.0,0.010724987921515513,-0.006752123420438367,0.0,-0.006752123420438367,-0.005419227473796898,0.0006666666666666666,-0.006085894140463565,0.01273826662209687,0.0,0.01273826662209687,0.017376495397882365,0.0006666666666666666,0.0167098287312157,0.008550694836526651,0.0,0.008550694836526651,0.020047661923606297,0.0,0.020047661923606297,0.013693957791088174,0.0,0.013693957791088174,0.0032403900458801704,0.002,0.0012403900458801704,0.0024737146799596044,0.001,0.0014737146799596043,0.003888612440314021,0.0,0.003888612440314021,0.009220991458707584,0.0,0.009220991458707584,-0.016539736482820977,0.001,-0.017539736482820978,-0.003349777641447782,0.0,-0.003349777641447782,0.03765678428858039,0.010845810807354991,0.012624830990972002,0.5049541989508353,0.5113082686418177,0.25539905439080685,0.24862216821195654,0.23964674665835778,0.24006956314622574,0.49366019897097474,0.5056612686518874,0.25728157720475064,0.24956342961892847,0.24905822382427464,0.24477530172918416,0.5061231981550233,0.5118927682439116,0.2560309202226926,0.24893810112789944,0.2378458816222842,0.23916913062818895,0.4861054141767477,0.5072485533613027,0.26454816219857674,0.2493372324877115,0.2493464236246757,0.24341421415098577,0.49847381422322573,0.5113301253766405,0.24967555292674773,0.24442927142800794,0.2518506328500266,0.24424060319535157,0.5267801838032874,0.5206712273380609,0.249655839893208,0.24442276612693983,0.22356397630350455,0.23490600653499927
2025-02-07,-0.0015507675286274276,-0.004882474376945354,-0.0016650555366155542,-0.006993563004836259,0.0,-0.006993563004836259,-0.010005411833456823,0.0,-0.010005411833456823,-0.010005411833456823,0.0,-0.010005411833456823,-0.007677139679319711,0.0013333333333333333,-0.009010473012653045,-0.008084041834641323,0.0,-0.008084041834641323,-0.013480331515201708,0.0006666666666666666,-0.014146998181868374,0.07497623607656545,0.0,0.07497623607656545,-0.0043253863354699345,0.0006666666666666666,-0.004992053002136601,-0.0013789382214357917,0.0006666666666666666,-0.0020456048881024582,-0.0027165915988373035,0.0,-0.0027165915988373035,-0.0058964926446274935,0.0,-0.0058964926446274935,-0.04541286680766876,0.0,-0.04541286680766876,-0.0044254827088658355,0.002,-0.0064254827088658355,-0.008074474141439136,0.0,-0.008074474141439136,-0.018043655251005153,0.0,-0.018043655251005153,0.009735506455622378,0.0,0.009735506455622378,0.005441089187648185,0.0,0.005441089187648185,-0.0021701509093260407,0.001,-0.0031701509093260407,-0.003121482579833948,-0.004606763498393987,-0.008970164105132811,0.5061144215430341,0.5125679654885107,0.2548004840114553,0.24795967598290003,0.23908509444551065,0.23947235852858928,0.4930585113759019,0.5060400104049446,0.2580523131960647,0.24958559057520474,0.2488891754280334,0.24437439901985064,0.50503462919066,0.5120280693123237,0.25649218040051547,0.24880552417743013,0.23847319040882456,0.23916640651024623,0.4856639709471382,0.5080135217333271,0.2649468263305179,0.24898209421848191,0.2493892027223438,0.24300438404819097,0.49839789139807444,0.5122157154821361,0.24964975678611712,0.24393406126882966,0.2519523518158084,0.24385022324903427,0.5278297568359054,0.5219282310766203,0.2487514050865945,0.24363760520798716,0.22341883807750013,0.23443416371539255
2025-02-10,0.012413087898575616,0.01820268226874058,0.012561753180068847,0.019120440457580323,0.0,0.019120440457580323,0.009380208276862034,0.0,0.009380208276862034,0.02722653482149025,0.0006666666666666666,0.026559868154823585,0.020259860014708142,0.0006666666666666666,0.019593193348041476,0.010611338116403468,0.0,0.010611338116403468,0.001008957589401227,0.0006666666666666666,0.0003422909227345604,0.012457152955897074,0.0,0.012457152955897074,-0.009528753755013202,0.0,-0.009528753755013202,-0.016204702113402043,0.0006666666666666666,-0.01687136878006871,-0.026709286678305688,0.001,-0.02770928667830569,0.01880304132171351,0.0,0.01880304132171351,0.03246661558397024,0.001,0.03146661558397024,0.003381437933446918,0.0,0.003381437933446918,0.019953318177099444,0.0,0.019953318177099444,0.010456086423957123,0.0,0.010456086423957123,0.04596391294820923,0.0,0.04596391294820923,0.0187976573238664,0.001,0.0177976573238664,-0.0187723084811523,0.001,-0.0197723084811523,0.020831055762446815,0.019912705622795235,0.010787695992626856,0.5062725193435534,0.5127429691059096,0.2547189197831186,0.24792585939578105,0.23900856087332806,0.23933117149830938,0.49316607854776473,0.5061897487080153,0.25815883074441426,0.2496458148764289,0.24867509070782098,0.24416443641555585,0.5078466973449487,0.5135300581066072,0.2549589298622435,0.2480458644353435,0.23719437279280786,0.23842407745804928,0.48683380831714756,0.5085281473863967,0.26540772092752785,0.24914352324174133,0.2477584707553247,0.24232832937186194,0.49874721591677246,0.512459571894273,0.24973823863582648,0.2439725940854799,0.25151454544740115,0.24356783402024715,0.5282676468963243,0.5222013141175251,0.2487333546399173,0.24364098236682985,0.2229989984637585,0.23415770351564508
2025-02-11,-0.006878173612169688,-0.012519863871556907,-0.006945198770905107,-0.014587203358316128,0.0006666666666666666,-0.015253870024982795,-0.01041051263714084,0.0,-0.01041051263714084,-0.01041051263714084,0.0006666666666666666,-0.011077179303807506,-0.026583876009921587,0.0,-0.026583876009921587,-0.012147782626578044,0.0,-0.012147782626578044,0.00287833906815745,0.0006666666666666666,0.0022116724014907834,-0.01140924312564321,0.0,-0.01140924312564321,0.004192406942214898,0.0,0.004192406942214898,0.008315839296302233,0.0006666666666666666,0.007649172629635566,0.027466584407170647,0.001,0.026466584407170646,-0.0009828839596731642,0.0,-0.0009828839596731642,-0.011548026608761475,0.001,-0.012548026608761476,0.00787556857900884,0.0,0.00787556857900884,-0.0020932970553952934,0.0,-0.0020932970553952934,0.0034844587577383956,0.001,0.0024844587577383956,-0.013852520454372574,0.0,-0.013852520454372574,0.0009124551663442504,0.001,-8.754483365574963e-05,0.007866784733506882,0.001,0.006866784733506882,-0.008313263797730452,-0.01164634723656362,-0.022533359663548854,0.5063468469735377,0.5129233645698525,0.2542357575331829,0.24772753559027266,0.23941739549327934,0.23934909983987473,0.49390187597381086,0.5067008790699892,0.25805679700804635,0.2496380553277044,0.24804132701814266,0.24366106560230638,0.5091862801383875,0.5143430811522776,0.2544539126034652,0.24783661312541383,0.23635980725814723,0.23782030572230867,0.48407305012023466,0.5078090275910097,0.2664929578097055,0.24955961622093564,0.2494339920700599,0.24263135618805473,0.498127259832556,0.5124469167960757,0.2502973519474058,0.24421506628637674,0.25157538822003817,0.24333801691754758,0.5306684741169366,0.5231855175099214,0.24839021708175715,0.2435857117807127,0.22094130880130616,0.23322877070936598
2025-02-12,0.0025008961042513574,0.01589643463003027,0.0023218440391184806,0.014110819804462455,0.0006666666666666666,0.013444153137795789,0.004496226973344987,0.0,0.004496226973344987,0.004496226973344987,0.0,0.004496226973344987,-0.017554767290642575,0.0,-0.017554767290642575,-0.015197500303350764,0.0,-0.015197500303350764,0.0022479661011003396,0.0006666666666666666,0.001581299434433673,-0.006165292811434816,0.0,-0.006165292811434816,-0.0019493105544983924,0.0006666666666666666,-0.002615977221165059,0.007001528316594433,0.0,0.007001528316594433,0.029753807965615164,0.0,0.029753807965615164,-0.011902980369180582,0.0,-0.011902980369180582,-0.022272696141549475,0.0,-0.022272696141549475,0.01449835767136154,0.0,0.01449835767136154,0.01616214933388571,0.001,0.01516214933388571,0.005473242153156199,0.001,0.004473242153156199,-0.049864957903959006,0.001,-0.05086495790395901,-0.05244352271297065,0.001,-0.05344352271297065,0.002979920162130667,0.0,0.002979920162130667,0.017412784922011777,0.003641928864501615,0.024976518567386027,0.5061095816128057,0.5130341015237115,0.2543752218532685,0.24781930551020587,0.23951519653392572,0.23914659296608254,0.49277442138168465,0.506366521408151,0.25824943601586337,0.24975641259150333,0.248976142602452,0.2438770660003457,0.5082800589431264,0.514119340188872,0.25483461001960234,0.2480489995933728,0.23688533103727127,0.23783166021775531,0.48580593476285305,0.5086882348329351,0.26590971604661007,0.2493966770373673,0.24828434919053707,0.24191508812969761,0.49853011977855594,0.5128872158881171,0.24997591651152637,0.24413852319078969,0.25149396370991756,0.24297426092109317,0.529777140670994,0.5231987327826216,0.24869084918022635,0.24371445097146066,0.22153201014877966,0.23308681624591765
2025-02-13,0.02093741321552172,0.03916841867019817,0.0208840187899582,0.012404408471464512,0.0,0.012404408471464512,0.0909919970232457,0.0,0.0909919970232457,0.018006079555785776,0.0006666666666666666,0.01733941288911911,-0.007616991709742208,0.0006666666666666666,-0.008283658376408874,-0.006938664314603105,0.0006666666666666666,-0.007605330981269772,0.0006824114018210888,0.0,0.0006824114018210888,0.043819391568917385,0.0,0.043819391568917385,0.0022238418739924195,0.0,0.0022238418739924195,0.0025895339365491856,0.0,0.0025895339365491856,0.05252204213167122,0.0,0.05252204213167122,0.006716338721988069,0.001,0.005716338721988069,4.021019861277786e-05,0.0,4.021019861277786e-05,-0.009554425202893568,0.0,-0.009554425202893568,0.0095738083903818,0.001,0.008573808390381799,0.011194938777995711,0.001,0.01019493877799571,-0.013620795826054133,0.0,-0.013620795826054133,-0.007848401088010715,0.0,-0.007848401088010715,0.010976627721801857,0.001,0.009976627721801856,0.03127165177554381,0.07951890215966084,0.015748752266483423,0.5065792720662344,0.5133514186664911,0.2541333106745025,0.2473881583719071,0.23928741725926306,0.23926042296160172,0.4922180112743001,0.506170788270524,0.2580855643431522,0.24936428520623197,0.24969642438254774,0.24446492652324406,0.5078504604269746,0.5139870128468613,0.25480907648280715,0.24772604127605943,0.23734046309021817,0.23828694587707927,0.4882539893409005,0.5096066052112183,0.2649219938197276,0.24865507202694895,0.2468240168393721,0.24173832276183282,0.49877654466571736,0.5130790484684079,0.2501343456930632,0.2437751481451497,0.25108910964121955,0.24314580338644248,0.5284673454169064,0.5228770127163003,0.24807599801171668,0.24309589341030535,0.22345665657137695,0.23402709387339443
2025-02-14,0.005576669286380066,0.012867370820902923,0.005613005480901727,0.0045261016532418905,0.0,0.0045261016532418905,0.02817234618600147,0.0,0.02817234618600147,0.011881551897280167,0.0006666666666666666,0.011214885230613501,-0.006504897314597875,0.0,-0.006504897314597875,0.0002857349902489761,0.0,0.0002857349902489761,-0.0014557928783293463,0.0,-0.0014557928783293463,-0.02327627265106687,0.0,-0.02327627265106687,0.010121434009424446,0.0,0.010121434009424446,9.718366346974337e-05,0.0006666666666666666,-0.0005694830031969233,0.027698043312037512,0.001,0.02669804331203751,0.018285028572577522,0.001,0.01728502857257752,0.00568303757614369,0.0,0.00568303757614369,-0.002481119493479178,0.0,-0.002481119493479178,0.00020423525867679926,0.001,-0.0007957647413232008,-0.0005170780977910572,0.001,-0.0015170780977910572,-0.0036614756354351186,0.0,-0.0036614756354351186,-0.0015018353307768018,0.0,-0.0015018353307768018,-0.005053653512877843,0.0,-0.005053653512877843,0.012211427586462986,0.024421228258940258,0.0025923017245361364,0.5054357454965027,0.5127355263026612,0.255569438424007,0.24855987543260236,0.2389948160794903,0.23870459826473645,0.49196840788220225,0.506001857495511,0.2579914372840866,0.24977087486264216,0.25004015483371106,0.24422726764184682,0.5100242697142738,0.5150297884115468,0.25367419755306075,0.24761225499712924,0.2363015327326655,0.23735795659132403,0.4907214700291912,0.5103617408725423,0.2637961923804014,0.24889145282113495,0.24548233759040747,0.24074680630632278,0.49778218515005496,0.5126917768624273,0.250587835129574,0.24453269492836188,0.251629979720371,0.24277552820921072,0.5277227395696372,0.5225721598208894,0.24802693792575106,0.24368759885110033,0.2242503225046117,0.23374024132801016
2025-02-18,0.0043086886259113034,0.006792591985458704,0.004269210994328327,0.008047562702149272,0.0,0.008047562702149272,-0.0164589597314028,0.0,-0.0164589597314028,-0.01778963580218318,0.0,-0.01778963580218318,0.00993624309617691,0.0,0.00993624309617691,0.009685138089076265,0.0,0.009685138089076265,0.007940195409958717,0.0,0.007940195409958717,-0.006078215799687629,0.0,-0.006078215799687629,0.014145400294648317,0.0006666666666666666,0.01347873362798165,0.006047996981698074,0.0006666666666666666,0.005381330315031407,0.005642132722842752,0.0,0.005642132722842752,-0.0008639927705298978,0.0,-0.0008639927705298978,0.008663350345266219,0.0,0.008663350345266219,0.00012542689872219182,0.0,0.00012542689872219182,-0.00631615480001585,0.001,-0.00731615480001585,-0.006765957917834575,0.0,-0.006765957917834575,0.01966795897141238,0.0,0.01966795897141238,0.012263942422128249,0.001,0.011263942422128248,0.017445019732614475,0.0,0.017445019732614475,0.021819573772730694,-0.01063603686737602,-0.008311904142477362,0.5046242194822051,0.5122936183587548,0.25642929448348845,0.24928304333323573,0.23894648603430654,0.23842333830800955,0.4916569786550716,0.505809997945188,0.25819605540368595,0.2501664237933345,0.2501469659412424,0.24402357826147747,0.5085419313073606,0.5142524742713326,0.254717130143133,0.248426961163058,0.23674093854950634,0.23732056456560946,0.49150881963243453,0.5105731320263573,0.26369767093636687,0.2492518821715997,0.24479350943119857,0.24017498580204294,0.4977126784856577,0.512620405447921,0.25064153736078143,0.2449433580916565,0.2516457841535608,0.24243623646042248,0.5276979587957558,0.5225155479502533,0.24812779760339565,0.24411382397171918,0.2241742436008486,0.23337062807802744
2025-02-19,-0.015911594661862438,-0.025548053443475247,-0.01570496791687867,-0.0395674928207681,0.0,-0.0395674928207681,-0.007201845827539762,0.0,-0.007201845827539762,-0.010003934933191662,0.0006666666666666666,-0.010670601599858328,0.000560381238907337,0.0006666666666666666,-0.0001062854277593296,0.004095625298273638,0.0,0.004095625298273638,0.000865292358994056,0.0,0.000865292358994056,-0.03036023915697276,0.0,-0.03036023915697276,-0.0028842764689999503,0.0,-0.0028842764689999503,-0.00021911212444410567,0.0,-0.00021911212444410567,-0.031095330307046365,0.001,-0.032095330307046366,0.016866249921422105,0.001,0.015866249921422104,0.011317899654706198,0.001,0.010317899654706197,-0.0029712441833655845,0.001,-0.0039712441833655845,0.006652358878393438,0.0,0.006652358878393438,0.004420155355299715,0.0,0.004420155355299715,-0.022607873515142096,0.0,-0.022607873515142096,-0.011719681416317462,0.001,-0.012719681416317463,-0.030209500351190022,0.0,-0.030209500351190022,-0.040428564125014575,0.0037034328009137494,-0.02257611719996562,0.5059443587242706,0.513773988512975,0.255780401488375,0.24851564273087384,0.23827523978735443,0.2377103687561512,0.49171522083956337,0.5066594195706213,0.2582130251088119,0.24973195454109226,0.25007175405162463,0.2436086258882863,0.5077201008926532,0.5146618595971663,0.2553520638832654,0.24830147392831903,0.23692783522408142,0.2370366664745147,0.4916094425467308,0.5117055403025463,0.2633915415603448,0.24855730097707346,0.24499901589292436,0.2397371587203802,0.49808888291441555,0.5138437556238823,0.2504393134162815,0.24428306568953256,0.25147180366930283,0.2418731786865851,0.5279842025341811,0.523709211098405,0.2478246338353862,0.24342022142783715,0.22419116363043268,0.23287056747375795
2025-02-20,-0.019458746926467863,-0.024224782369549974,-0.01955064195135237,-0.02460887203637826,0.0,-0.02460887203637826,-0.05010120274035179,0.0006666666666666666,-0.05076786940701846,-0.017982027939688762,0.0,-0.017982027939688762,-0.017367085372127278,0.0006666666666666666,-0.018033752038793944,-0.013099017254796525,0.0,-0.013099017254796525,-0.014991640118156048,0.0006666666666666666,-0.015658306784822714,-0.014386876937167373,0.0,-0.014386876937167373,-0.04282243014348708,0.0,-0.04282243014348708,-0.018003000346161164,0.0,-0.018003000346161164,0.010353118627435487,0.0,0.010353118627435487,0.0010453248656027148,0.001,4.532486560271474e-05,-0.0024914087263804285,0.0,-0.0024914087263804285,-0.020794044291633507,0.001,-0.021794044291633508,-0.026736343861051393,0.001,-0.027736343861051393,-0.026736343861051393,0.0,-0.026736343861051393,-0.014766204803296934,0.0,-0.014766204803296934,-0.02155028460746644,0.0,-0.02155028460746644,-0.003812813589841202,0.0,-0.003812813589841202,-0.01846314838288654,-0.047739533370269996,-0.012795912557899504,0.5043331459210655,0.5121528134502134,0.25670470302554294,0.24972018550143021,0.23896215105339158,0.23812700104835652,0.49157808248410945,0.5057752817317352,0.2583688945101018,0.25055228124370965,0.25005302300578863,0.24367243702455504,0.5062105550312208,0.513091518005291,0.25606608967441513,0.2494008788258663,0.23772335529436414,0.23750760316884278,0.48923266944326993,0.5098283431724511,0.26477150420940626,0.2500074939339068,0.24599582634732384,0.24016416289364223,0.4975898621268085,0.5125862167580187,0.25074718810417657,0.245379469619181,0.25166294976901493,0.2420343136228003,0.5279010331103949,0.5225889031826023,0.24830066228219583,0.24457211609792737,0.22379830460740924,0.23283898071947043
2025-02-21,-0.03911166994353136,-0.048525447732232205,-0.039113154150053855,-0.03246224734277592,0.0,-0.03246224734277592,-0.056520469668087436,0.0,-0.056520469668087436,-0.03335075838114676,0.0,-0.03335075838114676,-0.039225503176843736,0.0,-0.039225503176843736,-0.0393228058951867,0.0,-0.0393228058951867,-0.03686301886481731,0.0,-0.03686301886481731,-0.06129826374181938,0.0,-0.06129826374181938,-0.018420306802970687,0.0,-0.018420306802970687,-0.008051411528872824,0.0,-0.008051411528872824,-0.04365040855100044,0.0,-0.04365040855100044,-0.04280684857150158,0.001,-0.04380684857150158,-0.03281847680728506,0.0,-0.03281847680728506,-0.003163140052675817,0.001,-0.004163140052675817,-0.003163140052675817,0.0,-0.003163140052675817,-0.003163140052675817,0.0,-0.003163140052675817,-0.06303549782809825,0.0,-0.06303549782809825,-0.04582649826288515,0.0,-0.04582649826288515,-0.029996267052881054,0.0,-0.029996267052881054,-0.05649926893488877,-0.057681975331198676,-0.02177525933050591,0.5048543381949335,0.5127271222834169,0.2556034364027707,0.24857121787743872,0.23954222540229572,0.23870165983914446,0.4913851384205483,0.5059925223962243,0.25853526474352784,0.2500371320478173,0.25007959683592385,0.24397034555595853,0.5070751124458847,0.5138375094088924,0.2549762877910549,0.2482576435715808,0.23794859976306051,0.23790484701952685,0.4898376959902987,0.5104483769459716,0.26452572080639,0.2491246174320202,0.24563658320331125,0.24042700562200817,0.4978755277472847,0.513100861425777,0.2505782541985515,0.2445219534514335,0.2515462180541638,0.2423771851227895,0.5278155878236289,0.5229810812509705,0.24790703856181762,0.24364045229131132,0.22427737361455344,0.2333784664577181
2025-02-24,-0.025791117428744233,-0.0328059665192247,-0.025772829541458,-0.042160212794872184,0.0006666666666666666,-0.042826879461538854,-0.04216021279487218,0.0,-0.04216021279487218,-0.015882680717960798,0.0006666666666666666,-0.016549347384627464,-0.01773662995007922,0.0006666666666666666,-0.018403296616745887,-0.011369512339962676,0.0,-0.011369512339962676,0.0026488973938587988,0.0013333333333333333,0.0013155640605254655,-0.023620075239415894,0.0,-0.023620075239415894,-0.0032238390075727263,0.0006666666666666666,-0.003890505674239393,-0.004873436824979982,0.0,-0.004873436824979982,-0.027498254239461506,0.0,-0.027498254239461506,-0.04385279290998112,0.0,-0.04385279290998112,-0.0344986901190541,0.0,-0.0344986901190541,-0.005400914465244766,0.002,-0.007400914465244766,0.00023242990691829668,0.0,0.00023242990691829668,0.00023242990691829668,0.0,0.00023242990691829668,-0.04052992925131915,0.0,-0.04052992925131915,-0.03278269083739965,0.0,-0.03278269083739965,-0.03431813941381823,0.0,-0.03431813941381823,-0.05322378028179161,-0.0062313564258848295,-0.015208202793299815,0.5053517706325258,0.5126082848069986,0.25491471867378546,0.24805632776493078,0.23973351069368878,0.23933538742807065,0.4913267599804758,0.5055957794809736,0.2584992676449134,0.24984860225049474,0.25017397237461075,0.24455561826853162,0.5051545390703156,0.5125096690258935,0.2557006806942204,0.24844930877514826,0.239144780235464,0.23904102219895823,0.48956809243605665,0.5098668858214845,0.2643714421509325,0.24884519360337873,0.24606046541301074,0.2412879205751367,0.4978230287187098,0.5125910147947601,0.2506044531106826,0.24430208722009625,0.25157251817060755,0.24310689798514365,0.5272032453872028,0.5222864862953628,0.2478365480912876,0.2433886785636959,0.22496020652150972,0.23432483514094138
2025-02-25,-0.01821787413236857,-0.03196969497931598,-0.018234056865562866,-0.026779914006155276,0.0006666666666666666,-0.027446580672821942,-0.04478129144061179,0.0,-0.04478129144061179,-0.02381947023689357,0.0006666666666666666,-0.024486136903560236,0.016889263048178095,0.0006666666666666666,0.01622259638151143,0.008988547148058263,0.0,0.008988547148058263,-0.005450891092738923,0.0006666666666666666,-0.00611755775940559,-0.03505677843701534,0.0,-0.03505677843701534,-0.011952760226942322,0.0006666666666666666,-0.012619426893608988,0.004557532489968226,0.0,0.004557532489968226,-0.040378313593593895,0.0,-0.040378313593593895,-0.03908236118297653,0.0,-0.03908236118297653,-0.021502667864403302,0.0,-0.021502667864403302,0.014215070815390751,0.0,0.014215070815390751,0.025105632111710352,0.0,0.025105632111710352,0.025105632111710352,0.0,0.025105632111710352,-0.020658290854746963,0.0,-0.020658290854746963,-0.00609537667945842,0.0,-0.00609537667945842,0.009168433754273786,0.0,0.009168433754273786,-0.041848279882597095,-0.0354635523092531,-0.007099380076726207,0.5046642844184759,0.5112342910720609,0.254603571837821,0.24853192768884175,0.24073214374370314,0.24023378123909733,0.49062995822107963,0.5042171279733628,0.2585142309776811,0.2504872572587718,0.25085581080123925,0.2452956147678654,0.5041437617749301,0.510974029750288,0.25624853736076864,0.24935441045031556,0.23960770086430122,0.2396715597993964,0.49018959380446353,0.5086914454316558,0.26379949422308435,0.2495022230653257,0.2460109119724522,0.24180633150301856,0.4974222872204025,0.5110782342589156,0.2508044375977566,0.24521385437896753,0.2517732751818409,0.24370791136211684,0.5268359432317619,0.5207847407426642,0.2480671378125294,0.24431054544984257,0.2250969189557088,0.23490471380749323
2025-02-26,0.008186362624791846,-0.0021446015939435396,0.008057361584072175,0.015956722310567807,0.0,0.015956722310567807,-0.030340146585341045,0.0006666666666666666,-0.03100681325200771,0.01796942547137655,0.0006666666666666666,0.017302758804709883,0.03872791904315857,0.0,0.03872791904315857,0.02507467152483341,0.0,0.02507467152483341,-0.005328110873878929,0.0,-0.005328110873878929,0.0037600236146930013,0.0006666666666666666,0.0030933569480263347,0.007079874252884662,0.0,0.007079874252884662,-0.0011759742359578702,0.0,-0.0011759742359578702,0.02988735029478551,0.0,0.02988735029478551,0.014010173765314438,0.001,0.013010173765314437,0.012074389655298612,0.001,0.011074389655298611,0.0005405257487096082,0.001,-0.0004594742512903918,-0.016138429353640682,0.0,-0.016138429353640682,-0.016138429353640682,0.0,-0.016138429353640682,0.05141580470384188,0.0,0.05141580470384188,-0.0002825569939810535,0.001,-0.0012825569939810535,0.017363417674720494,0.0,0.017363417674720494,0.003942011918233437,-0.03347319103433517,0.01630101829000778,0.5050559238029998,0.5108924234732226,0.2538752905717182,0.24807833234086712,0.2410687856252821,0.24102924418591037,0.4913997558912143,0.5040643395173299,0.25852679987600524,0.25040408699301064,0.2500734442327804,0.24553157348965948,0.5025297047039019,0.5096293139236736,0.2566345143098313,0.24945794420992368,0.2408357809862668,0.2409127418664027,0.48967597405513713,0.5078014499443035,0.26359481317045463,0.24931480899996075,0.24672921277440824,0.24288374105573557,0.49685055156841385,0.5101690605236849,0.25108975434580444,0.2451881395878262,0.25205969408578166,0.2446427998884888,0.5256930089597658,0.519687071462831,0.24828712803129058,0.2442632729040366,0.22601986300894364,0.23604965563313227
2025-02-27,-0.024039097074686957,-0.02600756487522764,-0.023986336621988572,-0.020156874509456465,0.0,-0.020156874509456465,-0.01379624471571424,0.0,-0.01379624471571424,-0.022398109896552255,0.0006666666666666666,-0.02306477656321892,-0.0363012395548243,0.0,-0.0363012395548243,-0.007701718324632734,0.0,-0.007701718324632734,0.009565858892014,0.0,0.009565858892014,-0.020435232844585777,0.0,-0.020435232844585777,-0.00954062880353031,0.0,-0.00954062880353031,0.006514888075261756,0.0,0.006514888075261756,-0.0515314634917457,0.0,-0.0515314634917457,-0.05989434190467474,0.0,-0.05989434190467474,-0.05027527198014925,0.0,-0.05027527198014925,-0.006633552744934823,0.001,-0.007633552744934823,0.0007400617890167549,0.0,0.0007400617890167549,0.0007400617890167549,0.0,0.0007400617890167549,-0.053630856797359516,0.0,-0.053630856797359516,-0.015198809505047484,0.0,-0.015198809505047484,-0.02706004294554437,0.0,-0.02706004294554437,-0.034940262225745755,-0.013280647260237182,-0.019565852316647092,0.506282822699449,0.5118343916242776,0.2519944617055549,0.2463426504959559,0.24172271559499606,0.2418229578797665,0.4928997153819048,0.5051428379655054,0.25857349169787686,0.2496321654921169,0.24852679292021823,0.24522499654237756,0.5025301522228918,0.5099580563859989,0.2568496793647996,0.24877025932557825,0.24062016841230868,0.24127168428842277,0.4906107919489513,0.508550154911055,0.2631636685699927,0.24810687294995673,0.24622553948105597,0.2433429721389882,0.4976736718440736,0.5108809052764454,0.25067898758762414,0.2439869282257751,0.2516473405683023,0.24513216649777947,0.5279119884536336,0.5208595497576002,0.24666439447215174,0.24266211249766922,0.22542361707421452,0.2364783377447305
2025-02-28,0.021214928161900393,0.016933400484481657,0.021225751751703593,0.015783451115153335,0.0006666666666666666,0.015116784448486669,0.03290004584405189,0.0,0.03290004584405189,0.023445849391775887,0.0,0.023445849391775887,0.01451223013515427,0.0,0.01451223013515427,0.024503132725671506,0.0,0.024503132725671506,0.020905296140994713,0.0006666666666666666,0.020238629474328047,0.03973709911209037,0.0,0.03973709911209037,0.026666395816500987,0.0,0.026666395816500987,0.016325238871208143,0.0,0.016325238871208143,0.0337089730747927,0.0,0.0337089730747927,0.032108412371266715,0.0,0.032108412371266715,0.030710390872587645,0.001,0.029710390872587644,0.019770765955913094,0.0,0.019770765955913094,0.013492155967865793,0.0,0.013492155967865793,0.013492155967865793,0.0,0.013492155967865793,0.01673536905517814,0.0,0.01673536905517814,0.01303201875542298,0.0,0.01303201875542298,0.010431990371372546,0.0,0.010431990371372546,0.01842369474349015,0.02151331931153185,0.009193868567284918,0.5061870233442053,0.5113011590900237,0.252283537354065,0.24680901971160302,0.2415294393017298,0.24188982119837332,0.49095404596944053,0.5036846704026413,0.2591042908387613,0.2502193964539512,0.24994166319179814,0.2460959331434075,0.5015501396052853,0.5089827172205637,0.25693594550381477,0.2491352237864779,0.24151391489090004,0.24188205899295845,0.49061079194895135,0.5078998088831681,0.2631636685699927,0.2485381270144221,0.246225539481056,0.2435620641024098,0.4972340685090608,0.5100854901480043,0.2508983655353533,0.2444905770129911,0.25186756595558596,0.24542393283900468,0.5263865927429393,0.5197058231451842,0.24775572095500745,0.24345350430147697,0.22585768630205322,0.2368406725533389
2025-03-03,-0.025377476752007303,-0.018960533151425967,-0.025338640841697894,0.0015143782992049042,0.0,0.0015143782992049042,-0.00024490442869192375,0.0,-0.00024490442869192375,-0.01759822633083097,0.0006666666666666666,-0.018264892997497634,-0.035550108078325815,0.0,-0.035550108078325815,-0.022481583269310747,0.0,-0.022481583269310747,-0.02814205300117974,0.0006666666666666666,-0.028808719667846407,-0.03106205117881803,0.0,-0.03106205117881803,-0.02416477237497494,0.0,-0.02416477237497494,-0.008323410573504015,0.0,-0.008323410573504015,-0.06432748936644855,0.0,-0.06432748936644855,-0.04754967885136446,0.0,-0.04754967885136446,-0.042714334909983886,0.001,-0.04371433490998389,-0.021218713354876406,0.001,-0.022218713354876407,0.006130235341855084,0.0,0.006130235341855084,0.006130235341855084,0.0,0.006130235341855084,-0.09729342955202741,0.0,-0.09729342955202741,-0.023399689598137652,0.0,-0.023399689598137652,-0.009369942798494513,0.001,-0.010369942798494514,-0.04236723260177588,0.01117218009821297,0.0009367797028874513,0.5054961414611931,0.5110364219528394,0.25288182407819226,0.24722421944025025,0.24162203446061464,0.24173935860691037,0.4905395688307235,0.5035581356376045,0.25942928301269774,0.250497948907503,0.2500311481565787,0.24594391545489241,0.5024992449935016,0.5095379737189936,0.25671654092821133,0.24914157786525978,0.24078421407828687,0.2413204484157465,0.4907556180914095,0.5080557446079705,0.2631528881019537,0.24869008499119125,0.24609149380663678,0.24325417040083824,0.497563686600682,0.5103024072160305,0.2507338741980158,0.24459181040289174,0.25170243920130214,0.2451057823810778,0.5266453745806374,0.5198993642494157,0.24768482217214255,0.24358562323435357,0.22566980324722005,0.2365150125162307
2025-03-04,-0.01113504509876615,0.0034037212414551286,-0.011103625504243556,-0.014809321366770822,0.0,-0.014809321366770822,-0.01615209011434615,0.0,-0.01615209011434615,-0.023343579041158913,0.0006666666666666666,-0.02401024570782558,-0.006355048545301222,0.0,-0.006355048545301222,-0.02813437418439801,0.0,-0.02813437418439801,-0.040401533660821776,0.0,-0.040401533660821776,-0.03626198434318122,0.0,-0.03626198434318122,-0.04567480198733753,0.0,-0.04567480198733753,-0.036013157857193646,0.0,-0.036013157857193646,-0.02254217455321106,0.0,-0.02254217455321106,0.009617920028155535,0.0,0.009617920028155535,0.005972506052606352,0.0,0.005972506052606352,-0.025517655987371046,0.001,-0.026517655987371047,-0.0286637255307291,0.0,-0.0286637255307291,-0.0286637255307291,0.0,-0.0286637255307291,0.04829314484381597,0.001,0.04729314484381597,-0.01220290300988125,0.0,-0.01220290300988125,0.004302582700677515,0.0,0.004302582700677515,0.0347780374977494,-0.036762780786297355,-0.022796748901624826,0.5060502365948863,0.5100436019635476,0.25306550609213063,0.248081181421778,0.24088425731298296,0.24187521661467434,0.49001663742896684,0.5020268023805878,0.25986491583422094,0.25148088629282317,0.25011844673681216,0.24649231132658894,0.5017342874996078,0.5078856274159083,0.25669727838781625,0.24989706756962082,0.24156843411257592,0.2422173050144708,0.4905297303924056,0.5062795791420738,0.26316714505092065,0.24972005189025884,0.24630312455667372,0.24400036896766736,0.4960754281118171,0.5081096593894796,0.2514765689570721,0.24586216177928882,0.25244800293111097,0.24602817883123163,0.5249270853747359,0.5176307062862427,0.2482596276336608,0.2448005711425631,0.22681328699160327,0.2375687225711941
2025-03-05,0.013823787985937832,0.01702010304856242,0.013861761230588174,0.014763171663937254,0.0,0.014763171663937254,0.014763171663937256,0.0006666666666666666,0.01409650499727059,-0.0011971471331763128,0.0,-0.0011971471331763128,0.021514455972213353,0.0006666666666666666,0.020847789305546687,0.014136775076187526,0.0,0.014136775076187526,0.019190855981151184,0.0006666666666666666,0.018524189314484518,0.033772741311797784,0.0006666666666666666,0.033106074645131114,0.014107031285823282,0.0,0.014107031285823282,0.0065433968157197295,0.0,0.0065433968157197295,-0.006542354362824743,0.0,-0.006542354362824743,0.015892716621475067,0.001,0.014892716621475066,0.025069762590242295,0.001,0.024069762590242294,0.0034869915353404335,0.0,0.0034869915353404335,0.0026867634687851027,0.0,0.0026867634687851027,0.0026867634687851027,0.0,0.0026867634687851027,0.024996039750275312,0.001,0.02399603975027531,0.002242400339615147,0.0,0.002242400339615147,0.0018598864433278517,0.0,0.0018598864433278517,0.03182982670156886,-0.00837564788196184,0.010638809950099064,0.5063217949441151,0.511872292390841,0.2531299189369168,0.247089613630527,0.24054828611896825,0.24103809397863207,0.49147520271270817,0.5044489962751375,0.2594490708865906,0.2502491896053639,0.2490757264007013,0.2453018141194986,0.5019824109158614,0.5097026003767141,0.25631706238487734,0.24868318535450729,0.2417005266992613,0.2416142142687786,0.4889345061112939,0.5080216562078967,0.2640888604882921,0.24865236053830836,0.24697663340041395,0.24332598325379484,0.4961880900187926,0.5104153388973713,0.25142034659483986,0.24447175095346912,0.2523915633863675,0.24511291014915954,0.5276290527747852,0.5207908566068489,0.24643913136928453,0.24282794992903584,0.22593181585593025,0.23638119346411524
2025-03-06,-0.05636406078692434,-0.06274069672953647,-0.056527822708220286,-0.12161124471638901,0.0,-0.12161124471638901,-0.12161124471638902,0.0,-0.12161124471638902,-0.0700376291801863,0.0006666666666666666,-0.07070429584685296,-0.042166843128430255,0.0,-0.042166843128430255,-0.027183769394426977,0.0,-0.027183769394426977,-0.02179360914408405,0.0,-0.02179360914408405,-0.0708883884851208,0.0,-0.0708883884851208,-0.03268685476961301,0.0,-0.03268685476961301,-0.019502482878125837,0.0,-0.019502482878125837,-0.030128742401161923,0.0,-0.030128742401161923,-0.1277552609075291,0.0,-0.1277552609075291,-0.04819853423464454,0.001,-0.04919853423464454,-0.008683875238433836,0.001,-0.009683875238433837,-0.005641985046033582,0.0,-0.005641985046033582,-0.0051112211745305,0.001,-0.0061112211745305,-0.057059177004954775,0.001,-0.058059177004954776,-0.009590989778123227,0.001,-0.010590989778123228,-0.009590989778123227,0.0,-0.009590989778123227,-0.07774139710442272,-0.07884530215218336,-0.014452877786787168,0.506747627053953,0.512889469854757,0.25330734342733285,0.2465365293436309,0.23994502951871424,0.24057400080161212,0.4917146164742003,0.5053729645648806,0.2592098916713065,0.24948780346561772,0.24907549185449318,0.24513923196950158,0.5031724679440215,0.5111018902997913,0.25590168119045736,0.2478336982251932,0.2409258508655211,0.24106441147501553,0.4875769677849864,0.5086513788482714,0.2645437432724171,0.24794246450405005,0.2478792889425965,0.2434061566476785,0.49623009957725217,0.511506912339719,0.25139938230729736,0.24360482538556055,0.2523705181154505,0.24488826227472033,0.5287770589914033,0.5222474089463889,0.24584965396669764,0.24177341503316263,0.22537328704189896,0.23597917602044832
2025-03-07,0.003988937523422876,0.005257356286228287,0.003984814148375322,0.002291526393454868,0.0006666666666666666,0.0016248597267882014,0.02542809812961925,0.0,0.02542809812961925,-0.02576884486852441,0.0006666666666666666,-0.026435511535191077,0.004535355876898165,0.0,0.004535355876898165,-0.004765551072518304,0.0,-0.004765551072518304,-0.014134285039748375,0.0,-0.014134285039748375,0.004610669980960972,0.0,0.004610669980960972,-0.010680672373199546,0.0,-0.010680672373199546,0.0028923749156427223,0.0,0.0028923749156427223,0.006936082496160345,0.0,0.006936082496160345,-0.0003745792035212969,0.0,-0.0003745792035212969,0.05705674181768283,0.0,0.05705674181768283,-0.01850334190858055,0.001,-0.01950334190858055,-0.023893188566541823,0.0,-0.023893188566541823,-0.023893188566541823,0.001,-0.024893188566541824,0.034343176308938905,0.0,0.034343176308938905,0.030014531333124483,0.0,0.030014531333124483,0.030014531333124483,0.0,0.030014531333124483,0.0007817018344207995,0.011855882908242538,0.008306216596503177,0.5067476270539529,0.5124212953479261,0.2533073434273328,0.24632025685147158,0.23994502951871421,0.24125844780060232,0.49078957799963646,0.5044422708207679,0.25953759037591734,0.24943538032576384,0.24967283162444623,0.24612234885346834,0.5019276638894943,0.5100113137656967,0.25619838784634547,0.2477657790609779,0.24187394826416014,0.24222290717332529,0.4885992727202849,0.5083613856377666,0.26399447218516486,0.24747139990576333,0.24740625509455016,0.24416721445647013,0.49603025320648925,0.5108136091982141,0.25151152806477817,0.24335202834603573,0.2524582187287326,0.24583436245575035,0.5266894208301253,0.520931134514014,0.24691402882044008,0.24183485359540416,0.22639655034943462,0.23723401189058202
2025-03-10,-0.055259837989765415,-0.06778063779176062,-0.05524374067754307,-0.07335671319176862,0.0,-0.07335671319176862,-0.1002650668104467,0.0,-0.1002650668104467,-0.07076215887486459,0.0006666666666666666,-0.07142882554153125,-0.028583782835759054,0.0,-0.028583782835759054,-0.011949865355084278,0.0,-0.011949865355084278,-0.009717654231632547,0.0006666666666666666,-0.010384320898299213,-0.13164513105437742,0.0,-0.13164513105437742,-0.051759945576825506,0.0,-0.051759945576825506,0.0005056914147628291,0.0006666666666666666,-0.00016097525190383757,-0.042534575917228146,0.0,-0.042534575917228146,-0.06182565737632745,0.0,-0.06182565737632745,-0.05010234976888678,0.0,-0.05010234976888678,-0.020697074868528953,0.001,-0.021697074868528954,-0.022452815521515734,0.0,-0.022452815521515734,-0.022452815521515734,0.0,-0.022452815521515734,-0.04554917158477201,0.001,-0.04654917158477201,-0.023571825060298424,0.0,-0.023571825060298424,-0.023571825060298424,0.0,-0.023571825060298424,-0.09725443089311749,-0.06481204007483894,-0.007859839380696489,0.5068187787124152,0.5122133785170517,0.2546124604719494,0.24713869025565044,0.2385687608156354,0.24064793122729788,0.4915186912509812,0.5045633347863347,0.2594159734827664,0.2495404467610589,0.2490653352662525,0.2458962184526064,0.5023841515530876,0.5099960649373879,0.2556092652067033,0.24763709262302736,0.24200658324020918,0.24236684243958476,0.4877006534765879,0.5077385611228051,0.2631047015169786,0.2474000479269684,0.2491946450064336,0.24486139095022652,0.4962870029266014,0.5105720564413097,0.25140983919684284,0.24354074336132361,0.2523031578765557,0.24588720019736682,0.5269160216635732,0.5206796326245102,0.24679581695875127,0.2420181160227534,0.22628816137767557,0.23730225135273636
2025-03-11,0.023941107872229993,0.037797886577357595,0.023951895969559114,0.04179431955224655,0.0006666666666666666,0.04112765288557988,0.04792344346782314,0.0,0.04792344346782314,0.029047294275192627,0.0006666666666666666,0.02838062760852596,0.011681957218289683,0.0,0.011681957218289683,0.009683924426154287,0.0,0.009683924426154287,0.01205329665326819,0.0,0.01205329665326819,0.028216464493693156,0.0,0.028216464493693156,-0.0035207344639335645,0.0,-0.0035207344639335645,-0.018493483218165203,0.0,-0.018493483218165203,0.004556144583615751,0.0,0.004556144583615751,0.019663949991781005,0.0,0.019663949991781005,0.004866488995165175,0.0,0.004866488995165175,-0.007156310053360371,0.001,-0.008156310053360372,0.0028501450149326923,0.0,0.0028501450149326923,-0.003893648917950354,0.001,-0.004893648917950354,0.08260262134948149,0.0,0.08260262134948149,-0.026671806501005646,0.0,-0.026671806501005646,0.04218864765827257,0.001,0.04118864765827257,0.07074734885020047,0.01865716476849492,-0.013114026186783107,0.5068187787124152,0.5116562033256495,0.2546124604719494,0.24688070476607527,0.2385687608156354,0.24146309190827525,0.49060544037915865,0.5035495341590213,0.2598400434973547,0.2494944962787779,0.24955451612348664,0.2469559695622009,0.5011082350997339,0.5088009315193088,0.2549600885435887,0.24705451880189494,0.24393167635667745,0.24414454967879629,0.48809235855558736,0.507121209042396,0.26290353114931714,0.24698796114960941,0.24900411029509553,0.24589082980799465,0.49632667714620926,0.5098385341773012,0.2513900372675104,0.2431885081686132,0.25228328558628027,0.2469729576540856,0.5257130528222579,0.5195360381503972,0.2474233750489921,0.24187950963650218,0.22686357212875008,0.23858445221310065
2025-03-12,0.026879273380908272,0.030992006665439165,0.026839157964409152,0.04259512275585631,0.0006666666666666666,0.04192845608918964,0.061057773849401434,0.0,0.061057773849401434,0.021648606175434886,0.0006666666666666666,0.02098193950876822,0.024271609968292696,0.0006666666666666666,0.02360494330162603,0.020561110020072805,0.0,0.020561110020072805,0.011412533772483894,0.0006666666666666666,0.010745867105817227,0.03414696937147754,0.0,0.03414696937147754,0.006711992720914162,0.0,0.006711992720914162,-0.004781419812287523,0.0,-0.004781419812287523,0.05488519816929238,0.0,0.05488519816929238,0.05026678276160079,0.001,0.04926678276160079,0.03418689810435138,0.001,0.03318689810435138,-0.003958013679933925,0.0,-0.003958013679933925,-0.015372912667391991,0.0,-0.015372912667391991,-0.01030620472614402,0.001,-0.01130620472614402,0.03355070776754354,0.001,0.03255070776754354,0.0037247072144187543,0.001,0.0027247072144187543,0.01822527191956469,0.0,0.01822527191956469,0.04479039574864333,0.03937778320563238,-0.006824488799586229,0.5069577580949856,0.5129676686526078,0.25504600070481376,0.24688431260263463,0.23799624120020066,0.2401480187447576,0.4906493737449689,0.5048134764775994,0.2597542996208764,0.24923846206066597,0.24959632663415462,0.2459480614617346,0.5031584353553802,0.5110680072828051,0.25430267490380515,0.24651264970213033,0.2425388897408145,0.24241934301506451,0.4876770277885704,0.5086483972410824,0.2635145312386386,0.24690395372405594,0.24880844097279092,0.24444764903486174,0.49595241303544485,0.5113792743725509,0.2517817571899845,0.24303213828800008,0.2522658297745706,0.24558858733944905,0.5280211811511045,0.5219619678507186,0.2445404465352038,0.24064250577192245,0.2274383723136917,0.237395526377359
2025-03-13,-0.019199273956861603,-0.02794802320998352,-0.019312686767374798,-0.015492776175616433,0.0006666666666666666,-0.0161594428422831,-0.015492776175616431,0.0,-0.015492776175616431,-0.021213471678830215,0.0,-0.021213471678830215,-0.017669803506927925,0.0006666666666666666,-0.01833647017359459,-0.021850659438963766,0.0,-0.021850659438963766,-0.010446565481386966,0.0006666666666666666,-0.011113232148053633,-0.05262181567312189,0.0,-0.05262181567312189,-0.015042372997796722,0.0006666666666666666,-0.015709039664463388,-0.0033013295153400857,0.0,-0.0033013295153400857,0.06521501037102362,0.001,0.06421501037102362,-0.016438779691215988,0.0,-0.016438779691215988,-0.007866849132494302,0.0,-0.007866849132494302,-0.03399673895628491,0.0,-0.03399673895628491,-0.006850501757658556,0.0,-0.006850501757658556,-0.002089211616681852,0.001,-0.003089211616681852,-0.05332115734568965,0.0,-0.05332115734568965,-0.01420460991183653,0.001,-0.01520460991183653,-0.046443769534728674,0.0,-0.046443769534728674,-0.051438727178698795,-0.011985198824998228,0.007034129317694833,0.5072681633365025,0.513873225392609,0.25563510352489294,0.2473880298066009,0.23709673313860458,0.23873874480079008,0.491061416197355,0.5057698518230352,0.25980631611099525,0.24947363609965206,0.24913226769164967,0.24475651207731264,0.5048930341296801,0.5126856607891979,0.25371341379584506,0.24642718494207697,0.24139355207447488,0.24088715426872523,0.48812488403691295,0.5098016643228207,0.26371591980607084,0.2472506941151703,0.24815919615701612,0.24294764156200893,0.49644479033454963,0.5125472334010408,0.2514282949941775,0.24319577792724553,0.25212691467127296,0.2442569886717137,0.5291907279662122,0.5233533928194893,0.24355182977026496,0.24059654440335437,0.22725744226352268,0.23605006277715612
2025-03-14,0.037875164503791296,0.043916552450679096,0.0378774891033352,0.05105505121532635,0.0006666666666666666,0.05038838454865968,0.07616935550056003,0.0,0.07616935550056003,0.04602561296532403,0.0006666666666666666,0.04535894629865736,0.02552090898001739,0.0013333333333333333,0.024187575646684056,0.03189310150600133,0.0,0.03189310150600133,0.016481326939596103,0.0,0.016481326939596103,0.05366042663661126,0.0,0.05366042663661126,0.02457247775668588,0.0,0.02457247775668588,0.0068172624297433045,0.0,0.0068172624297433045,0.033729306031316186,0.001,0.032729306031316185,0.03363017917822608,0.0,0.03363017917822608,0.03403259928092972,0.001,0.03303259928092972,0.016489726096667656,0.001,0.015489726096667655,0.009647821633097298,0.0,0.009647821633097298,0.002779478831193727,0.0,0.002779478831193727,0.065770855665369,0.0,0.065770855665369,0.012142084439155876,0.0,0.012142084439155876,0.046489174208565576,0.0,0.046489174208565576,0.05741954603851251,0.05957584400776006,-0.000488800257705146,0.5073776131966318,0.5126813879899825,0.255726059344375,0.2478145311073613,0.23689632745899325,0.23950408090265618,0.490969835867118,0.5044774993252257,0.25956623829561665,0.24973462058298213,0.2494639258372653,0.2457878800917922,0.5027750765227761,0.5103801196530546,0.25447503895856727,0.24718902091445744,0.2427498845186566,0.24243085943248785,0.49139326079490825,0.509209835127153,0.26180338454518554,0.24713012882304414,0.2468033546599062,0.24366003604980285,0.49492083734095216,0.5103739353873475,0.2520894777590592,0.24392453958362242,0.2529896848999887,0.2457015250290301,0.5281576832474367,0.5213420945364874,0.24485905895818239,0.24153850137933308,0.22698325779438086,0.2371194040841795
2025-03-17,0.010998381609514872,0.007953863688851058,0.011067463698859279,0.02015061263770875,0.0006666666666666666,0.019483945971042083,0.03332484925230639,0.0,0.03332484925230639,0.021925238763095413,0.0006666666666666666,0.021258572096428747,0.01606395432404691,0.0,0.01606395432404691,0.02017098061682243,0.0,0.02017098061682243,0.014873412543365383,0.0006666666666666666,0.014206745876698717,0.0028611156398851527,0.0,0.0028611156398851527,0.011013146210130609,0.0,0.011013146210130609,0.011824878710969378,0.0,0.011824878710969378,0.0032802333409810425,0.001,0.0022802333409810424,0.0013236440948164452,0.001,0.00032364409481644516,0.008084417414976675,0.001,0.0070844174149766745,0.00021586572850956776,0.001,-0.0007841342714904323,0.024969514836071016,0.0,0.024969514836071016,0.017936956437621165,0.0,0.017936956437621165,0.006592587608926892,0.0,0.006592587608926892,0.012524514561052746,0.0,0.012524514561052746,0.0004960836111954636,0.0,0.0004960836111954636,-0.0017070171914661887,0.03150301699004276,0.005260074944298587,0.5074947286308235,0.5134029674349563,0.2557850873103224,0.24815112126725,0.23672018405885412,0.2384459112977937,0.49096150140485906,0.5051363538219741,0.2599821847200919,0.2502496699721347,0.24905631387504895,0.24461397620589112,0.5045645727416569,0.511937889490373,0.2540207335366829,0.24726894438043026,0.24141469372166005,0.24079316612919666,0.4913611978423387,0.5100877034681615,0.2618358324156607,0.24755231869736705,0.24680296974200067,0.24235997783447155,0.4954080420403934,0.5114231620535196,0.25202825901181425,0.2443158194740977,0.25256369894779235,0.2442610184723828,0.529272457324472,0.5225984190972655,0.24343283504159652,0.24147932956392584,0.2272947076339314,0.23592225133880868
2025-03-18,-0.03004586857702151,-0.03770245657892749,-0.030035986768705343,-0.0346066675144104,0.0,-0.0346066675144104,-0.059241607284265266,0.0,-0.059241607284265266,-0.02173522311332558,0.0006666666666666666,-0.022401889779992246,-0.009871155436587564,0.0,-0.009871155436587564,-0.014241732616785444,0.0,-0.014241732616785444,-0.004445810733248345,0.0006666666666666666,-0.005112477399915012,-0.05341363432524863,0.0,-0.05341363432524863,0.001967158170998203,0.0,0.001967158170998203,-0.005188903317893012,0.0006666666666666666,-0.005855569984559679,-0.012674058963301815,0.001,-0.013674058963301816,-0.018650606970799566,0.0,-0.018650606970799566,-0.020757817352686947,0.001,-0.021757817352686948,-0.025169433473480662,0.0,-0.025169433473480662,-0.016695402715371066,0.0,-0.016695402715371066,-0.012042685634843453,0.0,-0.012042685634843453,-0.07275986898473175,0.0,-0.07275986898473175,-0.016743455898875048,0.0,-0.016743455898875048,-0.05300881428968057,0.0,-0.05300881428968057,-0.0447847665858266,-0.04877127371249845,-0.011265120508303268,0.5070724492836897,0.5126645262981344,0.25631617636591586,0.2490123664248699,0.23661137435039456,0.23832310727699574,0.49089905485253166,0.5045778290825554,0.260173413433723,0.2509409849587735,0.24892753171374532,0.24448118595867113,0.504115858262331,0.5111862307874551,0.2542296804627308,0.24796911847327738,0.2416544612749382,0.24084465073926756,0.49129165162502025,0.5093581692556848,0.2616912259664752,0.24830283741309886,0.2470171224085046,0.24233899333121645,0.49424083345813896,0.5103313992606139,0.2527979749183069,0.24536806456720334,0.252961191623554,0.24430053617218273,0.5292657764446103,0.5218896304461494,0.24373319278942382,0.24237668646467192,0.227001030765966,0.2357336830891787
2025-03-19,0.026842857966836005,0.030122640050050685,0.026793417177648857,0.023842885814563026,0.0006666666666666666,0.02317621914789636,0.040330454193309384,0.0,0.040330454193309384,0.014009227486140677,0.0,0.014009227486140677,0.030824320014879815,0.0006666666666666666,0.03015765334821315,0.019600122283288147,0.0006666666666666666,0.01893345561662148,0.019600122283288147,0.0006666666666666666,0.01893345561662148,0.06818873931144294,0.0,0.06818873931144294,0.014310033793141587,0.0,0.014310033793141587,-0.00795285444754649,0.0,-0.00795285444754649,0.020256947585245877,0.001,0.019256947585245876,0.015433721220245888,0.0,0.015433721220245888,0.025053515767035628,0.0,0.025053515767035628,0.01806170962021114,0.0,0.01806170962021114,0.0057855158158026665,0.0,0.0057855158158026665,0.004026500010602119,0.0,0.004026500010602119,0.05565962726504947,0.0,0.05565962726504947,0.017611232168541546,0.0,0.017611232168541546,0.01497232161287132,0.001,0.013972321612871319,0.046247483075899654,0.03443023370748695,-0.00875172547667724,0.5071840380403771,0.5123339334751411,0.2555451706152605,0.2483456752584074,0.23727079134436238,0.2393203912664515,0.490894047700687,0.504188938305296,0.25993207898368437,0.25053912944261936,0.24917387331562865,0.24527193225208466,0.5015877250022454,0.5095357769560752,0.2557303613987066,0.24843827065013047,0.24268191359904806,0.24202595239379435,0.4916320192925786,0.5089527317361873,0.26159899258483865,0.24789560808703814,0.24676898812258272,0.24315166017677453,0.49367382665941156,0.5096265281672422,0.2529577077658952,0.24504398409678682,0.2533684655746932,0.24532948773597096,0.5283632475770935,0.5210740370700773,0.24502281447937568,0.24242546931223538,0.22661393794353074,0.23650049361768738
2025-03-20,-0.0002530103096163453,-0.00013508195346203676,-0.00026644289438532576,0.008692290681925932,0.0006666666666666666,0.008025624015259266,0.020621752033936014,0.0,0.020621752033936014,-0.0016891299341987485,0.0,-0.0016891299341987485,-0.00041566799248815567,0.0006666666666666666,-0.0010823346591548222,-0.008973904927300214,0.0,-0.008973904927300214,-0.008973904927300214,0.0,-0.008973904927300214,0.00042692004966589847,0.0,0.00042692004966589847,0.002691427680995469,0.0,0.002691427680995469,0.0026028511833741845,0.0,0.0026028511833741845,0.009167514892076567,0.0,0.009167514892076567,0.0013808609596926424,0.0,0.0013808609596926424,-0.004626717364984156,0.001,-0.0056267173649841564,-0.0010895816861775098,0.001,-0.00208958168617751,-0.004534804167225848,0.0,-0.004534804167225848,0.001580270794196148,0.001,0.000580270794196148,-0.01297346191219867,0.0,-0.01297346191219867,-0.021867448062735217,0.0,-0.021867448062735217,-0.016559142612243283,0.001,-0.017559142612243284,-0.003419724028692245,0.014603332844815001,-0.007870068588448076,0.5069478458536331,0.5130905995975495,0.25634796880245236,0.24885485511425132,0.23670418534391463,0.23805454528819925,0.49148313500736374,0.5053582441744149,0.2596313111619062,0.25049652629397823,0.2488855538307301,0.244145229531607,0.5040297849415504,0.5116315691415082,0.25505662180486044,0.24820918161545535,0.24091359325358921,0.24015924924303655,0.4915874706406334,0.5101102120501912,0.2613653594644093,0.24796293537870873,0.24704716989495717,0.24192685257110008,0.49436443525527934,0.5110266103730244,0.25265937817216333,0.24508996155226756,0.25297618657255727,0.2438834280747081,0.5301492948206356,0.522835614029592,0.24418455795723099,0.2422932708813399,0.2256661472221334,0.23487111508906822
2025-03-21,0.014434540821237685,0.033175972229750494,0.014380072293652487,0.03796874918944559,0.0006666666666666666,0.03730208252277892,0.024561047363522714,0.0,0.024561047363522714,0.004495454904351251,0.0,0.004495454904351251,-0.004221796763854628,0.0,-0.004221796763854628,-0.0068839601278396865,0.0,-0.0068839601278396865,-0.0068839601278396865,0.0,-0.0068839601278396865,0.018710713734328567,0.0,0.018710713734328567,0.0013410537359011725,0.0,0.0013410537359011725,-0.009895941843192757,0.0,-0.009895941843192757,-0.004210540748176006,0.0,-0.004210540748176006,-0.008150314386244084,0.0,-0.008150314386244084,-0.017983019454963944,0.0,-0.017983019454963944,-0.0029915406759601915,0.0,-0.0029915406759601915,-0.0008866596202514732,0.0,-0.0008866596202514732,-0.010706039923312982,0.0,-0.010706039923312982,0.03647675296172481,0.0,0.03647675296172481,-0.0015092166723342237,0.0,-0.0015092166723342237,0.03636320762286255,0.0,0.03636320762286255,0.057184261344171684,0.02440090432662097,-0.01005445088468352,0.5068482104713159,0.5128613524354728,0.2569764387106624,0.24954299083346204,0.2361753508180219,0.23759565673106528,0.4918973279872752,0.5053859111934524,0.2594198383989526,0.25076469067760715,0.24868283361377216,0.2438493981289404,0.503913164468573,0.5113938294341014,0.2551188998685192,0.24861422141239042,0.24096793566290772,0.2399919491535082,0.4921748158437906,0.5100636004762027,0.261250092014721,0.24842592414555326,0.24657509214148832,0.24151047537824394,0.4943584192977752,0.5107841896160177,0.2525265986623896,0.2455471713392839,0.2531149820398353,0.24366863904469843,0.5305062497782385,0.5227129736745705,0.24389301622348913,0.24269808913444674,0.22560073399827243,0.2345889371909827
2025-03-24,0.02917290377760879,0.03568395437033271,0.029161063247003207,0.03242073726045117,0.0006666666666666666,0.0317540705937845,0.05113755686220618,0.0,0.05113755686220618,0.03160533955385395,0.0006666666666666666,0.030938672887187286,0.017208743675782144,0.0006666666666666666,0.016542077009115478,0.021988326738220668,0.0,0.021988326738220668,0.02198832673822067,0.0,0.02198832673822067,0.0627901425209545,0.0,0.0627901425209545,0.025847132933553674,0.0,0.025847132933553674,0.009026797271410165,0.0,0.009026797271410165,0.014936015576604678,0.001,0.013936015576604677,0.033944778944090204,0.0,0.033944778944090204,0.029206652151251067,0.0,0.029206652151251067,0.02971743703328822,0.0,0.02971743703328822,0.0006651320667139249,0.001,-0.00033486793328607514,0.0006651320667139249,0.001,-0.00033486793328607514,0.023444835523187046,0.0,0.023444835523187046,0.014945824919240125,0.0,0.014945824919240125,0.014945824919240125,0.001,0.013945824919240124,0.057596165976492704,0.028512559393761735,-0.005171526549031894,0.5080208058588015,0.5145663337552877,0.25688271456258954,0.24936629242184905,0.235096479578609,0.2360673738228633,0.49203705548943094,0.5065744585706025,0.25934849831745777,0.25059918429928313,0.24861444619311127,0.24282635713011447,0.505111356613809,0.5131116091327914,0.25479442269032926,0.24832214648571888,0.24009422069586187,0.23856624438148977,0.492632064985856,0.511713528752021,0.26127654605424455,0.2482606732862434,0.24609138895989946,0.24002579796173565,0.49450582055208636,0.512331868088877,0.252713574741902,0.24543489275317038,0.2527806047060117,0.2422332391579527,0.5315391300616719,0.5245528602270402,0.2424262876041083,0.24204008799769844,0.22603458233421986,0.2334070517752614
2025-03-25,0.0014342774508828344,0.0029755165324747137,0.001420447862530852,0.0072876615960307065,0.0,0.0072876615960307065,0.011742377785191308,0.0,0.011742377785191308,0.006269718056665355,0.0,0.006269718056665355,0.0070867214730206225,0.0006666666666666666,0.0064200548063539555,0.006174958947883669,0.0,0.006174958947883669,0.006174958947883669,0.0,0.006174958947883669,7.50261007741817e-05,0.0006666666666666666,-0.0005916405658924849,0.008208133678336466,0.0,0.008208133678336466,0.00013452783172529514,0.0,0.00013452783172529514,-0.0033780163171771016,0.0,-0.0033780163171771016,-0.007115865980032221,0.0,-0.007115865980032221,-0.0038213786418112017,0.001,-0.004821378641811202,0.00308217924643045,0.0,0.00308217924643045,0.0028713321716877793,0.0,0.0028713321716877793,-0.006274006734368953,0.001,-0.007274006734368953,-0.02420399701521464,0.0,-0.02420399701521464,0.003082104905824834,0.0,0.003082104905824834,-0.008855801987630807,0.001,-0.009855801987630808,0.0021839735372045643,0.01693110770658886,-0.00960400502127216,0.5075407136645405,0.5153252541603706,0.25762519364071473,0.24965464065077325,0.2348340926947449,0.2350201051888561,0.4917512025342403,0.5074304985952205,0.2594944450552453,0.2505892663580386,0.24875435241051427,0.2419802350467408,0.5068071684993272,0.5149584815777639,0.2543564455651983,0.24802026661301504,0.23883638593547452,0.2370212518092209,0.4917024558046846,0.5127453728352005,0.261881586616458,0.24834926231618842,0.24641595757885756,0.2389053648486111,0.49608342552465035,0.5141910928427892,0.25192487685307036,0.2450635480942705,0.25199169762227935,0.2407453590629403,0.532008754016609,0.5260464512451355,0.2422077987942338,0.24185691233485446,0.2257834471891572,0.23209663642001
2025-03-26,-0.031231297353877068,-0.040915233159059705,-0.031096114043790795,-0.05394319925354876,0.0006666666666666666,-0.05460986592021543,-0.05394319925354876,0.0,-0.05394319925354876,-0.035564329403035555,0.0006666666666666666,-0.036230996069702225,-0.02994590321382632,0.0006666666666666666,-0.030612569880492987,-0.012528372653670794,0.0,-0.012528372653670794,-0.0018819998993552245,0.0006666666666666666,-0.002548666566021891,-0.0363363491767692,0.0,-0.0363363491767692,-0.007396359734481975,0.0,-0.007396359734481975,-0.0018817330050543424,0.0,-0.0018817330050543424,-0.044825634813352166,0.0,-0.044825634813352166,-0.027296633149375915,0.0,-0.027296633149375915,-0.016792170138946183,0.0,-0.016792170138946183,-0.000876231560396401,0.0,-0.000876231560396401,0.01613351333037083,0.0,0.01613351333037083,0.01613351333037083,0.001,0.015133513330370829,-0.07172390613951657,0.001,-0.07272390613951657,0.007520769707415664,0.0,0.007520769707415664,-0.01264927033206964,0.0,-0.01264927033206964,-0.06270649511271609,-0.03521645239663425,0.0017812545349359765,0.5074438304702613,0.5152328514581065,0.25781708883663335,0.25010503019028396,0.2347390806931053,0.2346621183516096,0.4917640665701043,0.5073929695080279,0.2594878771187065,0.2509404243313205,0.24874805631118915,0.2416666061606515,0.5065503993968202,0.5147861359213859,0.25469781311975287,0.2485453923318437,0.23875178748342693,0.23666847174677041,0.491840250625767,0.5127319372452908,0.26174943591145367,0.24878060478521585,0.2464103134627794,0.2384874579694935,0.49636068777169745,0.5142236815034478,0.2520545175983547,0.2455812817418932,0.2515847946299479,0.24019503675465909,0.5309080790432926,0.5256243206230742,0.24309566884226666,0.24262486165238412,0.22599625211444072,0.2317508177245417
2025-03-27,-0.02511527823515606,-0.027321820925671668,-0.02512568434630547,-0.07274205098003723,0.0,-0.07274205098003723,-0.07274205098003723,0.0,-0.07274205098003723,-0.009314866460263065,0.0,-0.009314866460263065,-0.01607476737688518,0.0006666666666666666,-0.016741434043551846,-0.013885200498018668,0.0,-0.013885200498018668,-0.013885200498018668,0.0006666666666666666,-0.014551867164685334,-0.040146241109521176,0.0,-0.040146241109521176,-0.007075110179651048,0.0,-0.007075110179651048,-0.0019290708149743985,0.0006666666666666666,-0.002595737481641065,-0.005970994702901911,0.0,-0.005970994702901911,-0.020349844270524386,0.0,-0.020349844270524386,-0.0052519123218087715,0.0,-0.0052519123218087715,0.008807948140810096,0.0,0.008807948140810096,0.00696494574178097,0.0,0.00696494574178097,0.008596386699950331,0.001,0.007596386699950331,-0.05642587161452173,0.0,-0.05642587161452173,-0.011484988530541973,0.0,-0.011484988530541973,-0.008968680962091025,0.0,-0.008968680962091025,-0.027478047632572073,-0.05820082132202352,0.0046825509578547475,0.5070991409152068,0.5141955522643459,0.2576419623451866,0.24999220450895762,0.23525889673960654,0.23581224322669647,0.490558454963715,0.5059252092886,0.2598366204939123,0.2510895335833205,0.24960492454237276,0.24298525712807958,0.5048911458406116,0.5130915547270483,0.25541105377656803,0.24887675022464834,0.2396978003828204,0.2380316950483034,0.4906527720290541,0.5111810303906228,0.26208044731679064,0.2488559868852691,0.24726678065415525,0.23996298272410813,0.4954939580302273,0.51277862177101,0.252514773191548,0.24569931442393905,0.2519912687782247,0.24152206380505103,0.5284066791286574,0.5236398197334918,0.2448906396669147,0.24318335036081004,0.22670268120442805,0.23317682990569816
2025-03-28,-0.019520574803243304,-0.014457190395136292,-0.01946010461639423,-0.020832889861219187,0.0006666666666666666,-0.021499556527885853,-0.013034524496265593,0.0,-0.013034524496265593,-0.024248459644596432,0.0,-0.024248459644596432,-0.011049676412394441,0.0006666666666666666,-0.011716343079061107,-0.022070366210084548,0.0,-0.022070366210084548,-0.022070366210084548,0.0,-0.022070366210084548,-0.043759805930260215,0.0006666666666666666,-0.044426472596926884,-0.023181663195870523,0.0,-0.023181663195870523,-0.013259553894696314,0.0,-0.013259553894696314,-0.027160716830469278,0.0,-0.027160716830469278,-0.020151141542524065,0.0,-0.020151141542524065,-0.03547421756133318,0.0,-0.03547421756133318,-0.02545646522341416,0.0,-0.02545646522341416,-0.000802560486175663,0.0,-0.000802560486175663,-0.0015314466483369316,0.0,-0.0015314466483369316,-0.02260383308168379,0.0,-0.02260383308168379,-0.00888545366118798,0.0,-0.00888545366118798,-0.011914591584902823,0.0,-0.011914591584902823,-0.03179596364713803,0.002417071901490986,0.006421760855213473,0.5060775552891106,0.5135653673728757,0.2571229251310118,0.24910570432292187,0.23679951957987744,0.23732892830420235,0.4904256986410035,0.5057394390488221,0.2599221596848981,0.25050532159986505,0.24965214167409835,0.24375523935131282,0.5030411505768049,0.5120471650167229,0.2562486556527353,0.2486685695837836,0.2407101937704599,0.2392842653994936,0.4910224292901214,0.5111430319016894,0.26148712949232744,0.24782003668740543,0.24749044121755104,0.2410369314109051,0.4955741505827118,0.5126450999282441,0.2524579132810502,0.24484039533768398,0.25196793613623814,0.24251450473407182,0.5263273776863644,0.5227936648724496,0.24590790401370974,0.2426788922794616,0.2277647182999259,0.2345274428480888
2025-03-31,-0.0034792667344947224,-0.005954472890268075,-0.003363849060177249,-0.017165508005088204,0.0006666666666666666,-0.01783217467175487,-0.02008104056783166,0.0006666666666666666,-0.020747707234498328,-0.02919381578502448,0.0,-0.02919381578502448,-1.8270376287395258e-05,0.0006666666666666666,-0.0006849370429540619,0.006971742719445561,0.0,0.006971742719445561,0.006971742719445561,0.0,0.006971742719445561,-0.016733656805207255,0.0,-0.016733656805207255,0.01270712931188093,0.0,0.01270712931188093,0.014429427068771409,0.0,0.014429427068771409,-0.009669173046466806,0.001,-0.010669173046466807,0.0036746478158188323,0.0,0.0036746478158188323,0.005221882235802888,0.001,0.004221882235802888,0.004071209660520991,0.0,0.004071209660520991,0.027583323988011776,0.0,0.027583323988011776,0.027583323988011776,0.001,0.026583323988011776,-0.002630569145037953,0.001,-0.003630569145037953,0.016532415449646565,0.0,0.016532415449646565,0.006110987866147499,0.0,0.006110987866147499,-0.01133787106539441,-0.014496613446626819,0.014395013092169506,0.5059152449943269,0.5125354394995261,0.2574977961827201,0.24972017991692388,0.23658695882295291,0.23774438058355005,0.4909690966374563,0.5050623653210907,0.2596449848343812,0.2507937742427544,0.24938591852816255,0.24414386043615488,0.5016733821086728,0.5104145080566991,0.256694584700019,0.24931857417557332,0.2416320331913082,0.24026691776772768,0.49104526547102634,0.5098792123886046,0.26188450381331363,0.24852340390464905,0.24707023071565998,0.2415973837067464,0.4942990659954011,0.5109529665616482,0.2531154262522722,0.24562960830950537,0.2525855077523267,0.24341742512884643,0.5256853610002535,0.5213104439132495,0.24631652655707278,0.24338597141008955,0.22799811244267368,0.23530358467666093
2025-04-01,0.011367657223919128,0.01244995820206733,0.011279282596641392,0.02570978460934429,0.0006666666666666666,0.025043117942677624,0.03877468802108486,0.0,0.03877468802108486,0.003803050937144133,0.0,0.003803050937144133,0.013629331488050456,0.0006666666666666666,0.01296266482138379,0.008882026098616139,0.0,0.008882026098616139,0.008882026098616139,0.0,0.008882026098616139,0.014817690988981962,0.0,0.014817690988981962,-0.004819694745453962,0.0,-0.004819694745453962,-0.009854400582532508,0.0,-0.009854400582532508,0.017098642679119203,0.0,0.017098642679119203,0.0034078269603006195,0.0,0.0034078269603006195,0.00013365911469870317,0.001,-0.0008663408853012968,0.019755167583944244,0.0,0.019755167583944244,-0.01226258072792391,0.0,-0.01226258072792391,-0.01226258072792391,0.0,-0.01226258072792391,0.017517068348657183,0.0,0.017517068348657183,-0.001891990163535362,0.001,-0.002891990163535362,-0.001891990163535362,0.0,-0.001891990163535362,0.010624182268937169,0.025692007775990934,0.0030666785186777017,0.506280485015072,0.5124240158027114,0.25752597231849095,0.2495171074170388,0.23619354266643722,0.23805887678024995,0.4905672580076001,0.5045674022989753,0.25984995349987017,0.2506790980077284,0.24958278849252974,0.24475349969329624,0.5000838992231073,0.509325722906729,0.25746818652899006,0.24948821452228837,0.2424479142479028,0.24118606257098274,0.490278535362386,0.5092321728851223,0.2622643957536649,0.2483577730841525,0.24745706888394908,0.2424100540307252,0.49309109380398647,0.5101603171708505,0.2537466579437565,0.24554691960688274,0.2531622482522572,0.2442927632222669,0.5248916877564245,0.520654513175155,0.24698823414484564,0.24331663975324214,0.22812007809872997,0.2360288470716029
2025-04-02,0.012090664477898146,0.00987038418505324,0.011943310047795084,0.02592557719361421,0.0006666666666666666,0.025258910526947544,0.020720765214681098,0.0,0.020720765214681098,0.020358881089196958,0.0,0.020358881089196958,0.020132996636584112,0.0006666666666666666,0.019466329969917446,-0.005619533088636682,0.0,-0.005619533088636682,-0.005619533088636682,0.0,-0.005619533088636682,0.04370304583440594,0.0,0.04370304583440594,0.01183953320209278,0.0,0.01183953320209278,0.006127142475198151,0.0,0.006127142475198151,0.006414153578784498,0.001,0.005414153578784498,0.0017874069236566426,0.0,0.0017874069236566426,0.006097678227457215,0.0,0.006097678227457215,0.022122649847655995,0.001,0.021122649847655994,-0.0202755971170665,0.0,-0.0202755971170665,-0.0202755971170665,0.0,-0.0202755971170665,0.011453475625368359,0.0,0.011453475625368359,0.011141174588040759,0.0,0.011141174588040759,-0.0005572073561449509,0.001,-0.001557207356144951,0.01804108679549047,0.004998723988284678,-0.0028904853073876313,0.5064362109283931,0.5124021122863371,0.25834909430351277,0.2502647583132209,0.23521469476809434,0.23733312940044193,0.4907814170114344,0.5045747153278579,0.2597407159055799,0.2509605691142545,0.2494778670829856,0.24446471555788757,0.501243014685685,0.5098055141649831,0.2570029270035939,0.2495916746632615,0.24175405831072105,0.24060281117175528,0.49110592862465635,0.5093715255878051,0.26195277612064916,0.24870529907617672,0.24694129525469466,0.2419231753360182,0.49477177638879266,0.51058125534997,0.25290534783113844,0.2457196477406382,0.25232287578006896,0.24369909690939173,0.5259352511427885,0.5208652020187887,0.24642088148794872,0.24357977384738558,0.22764386736926276,0.23555502413382567
2025-04-03,-0.05638956234678644,-0.05547599033915586,-0.05637939254454716,-0.04996675702041142,0.0,-0.04996675702041142,-0.05507339112518257,0.0,-0.05507339112518257,-0.04416082788936944,0.0,-0.04416082788936944,-0.051925342659574936,0.0,-0.051925342659574936,-0.04565905205804084,0.0,-0.04565905205804084,-0.04565905205804084,0.0,-0.04565905205804084,-0.12914106649280793,0.0,-0.12914106649280793,-0.06061292758684503,0.0,-0.06061292758684503,-0.03974916599782925,0.0,-0.03974916599782925,-0.028796166176623728,0.001,-0.02979616617662373,-0.07828862782563573,0.0,-0.07828862782563573,-0.09520529711926146,0.0,-0.09520529711926146,-0.03458179810012646,0.0,-0.03458179810012646,0.025629901256678522,0.0,0.025629901256678522,0.025629901256678522,0.0,0.025629901256678522,-0.1307815429636246,0.0,-0.1307815429636246,-0.046141795148938514,0.001,-0.047141795148938515,-0.046141795148938514,0.0,-0.046141795148938514,-0.07215915303693506,-0.02615357425803592,-0.04890670681143254,0.5066834750024086,0.5129703921744212,0.258229019237745,0.2500806913552859,0.2350875057598466,0.23694891647029304,0.4920980380279195,0.5056776736871766,0.2590691377330177,0.2505007506029222,0.2488328242390627,0.2438215757099011,0.503061134200959,0.5111592217736964,0.2562149640492816,0.2490736637610542,0.24072390174975944,0.23976711446524945,0.49118647492437634,0.5099939339871549,0.26179627461582733,0.24848745415001694,0.2470172504597964,0.24151861186282825,0.49694503181152727,0.5118942577599146,0.251817467358658,0.24519444775515106,0.2512375008298147,0.24291129448493431,0.5262706381996892,0.521571707868008,0.24656185236605066,0.24346009480759062,0.22716750943426003,0.23496819732440127
2025-04-04,-0.07426204205466047,-0.0761688425663679,-0.07441423662731686,-0.07957829221131792,0.0006666666666666666,-0.08024495887798458,-0.10125564406575505,0.0006666666666666666,-0.10192231073242171,-0.09104561724526705,0.0,-0.09104561724526705,-0.07499691512305462,0.0006666666666666666,-0.07566358178972128,-0.10030351442309984,0.0,-0.10030351442309984,-0.10030351442309984,0.0,-0.10030351442309984,-0.08052283059684202,0.0,-0.08052283059684202,-0.07693952018625823,0.0,-0.07693952018625823,-0.07715658545427957,0.0006666666666666666,-0.07782325212094623,-0.05813417778904212,0.001,-0.05913417778904212,-0.07579514658229874,0.0,-0.07579514658229874,-0.07856254954247893,0.0,-0.07856254954247893,-0.024996958968341254,0.0,-0.024996958968341254,-0.05104374416098234,0.0,-0.05104374416098234,-0.05104374416098234,0.0,-0.05104374416098234,-0.06956053264249484,0.001,-0.07056053264249484,-0.0622372949288475,0.001,-0.0632372949288475,-0.05704292827515178,0.0,-0.05704292827515178,-0.08228600908778261,-0.0732142711300168,-0.06587856664279815,0.5065391106451108,0.5125690525204453,0.2581536423902976,0.2504961595898444,0.23530724696459163,0.2369347878897104,0.4918701968391411,0.5052345956174604,0.2591853542959302,0.2510120155426607,0.24894444886492867,0.24375338883987893,0.5028003022613253,0.5106996483285525,0.2560821192686124,0.2494603980290018,0.2411175784700622,0.2398399536424457,0.4922468846888359,0.5099027981924883,0.2612506693749672,0.24891463434263128,0.2465024459361969,0.24118256746488054,0.4937841998151038,0.5104101121841567,0.25339970540105694,0.2463238162312409,0.2528160947838393,0.24326607158460256,0.5260958862701212,0.5210729687143124,0.24662796710520013,0.24408914259360814,0.22727614662467868,0.23483788869207953
2025-04-07,0.01764702104744943,0.033370738537698556,0.017781032288376835,-0.0005913724177548652,0.0006666666666666666,-0.0012580390844215317,0.024921607158378396,0.0,0.024921607158378396,0.01815275827176377,0.0,0.01815275827176377,0.003790059358895906,0.0006666666666666666,0.0031233926922292396,0.005717038564569066,0.0,0.005717038564569066,0.005717038564569066,0.0,0.005717038564569066,0.020281532222486628,0.0,0.020281532222486628,0.0019797391432215443,0.0,0.0019797391432215443,-0.006666405379331904,0.0,-0.006666405379331904,0.01060163980557216,0.001,0.00960163980557216,0.032981403803841514,0.001,0.03198140380384151,0.05255968586828774,0.001,0.05155968586828774,-0.017184439169492194,0.001,-0.018184439169492195,-0.0016311771887497772,0.0,-0.0016311771887497772,-0.0016311771887497772,0.0,-0.0016311771887497772,0.0768436085233214,0.001,0.07584360852332139,-0.004928381207598698,0.001,-0.005928381207598698,-0.004928381207598698,0.0,-0.004928381207598698,0.06781230025101537,0.005219704830830636,-0.01284443528748084,0.5065391106451108,0.5125690525204453,0.2581536423902976,0.2504961595898444,0.2353072469645916,0.2369347878897104,0.4918701968391412,0.5052345956174604,0.2591853542959302,0.2510120155426607,0.2489444488649287,0.24375338883987893,0.5028003022613253,0.5106996483285525,0.2560821192686124,0.2494603980290018,0.24111757847006224,0.2398399536424457,0.4922468846888359,0.5099027981924883,0.2612506693749672,0.24891463434263128,0.2465024459361969,0.24118256746488054,0.4950966964251642,0.5108432360654767,0.2527427005145881,0.24610700461870616,0.2521606030602477,0.2430497593158173,0.5260958862701212,0.5210729687143124,0.24662796710520013,0.24408914259360814,0.22727614662467868,0.2348378886920795
2025-04-08,-0.017924588081104576,-0.022294005139627305,-0.017807057631561204,-0.013999910142626358,0.0,-0.013999910142626358,-0.010937692199265103,0.0,-0.010937692199265103,-0.005431837659678547,0.0,-0.005431837659678547,-0.00438034746837342,0.0,-0.00438034746837342,0.00863657990419849,0.0,0.00863657990419849,0.00863657990419849,0.0,0.00863657990419849,-0.034420862315288105,0.0,-0.034420862315288105,-0.0031649894613486147,0.0006666666666666666,-0.0038316561280152812,0.005863529787267748,0.0,0.005863529787267748,-0.04365294397823949,0.0,-0.04365294397823949,-0.030167383987933782,0.0,-0.030167383987933782,-0.023729344216891546,0.001,-0.024729344216891547,-0.01888012522231175,0.0,-0.01888012522231175,-0.007510742277900162,0.0,-0.007510742277900162,-0.007510742277900162,0.0,-0.007510742277900162,-0.03561215949781016,0.0,-0.03561215949781016,-0.021730275101458196,0.0,-0.021730275101458196,-0.021730275101458196,0.0,-0.021730275101458196,-0.032720801230253706,-0.017753747701433117,-0.003965794251226784,0.5053342425750665,0.5133746004094251,0.25895937216791176,0.2504156950854072,0.2357063852570216,0.23620970450516765,0.49173406703596145,0.5065745126398726,0.2592547909852326,0.25056340449406755,0.24901114197880603,0.24286208286605987,0.5039811189087727,0.5126980385762783,0.2556988850495201,0.24878545152621132,0.24031999604170717,0.23851650989751044,0.49061273199352645,0.5112502235811989,0.2616099909358422,0.24838554907077262,0.2477772770706314,0.24036422734802856,0.4942277494329958,0.5124431793362236,0.25317767491037774,0.24560288478236936,0.2525945756566264,0.2419539358814069,0.5289981024700919,0.5239173958384654,0.24509291669890929,0.24293491457258476,0.22590898083099878,0.2331476895889498
2025-04-09,0.11690856188550167,0.10304732494231615,0.11654519558868369,0.1591795474137764,0.0006666666666666666,0.15851288074710973,0.13557275075533837,0.0,0.13557275075533837,0.10995669742697434,0.0006666666666666666,0.10929003076030767,0.10372363432872289,0.0,0.10372363432872289,0.08653743222499113,0.0,0.08653743222499113,0.08653743222499113,0.0,0.08653743222499113,0.1944844135624264,0.0,0.1944844135624264,0.06435920831860271,0.0,0.06435920831860271,0.037404094244176456,0.0,0.037404094244176456,0.18738098090690525,0.0,0.18738098090690525,0.17405341560890408,0.001,0.17305341560890408,0.16249719653178307,0.0,0.16249719653178307,0.0975891137980992,0.0,0.0975891137980992,0.015810310916976933,0.0,0.015810310916976933,0.019791826538570145,0.001,0.018791826538570144,0.158740343945326,0.0,0.158740343945326,0.07874062905358281,0.0,0.07874062905358281,0.07874062905358281,0.0,0.07874062905358281,0.17694805106013783,0.019505705113528782,0.026359511706862238,0.505035731806953,0.5126543071360601,0.2589728828891854,0.2505374353337428,0.2359913853038615,0.23680825753019702,0.4910508809830644,0.5056618817241159,0.2596032685161088,0.2508526281472045,0.24934585050082672,0.24348549012867965,0.502128519451659,0.5112007009584132,0.25640072485349946,0.24925135631589979,0.2414707556948414,0.23954794272568697,0.48976615349781294,0.5102056619059403,0.2618992097571402,0.24863507103131738,0.24833463674504683,0.24115926706274227,0.49363094488803916,0.511481043064715,0.25347642120754743,0.24585555080995175,0.2528926339044134,0.24266340612533321,0.5282716940054563,0.5229124902734625,0.24547091426164955,0.24321373351780545,0.2262573917328942,0.2338737762087319
2025-04-10,-0.04208693574771866,-0.04573663079467199,-0.0419595870301776,-0.040658459445777284,0.0006666666666666666,-0.041325126112443954,-0.028707012520547748,0.0,-0.028707012520547748,-0.016644718910413043,0.0,-0.016644718910413043,-0.029567774555732153,0.0,-0.029567774555732153,-0.026675207313047067,0.0,-0.026675207313047067,-0.026675207313047067,0.0,-0.026675207313047067,-0.0663086162707246,0.0,-0.0663086162707246,-0.019711203851951388,0.0,-0.019711203851951388,0.0015350359424105564,0.0,0.0015350359424105564,-0.06788221238377129,0.0,-0.06788221238377129,-0.06761663233622517,0.0,-0.06761663233622517,-0.06600027170089784,0.001,-0.06700027170089784,-0.039499046623510226,0.0,-0.039499046623510226,-0.0018976799944221967,0.0,-0.0018976799944221967,0.003714772373370645,0.0,0.003714772373370645,-0.10154859837887309,0.001,-0.10254859837887309,-0.02548534231426619,0.0,-0.02548534231426619,-0.02548534231426619,0.0,-0.02548534231426619,-0.0814223772510833,0.0004941448115597383,-0.014248954732499612,0.505035731806953,0.5133643800543682,0.2589728828891854,0.25009303920631376,0.2359913853038615,0.23654258073931797,0.4910508809830644,0.5063719546424239,0.2596032685161088,0.25040823201977547,0.24934585050082672,0.24321981333780057,0.5024490216296503,0.5120710249657169,0.256564382139574,0.24888878883150806,0.24098659623077556,0.239040186202775,0.48976615349781294,0.5111571596164732,0.2618992097571402,0.2480395802205625,0.24833463674504683,0.24080326016296433,0.4953475065286131,0.5129990061166372,0.2525381579259557,0.24495043311627157,0.2521143355454312,0.2420505607670912,0.5282716940054563,0.5238639879839955,0.24547091426164955,0.24261824270705057,0.2262573917328942,0.23351776930895396
2025-04-11,0.0009364297137605057,-0.008401614601236078,0.000903589753565575,-0.010915812536223573,0.0006666666666666666,-0.011582479202890239,0.0009789435417351111,0.0,0.0009789435417351111,-0.0051690739276581965,0.0006666666666666666,-0.0058357405943248635,0.013106783586794327,0.0,0.013106783586794327,0.010885809444689901,0.0,0.010885809444689901,0.010885809444689901,0.0,0.010885809444689901,0.015530024679678494,0.0,0.015530024679678494,0.01624760341655166,0.0,0.01624760341655166,0.01609155266855914,0.0,0.01609155266855914,0.012096628610339832,0.0,0.012096628610339832,-0.013117890895278872,0.0,-0.013117890895278872,0.018150358001641997,0.0,0.018150358001641997,0.010773865171942676,0.0,0.010773865171942676,0.011390968296854487,0.0,0.011390968296854487,0.013730798249719456,0.0,0.013730798249719456,-0.037242126494480554,0.001,-0.038242126494480555,0.01945483223936928,0.0,0.01945483223936928,0.005048406956233764,0.001,0.004048406956233764,-0.02850882536852872,0.013748446964151118,0.012905893436165735,0.504071227412387,0.5117502626606019,0.2591641281180092,0.25094543601039476,0.23676464446960385,0.23730430132900351,0.4908990706805526,0.5051641842946846,0.25968070346835437,0.2512037236855673,0.24942022585109302,0.24363209201974811,0.5003180054903558,0.5098736516995862,0.25710639941887914,0.2499165716608297,0.24257559509076515,0.24020977663958415,0.48976615349781294,0.5096404602531854,0.2618992097571402,0.24905365763471904,0.24833463674504683,0.24130588211209558,0.4932264683545779,0.5107823641559179,0.2534502449964326,0.24626549926368554,0.25332328664898945,0.24295213658039666,0.5269886053643072,0.5219238693691286,0.2461385887213315,0.24385265269290218,0.22687280591436126,0.23422347793796933
2025-04-14,0.010253270675859544,0.01483423571025751,0.010317035912681915,-0.0036965797701215735,0.0006666666666666666,-0.0043632464367882404,0.01666177141200938,0.0,0.01666177141200938,0.015621918399623826,0.0,0.015621918399623826,0.008553112341488514,0.0,0.008553112341488514,0.010378952661085128,0.0,0.010378952661085128,0.010378952661085126,0.0,0.010378952661085126,0.00786226328632115,0.0,0.00786226328632115,0.010951339189037382,0.0,0.010951339189037382,0.008050970049996515,0.0,0.008050970049996515,0.013446060573094332,0.0,0.013446060573094332,0.010458207042172651,0.0,0.010458207042172651,0.017253310997182192,0.001,0.01625331099718219,-0.00391746342333904,0.0,-0.00391746342333904,0.016258099988223362,0.0,0.016258099988223362,0.019161397658031265,0.0,0.019161397658031265,0.01017747165066013,0.0,0.01017747165066013,0.004939121595208151,0.001,0.003939121595208151,0.007148971052878095,0.0,0.007148971052878095,0.01641010270518961,0.014317395915900127,0.011950032538051308,0.5035825233054553,0.5104090811211531,0.2595967524160113,0.2517264112120388,0.23682072427853337,0.23786450766680806,0.49101563368482537,0.5041256363108382,0.2596212473542428,0.2517386586811545,0.24936311896093188,0.2441357050080073,0.500284309795746,0.5087599743662985,0.25712782774216153,0.25049194887511395,0.24258786246209244,0.2407480767585876,0.49028939020559903,0.5083433768555379,0.2607944253588486,0.24944572727382447,0.24891618443555238,0.2422108958706377,0.49313267520243387,0.5092816609044933,0.2534348891966904,0.24701708034031222,0.2534324356008758,0.24370125875519444,0.524354104432289,0.5195847325503455,0.2478935471671697,0.2451884374705704,0.22775234840054132,0.23522682997908406
2025-04-15,0.012293985560211116,0.02056856430362034,0.012353436961129127,0.03650545572322435,0.0,0.03650545572322435,0.048168743993287855,0.0006666666666666666,0.047502077326621185,0.048168743993287855,0.0006666666666666666,0.047502077326621185,-0.011748701741306192,0.0006666666666666666,-0.012415368407972858,-0.0037200903757857264,0.0,-0.0037200903757857264,-0.0037200903757857264,0.0,-0.0037200903757857264,0.008411172968316024,0.0,0.008411172968316024,0.0021760377530954944,0.0,0.0021760377530954944,-0.003341804912222875,0.0,-0.003341804912222875,-0.004595165308436233,0.0,-0.004595165308436233,0.011386212076547553,0.001,0.010386212076547552,-0.007050930736553884,0.0,-0.007050930736553884,-0.0038404706161609403,0.001,-0.00484047061616094,0.011345238143176783,0.0,0.011345238143176783,0.003860227028327612,0.0,0.003860227028327612,0.008586033523332648,0.0,0.008586033523332648,0.00021381445416757128,0.0,0.00021381445416757128,0.005472856134060011,0.001,0.004472856134060011,0.02585919332670102,0.019649791005492617,0.010041904628393569,0.5025047925088911,0.5099557957817162,0.2601874434783286,0.25200851486670756,0.23730776401278034,0.23803568935157637,0.4909198083490627,0.504163303701802,0.25967012565944286,0.2517498559572647,0.24941006599149435,0.24408684034093336,0.5001960411871199,0.5088014201208306,0.2572492859311365,0.25053943609311147,0.24255467288174362,0.24065914378605802,0.49029762669724763,0.5084607721766343,0.26063521982153975,0.24937544533201608,0.2490671534812126,0.24216378249134968,0.49199748685964445,0.5090217260302253,0.25392505478601335,0.24716109087029237,0.2540774583543422,0.24381718309948242,0.5246003215211189,0.5197806614685119,0.24768525513666778,0.24510195698600834,0.2277144233422131,0.23511738154547984
2025-04-16,-0.02399036537496475,-0.017819449492819196,-0.024025172802147235,-0.042953539162595145,0.0,-0.042953539162595145,-0.04596794729360624,0.0,-0.04596794729360624,-0.04596794729360624,0.0,-0.04596794729360624,-0.011425901652670063,0.0,-0.011425901652670063,-0.016029268215703458,0.0,-0.016029268215703458,-0.016029268215703458,0.0,-0.016029268215703458,-0.021562853122221465,0.0,-0.021562853122221465,-0.012125463781646213,0.0,-0.012125463781646213,-0.00943899775796227,0.0006666666666666666,-0.010105664424628936,-0.028651652281014628,0.001,-0.02965165228101463,-0.05951319546557665,0.0,-0.05951319546557665,-0.04997543492741552,0.001,-0.05097543492741552,-0.01884238016763634,0.001,-0.019842380167636342,-0.0009550941853157524,0.0,-0.0009550941853157524,-3.437444349513319e-05,0.0,-3.437444349513319e-05,-0.02830046210365139,0.0,-0.02830046210365139,-0.01857115820529842,0.0,-0.01857115820529842,-0.010538664231746098,0.001,-0.011538664231746099,-0.029945074270922224,-0.011983403484356706,0.002572602974727316,0.5019274812803886,0.5099544927838293,0.26048937429167834,0.2521358494605722,0.23758314442793302,0.23790965775559833,0.49046346449975725,0.5042224843935137,0.2599028961868303,0.2518426104081482,0.2496336393134125,0.24393490519833808,0.5006639283490265,0.5093227163181484,0.25715298775635625,0.25046765619291117,0.24218308389461715,0.2402096274889404,0.4899581545872181,0.508733798886253,0.26127546554580316,0.2495550611318573,0.2487663798669788,0.24171113998188964,0.49134438180272794,0.5091912538673712,0.25445139221506946,0.24730311693271517,0.2542042259822025,0.24350562919991345,0.5249319191991166,0.5202751412081795,0.24740645173282455,0.24497828657357434,0.2276616290680587,0.23474657221824602
2025-04-17,0.0018384336016676265,-0.001833085144200687,0.0018346378657205433,0.01350607569869644,0.0,0.01350607569869644,0.022664083074635112,0.0,0.022664083074635112,0.010673767892645698,0.0006666666666666666,0.010007101225979032,-0.0041533082644923764,0.0,-0.0041533082644923764,-0.0027730167260107868,0.0,-0.0027730167260107868,-0.0027730167260107868,0.0,-0.0027730167260107868,0.026423138529956182,0.0,0.026423138529956182,0.006696596058641627,0.0,0.006696596058641627,-0.01200443512176578,0.0006666666666666666,-0.012671101788432447,-0.022155733366462094,0.001,-0.023155733366462095,-0.020397274070297233,0.0,-0.020397274070297233,-0.016634411212197775,0.002,-0.018634411212197777,0.014043228175409483,0.0,0.014043228175409483,0.01627597314670559,0.0,0.01627597314670559,0.017713354375406998,0.0,0.017713354375406998,-0.007969067764426241,0.0,-0.007969067764426241,0.0029069971604162026,0.0,0.0029069971604162026,0.007868024986403044,0.002,0.005868024986403044,-0.010512906750247186,0.009700862810289848,0.005144020735078876,0.5020857351570823,0.5093739236041765,0.26040660832533846,0.2522434500756804,0.23750765651757924,0.23838262632014312,0.49070505553507987,0.5036835837931752,0.25977966614266573,0.251929978984344,0.24951527832225434,0.24438643722248066,0.500117029957705,0.5083895710044879,0.25738167483652474,0.2507309833312735,0.2425012952057702,0.24087944566423858,0.49102605614248906,0.5082022136013727,0.26072841930142154,0.24957417389290404,0.2482455245560894,0.24222361250572316,0.49032898247326345,0.5079721792905283,0.254934702217451,0.24766224725519376,0.2547363153092856,0.2443655734542779,0.5242457957085032,0.5191647276581574,0.2475884186379426,0.245237973673956,0.22816578565355433,0.2355972986678866
2025-04-21,-0.026055620194254222,-0.024553802739464788,-0.026049558580006505,-0.03297280122238218,0.0,-0.03297280122238218,-0.03366735348982911,0.0,-0.03366735348982911,-0.03473550873398301,0.0006666666666666666,-0.03540217540064968,-0.023367044006133687,0.0006666666666666666,-0.024033710672800353,-0.024018434797633804,0.0,-0.024018434797633804,-0.021220888170394914,0.0006666666666666666,-0.02188755483706158,-0.020341593795801877,0.0,-0.020341593795801877,-0.017729800996014435,0.0,-0.017729800996014435,-0.022506826719339307,0.0,-0.022506826719339307,-0.024940954370795243,0.0,-0.024940954370795243,-0.03330568880940926,0.0,-0.03330568880940926,-0.03364949953458218,0.002,-0.035649499534582185,-0.024840527611422525,0.001,-0.025840527611422526,-0.007711872449181589,0.0,-0.007711872449181589,-0.0047308522414739596,0.0,-0.0047308522414739596,-0.050293651850650434,0.0,-0.050293651850650434,-0.015297468747908383,0.001,-0.016297468747908384,-0.02004959119755023,0.001,-0.021049591197550233,-0.03511388994898042,-0.02451999533150935,-0.0018593185732801798,0.5019216879813163,0.5088209805207641,0.2608226525885011,0.25274720343866847,0.23725565943018265,0.23843181604056746,0.49063261546783615,0.503176444264024,0.25981661615893525,0.25224418522388553,0.24955076837322868,0.24457937051209047,0.5016454191284027,0.5086828460943073,0.2571009805495786,0.2508863674192072,0.2412536003220188,0.24043078648648553,0.4908361550217272,0.507508514107512,0.26077860344690906,0.24998701451099997,0.2483852415313637,0.24250447138148806,0.4901741028424003,0.5072900368883341,0.25497369943564624,0.24807139618728324,0.2548521977219533,0.2446385669243826,0.5236017144785301,0.5183211487282569,0.24784967103322364,0.24572046681448378,0.2285486144882463,0.2359583844572593
2025-04-22,0.028702508707837315,0.029644743860122984,0.028632782676844264,0.03508028927132474,0.0,0.03508028927132474,0.04300519974181667,0.0006666666666666666,0.04233853307515,0.03728371523530316,0.0006666666666666666,0.03661704856863649,0.024234766535226344,0.0006666666666666666,0.023568099868559678,0.01461796203556738,0.0,0.01461796203556738,-0.021310052382536176,0.0006666666666666666,-0.021976719049202842,0.07265113869583342,0.0,0.07265113869583342,0.03085009905874473,0.0,0.03085009905874473,0.02839603800321333,0.0,0.02839603800321333,0.027996959817645495,0.0,0.027996959817645495,0.02274785574754523,0.0,0.02274785574754523,0.015296281367902509,0.001,0.014296281367902508,0.01697834774228746,0.001,0.015978347742287458,0.016274675214349443,0.0,0.016274675214349443,0.01371442599164352,0.0,0.01371442599164352,0.03380749011058026,0.0,0.03380749011058026,0.0228052575426283,0.0,0.0228052575426283,0.018618602028732667,0.0,0.018618602028732667,0.034392538893032246,0.037851067075679014,0.01115697086096353,0.5020015309635647,0.5082886729786285,0.26082609702316867,0.2527493057439201,0.2371723720132666,0.23896202127745134,0.49057701859975666,0.5025764167967245,0.259788007979211,0.2522302612219413,0.24963497342103227,0.24519332198133417,0.5016296781359726,0.5081027465648325,0.2572339611445137,0.25095323780459267,0.24113636071951372,0.24094401563057488,0.49133516477985417,0.5069064004231257,0.2605855792461794,0.24992382584256917,0.24807925597396646,0.2431697737343051,0.48914454398259055,0.5061834955600287,0.2554086508510045,0.24821543947216146,0.25544680516640483,0.24560106496780976,0.5219554152454163,0.5170110830767612,0.2488252376297035,0.24604291310913212,0.2292193471248801,0.2369460038141066
2025-04-23,0.03725796059220253,0.04017124281960683,0.03717042954637744,0.05627358398755922,0.0,0.05627358398755922,0.04605587811309182,0.0006666666666666666,0.04538921144642515,0.032430103091212484,0.0006666666666666666,0.031763436424545814,0.04373175722493464,0.0006666666666666666,0.043065090558267974,0.02640431113700107,0.0,0.02640431113700107,0.02836948798140989,0.0006666666666666666,0.027702821314743224,0.045295020794786346,0.0,0.045295020794786346,0.0038405700586488694,0.0,0.0038405700586488694,-0.002196767370706065,0.0,-0.002196767370706065,0.05879231135322016,0.001,0.05779231135322016,0.03561802850972595,0.0,0.03561802850972595,0.03904044246304794,0.0,0.03904044246304794,0.01398054774320423,0.001,0.01298054774320423,0.009976829382004226,0.0,0.009976829382004226,0.00812741822255908,0.0,0.00812741822255908,0.07211223566871672,0.0,0.07211223566871672,0.024116816198666013,0.0,0.024116816198666013,0.018573109439363522,0.0,0.018573109439363522,0.06652689811770629,0.028107905475846184,-0.0041074134892088434,0.5017634868868407,0.5084256782014231,0.2611000896637288,0.25309701133939605,0.2371364234494305,0.23847731045918077,0.4919860916082212,0.5035369805621134,0.26004496940159777,0.2525694512083305,0.2479689389901811,0.24389356822955607,0.5026973575827125,0.508892613549359,0.25674688234068366,0.2509204076778735,0.24055576007660393,0.24018697877276748,0.49182690407402097,0.5074117509201507,0.260559003522236,0.25019740628243026,0.2476140924037431,0.24239084279741901,0.48919616509026875,0.5065436070555125,0.25545150094308994,0.2485119304313121,0.25535233396664125,0.24494446251317542,0.5226370425511201,0.5175790966175934,0.24857519201168982,0.24624274848395006,0.22878776543719015,0.23617815489845656
2025-04-24,0.03642776697206289,0.041232385556863524,0.0363842878232982,0.061217380114960245,0.0,0.061217380114960245,0.05097691302943352,0.0,0.05097691302943352,0.046332934503849225,0.0,0.046332934503849225,0.023178207720916534,0.0006666666666666666,0.022511541054249868,0.018011800627130443,0.0,0.018011800627130443,0.021057344672407087,0.0006666666666666666,0.02039067800574042,0.04138252484399496,0.0,0.04138252484399496,0.013731490856936663,0.0,0.013731490856936663,0.003818936086718386,0.0,0.003818936086718386,0.05495923392783075,0.0,0.05495923392783075,0.05738156654917259,0.001,0.05638156654917259,0.04442413864155603,0.001,0.04342413864155603,0.013803919844271317,0.001,0.012803919844271316,0.0071102544679643165,0.0,0.0071102544679643165,0.0005088925687602996,0.0,0.0005088925687602996,0.07623451999917463,0.001,0.07523451999917463,-0.022305944187378357,0.0,-0.022305944187378357,0.011899268694115062,0.001,0.01089926869411506,0.05183391460303325,0.04702667303191524,0.01223998411136451,0.5023457615604738,0.5097079664481559,0.26115009983055265,0.2530293749269268,0.23650413860897349,0.23726265862491738,0.4928273103151069,0.5049487408254724,0.25957980627488103,0.252244228149091,0.2475928834100122,0.24280703102543674,0.5050268431905939,0.5110485072632158,0.2557009352146539,0.2503047926189774,0.23927222159475214,0.2386467001178067,0.4924942273851403,0.5089601098321077,0.2601257137218761,0.24993028104383075,0.24738005889298365,0.24110960912406165,0.4894022987479445,0.507939773381833,0.2553979901176449,0.24837013225443444,0.2551997111344105,0.2436900943637325,0.5241320791338788,0.5194006009091914,0.24793494540759975,0.24590732750011957,0.22793297545852148,0.23469207159068917
2025-04-25,0.014133019465677576,0.011553043124221408,0.014040410804265355,0.01870357148951022,0.0013333333333333333,0.017370238156176887,0.03472536312585224,0.0,0.03472536312585224,0.03221773043227305,0.0,0.03221773043227305,0.014996753972005505,0.0006666666666666666,0.01433008730533884,0.00686001703373688,0.0,0.00686001703373688,0.008339283870528699,0.0006666666666666666,0.007672617203862032,0.03102362672375506,0.0,0.03102362672375506,0.0029884881145221995,0.0,0.0029884881145221995,0.003073965401648171,0.0,0.003073965401648171,0.03538355116590797,0.001,0.034383551165907966,0.006015279693288966,0.0,0.006015279693288966,-0.02196591223570521,0.0,-0.02196591223570521,-0.003650071222686513,0.001,-0.004650071222686513,-0.0033326142849570695,0.0,-0.0033326142849570695,-0.0037058993518059857,0.0,-0.0037058993518059857,0.026614707561599782,0.0,0.026614707561599782,0.007149069159177124,0.001,0.006149069159177124,0.03272880107213516,0.0,0.03272880107213516,0.025476489663992664,0.004861009763255801,-0.011998477698153764,0.5024372342212012,0.510280329373825,0.26119765292308106,0.25322599434394033,0.23636511285571776,0.23649367628223478,0.4930025340565296,0.5055629792914891,0.2594268392615522,0.2523405875131759,0.2475706266819182,0.24209643319533497,0.5067297182504348,0.5124265713884417,0.2550776481283301,0.25016599194656486,0.23819263362123516,0.23740743666499348,0.49266241198622573,0.5097212903881752,0.26021454550296447,0.25019120497839403,0.24712304251080985,0.24008750463343093,0.48987417180761245,0.5088011711292327,0.25533875693799085,0.24858219475195276,0.25478707125439665,0.24261663411881457,0.5270838527875478,0.5210803658526113,0.24557394019060874,0.24535980522531667,0.22734220702184357,0.23355982892207205
2025-04-28,0.0067482106577359015,0.008188584206387385,0.0067039160077744945,0.01673059536868049,0.0,0.01673059536868049,0.0029946331031605036,0.0,0.0029946331031605036,-0.0002010760916100196,0.0,-0.0002010760916100196,0.01197799212618696,0.0,0.01197799212618696,0.004444720794481067,0.0,0.004444720794481067,0.003669418145632818,0.0006666666666666666,0.0030027514789661516,0.0018763602232735677,0.0,0.0018763602232735677,0.005297155871861081,0.0,0.005297155871861081,0.010103175281964397,0.0,0.010103175281964397,0.00960443059947852,0.001,0.008604430599478519,-0.0019300703123023566,0.0,-0.0019300703123023566,0.010126276342810658,0.0,0.010126276342810658,-0.0021396805752899595,0.0,-0.0021396805752899595,-0.003743396223873041,0.0,-0.003743396223873041,-0.003977038949075862,0.0,-0.003977038949075862,0.013534933281182271,0.0,0.013534933281182271,0.007162231189599189,0.001,0.0061622311895991886,0.00953749512093749,0.001,0.008537495120937488,0.008081152473784048,0.008360167337085483,0.008247208949654545,0.5015886355964496,0.5106132256557189,0.2617085802287714,0.2533085928390466,0.23670278417477894,0.23607818150523444,0.4933738109644021,0.5065058133396951,0.2592152579631377,0.25206193170622976,0.24741093107246026,0.2414322549540751,0.5081990674411087,0.5139184415780484,0.2543156206667493,0.24961211305803555,0.23748531189214217,0.23646944536391606,0.4948658745073533,0.5114630751164686,0.25982588074440377,0.24983130629669884,0.2453082447482429,0.2387056185868324,0.4898148177582478,0.5097962263892638,0.2553784643821243,0.24836365889714662,0.2548067178596279,0.24184011471358946,0.5274853077873076,0.5222274880988536,0.24470702115738052,0.24484208263298118,0.22780767105531174,0.23293042926816512
2025-04-29,0.0022310040615333496,0.0008310774198064358,0.0022112049137932343,0.006089138196231951,0.0,0.006089138196231951,-0.002874553385056341,0.0,-0.002874553385056341,-0.007586797970967138,0.0006666666666666666,-0.008253464637633804,-0.0013306849692441558,0.0,-0.0013306849692441558,0.0029740807703649836,0.0,0.0029740807703649836,0.001337991132671819,0.0013333333333333333,4.657799338485735e-06,0.011502669579177338,0.0,0.011502669579177338,0.011021667588222204,0.0,0.011021667588222204,0.01833550780804405,0.0006666666666666666,0.017668841141377383,-0.002810773983689563,0.001,-0.003810773983689563,-0.0038068061300464695,0.001,-0.0048068061300464695,-0.008825041035897041,0.001,-0.009825041035897042,0.013766681581518725,0.001,0.012766681581518724,0.008205290629783368,0.0,0.008205290629783368,0.007121848215206783,0.0,0.007121848215206783,-0.0015863894063692374,0.0,-0.0015863894063692374,0.010920214573477027,0.0,0.010920214573477027,-0.010199263109303414,0.001,-0.011199263109303415,-0.0013445355249062825,0.006831840254011735,-0.0006094697390735722,0.5023894253863207,0.5110077588494328,0.26137137205182764,0.25314440112167236,0.23623920256185163,0.23584784002889475,0.49380620349691207,0.5067161479047286,0.2590323239977718,0.2519748770946445,0.2471614725053162,0.24130897500062704,0.5078976813384383,0.5137618868254916,0.2543474486887745,0.24963243944014582,0.23775486997278722,0.23660567373436256,0.49511132754360504,0.511536219938795,0.25938030614087715,0.24969017925480597,0.24550836631551778,0.23877360080639926,0.48990510185521463,0.5098181654616261,0.25533952868452053,0.24835672269420828,0.25475536946026484,0.24182511184416577,0.5278112464633296,0.5223271931823039,0.24447941548471994,0.24477288533827407,0.22770933805195046,0.23289992147942204
2025-04-30,-0.014058792159148806,-0.0275612540881505,-0.01393708458019068,-0.04059931962295267,0.0,-0.04059931962295267,0.005595713340345771,0.0,0.005595713340345771,0.03163186790927145,0.0006666666666666666,0.030965201242604785,0.007362465326796814,0.0,0.007362465326796814,0.004066131697763338,0.0,0.004066131697763338,0.006113061742151574,0.0006666666666666666,0.005446395075484907,-0.028562931902138503,0.0,-0.028562931902138503,0.008829341438213381,0.0,0.008829341438213381,0.01621187981392902,0.0006666666666666666,0.015545213147262354,-0.008541156157989116,0.001,-0.009541156157989117,0.0015317927894080152,0.0,0.0015317927894080152,-0.0004695397778390342,0.0,-0.0004695397778390342,-0.004246721134194331,0.001,-0.005246721134194331,0.0064633226444748,0.0,0.0064633226444748,0.004612573276631005,0.0,0.004612573276631005,-0.061509836313420774,0.001,-0.06250983631342077,0.008476178581722227,0.001,0.007476178581722227,-0.052424574962541826,0.0,-0.052424574962541826,-0.06027161587205547,0.010902817573358167,0.0045435310506894595,0.5029940270240478,0.5111913163269457,0.26119379222884415,0.2532099942582956,0.23581218074710805,0.23559868941475864,0.4936563341073331,0.5065224698685884,0.2591879083068148,0.2522070522972809,0.2471557575858522,0.2412704778341307,0.5077543032997085,0.513571454464776,0.2542499639512507,0.24973808011949888,0.23799573274904073,0.23669046541572497,0.4952916773277589,0.5114366192901557,0.2594205204672344,0.24991032326697787,0.24528780220500676,0.23865305744286638,0.4901728747318444,0.5097474144335039,0.25523448821531275,0.24852893262384373,0.2545926370528429,0.2417236529426523,0.5277142908427624,0.5221360817501068,0.24507732949817762,0.24517707024718915,0.22720837965905985,0.2326868480027039
2025-05-01,0.002934387987499238,-0.01033403139200451,0.0028203551593660257,0.0196914613081988,0.0,0.0196914613081988,-6.694015438561164e-05,0.0,-6.694015438561164e-05,-0.011221398737432515,0.0006666666666666666,-0.011888065404099181,0.04752185109413565,0.0,0.04752185109413565,0.004382765491670456,0.0,0.004382765491670456,0.011032579004195889,0.0006666666666666666,0.010365912337529223,-0.0026792239048134174,0.0,-0.0026792239048134174,0.003973764087871941,0.0006666666666666666,0.0033070974212052744,-0.00773362417830666,0.0,-0.00773362417830666,0.009363428638111904,0.001,0.008363428638111903,-0.02436275724381015,0.001,-0.025362757243810152,-0.009685766200887291,0.001,-0.010685766200887292,-0.0022312465336200016,0.001,-0.0032312465336200016,-0.0024698628055549454,0.0,-0.0024698628055549454,-0.012506035935150983,0.0,-0.012506035935150983,0.051355569713389504,0.0,0.051355569713389504,-0.0010883513546494639,0.0,-0.0010883513546494639,-0.00029268825273431887,0.001,-0.0012926882527343189,0.006424650416600599,-0.024864647058603917,-0.03173337140626505,0.4999359991507807,0.5081472753090173,0.2621365053573549,0.25453507512637996,0.23792749549186437,0.2373176495646028,0.4937939963721226,0.5050762739196881,0.25908078051559597,0.2530072127055005,0.2471252231122814,0.24191651337481132,0.5056210614211691,0.5109898064442114,0.25517768161115234,0.25105566325327866,0.2392012569676786,0.2379545303025099,0.4947614584156565,0.5092315107602267,0.2597460969092183,0.2511617540599634,0.24549244467512515,0.23960673517980993,0.4896068453028827,0.5075304884330113,0.25556745115713936,0.24978280096177735,0.25482570353997797,0.24268671060521135,0.5261484694081553,0.5195892243877512,0.24731731829411274,0.24706025711697857,0.2265342122977319,0.23335051849527016
2025-05-02,0.026084279557699208,0.007893880517878359,0.026073417152065934,0.06578764137352144,0.0006666666666666666,0.06512097470685478,0.07978179349459649,0.0,0.07978179349459649,0.05258168250422586,0.0,0.05258168250422586,0.02444087654614076,0.0,0.02444087654614076,0.024125201113498175,0.0,0.024125201113498175,0.01775943696014089,0.0013333333333333333,0.016426103626807558,0.028426951847167294,0.0,0.028426951847167294,0.016415494516164825,0.0006666666666666666,0.01574882784949816,0.015213196130358318,0.0,0.015213196130358318,0.0289629145954039,0.0,0.0289629145954039,0.03589986222294439,0.0,0.03589986222294439,0.03369455849492742,0.002,0.031694558494927416,0.021001040623800593,0.001,0.020001040623800592,0.004910723214990864,0.0,0.004910723214990864,0.004906547784970794,0.0,0.004906547784970794,0.03282553837990043,0.0,0.03282553837990043,0.022697762938303723,0.0,0.022697762938303723,0.02053508382838598,0.0,0.02053508382838598,0.011667582052605506,0.006413638207254491,0.0011420503397677013,0.5012684025170657,0.5097219486960044,0.2617468248620923,0.253963229637083,0.23698477262084194,0.23631482166691253,0.49590517366271925,0.5070403342688312,0.25784200315728206,0.2520108187846779,0.24625282317999853,0.24094884694649082,0.5055870691210883,0.5118812819980156,0.25548149733791264,0.2508305658749932,0.23893143354099905,0.23728815212699106,0.496157268652667,0.510909480221592,0.25864056311582306,0.25029174088431105,0.24520216823150992,0.23879877889409695,0.48982970624169075,0.5088213846259698,0.2557246659315724,0.24932949481350833,0.2544456278267368,0.24184912056052182,0.5288276079623501,0.5216906921937874,0.24592404043287322,0.2460952883989376,0.22524835160477674,0.232214019407275
2025-05-05,-0.008004244338699278,-0.007700246032374724,-0.00794782235305084,-0.019355306773085203,0.0,-0.019355306773085203,-0.010875215113734533,0.0,-0.010875215113734533,0.0032250862483875027,0.0,0.0032250862483875027,-0.0032185301133257345,0.0006666666666666666,-0.003885196779992401,-0.0051601147689120195,0.0,-0.0051601147689120195,-0.0008529216006001316,0.0006666666666666666,-0.0015195882672667982,-0.00638762243536295,0.0,-0.00638762243536295,-0.0003457171333216178,0.0,-0.0003457171333216178,0.0027390660624497425,0.0,0.0027390660624497425,-0.01565642517693,0.001,-0.01665642517693,-0.009321620163613598,0.001,-0.010321620163613598,-0.012217843446993004,0.0,-0.012217843446993004,-0.018857981487927222,0.0,-0.018857981487927222,0.00899928122554916,0.0,0.00899928122554916,0.007167339587279553,0.0,0.007167339587279553,-0.027657663354404782,0.0,-0.027657663354404782,0.007307256327335143,0.0,0.007307256327335143,0.010552301349196713,0.001,0.009552301349196712,-0.02298941174480399,0.003638845596410367,0.014135393811338806,0.5012684025170657,0.5099272445633176,0.2617468248620923,0.2539249223806838,0.23698477262084194,0.23614783305599857,0.4961191063483384,0.5073525964789539,0.25793613615015026,0.2520195780247128,0.2459447575015112,0.24062782549633321,0.5062661643804584,0.5124261254950139,0.2551444521726074,0.25062373603594135,0.23858938344693423,0.23695013846904472,0.4959005156935985,0.511099848207299,0.2588835774382495,0.25032060388713684,0.24521590686815184,0.23857954790556407,0.49062175427664967,0.5093578569397059,0.2553277607100581,0.24914718436683364,0.2540504850132922,0.2414949586934604,0.5294116013059142,0.5221585064593632,0.2456725580445696,0.24596096748722246,0.2249158406495162,0.23188052605341433
2025-05-06,-0.00787520780305278,-0.0029366072903043283,-0.007916019484363924,-0.011211049078556301,0.0006666666666666666,-0.011877715745222967,-0.03959429791441682,0.0,-0.03959429791441682,-0.047417945568059526,0.0,-0.047417945568059526,0.0037629854994497185,0.0006666666666666666,0.003096318832783052,-0.009356305073844513,0.0006666666666666666,-0.010022971740511179,-0.0038042923678365996,0.0006666666666666666,-0.004470959034503267,-0.014540644806385394,0.0,-0.014540644806385394,-0.01117085467214603,0.0006666666666666666,-0.011837521338812697,0.001368797439872134,0.0,0.001368797439872134,-0.00937011341000038,0.001,-0.010370113410000381,-0.012907998040032231,0.001,-0.013907998040032232,-0.01043484242884235,0.002,-0.01243484242884235,0.00025103569991991037,0.0,0.00025103569991991037,0.00766380694261759,0.0,0.00766380694261759,0.0027089304308531847,0.0,0.0027089304308531847,0.003792936181027884,0.0,0.003792936181027884,-0.0009632631846372419,0.0,-0.0009632631846372419,-0.004462692259514178,0.0,-0.004462692259514178,0.008680479889996576,-0.036898635651415344,0.007101516642901225,0.5004711711611346,0.508695934362497,0.261796332429889,0.25424231561376165,0.2377324964089764,0.2370617500237413,0.4960927332990209,0.5065067154314402,0.2578533795551898,0.252270839176412,0.2460538871457894,0.24122244539214782,0.505870749108401,0.5113957233361303,0.255268853335794,0.25097857606671414,0.23886039755580502,0.2376257005971556,0.4956163802213309,0.5098902728408251,0.25907967213758004,0.2507774519998164,0.24530394764108904,0.23933227515935854,0.48920778769182954,0.5077754373060896,0.2560856428733265,0.2497894223426127,0.25470656943484404,0.2424351403512977,0.5275257389173863,0.5204203612105234,0.24660149970749026,0.24665965509788673,0.22587276137512344,0.2329199836915899
2025-05-07,0.006341984904978117,0.0011186302096930492,0.006348510769180965,0.006071347616655509,0.0006666666666666666,0.005404680949988842,0.016464069173441048,0.0,0.016464069173441048,0.004282994567872252,0.0006666666666666666,0.0036163279012055853,0.00614825923609985,0.0,0.00614825923609985,0.004437907087933679,0.0,0.004437907087933679,0.003606388442485323,0.0,0.003606388442485323,0.010302507539585356,0.0,0.010302507539585356,0.0030557884354156517,0.0,0.0030557884354156517,0.010112403763570105,0.0006666666666666666,0.00944573709690344,0.02107250212346179,0.001,0.02007250212346179,0.022060204020552532,0.0,0.022060204020552532,0.022684251825198953,0.001,0.021684251825198952,0.00768102262374093,0.001,0.00668102262374093,0.007231363773157473,0.0,0.007231363773157473,0.007231363773157473,0.001,0.006231363773157473,-0.008200305021090704,0.0,-0.008200305021090704,0.011485095655886401,0.0,0.011485095655886401,-6.111029313748961e-06,0.0,-6.111029313748961e-06,1.8280837028447172e-05,0.0023142754206371876,0.002289330961829743,0.5021216723856327,0.5101503348566805,0.26113534356648765,0.25303423762492167,0.23674298404787966,0.23681542751839785,0.49663909700033687,0.5074090471640326,0.2574271593693669,0.2511801455263613,0.24593374363029627,0.24141080730960618,0.5053935014277844,0.5117862493777563,0.2551728373181003,0.250052984500728,0.23943366125411533,0.2381607661215157,0.49576449100020065,0.5107822102396441,0.25896462516157637,0.24956352453116853,0.24527088383822307,0.23965426522918737,0.4889484215378251,0.5085329073170601,0.2563486152770061,0.24870024126926032,0.2547029631851688,0.24276685141367946,0.5278622169579433,0.5213744598056992,0.2465124523867713,0.24545430751548286,0.22562533065528537,0.23317123267881795
2025-05-08,0.016680114076215738,0.00955864874796762,0.01662213379489196,0.047896211121930536,0.0006666666666666666,0.04722954445526387,0.06482406757680399,0.0,0.06482406757680399,0.024668548547044956,0.0006666666666666666,0.02400188188037829,0.019511640351094872,0.0,0.019511640351094872,0.017895219850561007,0.0,0.017895219850561007,0.012227834786292337,0.0006666666666666666,0.01156116811962567,0.04085343125285397,0.0,0.04085343125285397,0.023662857553150264,0.0006666666666666666,0.022996190886483598,-0.004822427210481059,0.0006666666666666666,-0.0054890938771477256,0.018310849132999074,0.001,0.017310849132999073,0.0032721298283912015,0.0,0.0032721298283912015,0.013771607543980657,0.001,0.012771607543980656,0.008618531405621965,0.0,0.008618531405621965,-0.013766784589008985,0.0,-0.013766784589008985,-0.013766784589008985,0.0,-0.013766784589008985,-0.0009531722478621218,0.001,-0.001953172247862122,0.002694608387229791,0.0,0.002694608387229791,-0.008020238413077752,0.0,-0.008020238413077752,-0.0016422320515116677,0.05828412230220466,-0.016332299386561295,0.5018615620063663,0.5099604104626694,0.26160693923030565,0.2533007853783904,0.236531498763328,0.23673880415894027,0.49675021365173216,0.5074047362853523,0.25739229019620047,0.2511934608613378,0.24585749615206742,0.24140180285330998,0.5056114730434129,0.5118353659811927,0.2548946941808413,0.24994466285365824,0.2394938327757456,0.2382199711651491,0.49566974414391163,0.5106707190432024,0.2590232319917032,0.2496240696800004,0.24530702386438508,0.23970521127679728,0.48894569405447114,0.5084517825136871,0.25637681347378927,0.2487507515690888,0.25467749247173965,0.2427974659172243,0.5271191047444365,0.5210490080413755,0.24718515579899905,0.245717504536408,0.22569573945656451,0.2332334874222165
2025-05-09,-0.005328434584911281,-0.0014093377320231336,-0.005313207108593035,-0.015450444929693125,0.0013333333333333333,-0.016783778263026457,-3.352641909093457e-05,0.0006666666666666666,-0.0007001930857576012,-0.006395541713352363,0.0006666666666666666,-0.00706220838001903,0.006644199351297859,0.0,0.006644199351297859,0.0036129855131206883,0.0,0.0036129855131206883,0.006008827269363025,0.0,0.006008827269363025,-0.06182562872247599,0.0,-0.06182562872247599,0.0034820048908823136,0.0006666666666666666,0.002815338224215647,0.004944203887097856,0.0006666666666666666,0.0042775372204311895,0.011034782263505072,0.001,0.010034782263505071,-0.004581435397461531,0.001,-0.005581435397461531,0.0147336302621347,0.001,0.0137336302621347,-0.0002679254808338749,0.0,-0.0002679254808338749,-0.014715866609822215,0.0,-0.014715866609822215,-0.014715866609822215,0.0,-0.014715866609822215,-0.004125934792990171,0.001,-0.005125934792990171,-0.00591135258342812,0.0,-0.00591135258342812,0.0015845945474814993,0.0,0.0015845945474814993,-0.004586092220506877,0.001776031118658503,0.0022180136195489868,0.5023632722616496,0.5097093181176322,0.2620208655643513,0.25460348194919363,0.23561586217399938,0.23568719993317433,0.49699746866961747,0.507026416321616,0.2574330059339815,0.25230955213400874,0.24556952539640103,0.24066403154437516,0.5072720295593474,0.5121636967664811,0.25477462938417145,0.2509803638591037,0.23795334105648117,0.23685593937441524,0.49616404018782145,0.510161227124303,0.2585182670773518,0.2509257140193302,0.24531769273482673,0.23891305885636685,0.49012040758424275,0.508166828365122,0.25578750367245573,0.25002456209571455,0.2540920887433015,0.24180860953916355,0.5271433498182716,0.5203843993023515,0.24743791516841998,0.24726919788938273,0.22541873501330847,0.23234640280826585
2025-05-12,0.026514615040243137,0.0035496956116263323,0.026326107057105683,0.07809557174800451,0.0019999999999999996,0.0760955717480045,-0.0033472539450788794,0.0,-0.0033472539450788794,0.031146907761149697,0.0,0.031146907761149697,0.015091380453225334,0.0,0.015091380453225334,0.036528453907715676,0.0006666666666666666,0.035861787241049006,0.010938262030181667,0.0006666666666666666,0.010271595363515,0.08760840566416402,0.0,0.08760840566416402,-0.0039611524391996635,0.0,-0.0039611524391996635,-0.018132415239598704,0.0006666666666666666,-0.01879908190626537,0.04987301182340742,0.0,0.04987301182340742,0.06948138797532621,0.0,0.06948138797532621,0.08339883253556346,0.0,0.08339883253556346,0.029592288961558966,0.001,0.028592288961558965,-0.014193756248636002,0.001,-0.015193756248636003,-0.03521371588208316,0.0,-0.03521371588208316,0.05191828389827047,0.0,0.05191828389827047,0.024903081448827913,0.0,0.024903081448827913,0.0018058912497442292,0.0,0.0018058912497442292,0.028444912009406943,-0.024445056945723888,-0.021622475681789616,0.5016769813227308,0.5091936998932713,0.26254818686870407,0.25494981551417917,0.23577483180856515,0.23585648459254954,0.4970951885346816,0.5069028034992467,0.2573197722192528,0.25233560818945355,0.2455850392460655,0.24076158831129973,0.5044625433056364,0.5105864808847241,0.2561893331554843,0.2517703886575693,0.2393481235388792,0.23764313045770658,0.49648962376231304,0.5100375562123172,0.2578409540562043,0.25081298242551575,0.2456694221814827,0.23914946136216703,0.49087865049618484,0.5081859350344949,0.25540712158910134,0.2500098177113718,0.2537142279147138,0.2418042472541333,0.5269973304280239,0.5201050994120018,0.24732857736562672,0.2473438981176252,0.2256740922063493,0.23255100247037302
2025-05-13,0.02311308865676925,0.016021722844004233,0.02315328417131923,0.015207063360116752,0.0013333333333333333,0.013873730026783418,0.042739831867351454,0.0,0.042739831867351454,0.04181759708759595,0.0,0.04181759708759595,0.002823536062982468,0.0006666666666666666,0.0021568693963158014,0.012302156112076338,0.0,0.012302156112076338,0.002823536062982468,0.0006666666666666666,0.0021568693963158014,0.08709099838697085,0.0,0.08709099838697085,0.0019934297607488993,0.0,0.0019934297607488993,0.00347703916869498,0.0006666666666666666,0.0028103725020283137,0.03302693982007421,0.0,0.03302693982007421,0.051465502544686514,0.0,0.051465502544686514,0.02614655747768735,0.0,0.02614655747768735,-0.005053320451832322,0.0,-0.005053320451832322,-0.007559884192639421,0.0,-0.007559884192639421,-0.007277964894590538,0.0,-0.007277964894590538,0.08736645887625105,0.001,0.08636645887625105,0.01054929248689418,0.0,0.01054929248689418,-0.001567392193685846,0.0,-0.001567392193685846,0.041363620761057554,-0.0103534050769268,-0.012429657223284558,0.5036191964516571,0.5115152245577164,0.2606284113798341,0.25326318504354817,0.2357523921685089,0.23522159039873552,0.4966599253956262,0.508035589029701,0.258218299674117,0.2520581291906896,0.24512177493025675,0.23990628177960943,0.5076709756636627,0.5135411141637192,0.25491365294986557,0.25040580582856387,0.23741537138647179,0.23605308000771696,0.4964829572122833,0.5118449151647833,0.2578443679076382,0.24984027374338624,0.24567267488007843,0.2383148110918305,0.49369996341570443,0.5109265272119122,0.25452390970953165,0.2487445225380111,0.2517761268747639,0.24032895025007672,0.5288868075908082,0.5225381857896965,0.24691059910490806,0.24623213003848532,0.22420259330428371,0.23122968417181824
2025-05-14,0.015353978512088137,0.02892568677247879,0.015401004703984264,0.009014216623455213,0.0,0.009014216623455213,0.02300360924256391,0.0,0.02300360924256391,0.003993420575312193,0.0006666666666666666,0.0033267539086455264,-0.006996739796025886,0.0006666666666666666,-0.007663406462692553,-0.010245683071783935,0.0,-0.010245683071783935,-0.007178591206779106,0.0006666666666666666,-0.007845257873445772,0.018511063229637137,0.0,0.018511063229637137,0.0010737589867240902,0.0,0.0010737589867240902,-0.007473111820507138,0.0006666666666666666,-0.008139778487173805,0.005071431933943271,0.001,0.004071431933943271,0.026535739614072518,0.0,0.026535739614072518,-0.0013333838942555798,0.0,-0.0013333838942555798,0.014638661716864843,0.0,0.014638661716864843,0.005595054589311088,0.0,0.005595054589311088,-0.0005986695423858546,0.0,-0.0005986695423858546,0.0899617223882494,0.0,0.0899617223882494,-0.005454489598017753,0.0,-0.005454489598017753,-0.0059054433765124426,0.0,-0.0059054433765124426,0.05944528974275624,-0.00942386844594989,0.0008115595538365315,0.5021267707708149,0.5121507986470231,0.26143606555167126,0.2529860352091032,0.2364371636775139,0.2348631661438737,0.4963865538160334,0.5092806901696324,0.25862659119264364,0.25158129802958934,0.24498685499132292,0.2391380118007782,0.5101698362833409,0.5161723314032861,0.2535988334891541,0.24906741917784458,0.2362313302275051,0.23476024941886928,0.4962021195986163,0.5136038332381083,0.2586186819167334,0.2491832882931005,0.2451791984846504,0.23721287846879105,0.49382417834688297,0.5128191126250363,0.2544539736063921,0.2478089345506879,0.2517218480467249,0.23937195282427565,0.5312519106454235,0.5251702642835547,0.24596851936316985,0.24500873465042455,0.22277956999140658,0.2298210010660206
2025-05-15,0.005619362319922728,0.016462497865712994,0.00569000476059083,0.0011335121561807378,0.0,0.0011335121561807378,0.0039218295496508855,0.0,0.0039218295496508855,0.011201072967488955,0.0006666666666666666,0.010534406300822289,0.019939931917117588,0.0,0.019939931917117588,0.012364578819228107,0.0,0.012364578819228107,0.022161708882437292,0.0,0.022161708882437292,-0.06322817472900702,0.0,-0.06322817472900702,0.017446526174097917,0.0,0.017446526174097917,0.0186960536338742,0.0,0.0186960536338742,-0.0007640038808102712,0.001,-0.0017640038808102712,-0.013479448440411657,0.001,-0.014479448440411657,-0.0003979087306198448,0.0,-0.0003979087306198448,0.006797700205969703,0.001,0.005797700205969703,0.013097832945967502,0.0,0.013097832945967502,0.03093235458296717,0.0,0.03093235458296717,-0.023203628457400705,0.0,-0.023203628457400705,0.041411586037572334,0.0,0.041411586037572334,0.023580748489757886,0.001,0.022580748489757885,0.008677173271209059,0.022241924302861163,0.02802440460445258,0.5018823817917231,0.5134540438685855,0.26207761717736044,0.25244976692148074,0.23604000103091655,0.2340961892099337,0.49646080702037165,0.5107432564829099,0.25852504800057785,0.25067348233308945,0.2450141449790505,0.23858326118400067,0.5113179271591628,0.5181718165523055,0.25324051001758846,0.24803121334159475,0.23544156282324855,0.23379697010609968,0.49573375341439363,0.5153593616102001,0.2595963340213823,0.24835747439300887,0.24466991256422402,0.23628316399679097,0.4944605351093783,0.514939199569545,0.25429845897090875,0.2466091756263526,0.25124100591971305,0.23845162480410237,0.5341620088095764,0.5280406858906104,0.24445249079320547,0.2433600061277105,0.22138550039721805,0.228599307981679
2025-05-16,0.013517395265296512,0.02125896749478137,0.013504918558985468,0.013725074267240603,0.0006666666666666666,0.013058407600573937,0.014099385244165465,0.0,0.014099385244165465,0.01802038052161925,0.0,0.01802038052161925,0.005087714093051309,0.0006666666666666666,0.004421047426384642,0.014103109647390403,0.0,0.014103109647390403,0.00508771409305131,0.0006666666666666666,0.004421047426384643,0.04390701076395187,0.0,0.04390701076395187,0.005467680020575071,0.0,0.005467680020575071,0.01116620699282748,0.0,0.01116620699282748,-0.006547705122174008,0.0,-0.006547705122174008,-0.006547705122174008,0.001,-0.007547705122174008,0.0033497066124634767,0.001,0.0023497066124634767,0.009334479461195477,0.0,0.009334479461195477,0.01365096804060728,0.0,0.01365096804060728,0.010990740264470777,0.0,0.010990740264470777,0.013576895930817623,0.001,0.012576895930817622,-0.004829769906417591,0.0,-0.004829769906417591,0.0068846626536746,0.0,0.0068846626536746,0.03353279871248745,0.004840952837354046,0.010765288152050948,0.5015714319965028,0.512869322413972,0.2620686510198459,0.25259253705062756,0.2363599169836513,0.23453814053540045,0.4966080996113462,0.5103876562213937,0.2581906857091366,0.2506535543952729,0.24520121467951703,0.23895878938333331,0.507746690634551,0.515956951732996,0.2550589154574881,0.24908766926944864,0.23719439390796093,0.23495537899755528,0.4960423213786965,0.5148859986520354,0.25906522734999354,0.24837952849004202,0.24489245127130993,0.2367344728579225,0.4936116359795745,0.5140838724703252,0.2542513503948953,0.24679094909485963,0.25213701362553015,0.23912517843481518,0.5312515707892349,0.5265050509575131,0.24644199962963376,0.2442138633423233,0.22230642958113128,0.22928108570016356
2025-05-19,0.00032267334167184646,0.0016335323080059931,0.0003804621109961917,-0.012692078894808093,0.0006666666666666666,-0.013358745561474759,-0.004230175980853697,0.0,-0.004230175980853697,0.005397797747515068,0.0,0.005397797747515068,0.007498488343948173,0.0,0.007498488343948173,0.006162490712059579,0.0,0.006162490712059579,0.007498488343948172,0.0,0.007498488343948172,-0.013092768120521809,0.0,-0.013092768120521809,0.0011898259858061921,0.0,0.0011898259858061921,0.007104109334071351,0.0,0.007104109334071351,0.00504583297975314,0.0,0.00504583297975314,0.00504583297975314,0.0,0.00504583297975314,-0.005652311926583775,0.001,-0.006652311926583775,0.00040375781885770845,0.001,-0.0005962421811422916,0.0073979464118119065,0.0,0.0073979464118119065,0.012933121744759135,0.0,0.012933121744759135,0.002091539513556784,0.001,0.0010915395135567838,0.005450399192057254,0.0,0.005450399192057254,-0.012558765453932585,0.001,-0.013558765453932586,-0.003845319128776539,0.007190020633667878,0.008235577432800345,0.5014191436617684,0.51346858575382,0.2620463595638619,0.25216255229363016,0.23653449677436972,0.2343688619525498,0.49634727116212746,0.5109326495039995,0.2585802987122552,0.25042952186782685,0.24507243012561736,0.23863782862817362,0.5096199858026979,0.5175690068242847,0.25394175746103265,0.24811025124221556,0.23643825673626945,0.23432074193349967,0.49584219914984173,0.5157250043761817,0.258906334601925,0.24776584958431225,0.24525146624823319,0.23650914603950596,0.4934545762676732,0.5149370888250662,0.2544009519467856,0.24627907330811621,0.25214447178554134,0.23878383786681764,0.5318710830690637,0.527614536069525,0.24582913667668457,0.2434503742689829,0.2222997802542517,0.22893508966149206
2025-05-20,-0.003507452044220361,0.00032147817650027396,-0.0034290729231600194,-0.014743792618845767,0.0013333333333333333,-0.0160771259521791,-0.002914538826182681,0.0,-0.002914538826182681,0.0013830800938224124,0.0006666666666666666,0.0007164134271557457,0.00583245638225897,0.0,0.00583245638225897,0.0017673758276366784,0.0,0.0017673758276366784,0.00605276567698354,0.0006666666666666666,0.005386099010316873,-0.027013335915429534,0.0006666666666666666,-0.0276800025820962,-3.763365462191226e-05,0.0,-3.763365462191226e-05,-0.006114935869992307,0.0006666666666666666,-0.006781602536658974,-0.0021125384630034105,0.0,-0.0021125384630034105,-0.0021125384630034105,0.0,-0.0021125384630034105,0.00031828472892203585,0.001,-0.0006817152710779642,-0.00870894107610204,0.0,-0.00870894107610204,0.0011123058156268795,0.0,0.0011123058156268795,0.006358231248085544,0.0,0.006358231248085544,-0.0009342279768342898,0.001,-0.0019342279768342898,-0.006630842912520529,0.0,-0.006630842912520529,-0.0019791660804943656,0.001,-0.0029791660804943656,-0.0007969004007579706,0.0007056169155060426,0.0024454396814449506,0.500699967534082,0.5128066586827695,0.262172614737726,0.2523670261192572,0.237127417728192,0.23482631519797326,0.49638327730800513,0.5106483135697311,0.2585265144618479,0.2505439759813181,0.24509020823014693,0.23880771044895072,0.5087206958304366,0.5168170228309468,0.2542551007871079,0.24840826914394812,0.23702420338245558,0.23477470802510503,0.49614075079350234,0.515418392148932,0.25906222474576934,0.24800669729163205,0.24479702446072826,0.2365749105594358,0.4928902933414481,0.5143457411897542,0.25453698839955596,0.24651336929738166,0.25257271825899585,0.2391408895128641,0.5321146549438759,0.5272897805185554,0.24616694323473198,0.24375125439298972,0.22171840182139213,0.2289589650884549
2025-05-21,-0.018048525408924748,-0.016578419670252365,-0.017986638331332357,-0.023998968988680553,0.0006666666666666666,-0.02466563565534722,-0.023441381650334565,0.0,-0.023441381650334565,-0.01981424067623346,0.0006666666666666666,-0.020480907342900125,-0.013476827126929509,0.0,-0.013476827126929509,-0.0242192130655993,0.0006666666666666666,-0.024885879732265966,-0.015768380143983702,0.0013333333333333333,-0.017101713477317034,-0.03573742880241271,0.0,-0.03573742880241271,-0.008939042876440467,0.0,-0.008939042876440467,-0.006741221726467775,0.0006666666666666666,-0.007407888393134442,-0.015465990310327804,0.001,-0.016465990310327805,-0.013808033699021616,0.0,-0.013808033699021616,-0.0217762339453767,0.001,-0.0227762339453767,-0.02053169950802225,0.0,-0.02053169950802225,-0.005510868427670901,0.0,-0.005510868427670901,-0.0022630313316601702,0.0,-0.0022630313316601702,-0.010565877928133682,0.001,-0.011565877928133683,-0.013122380065620942,0.0,-0.013122380065620942,-0.02445306388351337,0.001,-0.02545306388351337,-0.02022559396019511,-0.008186442795669194,-0.017101713477317034,0.49991838248136083,0.5123542228750013,0.26248791964264623,0.2525344579197047,0.237593697875993,0.23511131920529404,0.4965042127381155,0.5106471380033786,0.2583688449906346,0.2504749205936989,0.24512694227124998,0.23887794140292257,0.5074405641473413,0.5161153137079915,0.255091791896593,0.24883639404667807,0.23746764395606568,0.23504829224533041,0.49610425442944034,0.5153237463517053,0.25904316799775196,0.24801351289108947,0.24485257757280765,0.23666274075720525,0.49223761229329516,0.5140477544467774,0.2547247514149507,0.24658843541876507,0.2530376362917541,0.23936381013445757,0.5322697157432792,0.5272583485852721,0.24599593467408296,0.2437079258942787,0.2217343495826379,0.22903372552044923
2025-05-22,0.004749625120968077,-0.0051957985157995564,0.0046331425279419695,0.0534292825895845,0.0,0.0534292825895845,0.004156727359488983,0.0,0.004156727359488983,0.012891556291441711,0.0,0.012891556291441711,-0.004218711198352709,0.0,-0.004218711198352709,0.0016822710553674458,0.0006666666666666666,0.0010156043887007793,-0.00651283528717043,0.0006666666666666666,-0.007179501953837097,0.03904360896690654,0.0006666666666666666,0.03837694230023987,-0.0004718318847146685,0.0,-0.0004718318847146685,-0.005322639854552946,0.0,-0.005322639854552946,-0.003527989111203167,0.001,-0.004527989111203167,0.005648611883562804,0.0,0.005648611883562804,-0.010753727307052208,0.0,-0.010753727307052208,-0.006593577525712602,0.001,-0.007593577525712602,-0.0009033754658232529,0.0,-0.0009033754658232529,0.0004276015534672162,0.0,0.0004276015534672162,0.002936524387227357,0.002,0.0009365243872273572,-0.0035258372079096656,0.0,-0.0035258372079096656,0.002386370327850773,0.001,0.001386370327850773,-0.00407810722398986,-0.005708899483821065,-0.007179501953837097,0.49978025321078234,0.5120841255533126,0.262482867197427,0.2527458075728486,0.23773687959179077,0.23517006687383887,0.49690412676784246,0.5106460623318427,0.2579581674095347,0.25048345767890245,0.24513770582262284,0.23887047998925492,0.5059951529613552,0.5151915754285991,0.25580069617191387,0.249404722060092,0.2382041508667308,0.23540370251130888,0.4961933812172252,0.5150837743918991,0.25923436266803684,0.24836320080579316,0.24457225611473796,0.23655302480230778,0.49136426680229084,0.5134901666349707,0.2550761477172278,0.24699098987202617,0.25355958548048135,0.23951884349300312,0.5326564767207657,0.5271165959080675,0.24609422885052817,0.24402695664601531,0.22124929442870625,0.22885644744591732
2025-05-23,-0.0015352866299996205,-0.0017227361177694152,-0.0014093120551739993,-0.0034752034086090356,0.0013333333333333333,-0.004808536741942369,0.013549809587501663,0.0,0.013549809587501663,0.0063014311520763755,0.0,0.0063014311520763755,-0.003969761303203885,0.0006666666666666666,-0.004636427969870552,0.03247027650367151,0.0,0.03247027650367151,-0.0006585088609546057,0.0,-0.0006585088609546057,-0.011054942330989359,0.0,-0.011054942330989359,-0.0016271667621165678,0.0,-0.0016271667621165678,0.0030069394728185666,0.0,0.0030069394728185666,-0.011623711965872696,0.0,-0.011623711965872696,-0.009722646391442602,0.0,-0.009722646391442602,-0.009259681788291785,0.0,-0.009259681788291785,-0.006147427443475684,0.001,-0.007147427443475684,0.01058301590027455,0.0,0.01058301590027455,0.01215603175030433,0.0,0.01215603175030433,-0.007634485652019796,0.001,-0.008634485652019797,-0.0014696802173226886,0.0,-0.0014696802173226886,0.00021527713611385613,0.001,-0.0007847228638861439,-0.007509896320449848,0.009751297451868387,-0.0006585088609546057,0.5019689636731635,0.5132400194660387,0.2611065362797781,0.2520445461987669,0.23692450004705834,0.23471543433519426,0.4968388748307959,0.5106749750448549,0.2582079610056047,0.2505952585616802,0.24495316416359936,0.23872976639346477,0.5081570428262591,0.5163340590425866,0.2548063429490208,0.24889444953338824,0.2370366142247201,0.23477149142402515,0.4960767771203262,0.51512775687318,0.2597279115504883,0.2485085234105574,0.24419531132918548,0.2363637197162624,0.4909783151690308,0.5134452644292526,0.25523413066880446,0.24702557571960176,0.25378755416216464,0.23952915985114553,0.5327681470522232,0.527235908950706,0.245915267791277,0.24395035097001772,0.22131658515649974,0.22881374007927613
2025-05-27,0.018100522738449913,0.009124437075126302,0.018066404635933314,0.022186025608335637,0.0,0.022186025608335637,0.012847586221597946,0.0,0.012847586221597946,0.03177669860875805,0.0006666666666666666,0.031110031942091384,0.014307033996239449,0.0006666666666666666,0.013640367329572783,0.01789481855473688,0.0,0.01789481855473688,0.015316190249801428,0.0,0.015316190249801428,0.024454677745250043,0.0,0.024454677745250043,0.011626858054566942,0.0,0.011626858054566942,0.006774337765417322,0.0,0.006774337765417322,0.03126814949076784,0.0,0.03126814949076784,0.031182747030300106,0.0,0.031182747030300106,0.036887520439743304,0.0,0.036887520439743304,0.01415596941650965,0.0,0.01415596941650965,0.009353784014291655,0.0,0.009353784014291655,0.0019138393149628063,0.0,0.0019138393149628063,0.044524373527540795,0.001,0.043524373527540794,0.013963531736798318,0.0,0.013963531736798318,0.03474055426976763,0.001,0.03374055426976763,0.014309362444312912,-0.004735613516690457,0.011960832275939547,0.5011861175350258,0.5125297820299172,0.26170632902079566,0.2526374006554816,0.2371075534441786,0.23483281731460126,0.49573604462395393,0.5098047455743813,0.25965025633954253,0.2516093643148551,0.24461369903650354,0.2385858901107637,0.507544955695339,0.5157092011100737,0.25500378814259095,0.2492861302163793,0.23745125616206994,0.2350046686735469,0.4959651997194667,0.5146637250790457,0.2597731805771119,0.24891602602485924,0.2442616197034214,0.2364202488960951,0.49000664092687873,0.5126974006774916,0.25567923184853897,0.24756502294443017,0.2543141272245824,0.23973757637807822,0.5323766292456675,0.526679496822692,0.24610456363856625,0.24440538243513918,0.22151880711576624,0.22891512074216888
2025-05-28,-0.007798436613556709,-0.0006109120526849466,-0.007644714877161899,-0.05169625327215355,0.0,-0.05169625327215355,0.0033043028884639125,0.0,0.0033043028884639125,-0.006707255577091878,0.0,-0.006707255577091878,-0.001417349655402337,0.0006666666666666666,-0.0020840163220690036,0.004870275717758665,0.0,0.004870275717758665,5.639111700698552e-05,0.0,5.639111700698552e-05,-0.020151744214864764,0.0,-0.020151744214864764,3.627794164288555e-05,0.0,3.627794164288555e-05,0.00011664532611532801,0.0006666666666666666,-0.0005500213405513386,0.0006006872331762447,0.001,-0.0003993127668237553,0.005474232339120921,0.0,0.005474232339120921,0.002156176972758217,0.001,0.001156176972758217,-0.012180138303679311,0.0,-0.012180138303679311,-0.0029696604937899385,0.0,-0.0029696604937899385,-0.0024015774718337823,0.0,-0.0024015774718337823,-0.020701555951265604,0.0,-0.020701555951265604,-0.008895168090999939,0.0,-0.008895168090999939,-0.005594467506070955,0.001,-0.006594467506070955,-0.0008377088496638682,-0.0031657596414761393,0.002566675670631106,0.5012201785229393,0.5128318109911454,0.2612113578178669,0.25203579602621484,0.23756846365919382,0.23513239298263988,0.4955783592641,0.5100109013617257,0.2597996763299195,0.2513299552822411,0.2446219644059805,0.23865914335603322,0.5083410212137216,0.5163922323365364,0.2547166606510146,0.24878844744278866,0.23694231813526379,0.23481932022067487,0.4958245062566617,0.5149991941824638,0.2596948315969522,0.24841565136415128,0.2444806621463862,0.23658515445338502,0.4904532845388558,0.5132266910155878,0.2556543378597649,0.24708228843087945,0.2538923776013794,0.23969102055353278,0.5334315946400487,0.5274095333489814,0.24506620003081633,0.24358820294732642,0.22150220532913484,0.2290022637036921
2025-05-29,-0.0017125235101441458,0.003593845927039276,-0.001708500516411404,-0.009920411482984021,0.0006666666666666666,-0.010587078149650687,-0.016988381414869247,0.0,-0.016988381414869247,-0.006155524621659062,0.0006666666666666666,-0.006822191288325729,0.014352067315288966,0.0,0.014352067315288966,-0.00197871479463263,0.0006666666666666666,-0.0026453814612992965,0.011095494779265117,0.0006666666666666666,0.01042882811259845,-0.0018870352769186174,0.0,-0.0018870352769186174,0.0034590972318214357,0.0,0.0034590972318214357,0.0012479647914220477,0.0,0.0012479647914220477,-0.001353070574242221,0.001,-0.002353070574242221,0.021549386381240043,0.0,0.021549386381240043,0.0031443447362701216,0.001,0.0021443447362701215,-0.0030827842151885942,0.0,-0.0030827842151885942,-0.0032927110508772506,0.0,-0.0032927110508772506,-0.0025728458065126802,0.0,-0.0025728458065126802,-0.038027671922581,0.001,-0.039027671922581,-0.005267236881221937,0.0,-0.005267236881221937,-0.019415451277979334,0.0,-0.019415451277979334,0.004913938081322566,-0.005408960015522749,0.010005525254887515,0.49867191649366666,0.5115451684471389,0.2628087807105923,0.25276936490094676,0.23851930279574104,0.23568546665191425,0.49533580930259363,0.5098771148516025,0.2600520262185453,0.25139098765492324,0.24461216447886094,0.23873189749347423,0.5072962394622585,0.5158573299314348,0.2552730827998124,0.2490015159455568,0.237430677737929,0.23514115412300823,0.4956260624719231,0.5149169422841442,0.2599112824678677,0.24839978910556815,0.24446265506020923,0.23668326861028766,0.48995506474239175,0.5130455130333988,0.2558890975701546,0.24707246808932282,0.25415583768745376,0.23988201887727834,0.5327573756155262,0.5271702756215332,0.24536404176583373,0.24359919967389693,0.22187858261864016,0.22923052470456987
2025-05-30,0.01033275843815069,0.01609376936209638,0.01041521179262948,0.03100945823357744,0.0006666666666666666,0.030342791566910773,0.0492945875500755,0.0,0.0492945875500755,0.04678732760670833,0.0,0.04678732760670833,7.166126503237863e-06,0.0006666666666666666,-0.0006595005401634288,0.000469134748743808,0.0006666666666666666,-0.00019753191792285863,0.0035748150403525076,0.0,0.0035748150403525076,-0.0006440911243499694,0.0,-0.0006440911243499694,0.005749404679215216,0.0,0.005749404679215216,0.008418872157775814,0.0,0.008418872157775814,-0.009967620074209371,0.001,-0.010967620074209372,-0.014377722238479052,0.0,-0.014377722238479052,-0.013616909888576112,0.001,-0.014616909888576113,0.0038815648085472887,0.001,0.0028815648085472887,0.015987967086529498,0.0,0.015987967086529498,0.017145037570849953,0.0,0.017145037570849953,-0.0009261484639119799,0.0,-0.0009261484639119799,0.0006358433995241053,0.0,0.0006358433995241053,-0.012003919701248755,0.001,-0.013003919701248756,-0.002226491358942705,0.03950211182605885,0.032987239620151744,0.49875390933715136,0.5116586900360458,0.2624988847396622,0.25238510182557455,0.23874720592318646,0.23595620813837972,0.49589519884242467,0.5102293347886824,0.2594180684273308,0.2508446936694088,0.24468673273024455,0.23892597154190875,0.5070715475027178,0.515817509118829,0.2554466430010963,0.2488589809562916,0.23748180949618583,0.2353235099248794,0.4948645143811981,0.5147628151382053,0.2608178179722205,0.24839166360152898,0.2443176676465814,0.23684552126026576,0.48994725609466666,0.5131401199036499,0.2558737389943099,0.24676011753881846,0.2541790049110234,0.24009976255753163,0.531343236173885,0.526800793329792,0.2464538553947843,0.24365155595097504,0.22220290843133064,0.22954765071923303
2025-06-02,0.014831017686610479,0.015960617082697075,0.014829245206462173,0.01967767188516911,0.0006666666666666666,0.019011005218502443,0.015477415063058478,0.0,0.015477415063058478,0.03980919707436015,0.0,0.03980919707436015,0.00463503867988931,0.0013333333333333333,0.003301705346555977,-0.000926454412578178,0.0,-0.000926454412578178,0.010394417214855123,0.0006666666666666666,0.009727750548188457,0.015830956304374144,0.0,0.015830956304374144,0.002924310589778563,0.0,0.002924310589778563,0.001239634497470295,0.0006666666666666666,0.0005729678308036284,0.03340592052468938,0.001,0.03240592052468938,0.022040355489343244,0.0,0.022040355489343244,0.018821512068374457,0.0,0.018821512068374457,-0.0028442225043768254,0.001,-0.0038442225043768255,0.011298455908350769,0.0,0.011298455908350769,0.0061454008965976525,0.0,0.0061454008965976525,0.024143392961578636,0.0,0.024143392961578636,0.01576593124611636,0.0,0.01576593124611636,0.012229995703082586,0.0,0.012229995703082586,0.0060639654426473495,0.01551835122908159,0.03852173837546198,0.49782163949214175,0.5101832661830782,0.2630530606545996,0.25325812091915395,0.2391252998532586,0.23655861289776786,0.4957748039005206,0.5091598483872676,0.25938024826308154,0.2514217147233949,0.2448449478363978,0.23941843688933745,0.5066684356201194,0.514606664247067,0.2555864968418441,0.24952483901277622,0.23774506753803648,0.2358684967401568,0.49504959941835514,0.513471446033647,0.2607285866395806,0.2491607649841462,0.24422181394206433,0.2373677889822069,0.48922920756820765,0.5115507167230984,0.2562029291199137,0.24766729800265613,0.2545678633118787,0.24078198527424566,0.531599473284419,0.5255329044094481,0.24665359992284508,0.24451601936762346,0.22174692679273594,0.22995107622292854
2025-06-03,0.011737884754846908,0.007013266036520446,0.011692175449107316,0.00048199872262448106,0.0,0.00048199872262448106,0.0023913774886914854,0.0,0.0023913774886914854,0.00048563439738832015,0.0,0.00048563439738832015,0.01235987328757863,0.0006666666666666666,0.011693206620911964,0.011758890340174187,0.0,0.011758890340174187,0.009831085688003208,0.0,0.009831085688003208,0.029206017221525903,0.0,0.029206017221525903,-0.007111145843332129,0.0,-0.007111145843332129,0.006421681541072255,0.0,0.006421681541072255,0.028054224979605746,0.001,0.027054224979605745,0.030340258473782522,0.0,0.030340258473782522,0.028054224979605746,0.001,0.027054224979605745,0.009264650519795525,0.0,0.009264650519795525,1.2769207545171302e-05,0.0,1.2769207545171302e-05,-0.0031838556806050855,0.0,-0.0031838556806050855,0.040522468392613975,0.0,0.040522468392613975,0.006456841077465469,0.0,0.006456841077465469,0.029373000545111827,0.0,0.029373000545111827,0.011073743024447264,7.362192908707171e-05,0.005192850440448815,0.49739807246692597,0.5094280647165311,0.26263428321503063,0.25303696923787616,0.2399676443180434,0.23753496604559277,0.4957250188284114,0.5085915378972738,0.25912401972630283,0.2512818374935123,0.24515096144528567,0.24012662460921388,0.5074053713145064,0.5144317141403213,0.2552654317966914,0.24935254352870656,0.23732919688880227,0.2362157423309722,0.49567545591332207,0.5129497986187075,0.26049056222551475,0.24906645455910342,0.2438339818611631,0.23798374682218904,0.48856934054385015,0.5106047805467818,0.25667227722738994,0.24780642050972224,0.2547583822287598,0.24158879894349594,0.5321250127742054,0.524978152382799,0.2464634651283784,0.24443751251704843,0.22141152209741616,0.23058433510015253
2025-06-04,0.0034039676728672952,0.0091680649868566,0.003393357928527321,-0.0107054581475798,0.0,-0.0107054581475798,0.011147312606425616,0.0,0.011147312606425616,0.00714400701652244,0.0006666666666666666,0.006477340349855773,-0.0009401397082497986,0.0006666666666666666,-0.0016068063749164652,0.003257157031232675,0.0006666666666666666,0.0025904903645660084,0.0012638417733463005,0.0,0.0012638417733463005,-0.012447849253314434,0.0,-0.012447849253314434,-0.0058471928191658655,0.0,-0.0058471928191658655,-0.009365325954395468,0.0006666666666666666,-0.010031992621062134,0.013124315375376616,0.001,0.012124315375376615,0.010712731491418603,0.0,0.010712731491418603,0.014789103960193839,0.001,0.013789103960193838,0.017545387521559874,0.001,0.016545387521559873,-0.007838902234496181,0.0,-0.007838902234496181,-0.013467422694665943,0.0,-0.013467422694665943,0.009288521024455654,0.001,0.008288521024455653,0.0008363290238623255,0.0,0.0008363290238623255,0.009337040873726554,0.0,0.009337040873726554,0.011024894644567388,0.002941882936766782,0.011484570480433387,0.49734559620173857,0.5096241236931303,0.26271189324342814,0.2528984615233866,0.2399425105548333,0.23747741478348317,0.49577076465810727,0.5088367079213146,0.25915150646335855,0.25111826813335175,0.24507772887853413,0.24004502394533359,0.5089690477443202,0.5154358494644211,0.254106705769221,0.248595867786283,0.2369242464864589,0.235968282749296,0.49558634057582024,0.5132182686836505,0.2606235154156454,0.2488727300554041,0.2437901440085344,0.2379090012609455,0.4891383646409455,0.5110904366251419,0.25647243338906894,0.2475028729866339,0.25438920196998555,0.24140669038822435,0.5333381748142614,0.525676373982336,0.24526450377021827,0.2438042562124132,0.22139732141552035,0.23051936980525084
2025-06-05,0.003018326750199305,0.01556332454762913,0.0029571666962617464,0.005852564014625453,0.0006666666666666666,0.005185897347958786,-0.008857183325045334,0.0,-0.008857183325045334,0.015907778939241148,0.0,0.015907778939241148,-0.005597982351161009,0.0006666666666666666,-0.006264649017827676,0.0036135619273679103,0.0006666666666666666,0.0029468952607012437,-0.0010604364413736578,0.0,-0.0010604364413736578,-0.0016972320570664383,0.0,-0.0016972320570664383,-0.00755259928176936,0.0,-0.00755259928176936,-0.019853800576690395,0.0006666666666666666,-0.02052046724335706,0.012519175574045971,0.0,0.012519175574045971,-0.009001958191492021,0.0,-0.009001958191492021,-0.012054845168780914,0.0,-0.012054845168780914,-0.0028716339657673395,0.001,-0.0038716339657673396,-0.003397540478755401,0.0,-0.003397540478755401,0.004272332903023757,0.0,0.004272332903023757,-0.014919172169589878,0.0,-0.014919172169589878,0.0043093613127790364,0.0,0.0043093613127790364,0.002904074954080682,0.0,0.002904074954080682,0.012345720971001358,0.019249819941668855,0.01890182224520361,0.49631537130948983,0.5092107131034563,0.2633735734045603,0.2530704554238663,0.24031105528594987,0.23771883147267733,0.4955842706185294,0.5088451627579761,0.25928246071477135,0.25102489907897185,0.24513326866669916,0.24012993816305198,0.5087285715443459,0.5154173132208844,0.25433895079855695,0.24855314412086466,0.23693247765709718,0.236029542658251,0.4955823761944374,0.5133532409254375,0.2605441853474125,0.2486336972515716,0.2438734384581501,0.23801306182299076,0.49056505341686607,0.5116975244088391,0.25590671384967717,0.24710333165731896,0.2535282327334568,0.24119914393384195,0.5335167825615336,0.5258715950265793,0.2449629820651627,0.24349190016842917,0.22152023537330381,0.23063650480499148
2025-06-06,0.016968280776816506,0.020950156091895822,0.016788881995129953,0.04434081400685922,0.0006666666666666666,0.04367414734019255,0.027110584941817763,0.0,0.027110584941817763,0.010191531442170405,0.0,0.010191531442170405,0.009590496705671914,0.0006666666666666666,0.008923830039005248,0.0064547491962615436,0.0006666666666666666,0.005788082529594877,0.01077400363315184,0.0,0.01077400363315184,0.04275621173613116,0.0,0.04275621173613116,0.007145272197671508,0.0,0.007145272197671508,0.006121148270555099,0.0006666666666666666,0.005454481603888432,0.01685731426384174,0.001,0.015857314263841737,-0.018827736002193507,0.0,-0.018827736002193507,-0.020482300388308283,0.001,-0.021482300388308284,0.014217122038893248,0.0,0.014217122038893248,-0.003133047144662726,0.0,-0.003133047144662726,-0.0018948568053949733,0.0,-0.0018948568053949733,0.017623447938571846,0.001,0.016623447938571845,0.014908058805251145,0.0,0.014908058805251145,0.017623447938571846,0.0,0.017623447938571846,0.03602732556069258,0.00034210416510075824,0.008796178396321372,0.49643146879911354,0.5090923635983998,0.2626594431218913,0.25280736720060215,0.24090908807899516,0.23810026920099808,0.4952029165593705,0.5084780874785283,0.25958460322885113,0.251269947254082,0.24521248021177836,0.24025196526738968,0.5093638841809811,0.5155585712893336,0.2543436352864671,0.24864946328289,0.2362924805325517,0.23579196542777633,0.4967896418035518,0.5135152649216217,0.260001166662007,0.248580430155602,0.24320919153444123,0.23790430492277626,0.4903397704423018,0.5113868073724093,0.2558146609457144,0.24719888326922543,0.25384556861198376,0.24141430935836528,0.532546570026964,0.5253150512353478,0.24550686717390166,0.2437973113245272,0.2219465627991342,0.23088763744012492
2025-06-09,-0.002018222680598901,-0.0056667280333094735,-0.002063622221362075,-0.0029171045802873392,0.0,-0.0029171045802873392,-0.0031084379083496172,0.0,-0.0031084379083496172,-0.01483467255639418,0.0,-0.01483467255639418,0.011074474723110182,0.0,0.011074474723110182,-0.018661434061002475,0.0,-0.018661434061002475,0.003679444356229207,0.0,0.003679444356229207,0.017524298400251638,0.0,0.017524298400251638,-0.007578184837502352,0.0,-0.007578184837502352,-0.0065321510035128245,0.0006666666666666666,-0.0071988176701794915,0.005641854124557921,0.001,0.004641854124557921,-0.0021553120499247513,0.0,-0.0021553120499247513,0.008606299657856809,0.001,0.0076062996578568085,-0.014511139276424279,0.001,-0.01551113927642428,-0.0031290603048109156,0.0,-0.0031290603048109156,-0.004461300744034946,0.0,-0.004461300744034946,-0.0004062142046803441,0.0,-0.0004062142046803441,0.0047584215209398595,0.0,0.0047584215209398595,-0.0004062142046803441,0.0,-0.0004062142046803441,-0.004724261390704512,-0.016126579502312256,0.0030127776895625407,0.49772555948630137,0.5105652269003347,0.26242972877764664,0.2521672441982202,0.2398447117360519,0.23726752890144517,0.49524035153182344,0.5093226229230956,0.2594333316629993,0.25066904564089654,0.2453263168051772,0.2400083314360078,0.5112753879639621,0.5173401411391649,0.2533960433830949,0.2476504015009443,0.23532856865294308,0.23500945735989076,0.4986779132436193,0.5152449905610208,0.25909531354030724,0.24757764241289318,0.24222677321607336,0.23717736702608597,0.49121797626958136,0.5127832113595883,0.2553407886461676,0.2463386491978271,0.25344123508425104,0.2408781394425846,0.5325688366025635,0.5264289952694724,0.2454287050561986,0.24306766161313734,0.22200245834123802,0.2305033431173903
2025-06-10,-0.00026566001562815895,0.002432994189341676,-0.0003254895357944817,0.006531970094882858,0.0006666666666666666,0.005865303428216191,0.0002028820335965298,0.0,0.0002028820335965298,-0.0020689885293819765,0.0,-0.0020689885293819765,-0.001896018914392024,0.0006666666666666666,-0.0025626855810586906,-0.010035592704616217,0.0006666666666666666,-0.010702259371282883,-0.0168894642082484,0.0,-0.0168894642082484,0.0028130428796072637,0.0,0.0028130428796072637,0.0032023251005184328,0.0,0.0032023251005184328,-0.0009337747633288245,0.0,-0.0009337747633288245,0.020578084522075546,0.001,0.019578084522075545,0.005378823019469237,0.0,0.005378823019469237,0.018811207636487026,0.0,0.018811207636487026,-0.002071479316728464,0.0,-0.002071479316728464,-0.005095954569842076,0.0,-0.005095954569842076,-0.0087458578718006,0.0,-0.0087458578718006,-0.03177135083768495,0.001,-0.032771350837684954,0.001954377528085638,0.0,0.001954377528085638,-0.025141593116898953,0.0,-0.025141593116898953,0.01032760572064162,0.0020973582712419114,-0.01480036829541483,0.4980293825602512,0.5107686817535795,0.26257937124003916,0.25197655808878766,0.23939124619970958,0.23725476015763283,0.4962306690227432,0.5098693249848255,0.258333889031634,0.2498538169845851,0.2454354419456228,0.24027685803058946,0.5125829324442459,0.5180454566955768,0.2527084075615395,0.24704107624953786,0.23470865999421453,0.2349134670548853,0.4987870123534645,0.5153500613110715,0.25878234661209126,0.24711858349013935,0.2424306410344442,0.23753135519878915,0.49060295881754085,0.5126493236442167,0.25568507351537567,0.2460964833682232,0.2537119676670834,0.2412541929875601,0.5324270353787643,0.5264512689094204,0.24562961642335482,0.24277818252785632,0.22194334819788072,0.23077054856272322
2025-06-11,0.009424875179716255,0.008397514498438122,0.00946506925833468,0.022527781733533647,0.0,0.022527781733533647,0.017542758031387717,0.0006666666666666666,0.01687609136472105,0.019813449574053545,0.0006666666666666666,0.01914678290738688,-0.014771615438346635,0.0006666666666666666,-0.015438282105013301,0.010127425354975239,0.0,0.010127425354975239,0.004265725545140079,0.0,0.004265725545140079,0.023611289905754118,0.0,0.023611289905754118,0.006235366009949005,0.0,0.006235366009949005,0.0022765223674635253,0.0,0.0022765223674635253,0.004389317272414706,0.001,0.0033893172724147056,0.025918485233379807,0.001,0.024918485233379806,0.009401371933610514,0.0,0.009401371933610514,0.01155671679504533,0.0,0.01155671679504533,0.004311591730312758,0.0,0.004311591730312758,0.004311591730312758,0.001,0.003311591730312758,0.012493727579444003,0.0,0.012493727579444003,0.002189299164269909,0.0,0.002189299164269909,0.0002192056438523604,0.001,-0.0007807943561476396,0.002363622834497314,0.016094188399474,0.013973958840732456,0.4983835297517679,0.5113794768501101,0.2624538189480343,0.25190500327979654,0.23916265130019762,0.23671551987009337,0.49681617124590055,0.5105957975971764,0.2581969807917997,0.24977658420167922,0.2449868479622998,0.23962761820114445,0.5126669811240322,0.5185212025362422,0.25277050734305234,0.24706334747730554,0.23456251153291535,0.23441544998645222,0.49919112673477195,0.5160646058679378,0.25822088683465144,0.24692153835517933,0.24258798643057655,0.23701385577688297,0.4908570768759282,0.5133143694145194,0.25565508264845577,0.24607482297373473,0.25348784047561596,0.24061080761174597,0.5312828270645659,0.5266548669767698,0.2468956616768308,0.2431842140530985,0.22182151125860333,0.2301609189701318
2025-06-12,-0.006459803626358591,-0.00802487519993855,-0.006422840429624977,-0.020976373469474268,0.0006666666666666666,-0.021643040136140934,-0.009084441348527778,0.0,-0.009084441348527778,-0.01843686810245145,0.0006666666666666666,-0.019103534769118115,-0.006110101832468185,0.0006666666666666666,-0.006776768499134852,-0.015392521020058243,0.0,-0.015392521020058243,-0.017993862669234084,0.0,-0.017993862669234084,-0.029207460536074,0.0,-0.029207460536074,2.578628485438994e-05,0.0,2.578628485438994e-05,-0.00016448989017740317,0.0006666666666666666,-0.0008311565568440698,0.008242827954819787,0.0,0.008242827954819787,0.007967489836228525,0.0,0.007967489836228525,0.011174861215544896,0.001,0.010174861215544895,-0.004943719196290053,0.001,-0.005943719196290053,-0.0030720956915585296,0.0,-0.0030720956915585296,-0.0030720956915585296,0.0,-0.0030720956915585296,0.02595728952323695,0.0,0.02595728952323695,0.0062180420075507725,0.0,0.0062180420075507725,0.009267333292531266,0.0,0.009267333292531266,-0.012108491810425724,-0.007430132012581543,0.0004804323939897239,0.4986233962222265,0.511167163043938,0.2622686753879509,0.25200753298944,0.23910792838982264,0.2368253039666221,0.4956238230681794,0.5096673764669144,0.2589639131321712,0.25035515186155016,0.24541226379964928,0.23997747167153544,0.5136785295691588,0.5186947297174042,0.25234677015200235,0.24704658037146576,0.2339747002788389,0.23425868991113025,0.4984551276112392,0.5153765151216941,0.25900853712503075,0.24744289894718266,0.24253633526373009,0.23718058593112334,0.4912634528543375,0.5130032624519165,0.25547773793227035,0.24627773521357174,0.2532588092133921,0.24071900233451182,0.5318951377497149,0.5264117184673911,0.24664590992167795,0.24336323197007625,0.2214589523286071,0.23022504956253276
2025-06-13,-0.011840701806245572,-0.008245906323438723,-0.011841024947346145,-0.013143937908023743,0.0006666666666666666,-0.013810604574690409,-0.0014237210025956158,0.0,-0.0014237210025956158,0.010058491294067032,0.0,0.010058491294067032,0.003487971102797416,0.0,0.003487971102797416,-0.016732781564867495,0.0,-0.016732781564867495,-0.01775478404625034,0.0,-0.01775478404625034,-0.026417679389472037,0.0,-0.026417679389472037,-0.02253312990366966,0.0,-0.02253312990366966,-0.014393200991753452,0.0,-0.014393200991753452,-0.012369536843221507,0.001,-0.013369536843221508,-0.018579197363947864,0.0,-0.018579197363947864,-0.024440253452110317,0.0,-0.024440253452110317,-0.012455062185124322,0.001,-0.013455062185124322,-0.0014316591498130249,0.0,-0.0014316591498130249,-0.0014316591498130249,0.0,-0.0014316591498130249,-0.03327011116806505,0.0,-0.03327011116806505,-0.014535944474706186,0.0,-0.014535944474706186,-0.018572354476085795,0.0,-0.018572354476085795,-0.020725138162932012,0.011725517655644297,-0.0010052230959003063,0.49821478789682166,0.5107382496996594,0.2627457813473059,0.25226111474447244,0.23903943075587245,0.23700063555586814,0.4961425560629603,0.5097021337827288,0.2587663397891869,0.2502713939654129,0.24509110414785273,0.24002647225185827,0.5121664399031401,0.5177140757028187,0.2531532925535928,0.24746487034761588,0.2346802675432671,0.23482105394956546,0.49841353609803785,0.5150618136190255,0.25897195078447566,0.2474509640137751,0.24261451311748655,0.23748722236719932,0.4911127394473993,0.5126525507243148,0.2555534233150027,0.246322849948849,0.25333383723759806,0.24102459932683612,0.5328516713195358,0.5264263982421199,0.24606733988773463,0.24319244241785054,0.2210809887927296,0.2303811593400295
2025-06-16,0.021130629283922835,0.01401522178153829,0.021008646274052755,0.026607730700528128,0.0006666666666666666,0.025941064033861462,0.026606660317722627,0.0,0.026606660317722627,0.02875628576804945,0.0,0.02875628576804945,-0.007439901901057994,0.0006666666666666666,-0.00810656856772466,0.016070030612403675,0.0006666666666666666,0.01540336394573701,0.005419311463827088,0.0,0.005419311463827088,0.05487668431691475,0.0,0.05487668431691475,0.0068294807554321775,0.0,0.0068294807554321775,0.012500533836029188,0.0006666666666666666,0.011833867169362522,0.06237316247877944,0.0,0.06237316247877944,0.02107485199324899,0.0,0.02107485199324899,0.017683470570652338,0.0,0.017683470570652338,0.021339329412403574,0.001,0.020339329412403573,-0.0036152137324138023,0.0,-0.0036152137324138023,-0.0036152137324138023,0.0,-0.0036152137324138023,0.03969741197845933,0.0,0.03969741197845933,0.01939288664304062,0.0,0.01939288664304062,0.03018493736960315,0.0,0.03018493736960315,0.0121551763488937,0.01834437049841516,0.013673805082575763,0.49727714620113733,0.5095835915133484,0.26293436105193396,0.25286296494882726,0.2397884927469287,0.23755344353782432,0.4972301953749919,0.5095601161002756,0.25823471650896357,0.2505131426773421,0.2445350881160445,0.2399267412223822,0.5117570624575019,0.5168235496415307,0.25315737602258237,0.2479744724341515,0.23508556151991572,0.2352019779243178,0.4988358281342334,0.5142821479574219,0.2589079628281994,0.24810997885993857,0.24225620903756717,0.23760787318263948,0.4904817247093273,0.5115252938272028,0.2558703068154884,0.24710755237574397,0.2536479684751842,0.24136715379705315,0.5319721055607803,0.5252171195081823,0.24662953993902814,0.24405809930651207,0.22139835450019146,0.23072478118530554
2025-06-17,-0.007825595951371469,-0.007222454242632393,-0.007811180715521233,-0.004388680222910576,0.0006666666666666666,-0.005055346889577243,-0.014509219810218871,0.0,-0.014509219810218871,0.008403709308110555,0.0,0.008403709308110555,0.002990860063362651,0.0006666666666666666,0.0023241933966959847,-0.008523798521329746,0.0,-0.008523798521329746,-0.0049744199732556504,0.0,-0.0049744199732556504,-0.025556594007872985,0.0,-0.025556594007872985,0.003906177640097856,0.0,0.003906177640097856,-0.0019294767057853601,0.0006666666666666666,-0.0025961433724520267,-0.002040366106253355,0.001,-0.003040366106253355,-0.005067131147365123,0.0,-0.005067131147365123,-0.01284959181726375,0.001,-0.013849591817263751,-0.017799019356857793,0.0,-0.017799019356857793,0.0002516661995863867,0.0,0.0002516661995863867,0.0002516661995863867,0.0,0.0002516661995863867,-0.027759709040793834,0.0,-0.027759709040793834,0.000790589291609245,0.0,0.000790589291609245,-0.01834394665700778,0.0,-0.01834394665700778,-0.009442100220003947,-0.009123534091257768,-0.0003379059823076884,0.49718836907993214,0.5094372585223765,0.2629241680301843,0.25296826499960506,0.23988746288988336,0.23759447647801826,0.49625076869046936,0.5089684583276451,0.259001616617973,0.2510069892934994,0.2447476146915577,0.24002455237885545,0.5138955659970849,0.5177908569809528,0.2519210051356877,0.24746668355235676,0.2341834288672273,0.23474245946669023,0.5004404461999349,0.5146750663824086,0.25816784225197675,0.2480136704623996,0.24139171154808833,0.2373112631551918,0.49173894002337976,0.5118035693441454,0.25523895739439806,0.24704713845939863,0.2530221025822222,0.24114929219645595,0.5327665700149653,0.5253426872413686,0.24594692007610622,0.24398076614436232,0.2212865099089285,0.23067654661426903
2025-06-18,0.004994045732894992,0.0019945074601608994,0.0049142798663233045,-0.0021425670729026862,0.0,-0.0021425670729026862,-0.00558172869267522,0.0,-0.00558172869267522,0.0032952959272934956,0.0,0.0032952959272934956,-0.005490075879433102,0.0013333333333333333,-0.0068234092127664354,0.002086292916976114,0.0,0.002086292916976114,-0.0016898689413689843,0.0,-0.0016898689413689843,0.08580373592722775,0.0,0.08580373592722775,-0.03128027503875112,0.0006666666666666666,-0.031946941705417786,-0.006235839730981593,0.0,-0.006235839730981593,0.005214255821793634,0.0,0.005214255821793634,-0.008438926639345201,0.0,-0.008438926639345201,-0.007357370112571149,0.0,-0.007357370112571149,0.0018703984077128033,0.0,0.0018703984077128033,0.0021396161733119867,0.0,0.0021396161733119867,-0.001001995040768311,0.001,-0.002001995040768311,0.013713062283685518,0.0,0.013713062283685518,0.004185860277320375,0.0,0.004185860277320375,0.00557544498706164,0.001,0.00457544498706164,-0.003765053558816584,0.0094091449323949,0.0070961191899488645,0.49711007006986174,0.5092764677328485,0.26236137487050437,0.2526383304646097,0.24052855505963386,0.23808520180254178,0.49672971245015646,0.5090862889229959,0.25866166220477427,0.25078847413174465,0.24460862534506933,0.24012523694525953,0.512514135090109,0.5169785002429721,0.2528031124767909,0.24785919926775296,0.23468275243310008,0.2351623004892749,0.5007695423440556,0.514620668788748,0.2582276863511122,0.2479683781552061,0.24100277130483225,0.23741095305604595,0.49079156852567446,0.5113279374286822,0.25571470919279593,0.24713909569296172,0.2534937222815297,0.24153296687835613,0.5317472082563643,0.5248432985398099,0.24695253049337934,0.24424757672215425,0.22130026125025642,0.23090912473803593
2025-06-20,-0.001065198492694873,0.0010387897452203557,-0.0011354302120354673,-0.0004791193456262035,0.0006666666666666666,-0.00114578601229287,-0.027193228246389402,0.0,-0.027193228246389402,-0.00837318351498543,0.0,-0.00837318351498543,0.01096766705112532,0.0,0.01096766705112532,0.00618707053279699,0.0,0.00618707053279699,0.00796998234926871,0.0,0.00796998234926871,0.013357826708037054,0.0,0.013357826708037054,-0.0030211641502205042,0.0,-0.0030211641502205042,0.0006189896426004315,0.0006666666666666666,-4.76770240662351e-05,-0.0020384190450558615,0.0,-0.0020384190450558615,-0.013497869672280394,0.0,-0.013497869672280394,-0.010697433299685088,0.001,-0.01169743329968509,-1.4521423082947127e-05,0.001,-0.0010145214230829471,0.007277827067135645,0.0,0.007277827067135645,0.007277827067135645,0.001,0.006277827067135645,-0.024375088533979017,0.0,-0.024375088533979017,-0.0003094193143073354,0.0,-0.0003094193143073354,-0.00310988885539748,0.0,-0.00310988885539748,0.007190351457437701,-0.006828017643316864,-0.004429185704035535,0.49706761377905967,0.5089398743749404,0.26214956849752763,0.25272159443727304,0.24078281772341267,0.23833853118778664,0.4963583075734803,0.5085852212721507,0.25895231734080437,0.25112296885891144,0.24468937508571525,0.24029180986893792,0.5161625915645511,0.5184873632676861,0.2502588146458018,0.24677621751141016,0.23357859378964702,0.2347364192209038,0.5014589179894813,0.5144255733669789,0.2578428313572615,0.24809486000049868,0.24069825065325723,0.23747956663252248,0.49088562247540396,0.5109363858473334,0.2557781738553374,0.24741352302486375,0.25333620366925874,0.24165009112780297,0.5322357116950721,0.5245819152898239,0.24668535936071836,0.24441289424163948,0.22107892894420944,0.2310051904685367
2025-06-23,0.016724756627193887,0.021267397015617827,0.016750133211286985,0.028757795780689634,0.0006666666666666666,0.028091129114022968,0.021916369676602043,0.0,0.021916369676602043,0.021341576909229033,0.0,0.021341576909229033,0.015437595451077035,0.0,0.015437595451077035,0.026592180124119864,0.0006666666666666666,0.025925513457453198,0.016224750490025325,0.0006666666666666666,0.01555808382335866,0.0033530688320072555,0.0,0.0033530688320072555,0.007445448955884873,0.0006666666666666666,0.006778782289218206,0.006728819534243165,0.0006666666666666666,0.006062152867576498,-0.004215741217231339,0.0,-0.004215741217231339,0.01125440775770592,0.0,0.01125440775770592,0.00949341239723156,0.0,0.00949341239723156,0.01408020913349195,0.0,0.01408020913349195,0.013631557286514329,0.0,0.013631557286514329,0.016866540379454675,0.001,0.015866540379454674,0.024607489654414172,0.0,0.024607489654414172,0.02260162317510206,0.0,0.02260162317510206,0.023802193192467902,0.0,0.023802193192467902,0.023594475212068627,0.016845953316819706,0.020674910242562367,0.4979615571014462,0.5097232228410942,0.261188421662133,0.25204011082527455,0.24085002123642066,0.23823666633363116,0.4965637981794167,0.5090243433800794,0.2587995767998506,0.25084568839413335,0.2446366250207326,0.24012996822578714,0.5169462531275483,0.5192155708541452,0.2497781557837385,0.24633497788607733,0.23327559108871315,0.23444945125977742,0.5020148917621053,0.515059789630592,0.2575082690012248,0.247715234762643,0.24047683923666996,0.23722497560676503,0.49047653906844096,0.5112521332416827,0.25601044599704076,0.24722095317126225,0.2535130149345181,0.24152691358705491,0.5310465233815912,0.5246402280650222,0.24738124288635882,0.24437331614473723,0.22157223373204993,0.2309864557902404
2025-06-24,0.021042919958106455,0.012400241427621013,0.02101704589322766,0.025446473363475386,0.0006666666666666666,0.02477980669680872,0.026033705638536388,0.0,0.026033705638536388,0.006648598349534313,0.0,0.006648598349534313,0.0012383737590084079,0.0,0.0012383737590084079,0.01046821640629784,0.0,0.01046821640629784,0.0037757895506453916,0.0,0.0037757895506453916,0.06957856862164724,0.0,0.06957856862164724,0.009658066243500999,0.0,0.009658066243500999,0.01645678648335876,0.0,0.01645678648335876,0.0471042772550182,0.0,0.0471042772550182,0.05179342753015992,0.001,0.05079342753015992,0.04292933521998599,0.0,0.04292933521998599,0.008214176496562087,0.0,0.008214176496562087,-0.000579423999544304,0.0,-0.000579423999544304,-0.002517846250713829,0.0,-0.002517846250713829,0.03879303567714398,0.001,0.03779303567714398,0.011755363460364654,0.0,0.011755363460364654,0.021965530278150958,0.0,0.021965530278150958,0.015540140256758761,0.011233381853552235,0.006648598349534313,0.4983002038298984,0.5100199546095532,0.2610273534510741,0.251846845672403,0.2406724427190274,0.2381331997180438,0.49627753804707714,0.5090086217181425,0.2592206791208561,0.250943508507294,0.24450178283206672,0.24004786977456344,0.5167847552883039,0.519262230338756,0.24987982209252943,0.24627307999313067,0.23333542261916668,0.23446468966811343,0.5012473581545017,0.5149772308017548,0.25795121747117594,0.24771034815428844,0.24080142437432228,0.23731242104395667,0.49044171834665606,0.5114113696651658,0.2559681532210613,0.2470559369517506,0.2535901284322827,0.2415326933830836,0.5311217569665813,0.5248357824097412,0.2473120917899178,0.24419943667947325,0.22156615124350096,0.23096478091078565
2025-06-25,-0.0004046629078727909,-0.0007624436229834428,-0.00042034863775320243,-0.00992394316069826,0.0006666666666666666,-0.010590609827364926,-0.01712625360808462,0.0,-0.01712625360808462,0.004229850077175468,0.0,0.004229850077175468,-0.005239412772114593,0.0,-0.005239412772114593,-0.0018958094460026493,0.0,-0.0018958094460026493,0.0023896284491305244,0.0,0.0023896284491305244,0.018030758794592778,0.0,0.018030758794592778,-0.0006934827170572699,0.0,-0.0006934827170572699,0.00042833820915610943,0.0,0.00042833820915610943,0.015371363229930268,0.001,0.014371363229930267,0.02333818988219316,0.001,0.02233818988219316,0.00768841461466252,0.0,0.00768841461466252,-0.00815781171250346,0.0,-0.00815781171250346,-0.01702824808279202,0.0,-0.01702824808279202,-0.020928014839582176,0.0,-0.020928014839582176,0.001087002794231351,0.0,0.001087002794231351,-0.0024367154330125484,0.0,-0.0024367154330125484,-0.0007795958475095843,0.0,-0.0007795958475095843,0.0019403272510021279,-0.011420869523857641,0.004229850077175468,0.4987220670664313,0.510402878630766,0.26131714105647286,0.2519619760928527,0.23996079187709585,0.23763514527638124,0.4959634714585974,0.5090235808268491,0.2595592405466323,0.2510830258379324,0.24447728799477017,0.23989339333521842,0.5187278310819475,0.5204057606385242,0.24870343590653032,0.24565512351788144,0.23256873301152214,0.2339391158435944,0.5012744865780615,0.5152166530014779,0.2581220950517486,0.24772685482366283,0.24060341837018975,0.2370564921748593,0.49095384594688385,0.5118108415931892,0.25576269742065055,0.24694825360540046,0.2532834566324656,0.2412409048014103,0.5322308216646885,0.5254322435800648,0.2464771115707063,0.24388401027491885,0.22129206676460525,0.2306837461450164
2025-06-26,0.01485508157017396,0.018930332790720313,0.01487392321136036,0.01867658603992302,0.0006666666666666666,0.018009919373256356,0.018660701927302032,0.0,0.018660701927302032,0.010471939437345514,0.0,0.010471939437345514,0.010024595433343034,0.0,0.010024595433343034,0.013842616420578269,0.0,0.013842616420578269,0.013057186013024968,0.0006666666666666666,0.012390519346358302,0.03605234677025004,0.0,0.03605234677025004,0.006002737194113187,0.0,0.006002737194113187,0.0018083586742153965,0.0,0.0018083586742153965,0.00752071506109242,0.002,0.00552071506109242,0.015734112404190204,0.001,0.014734112404190203,0.0055173141017142435,0.001,0.0045173141017142435,0.002406200559678995,0.0,0.002406200559678995,-0.0034236986136025327,0.0,-0.0034236986136025327,0.001678534228327755,0.001,0.0006785342283277549,0.03629015154157911,0.001,0.03529015154157911,0.007067152969069679,0.0,0.007067152969069679,0.009168382519883389,0.0,0.009168382519883389,0.02402400110109445,0.01616907201958632,0.010471939437345514,0.4985278482744258,0.5104537595459588,0.26085710723841327,0.25146065377307575,0.24061504448716092,0.23808558668096538,0.49567880019245486,0.5090292355049734,0.2595924703146857,0.25082833531121196,0.24472872949285945,0.24014242918381465,0.5196809829767547,0.5210303268971233,0.2481826257046637,0.24512341300620097,0.23213639131858177,0.2338462600966758,0.5012269814072833,0.515399283312123,0.25852980056214436,0.24749784839169225,0.24024321803057241,0.23710286829618468,0.4915212188336088,0.5121963816628105,0.25558173144178514,0.2465249855819737,0.25289704972460614,0.24127863275521583,0.5323740554146359,0.5256778177345495,0.24636107345642455,0.2434821684468047,0.22126487112893947,0.23084001381864583
2025-06-27,0.004149887231497686,0.00950668289044237,0.0041189466276056255,-0.03092680463645225,0.0,-0.03092680463645225,-0.04246054088964053,0.0,-0.04246054088964053,0.008828054056710721,0.0,0.008828054056710721,0.025462278008080503,0.0006666666666666666,0.024795611341413837,0.0105487020331582,0.0006666666666666666,0.009882035366491534,0.00983036244893191,0.0,0.00983036244893191,-0.005302757318022988,0.0,-0.005302757318022988,0.0029501150733711365,0.0,0.0029501150733711365,0.002477320076547699,0.0006666666666666666,0.0018106534098810325,0.0106305571312727,0.001,0.009630557131272699,0.007287724924847083,0.001,0.006287724924847083,-0.006438202938817139,0.0,-0.006438202938817139,0.017570716464449965,0.0,0.017570716464449965,0.011269370488782737,0.0,0.011269370488782737,0.004420107957196773,0.0,0.004420107957196773,0.04011512036780862,0.001,0.03911512036780862,-0.005994831792343891,0.0,-0.005994831792343891,-0.0055513657370725444,0.0,-0.0055513657370725444,0.01096140452818739,0.007021773892258072,0.008828054056710721,0.4986998669044067,0.5108191194493072,0.2609827814198723,0.25145324295057536,0.24031735167572105,0.23772763760011756,0.49551535798208796,0.5092268649881478,0.2597150258216837,0.25081936515148107,0.2447696161962282,0.23995376986037112,0.5213621490881103,0.522150260541159,0.24741924011147512,0.24467147229637676,0.23121861080041464,0.23317826716246434,0.5010014937490005,0.5156992021732894,0.2589139613144913,0.24753048923623866,0.24008454493650824,0.23677030859047213,0.49172009441516634,0.512636340393124,0.25537230461334454,0.2463617425248602,0.2529076009714892,0.24100191708201585,0.5337972993582998,0.526521818024358,0.24555997926063403,0.24312367515846572,0.2206427213810661,0.23035450681717623
2025-06-30,0.009396961816541346,0.008843326099783892,0.009428160328327134,0.016943401549149303,0.0,0.016943401549149303,0.029273713357696608,0.0,0.029273713357696608,0.00036761314242435717,0.0,0.00036761314242435717,-0.0036267961316915533,0.0,-0.0036267961316915533,0.006279645436196708,0.0,0.006279645436196708,0.003944618262317881,0.0,0.003944618262317881,0.022501085015879736,0.0,0.022501085015879736,0.010451916123329777,0.0,0.010451916123329777,0.008961808389935433,0.0,0.008961808389935433,-0.0012096059890841504,0.001,-0.0022096059890841504,0.012455512656717072,0.0,0.012455512656717072,0.005643170373445694,0.0,0.005643170373445694,0.011054264738129205,0.001,0.010054264738129204,0.005659767247655156,0.0,0.005659767247655156,0.0020169198418137912,0.0,0.0020169198418137912,0.011512859865916991,0.0,0.011512859865916991,0.014084460405928256,0.0,0.014084460405928256,0.014297772658976027,0.0,0.014297772658976027,0.009459788841139625,0.013011149529805938,0.003185245303833129,0.4980109509385781,0.510554534672785,0.25999176824401093,0.25089462397756107,0.2419972808174109,0.23855084134965399,0.4962995842435472,0.5096988513252695,0.25931266155215277,0.25055507063163196,0.2443877542043001,0.23974607804309855,0.5209584942449521,0.522028306325972,0.247656523007397,0.2447270013592541,0.2313849827476509,0.23324469231477396,0.5014982166479823,0.5159701508265186,0.25898879152411003,0.24747061260940084,0.23951299182790778,0.2365592365640806,0.49222964039204675,0.51291152066206,0.25529887849807575,0.24625294131080952,0.25247148110987744,0.2408355380271306,0.536143017508931,0.5274029351106317,0.24431366539884555,0.24262782098806357,0.2195433170922235,0.2299692439013048
2025-07-01,-0.021210425770362487,-0.027439769403851996,-0.021310751558769228,-0.03766158917267144,0.0006666666666666666,-0.03832825583933811,-0.040957536494658275,0.0,-0.040957536494658275,-0.03996538045682352,0.0,-0.03996538045682352,-0.005997866199554262,0.0013333333333333333,-0.007331199532887595,-0.015940172451658685,0.0,-0.015940172451658685,-0.022587551949706,0.0,-0.022587551949706,-0.034686858208353114,0.0,-0.034686858208353114,0.0007273575563123691,0.0,0.0007273575563123691,0.005814072554376381,0.0013333333333333333,0.004480739221043048,-0.02439745815346961,0.001,-0.02539745815346961,-0.009744935268729438,0.001,-0.010744935268729439,-0.02936363431405775,0.0,-0.02936363431405775,0.027502405022610366,0.001,0.026502405022610365,-0.010276144194626136,0.0,-0.010276144194626136,-0.01680712112928795,0.0,-0.01680712112928795,-0.02402855542125726,0.001,-0.02502855542125726,-0.00809016624152531,0.0,-0.00809016624152531,-0.007244372399241583,0.0,-0.007244372399241583,-0.024784488061093752,-0.02644128401197602,-0.034384488420448875,0.4980940437976071,0.5106298739209588,0.26070934626213077,0.25135924325887893,0.24119660994026212,0.2380108828201622,0.495838995329707,0.5095023496870088,0.2596115295987025,0.2508103349271648,0.24454947507159053,0.23968731538582638,0.521627643397327,0.5223966737208188,0.24734796398742603,0.24467855212152656,0.23102439261524696,0.2329247741576546,0.500900075143993,0.5158180465072058,0.2594777711767797,0.24777378845960746,0.23962215367922723,0.23640816503318668,0.49255535007402035,0.5130642872341148,0.2552321621484211,0.24637273748024913,0.25221248777755834,0.24056297528563594,0.5360034383140938,0.5274021563533391,0.2443820003824566,0.24279218409748085,0.21961456130344972,0.22980565954918009
2025-07-02,0.01218382501467169,0.016214482846834164,0.012119576938618804,0.003956221481167809,0.0006666666666666666,0.0032895548145011424,0.008785639077069455,0.0,0.008785639077069455,0.009219360618375472,0.0,0.009219360618375472,0.0034518182668637305,0.0013333333333333333,0.0021184849335303974,-0.004419096202889938,0.0,-0.004419096202889938,0.011691588826415892,0.0,0.011691588826415892,0.02720849439208487,0.0006666666666666666,0.026541827725418205,0.0011369464609809476,0.0,0.0011369464609809476,0.010503975269159284,0.0006666666666666666,0.009837308602492618,0.04231779358292931,0.001,0.04131779358292931,0.018598564775459292,0.001,0.01759856477545929,0.013261004261729936,0.0,0.013261004261729936,0.00810077929082631,0.002,0.00610077929082631,-0.007769014731319357,0.0,-0.007769014731319357,-0.007769014731319357,0.001,-0.008769014731319358,0.02249796603307297,0.0,0.02249796603307297,-0.009785817663657603,0.0,-0.009785817663657603,0.009098726579672534,0.0,0.009098726579672534,0.024688664976693385,-0.0030354166223342705,0.017168728409864643,0.4982070465583815,0.5108321889373004,0.26062455017400127,0.2513421796480657,0.24116840326761713,0.23782563141463375,0.49646014927608967,0.5099587402961545,0.259467242527456,0.2507635258247931,0.2440726081964544,0.2392777338790524,0.5196765502608044,0.521566940788512,0.24826225926413942,0.2451610341931348,0.23206119047505622,0.2332720250183533,0.5005996387691724,0.5159142927756939,0.2601213090719726,0.2480201041055782,0.239279052158855,0.23606560311872793,0.4946562363512343,0.5139529699777743,0.25434873161363586,0.24611515354432706,0.2509950320351298,0.2399318764778986,0.5350977570072117,0.5272986717942469,0.24483842810954776,0.242976753387978,0.22006381488324045,0.2297245748177751
2025-07-03,0.01085607389296321,0.008224423588354455,0.010875074054278148,0.01803967978479252,0.0,0.01803967978479252,0.015120375661022013,0.0,0.015120375661022013,0.019844996665974612,0.0,0.019844996665974612,0.014061607001956133,0.0006666666666666666,0.013394940335289467,0.005738422970393842,0.0,0.005738422970393842,0.013036361652536039,0.0,0.013036361652536039,0.013545526994630814,0.0006666666666666666,0.012878860327964148,0.011594271297171424,0.0,0.011594271297171424,0.012778164002083054,0.0,0.012778164002083054,0.00036663630777911127,0.001,-0.0006333636922208888,0.00757954823472784,0.0,0.00757954823472784,0.012349885030067731,0.001,0.01134988503006773,0.006241232144557962,0.0,0.006241232144557962,0.012283639593779982,0.0,0.012283639593779982,0.011168996708142864,0.001,0.010168996708142863,0.01639598924461494,0.0,0.01639598924461494,0.01618391967079913,0.0,0.01618391967079913,0.009152691304706528,0.001,0.008152691304706527,0.005229199601161602,0.007658638189262193,0.015503096049807336,0.49790756265630204,0.5111478917421477,0.2607686824396476,0.2509256339003788,0.2413237549040504,0.23792647435747352,0.49639304226983155,0.5103906315489124,0.2590762421056712,0.2500794137333906,0.24453071562449724,0.23952995471769695,0.520787698323387,0.5225879595756902,0.24746929901936146,0.24427594219023574,0.23174300265725167,0.23313609823407416,0.5019539717644592,0.516984918637027,0.2595290976214345,0.24716993440701712,0.23851693061410617,0.2358451469559558,0.4954104003868915,0.5148255400824296,0.25399563687036203,0.2453438923591632,0.25059396274274653,0.23983056755840712,0.5363166144273799,0.5283245907157909,0.24373806704515116,0.2419588943168436,0.2199453185274691,0.22971651496736556
2025-07-07,0.0006057264078498513,-0.0016195136852397473,0.0006885146317026115,0.011089756302348356,0.0006666666666666666,0.01042308963568169,0.028505649443932708,0.0,0.028505649443932708,0.016891957660878882,0.0,0.016891957660878882,0.0029925509176730314,0.0006666666666666666,0.002325884251006365,0.002530958253738206,0.0,0.002530958253738206,0.001766150509641351,0.0,0.001766150509641351,0.02307251148631373,0.0,0.02307251148631373,0.0004469686938043775,0.0,0.0004469686938043775,-0.011336060898226585,0.0,-0.011336060898226585,-0.02350298278125601,0.001,-0.02450298278125601,-0.00785810116046981,0.001,-0.008858101160469811,-0.013805929550507634,0.0,-0.013805929550507634,-0.007664390032037172,0.0,-0.007664390032037172,0.011517294579758919,0.0,0.011517294579758919,0.00013331237455943556,0.0,0.00013331237455943556,-0.012686845358763466,0.0,-0.012686845358763466,-0.00231516486083011,0.0,-0.00231516486083011,-0.01162819821194716,0.0,-0.01162819821194716,-0.013943109092306631,0.012063308805832987,0.011833651658875769,0.49794157658871874,0.5109999317984231,0.26062666935249396,0.25084026035860296,0.24143175405878733,0.23815980784297386,0.49660888771168,0.5103335873599038,0.2587724887852018,0.2499131700749569,0.24461862350311825,0.2397532425651393,0.5208250152627439,0.5224416511354357,0.24742027737085584,0.24423706436778392,0.23175470736640025,0.2333212844967803,0.5014279845784348,0.5165902872063289,0.2597046720424268,0.24720862218835787,0.23886734337913842,0.23620109060531314,0.49514832636338163,0.5145179999953613,0.25418360263425577,0.24538666928366143,0.25066807100236255,0.2400953307209771,0.5365265416402,0.5281728110367114,0.24382261319573445,0.24196754276894938,0.21965084516406558,0.22985964619433913
2025-07-08,-0.007080974971618708,-0.005275500910175094,-0.007103341958083564,-0.019482268521184655,0.0,-0.019482268521184655,-0.007550957595608347,0.0,-0.007550957595608347,-0.011972891965963517,0.0,-0.011972891965963517,-0.014255721509769503,0.0,-0.014255721509769503,-0.019334903098229567,0.0006666666666666666,-0.020001569764896233,-0.02088362384660858,0.0006666666666666666,-0.021550290513275245,-0.00620634039492407,0.0,-0.00620634039492407,-0.011697950014318207,0.0006666666666666666,-0.012364616680984873,-0.022944594822779402,0.0,-0.022944594822779402,0.008343661067796049,0.001,0.007343661067796049,0.003203943068677162,0.0,0.003203943068677162,-0.007198358419430895,0.0,-0.007198358419430895,0.006915662482807727,0.0,0.006915662482807727,-0.01549474596383349,0.001,-0.01649474596383349,-0.005707519594219335,0.001,-0.006707519594219335,0.011879440060696134,0.001,0.010879440060696133,-0.00597091096615443,0.0,-0.00597091096615443,0.00026124833835572403,0.0,0.00026124833835572403,0.0030294489055513107,-0.013829812553297738,-0.014925351648948482,0.4972852755370422,0.5099935745443126,0.26127341804065696,0.2515100081763169,0.2414413064223008,0.23849641727937054,0.49661763183984936,0.5096597526957162,0.2587881897805361,0.2502673940462565,0.24459417837961445,0.24007285325802735,0.5223090901816407,0.5225054818666118,0.24694915662367747,0.24434787746782716,0.23074175319468168,0.23314664066556098,0.5007310502436998,0.5154515018599815,0.260197164291983,0.24783528508537886,0.2390717854643173,0.23671321305463972,0.4944379351349708,0.5133747738741009,0.2548434080921224,0.24606854553942487,0.2507186567729068,0.24055668058647423,0.5362152822823998,0.5271612984327525,0.24421249135242176,0.24256034301532364,0.2195722263651785,0.2302783585519239
2025-07-09,0.009509957669418053,0.014937373371490158,0.00954126204505068,-0.0014959918054840606,0.0006666666666666666,-0.0021626584721507274,0.021412111058508966,0.0,0.021412111058508966,0.0031208174187523636,0.0006666666666666666,0.002454150752085697,0.01535734944880366,0.0,0.01535734944880366,0.0078079292129208016,0.0,0.0078079292129208016,0.007624155029649933,0.0,0.007624155029649933,0.02532940510272352,0.0006666666666666666,0.024662738436056854,0.0034779754745191864,0.0006666666666666666,0.00281130880785252,-0.0007516685631289524,0.0006666666666666666,-0.001418335229795619,-0.004538805626436326,0.001,-0.005538805626436326,0.0016000678871350704,0.001,0.0006000678871350704,0.019954921530018654,0.0,0.019954921530018654,0.007130555463223831,0.002,0.005130555463223831,-0.0007104825610459997,0.001,-0.0017104825610459997,0.009400224639694699,0.001,0.008400224639694698,0.008103678212017573,0.001,0.007103678212017573,0.0044749349640351155,0.0,0.0044749349640351155,0.018818462233069932,0.0,0.018818462233069932,0.020652027975451848,0.010781324691746641,0.006474669367845168,0.4967703696332618,0.5101918888002797,0.26165766909944194,0.25148498984659795,0.2415719612672962,0.2383231213531224,0.4969587790698602,0.5102860935185789,0.2586536749412973,0.24998299276752567,0.2443875459888425,0.23973091371389554,0.5228993383299387,0.5232563731486182,0.2469087092591553,0.24411050992645467,0.2301919524109059,0.23263311692492722,0.5012097412583492,0.5162201979533445,0.260219590830407,0.2475517130718495,0.23857066791124382,0.23622808897480602,0.49541193032049385,0.5143069203438523,0.2540931802096185,0.2455299975669893,0.25049488946988757,0.24016308208915843,0.5369410643852908,0.5280115345852353,0.24367923530928273,0.24209339574987848,0.2193797003054266,0.22989506966488632
2025-07-10,-0.008273543362385088,-0.02161451107266042,-0.008340819620843935,-0.013864991361816587,0.0006666666666666666,-0.014531658028483253,-0.012689594699053248,0.0,-0.012689594699053248,-0.04648849126659371,0.0006666666666666666,-0.04715515793326038,-0.0013655916123936906,0.0,-0.0013655916123936906,0.0007946672646939414,0.0,0.0007946672646939414,0.0006324034157494012,0.0,0.0006324034157494012,0.01000089402744116,0.0006666666666666666,0.009334227360774494,0.0036254208297522203,0.0,0.0036254208297522203,0.010472910844918637,0.0,0.010472910844918637,0.013655767937906182,0.0,0.013655767937906182,-0.0015516902779424968,0.001,-0.002551690277942497,-0.008983877301366072,0.0,-0.008983877301366072,0.007829478140558843,0.001,0.006829478140558843,-0.0016152241907111953,0.0,-0.0016152241907111953,0.010045095787260538,0.0,0.010045095787260538,-0.016262405563743365,0.001,-0.017262405563743366,-0.008351404684511787,0.0,-0.008351404684511787,0.003295803834068245,0.0,0.003295803834068245,-0.01925211852288288,-0.0090190178467849,-0.03983371546863801,0.49601002311920184,0.5101258722668544,0.2625537945208841,0.25182769212539874,0.24143618235991407,0.2380464356077469,0.49735979788227797,0.5108007596483924,0.2584523247785259,0.24977695725421964,0.24418787733919597,0.23942228309738786,0.5241508743263035,0.5241962978704051,0.24636654939555555,0.24373406956273447,0.22948257627814092,0.23206963256686033,0.5004009239173063,0.5163742582404307,0.26013480680484524,0.24738255136464088,0.23946426927784836,0.2362431903949284,0.4955074226525623,0.5147594028230652,0.2537773144715633,0.24528457889465782,0.25071526287587437,0.23995601828227697,0.5367232198021411,0.5283606158824261,0.24344594315164092,0.24187522635908343,0.2198308370462178,0.2297641577584903
2025-07-11,-0.005144579378201769,-0.006295255653314161,-0.005136569213395179,-0.028526767606425214,0.0006666666666666666,-0.02919343427309188,-0.009640268709647145,0.0,-0.009640268709647145,-0.006124317043375089,0.0,-0.006124317043375089,0.001245263116750513,0.0,0.001245263116750513,0.006321620491176386,0.0,0.006321620491176386,0.006777291501292988,0.0,0.006777291501292988,-0.015400424794558757,0.0006666666666666666,-0.016067091461225425,-0.00911795878234837,0.0,-0.00911795878234837,-0.005385443377838158,0.0006666666666666666,-0.006052110044504825,0.009231249877385217,0.001,0.008231249877385216,-0.004027099175218429,0.0,-0.004027099175218429,-0.00045907558153512884,0.0,-0.00045907558153512884,0.0022406311432464077,0.001,0.0012406311432464076,-0.005408216144499822,0.0,-0.005408216144499822,-0.007299492504482474,0.0,-0.007299492504482474,0.00844518493617269,0.0,0.00844518493617269,-0.01256997097504492,0.0,-0.01256997097504492,0.019025413266513636,0.0,0.019025413266513636,-0.011590764549074668,-0.006685582224874808,0.0059902274121688874,0.4967784531283805,0.5106394701848026,0.263062290404842,0.25240090829320716,0.24015925646677747,0.23695962152199027,0.49725052597730296,0.5108755066092638,0.25851279064405736,0.2501261584128148,0.24423668337863969,0.2389983349779214,0.5242768570925918,0.5243886721669082,0.24613051469666247,0.24393502043911736,0.22959262821074575,0.2316763073939744,0.5014136139522869,0.5168818190558753,0.2597755867493749,0.24769142616894713,0.23881079929833818,0.23542675477517766,0.49564634567793825,0.5149786205253402,0.2533986920296633,0.24558705091144228,0.2509549622923986,0.23943432856321759,0.5359690577678788,0.5282851155150206,0.24355922037344463,0.24234002526489012,0.22047172185867656,0.22937485922008932
2025-07-14,0.013359159754880187,0.01886659517591638,0.013461926120328656,0.024636292586126686,0.0006666666666666666,0.02396962591946002,0.056592755529975516,0.0,0.056592755529975516,0.023750332288456466,0.0,0.023750332288456466,0.008783963364943026,0.0,0.008783963364943026,0.018367483924469036,0.0,0.018367483924469036,0.0187022464853428,0.0006666666666666666,0.018035579818676133,0.010957932041689045,0.0,0.010957932041689045,0.0069996278395896274,0.0,0.0069996278395896274,0.010332874816088983,0.0006666666666666666,0.009666208149422317,-0.010749676887199688,0.001,-0.01174967688719969,0.0007414311984005328,0.0,0.0007414311984005328,-0.0015311348101301747,0.0,-0.0015311348101301747,0.003338334765248252,0.001,0.002338334765248252,0.005189177516022325,0.001,0.004189177516022325,0.005784855090335661,0.0,0.005784855090335661,0.008070978903060633,0.001,0.007070978903060633,-0.0006039222879083983,0.0,-0.0006039222879083983,0.004765641864165615,0.001,0.003765641864165615,0.006678179808470297,0.03825072173972573,0.026121122856336942,0.49566386588123,0.509790412364851,0.2635520451880827,0.2526357451812832,0.24078408893068723,0.23757384245386576,0.49697240451055075,0.5104446816795114,0.25864377604980265,0.25018161061214317,0.24438381943964674,0.2393737077083455,0.5238353582645,0.523876158556486,0.24628238788113077,0.2440009165278072,0.2298822538543691,0.23212292491570669,0.5019674310411709,0.5166736146720626,0.259393906035075,0.2475520172584788,0.23863866292375394,0.23577436806945845,0.49604478315729944,0.5147191408703851,0.25324854552368836,0.2455240482897212,0.25070667131901225,0.2397568108398937,0.5362812291057747,0.5279971680333819,0.24262795199350376,0.2420192524247603,0.2210908189007215,0.22998357954185777
2025-07-15,0.0065095198074222906,0.019363728452758022,0.006541686139458578,-0.0030823239308290042,0.0006666666666666666,-0.003748990597495671,-0.0020899833498953706,0.0,-0.0020899833498953706,0.006790360444328755,0.0,0.006790360444328755,0.0017227321770814466,0.0006666666666666666,0.00105606551041478,-0.001264176335219432,0.0,-0.001264176335219432,-0.0021764166625307295,0.0,-0.0021764166625307295,-0.013637528663074772,0.0,-0.013637528663074772,-0.008270389920844981,0.0,-0.008270389920844981,-0.01706780643447614,0.0,-0.01706780643447614,0.03759188352650655,0.001,0.03659188352650655,0.017655716593361293,0.0,0.017655716593361293,0.02779263652469921,0.0,0.02779263652469921,-0.02138013214193174,0.002,-0.023380132141931742,0.0034807382696988576,0.0,0.0034807382696988576,-0.0024505008634630454,0.0,-0.0024505008634630454,0.018823142648482505,0.001,0.017823142648482504,-0.0066387952968988695,0.0,-0.0066387952968988695,0.0025618559016504783,0.001,0.0015618559016504783,0.032000134457699,-0.0010546041263422103,0.012343204075864644,0.49495433309578735,0.5087649598738765,0.2646173278999595,0.2536608844062685,0.24042833900425312,0.23757415571985505,0.4964777562904079,0.5095266714711868,0.2589068781660343,0.2508056595393059,0.24461536554355773,0.23966766898950737,0.5239752520761429,0.5232754193640543,0.24614346896081585,0.24442395493669666,0.22988127896304134,0.23230062569924914,0.5013688162693465,0.5155773524257014,0.2597650745278439,0.24833445000561538,0.23886610920280954,0.23608819756868332,0.49590594413402694,0.5137746046210458,0.2532760867079647,0.24619308402505524,0.25081796915800836,0.2400323113538989,0.5365732033136401,0.5271948001503183,0.2423691005881613,0.24259377860552012,0.22105769609819864,0.23021142124416172
2025-07-16,0.009168049494672039,0.01685914335801472,0.009230053493393118,0.01015375739250257,0.0,0.01015375739250257,0.027007238509710946,0.0,0.027007238509710946,0.02312908141821449,0.0,0.02312908141821449,0.0020287099856950057,0.0006666666666666666,0.0013620433190283392,0.011062553720643981,0.0,0.011062553720643981,0.005214643455508039,0.0,0.005214643455508039,0.012036177325287722,0.0006666666666666666,0.011369510658621056,0.004983920999570346,0.0,0.004983920999570346,0.0018617932035459583,0.0006666666666666666,0.0011951265368792918,0.003122942707969145,0.0,0.003122942707969145,-0.0018543919906303663,0.0,-0.0018543919906303663,-0.014032099147691768,0.001,-0.015032099147691769,0.004331815283897034,0.0,0.004331815283897034,0.009743583340890094,0.0,0.009743583340890094,0.0172746586446072,0.0,0.0172746586446072,-0.003996345966640058,0.001,-0.004996345966640058,3.45774276057087e-05,0.0,3.45774276057087e-05,-0.008783668901984065,0.0,-0.008783668901984065,0.012498243311230431,0.023744915347960523,0.01950831927996177,0.4946452158843648,0.5093035542340775,0.26454421354047825,0.2531045785651252,0.24081057057515695,0.23759186720079725,0.49662282757293247,0.5102923600783613,0.25885637230301894,0.25026065794639557,0.24452080012404862,0.23944698197524308,0.5239165486781316,0.5239392206309609,0.24639344575213962,0.2440291946709559,0.22969000556972868,0.2320315846980831,0.5021078731663989,0.516750066176051,0.2591155395608785,0.24742364026023725,0.23877658727272263,0.23582629356371163,0.49465074837016526,0.5142892149932938,0.2540641014410655,0.24575666568069895,0.2512851501887692,0.239954119326007,0.5376460519247757,0.5284776651663153,0.24160936193850344,0.24164660164485346,0.22074458613672077,0.22987573318883103
2025-07-17,0.010274974184786031,0.015229157401434882,0.010308729936793026,0.011230555724438686,0.0,0.011230555724438686,0.022881970243065222,0.0006666666666666666,0.022215303576398556,0.009648090939495478,0.0,0.009648090939495478,0.003923692279630852,0.0006666666666666666,0.0032570256129641852,0.0014986440220483566,0.0,0.0014986440220483566,0.007644459589015716,0.0,0.007644459589015716,0.021927424453203725,0.0006666666666666666,0.02126075778653706,0.005020809332022684,0.0,0.005020809332022684,0.004786266734064533,0.0,0.004786266734064533,-0.004846764189542607,0.0,-0.004846764189542607,0.011965301324212585,0.0,0.011965301324212585,0.0033087369074923934,0.0,0.0033087369074923934,0.004753387087277794,0.002,0.002753387087277794,-0.018661072986928873,0.0,-0.018661072986928873,-0.0007690529269166468,0.0,-0.0007690529269166468,0.0292917577168188,0.0,0.0292917577168188,0.00704404436456274,0.0,0.00704404436456274,0.02067237719764925,0.001,0.01967237719764925,0.01545488982184858,0.016119958055395085,0.013805922350432319,0.4938575123255267,0.5086697598595599,0.26505938528533723,0.25353695448780317,0.24108310238913605,0.237793285652637,0.4962626578660697,0.5098723326298313,0.2591961126673199,0.2506053181787945,0.2445412294666105,0.23952234919137422,0.5243467343946849,0.523914370894139,0.2462653015521872,0.24413991262122814,0.22938796405312797,0.23194571648463297,0.5027007147064615,0.5166241808068397,0.25915046259245905,0.24766938352799178,0.23814882270107957,0.2357064356651687,0.4941700088998401,0.5138090478906546,0.254105802409176,0.24600464566750838,0.251724188690984,0.24018630644183714,0.537603099055847,0.5281419676421368,0.2418454329239474,0.24195872373738292,0.22055146802020564,0.2298993086204803
2025-07-18,0.0025609639772807306,0.004531061136202962,0.0025312665604584946,0.013904519094236104,0.0006666666666666666,0.013237852427569438,-0.0064184018882151115,0.0,-0.0064184018882151115,0.01981837609751665,0.0,0.01981837609751665,0.0010644309516909902,0.0,0.0010644309516909902,0.005257703066352167,0.0,0.005257703066352167,0.011365513639520541,0.0,0.011365513639520541,0.006847300836773391,0.0,0.006847300836773391,-0.002892386760267743,0.0,-0.002892386760267743,0.0018786593494740655,0.0,0.0018786593494740655,-0.005671667563950433,0.001,-0.006671667563950433,-0.008608643949033767,0.0,-0.008608643949033767,-0.016014892831926364,0.001,-0.017014892831926365,-0.0012059506528441233,0.002,-0.0032059506528441233,-0.0008829365268264722,0.0,-0.0008829365268264722,0.004295635130228237,0.0,0.004295635130228237,-0.006430617899933544,0.0,-0.006430617899933544,0.005031532497792646,0.0,0.005031532497792646,0.006418238760635686,0.0,0.006418238760635686,-0.003318996525446131,0.00472237890137602,0.021863269602778363,0.4935948995356113,0.5085508572752827,0.26553025624906035,0.2537950268389005,0.24087484421532837,0.2376541158858168,0.4961982902842659,0.50985255264961,0.25906681301178974,0.2505633052202652,0.2447348967039444,0.2395841421301248,0.5252031618181118,0.5243549884165329,0.24582773281266343,0.24394376512070204,0.22896910536922485,0.23170124646276502,0.5020356315745912,0.5164213244796343,0.2597229451794766,0.2478886361864835,0.23824142324593212,0.2356900393338821,0.49482629313501997,0.5140422427945759,0.25330159682104925,0.24576959122820247,0.25187211004393084,0.24018816597722167,0.5384497310134019,0.5284379772944419,0.24109725113619512,0.2417421571522006,0.22045301785040294,0.22981986555335748
2025-07-21,-0.0016076969833860246,-0.002459137190187393,-0.0016318284327986753,0.006741737612643368,0.0,0.006741737612643368,-0.002192342663336788,0.0006666666666666666,-0.0028590093300034547,0.0003576684856523293,0.0,0.0003576684856523293,-0.0022643350532279096,0.0006666666666666666,-0.002931001719894576,-0.006426508328086888,0.0,-0.006426508328086888,-0.0013953714496176915,0.0,-0.0013953714496176915,-0.014084774152858654,0.0006666666666666666,-0.01475144081952532,0.0018256216192907477,0.0,0.0018256216192907477,-0.014190514093267399,0.0013333333333333333,-0.015523847426600733,-0.003191936704066922,0.001,-0.004191936704066922,0.012159513235670216,0.0,0.012159513235670216,-0.00829412434043586,0.001,-0.009294124340435861,0.01346100204264794,0.001,0.01246100204264794,0.012651579217321851,0.0,0.012651579217321851,0.0010780094016612507,0.0,0.0010780094016612507,-0.009635754018029297,0.001,-0.010635754018029298,0.00010183606818714441,0.0,0.00010183606818714441,0.0046807466871399694,0.0,0.0046807466871399694,-0.007431725790034778,0.0016878594490066972,0.004319929978550796,0.4939706644255975,0.5083069994032626,0.26463776665448974,0.25335337047264067,0.24139156891991279,0.23833963012409676,0.49582234704980577,0.5092328407153668,0.2590985902321431,0.2505837822614674,0.2450790627180512,0.24018337702316597,0.5255926634071804,0.5241179988940541,0.2455073851960882,0.24378817974343991,0.22889995139673147,0.23209382136250611,0.5023483644920876,0.5159459943176105,0.2597790437945617,0.24791329722703573,0.23787259171335065,0.23614070845535381,0.4945687740618717,0.5133787294756392,0.25329330748944806,0.24577300424634824,0.2521379184486802,0.2408482662780126,0.5378168951553556,0.5276506094364889,0.24139424102173282,0.2418463123120022,0.2207888638229116,0.23050307825150892
2025-07-22,-0.014655228198625369,-0.019844938597524717,-0.014798890218701037,-0.01050656294304127,0.0006666666666666666,-0.011173229609707937,-0.03217011289452261,0.0006666666666666666,-0.03283677956118928,-0.02680894570608298,0.0,-0.02680894570608298,0.010822657534401184,0.0019999999999999996,0.008822657534401184,-0.010911266856778307,0.0,-0.010911266856778307,-0.012426655192292614,0.0,-0.012426655192292614,-0.011527718169145735,0.0,-0.011527718169145735,0.0009644446699362448,0.0,0.0009644446699362448,-0.003566306854173436,0.0006666666666666666,-0.004232973520840103,-0.024968472898662275,0.001,-0.025968472898662276,-0.040970481988825413,0.0,-0.040970481988825413,-0.021587910181539494,0.001,-0.022587910181539494,0.012290583832365698,0.0,0.012290583832365698,-0.03772484321314706,0.0,-0.03772484321314706,0.008968708856744056,0.001,0.007968708856744056,-0.017961895957237572,0.0,-0.017961895957237572,-0.006146366923977853,0.0,-0.006146366923977853,-0.020418160150759868,0.0,-0.020418160150759868,-0.009775417135243065,-0.039784147955686744,-0.021654636940916884,0.49439407320439094,0.5082458021404663,0.26433113127064095,0.2533054293825349,0.24127479552496814,0.2384487684769988,0.49587742751153613,0.5089874792940389,0.25893722895642174,0.2506084782254253,0.2451853435320422,0.24040404248053582,0.5251625449350547,0.5236300380057981,0.24616191923212136,0.24422082336327514,0.22867553583282396,0.2321491386309267,0.5020276544679401,0.5154744717957032,0.26050618851292,0.24829445963053098,0.23746615701913992,0.2362310685737659,0.49486166315553987,0.513109694662611,0.2534534538954719,0.2459670572067731,0.2516848829489881,0.2409232481306158,0.5371421181200989,0.5270622448009156,0.24163562231545904,0.24206717278536888,0.22122225956444205,0.2308705824137156
2025-07-23,0.011898368963795083,0.016747448795204508,0.011899655654824601,0.0003778588736143753,0.0,0.0003778588736143753,0.007447386979858767,0.0,0.007447386979858767,-0.009532957679651417,0.0,-0.009532957679651417,0.021805251295008356,0.0006666666666666666,0.02113858462834169,0.029663160404631052,0.0,0.029663160404631052,0.007751771794111646,0.0,0.007751771794111646,-0.002407956997712938,0.0,-0.002407956997712938,0.011579037550295249,0.0,0.011579037550295249,0.015433199644583782,0.0006666666666666666,0.014766532977917116,0.015492869778484075,0.0,0.015492869778484075,0.011882391792344182,0.0,0.011882391792344182,0.02037877544297606,0.001,0.01937877544297606,0.0033777714322844044,0.001,0.0023777714322844043,0.0009606940553230081,0.0,0.0009606940553230081,0.007604631247893512,0.001,0.006604631247893512,0.026821201302571263,0.0,0.026821201302571263,0.0034631037798990016,0.0,0.0034631037798990016,0.03169848557799493,0.0,0.03169848557799493,0.02694922665398473,-0.0015523378361998648,0.012830987724324745,0.49538024105638323,0.5092906188356521,0.2636561969165094,0.2524613829154322,0.2409635620271075,0.2382479982489157,0.4969520935281036,0.5100765450715123,0.2584252295936349,0.24984589925399497,0.24462267687826153,0.24007755567449274,0.5246393780280348,0.5239201873214779,0.2465626662636974,0.24391461758902622,0.22879795570826772,0.23216519508949582,0.5023545725489431,0.5163216766731483,0.2598558823594724,0.24740104235124374,0.2377895450915846,0.23627728097560796,0.49628922668107656,0.5143201125367524,0.2515288192949072,0.24465311153993724,0.2521819540240163,0.2410267759233104,0.5368810730788482,0.527715421848017,0.242118203891732,0.2415476084568894,0.22100072302941984,0.23073696969509358
2025-07-24,0.0011768431957436916,0.001976043714345357,0.0011850641859640792,-0.0007011550238079274,0.0,-0.0007011550238079274,-0.0029439082498912503,0.0006666666666666666,-0.003610574916557917,0.003943285563385042,0.0,0.003943285563385042,0.003772471605769249,0.0006666666666666666,0.0031058049391025824,0.004505067353492912,0.0,0.004505067353492912,0.015624364694001448,0.0,0.015624364694001448,0.000820147415165747,0.0,0.000820147415165747,-0.0006304165178553737,0.0,-0.0006304165178553737,-0.002715590601436779,0.0013333333333333333,-0.004048923934770112,0.019783693374215483,0.001,0.018783693374215482,0.012799330332000869,0.0,0.012799330332000869,0.019602166832351497,0.001,0.018602166832351497,-0.017005475734804376,0.001,-0.018005475734804377,-0.012239040884292007,0.0,-0.012239040884292007,-0.011525563589029564,0.0,-0.011525563589029564,0.004084672288232283,0.0,0.004084672288232283,-0.04052377433574411,0.0,-0.04052377433574411,0.002259313295704113,0.0,0.002259313295704113,0.0024120428366152242,0.00043816260466604106,0.0025752298293615,0.4954343792193343,0.5098779322942347,0.26407676860288115,0.2522086023112384,0.2404888521777846,0.23791346539452696,0.49706328060813104,0.5106923829886331,0.2589461898199065,0.24964331291975106,0.24399052957196254,0.23966430409161593,0.5238264162461339,0.5240739508076345,0.2469047634952433,0.24362259975741943,0.22926882025862283,0.23230344943494607,0.502355990767166,0.5170728721504854,0.2596596672580031,0.24671578232827007,0.23798434197483095,0.23621134552124468,0.4962152380481052,0.5150464237531953,0.2514164912243618,0.24399553423716844,0.25236827072753293,0.24095804200963633,0.5373960375723597,0.5286360875961993,0.24116457168529656,0.2406124007892769,0.22143939074234373,0.2307515116145239
2025-07-25,0.011739294799487094,0.008969167122106828,0.0117587167495735,0.020468425153356673,0.0006666666666666666,0.019801758486690007,0.014345715580971714,0.0,0.014345715580971714,0.016086528863403338,0.0,0.016086528863403338,0.011323681708784875,0.0006666666666666666,0.010657015042118209,0.0404177687478829,0.0006666666666666666,0.03975110208121623,0.01238654636296399,0.0,0.01238654636296399,0.00498877612590017,0.0,0.00498877612590017,0.008067917749501477,0.0,0.008067917749501477,-0.0004933866234950362,0.0013333333333333333,-0.0018267199568283694,0.011312717281317552,0.001,0.010312717281317552,0.0013900680910949315,0.0,0.0013900680910949315,0.00758744246569848,0.001,0.0065874424656984796,0.017924577825173982,0.001,0.01692457782517398,0.0014325436593427554,0.0,0.0014325436593427554,0.007962186237349678,0.0,0.007962186237349678,0.032407936313966657,0.0,0.032407936313966657,0.0014124246997244683,0.0,0.0014124246997244683,-0.0003965803774290677,0.0,-0.0003965803774290677,0.006380336603946583,0.01141127608174086,0.012243855045849239,0.4953980293107062,0.5098837574775846,0.2638961093205372,0.2520794673661577,0.2407058613687566,0.23803677515625765,0.49670646098304955,0.5105379733137563,0.2588363504869953,0.24954958794938675,0.24445718852995518,0.23991243873685691,0.5239885954250241,0.5241790405347435,0.24690598282951345,0.2435844041206458,0.22910542174546247,0.23223655534461057,0.502524429663431,0.5171606171707225,0.25942050768611136,0.2465848605623081,0.23805506265045762,0.2362545222669693,0.49589375538482466,0.5149724946587824,0.2515580463553288,0.24399024832314986,0.2525481982598466,0.24103725701806766,0.5386529807865859,0.5290830390413636,0.23947475807170365,0.2400027631895536,0.22187226114171038,0.23091419776908273
2025-07-28,0.0055784917652567665,0.007469420974152775,0.005635136744922492,0.0042688459303976325,0.0006666666666666666,0.003602179263730966,0.007862069953592694,0.0006666666666666666,0.007195403286926027,0.010991992630309106,0.0,0.010991992630309106,-0.001984266774382977,0.0006666666666666666,-0.0026509334410496437,-0.004708483468800558,0.0,-0.004708483468800558,0.005989352520467173,0.0,0.005989352520467173,-0.008235624364847444,0.0,-0.008235624364847444,-0.00831996479621788,0.0,-0.00831996479621788,-0.0017152441276556312,0.0,-0.0017152441276556312,0.021550540464060908,0.0,0.021550540464060908,0.01877194229742829,0.0,0.01877194229742829,0.03096148408037591,0.001,0.02996148408037591,-0.01906007841860463,0.0,-0.01906007841860463,-0.0191457330041524,0.0,-0.0191457330041524,0.004461818342605062,0.001,0.0034618183426050617,0.0392477041838204,0.0,0.0392477041838204,0.0011138327904223755,0.0,0.0011138327904223755,0.01554207697011778,0.0,0.01554207697011778,0.011887016497226713,-0.0031617048943107418,0.008490020178409125,0.49564085163190735,0.5098626263153839,0.2637231206333058,0.25205457756166855,0.24063602773478682,0.23808279612294758,0.49587583334775825,0.5099801171733094,0.25998712184431333,0.2501865781671723,0.2441370448079283,0.23983330465951833,0.5240766233346107,0.5240805121667356,0.24710719475154094,0.24374661462078612,0.22881618191384837,0.23217287321247837,0.5028622500990279,0.5170810912019157,0.2591089401282403,0.24656459335064027,0.23802880977273194,0.23635431544744415,0.496535251777035,0.514993181755658,0.25106533823453603,0.24391020472571784,0.25239940998842897,0.24109661351862416,0.5403154811746902,0.5294406574568842,0.23865538552299925,0.2398149203309107,0.22102913330231055,0.2307444222122051
2025-07-29,-0.0039333392434053125,-0.01019476748186425,-0.004005401046520297,-0.015189231278791755,0.0,-0.015189231278791755,-0.04921333690422605,0.0,-0.04921333690422605,-0.0060263150858706665,0.0,-0.0060263150858706665,-0.0027156184902568468,0.0,-0.0027156184902568468,0.004284675720638842,0.0,0.004284675720638842,-0.00963233353637279,0.0,-0.00963233353637279,-0.009260938621399687,0.0006666666666666666,-0.009927605288066353,-0.004721698627434323,0.0,-0.004721698627434323,0.020852808527238583,0.0006666666666666666,0.020186141860571917,0.014074338629877281,0.0,0.014074338629877281,0.0014768865443834378,0.0,0.0014768865443834378,0.007375536619927403,0.0,0.007375536619927403,0.00041503681239385415,0.0,0.00041503681239385415,0.021232040152517895,0.0,0.021232040152517895,0.002770756108705974,0.0,0.002770756108705974,0.017398809585466468,0.001,0.016398809585466467,-0.0012252051370761907,0.0,-0.0012252051370761907,0.022518146420783203,0.001,0.021518146420783202,-0.01428163865781647,-0.011871899840648735,0.0006130809995779822,0.49535711204865457,0.5099637469754068,0.2637711075717966,0.2518104355602002,0.24087178037954887,0.23822581746439297,0.49571171973473876,0.510141050818449,0.2597888020377214,0.24981928279316262,0.24449947822753973,0.24003966638838842,0.5239146543888676,0.5242425181455134,0.24702644958230102,0.24343810656545242,0.2290588960288314,0.23231937528903424,0.5027266878618526,0.5173619628688579,0.25888798254164147,0.24613237581630626,0.23838532959650593,0.2365056613148358,0.4959440570678002,0.5151236947068207,0.25076189920087827,0.2434507683138544,0.2532940437313215,0.24142553697932495,0.5419419226617109,0.5303029903528111,0.23746450160934435,0.2390626271086482,0.22059357572894475,0.2306343825385406
2025-07-30,0.0014689657112137012,-0.00062608444403278,0.0015867741729856874,-0.019672774640050905,0.0006666666666666666,-0.02033944130671757,0.04005261596132185,0.0,0.04005261596132185,0.01830469590473242,0.0,0.01830469590473242,-0.003026498809220272,0.0,-0.003026498809220272,0.008335114498100907,0.0,0.008335114498100907,0.005025592457220821,0.0,0.005025592457220821,0.00032959505931814004,0.0006666666666666666,-0.0003370716073485266,0.006357455608621739,0.0,0.006357455608621739,0.005525767016653046,0.0006666666666666666,0.004859100349986379,0.018248078098006992,0.0,0.018248078098006992,0.013599413304597241,0.0,0.013599413304597241,0.016544603699098936,0.0,0.016544603699098936,-0.018893708196780157,0.001,-0.019893708196780158,-0.005544746945803147,0.001,-0.006544746945803147,-0.04037358809052288,0.0,-0.04037358809052288,0.006319112782528169,0.001,0.005319112782528169,-0.001742307110915331,0.0,-0.001742307110915331,0.020433051945574432,0.001,0.01943305194557443,-0.02343188893567664,0.024124037257511333,0.024864724911434433,0.49605854343479916,0.510089241179934,0.2622640073505494,0.2510145578741345,0.24167744921465142,0.23889620094593145,0.49569818407142274,0.5099090614982458,0.2601638843750199,0.24996449638636975,0.24413793155355742,0.24012644211538448,0.5230133249193377,0.5235666319222032,0.2468712136610002,0.2433181610293599,0.23011546141966213,0.2331152070484368,0.5032395324196268,0.517229404778273,0.2584674091930892,0.24593686766019157,0.2382930583872841,0.23683372756153542,0.49533778402546597,0.5146218278081999,0.2515526321177853,0.2436549912253413,0.25310958385674875,0.24172318096645878,0.5422889675270571,0.530115718363725,0.23673876365809746,0.23876641463364429,0.22097226881484558,0.23111786700263073
2025-07-31,-0.010349114521147656,-0.023889160156760014,-0.010216340193166236,-0.02922708426768983,0.0,-0.02922708426768983,0.05886676321349622,0.0006666666666666666,0.058200096546829554,0.050490822027851115,0.0006666666666666666,0.049824155361184445,-0.004892906539324393,0.0006666666666666666,-0.00555957320599106,-0.010929558724345052,0.0,-0.010929558724345052,-0.0651854886021277,0.0006666666666666666,-0.06585215526879436,0.010221196304469974,0.0,0.010221196304469974,-0.008290754877788482,0.0,-0.008290754877788482,-0.013871719684075485,0.0006666666666666666,-0.014538386350742151,-0.03331613613078732,0.0,-0.03331613613078732,-0.039581442496022856,0.0,-0.039581442496022856,-0.012817894401840446,0.0,-0.012817894401840446,-0.008056622024671722,0.001,-0.009056622024671723,0.007794593213647061,0.0,0.007794593213647061,-0.010127894483936195,0.0,-0.010127894483936195,0.0066846911150511,0.0,0.0066846911150511,-0.015123982862504104,0.0,-0.015123982862504104,0.05544675213122785,0.0,0.05544675213122785,-0.04350411391202739,0.026211395655371113,-0.031655081873892356,0.49343516708268775,0.5075221959252947,0.26420663775555864,0.2526090652811366,0.24235819516175358,0.23986873879356882,0.495185841116509,0.5083975329422052,0.26051581846126415,0.25076365563398934,0.2442983404222269,0.24083881142380548,0.5227004644936869,0.5221548446307942,0.24707063859285636,0.24404106569978543,0.23022889691345672,0.2338040896694204,0.5034093963787502,0.5156032813994815,0.2583023695733319,0.24671748213969824,0.23828823404791794,0.23767923646082023,0.49552611743299463,0.5130017993473822,0.25235470621246797,0.24475475323061313,0.25211917635453746,0.24224344742200468,0.5421235558873094,0.5283789540373061,0.23631586012510722,0.23946193402178412,0.22156058398758322,0.23215911194090977
2025-08-01,-0.030478828527714406,-0.03387480197452184,-0.03048240008881515,-0.0458111264302193,0.0006666666666666666,-0.04647779309688597,-0.03913223242174816,0.0006666666666666666,-0.03979889908841483,-0.07057982294271699,0.0,-0.07057982294271699,-0.010460012867678243,0.0006666666666666666,-0.011126679534344909,-0.014442909149204132,0.0006666666666666666,-0.015109575815870798,-0.008374897116621389,0.0,-0.008374897116621389,-0.06997763211030372,0.0,-0.06997763211030372,-0.010664565481514324,0.0,-0.010664565481514324,-0.021886315123491817,0.0013333333333333333,-0.02321964845682515,-0.032589793119317034,0.0,-0.032589793119317034,-0.004285583690254335,0.0,-0.004285583690254335,-0.02473937203863108,0.0,-0.02473937203863108,-0.0015952243742135552,0.0,-0.0015952243742135552,-0.000719602823105292,0.0,-0.000719602823105292,-0.012126544357972613,0.0,-0.012126544357972613,-0.036121927441524315,0.0,-0.036121927441524315,-0.013246814700403842,0.0,-0.013246814700403842,-0.03652413635015689,0.0,-0.03652413635015689,-0.04163308543547306,-0.02696348104184983,-0.023972243427161307,0.4892814270422998,0.5043685382003913,0.266377790514605,0.25496698305245064,0.2443407824430952,0.24066447874715804,0.4964582255341779,0.5079569374463304,0.2608908444093518,0.252223509999824,0.24265093005647034,0.23981955255384563,0.5238280547986581,0.5216418520785705,0.24664293627511197,0.2450995559327041,0.22952900892622993,0.2332585919887254,0.5030631254019405,0.5140461164528239,0.2577853008252869,0.24825178691784316,0.2391515737727726,0.23770209662933295,0.4951112680007017,0.5114220035104151,0.25303729194938307,0.24668494398879492,0.2518514400499152,0.24189305250079002,0.5416118698553422,0.5267672021224464,0.23501402149197914,0.24073726473785162,0.22337410865267873,0.23249553313970198
2025-08-04,0.019580231490447964,0.014560714924322551,0.019680175127726164,0.020168972393958394,0.0006666666666666666,0.019502305727291728,0.04563384392832096,0.0,0.04563384392832096,0.03521719666208482,0.0,0.03521719666208482,-0.0019637785506292733,0.0,-0.0019637785506292733,0.012115876697271988,0.0006666666666666666,0.011449210030605322,0.014954422042328884,0.0,0.014954422042328884,0.048833512692690796,0.0006666666666666666,0.04816684602602413,0.015910471203443022,0.0,0.015910471203443022,0.01419656335267927,0.0,0.01419656335267927,0.028570897724756628,0.0,0.028570897724756628,0.03207147991581383,0.0,0.03207147991581383,0.03286830930520457,0.0,0.03286830930520457,0.004598395780969211,0.001,0.003598395780969211,0.005676359035239886,0.0,0.005676359035239886,0.021421486289300296,0.0,0.021421486289300296,0.014305379590299483,0.0,0.014305379590299483,0.014140820084225014,0.0,0.014140820084225014,0.02569018158980363,0.001,0.024690181589803628,0.007700426265399647,0.0178401725649389,0.026173922780569438,0.4891869103077046,0.5038980873301379,0.26670013590075625,0.25530485216519994,0.24411295379153905,0.24079706050466215,0.4964968816661803,0.5075530730093757,0.2606930213672865,0.2523012948984651,0.24281009696653316,0.24014563209215922,0.5220841390830505,0.5203467017178108,0.24786082520822972,0.24588519681893667,0.2300550357087198,0.23376810146325253,0.5020933840548497,0.5131590238543231,0.2588222212243614,0.2488307438519005,0.2390843947207889,0.23801023229377646,0.4953638245581183,0.5109382692204016,0.2532129230699834,0.24697967546095573,0.25142325237189833,0.24208205531864257,0.5410098320085942,0.5260014516790588,0.23588319988628612,0.24126086681033565,0.2231069681051197,0.23273768151060564
2025-08-05,-0.007454524246269384,-0.009112555152123841,-0.007394171480467805,-0.02770928249538392,0.0,-0.02770928249538392,0.011141012765216247,0.0,0.011141012765216247,-0.01506922301550358,0.0,-0.01506922301550358,0.005956262847933233,0.0,0.005956262847933233,-0.009419133736522846,0.0,-0.009419133736522846,0.0491901281346601,0.0,0.0491901281346601,-0.023035202683185336,0.0006666666666666666,-0.023701869349852002,-0.010763142413671082,0.0,-0.010763142413671082,-0.00756669864374219,0.0,-0.00756669864374219,-0.001001115478128256,0.0,-0.001001115478128256,-0.02563362286523041,0.0,-0.02563362286523041,-0.011819436491655788,0.0,-0.011819436491655788,0.0006126930827010657,0.001,-0.0003873069172989343,0.0021220473964498887,0.0,0.0021220473964498887,0.006670591090737532,0.0,0.006670591090737532,-0.01047560544710402,0.0,-0.01047560544710402,-0.00968074272482411,0.0,-0.00968074272482411,-0.022787987476349414,0.0,-0.022787987476349414,-0.004808903799047193,-0.014653317365185381,-0.012793646342418011,0.4880767760685118,0.5029693819244977,0.2675591435150009,0.2558182144997486,0.24436408041648724,0.24121240357575363,0.49570398742171423,0.5067829876010989,0.261010862580975,0.25254407403273565,0.24328514999731063,0.24067293836616532,0.5238172475788777,0.5208396176796806,0.24700477284496306,0.2455410291647297,0.2291779795761593,0.23361935315558965,0.5018895182563765,0.5125910728375282,0.25890738985962436,0.24897121992828858,0.2392030918839991,0.23843770723418312,0.4948425960804229,0.5102655885194636,0.2530568919508322,0.24704055561838717,0.25210051196874494,0.24269385586214925,0.5407508485345697,0.525415311829332,0.2357621342072323,0.2413332855629992,0.22348701725819795,0.23325140260766875
2025-08-06,0.005741178161177461,-0.003127232522109483,0.005835317467535056,0.031795117092746475,0.0006666666666666666,0.03112845042607981,0.040703628808240445,0.0,0.040703628808240445,0.035238334333097754,0.0006666666666666666,0.034571667666431084,0.007060817421092769,0.0006666666666666666,0.006394150754426102,-0.0024966971622129757,0.0,-0.0024966971622129757,-0.003943187624707763,0.0,-0.003943187624707763,0.01065865789395685,0.0006666666666666666,0.009991991227290184,-0.0015589815778512073,0.0,-0.0015589815778512073,0.007631240652263245,0.0013333333333333333,0.006297907318929912,-0.03338168527855001,0.0,-0.03338168527855001,0.017674637318566222,0.0,0.017674637318566222,-0.028844309018539627,0.0,-0.028844309018539627,0.009385332996965978,0.0,0.009385332996965978,0.02907234354877819,0.0,0.02907234354877819,0.014401171832246429,0.0,0.014401171832246429,0.01090636010626378,0.0,0.01090636010626378,0.015726223834292563,0.0,0.015726223834292563,-0.004982037665796524,0.0,-0.004982037665796524,-0.008705684651331664,0.02396344201932199,-0.0187363595249684,0.4866939173129984,0.5025119554953896,0.2689866899431669,0.2563900164142506,0.2443193927438347,0.24109802809035974,0.49502210979024575,0.5066760517340134,0.25981157871772137,0.2518024608015278,0.24516631149203297,0.24152148746445887,0.5230588551924648,0.5206944244351228,0.24731823906375933,0.24555579097454677,0.2296229057437759,0.23374978459033033,0.5028341632022565,0.5132163696208578,0.25805636010803423,0.24850013856882525,0.23910947668970936,0.23828349181031688,0.4945916812643151,0.5104963505813372,0.25306189644084953,0.2468519655586543,0.2523464222948352,0.2426516838600084,0.541041790894098,0.5258248867591656,0.2359283604107099,0.2411978986687082,0.22302984869519202,0.23297721457212617
2025-08-07,-0.0006610835329091711,0.0013038694929490679,-0.0005925917170519961,-0.04124944230130041,0.0006666666666666666,-0.04191610896796708,0.0036942251386169467,0.0,0.0036942251386169467,-0.02563381774526685,0.0006666666666666666,-0.026300484411933518,-0.006799864693326644,0.0006666666666666666,-0.0074665313599933105,-0.002846731046060295,0.0,-0.002846731046060295,-0.003975325612859219,0.0,-0.003975325612859219,0.009401028202835799,0.0013333333333333333,0.008067694869502465,-0.013025114275029871,0.0,-0.013025114275029871,-0.011141285312844343,0.0013333333333333333,-0.012474618646177677,0.04264831032471639,0.0,0.04264831032471639,0.016849453191559283,0.0,0.016849453191559283,0.03220745288307281,0.0,0.03220745288307281,0.0020607251089133083,0.001,0.0010607251089133083,0.0023721432797263464,0.0,0.0023721432797263464,-0.0025905693596228185,0.0,-0.0025905693596228185,0.0005133958280974515,0.001,-0.0004866041719025485,0.0007831754703464533,0.0,0.0007831754703464533,0.00956320576806946,0.0,0.00956320576806946,-0.002145453479843518,-0.0037609868985253314,0.014073335097340581,0.4863446515754651,0.5020324494085583,0.2693346879380436,0.25725878235578237,0.24432066048649134,0.2407087682356594,0.49552570055090395,0.5066229738962778,0.2595907585829584,0.2523868176782397,0.2448835408661377,0.24099020842548258,0.5234657223429907,0.5205929847923211,0.24691095833239646,0.24604691755295877,0.22962331932461275,0.2333600976547201,0.5013253415802236,0.5123099283733803,0.2600554020811958,0.25009081012505374,0.23861925633858058,0.23759926150156596,0.49394247510044115,0.509873582435052,0.25377674108750287,0.24801885199713508,0.25228078381205604,0.24210756556781288,0.5413146093178522,0.5255063867267977,0.23628636776205392,0.24224702879973692,0.22239902292009392,0.23224658447346536
2025-08-08,-0.003799692517820302,-0.011082151287405822,-0.0037861616431983476,-0.012191654168005456,0.0013333333333333333,-0.01352498750133879,0.015637830157707328,0.0,0.015637830157707328,-0.035308014384578534,0.0,-0.035308014384578534,0.00043645691186511293,0.0006666666666666666,-0.00023020975480155372,0.0021211833463493646,0.0,0.0021211833463493646,-0.001946416677134947,0.0006666666666666666,-0.0026130833438016135,-0.03104208319995753,0.0,-0.03104208319995753,0.008316736570130656,0.0,0.008316736570130656,0.00982563494280512,0.0013333333333333333,0.008492301609471786,0.032419773501835336,0.0,0.032419773501835336,0.003493795363322061,0.0,0.003493795363322061,0.006382340105523521,0.0,0.006382340105523521,-0.014575316451844955,0.0,-0.014575316451844955,0.008933801393208762,0.0,0.008933801393208762,0.008341460720765359,0.0,0.008341460720765359,0.0015779761879797793,0.0,0.0015779761879797793,0.0011072537613558975,0.0,0.0011072537613558975,0.026685972102511668,0.0,0.026685972102511668,-0.020040596902274624,0.0067024499716300525,-0.009909552370178355,0.48469927260714,0.5010220287686047,0.2710068451542758,0.25796440150160604,0.24429388223858414,0.24101356972978924,0.4953119391460461,0.5063283620380576,0.25973063309905214,0.2523262954739942,0.24495742775490173,0.24134534248794803,0.5245566460437264,0.5209507154868979,0.24633198555601832,0.24562697170247733,0.22911136840025517,0.23342231281062475,0.5022936264260128,0.5123779026237306,0.25914986415058455,0.24961716692848024,0.23855650942340248,0.23800493044778903,0.4940034689537526,0.5096421506578848,0.2538779861992635,0.2478774472045443,0.25211854484698404,0.24248040213757094,0.5410263099561777,0.5251596881886851,0.23622350521755053,0.242051468480579,0.22275018482627174,0.23278884333073588
2025-08-11,-0.002041462046030753,-0.0025431418373816532,-0.002089261191223066,-0.006854864919413488,0.0,-0.006854864919413488,-0.010240750179147384,0.0,-0.010240750179147384,-0.01942742014666676,0.0006666666666666666,-0.020094086813333426,-0.0024725629160124996,0.0006666666666666666,-0.003139229582679166,-0.0018021428385578777,0.0,-0.0018021428385578777,-0.0014464804947136682,0.0,-0.0014464804947136682,0.01182489149726636,0.0006666666666666666,0.011158224830599694,0.004233769720707029,0.0,0.004233769720707029,-0.0015708687804812198,0.0,-0.0015708687804812198,0.018923703932672842,0.0,0.018923703932672842,-0.004279455618918682,0.0,-0.004279455618918682,-0.003140701702922022,0.0,-0.003140701702922022,0.006959784269537916,0.0,0.006959784269537916,0.0013753987563076553,0.0,0.0013753987563076553,-0.005998166074636324,0.0,-0.005998166074636324,-0.013466000267412404,0.001,-0.014466000267412404,-0.02012151486693553,0.0,-0.02012151486693553,-0.007533299424112239,0.0,-0.007533299424112239,-0.0039709707652909225,0.00780451566472995,-0.010140375926623866,0.4844329140173696,0.5004019937474827,0.27252179331721255,0.2591797702808927,0.2430452926654179,0.24041823597162457,0.49530909713995797,0.505840085308777,0.25985742680016954,0.2528475870223712,0.24483347605987255,0.24131232766885188,0.5224904528024739,0.5194307631400349,0.24739810555119549,0.24661792639788416,0.2301114416463306,0.2339513104620809,0.503739488208102,0.512202650338663,0.258321891589101,0.24995751487826717,0.23793862020279694,0.23783983478306991,0.49278494798824085,0.5085876520661088,0.2545051383121557,0.24869798629687523,0.25270991369960344,0.24271436163701604,0.5404025545688914,0.5243014622377234,0.2359278374283728,0.24256747700522685,0.22366960800273583,0.23313106075704976
2025-08-12,0.0138048086857733,0.010238458726077941,0.013746167891144408,0.022767498592688007,0.0006666666666666666,0.02210083192602134,0.0057595540837187525,0.0006666666666666666,0.0050928874170520855,0.002325748828162277,0.0,0.002325748828162277,0.014556994753511649,0.0006666666666666666,0.013890328086844983,0.0165475257122288,0.0,0.0165475257122288,0.008265698839639901,0.0,0.008265698839639901,0.021355631106289536,0.0006666666666666666,0.02068896443962287,-0.006307120183957551,0.0,-0.006307120183957551,0.032935807510945304,0.0,0.032935807510945304,0.024035779473272956,0.0,0.024035779473272956,0.016946836231111484,0.001,0.015946836231111483,0.010770006871694049,0.0,0.010770006871694049,0.01969023231607958,0.001,0.01869023231607958,-0.0065406989802064275,0.0,-0.0065406989802064275,0.013950633548466485,0.0,0.013950633548466485,0.02610483157117638,0.0,0.02610483157117638,0.001785934160777214,0.0,0.001785934160777214,0.021535696529017323,0.001,0.020535696529017322,0.011077525284271047,0.008103708244805885,0.010629357425890587,0.4848540043180935,0.5005349011193599,0.272564808910514,0.25946856053130646,0.2425811867713926,0.2399965383493336,0.4952298487935186,0.5057228233570725,0.25988881366605354,0.2531305629090762,0.2448813375404278,0.2411466137338512,0.522999739837777,0.5196077688792018,0.2472794125125406,0.24682586233231976,0.22972084764968237,0.2335663687884785,0.5049288978569194,0.5124911208996031,0.25767321218749717,0.2501016091637803,0.23739788995558353,0.23740726993661657,0.4932708297778455,0.5086439584335087,0.2544574955445868,0.24904042267161994,0.25227167467756767,0.24231561889487133,0.5403777862870486,0.5241892540815457,0.23563700170451587,0.24282965970439652,0.22398521200843557,0.23298108621405772
2025-08-13,-0.00018409488689772571,0.007812291984900238,-0.0003148666013969185,0.01772080475264396,0.0,0.01772080475264396,-0.026415990676420937,0.0,-0.026415990676420937,-0.016638158374722562,0.0006666666666666666,-0.017304825041389228,0.0026909406331085215,0.0006666666666666666,0.002024273966441855,-0.027215807466875054,0.0006666666666666666,-0.02788247413354172,-0.01111410292344476,0.0006666666666666666,-0.011780769590111427,0.012446635399282997,0.0006666666666666666,0.01177996873261633,0.0007423281248969031,0.0,0.0007423281248969031,0.004284906020458908,0.0006666666666666666,0.0036182393537922413,-0.01959803759917189,0.001,-0.020598037599171892,0.001477976578034168,0.001,0.000477976578034168,0.022778989453887954,0.0,0.022778989453887954,-0.00047832063625430354,0.001,-0.0014783206362543036,-0.020757056241830052,0.0,-0.020757056241830052,0.014649458629765078,0.0,0.014649458629765078,-0.014815363339762355,0.001,-0.015815363339762356,0.004423011208544214,0.0,0.004423011208544214,-0.009884699589866597,0.0,-0.009884699589866597,0.028030065058218662,-0.018048321408274687,-0.00932987988492399,0.4858144931280821,0.5010606205042974,0.2721310561666549,0.2591964683445185,0.24205445070526307,0.23974291115118407,0.4953011795134695,0.5058039636969911,0.26007132921312837,0.2531666048677552,0.24462749127340208,0.24102943143525357,0.5234217956403294,0.5198642717604212,0.24607993182507715,0.24617090617372964,0.23049827253459337,0.23396482206584923,0.5054837966881146,0.5127351739870214,0.25751857294635677,0.24997658902229375,0.23699763036552868,0.23728823699068485,0.4940591710650378,0.508965047531406,0.25351734193450526,0.24865618278838275,0.2524234870004569,0.2423787696802112,0.541169042974766,0.5245113052616164,0.23477995618505218,0.24247284549106324,0.22405100084018179,0.23301584924732038
2025-08-14,-0.0054978233986576214,0.00030240404544136165,-0.005476991137066321,-0.027225102486730712,0.0,-0.027225102486730712,-0.01975257390274321,0.0,-0.01975257390274321,-0.01662232273689205,0.0,-0.01662232273689205,-0.013592156518329013,0.0,-0.013592156518329013,4.138997637374419e-05,0.0,4.138997637374419e-05,-9.906314320140552e-05,0.0,-9.906314320140552e-05,0.00407995530896806,0.0,0.00407995530896806,0.007974887285816227,0.0,0.007974887285816227,-6.976953979398459e-05,0.0006666666666666666,-0.0007364362064606512,0.007101920587295307,0.001,0.006101920587295307,0.004306781984473207,0.001,0.003306781984473207,0.004645806398332342,0.001,0.0036458063983323416,-0.005403553583882004,0.0,-0.005403553583882004,-0.0025318152757008994,0.0,-0.0025318152757008994,-0.003778060478702383,0.0,-0.003778060478702383,-0.023301405140767784,0.002,-0.025301405140767785,-0.01397737136852073,0.0,-0.01397737136852073,-0.004425692541705828,0.001,-0.005425692541705828,0.0018598611613424385,0.006726286922591473,-0.009761653702242318,0.4879049347405092,0.50320167525486,0.2707805674623373,0.25785314291912004,0.24131449779715344,0.23894518182601993,0.49646111156830014,0.5074797636687555,0.25904833183493464,0.2519870251054187,0.2444905565967652,0.24053321122582583,0.5239271004977301,0.5212127581334705,0.24574721506108796,0.24533646671849535,0.23032568444118207,0.23345077514803425,0.5038156583373522,0.5136531058166975,0.2578072643657936,0.24917662855256673,0.23837707729685437,0.23717026563073584,0.49414215389935573,0.5104608493521587,0.2525354521555374,0.2474369305231822,0.2533223939451068,0.24210222012465915,0.5404776813361136,0.5257515734062888,0.23547869143583947,0.24180819948568189,0.22404362722804702,0.23244022710802942
2025-08-15,-0.008587093944832824,-0.0005799497058258888,-0.008673525857280148,0.00950857332710749,0.0,0.00950857332710749,-0.024107858556270137,0.0,-0.024107858556270137,-0.01878088113900485,0.0,-0.01878088113900485,-0.010428278230420066,0.0006666666666666666,-0.011094944897086732,-0.009149635573563889,0.0,-0.009149635573563889,-0.005191024930972342,0.0006666666666666666,-0.005857691597639009,-0.009691161243079078,0.0,-0.009691161243079078,-0.0060893341468610425,0.0,-0.0060893341468610425,-0.006049192666005194,0.0,-0.006049192666005194,-0.05428460593759854,0.0,-0.05428460593759854,-0.051618189848803786,0.001,-0.05261818984880379,-0.01381812804191479,0.001,-0.014818128041914791,0.012092849570081832,0.001,0.01109284957008183,-0.0002657566315362736,0.0,-0.0002657566315362736,-0.0037262886189904365,0.001,-0.0047262886189904365,0.0007561685714227995,0.001,-0.00024383142857720055,-0.016862789526205568,0.0,-0.016862789526205568,0.001808468188941481,0.001,0.0008084681889414811,0.01056049002172747,-0.02660948195955936,0.0019858221158982987,0.4874354581618363,0.5030515404948663,0.27094485602407264,0.2581005074769863,0.24161968581409096,0.2388479520281474,0.4957489739905544,0.5072082984092253,0.2594184100331112,0.2523372844815056,0.2448326159763343,0.24045441710926907,0.5239437386959604,0.5213056807619283,0.2459561132199851,0.24560613607494253,0.23010014808405438,0.2330881831631291,0.5039538437151346,0.5138120757206849,0.25772665057100985,0.2493714211714662,0.2383195057138554,0.23681650310784885,0.49402416685134487,0.5105352823556343,0.252627458754863,0.24768868787213774,0.25334837439379215,0.24177602977222795,0.5396693992162331,0.5255982090360474,0.23568634136504146,0.24209811913349666,0.22464425941872532,0.23230367183045592
2025-08-18,0.0035827350848913948,0.004158488081226238,0.003613525849055696,0.015039684241514435,0.0006666666666666666,0.014373017574847768,0.003928955164318126,0.0006666666666666666,0.00326228849765146,0.003928955164318126,0.0,0.003928955164318126,-0.005034873160982315,0.0,-0.005034873160982315,0.010411217447203008,0.0,0.010411217447203008,-0.002003390168847393,0.0,-0.002003390168847393,0.003062203550760145,0.0,0.003062203550760145,-0.004752016002804986,0.0,-0.004752016002804986,0.00017909637319398386,0.0,0.00017909637319398386,0.0027491189764635715,0.001,0.0017491189764635715,0.010237174770831081,0.001,0.00923717477083108,0.0004635964336870413,0.0,0.0004635964336870413,-0.003733053965720934,0.001,-0.004733053965720934,0.00473352363069357,0.0,0.00473352363069357,0.0018509327453799518,0.0,0.0018509327453799518,0.01524448659252009,0.0,0.01524448659252009,0.0051014869041026145,0.0,0.0051014869041026145,-0.0073847099362086555,0.0,-0.0073847099362086555,0.00558759970661545,0.003158610324242657,0.0020455609221529856,0.4890675458812951,0.5044736752170809,0.2699396967239025,0.25692882321900834,0.24099275739480241,0.2385975015639108,0.495562930414263,0.5077213674835648,0.25942701423869885,0.2516724819764065,0.24501005534703815,0.24060615054002868,0.5237540566813107,0.5218169306170887,0.24605311054796974,0.24498553013104196,0.23019283277071959,0.2331975392518694,0.5030647919168664,0.5143308503829865,0.2572719812694273,0.24832478012736753,0.23966322681370633,0.23734436948964593,0.49473763180950764,0.5115828875475581,0.25238955567437776,0.24671357968100116,0.25287281251611465,0.2417035327714407,0.5400860535780359,0.5265478667311725,0.23504656295876417,0.24099039208484868,0.22486738346320007,0.2324617411839789
2025-08-19,-0.019107463456147368,-0.019218060307617787,-0.019251836302920686,-0.017443751136448138,0.0,-0.017443751136448138,-0.04547546697252383,0.0,-0.04547546697252383,-0.04547546697252384,0.0,-0.04547546697252384,-0.012095916694779793,0.0006666666666666666,-0.012762583361446459,-0.009535752782739399,0.0,-0.009535752782739399,-0.012850113136315011,0.0,-0.012850113136315011,-0.03897191782698517,0.0006666666666666666,-0.03963858449365184,5.452944692152517e-05,0.0,5.452944692152517e-05,-0.019573713753227473,0.0006666666666666666,-0.02024038041989414,0.0012617264068530143,0.001,0.00026172640685301427,-0.031360096769934453,0.001,-0.032360096769934454,-0.03524170903580065,0.001,-0.03624170903580065,-0.0007325845479755344,0.0,-0.0007325845479755344,0.009442112640560607,0.0,0.009442112640560607,0.00614598539578215,0.0,0.00614598539578215,-0.04364970288132647,0.001,-0.04464970288132647,0.0024023302199928653,0.0,0.0024023302199928653,-0.017902712177605085,0.0,-0.017902712177605085,-0.011005576967572872,-0.0441063863177478,-0.011599811845020975,0.4896340928373536,0.504834958329714,0.2696225688118248,0.25674464735200453,0.2407433383508215,0.23842039431828138,0.4950684114907195,0.507552117656397,0.26001015688991946,0.25193844139105187,0.24492143161936114,0.2405094409525512,0.5240384876215296,0.522037155721802,0.24578307493030715,0.24482490041124572,0.2301784374481632,0.23313794386695222,0.5028937147068433,0.514378927814048,0.2575892294261721,0.24839515205840024,0.23951705586698463,0.23722592012755156,0.49431641591609793,0.5115484192131021,0.25267649027722716,0.24677394813924844,0.25300709380667485,0.24167763264764935,0.5409332565731542,0.5269319766299306,0.23491435954434794,0.24091244499739828,0.22415238388249795,0.23215557837267098
2025-08-20,-0.0029683113195046852,-0.003431296852617236,-0.002973461435727603,-0.007380952257545906,0.0006666666666666666,-0.008047618924212572,-0.008699539984824978,0.0,-0.008699539984824978,-0.008699539984824978,0.0,-0.008699539984824978,-0.004005988423895804,0.0,-0.004005988423895804,-0.004473392078511235,0.0,-0.004473392078511235,0.0010150590385386762,0.0,0.0010150590385386762,0.0026705575749111548,0.0006666666666666666,0.0020038909082444882,0.007083239420190882,0.0,0.007083239420190882,-0.007344378541388955,0.0006666666666666666,-0.008011045208055621,-0.004533686173052387,0.001,-0.005533686173052387,-0.0027059459548473552,0.0,-0.0027059459548473552,-0.007024132240726566,0.0,-0.007024132240726566,0.010006533036647114,0.001,0.009006533036647113,0.01840594679745222,0.0,0.01840594679745222,0.0005943907385205227,0.0,0.0005943907385205227,-0.013135387139467991,0.001,-0.014135387139467992,0.0052531245751195055,0.0,0.0052531245751195055,-0.008343843472944423,0.0,-0.008343843472944423,-0.0026471888976962914,-0.0031645166942233516,-0.005432298191428837,0.4911052109054171,0.5060181904055614,0.2688453879167649,0.2557198949431743,0.24004940117781806,0.23826191465126428,0.4949833982795591,0.5079572840926324,0.2601417291890373,0.2513680655793105,0.24487487253140358,0.24067465032805702,0.522472703226623,0.5217019365661644,0.24709984857200218,0.24484712527079297,0.23042744820137478,0.23345093816304263,0.5047044212187777,0.5155763428390194,0.2567517610143776,0.24726633045436572,0.23854381776684483,0.23715732670661482,0.4938688717583059,0.5120006115170638,0.25298770034987367,0.24602419043507945,0.25314342789182037,0.24197519804785675,0.538995431060589,0.5268923760868172,0.23639712896033727,0.24054930187653242,0.2246074399790738,0.2325583220366504
2025-08-21,-0.003091747607752295,-0.004254439951826561,-0.0031015858526245114,-0.013362118994122577,0.0006666666666666666,-0.014028785660789243,-0.004719682103011807,0.0006666666666666666,-0.005386348769678474,-0.010618620113094262,0.0,-0.010618620113094262,0.006673849809723705,0.0,0.006673849809723705,0.006481582759567968,0.0,0.006481582759567968,0.006419223283866016,0.0,0.006419223283866016,0.0019685768137873336,0.0,0.0019685768137873336,-0.002676687521329324,0.0,-0.002676687521329324,0.017790298680426104,0.0,0.017790298680426104,-0.007175332396304024,0.0,-0.007175332396304024,-0.007953279366066879,0.0,-0.007953279366066879,-0.007205687716748677,0.001,-0.008205687716748677,0.0028865561365131187,0.0,0.0028865561365131187,-0.017728465123042825,0.0,-0.017728465123042825,-0.0004767400436954672,0.0,-0.0004767400436954672,-0.0032314674756755424,0.001,-0.004231467475675542,-0.007164095739740195,0.0,-0.007164095739740195,0.00016620983399423528,0.001,-0.0008337901660057647,-0.0010525239334885361,-0.011977476568745779,-0.0033854063673958153,0.4911394259712849,0.5060781830514305,0.2688273123481936,0.2557176494482851,0.24003326168052147,0.23820416750028434,0.49486819087084294,0.5079425655012095,0.2600556542345573,0.25133182039146695,0.24507615489459977,0.2407256141073235,0.5225878806592791,0.5218024103954276,0.2474180920097659,0.24501303927907128,0.22999402733095514,0.23318455032550117,0.5046651279998843,0.5156208421281179,0.25688427101602146,0.24731916042269947,0.23845060098409432,0.23705999744918274,0.4938426664858851,0.5120494298284981,0.2534741097406814,0.24619380720183726,0.2526832237734335,0.24175676296966467,0.5383290803764448,0.5267299464123828,0.2370681566591019,0.24077984268491598,0.22460276296445336,0.23249021090270122
2025-08-22,0.020051563081586732,0.02101082323387012,0.020041623619758534,0.04017007389400006,0.0,0.04017007389400006,0.0314573680494908,0.0,0.0314573680494908,0.01909223069763081,0.0,0.01909223069763081,0.0035857188271172977,0.0,0.0035857188271172977,-0.001352227440503969,0.0,-0.001352227440503969,-0.0032616639999165265,0.0006666666666666666,-0.003928330666583193,0.048063067157554734,0.0,0.048063067157554734,0.006979356267605744,0.0,0.006979356267605744,0.053461497573794516,0.0,0.053461497573794516,0.0072755873057091525,0.0,0.0072755873057091525,0.007391697939001907,0.001,0.006391697939001907,0.019966070349977327,0.0,0.019966070349977327,0.0006547021140950737,0.0,0.0006547021140950737,-0.013619114603277582,0.0,-0.013619114603277582,0.02896913368775611,0.001,0.02796913368775611,0.03760666497346887,0.0,0.03760666497346887,0.007856378188321522,0.0,0.007856378188321522,0.023602601710226656,0.0,0.023602601710226656,0.03329429495812978,0.004960323527299581,0.010366412980255573,0.49081534129376186,0.5060912512590307,0.26913794180572714,0.25567633487364644,0.240046716900511,0.2382324138673229,0.49487987205126505,0.5081235166377822,0.26005129268808014,0.25113301031482294,0.24506883526065476,0.2407434730473948,0.5223140835116757,0.5218406223679876,0.24704734971186762,0.24463103882671666,0.2306385667764568,0.2335283388052958,0.5047123451215566,0.5158710719103943,0.25686633805070286,0.247049759277581,0.23842131682774045,0.23707916881202468,0.49447230869637326,0.5124918598900838,0.2527009327413771,0.2456751755255035,0.2528267585622495,0.24183296458441267,0.5383213500441193,0.52696204353484,0.23691880055302378,0.24046707190334687,0.22475984940285695,0.23257088456181313
2025-08-25,-0.0019232390544390325,-0.00795201352281102,-0.0019152560262060388,0.01309481565128919,0.0,0.01309481565128919,0.024172771734820984,0.0,0.024172771734820984,0.01688776536816805,0.0,0.01688776536816805,-0.0018174654612276298,0.0,-0.0018174654612276298,0.0006378753880005306,0.0,0.0006378753880005306,0.0011003409810968292,0.0,0.0011003409810968292,-0.02643997923884578,0.0,-0.02643997923884578,-0.0003567701948746782,0.0,-0.0003567701948746782,0.005415234458939322,0.0006666666666666666,0.004748567792272655,0.011321071842473107,0.0,0.011321071842473107,-0.008001330248882388,0.001,-0.009001330248882389,-0.008001330248882388,0.001,-0.009001330248882389,-0.022948165978618817,0.0,-0.022948165978618817,-0.01667552046848686,0.0,-0.01667552046848686,-0.007790107171456284,0.0,-0.007790107171456284,0.005502012354825392,0.0,0.005502012354825392,-0.006830732925704297,0.0,-0.006830732925704297,0.03171010924700035,0.0,0.03171010924700035,-0.026634912217793457,0.017032931601755973,0.007879292961196938,0.4915783519599853,0.5071450983167592,0.2690635899465083,0.2552311943766797,0.2393580580935063,0.23762370730656102,0.49520469008393464,0.508958267378734,0.2599522770696055,0.2506755379382283,0.24484303284645995,0.24036619468303783,0.5233757091645642,0.5230437769190488,0.2454229179364094,0.24341085837163023,0.23120137289902645,0.23354536470932108,0.5044154631825397,0.5166740387815054,0.2566675978797151,0.24643750250089622,0.23891693893774527,0.2368884587175985,0.4941273821117415,0.513278972028142,0.25176884770504215,0.24482091494325414,0.2541037701832164,0.24190011302860398,0.5394734306982912,0.5282431680617033,0.2359471306403526,0.23959974831190659,0.22457943866135613,0.2321570836263901
2025-08-26,0.009753841980865785,0.009195371422867558,0.009782425355967548,0.0021144108605709215,0.0006666666666666666,0.001447744193904255,0.021507565271268625,0.0,0.021507565271268625,0.012257193860902994,0.0,0.012257193860902994,0.028374559654434323,0.0,0.028374559654434323,0.014977824044971907,0.0,0.014977824044971907,0.009847783926136538,0.0,0.009847783926136538,0.004214468363354373,0.0,0.004214468363354373,0.006673700284352213,0.0,0.006673700284352213,-0.001363827862238728,0.0,-0.001363827862238728,0.016461909005522357,0.0,0.016461909005522357,0.015428162105203591,0.0,0.015428162105203591,0.015428162105203591,0.0,0.015428162105203591,-0.003266398571670104,0.001,-0.004266398571670104,-0.0021653819582447276,0.0,-0.0021653819582447276,0.0020419621979635982,0.0,0.0020419621979635982,0.009257091459411781,0.0,0.009257091459411781,0.015991470236583205,0.0,0.015991470236583205,0.007954107168603453,0.0,0.007954107168603453,0.01311174593245553,0.005625912740450359,0.00423952930411553,0.491176864177695,0.5059187049911802,0.2694699955985059,0.25606830203747716,0.23935314022379894,0.23801299297134254,0.49506402135548694,0.5078622835800761,0.2600124680425518,0.2513395382595001,0.2449235106019613,0.2407981781604237,0.5218793604044993,0.5212699531045824,0.246065377656177,0.2443659930663127,0.23205526193932371,0.2343640538291049,0.5054822843655681,0.5156517195297632,0.2561150817899808,0.2471046046699141,0.23840263384445093,0.23724367580032252,0.49356372623383715,0.511718595346292,0.2518131364293455,0.24568496270090445,0.2546231373368174,0.24259644195280344,0.5391342385926661,0.5267568644247056,0.23518888007822655,0.2401989581050352,0.22567688132910746,0.23304417747025916
2025-08-27,0.0003356476069977012,0.002489835839004557,0.00032505397346734764,-0.0008480098368744589,0.0,-0.0008480098368744589,-0.002871546284364144,0.0006666666666666666,-0.0035382129510308107,-0.002871546284364145,0.0,-0.002871546284364145,-0.0013457947530186956,0.0,-0.0013457947530186956,0.002759055729074533,0.0,0.002759055729074533,-0.0018619403027368975,0.0006666666666666666,-0.002528606969403564,-0.0007936095069085436,0.0006666666666666666,-0.0014602761735752101,-0.001823740070957906,0.0,-0.001823740070957906,-0.0061217736595936545,0.0006666666666666666,-0.0067884403262603215,0.0006377818759187859,0.0,0.0006377818759187859,0.00106283899730375,0.0,0.00106283899730375,0.00106283899730375,0.0,0.00106283899730375,0.002256178146773924,0.001,0.001256178146773924,-0.007313211178816115,0.0,-0.007313211178816115,0.005997422709845213,0.001,0.004997422709845213,-0.00024141988782178103,0.0,-0.00024141988782178103,0.004919814705357739,0.0,0.004919814705357739,0.010916678072612873,0.0,0.010916678072612873,0.006908675692355648,-0.008267310352889596,0.0037834109710144603,0.4903523374356499,0.5057205383336736,0.2701532867436706,0.2563189867501739,0.23949437582067956,0.2379604749161524,0.49589788483836994,0.5084933120350337,0.2597187220943616,0.2511017044255194,0.24438339306726842,0.24040498353944684,0.5219548192374676,0.5215217792345825,0.24622808527195006,0.24435638601431361,0.2318170954905824,0.23412183475110385,0.505536549488398,0.5159565166164086,0.2560869774047738,0.24697344267054905,0.23837647310682825,0.23707004071304225,0.49334238084256143,0.5119324409632825,0.25181128541990233,0.24556246431554146,0.2548463337375362,0.24250509472117587,0.5389881182457847,0.5269955343063462,0.23545789116443444,0.24016584421123705,0.22555399058978076,0.23283862148241657
2025-08-28,0.00938248563926063,0.008635942173587577,0.00942058924835581,0.01061404652270063,0.0,0.01061404652270063,0.027618554993578716,0.0,0.027618554993578716,0.02761855499357872,0.0,0.02761855499357872,0.009142894665699508,0.0,0.009142894665699508,0.008635696420928577,0.0006666666666666666,0.00796902975426191,0.007525682721220523,0.0013333333333333333,0.00619234938788719,0.0012934140610365574,0.0006666666666666666,0.0006267473943698908,-0.0026065097288610803,0.0,-0.0026065097288610803,0.026518845110895528,0.0006666666666666666,0.025852178444228862,0.004900029878958212,0.0,0.004900029878958212,0.0004006848851538236,0.0,0.0004006848851538236,0.0004006848851538236,0.0,0.0004006848851538236,-0.0069866970068985235,0.001,-0.007986697006898524,0.004967617922309375,0.0,0.004967617922309375,0.009534002054657653,0.001,0.008534002054657652,0.015924377668810663,0.0,0.015924377668810663,0.00905010890165503,0.0,0.00905010890165503,0.04707216711316009,0.0,0.04707216711316009,0.0052392931546945505,0.012956857446115928,0.01170670499745959,0.4904770793760403,0.5060245732920713,0.2700693948779994,0.2560033604089416,0.23945352574596032,0.23797206629898704,0.49581692591612436,0.5086944965621134,0.2599002634579154,0.2509187946988996,0.2442828106259603,0.24038670873898704,0.5220999795719247,0.5218360233900134,0.24627776505584928,0.24410754549786656,0.23162225537222603,0.2340564311121199,0.5055142367146949,0.5162729831452779,0.25609853338685745,0.24661052439738512,0.23838722989844766,0.23711649245733696,0.49346695331357376,0.5122973796229079,0.2514220102627737,0.2450672717664375,0.2551110364236525,0.24263534861065456,0.5385656245514059,0.5271799411313924,0.2355284654794199,0.23982240198793076,0.2259059099691742,0.23299765688067675
2025-08-29,-0.008690319745622451,-0.013722846357680004,-0.008749512135542698,0.0014918959615999317,0.0,0.0014918959615999317,-0.016344960641192247,0.0,-0.016344960641192247,-0.016344960641192247,0.0,-0.016344960641192247,-0.011970695491892409,0.0,-0.011970695491892409,-0.015559031428127534,0.0,-0.015559031428127534,-0.009439916776469603,0.0006666666666666666,-0.01010658344313627,0.03376463011337309,0.0006666666666666666,0.03309796344670642,0.0018919813546165822,0.0,0.0018919813546165822,0.029561549736384068,0.0,0.029561549736384068,-0.03123018118053872,0.0,-0.03123018118053872,-0.034270603139406386,0.0,-0.034270603139406386,-0.034270603139406386,0.0,-0.034270603139406386,0.0012819274606405973,0.0,0.0012819274606405973,0.008628149012295139,0.0,0.008628149012295139,0.0075441988208569954,0.001,0.006544198820856995,-0.024944134127132145,0.001,-0.025944134127132146,-0.007006366102772943,0.0,-0.007006366102772943,-0.02046781902528444,0.0,-0.02046781902528444,-0.008591661888294706,-0.004957253949869456,-0.033993972682605254,0.489584697810726,0.5053923577748152,0.2705423960710557,0.25634964276341343,0.23987290611821813,0.23825799946177117,0.4959237354074635,0.5085618765731839,0.259892177150193,0.25102453330298213,0.24418408744234346,0.24041359012383384,0.5215455371999292,0.5213727774694168,0.24584924679834413,0.2440030681270577,0.2326052160017266,0.2346241544035254,0.5057504223484751,0.5161016512600627,0.25597621076624993,0.24671726548822923,0.23827336688527492,0.23718108325170797,0.4926926833610045,0.5117925973941975,0.25171134530775535,0.245309859886926,0.2555959713312401,0.24289754271887648,0.5379508870127748,0.5267278045992816,0.23492025015737092,0.23976879848729915,0.22712886282985434,0.23350339691341918
2025-09-02,-0.007964561213862997,-0.0015396936241696265,-0.00790916393390013,-0.015738626823199077,0.0,-0.015738626823199077,0.010134893733910261,0.0,0.010134893733910261,0.010134893733910261,0.0,0.010134893733910261,-0.0004853430803340994,0.0,-0.0004853430803340994,-0.0036842161317854148,0.0,-0.0036842161317854148,-0.0015773739128945121,0.0,-0.0015773739128945121,-0.02650113613447269,0.0,-0.02650113613447269,-0.004910767296118834,0.0,-0.004910767296118834,-0.0353464996910758,0.0,-0.0353464996910758,-0.03028418809686889,0.0,-0.03028418809686889,-0.010713077413758432,0.0,-0.010713077413758432,-0.010713077413758432,0.0,-0.010713077413758432,-0.0038197036419301833,0.001,-0.004819703641930183,0.005293157141627036,0.0,0.005293157141627036,-0.016164623524435262,0.0,-0.016164623524435262,-0.02406063218423138,0.0,-0.02406063218423138,0.001405876394824035,0.001,0.0004058763948240349,0.008810982919960852,0.0,0.008810982919960852,-0.009142517836133327,0.008799088371993575,0.004650500924614165,0.490520761874275,0.5061406057236897,0.2700462412466562,0.2563243024785937,0.23943299687906872,0.23753509179771648,0.4959734122260069,0.5088669308995557,0.25972242288943426,0.25116239329998274,0.24430416488455894,0.2399706758004616,0.522474771650812,0.5221176106119583,0.24467856814761774,0.2436404659290745,0.23284666020157013,0.23424192345896722,0.505910022796777,0.5165298087369163,0.2558935522879422,0.24698845594107688,0.23819642491528073,0.2364817353220067,0.4923621971671603,0.5120590262791429,0.2519308592418254,0.24568076723585833,0.25570694359101437,0.2422602064849988,0.537307474049626,0.5268909676503565,0.23557427744927617,0.24028309524431707,0.22711824850109794,0.2328259371053264
2025-09-03,0.0037429360050413394,0.008703559521721214,0.0037510668597300055,0.007203696614876076,0.0006666666666666666,0.006537029948209409,0.0045511493352291925,0.0,0.0045511493352291925,0.0045511493352291925,0.0,0.0045511493352291925,-0.008487423060046535,0.0,-0.008487423060046535,0.00626103325645766,0.0,0.00626103325645766,0.00216925728712732,0.0006666666666666666,0.0015025906204606536,0.0119164906387339,0.0006666666666666666,0.011249823972067233,0.005096538799226891,0.0006666666666666666,0.004429872132560224,0.00619049522230027,0.0,0.00619049522230027,0.0022112496671619075,0.0,0.0022112496671619075,-0.0010537208229683404,0.0,-0.0010537208229683404,-0.0019158575828531754,0.001,-0.0029158575828531754,-0.012005991409118066,0.0,-0.012005991409118066,-0.004360343257085342,0.0,-0.004360343257085342,-0.0010718558892249819,0.001,-0.002071855889224982,-0.004521945105982028,0.001,-0.005521945105982028,0.005394373563275934,0.0,0.005394373563275934,0.030869622618566184,0.0,0.030869622618566184,0.005131689151848252,0.007841748282083246,0.017477768910949543,0.48916296354556604,0.5050451452864834,0.27076593364548246,0.25694762257048603,0.2400711028089515,0.2380072321430306,0.49608772691302394,0.5085075269702124,0.25960783153224026,0.25136857151386494,0.2443044415547358,0.24012390151592272,0.5221198510266726,0.5215235890270367,0.24562348688004923,0.2443763991877694,0.2322566620932782,0.23410001178519393,0.5048826595308793,0.5156325867535487,0.2564256327747572,0.24751709751764792,0.23869170769436343,0.23685031572880338,0.4923980857536488,0.5115126774070626,0.2524848559565714,0.24621664116764658,0.2551170582897798,0.2422706814252908,0.535814310916832,0.5258400317109131,0.23612973814549468,0.24081945228999127,0.2280559509376734,0.2333405159990957
2025-09-04,0.017542939631617196,0.02044550828450636,0.017538120100245636,0.008069067746703906,0.0006666666666666666,0.007402401080037239,0.0004211826363581528,0.0,0.0004211826363581528,0.007522217821059551,0.0006666666666666666,0.006855551154392884,0.014496072376488199,0.0,0.014496072376488199,0.020602904390410643,0.0,0.020602904390410643,0.0072587269275942905,0.0,0.0072587269275942905,0.022061614354430173,0.0,0.022061614354430173,0.007305239074103483,0.0,0.007305239074103483,0.03359907025907131,0.0,0.03359907025907131,0.031123062761710063,0.0,0.031123062761710063,0.016364641435812954,0.001,0.015364641435812953,0.020460951947551043,0.0,0.020460951947551043,-0.0013247588524726295,0.001,-0.0023247588524726295,0.0011507869683738403,0.0,0.0011507869683738403,0.01071945436622046,0.001,0.009719454366220459,0.04789051190032512,0.0,0.04789051190032512,0.005104569851248186,0.0,0.005104569851248186,0.055727224177156254,0.0,0.055727224177156254,0.023154555654713322,-0.0002995894379751087,0.035813529544839434,0.4892671737700584,0.504901808264198,0.27071069767644246,0.2568979387592646,0.24002212855349914,0.23820025297653744,0.49543456455579266,0.5079855036570651,0.2600702621784785,0.2515777210102826,0.24449517326572875,0.24043677533265223,0.5224323490742016,0.5214843959162696,0.2454187588377904,0.24425196933993853,0.23214889208800815,0.23426363474379194,0.5051011742081275,0.5154428041367682,0.25636078207739,0.2474661285797368,0.23853804371448256,0.237091067283495,0.4919364110629692,0.511098432298866,0.2526534564006441,0.24624271110641066,0.2554101325363867,0.24265885659472336,0.5345893189506066,0.5251738919017863,0.23613058460548275,0.24079016341400739,0.22928009644391076,0.2340359446842063
2025-09-05,0.0038087099629238123,0.00543406954536322,0.003755336454603628,0.016118500047040147,0.0,0.016118500047040147,-0.004797695590020523,0.0,-0.004797695590020523,0.015376437219204822,0.0006666666666666666,0.014709770552538156,0.006869040028097777,0.0,0.006869040028097777,-0.011789176239723679,0.0,-0.011789176239723679,-0.003798414675615628,0.0006666666666666666,-0.004465081342282295,-0.024365636922070902,0.0,-0.024365636922070902,-0.03327351934911489,0.0006666666666666666,-0.03394018601578156,-0.01110172428863343,0.0,-0.01110172428863343,0.03080409788691385,0.0,0.03080409788691385,0.06523413986431725,0.001,0.06423413986431725,-0.014706006397122606,0.001,-0.015706006397122607,-0.006350562782568736,0.001,-0.007350562782568736,-0.0008395326857687513,0.0,-0.0008395326857687513,-0.0006743644380625691,0.0,-0.0006743644380625691,0.00018116611048579756,0.001,-0.0008188338895142025,0.0025263192348988217,0.0,0.0025263192348988217,0.03516587645742397,0.0,0.03516587645742397,0.005188852768424993,-0.01174916439713558,0.023509908377292648,0.48947478372780867,0.5051527792552968,0.270428813402813,0.25622821354367653,0.2400964028693784,0.2386190072010267,0.49545318112980025,0.5081419779562926,0.2604137842716479,0.25122069897809396,0.24413303459855173,0.24063732306561336,0.5225348644051914,0.5216828195939881,0.24470743158493702,0.24336752263473854,0.23275770400987167,0.23494965777127333,0.5057994120778113,0.5158704250901436,0.2558670328341026,0.2465946220038957,0.2383335550880861,0.23753495290596066,0.4915278075626838,0.5111607956001515,0.2526279187751074,0.24552571436442727,0.2558442736622088,0.24331349003542113,0.5356663026624024,0.5257264989830587,0.23448989665056275,0.23954016706332754,0.2298438006870349,0.23473333395361373
2025-09-08,0.002408698628815212,-0.0015120706540211592,0.002562617717789172,0.004165043745341804,0.0,0.004165043745341804,0.04716620335415733,0.0006666666666666666,0.04649953668749066,0.008850438396984442,0.0006666666666666666,0.008183771730317776,-0.003775961244817938,0.0,-0.003775961244817938,-0.005608145005683666,0.0,-0.005608145005683666,-0.004876015131380288,0.0006666666666666666,-0.005542681798046955,-0.0030145353332514295,0.0,-0.0030145353332514295,0.004219585288432063,0.0006666666666666666,0.003552918621765396,0.0006534734005354539,0.0,0.0006534734005354539,0.012445231126446576,0.0,0.012445231126446576,0.018213902034822982,0.0,0.018213902034822982,0.0030421828909169557,0.0,0.0030421828909169557,-0.021069336328522426,0.0,-0.021069336328522426,0.012426241314736242,0.0,0.012426241314736242,0.003864566213270859,0.001,0.002864566213270859,-0.0003364330493847434,0.001,-0.0013364330493847434,0.006593004596081697,0.0,0.006593004596081697,0.006589760319456739,0.0,0.006589760319456739,-0.006108158657971762,0.0007727690603738227,0.006228776810415855,0.49009045736146756,0.5054463507237459,0.2695822478130666,0.2553686457535414,0.24032729482546583,0.2391850035227127,0.49624655509064086,0.5085243995883326,0.25981079314597555,0.25048291841999587,0.2439426517633836,0.24099268199167162,0.5224524714889804,0.5216273577875024,0.24417739581505649,0.24266621975453634,0.23337013269596316,0.2357064224579614,0.506449178410984,0.516065732413261,0.25723057303021113,0.24645996837496054,0.23632024855880476,0.2374742992117785,0.49118171886475337,0.5110274707630049,0.2527954565715367,0.24499637994359796,0.25602282456370995,0.24397614929339723,0.5346460679555165,0.5253707059629568,0.2342077541435602,0.23886243814236574,0.23114617790092334,0.23576685589467766
2025-09-09,0.010083399671885897,0.010590161923320063,0.0101513369963312,0.012594668288144966,0.0,0.012594668288144966,0.02876362663611657,0.0,0.02876362663611657,0.008180445337470347,0.0,0.008180445337470347,-0.015851363433607563,0.0,-0.015851363433607563,-0.002087131464134047,0.0,-0.002087131464134047,0.01127892929878323,0.0006666666666666666,0.010612262632116565,0.028275220943449066,0.0006666666666666666,0.0276085542767824,-0.0004387826707434872,0.0006666666666666666,-0.0011054493374101537,0.017671353364073623,0.0,0.017671353364073623,0.007192453201441018,0.0,0.007192453201441018,-0.008176903723929763,0.0,-0.008176903723929763,0.019376205594905382,0.0,0.019376205594905382,0.0007924986319157723,0.0,0.0007924986319157723,0.006255890255523977,0.0,0.006255890255523977,0.0010845293117330845,0.001,8.452931173308451e-05,0.03875108436437691,0.0,0.03875108436437691,0.005102175335923942,0.0,0.005102175335923942,0.014497403551624988,0.0,0.014497403551624988,0.004724053404036255,0.02797936815470973,0.005794740825668035,0.48881453284737303,0.5045570239838398,0.27128147423522636,0.25627605734599374,0.23990399291740058,0.2391669186701664,0.49634107525875165,0.5083202951895291,0.25976031511083025,0.2505154777837957,0.24389860963041798,0.24116422702667512,0.5221825953281398,0.5212410552242233,0.2443880836758845,0.24282936206632283,0.23342932099597563,0.2359295827094539,0.5065273779840925,0.515754709865356,0.25758214282997033,0.24665343623992017,0.235890479185937,0.23759185389472381,0.4896762140278455,0.5101938257597944,0.253799602005819,0.24540519776795022,0.25652418396633553,0.2444009764722553,0.5342318316784388,0.5248971795844903,0.23441631424630258,0.23900871280730981,0.23135185407525866,0.23609410760819993
2025-09-10,0.011997552533080836,0.017275453265797207,0.012073371631842904,0.005739567331651558,0.0006666666666666666,0.005072900664984891,0.01699297529139487,0.0,0.01699297529139487,0.018373968222944015,0.0006666666666666666,0.01770730155627735,0.019701732734171085,0.0,0.019701732734171085,0.02274841812907676,0.0,0.02274841812907676,0.016477839922553878,0.0,0.016477839922553878,-0.02206891655381123,0.0006666666666666666,-0.022735583220477897,-0.012841699810703747,0.0006666666666666666,-0.013508366477370413,-0.014998328296079165,0.0,-0.014998328296079165,0.016595635754265703,0.0,0.016595635754265703,0.05697873549747756,0.0,0.05697873549747756,0.020054648748337622,0.0,0.020054648748337622,-0.009798025871619431,0.0,-0.009798025871619431,-0.0074595709427888734,0.0,-0.0074595709427888734,-0.010591621864792178,0.002,-0.012591621864792178,0.03305092681838928,0.0,0.03305092681838928,0.02340962910316624,0.0,0.02340962910316624,0.0458721697876201,0.0,0.0458721697876201,0.012177868733830088,0.009155493079365805,0.03665193197565434,0.4884724009271302,0.504065128895974,0.2720136493905414,0.25708322084152707,0.2395139496823284,0.23885165026249888,0.4952954439304268,0.5074766503976222,0.25996341989494376,0.25105810609372825,0.24474113617462953,0.24146524350864945,0.523205895453294,0.521431876159056,0.24339491038498073,0.24277385133874674,0.2333991941617254,0.23579427250219737,0.5066417288349115,0.5153625346149487,0.2568100828843655,0.24698969818782412,0.23654818828072285,0.23764776719722702,0.4895522501125563,0.5097230066365714,0.25402663213978355,0.2460711594421121,0.2564211177476602,0.24420583392131634,0.5357458241516883,0.524966886069485,0.23342535282216148,0.2392727372672968,0.2308288230261502,0.23576037666321806
2025-09-11,0.010533577857644477,0.01651450144208113,0.010493240824040559,0.0077893578022353305,0.0006666666666666666,0.0071226911355686635,-0.001994038808908841,0.0,-0.001994038808908841,-0.001960179765371254,0.0,-0.001960179765371254,0.011106157513686337,0.0,0.011106157513686337,0.008732162472790145,0.0,0.008732162472790145,0.013774032188799726,0.0,0.013774032188799726,0.0012590055549379642,0.0006666666666666666,0.0005923388882712975,0.01460514918222544,0.0,0.01460514918222544,-0.0027380495705104924,0.0,-0.0027380495705104924,0.0525699770135275,0.0,0.0525699770135275,0.0008394929421660646,0.0,0.0008394929421660646,-0.02557666928639557,0.001,-0.02657666928639557,0.0017546710253564246,0.0,0.0017546710253564246,0.00881516347226785,0.001,0.00781516347226785,0.022034729631723704,0.001,0.021034729631723703,0.00815185181252076,0.001,0.007151851812520761,0.0003742863790048845,0.0,0.0003742863790048845,0.005946142510703578,0.0,0.005946142510703578,0.027740982398737124,-0.0011462850844364083,0.009998523935194218,0.48782939799106617,0.5034649501921635,0.27233644727942885,0.257038020084152,0.2398341547295051,0.23949702972368447,0.49529507697417396,0.5071977896837174,0.2601296060067604,0.2509345994478178,0.24457531701906549,0.24186761086846467,0.5227606977558396,0.5209306000745502,0.24365949044931007,0.24269954166909263,0.23357981179485043,0.23636985825635715,0.5056406997641769,0.5146587675256632,0.2581069371420336,0.24714081649241745,0.23625236309378958,0.23820041598191935,0.48956478774702084,0.5093537165600017,0.2541579179611242,0.24583764016271736,0.256277294291855,0.2448086432772809,0.5356653654677433,0.52456690720784,0.23291823596392905,0.23882854510364296,0.23141639856832757,0.23660454768851688
2025-09-12,0.0032305662397074763,0.005366743489236975,0.003288889379424947,0.0055599315769675845,0.0,0.0055599315769675845,0.021452990791679023,0.0,0.021452990791679023,0.0021881738715428716,0.0006666666666666666,0.001521507204876205,-0.0023559344011353143,0.0,-0.0023559344011353143,-0.009002137040839667,0.0,-0.009002137040839667,-0.009590223666720687,0.0006666666666666666,-0.010256890333387354,0.0019614993082659464,0.0006666666666666666,0.0012948326415992799,-0.005460954005760262,0.0,-0.005460954005760262,0.014221858813748784,0.0,0.014221858813748784,0.0028042605225233608,0.001,0.0018042605225233608,0.0028042605225233608,0.0,0.0028042605225233608,0.0028042605225233608,0.001,0.0018042605225233608,-0.008745591760447702,0.0,-0.008745591760447702,-0.0031454759874854354,0.0,-0.0031454759874854354,0.0015443186797287067,0.001,0.0005443186797287067,0.022346865447789854,0.001,0.021346865447789853,0.0018329811765179227,0.0,0.0018329811765179227,0.002211857599629996,0.0,0.002211857599629996,0.002955473240174608,0.016120122279451365,-0.0002239787318198596,0.4883069217854872,0.5043154736789721,0.2720816276546607,0.2564627620629592,0.23961145055985197,0.23922176425806863,0.49529140677006944,0.5078077161712633,0.2599980269498271,0.2504209617105424,0.24471056628010346,0.24177132211819435,0.5224708486448368,0.5213974371086469,0.24424206363064346,0.2425429800509506,0.23328708772451973,0.2360595828404025,0.5089077483453919,0.5165566540875256,0.25710657797417075,0.24621058136721902,0.23398567368043732,0.23723276454525544,0.488898226037719,0.5099535117259936,0.254135104843849,0.24522999523421285,0.2569666691184321,0.2448164930397937,0.5358742819887479,0.5254556101898331,0.2326776738332733,0.23814904300072287,0.23144804417797896,0.23639534680944418
2025-09-15,0.016082737083159628,0.024418646506293707,0.01603899054733389,0.015579285378308733,0.0,0.015579285378308733,0.01580428961480699,0.0,0.01580428961480699,0.020823291025400776,0.0006666666666666666,0.02015662435873411,0.012202233731942217,0.0006666666666666666,0.01153556706527555,0.00742114783947841,0.0006666666666666666,0.006754481172811743,0.004609542150313098,0.0,0.004609542150313098,0.029211063624519824,0.0,0.029211063624519824,-0.009914393377802902,0.0,-0.009914393377802902,0.04007183075215688,0.0,0.04007183075215688,0.015481903289524035,0.001,0.014481903289524034,0.018772705081433916,0.0,0.018772705081433916,0.018772705081433916,0.0,0.018772705081433916,-0.0028110343654307868,0.0,-0.0028110343654307868,-0.018706271856584855,0.0,-0.018706271856584855,-0.004247044320126514,0.001,-0.005247044320126514,0.010322976757844882,0.0,0.010322976757844882,0.009783275906515843,0.0,0.009783275906515843,0.041852519734445814,0.0,0.041852519734445814,0.028046054766148482,0.009987630621937785,0.031113239426349065,0.48796218620128234,0.5040111819106201,0.2727985019858564,0.2570933424174888,0.2392393118128614,0.23889547567189123,0.49567223873737554,0.5078662081786667,0.25983503507763794,0.25061160896337953,0.24449272618498655,0.2415221828579538,0.5223204752567131,0.5211903264383355,0.24382560324507596,0.24260689304709857,0.23385392149821096,0.236202780514566,0.5088802698026448,0.5163708080402445,0.2571466906050358,0.246588490408573,0.2339730395923195,0.23704070155118256,0.488507007336153,0.5096476314263022,0.2542305502883533,0.24562616410406776,0.2572624423754937,0.24472620446963006,0.5368834704419901,0.5256118642512285,0.23216253096905848,0.23834371772870047,0.23095399858895135,0.23604441802007106
2025-09-16,0.0001407352727173672,0.0036056780929554174,0.00012907318278313656,-0.009977652240465798,0.0006666666666666666,-0.010644318907132464,0.00071667979628746,0.0,0.00071667979628746,-0.0074185090438989194,0.0006666666666666666,-0.008085175710565586,0.004956495789278962,0.0,0.004956495789278962,0.0019227066762137104,0.0,0.0019227066762137104,-0.002457820040752235,0.0,-0.002457820040752235,-0.0001290185979788694,0.0006666666666666666,-0.000795685264645536,-0.00162126732920298,0.0,-0.00162126732920298,-0.0028024775771837334,0.0,-0.0028024775771837334,-0.000331937595467513,0.0,-0.000331937595467513,-0.004777428354016566,0.0,-0.004777428354016566,-0.004777428354016566,0.0,-0.004777428354016566,0.00955776832390487,0.0,0.00955776832390487,0.0034667284914823293,0.0,0.0034667284914823293,-0.0011041521673040289,0.0,-0.0011041521673040289,-0.005374241849015748,0.002,-0.0073742418490157485,0.003945112986833421,0.0,0.003945112986833421,0.009728620002842803,0.0,0.009728620002842803,0.006792109783242296,-0.008537591907305592,0.008896764708716809,0.4878436560388087,0.5041496828929931,0.2727451240563636,0.2567012622824473,0.23941121990482778,0.2391490548245596,0.4959778098846655,0.5082167598159215,0.25973430623662547,0.2501958533725782,0.24428788387870898,0.2415873868115002,0.5230847932861216,0.5217702515166496,0.24218432887362926,0.24142086469108012,0.23473087784024915,0.23680888379227027,0.5086550719793581,0.5165614992837971,0.2572646025345084,0.24613777717710353,0.2340803254861336,0.2373007235390993,0.4889856161035288,0.5100705788447735,0.2536315927510847,0.24493888394857372,0.2573827911453865,0.24499053720665276,0.5360750927181904,0.5256101061276118,0.23178669564458507,0.23773006790342882,0.23213821163722456,0.23665982596895935
2025-09-17,-0.007190098171823542,-0.007483616089583214,-0.007204263893529572,0.002496548169132029,0.0,0.002496548169132029,-0.0033283973884701275,0.0,-0.0033283973884701275,-0.007699242010913839,0.0,-0.007699242010913839,-0.016149860317441256,0.0,-0.016149860317441256,-0.006934610623579324,0.0,-0.006934610623579324,-0.008538134871619658,0.0006666666666666666,-0.009204801538286324,-0.009245054961607546,0.0,-0.009245054961607546,0.01411896331064392,0.0006666666666666666,0.013452296643977254,0.0016494990132581338,0.0,0.0016494990132581338,-0.01956164506613317,0.001,-0.020561645066133172,-0.01956164506613317,0.0,-0.01956164506613317,-0.023259177818950594,0.001,-0.024259177818950595,0.010746036210345755,0.0,0.010746036210345755,0.01564833863191417,0.0,0.01564833863191417,-0.010010569157030413,0.0,-0.010010569157030413,-0.010539067409722824,0.001,-0.011539067409722825,-0.005661200443408176,0.0,-0.005661200443408176,-0.03254594374129505,0.0,-0.03254594374129505,0.00029556595517632586,-0.0025206324674600378,-0.0294058928855501,0.48746334015969606,0.5041334425138854,0.2731834828273832,0.25661385843251977,0.23935317701292078,0.23925269905359492,0.49624850587015035,0.5085260253691125,0.25971055146586347,0.2498773927517599,0.24404094266398615,0.24159658187912758,0.523158498650494,0.5219810217592844,0.2421764635892379,0.24111034881344712,0.23466503776026815,0.2369086294272686,0.5088883884093347,0.5168715432366905,0.2571424397620859,0.24568664192671807,0.23396917182857938,0.23744181483659144,0.4894260279163656,0.5104489642740107,0.2535355201944711,0.2444963584694052,0.2570384518891633,0.24505467725658414,0.5353326536906593,0.5255981507795277,0.23201654518849696,0.23739509671743372,0.2326508011208437,0.23700675250303865
2025-09-18,0.021476584782317676,0.022446871428888796,0.021477483148713426,0.020629027714036186,0.0006666666666666666,0.01996236104736952,0.025668123288114998,0.0,0.025668123288114998,0.024239234387867903,0.0006666666666666666,0.023572567721201237,0.016511128860123625,0.0,0.016511128860123625,0.025636404887699728,0.0,0.025636404887699728,0.020071283631303873,0.0,0.020071283631303873,0.03357612637250429,0.0,0.03357612637250429,-0.004996788932064344,0.0,-0.004996788932064344,0.01398200734295559,0.0,0.01398200734295559,0.056514952974735744,0.001,0.05551495297473574,0.027516334908559092,0.0,0.027516334908559092,-0.005079867991417131,0.0,-0.005079867991417131,-0.002561191184514977,0.0,-0.002561191184514977,-0.025632985275868492,0.0,-0.025632985275868492,0.005845706163618514,0.0,0.005845706163618514,0.03867398316817594,0.001,0.03767398316817594,0.024908018113808605,0.0,0.024908018113808605,0.045832551690904055,0.0,0.045832551690904055,0.0173699524330706,0.013666565214642896,0.04243504482763501,0.4878760339710138,0.5047646613982841,0.27308051707099856,0.25668712777226244,0.2390434489579877,0.23854821082945352,0.4958224638150503,0.5087378763203024,0.25999023051263886,0.25014198449308256,0.24418730567231087,0.2411201391866151,0.5222734694861952,0.5219633791558749,0.2429218912321943,0.24160781485286026,0.23480463928161055,0.23642880599126492,0.5089533291871359,0.5174623021448763,0.25722926695677006,0.2458824628729967,0.23381740385609404,0.23665523498212698,0.4898457366857252,0.5111567966194108,0.254014309327808,0.24482152685543923,0.2561399539864667,0.24402167652514997,0.5357277521556698,0.5262978617244926,0.23247456177843595,0.23771341016414646,0.23179768606589427,0.23598872811136107
2025-09-19,0.005124421815804369,-6.689817359501458e-05,0.0051831303602506325,0.02606932068730964,0.0006666666666666666,0.025402654020642974,0.02437802758791289,0.0,0.02437802758791289,0.026102024003640253,0.0,0.026102024003640253,0.0014571059309803625,0.0006666666666666666,0.0007904392643136958,0.011293513118581622,0.0,0.011293513118581622,0.011077022435260023,0.0,0.011077022435260023,0.024366368316592148,0.0,0.024366368316592148,0.0038795559040381384,0.0,0.0038795559040381384,0.026419743559998356,0.0,0.026419743559998356,-0.034429074889212596,0.001,-0.0354290748892126,-0.001491655614101861,0.0,-0.001491655614101861,0.0017813088154914891,0.001,0.0007813088154914891,-0.0063799439618846265,0.0,-0.0063799439618846265,0.011107142156921213,0.0,0.011107142156921213,-0.008917684384102731,0.0,-0.008917684384102731,0.0066607226466322,0.0,0.0066607226466322,-0.003798496885666802,0.0,-0.003798496885666802,-0.0010382692407931993,0.0,-0.0010382692407931993,-0.0029887101945714743,0.0071545782539494205,-0.0009433943725288458,0.48762797670957525,0.5043619690924588,0.2732689086032022,0.2565596567770356,0.23910311468722248,0.23907837413050564,0.4954848752755838,0.5082904183754631,0.26031157154683426,0.25008098824885167,0.24420355317758194,0.24162859337568537,0.5238050628308296,0.5224505121530859,0.24166872978652731,0.2407595673686982,0.23452620738264304,0.2367899204782159,0.5109463237268796,0.5177465810183496,0.25702013516470384,0.24551641592143453,0.2320335411084166,0.23673700306021597,0.49022573069236547,0.5109087853169598,0.2529826643617546,0.24418405055646128,0.25679160494587994,0.24490716412657887,0.5358482730928756,0.5259642243091283,0.2319043254096359,0.2372281987022621,0.23224740149748843,0.23680757698860966
2025-09-22,0.002545121812988842,-0.0010683703077601654,0.0025357661132422134,0.008347772907502325,0.0006666666666666666,0.007681106240835658,-0.004624152239819565,0.0,-0.004624152239819565,0.0044204937001957045,0.0006666666666666666,0.003753827033529038,0.00874863263143651,0.0,0.00874863263143651,0.01175239251839962,0.0,0.01175239251839962,-0.0003591159252337809,0.0,-0.0003591159252337809,-0.014290396847101094,0.0,-0.014290396847101094,-3.188521617614179e-05,0.0,-3.188521617614179e-05,-0.002392900577491308,0.0,-0.002392900577491308,-0.008053548057585014,0.0,-0.008053548057585014,0.03229415043560524,0.001,0.03129415043560524,0.012741136005525011,0.0,0.012741136005525011,0.008644231723860862,0.0,0.008644231723860862,-0.011452247506554769,0.0,-0.011452247506554769,-0.006389118790351145,0.0,-0.006389118790351145,0.024589309665929815,0.0,0.024589309665929815,-0.005885720694900287,0.0,-0.005885720694900287,0.024589309665929815,0.001,0.023589309665929814,-0.0047616918701206545,-0.002533218389533206,0.008451212636364799,0.4876395212176939,0.5042078247720733,0.2732165834361751,0.2567154545319492,0.23914389534613106,0.23907672069597752,0.4949390153879322,0.5078575718571925,0.26059895006844896,0.25040663784808614,0.24446203454361876,0.24173579029472136,0.5242959767212374,0.522536052523845,0.2408567698677905,0.24053554774775693,0.23484725341097207,0.23692839972839802,0.5091087266625639,0.5169258857773694,0.2579274505286383,0.2460596568450253,0.23296382280879774,0.23701445737760532,0.4898368400133125,0.5105661631831164,0.25371197079506336,0.24466854853294556,0.2564511891916242,0.24476528828393807,0.5363223796879574,0.5259063912757492,0.23160025495341727,0.23737168230520234,0.2320773653586253,0.23672192641904843
2025-09-23,-0.008944971301492457,-0.011226598496264801,-0.008978879977802567,-0.0102347970815058,0.0,-0.0102347970815058,-0.0012905239460175855,0.0,-0.0012905239460175855,-0.008121360339208666,0.0006666666666666666,-0.008788027005875332,0.005915783450824404,0.0006666666666666666,0.005249116784157737,0.004056219692420796,0.0,0.004056219692420796,0.011905535439352022,0.0,0.011905535439352022,-0.04731441603367888,0.0,-0.04731441603367888,-0.008763000648301303,0.0006666666666666666,-0.00942966731496797,-0.03528122296735251,0.0,-0.03528122296735251,0.009062251615499783,0.001,0.008062251615499783,-0.014129331476361917,0.0,-0.014129331476361917,-0.0007998291526363221,0.0,-0.0007998291526363221,-0.001830922602987728,0.0,-0.001830922602987728,0.013990690944962747,0.0,0.013990690944962747,-0.0024365578871969884,0.001,-0.0034365578871969884,-0.03277523104861846,0.001,-0.03377523104861846,0.010072198918740005,0.0,0.010072198918740005,0.002014305535244676,0.0,0.002014305535244676,-0.018398714732039613,-0.00676714080647256,-0.00011423848366687306,0.4880798943399483,0.5042259652450513,0.272757571939687,0.2564489297788475,0.23916253372036464,0.23932510497610124,0.49508887033510846,0.5077304532426313,0.2608423375477841,0.250491312582896,0.2440687921171075,0.24177823417447267,0.5236101685470429,0.5219911023485986,0.24126304630926526,0.24070166696363657,0.23512678514369187,0.23730723068776485,0.507505193530451,0.5161259780856522,0.259248407628492,0.24644596722146764,0.23324639884105688,0.23742805469288014,0.49075790186802803,0.5105993718370526,0.2531185530871509,0.2444231152228251,0.2561235450448211,0.24497751294012232,0.5371421572539314,0.5259061761144007,0.23047454893893674,0.2369505938539144,0.2323832938071317,0.2371432300316848
2025-09-24,-0.012224858112853638,-0.01647647330983327,-0.012209549869627138,-0.013736048726899298,0.0,-0.013736048726899298,-0.007905653805494498,0.0,-0.007905653805494498,-0.010941260353640401,0.0006666666666666666,-0.011607927020307067,-0.00783434737876143,0.0,-0.00783434737876143,-0.021221054779580584,0.0,-0.021221054779580584,-0.014397939267562719,0.0,-0.014397939267562719,-0.01051274175996401,0.0,-0.01051274175996401,-0.009771399438799122,0.0,-0.009771399438799122,-0.01825478212303059,0.0,-0.01825478212303059,-0.0158789430657989,0.001,-0.0168789430657989,-0.005272162970534122,0.0,-0.005272162970534122,-0.012150259810703612,0.0,-0.012150259810703612,-0.003586867646630021,0.0,-0.003586867646630021,-0.0003469053018465562,0.0,-0.0003469053018465562,-0.0012421244903762507,0.001,-0.0022421244903762507,-0.009268043923660318,0.001,-0.01026804392366032,-0.008357045966042032,0.0,-0.008357045966042032,-0.009268043923660318,0.0,-0.009268043923660318,-0.014319186319149853,-0.008607254188254957,-0.029025627909710635,0.4877943029297106,0.5036912366224344,0.2731104738349609,0.25673771542785145,0.23909522323532856,0.23957104794971418,0.4949522265938791,0.5072701984545186,0.26070502849960403,0.250534992760173,0.24434274490651683,0.24219480878530833,0.522292942974065,0.5209405566446116,0.2425783579054466,0.2414716574630943,0.2351286991204884,0.23758778589229412,0.5083383720996023,0.5158757369040248,0.2584666935676858,0.24633853008123346,0.23319493433271182,0.23778573301474176,0.49038714523435123,0.5099518320384919,0.2537690861581925,0.24478831963610065,0.25584376860745633,0.24525984832540748,0.5350633676198282,0.5246949854256993,0.23170634128307693,0.23750761382731253,0.23323029109709487,0.23779740074698819
2025-09-25,-0.011316401310027641,-0.014976134002508279,-0.011296537078203085,-0.01464832315651306,0.0,-0.01464832315651306,-0.004589755783789358,0.0,-0.004589755783789358,-0.0028077491045001377,0.0,-0.0028077491045001377,-0.0006351670054745386,0.0,-0.0006351670054745386,-0.006464157643536139,0.0,-0.006464157643536139,0.0005213047453999087,0.0,0.0005213047453999087,-0.03405010259388341,0.0,-0.03405010259388341,0.010366797783183428,0.0,0.010366797783183428,-0.01616910849167911,0.0,-0.01616910849167911,-0.015829099700898297,0.001,-0.016829099700898298,-0.009207671185387067,0.001,-0.010207671185387068,-0.005217842138094619,0.001,-0.006217842138094619,-0.006317702311467777,0.0,-0.006317702311467777,0.003528141737033641,0.0,0.003528141737033641,-0.010550863474557304,0.0,-0.010550863474557304,-0.016185131128411356,0.0,-0.016185131128411356,-0.0009441164221472564,0.0,-0.0009441164221472564,-0.016185131128411356,0.0,-0.016185131128411356,-0.02848126554559427,-0.0037814172032069413,0.0030888009833538455,0.4875790497181913,0.5037010155931427,0.2733244049619106,0.25704330485073773,0.23909654531989802,0.23925567955611954,0.4954816119707649,0.5076522967194295,0.2602512206299654,0.2505067126847651,0.24426716739926976,0.24184099059580544,0.5224727782854071,0.5211478798767506,0.2426996632100601,0.24173093397481243,0.23482755850453294,0.23712118614843702,0.5079003363292786,0.515888508572285,0.25887419026711445,0.2467391599636562,0.23322547340360703,0.23737233146405884,0.49026703926830467,0.5100695205421636,0.2538796117832642,0.2450909490639856,0.25585334894843104,0.24483953039385076,0.5349874057546402,0.5248272414826544,0.23176643783131332,0.2377936016598418,0.23324615641404642,0.23737915685750383
2025-09-26,0.005756209944488163,0.0024505201571402204,0.0057424024875074725,0.02635799554536359,0.0006666666666666666,0.025691328878696924,0.020340673173354824,0.0,0.020340673173354824,0.01602624735603057,0.0006666666666666666,0.015359580689363904,0.008540196607467371,0.0,0.008540196607467371,0.006572089832023694,0.0,0.006572089832023694,0.0032466590485267966,0.0,0.0032466590485267966,0.0006722273151066696,0.0006666666666666666,5.560648440002913e-06,0.002654543096876442,0.0,0.002654543096876442,-0.007395623249433436,0.0,-0.007395623249433436,-0.001373508972133508,0.001,-0.002373508972133508,0.00011455496716406,0.0,0.00011455496716406,0.0032306256305482117,0.0,0.0032306256305482117,0.010434126475975414,0.001,0.009434126475975413,0.006701728646858807,0.0,0.006701728646858807,0.01109596193132012,0.001,0.010095961931320119,-0.00014891880079731523,0.0,-0.00014891880079731523,-0.0032524485319165297,0.0,-0.0032524485319165297,-0.00014891880079731523,0.0,-0.00014891880079731523,0.000919224432072447,0.004857302243748917,0.0033364976904188453,0.48700768678438555,0.5026780883130493,0.2735813892753586,0.257454592216217,0.2394109239402558,0.2398673194707337,0.4956099976614765,0.5069792437515948,0.26000019708483996,0.25066399612095774,0.24438980525368342,0.2423567601274475,0.520828096436165,0.519588293138939,0.2442028979378672,0.24276534654747137,0.23496900562596792,0.23764636031358977,0.5074535206156348,0.5147531499971071,0.2590063486426311,0.2471617178073089,0.23354013074173413,0.23808513219558405,0.49012092042783645,0.5090333919351337,0.2543292605287302,0.24561827872972158,0.25554981904343327,0.24534832933514478,0.5345902142809844,0.5237082589066725,0.2323367985863282,0.23836076628872893,0.23307298713268743,0.23793097480459863
2025-09-29,0.013751337925447485,0.013603708551449826,0.013741498301079446,0.043249456790031816,0.0006666666666666666,0.04258279012336515,0.039612518834976296,0.0,0.039612518834976296,0.02312397604311885,0.0,0.02312397604311885,0.006655255862078713,0.0,0.006655255862078713,-0.0054104975750301305,0.0,-0.0054104975750301305,-0.0015924035623426187,0.0,-0.0015924035623426187,0.02002101668455388,0.0006666666666666666,0.019354350017887215,0.007020386237679421,0.0006666666666666666,0.006353719571012754,-0.0006130680816036622,0.0,-0.0006130680816036622,-0.014906996234103909,0.001,-0.01590699623410391,-0.009984594531701974,0.0,-0.009984594531701974,0.010678342475822722,0.0,0.010678342475822722,-0.0012330985904546732,0.0,-0.0012330985904546732,-0.006065772862346441,0.0,-0.006065772862346441,-0.0051994012362155395,0.001,-0.0061994012362155395,0.05186061370958983,0.0,0.05186061370958983,0.00945324380634982,0.0,0.00945324380634982,0.05186061370958983,0.0,0.05186061370958983,0.004534536985228543,0.016640717187306826,0.030104189719345736,0.4874103426241542,0.5027960704166669,0.27350009743953646,0.2574749407121949,0.2390895599363093,0.23972898887113825,0.49579788510423334,0.5069898416567064,0.25999128680999833,0.2507205353974259,0.24421082808576838,0.24228962294586778,0.5209474101006593,0.5195646041549193,0.24439475669711458,0.242922270340984,0.23465783320222625,0.2375131255040967,0.5072453612024161,0.5145727739969475,0.25903541217648807,0.24725304128809283,0.23371922662109587,0.23817418471495966,0.4901750225137516,0.5089395622296882,0.25421142543538167,0.2456611256635277,0.25561355205086667,0.245399312106784,0.534671149666601,0.5236232841901285,0.23222057663618706,0.2384041455597935,0.2331082736972119,0.23797257025007795
2025-09-30,0.0016354881561500914,0.0033820460470130546,0.0016899488583213037,-0.00022522402487527382,0.0,-0.00022522402487527382,0.002368084850282022,0.0,0.002368084850282022,-0.010154032565790061,0.0,-0.010154032565790061,0.01806098525991421,0.0006666666666666666,0.017394318593247544,0.020345829178963326,0.0,0.020345829178963326,0.02168016520776398,0.0006666666666666666,0.021013498541097315,-0.025330479911620962,0.0,-0.025330479911620962,-0.00766982534382284,0.0,-0.00766982534382284,-0.023586286220824183,0.0006666666666666666,-0.02425295288749085,-0.010421109713631804,0.001,-0.011421109713631805,0.009863948379867038,0.0,0.009863948379867038,0.017516793036997713,0.0,0.017516793036997713,-0.01431133345039054,0.0,-0.01431133345039054,0.000545900158905599,0.0,0.000545900158905599,-0.0024820953620251496,0.001,-0.0034820953620251496,0.022380376123518397,0.001,0.021380376123518396,0.01619495973688989,0.0,0.01619495973688989,0.02524627446421357,0.0,0.02524627446421357,-0.0006538951680153567,-0.003626217053761425,0.019055975891176875,0.487969338229883,0.5025819632801688,0.2736430261173304,0.2576231306306882,0.2383876356527867,0.23979490608914295,0.4963341956972273,0.5067643920138409,0.2596138766781357,0.2506085559110909,0.2440519276246371,0.24262705207506816,0.5218074621961724,0.5195010252633134,0.24413081728057176,0.24286702621230893,0.2340617205232558,0.23763194852437752,0.5064194674763831,0.513638798448611,0.25893549135889277,0.24732287969494549,0.23464504116472426,0.23903832185644347,0.49043215853412875,0.5083629864976671,0.2540867858554436,0.24572280687880727,0.25548105561042767,0.2459142066235256,0.5357259521351148,0.5233099383859925,0.23070589675951292,0.23800711347715015,0.23356815110537227,0.2386829481368573
2025-10-01,0.016398452621450423,0.021606644625459828,0.016429792579042462,-0.0001891632540698871,0.0,-0.0001891632540698871,-0.002248629065918347,0.0006666666666666666,-0.0029152957325850135,0.009107952639954156,0.0,0.009107952639954156,0.011783869040859188,0.0,0.011783869040859188,0.0052786013955421485,0.0,0.0052786013955421485,-0.002873991349783093,0.0006666666666666666,-0.0035406580164497594,0.006358100144266963,0.0,0.006358100144266963,-0.021597131209168948,0.0,-0.021597131209168948,-0.0218303174353629,0.0,-0.0218303174353629,0.053788265570300475,0.001,0.052788265570300474,0.028577540324672746,0.0,0.028577540324672746,0.056499772520474,0.0,0.056499772520474,-0.007991053123708458,0.0,-0.007991053123708458,-0.002389824493200743,0.0,-0.002389824493200743,0.012650281222366,0.001,0.011650281222365999,0.07941582839938488,0.001,0.07841582839938488,0.009055524053370179,0.0,0.009055524053370179,0.050497004316434446,0.0,0.050497004316434446,0.03774246901021875,-0.018327792170063195,0.026961284154588018,0.48813895045073935,0.5024472351888177,0.27388725809893094,0.2575673776583611,0.23797379145032976,0.23998538715282122,0.4961622656566245,0.5064588927917604,0.2596848537697435,0.2504661754937674,0.24415288057363188,0.24307493171447228,0.5213069721590003,0.5190312460429483,0.2448028880724491,0.24302519264512018,0.23389013976855058,0.23794356131193162,0.5051110951678294,0.5129128597564041,0.25942351189325025,0.24724558206069272,0.23546539293892055,0.23984155818290326,0.48975842019201266,0.5078464770143847,0.2545306332690487,0.2456309321147062,0.2557109465389388,0.24652259087090928,0.535758842858448,0.5230266164943083,0.23046895790399594,0.2376905792442388,0.23377219923755607,0.23928280426145299
2025-10-02,0.006429038269856672,0.005691495098589367,0.00642344461563209,-0.0014823006722120748,0.0,-0.0014823006722120748,0.013885182379680651,0.0,0.013885182379680651,0.006770769268670631,0.0,0.006770769268670631,-0.004362786964599427,0.0,-0.004362786964599427,-0.0017440011678241754,0.0,-0.0017440011678241754,-0.00749534358108339,0.0006666666666666666,-0.008162010247750057,0.04113899826106726,0.0,0.04113899826106726,-0.002278182152315788,0.0,-0.002278182152315788,-0.0052871316981879515,0.0,-0.0052871316981879515,0.017798175286319995,0.001,0.016798175286319994,0.01178569901421278,0.0,0.01178569901421278,0.019308909210587255,0.0,0.019308909210587255,0.020885920354307363,0.0,0.020885920354307363,-0.013242473979711733,0.0,-0.013242473979711733,0.003951267837077943,0.0,0.003951267837077943,-0.0055463729775696025,0.001,-0.0065463729775696025,-0.006809294005015842,0.0,-0.006809294005015842,-0.0010440025387362106,0.0,-0.0010440025387362106,0.015576430887855614,0.0005400211159688476,-0.010377534558566123,0.48798849369590436,0.5032460080008403,0.2736461351968498,0.25643808185822886,0.2383653711072459,0.2403159101409308,0.4967280253232289,0.5076157738145026,0.25962604586897264,0.24942803719429024,0.24364592880779848,0.24295618899120708,0.5227777383086484,0.5206406303072124,0.24405657974280143,0.24164330413120466,0.23316568194855028,0.23771606556158298,0.5056999582979174,0.5142783461831828,0.25856014105656083,0.24560896565680235,0.2357399006455219,0.24011268816001471,0.4890949756099852,0.5087987018961653,0.254485000848659,0.24426416938819473,0.2564200235413559,0.24693712871563994,0.5368180683077657,0.5245473224864328,0.2289475516319517,0.23583681114668134,0.2342343800602827,0.23961586636688578
2025-10-03,-0.005106004617640816,-0.002713970477236193,-0.005368024674200198,-0.0002953623584235343,0.0006666666666666666,-0.000962029025090201,-0.05233344974412431,0.0006666666666666666,-0.05300011641079098,-0.017330544058512566,0.0,-0.017330544058512566,0.00010282195147145057,0.0,0.00010282195147145057,-0.00935899368165194,0.0,-0.00935899368165194,0.001208267660693855,0.0,0.001208267660693855,-0.013440379680415043,0.0,-0.013440379680415043,0.00669578324051138,0.0,0.00669578324051138,-0.003084802200832699,0.0,-0.003084802200832699,0.005114737515515166,0.001,0.004114737515515166,-0.016269313679552755,0.0,-0.016269313679552755,-0.0205641381193577,0.0,-0.0205641381193577,0.02266048369443896,0.001,0.02166048369443896,-0.010189426616274588,0.0,-0.010189426616274588,-0.015372256517430072,0.002,-0.017372256517430074,-0.004263877241276304,0.001,-0.005263877241276304,0.006447904393157122,0.0,0.006447904393157122,0.00649198178161281,0.0,0.00649198178161281,0.005668552701942553,-0.027621060808209395,0.0038989097509444606,0.48735590116855604,0.5034677502462993,0.27417478324745526,0.25657276026439335,0.23846931558398873,0.23995948948930734,0.4967536045904566,0.5081666019572495,0.25978224211946044,0.24937648970039594,0.24346415329008306,0.2424569083423545,0.5251288973631973,0.5223542483436199,0.242929147506364,0.24094994239384773,0.23194195513043867,0.2366958092625323,0.5057746585742474,0.5150239688766102,0.25832627211129366,0.24535806377521902,0.23589906931445895,0.23961796734817084,0.49043270208482015,0.5099611232350991,0.25335870928495763,0.24371876804252812,0.25620858863022233,0.24632010872237275,0.5366795120870027,0.5252225705358193,0.22887582142106858,0.23563941504744473,0.2344446664919287,0.23913801441673588
2025-10-06,-0.0023470939340615184,-0.014500140380004287,-0.0021783922227213174,-0.04456676913118207,0.0006666666666666666,-0.04523343579784874,0.028875947076434295,0.0006666666666666666,0.02820928040976763,-0.039296658661394646,0.0,-0.039296658661394646,0.010896530506689336,0.0006666666666666666,0.01022986384002267,0.012528499739562639,0.0,0.012528499739562639,0.017458492451553877,0.0006666666666666666,0.01679182578488721,0.02468627427388544,0.0,0.02468627427388544,-0.002884341324362623,0.0,-0.002884341324362623,0.015565491268129523,0.0006666666666666666,0.014898824601462857,0.03514326303073223,0.001,0.03414326303073223,0.013065352691381149,0.0,0.013065352691381149,0.019785263986437207,0.001,0.018785263986437206,-0.005682534894522917,0.0,-0.005682534894522917,-0.001857717358552391,0.0,-0.001857717358552391,-0.003983254994305185,0.001,-0.004983254994305185,-0.012309905716618996,0.001,-0.013309905716618997,0.01793904870810792,0.0,0.01793904870810792,-0.012309905716618996,0.0,-0.012309905716618996,-0.010959009230658215,0.01889562584756928,-0.05495802861430662,0.4891301037367958,0.5048114505436769,0.2723537246433253,0.25503838435838677,0.2385161716198789,0.24015016509793624,0.4969817911778292,0.5087372942641937,0.2593856677209423,0.2485543558971953,0.24363254110122853,0.24270834983861106,0.5243243896892904,0.5224085935199243,0.24358482199627982,0.24065393303486404,0.23209078831442975,0.23693747344521165,0.5069522277923904,0.5160244093963628,0.2578217097040712,0.24435560373155385,0.2352260625035385,0.2396199868720834,0.4922937974487817,0.511187127382972,0.2526248159833746,0.24264062880372397,0.25508138656784357,0.2461722438133041,0.5360667327798239,0.5256321960422159,0.22917745503211065,0.23490299968980688,0.2347558121880656,0.23946480426797737
2025-10-07,-0.00219134051237151,-0.004193816037586896,-0.0022566172731645173,0.013309627916739062,0.0006666666666666666,0.012642961250072396,-0.003966762907260575,0.0,-0.003966762907260575,0.016600020404704208,0.0006666666666666666,0.01593335373803754,0.0011331820054314434,0.0006666666666666666,0.0004665153387647768,0.008519186711190155,0.0,0.008519186711190155,-0.0007405397898079258,0.0006666666666666666,-0.0014072064564745923,0.01709574021496533,0.0,0.01709574021496533,0.0004007366300245636,0.0,0.0004007366300245636,0.018074286976840583,0.0,0.018074286976840583,-0.005873076390369714,0.001,-0.006873076390369714,-0.022744642078651955,0.0,-0.022744642078651955,-0.04329917513505749,0.0,-0.04329917513505749,-0.002947807393356705,0.0,-0.002947807393356705,0.013079491138884625,0.0,0.013079491138884625,-0.008866726899914912,0.001,-0.009866726899914913,-0.03342221396767042,0.001,-0.03442221396767042,-0.0010600645811030263,0.0,-0.0010600645811030263,-0.022992655009413554,0.0,-0.022992655009413554,-0.015617341723152803,0.006292274386657101,0.010140033279321965,0.48692403992957933,0.5038331649580695,0.27533933174062886,0.25733606126649144,0.23773662832979175,0.23883077377543893,0.4967526892393894,0.5087474896129746,0.25939127587284166,0.24936203333259788,0.24385603488776886,0.2418904770544275,0.525313439806445,0.5230278648965023,0.24263541165649086,0.24098410122442246,0.23205114853706418,0.23598803387907516,0.5079152932394894,0.5165093810600265,0.25717064461991695,0.24521928255544984,0.23491406214059365,0.2382713363845236,0.4921754519633727,0.511315233438908,0.2527670298919352,0.24376608969521585,0.25505751814469196,0.24491867686587604,0.5352327459438097,0.5255241404524522,0.23032743647542545,0.23636102386776764,0.23443981758076488,0.2381148356797801
2025-10-08,0.007922173288194514,0.007396723464602219,0.007902508277063612,0.002123279309474165,0.0006666666666666666,0.0014566126428074986,0.00402274598362858,0.0006666666666666666,0.0033560793169619134,0.011576393380719177,0.0006666666666666666,0.010909726714052511,0.016971628692901287,0.0,0.016971628692901287,0.015148984559356796,0.0,0.015148984559356796,0.011190908698345787,0.0,0.011190908698345787,0.0026823870039702404,0.0,0.0026823870039702404,-0.003050614917386229,0.0,-0.003050614917386229,-0.002885422505191082,0.0,-0.002885422505191082,0.006833827570771667,0.002,0.004833827570771667,0.0033004912651751206,0.0,0.0033004912651751206,0.037017211655924975,0.0,0.037017211655924975,0.0031113806250548937,0.001,0.0021113806250548936,-0.006897984640922561,0.0,-0.006897984640922561,0.01231719490142591,0.0,0.01231719490142591,0.01702657546230757,0.001,0.01602657546230757,0.021526783626697577,0.0,0.021526783626697577,0.01702657546230757,0.0,0.01702657546230757,0.002764204349168391,0.014600554865874377,0.010216834137711683,0.48731115677956277,0.5034020347859918,0.27459874905163584,0.2572291954367807,0.23809009416880145,0.23936876977722757,0.4965823199974801,0.5080376163949505,0.2597411805032481,0.24980041116258683,0.2436764994992719,0.2421619724424628,0.5257348100197453,0.5226138614060831,0.24198017755251222,0.24091990968721888,0.2322850124277424,0.23646622890669805,0.5092627236860757,0.516116950387327,0.2569948830704409,0.24551427143393556,0.23374239324348337,0.23836877817873747,0.4919384080257458,0.5103999262194181,0.253497060129119,0.24435998986329935,0.25456453184513517,0.24524008391728258,0.5340670208291988,0.5243023684445576,0.23144161334617813,0.23708169242492888,0.2344913658246231,0.2386159391305136
2025-10-09,-0.0030677932515874836,-0.0005183394511615238,-0.0029994769680659755,-0.017131796886626766,0.0,-0.017131796886626766,0.006125053629715863,0.0006666666666666666,0.005458386963049196,-0.00931872488355327,0.0,-0.00931872488355327,-0.009722421589597277,0.0006666666666666666,-0.010389088256263944,-0.009127782016349634,0.0,-0.009127782016349634,-0.01214206459075965,0.0,-0.01214206459075965,0.014672596959289536,0.0,0.014672596959289536,0.007368751990885306,0.0,0.007368751990885306,0.007260598687007199,0.0,0.007260598687007199,-0.004296748575043696,0.001,-0.005296748575043696,-0.0049860744934568935,0.0,-0.0049860744934568935,-0.016112235736380542,0.0,-0.016112235736380542,-0.0010211767474936906,0.0,-0.0010211767474936906,0.007380817321144706,0.0,0.007380817321144706,-0.013003679837560178,0.0,-0.013003679837560178,-0.0016258101387034984,0.001,-0.0026258101387034985,-0.001941359379405705,0.0,-0.001941359379405705,-0.005417515591245092,0.0,-0.005417515591245092,0.008039046106745402,-0.0003163423516210724,-0.019164058784014244,0.4870273800807487,0.5030074344383909,0.27454833371246673,0.2573854878850428,0.23842428620678444,0.23960707767656625,0.49677856252364067,0.5078830256598369,0.25974438909530256,0.2499835155764607,0.24347704838105685,0.24213345876370246,0.526030749765697,0.5225091192808651,0.2418250739755531,0.241023858016586,0.23214417625875,0.23646702270254905,0.5084987746067179,0.5155262131135592,0.25652674792040414,0.245602996992338,0.2349744774728781,0.238870789894103,0.49190544123968777,0.5100504131024391,0.2530009497914303,0.24443948360977663,0.25509360896888184,0.24551010328778422,0.5338979204171568,0.523907931231004,0.23163572745554584,0.23738896023893474,0.23446635212729727,0.23870310853006133
2025-10-10,-0.03389995493739753,-0.030459940588310214,-0.03394817430123819,-0.02332429656058358,0.0,-0.02332429656058358,-0.02780732509215966,0.0,-0.02780732509215966,-0.04478838585379259,0.0,-0.04478838585379259,-0.018397459558513574,0.0,-0.018397459558513574,-0.029132774478975734,0.0,-0.029132774478975734,-0.02459929332005887,0.0006666666666666666,-0.025265959986725536,-0.07950720864013308,0.0,-0.07950720864013308,-0.009129481206573382,0.0,-0.009129481206573382,-0.04318941096363245,0.0,-0.04318941096363245,-0.04681010116851342,0.001,-0.04781010116851342,-0.06311424815953126,0.0,-0.06311424815953126,-0.06204370631982398,0.0,-0.06204370631982398,-0.008036432854573228,0.001,-0.009036432854573229,0.017778257096552785,0.0,0.017778257096552785,-0.02407836290679477,0.0,-0.02407836290679477,-0.045589805478586376,0.001,-0.04658980547858638,-0.038579468224000046,0.0,-0.038579468224000046,-0.042020694747420706,0.0,-0.042020694747420706,-0.03621647964365641,0.001365685670860854,-0.04985805089128722,0.4862022708747192,0.5030609253087986,0.27538652389467694,0.2578093559572541,0.23841120523060386,0.23912971873394723,0.49678889810336485,0.5083542389231215,0.2598186032904553,0.2500253956551433,0.24339249860617995,0.2416203654217353,0.5264159202351081,0.5231677499889931,0.2416312430675351,0.2409317155436832,0.23195283669735686,0.23590053446732373,0.5087614705207866,0.5162374036995878,0.2566760177831538,0.24565865184172775,0.2345625116960596,0.23810394445868438,0.49200103604951556,0.5107064603240684,0.2534969974175334,0.244609575121073,0.25450196653295104,0.24468396455485858,0.5339535162170567,0.5245507787793571,0.23169314806430127,0.23741430483450643,0.23435333571864203,0.2380349163861366
2025-10-13,0.024143864543930874,0.022097849242615743,0.024193507019548987,0.01976648249061652,0.0,0.01976648249061652,0.020773628348574286,0.0,0.020773628348574286,0.03050857512081991,0.0,0.03050857512081991,0.006572043691590255,0.0,0.006572043691590255,0.0196294984492551,0.0,0.0196294984492551,0.006479415379888239,0.0006666666666666666,0.005812748713221572,0.02163104345261735,0.0,0.02163104345261735,0.017428227336578634,0.0006666666666666666,0.016761560669911968,0.020566940796502193,0.0006666666666666666,0.019900274129835527,0.048582700889810315,0.002,0.04658270088981031,0.07089050053510049,0.0,0.07089050053510049,0.05526533276065393,0.0,0.05526533276065393,0.01837807381036649,0.001,0.01737807381036649,-0.015063577453240884,0.0,-0.015063577453240884,0.03057074455465081,0.0,0.03057074455465081,0.04445658894741178,0.001,0.04345658894741178,0.011651807657108881,0.0,0.011651807657108881,0.03008646844004026,0.0,0.03008646844004026,0.0263634589435342,0.007611385366818564,0.027491326940232524,0.48685043782821397,0.5030689294591827,0.2754941654870302,0.25866771061675775,0.23765539668475597,0.23826335992405964,0.497254274472196,0.5082708477811737,0.25947636568568055,0.2506588107160829,0.24326935984212342,0.24107034150274337,0.5251478028059828,0.522217611948067,0.2431269446598143,0.24248410020314978,0.23172525253420295,0.23529828784878315,0.5088764044424796,0.5158517855964198,0.2566159638998404,0.24671690943709246,0.23450763165767993,0.23743130496648782,0.49169184253440407,0.5101808801667548,0.25476827970937715,0.2461071736542396,0.2535398777562188,0.24371194617900563,0.5336253107726971,0.5240189246853915,0.23194056881494593,0.2385740290590773,0.23443412041235692,0.23740704625553122
2025-10-14,-0.0069264858616478325,-0.010120251603411283,-0.006954368063521796,-0.008587643441429186,0.0,-0.008587643441429186,0.010355778693957726,0.0,0.010355778693957726,-0.013187665748067918,0.0,-0.013187665748067918,0.016200121846000913,0.0,0.016200121846000913,-0.001977609620356387,0.0,-0.001977609620356387,0.004940370109794126,0.0,0.004940370109794126,-0.006635269845844506,0.0,-0.006635269845844506,-0.011769487392046269,0.0006666666666666666,-0.012436154058712935,0.0024674393373125625,0.0006666666666666666,0.001800772670645896,-0.020670028846946853,0.001,-0.021670028846946854,-0.017273520980767176,0.0,-0.017273520980767176,-0.012996320996666533,0.0,-0.012996320996666533,0.025674984363151188,0.0,0.025674984363151188,0.0022101033957979133,0.0,0.0022101033957979133,-0.0005343181720293688,0.001,-0.0015343181720293688,-0.035769383941937294,0.001,-0.036769383941937295,-0.02930867667577358,0.001,-0.030308676675773583,-0.02930867667577358,0.0,-0.02930867667577358,-0.022020782322281846,0.022514799770305904,-0.01715872137630673,0.48656093848854226,0.5031564826039139,0.27538858513164993,0.2582474414563592,0.2380504763798079,0.23859607593972704,0.49691950432730975,0.5083357655232976,0.2600136744148783,0.2505599860979734,0.243066821257812,0.24110424837872907,0.5253225778174287,0.522537302268357,0.24295928485752408,0.24203279131929628,0.23171813732504723,0.23542990641234668,0.5086970516471029,0.5161038849454651,0.2567096771542637,0.2462554129742229,0.23459327119863344,0.23764070208031196,0.4921970220444559,0.5106588751765917,0.2532984865198556,0.24512972006486825,0.2545044914356885,0.2442114047585401,0.5348025575180438,0.5247187018828757,0.2309048834643376,0.2377398310565473,0.23429255901761856,0.23754146706057705
2025-10-15,0.015589619636261837,0.019150920159009918,0.015638432923487287,0.006743674874630642,0.0006666666666666666,0.006077008207963975,0.01987663260253225,0.0006666666666666666,0.019209965935865585,0.010941441526992574,0.0,0.010941441526992574,-0.0011885990904387798,0.0,-0.0011885990904387798,0.016371823704373435,0.0,0.016371823704373435,-0.0071734715171314365,0.0,-0.0071734715171314365,-0.0025700881784237466,0.0,-0.0025700881784237466,0.007107326708096773,0.0006666666666666666,0.006440660041430106,0.01968109972485177,0.0013333333333333333,0.018347766391518437,0.0350607337448966,0.001,0.0340607337448966,0.04034286349327243,0.0,0.04034286349327243,0.03643344855076058,0.0,0.03643344855076058,-0.003171271359842076,0.0,-0.003171271359842076,-0.008263996744237834,0.0,-0.008263996744237834,-0.0038514592613361764,0.0,-0.0038514592613361764,0.04760916070349275,0.001,0.04660916070349275,0.04418602914268821,0.0,0.04418602914268821,0.04418602914268821,0.0,0.04418602914268821,0.01218018159950892,0.018217350075238763,0.03523482061845117,0.4861390361200336,0.5022949239372335,0.2762465512379167,0.25950453891760367,0.23761441264204963,0.2382005371451628,0.4976982669682546,0.508074539361344,0.25942894597737776,0.25109573628733417,0.24287278705436777,0.24082972435132186,0.5252621310912008,0.5218564714228171,0.24263557323588156,0.24269904991658608,0.23210229567291768,0.2354444786605968,0.5083590859018997,0.5151205422230973,0.25677608898402166,0.24738700218491189,0.23486482511407858,0.23749245559199084,0.4935271615535622,0.5102260071881459,0.2527345593072028,0.24605329739156165,0.253738279139235,0.24372069542029245,0.5344386808226511,0.5237268085469453,0.2310610562405353,0.2389010413795614,0.2345002629368137,0.2373721500734934
2025-10-16,-0.0018451589365328584,0.004228087721607719,-0.001925661161377627,-0.0027952415776711925,0.0006666666666666666,-0.003461908244337859,-0.017090383558356348,0.0,-0.017090383558356348,-0.010948946483194479,0.0,-0.010948946483194479,0.012473482339626935,0.0006666666666666666,0.011806815672960269,0.0027092692547245147,0.0,0.0027092692547245147,-0.005688004835599539,0.0,-0.005688004835599539,-0.04120641714853397,0.0,-0.04120641714853397,-0.031813136992007975,0.0,-0.031813136992007975,-0.026845073753585653,0.0,-0.026845073753585653,0.005150092443483967,0.0,0.005150092443483967,0.009436468678421073,0.0,0.009436468678421073,0.01926375046383988,0.0,0.01926375046383988,-0.001291468563505871,0.0,-0.001291468563505871,-0.010939723557432501,0.001,-0.011939723557432502,-0.010093984516182541,0.0,-0.010093984516182541,0.015298823307778764,0.0,0.015298823307778764,0.023327123842044828,0.0,0.023327123842044828,0.023327123842044828,0.0,0.023327123842044828,0.0029090999123276852,-0.011831901100501804,0.02334717487660683,0.4856505822377626,0.5016710082845791,0.27673114048282904,0.2597228056805278,0.23761827727940846,0.23860618603489311,0.49737328179159296,0.5075323580614943,0.26021737854973903,0.25146592471398277,0.24240933965866807,0.2410017172245229,0.5244851726920536,0.5210883035117246,0.24273555479614262,0.24272501283718456,0.23277927251180366,0.23618668365109072,0.5081273645913603,0.514535291317184,0.25699786494858545,0.24742799092144496,0.23487477046005417,0.23803671776137098,0.49367841938069995,0.509767139397666,0.25254178729554505,0.24595748529594164,0.253779793323755,0.24427537530639226,0.5345652894914059,0.523259806534199,0.2309982195495847,0.23884810793977473,0.23443649095900945,0.2378920855260262
2025-10-17,-0.007764282487473731,-0.023348787455445292,-0.0077961735875925284,0.012644420053274558,0.0006666666666666666,0.011977753386607892,-0.00958869711592732,0.0,-0.00958869711592732,-0.001265016810819993,0.0,-0.001265016810819993,-0.006764639933954634,0.0006666666666666666,-0.007431306600621301,-0.0032737171496100745,0.0,-0.0032737171496100745,-0.003683974160839358,0.0,-0.003683974160839358,-0.0005806930587711383,0.0006666666666666666,-0.0012473597254378048,0.005048866577342603,0.0,0.005048866577342603,-0.005853610258696129,0.0,-0.005853610258696129,-0.013931777078523222,0.001,-0.014931777078523223,-0.003228393272930008,0.0,-0.003228393272930008,-0.003390601910336355,0.0,-0.003390601910336355,0.007018325709467588,0.0,0.007018325709467588,0.012814437654259936,0.001,0.011814437654259935,0.010706365320566125,0.0,0.010706365320566125,-0.009059607385981105,0.001,-0.010059607385981106,-0.011745679303036827,0.0,-0.011745679303036827,-0.011745679303036827,0.0,-0.011745679303036827,-0.03278458286678787,-0.012355350089165143,-0.014102804777680037,0.4862166235358248,0.5018814795075989,0.2762618910276657,0.2590791781831986,0.23752148543650958,0.23903934230920262,0.4980634101205678,0.5078048727999703,0.26008108625100146,0.25098877579486645,0.24185550362843067,0.24120635140516317,0.5238657619105683,0.5207060486949706,0.2429276109533367,0.24241203814603407,0.233206627136095,0.23688191315899532,0.5076559509800354,0.5142825085945916,0.256990659199165,0.24687754931267453,0.23535338982079973,0.23883994209273401,0.49418880377036517,0.5098383500154003,0.2522382056252787,0.24530923963329204,0.2535729906043561,0.24485241035130761,0.5341457936626628,0.5230241566798586,0.2312064180087032,0.23836874971982214,0.23464778832863414,0.23860709360031934
2025-10-20,0.013162971450311988,0.02034749343393759,0.013173110057272815,0.02087050017527803,0.0,0.02087050017527803,0.01606074304710048,0.0006666666666666666,0.015394076380433813,-0.004458244100916258,0.0,-0.004458244100916258,0.013961161650388815,0.0006666666666666666,0.01329449498372215,0.013583553517320768,0.0,0.013583553517320768,0.02045136787142643,0.0,0.02045136787142643,0.01901367016445536,0.0006666666666666666,0.018347003497788693,0.03185660532896214,0.0,0.03185660532896214,0.030321068299299,0.0,0.030321068299299,0.011417604068186149,0.0,0.011417604068186149,0.029861840222194402,0.001,0.0288618402221944,0.019820592931474312,0.0,0.019820592931474312,-0.006587486196948489,0.0,-0.006587486196948489,0.0002811345567288459,0.001,-0.0007188654432711541,-0.004715033739848495,0.0,-0.004715033739848495,-0.013531118281299215,0.001,-0.014531118281299216,-0.013827255355349288,0.0,-0.013827255355349288,-0.013827255355349288,0.0,-0.013827255355349288,0.027819450668048622,0.02175820619266518,0.0029158212261178873,0.48714608553256133,0.5018334087293173,0.27553926416793123,0.25899715474016627,0.2373146502995074,0.23916943653051653,0.49785551811778334,0.5071881250219282,0.26019960774548495,0.25132732652894313,0.24194487413673174,0.2414845484491287,0.5238155078292962,0.5201681198776846,0.2432256893977127,0.242840367355057,0.2329588027729911,0.23699151276725838,0.5070457261414612,0.5133939800171511,0.2573133703982979,0.2473582925907472,0.23564090346024097,0.2392477273921017,0.4939662010974333,0.5090777367526219,0.25237865096035,0.24572983517622438,0.2536551479422167,0.2451924280711537,0.5342338985435499,0.5223660769098404,0.23116269099359438,0.23872856838719503,0.23460341046285574,0.2389053547029646
2025-10-21,-0.005464649884879111,-0.009827359631380587,-0.005504506212441396,-0.002998188059117224,0.0006666666666666666,-0.0036648547257838904,-0.012080495174993692,0.0006666666666666666,-0.012747161841660358,-0.009607287581283559,0.0,-0.009607287581283559,-0.009966014149219049,0.0,-0.009966014149219049,-0.008953313955030146,0.0,-0.008953313955030146,-0.010534829941888183,0.0006666666666666666,-0.011201496608554849,0.015331721215535127,0.0006666666666666666,0.014665054548868461,-0.00408527538436539,0.0006666666666666666,-0.004751942051032057,-0.010957270526747257,0.0006666666666666666,-0.011623937193413923,-0.010026148006432312,0.0,-0.010026148006432312,0.0010682878825232223,0.0,0.0010682878825232223,-0.007397046505145111,0.0,-0.007397046505145111,0.011351961419045709,0.0,0.011351961419045709,-0.024216523618852404,0.001,-0.025216523618852404,-0.0006111774998047714,0.0,-0.0006111774998047714,-0.00019182455120442254,0.001,-0.0011918245512044226,0.0040208802779382324,0.0,0.0040208802779382324,0.0040208802779382324,0.0,0.0040208802779382324,0.001737990173525236,-0.025669891781359512,-0.018742377350261664,0.48791486156848535,0.502622769506538,0.27565689748646177,0.25909161630674726,0.23642824094505288,0.23828561418671476,0.49766655511455415,0.5074986162795723,0.26011663716660094,0.2513214861468169,0.24221680771884505,0.24117989757361086,0.5231471666461684,0.5202389220453795,0.24360548877008303,0.24306591194855792,0.23324734458374846,0.23669516600606255,0.5063568137262496,0.513709302417538,0.2579068230848276,0.2476018961531051,0.23573636318892277,0.23868880142935686,0.4937632710940392,0.5095534333489086,0.2525860673178223,0.24584604674999333,0.2536506615881384,0.24460051990109805,0.5341971187826959,0.5228966030861653,0.23118094502381792,0.2387823563929719,0.2346219361934861,0.23832104052086275
2025-10-22,-0.011828328857694588,-0.00959663727729397,-0.011836666030013378,0.004766263308652522,0.0,0.004766263308652522,-0.009091708019099125,0.0,-0.009091708019099125,0.00314974508384136,0.0,0.00314974508384136,-0.02783365200604467,0.0,-0.02783365200604467,-0.010528031625140967,0.0,-0.010528031625140967,0.001406106722806574,0.0,0.001406106722806574,-0.02799327984250954,0.0,-0.02799327984250954,-0.0070705535675626985,0.0,-0.0070705535675626985,-0.007775335765174085,0.0006666666666666666,-0.008442002431840751,-0.0215936608996512,0.0,-0.0215936608996512,-0.027493221566713077,0.0,-0.027493221566713077,-0.022507209796486738,0.0,-0.022507209796486738,-0.01132134382262412,0.0,-0.01132134382262412,0.021320179839867337,0.0,0.021320179839867337,0.0023800799354528612,0.001,0.0013800799354528612,-0.03161756558012052,0.0,-0.03161756558012052,-0.014969409842820858,0.0,-0.014969409842820858,-0.014969409842820858,0.0,-0.014969409842820858,-0.006263478135653125,-0.016402906143034968,-0.009944254579095424,0.4883153350417905,0.5034511436920439,0.2753574665042135,0.25853873946246975,0.23632719845399608,0.23801011684548634,0.49767029321558215,0.5081286227789397,0.26017391550295754,0.2509469639618418,0.24215579128146028,0.24092441325921846,0.5243402682155855,0.5214636102789414,0.2431675044823691,0.2424437584515476,0.23249222730204544,0.23609263126951102,0.505986548649141,0.5144288191235558,0.25831937304219693,0.24719780142581144,0.235694078308662,0.2383733794506328,0.4950348733334714,0.5108147662693847,0.2512993069505726,0.24488117961557543,0.253665819715956,0.2443040541150398,0.5339247217610961,0.5236484162505008,0.23131613740543347,0.23828673366567948,0.23475914083347052,0.2380648500838196
2025-10-23,0.02238928417859439,0.01574237386691368,0.02248623315718273,0.019199927004504014,0.0,0.019199927004504014,0.028083333210307055,0.0,0.028083333210307055,0.02988850430448238,0.0,0.02988850430448238,0.02462121282583148,0.0,0.02462121282583148,0.042775101504685775,0.0,0.042775101504685775,0.02574086713814923,0.0,0.02574086713814923,0.024585688734423794,0.0,0.024585688734423794,0.0046106612119101165,0.0006666666666666666,0.0039439945452434495,0.023543161586466667,0.0006666666666666666,0.0228764949198,0.02113366919276738,0.0,0.02113366919276738,0.04231357459354124,0.0,0.04231357459354124,0.04302428152801763,0.0,0.04302428152801763,-0.0027815725777669,0.0,-0.0027815725777669,0.003763980843078829,0.0,0.003763980843078829,0.003040949349266242,0.001,0.002040949349266242,0.06048399431974849,0.0,0.06048399431974849,0.03189184949492918,0.0,0.03189184949492918,0.03189184949492918,0.0,0.03189184949492918,0.02057934400131985,0.014734306087424615,0.006284488058580283,0.4887456195245383,0.5038477482430148,0.27479922246606503,0.258086948445749,0.23645515800939665,0.23806530331123615,0.4964595600560254,0.5077047185087584,0.26048589859083293,0.2509302865081329,0.24305454135314172,0.2413649949831087,0.5232794265375402,0.5211146517495158,0.24374413659649996,0.24255940551096644,0.23297643686595979,0.23632594273951774,0.5061713255616811,0.5147329549995541,0.25809375398666173,0.24689197068063842,0.23573492045165714,0.23837507431980756,0.49384667351961326,0.5106658198256716,0.25242048466753203,0.24501979180532563,0.2537328418128547,0.24431438836900277,0.5330546149022061,0.5236044404819272,0.2317479769968593,0.23819786427400363,0.2351974081009345,0.23819769524406909
2025-10-24,0.015838763243958966,0.014908409596704942,0.0158574682059538,0.02224119585347243,0.0,0.02224119585347243,0.014240313212015687,0.0,0.014240313212015687,0.027245186449352143,0.0006666666666666666,0.026578519782685477,0.009402061913027724,0.0,0.009402061913027724,0.01846284595698174,0.0,0.01846284595698174,-0.00404554127394822,0.0006666666666666666,-0.004712207940614887,0.008111333416671845,0.0,0.008111333416671845,0.022166261141623046,0.0,0.022166261141623046,0.014074713773906122,0.0,0.014074713773906122,0.014642861346765401,0.001,0.0136428613467654,0.024306175466463853,0.0,0.024306175466463853,0.04380609993806428,0.0,0.04380609993806428,-0.0051539758909858735,0.0,-0.0051539758909858735,0.0005206896288525997,0.0,0.0005206896288525997,-0.0011476583826224296,0.001,-0.0021476583826224296,0.04693075017705173,0.001,0.04593075017705173,0.023899940843684186,0.0,0.023899940843684186,0.023899940843684186,0.0,0.023899940843684186,0.026638376188842832,-0.004004643328272735,0.008515072990091983,0.488235674808508,0.5038562813488815,0.2750250892111571,0.25817424573836206,0.23673923598033492,0.23796947291275644,0.4959377811633699,0.5077073345263124,0.26120603232261064,0.25126471729408884,0.24285618651401938,0.24102794817959866,0.5238755403297218,0.5216762141094884,0.2429663214117479,0.24214486183865747,0.23315813825853024,0.2361789240518541,0.5050417109849978,0.5147132795108501,0.2586657036278801,0.24704636171513034,0.236292585387122,0.2382403587740195,0.4935484221254668,0.5109204941872049,0.25261503660466295,0.24504964159746867,0.2538365412698702,0.2440298642153264,0.5340010178316174,0.5242698507702346,0.23127827117833188,0.2380085090067794,0.23472071099005068,0.23772164022298595
2025-10-27,0.010575691525006625,0.007839129453987802,0.010632017126272571,0.009471595875094866,0.0006666666666666666,0.0088049292084282,0.025563773175719746,0.0,0.025563773175719746,0.029391753595611414,0.0,0.029391753595611414,0.007939633567378701,0.0006666666666666666,0.007272966900712034,0.017990405785594632,0.0,0.017990405785594632,0.009003584778571586,0.0,0.009003584778571586,0.012258502410361343,0.0,0.012258502410361343,0.008631187016472067,0.0,0.008631187016472067,0.011934074873251044,0.0,0.011934074873251044,0.02968532307879279,0.002,0.02768532307879279,0.030865333043210375,0.0,0.030865333043210375,0.01547492428181274,0.001,0.01447492428181274,-0.0034012374001931023,0.0,-0.0034012374001931023,-0.02117962918301136,0.0,-0.02117962918301136,-0.005253807347420758,0.001,-0.006253807347420758,0.01117958030242533,0.0,0.01117958030242533,0.000549412799872695,0.0,0.000549412799872695,0.000549412799872695,0.0,0.000549412799872695,0.012436910296904672,0.0038645879632553583,0.0018152220290355392,0.4883557985230077,0.5045559819990393,0.2746309366356865,0.2574984389332682,0.2370132648413059,0.23794557906769262,0.49604754281715224,0.5084018541461115,0.2617614396714564,0.2510636904511531,0.24219101751139138,0.24053445540273538,0.5233467758409557,0.5220514706580133,0.24343854568546552,0.2419022434581577,0.23321467847357874,0.23604628588382903,0.5039927146973372,0.5152242267184187,0.25870711598288676,0.24641852889902205,0.23730016931977604,0.23835724438255926,0.4933207447138713,0.511702476623875,0.25279958019803783,0.2444690420900219,0.253879675088091,0.24382848128610318,0.5351521036777572,0.5255068250819573,0.23070697992092556,0.23717848399857483,0.2341409164013173,0.23731469091946789
2025-10-28,-0.005548151034805881,-0.006049368447762334,-0.005532759364525422,-0.008346934347709944,0.0006666666666666666,-0.00901360101437661,-0.0017173492054111845,0.0,-0.0017173492054111845,-0.010720216843985607,0.0,-0.010720216843985607,-0.002688485102506818,0.0006666666666666666,-0.0033551517691734847,-0.001371023501659,0.0,-0.001371023501659,0.0009597919743683145,0.0,0.0009597919743683145,0.008931031965471181,0.0,0.008931031965471181,-0.0036407335122423294,0.0,-0.0036407335122423294,-0.007416715601269256,0.0006666666666666666,-0.008083382267935922,0.0027026759186278837,0.0,0.0027026759186278837,-0.007819385352473895,0.0,-0.007819385352473895,3.27342196205227e-05,0.001,-0.0009672657803794773,-0.009118924012078922,0.0,-0.009118924012078922,-0.01470434267118087,0.0,-0.01470434267118087,-0.012428850000968272,0.001,-0.013428850000968273,-0.009685696496067986,0.0,-0.009685696496067986,-0.023356198850076004,0.0,-0.023356198850076004,-0.023356198850076004,0.0,-0.023356198850076004,-0.004702633128238561,-0.0031142514407224505,-0.01194649284744483,0.4873834155502732,0.5043211809120159,0.2750504082705119,0.2576078432872853,0.23756617617921488,0.23807097580069875,0.49571153196361667,0.5084852391186877,0.26217352919718523,0.25116940375062197,0.24211493883919807,0.24034535713069033,0.5234521225048833,0.5223555343893209,0.24330214578473996,0.24173371204439933,0.23324573171037669,0.23591075356627966,0.5042370574477661,0.5156417229611812,0.2590054474678513,0.24638253412811026,0.2367574950843824,0.23797574291070855,0.49386107638450427,0.5122176492103048,0.2521333804124386,0.24411475199982408,0.2540055432030571,0.2436675987898712,0.5357073852369088,0.5260269311315983,0.23043139013654407,0.23695309520877889,0.23386122462654724,0.23701997365962296
2025-10-29,0.010935142263377422,-0.0013100005500035815,0.01095381867368637,-0.015314095990356675,0.0,-0.015314095990356675,0.012485951122064002,0.0,0.012485951122064002,0.0024083494623493937,0.0013333333333333333,0.0010750161290160605,0.06364970530662502,0.0006666666666666666,0.06298303863995836,0.0221422235818313,0.0,0.0221422235818313,0.04445287023745344,0.0,0.04445287023745344,-0.028512578842155592,0.0,-0.028512578842155592,-0.009643887208019527,0.0,-0.009643887208019527,-0.0246957996755787,0.0006666666666666666,-0.025362466342245368,0.02018729860763524,0.0,0.02018729860763524,0.028347764182610757,0.0,0.028347764182610757,0.026860375879896647,0.0,0.026860375879896647,-0.01620314565893738,0.0,-0.01620314565893738,-0.020496965579082205,0.0,-0.020496965579082205,-0.013951865005159492,0.001,-0.014951865005159493,0.08011041020197562,0.0,0.08011041020197562,0.0882124052937725,0.0,0.0882124052937725,0.0882124052937725,0.0,0.0882124052937725,-0.008316675775125626,0.00617866127529417,0.006469484990965742,0.4872194014792403,0.5043128290677071,0.27537946529540425,0.25784638053979264,0.23740113322535547,0.23784079039250022,0.49554861994714194,0.5084774383016579,0.26219659365379044,0.25125494471898574,0.24225478639906758,0.24026761697935628,0.5242245117117272,0.5228153841839507,0.24301872036961936,0.2416660080769002,0.23275676791865352,0.23551860773914923,0.5046175748914693,0.5158659916738215,0.25862879680426193,0.24635741112080772,0.23675362830426894,0.23777659720537087,0.49412066558780365,0.5124020116036118,0.25197019100731227,0.24416007120781433,0.253909143404884,0.24343791718857383,0.5364213526052514,0.5263612383193695,0.23007704357153722,0.23693533255400856,0.23350160382321136,0.23670342912662184
2025-10-30,-0.02734171249634081,-0.032809923008827346,-0.0274554180462277,-0.007150522090919301,0.0006666666666666666,-0.007817188757585967,-0.06443356375681697,0.0,-0.06443356375681697,-0.011561903777297638,0.0006666666666666666,-0.012228570443964304,-0.007050575595487421,0.0,-0.007050575595487421,-0.06061159555189747,0.0,-0.06061159555189747,0.00015640869665326895,0.0,0.00015640869665326895,-0.039024681632895554,0.0,-0.039024681632895554,0.005316677144029021,0.0006666666666666666,0.004650010477362354,-0.034922352264450805,0.0,-0.034922352264450805,-0.011742808175223773,0.001,-0.012742808175223774,-0.007389411400332835,0.0,-0.007389411400332835,-0.004722311637806453,0.0,-0.004722311637806453,-0.08892340555291006,0.0,-0.08892340555291006,-0.04249194506231513,0.0,-0.04249194506231513,-0.0007202862091963969,0.0,-0.0007202862091963969,-0.030869446942700884,0.0,-0.030869446942700884,-0.011549234921962248,0.0,-0.011549234921962248,-0.011549234921962248,0.0,-0.011549234921962248,-0.03513672870614452,-0.05073230451007245,-0.009660003038320856,0.4860379189527641,0.5033384637498265,0.2763201440154576,0.2585056872222652,0.23764193703177836,0.2381558490279084,0.4964479078332949,0.508543458190092,0.26114022773290513,0.2509157290809889,0.24241186443380006,0.24054081272891925,0.5236386235197459,0.5221388160333174,0.24371089123307246,0.24220106083107257,0.2326504852471817,0.23566012313561008,0.5042264978522273,0.5152228800176506,0.2588716080900325,0.24669075505718946,0.23690189405774018,0.23808636492516,0.49419992115334616,0.5119141097070199,0.2517834702235688,0.24435166956125642,0.254016608623085,0.2437342207317238,0.5364213526052514,0.5258471820861486,0.23007704357153722,0.237188548766086,0.23350160382321136,0.23696426914776553
2025-10-31,0.012787073917995832,0.00814018705182831,0.012865439925498386,0.02357896018031802,0.0006666666666666666,0.022912293513651354,0.05724113201924015,0.0,0.05724113201924015,0.020876961225630097,0.0,0.020876961225630097,-0.00554474376404875,0.0006666666666666666,-0.006211410430715417,0.01291045144385261,0.0,0.01291045144385261,-0.0013454378993144056,0.0,-0.0013454378993144056,0.02031832228097404,0.0,0.02031832228097404,0.004773114526825606,0.0006666666666666666,0.004106447860158939,0.021356132331943924,0.0,0.021356132331943924,0.028650275789163904,0.001,0.027650275789163903,-0.013358594893415954,0.0,-0.013358594893415954,-0.011559791045295476,0.0,-0.011559791045295476,-0.012858427205235556,0.0,-0.012858427205235556,-0.008959657037809987,0.001,-0.009959657037809988,-0.003924447567090816,0.0,-0.003924447567090816,0.040901218942339945,0.0,0.040901218942339945,0.037080955553765615,0.0,0.037080955553765615,0.037080955553765615,0.0,0.037080955553765615,0.01131411985704415,0.009288621775602524,0.00010505801146998284,0.4873327568648017,0.5038479248778593,0.27461284532993685,0.25721341120199487,0.23805439780526147,0.23893866392014573,0.49743161503992206,0.5088973539654196,0.259308295946202,0.24956113651012746,0.24326008901387589,0.24154150952445294,0.5223609111243201,0.5213620020076186,0.24535626301993851,0.2425851200469957,0.23228282585574136,0.23605287794538568,0.5038785487265045,0.5149231933166609,0.2589839594388729,0.24614007125444348,0.23713749183462265,0.2389367354288956,0.49270225461151673,0.5112350162587149,0.25141653762259203,0.2436428220550708,0.25588120776589124,0.2451221616862142,0.5354122757421769,0.5253293232318328,0.2305778548636392,0.23676605674461637,0.234009869394184,0.23790462002355084
2025-11-03,0.0012637340082159564,-0.0029964234008276434,0.0012172982012604965,0.012756940259301333,0.0006666666666666666,0.012090273592634667,-0.027307218849588418,0.0,-0.027307218849588418,-0.003604115805490175,0.0006666666666666666,-0.004270782472156842,-0.0015529376562459043,0.0006666666666666666,-0.002219604322912571,0.003816015506658665,0.0,0.003816015506658665,-0.0012347035181936583,0.0,-0.0012347035181936583,0.007875154311678251,0.0,0.007875154311678251,-0.0051919729183165595,0.0,-0.0051919729183165595,0.0009021016292981207,0.0006666666666666666,0.000235434962631454,-0.01850756701094558,0.001,-0.01950756701094558,0.01630504820298173,0.0,0.01630504820298173,0.03642542517135694,0.0,0.03642542517135694,-0.004473345778403193,0.0,-0.004473345778403193,-0.0053743662092099465,0.0,-0.0053743662092099465,0.009745225054986317,0.001,0.008745225054986316,0.02614846396442927,0.0,0.02614846396442927,0.017128485367423785,0.0,0.017128485367423785,0.017128485367423785,0.0,0.017128485367423785,-0.001626571869121629,-0.01987973515551348,0.01093956686185471,0.48661993809763937,0.5036648702814555,0.27577544349016264,0.2578235762650559,0.23760461841219802,0.2385115534534885,0.4967897264837198,0.5087497644744957,0.2600157062198938,0.24994370762992152,0.24319456729638647,0.24130652789558274,0.522770378485513,0.5217400904753924,0.24471404525295895,0.2422928771464541,0.23251557626152786,0.23596703237815342,0.5059861623942634,0.5158510012418389,0.25783718552313123,0.2458003162793993,0.2361766520826053,0.23834868247876168,0.4923902698216095,0.5113643566928632,0.2514103351419737,0.24367945565361732,0.25619939503641687,0.2449561876535195,0.5356118278385162,0.5256274708384424,0.23047881588368982,0.23677205429838363,0.2339093562777939,0.23760047486317393
2025-11-04,-0.029248254530704208,-0.03481770768501388,-0.029274359332422912,-0.04091510703703412,0.0006666666666666666,-0.04158177370370079,-0.05780094433177096,0.0006666666666666666,-0.05846761099843763,-0.028997399562139977,0.0006666666666666666,-0.029664066228806643,-0.04608621530188309,0.0,-0.04608621530188309,-0.025608347392700938,0.0,-0.025608347392700938,-0.02688551673769453,0.0,-0.02688551673769453,-0.0071720735443101535,0.0,-0.0071720735443101535,0.006801795910950018,0.0,0.006801795910950018,-0.013103229468498326,0.0006666666666666666,-0.013769896135164992,-0.0383210909243924,0.0,-0.0383210909243924,-0.027451023304925937,0.0,-0.027451023304925937,-0.05244472075276335,0.0,-0.05244472075276335,0.010749177064349191,0.001,0.00974917706434919,-0.006441200853283258,0.0,-0.006441200853283258,-0.008893170614779677,0.001,-0.009893170614779678,-0.030978721339401827,0.0,-0.030978721339401827,-0.03156442929701225,0.0,-0.03156442929701225,-0.03156442929701225,0.0,-0.03156442929701225,-0.033832892896601775,-0.037856266382301586,-0.03392925924276413,0.4881268709710292,0.5044925784202612,0.27435020215236,0.25668617131043814,0.23752292687661078,0.23882125026930062,0.49660097906442746,0.5087296324669603,0.26024656575865107,0.2496343531135837,0.24315245517692155,0.24163601441945604,0.523316372094288,0.5220873289818906,0.24429833144181048,0.2416602359551634,0.23238529646390155,0.23625243506294602,0.5036006648267941,0.5151632709254025,0.25855883549145564,0.2454692498260863,0.23784049968175036,0.23936747924851126,0.4920632416672149,0.5113559212827413,0.2511958229773824,0.24303945569644214,0.2567409353554026,0.24560462302081648,0.5360829425715299,0.5258824225811652,0.23024499863269277,0.23612568366269454,0.23367205879577735,0.23799189375614016
2025-11-05,0.017484735791113787,0.02591430800521,0.01746275320383886,0.003971391994631072,0.0006666666666666666,0.0033047253279644057,-0.01731042614392005,0.0,-0.01731042614392005,0.0014676539617898645,0.0,0.0014676539617898645,-0.0011433388726737048,0.0006666666666666666,-0.0018100055393403714,0.01694294441812727,0.0,0.01694294441812727,0.00273826597132465,0.0006666666666666666,0.0020715993046579837,0.0037756138561418164,0.0006666666666666666,0.00310894718947515,0.003758486022670704,0.0,0.003758486022670704,0.003536297319792249,0.0,0.003536297319792249,0.05238152640683391,0.0,0.05238152640683391,0.04383406651107502,0.0,0.04383406651107502,0.07440333435148172,0.0,0.07440333435148172,-0.008436950550988587,0.001,-0.009436950550988588,-0.0012356779200357049,0.0,-0.0012356779200357049,7.300749511429672e-05,0.0,7.300749511429672e-05,0.04905996605073071,0.0,0.04905996605073071,0.03711210580175839,0.0,0.03711210580175839,0.03711210580175839,0.0,0.03711210580175839,0.03558101698440256,-0.008492490117499085,0.039166538263898446,0.4880728793016768,0.5045194311312742,0.273835334510946,0.2563524944804896,0.23809178618737725,0.2391280743882363,0.49555834048389175,0.5082621617223816,0.2608193720435425,0.24984451324678783,0.2436222874725657,0.2418933250308305,0.5231091201199265,0.522037551540399,0.24491924567233503,0.2418944500611841,0.23197163420773856,0.23606799839841694,0.5035964929685669,0.5152340512634109,0.25914757876487204,0.24556136947393,0.23725592826656108,0.23920457926265903,0.49300461330163176,0.5117387309733223,0.25082214698458954,0.24281397698643678,0.25617323971377876,0.24544729204024085,0.5361135319618501,0.5259646741311944,0.23022981692290292,0.2360185080660802,0.23365665111524703,0.23801681780272538
2025-11-06,0.00035494698765713064,0.023067492330826663,0.0004074539723073799,-0.01211594602387611,0.0013333333333333333,-0.013449279357209444,-0.029732959595853904,0.0,-0.029732959595853904,-0.005886575674794225,0.0,-0.005886575674794225,-0.00994531638310566,0.0,-0.00994531638310566,-0.01234400262089641,0.0,-0.01234400262089641,-0.004428306955991612,0.0006666666666666666,-0.005094973622658279,-0.057102665913460054,0.0006666666666666666,-0.057769332580126724,0.0037988128426838697,0.0,0.0037988128426838697,-0.030471314786185845,0.0,-0.030471314786185845,-0.018722534429645832,0.0,-0.018722534429645832,-0.017098562121858674,0.0,-0.017098562121858674,-0.006916670612524489,0.0,-0.006916670612524489,-0.012780402587232509,0.001,-0.01378040258723251,-0.0026877736644432826,0.0,-0.0026877736644432826,-0.00981407852809879,0.0,-0.00981407852809879,0.10255213888863446,0.0,0.10255213888863446,0.01529348163282962,0.0,0.01529348163282962,0.01529348163282962,0.0,0.01529348163282962,0.04861518354845417,-0.0073373349127603404,-0.002369237930183879,0.4886958468167124,0.5053580878511246,0.27300042262524016,0.2550742056850005,0.23830373055804754,0.23956770646387493,0.49495062549990765,0.5084854771927223,0.26152742396077894,0.24933770635276992,0.2435219505393135,0.2421768164545079,0.5230807540138597,0.5225505414496983,0.244939372910267,0.24104368082751393,0.23197987307587328,0.23640577772278779,0.5037654251932966,0.5159962106670976,0.25889905867098106,0.24432584182041353,0.2373355161357222,0.23967794751248886,0.49253942582341953,0.5122916308750382,0.2510174241650167,0.2417249024334453,0.2564431500115638,0.2459834666915166,0.536737465490835,0.5268769839652853,0.2299201547274141,0.23476280351903644,0.23334237978175096,0.23836021251567835
2025-11-07,0.007284918523605638,0.00821075607518169,0.007303456832952058,0.015449041134580972,0.0,0.015449041134580972,0.03397948221825552,0.0,0.03397948221825552,-0.003039969501145156,0.0006666666666666666,-0.0037066361678118227,-0.006989935062796733,0.0006666666666666666,-0.0076566017294634,0.002300560984043002,0.0,0.002300560984043002,-0.009056442677319235,0.0,-0.009056442677319235,0.06660881442989477,0.0006666666666666666,0.06594214776322811,0.006554136173941849,0.0,0.006554136173941849,-0.0018849017185086727,0.0006666666666666666,-0.0025515683851753393,0.012048666870301039,0.001,0.011048666870301038,-0.014155522842523305,0.0,-0.014155522842523305,-0.009615311842025798,0.0,-0.009615311842025798,0.0032545224793567584,0.001,0.0022545224793567584,-0.00027720120016139216,0.0,-0.00027720120016139216,0.005573776099806471,0.001,0.004573776099806471,-0.016990540865371273,0.0,-0.016990540865371273,-0.015500247540089107,0.0,-0.015500247540089107,-0.015500247540089107,0.0,-0.015500247540089107,0.008982394155045464,0.030535028508887743,-0.015439714066944481,0.4889663349206258,0.5068932777081812,0.2722190592257776,0.25392698016437315,0.23881460585359662,0.23917974212744575,0.49489298704132395,0.5098566037685303,0.2613652791644031,0.2485000901336859,0.24374173379427294,0.2416433060977839,0.5211336614026885,0.5229769409492124,0.24680021723377368,0.24121755916837118,0.2320661213635378,0.23580549988241634,0.5034243812745358,0.5177595935527403,0.2588120354214712,0.24328335542807453,0.23776358330399305,0.2389570510191853,0.49214615069429296,0.5140377774612601,0.25140194293225315,0.2408380249066326,0.25645190637345394,0.24512419763210735,0.5385492278902532,0.529350792935927,0.22902096547688483,0.23345230234636102,0.23242980663286186,0.237196904717712
2025-11-10,0.01847849144542695,0.014571532573192322,0.01854189252819123,0.012100327088987079,0.0006666666666666666,0.011433660422320413,0.035810744869172684,0.0,0.035810744869172684,0.02954981040655095,0.0006666666666666666,0.028883143739884282,0.010903000394214619,0.0006666666666666666,0.010236333727547953,0.020061894020106864,0.0,0.020061894020106864,-0.0035667711820798944,0.0006666666666666666,-0.004233437848746561,0.01171486937177768,0.0006666666666666666,0.011048202705111015,0.008387058096835116,0.0,0.008387058096835116,0.00974427543174731,0.0,0.00974427543174731,0.0417399048760978,0.001,0.0407399048760978,0.03232551649519877,0.0,0.03232551649519877,0.05434874865582506,0.0,0.05434874865582506,-0.002714143737080066,0.0,-0.002714143737080066,-0.00023344149209053588,0.0,-0.00023344149209053588,0.0099028751385426,0.0,0.0099028751385426,0.027765605434978635,0.002,0.025765605434978633,0.05256421267749478,0.0,0.05256421267749478,0.05256421267749478,0.0,0.05256421267749478,-0.0011597509978506317,0.015549587208286845,0.04824308279092118,0.4889161589117365,0.5069092585496608,0.2732523911611495,0.2549966255838502,0.2378314499271141,0.23809411586648904,0.49465780383226826,0.5097800810099267,0.2617879007533198,0.24926438037993537,0.24355429541441193,0.24095553861013796,0.5236410831221917,0.5242717206548884,0.24573543210423515,0.241238146055393,0.2306234847735731,0.23449013328971857,0.504633364977801,0.5182135904283564,0.258064054497077,0.24377751418842453,0.23730258052512215,0.23800889538321918,0.4921504283348388,0.5140942213361788,0.2512705015805623,0.24153564172597466,0.2565790700845988,0.24437013693784648,0.538471451627368,0.5293801590227134,0.2290595663329106,0.23420603309424962,0.23246898203972147,0.23641380788303695
2025-11-11,-0.01233305778163174,-0.017596188896293413,-0.012387710432124738,0.0028139777270317357,0.0006666666666666666,0.002147311060365069,-0.014446706736094049,0.0,-0.014446706736094049,0.011808906413149762,0.0006666666666666666,0.011142239746483096,-0.006791327126572377,0.0006666666666666666,-0.007457993793239044,-0.010046148560520626,0.0,-0.010046148560520626,0.0010787739439906225,0.0006666666666666666,0.0004121072773239559,0.003960292579958853,0.0006666666666666666,0.0032936259132921868,0.006021116984131879,0.0,0.006021116984131879,0.0029028676720422864,0.0,0.0029028676720422864,-0.03512442888851569,0.0,-0.03512442888851569,-0.03271320387254484,0.0,-0.03271320387254484,-0.04567085219352235,0.0,-0.04567085219352235,-0.005848146228783269,0.0,-0.005848146228783269,-9.985852286592545e-05,0.0,-9.985852286592545e-05,0.0005928390564863273,0.0,0.0005928390564863273,-0.04044158308720497,0.0,-0.04044158308720497,-0.015696706025549845,0.0,-0.015696706025549845,-0.015696706025549845,0.0,-0.015696706025549845,-0.011764919179775919,-0.008571675943295923,-0.03920710870587337,0.48780614475549444,0.5054863441669788,0.27403124357713604,0.25540932007912454,0.23816261166736957,0.23910433575389667,0.4947558798461218,0.5089612117122926,0.262380635112601,0.24958401584685702,0.24286348504127722,0.2414547724408505,0.5237460576922611,0.5234563006353622,0.2456473787631588,0.2412173876721359,0.23060656354458012,0.23532631169250195,0.5046301806530651,0.5170495438130819,0.2576068268424749,0.2436578085673624,0.23776299250445998,0.23929264761955574,0.4917512937367633,0.5127995111307022,0.2511975475444543,0.24154274639901563,0.25705115871878254,0.24565774247028216,0.5372064332828517,0.5277997071809114,0.22968740301694626,0.23444439870493797,0.23310616370020204,0.2377558941141506
2025-11-12,-0.00024913676234569163,-0.013919092599176845,-0.00041096647286095094,-0.010288013672706632,0.0006666666666666666,-0.010954680339373298,-0.026086827318458017,0.0,-0.026086827318458017,-0.013904605019390762,0.0,-0.013904605019390762,-0.0011978556868488996,0.0006666666666666666,-0.0018645223535155662,-0.004108982979492211,0.0,-0.004108982979492211,-0.000635628924674577,0.0,-0.000635628924674577,0.033442928210694424,0.0,0.033442928210694424,0.017733156232066984,0.0,0.017733156232066984,0.014889080204348202,0.0,0.014889080204348202,0.04689202016190008,0.001,0.04589202016190008,0.01042429999273764,0.0,0.01042429999273764,0.014895546665520176,0.0,0.014895546665520176,0.02117200756348464,0.0,0.02117200756348464,-0.005711147024707763,0.0,-0.005711147024707763,0.0053974804770594575,0.0,0.0053974804770594575,-0.027582273711017957,0.0,-0.027582273711017957,-0.005271190907656598,0.0,-0.005271190907656598,-0.005271190907656598,0.0,-0.005271190907656598,-0.023617666647185637,-0.008864163871896405,0.0023220644310684158,0.48805161904984823,0.50592874301217,0.27321539539876993,0.25522559248219895,0.23873298555138198,0.23884566450563122,0.4946276975231399,0.5092167822488157,0.262170125552468,0.24970295755904798,0.24320217692439206,0.24108026019213624,0.5236822638195026,0.5237440653969971,0.24575818153709011,0.241496985551359,0.2305595546434074,0.23475894905164393,0.504829855254559,0.5175437831069138,0.25783928374648135,0.24403494264530956,0.23733086099895961,0.23842127424777657,0.4914312058048986,0.5131222287885259,0.25133725578837546,0.24188927341913463,0.25723153840672597,0.24498849779233944,0.5359142738251907,0.5278016412352223,0.2303287100087855,0.23495645331186993,0.23375701616602373,0.23724190545290774
2025-11-13,-0.03473516904771269,-0.03024514131566874,-0.03479780317546224,-0.025794503394278946,0.0006666666666666666,-0.026461170060945612,-0.04951203238282609,0.0,-0.04951203238282609,-0.026897398549969455,0.0,-0.026897398549969455,-0.04507555149198986,0.0013333333333333333,-0.04640888482532319,-0.03354958810100561,0.0,-0.03354958810100561,-0.02785997953198016,0.0,-0.02785997953198016,-0.06197058503513442,0.0,-0.06197058503513442,-0.019947486629237694,0.0,-0.019947486629237694,-0.027464565319817186,0.0,-0.027464565319817186,-0.03124036945887021,0.001,-0.03224036945887021,-0.04062399157300123,0.0,-0.04062399157300123,-0.04132090861913251,0.0,-0.04132090861913251,-0.0031646954278701234,0.0,-0.0031646954278701234,-0.011004285680005388,0.0,-0.011004285680005388,-0.005858177043718382,0.0,-0.005858177043718382,-0.06525470890354063,0.0,-0.06525470890354063,-0.06429533125264542,0.0,-0.06429533125264542,-0.06429533125264542,0.0,-0.06429533125264542,-0.023159226191675205,-0.03043303897955433,-0.04550725257721725,0.4885473372608724,0.5056430447210605,0.2726251897265997,0.2550561635364832,0.23882747301252794,0.23930079174245633,0.4946577581653761,0.5086982551733124,0.26206250995197866,0.2497748236491727,0.24327973188264518,0.24152692117751495,0.5245772011134923,0.5236579766473703,0.24536734911856015,0.24142724323246342,0.23005544976794753,0.23491478012016614,0.5065791444349571,0.5174060816249724,0.2568127846798902,0.24386460096642948,0.23660807088515276,0.2387293174085982,0.4925471332774652,0.512775517943,0.2504898547015978,0.24177803407359297,0.25696301202093713,0.24544644798340703,0.5347487912937541,0.5267020650883754,0.2309071464330561,0.2353157403449742,0.2343440622731898,0.23798219456665043
2025-11-14,0.0016836139532482113,0.0076061239001568685,0.001665832960388134,0.007984238278892311,0.0013333333333333333,0.006650904945558978,0.002356243265274579,0.0,0.002356243265274579,0.0023064948120949205,0.0006666666666666666,0.001639828145428254,0.0013033726923383782,0.0013333333333333333,-2.996064099495513e-05,-0.002524511362785235,0.0,-0.002524511362785235,-0.0031581136934537195,0.0006666666666666666,-0.003824780360120386,-0.008117007948055291,0.0006666666666666666,-0.008783674614721957,-0.010596710027846012,0.0,-0.010596710027846012,-0.011484022640541084,0.0,-0.011484022640541084,-0.007648139261483389,0.002,-0.009648139261483389,-0.028294325886126515,0.0,-0.028294325886126515,0.004346814881331318,0.0,0.004346814881331318,-0.004729291831661375,0.0,-0.004729291831661375,0.0009027416395794297,0.0,0.0009027416395794297,-0.004954946566508078,0.0,-0.004954946566508078,0.04134797001562496,0.0,0.04134797001562496,0.002010143079886173,0.0,0.002010143079886173,0.002010143079886173,0.0,0.002010143079886173,0.01117879070422756,-0.0072808012970596945,0.014572289253173555,0.4892020756059503,0.5063591584341717,0.27167228787827646,0.2545748124129139,0.23912563651577334,0.23906602915291442,0.49383890805225406,0.5086775746573236,0.2623361656615376,0.2499067513045445,0.24382492628620828,0.24141567403813186,0.5231935002901336,0.5233548707762633,0.24626945196975714,0.24187339445865427,0.23053704774010916,0.2347717347650823,0.5070367440069877,0.5180780071681093,0.2565926222602007,0.24378538110072567,0.23637063373281172,0.23813661173116502,0.4928218079331565,0.513387078263745,0.2502172678380667,0.24168151414142144,0.2569609242287768,0.2449314075948335,0.5347487912937541,0.5272229827727422,0.2309071464330561,0.23530917407776794,0.2343440622731898,0.2374678431494898
2025-11-17,-0.020566692156295623,-0.01740754317357232,-0.020475432071944355,-0.04141762237371405,0.0006666666666666666,-0.04208428904038072,-0.021794883833170076,0.0,-0.021794883833170076,-0.021601186423427562,0.0,-0.021601186423427562,-0.013582891349367889,0.0,-0.013582891349367889,-0.013192396296243358,0.0,-0.013192396296243358,-0.008231286272077882,0.0,-0.008231286272077882,-0.03434345819789512,0.0,-0.03434345819789512,-0.016937830457572762,0.0,-0.016937830457572762,-0.019687873607058294,0.0,-0.019687873607058294,-0.028753116806475743,0.001,-0.029753116806475743,-0.0021336916783494253,0.0,-0.0021336916783494253,-0.012583277977614216,0.0,-0.012583277977614216,-0.02272544577066654,0.001,-0.023725445770666542,-0.011667856580158287,0.0,-0.011667856580158287,-0.0067235733541135545,0.0,-0.0067235733541135545,-0.044484445664894456,0.0,-0.044484445664894456,0.008542882332804813,0.0,0.008542882332804813,0.008542882332804813,0.0,0.008542882332804813,-0.023631392530214842,-0.020329168153097155,-0.0008949824497276699,0.4894450414415915,0.5066766923856808,0.2715621892345683,0.2541489505062154,0.23899276932384014,0.2391743571081038,0.49400272920534766,0.5089555362675589,0.2622857545529789,0.2495107331654207,0.2437115162416735,0.2415337305670205,0.5233109524343657,0.5236096478820679,0.2462309700063732,0.24148334089211781,0.23045807755926112,0.2349070112258143,0.5071924896085526,0.5183921116017683,0.25566835639284874,0.24298348450080792,0.23713915399859867,0.23862440389742376,0.4926819171320912,0.5136036226845361,0.250442271723684,0.24125887655998357,0.25687581114422486,0.2451375007554804,0.5368034508053051,0.5281637287966967,0.22988740579439534,0.2344757708033183,0.23330914340029946,0.23736050039998502
2025-11-18,-0.012426664627262508,-0.012067378633472505,-0.01233669320267063,-0.000873794237576571,0.0006666666666666666,-0.0015404609042432376,-0.015543318878128543,0.0,-0.015543318878128543,-0.0025612844425760466,0.0,-0.0025612844425760466,-0.012170207700351265,0.0,-0.012170207700351265,-0.0025595237323362916,0.0,-0.0025595237323362916,-0.007420390500981199,0.0006666666666666666,-0.008087057167647866,-0.01857751465203472,0.0006666666666666666,-0.019244181318701387,0.0004556521155765214,0.0006666666666666666,-0.00021101455109014523,0.0007650644214938217,0.0,0.0007650644214938217,-0.02779804619443149,0.001,-0.028798046194431492,-0.018988357415066548,0.0,-0.018988357415066548,-0.042103961641424215,0.0,-0.042103961641424215,-0.026328447285020262,0.001,-0.027328447285020263,0.007098847118589657,0.0,0.007098847118589657,0.0029145185376975302,0.0,0.0029145185376975302,0.006359733443886684,0.0,0.006359733443886684,-0.0353149060407939,0.0,-0.0353149060407939,-0.0353149060407939,0.0,-0.0353149060407939,-0.0017777243659424413,-0.004361062814543736,-0.04207326603434528,0.48837561415877984,0.5057993205133922,0.2721258318301519,0.2543579419023192,0.23949855401106832,0.2398427375842887,0.49385676719525273,0.5085398970316286,0.2622297604968558,0.24940990623567116,0.24391347230789145,0.24205019673270028,0.5224687156413246,0.5228458712546644,0.2467348910670881,0.2416624715207873,0.23079639329158724,0.23549165722454818,0.5060065148282012,0.5175415778948693,0.2565542517266782,0.24317823789270976,0.2374392334451206,0.23928018421242087,0.4919176081520995,0.5128922386917557,0.2506877166019607,0.241242281301553,0.2573946752459398,0.2458654800066912,0.5340334927788266,0.5267904806185757,0.23126215365461497,0.23483184552892888,0.23470435356655842,0.23837767385249536
2025-11-19,-0.0008898955737536188,-0.011118454032166547,-0.0008759705846365469,-0.017263866921679506,0.0,-0.017263866921679506,-0.018650761925392462,0.0,-0.018650761925392462,-0.004489077846025591,0.0,-0.004489077846025591,0.004752941327178738,0.0006666666666666666,0.004086274660512071,0.011291934384332552,0.0,0.011291934384332552,0.01260603348454788,0.0006666666666666666,0.011939366817881214,-0.010345527060464876,0.0006666666666666666,-0.011012193727131542,-0.0025064665654354417,0.0,-0.0025064665654354417,0.011880643017710893,0.0,0.011880643017710893,0.027516255472544215,0.0,0.027516255472544215,0.03916153298451952,0.0,0.03916153298451952,0.013762459099677604,0.0,0.013762459099677604,0.00313117788246281,0.001,0.00213117788246281,-0.0034052106021018602,0.0,-0.0034052106021018602,0.002509763488629413,0.0,0.002509763488629413,0.0007981284761094942,0.0,0.0007981284761094942,0.013428576293205707,0.0,0.013428576293205707,0.013428576293205707,0.0,0.013428576293205707,-0.018508271301001446,-0.004488094031702212,-0.001466678007226292,0.4887912697290102,0.5065714075366664,0.27155771968881615,0.2542647354106503,0.23965101058217356,0.23916385705268317,0.4934920695938632,0.5089218074690929,0.26256549886430547,0.249768624998395,0.24394243154183123,0.24130956753251204,0.5214466814111002,0.5228991133777114,0.24723846851126155,0.24210510982187305,0.23131485007763838,0.2349957768004156,0.5060740662351209,0.518319977238286,0.25711762750870304,0.2436198903366366,0.23680830625617608,0.2380601324250773,0.4902219823203024,0.5130887895463959,0.2516363056963809,0.24181105413857032,0.25814171198331676,0.24510015631503373,0.5362106121235913,0.5282650373814812,0.23018163541858128,0.23473101294689644,0.23360775245782742,0.23700394967162225
2025-11-20,-0.03967078267979254,-0.0518786487406977,-0.039630853206215094,-0.05633809418952839,0.0,-0.05633809418952839,-0.0470782798936515,0.0,-0.0470782798936515,-0.04219410363342794,0.0006666666666666666,-0.04286077030009461,-0.03102090436684531,0.0006666666666666666,-0.031687571033511976,-0.039191626558523665,0.0,-0.039191626558523665,-0.01890029810370797,0.0006666666666666666,-0.019566964770374635,-0.010102630707457797,0.0006666666666666666,-0.010769297374124463,-0.009771190362102944,0.0,-0.009771190362102944,-0.01928430626268244,0.0,-0.01928430626268244,-0.036739323693773085,0.0,-0.036739323693773085,-0.05879009536822627,0.0,-0.05879009536822627,-0.08528100211619855,0.0,-0.08528100211619855,-0.010355359943929443,0.0,-0.010355359943929443,-0.01031315843879399,0.0,-0.01031315843879399,0.007905666307988057,0.0,0.007905666307988057,-0.040460040435487066,0.001,-0.04146004043548707,-0.06702088363078373,0.0,-0.06702088363078373,-0.06702088363078373,0.0,-0.06702088363078373,-0.06278883745987865,-0.02776553973384236,-0.051921231223550225,0.48851540646365055,0.5060265771399602,0.27132542387800546,0.2543135189013349,0.24015916965834402,0.23965990395870485,0.49309747264645726,0.5083176102313636,0.26275284505345664,0.25002722948906053,0.24414968230008602,0.24165516027957584,0.5206361887394,0.522086968277835,0.24729550756001553,0.24229856074233996,0.23206830370058454,0.23561447097982513,0.5061011088409696,0.5177836569544209,0.2577609532642065,0.24405319590671332,0.23613793789482396,0.2381631471388659,0.4903552947116654,0.5125875382917504,0.2514122640653991,0.24195812847110687,0.25823244122293537,0.24545433323714266,0.5355509284821807,0.5275020974360205,0.2305090406232024,0.23506006473518193,0.2339400308946169,0.23743783782879757
2025-11-21,0.0017022817186126355,-0.015904413248613865,0.001671927027884128,-0.005939161472242863,0.0,-0.005939161472242863,-0.01954697168366818,0.0,-0.01954697168366818,-0.026403141427129035,0.0006666666666666666,-0.0270698080937957,-0.0057490572039504695,0.0006666666666666666,-0.0064157238706171365,-0.0013341606856654977,0.0,-0.0013341606856654977,0.013815026593559336,0.0,0.013815026593559336,0.014298368831406227,0.0006666666666666666,0.013631702164739561,-0.0029082610238709097,0.0,-0.0029082610238709097,-0.004095158697189053,0.0006666666666666666,-0.00476182536385572,0.02193029553529391,0.0,0.02193029553529391,0.008543297356181645,0.0,0.008543297356181645,0.025858611488030037,0.0,0.025858611488030037,0.040590175976457865,0.001,0.039590175976457864,0.013795143977066271,0.0,0.013795143977066271,0.05340200974765541,0.0,0.05340200974765541,0.03174418050852901,0.0,0.03174418050852901,0.005454974623968822,0.0,0.005454974623968822,0.005454974623968822,0.0,0.005454974623968822,-0.03266669480869955,-0.01115690711220052,0.01605663060973413,0.48825816682322226,0.5056075571767017,0.2713489890449018,0.25474836118074556,0.2403928441318758,0.2396440816425527,0.4929946837568751,0.5079758156435281,0.26228442558754894,0.25021607945206914,0.244720890655576,0.2418081049044028,0.520825125028047,0.521891036279114,0.24743710786685655,0.24279242059172293,0.23173776710509644,0.235316543129163,0.5067971784130663,0.5176242237215332,0.25739768142931574,0.24450021619378903,0.23580514015761803,0.23787556008467775,0.489868168303938,0.5120376503855208,0.25116473318986193,0.2424433432747693,0.25896709850620003,0.24551900633970983,0.5359969811898382,0.5272601586378679,0.2302876618154604,0.23555390972121676,0.23371535699470147,0.23718593164091528
2025-11-24,0.02411101223738541,0.02638507162819788,0.024201191927156057,0.009603045053124813,0.0,0.009603045053124813,0.03450689517896236,0.0,0.03450689517896236,0.011484699370082636,0.0006666666666666666,0.01081803270341597,0.014274305875820792,0.0006666666666666666,0.013607639209154126,0.035757337097378494,0.0,0.035757337097378494,0.019810323264418228,0.0006666666666666666,0.019143656597751562,0.03188172421020996,0.0,0.03188172421020996,0.003175797067006954,0.0,0.003175797067006954,0.012959653885452208,0.0,0.012959653885452208,0.030514313745440114,0.0,0.030514313745440114,0.04514612840955268,0.0,0.04514612840955268,0.06702295142162895,0.0,0.06702295142162895,-0.007228688958086371,0.0,-0.007228688958086371,-0.006947384593079697,0.0,-0.006947384593079697,-0.008112165964342388,0.0,-0.008112165964342388,0.045957238040013615,0.001,0.044957238040013614,0.06193089942633734,0.0,0.06193089942633734,0.06193089942633734,0.0,0.06193089942633734,0.009399471102592056,0.030259468858599387,0.05934885242436283,0.4891575688242381,0.5051361721022796,0.2710730935942447,0.2547281438381438,0.23976933758151725,0.2401356840595767,0.49234383548168875,0.5067293054310049,0.26221783025832907,0.250300512170186,0.2454383342599821,0.24297018239880913,0.5217388716067118,0.5214268234935164,0.24701175626269914,0.24269747517237103,0.23124937213058908,0.23587570133411262,0.5070649042445403,0.5164783179055134,0.25681067712265715,0.24446426348544564,0.2361244186328026,0.23905741860904106,0.4902555351245896,0.5109312260959297,0.25000540045838954,0.2422185221862373,0.2597390644170208,0.2468502517178331,0.5373697345348871,0.5264789119013278,0.22960635556255857,0.2354868373706131,0.23302390990255428,0.23803425072805912
2025-11-25,0.00839228554653823,0.0033035191978061725,0.008326972292416369,0.003817853803838034,0.0006666666666666666,0.0031511871371713673,0.010488023690857995,0.0,0.010488023690857995,0.0454278771939085,0.0006666666666666666,0.04476121052724183,0.011666729151050971,0.0006666666666666666,0.011000062484384305,0.0006708933308500937,0.0,0.0006708933308500937,0.006393227239903765,0.0,0.006393227239903765,0.009228154064133576,0.0,0.009228154064133576,0.007974872678523518,0.0,0.007974872678523518,0.012487239825449045,0.0,0.012487239825449045,-0.02018053029975231,0.001,-0.02118053029975231,0.0091826728498412,0.0,0.0091826728498412,0.006493288141786957,0.0,0.006493288141786957,0.056446196124902426,0.001,0.055446196124902425,0.022395494778725933,0.001,0.021395494778725932,0.018662020258236156,0.0,0.018662020258236156,-0.01046484062578451,0.0,-0.01046484062578451,0.016959989152930177,0.0,0.016959989152930177,0.0013292004648154943,0.001,0.00032920046481549423,-0.0039000222444267214,0.008594893781537105,0.013556428282891867,0.48843343781461773,0.5039673560772624,0.27209107662435417,0.2553897442598308,0.23947548556102813,0.2406428996629068,0.491602482090911,0.505551878215409,0.26304368203014544,0.2508660469627264,0.2453538358789434,0.24358207482186445,0.5229949199599959,0.5212480971499516,0.24611827695009192,0.24240334442269967,0.23088680308991216,0.2363485584273488,0.5061747907189261,0.5151035347449834,0.25714878923078754,0.24478033641601585,0.23667642005028647,0.2401161288390008,0.4902719179179756,0.5098555867206698,0.2500285245781508,0.2424306490806457,0.2596995575038736,0.24771376419868454,0.5371064580002103,0.5253109849478071,0.22973702138826171,0.23573445302798232,0.23315652061152786,0.23895456202421045
2025-11-26,0.01464831442304774,0.01994848219248381,0.014578560187695946,0.009302354255109353,0.0006666666666666666,0.008635687588442686,0.0014701793507745733,0.0006666666666666666,0.0008035126841079066,-0.00936302630576032,0.0006666666666666666,-0.010029692972426986,0.01566983339779019,0.0,0.01566983339779019,0.008626004635771936,0.0,0.008626004635771936,0.006600415470462343,0.0,0.006600415470462343,0.01812081522731975,0.0,0.01812081522731975,0.013679880880569002,0.0,0.013679880880569002,0.01484349914318317,0.0,0.01484349914318317,0.033347736307476006,0.0,0.033347736307476006,0.01631509009882237,0.0,0.01631509009882237,0.023324076250297532,0.0,0.023324076250297532,0.006508797252278764,0.0,0.006508797252278764,0.0018981040216535239,0.0,0.0018981040216535239,0.005799110603765811,0.0,0.005799110603765811,0.01261211225027592,0.0,0.01261211225027592,0.011414338070881547,0.0,0.011414338070881547,0.03669603529682186,0.0,0.03669603529682186,0.028608954355900863,0.0056561830281703545,0.015503635575104962,0.48720506003962,0.502960190309683,0.2718252739962767,0.25538937497104414,0.24096966596410346,0.24165043471927294,0.49199962694190014,0.5053574737608231,0.26268576706350916,0.25081962150466036,0.24531460599459082,0.24382290473451662,0.5229461250374202,0.5208307228085831,0.24603055327227652,0.24249201460904407,0.2310233216903033,0.23667726258237287,0.5046485622560505,0.5140732903329264,0.25801335865199765,0.245243237238853,0.23733807909195193,0.24068347242822055,0.49184625435880686,0.5098485287268361,0.24932918921527183,0.24237746132473348,0.2588245564259212,0.2477740099484304,0.53611141979319,0.5244560333201824,0.23063587664572796,0.236208668176784,0.2332527035610821,0.2393352985030335
2025-11-28,0.01759268333698357,0.016238737040945625,0.01752144230457126,0.013978959371227615,0.0,0.013978959371227615,0.014296189131466573,0.0,0.014296189131466573,0.014755002217036035,0.0006666666666666666,0.014088335550369369,0.006960349500289379,0.0,0.006960349500289379,0.009669141613751911,0.0,0.009669141613751911,0.008367521311226495,0.0,0.008367521311226495,0.019768300713792614,0.0,0.019768300713792614,0.01017173645927379,0.0006666666666666666,0.009505069792607124,0.010008425691398593,0.0,0.010008425691398593,0.05861553225252725,0.0,0.05861553225252725,0.009846326997838384,0.0,0.009846326997838384,0.016278165983185766,0.0,0.016278165983185766,0.010362664848137304,0.0,0.010362664848137304,0.0045235856300805954,0.0,0.0045235856300805954,-0.007693391142531203,0.0,-0.007693391142531203,0.03794467951396718,0.0,0.03794467951396718,0.021307526778091557,0.0,0.021307526778091557,0.04509673569672312,0.0,0.04509673569672312,0.013062114125130218,0.014306538122688487,0.024958439123586786,0.4878829276228128,0.5037707170275432,0.27175613468906873,0.25499650459326084,0.24036093768811856,0.241232778379196,0.49242067355448743,0.5060395899933805,0.2625219590937132,0.25037941679558307,0.24505736735179945,0.24358099321103643,0.5231492556051138,0.5214038810186936,0.24589669085689914,0.24206678267717607,0.23095405353798695,0.23652933630413017,0.5053663299040396,0.5149420881779563,0.25745779582347744,0.24457977853504106,0.237175874272483,0.24047813328700257,0.4919839438807703,0.5105259007902775,0.24915762488476922,0.24184072212526736,0.2588584312344604,0.2476333770844551,0.5355091393155196,0.5248892152837447,0.2303188347717873,0.23562392138798333,0.23417202591269315,0.2394868633282719
2025-12-01,-0.00981857121662005,-0.0071532074873415724,-0.009815064323734031,-0.013647707862127581,0.0,-0.013647707862127581,-0.005902752705307379,0.0,-0.005902752705307379,-0.005794824322399454,0.0,-0.005794824322399454,-0.016720295785186447,0.0,-0.016720295785186447,-0.02250388575474634,0.0006666666666666666,-0.023170552421413006,-0.01126168043947029,0.0006666666666666666,-0.011928347106136956,-0.026128253335673403,0.0,-0.026128253335673403,-0.010314406384470934,0.0,-0.010314406384470934,-0.009692323370430134,0.0,-0.009692323370430134,-0.008179906513444912,0.001,-0.009179906513444913,-0.011658071290266081,0.0,-0.011658071290266081,0.00453688469059671,0.0,0.00453688469059671,-0.0029540848950274645,0.001,-0.0039540848950274645,-0.00022932412155129978,0.0,-0.00022932412155129978,0.0006319930670736773,0.0,0.0006319930670736773,-0.007918021066554815,0.0,-0.007918021066554815,-0.007076843964054558,0.0,-0.007076843964054558,-0.010474776312804968,0.0,-0.010474776312804968,-0.010349394133638334,-0.008590961866501138,0.0011016625089702962,0.4878714014490837,0.5035915414677514,0.27176781857739685,0.2549539581747249,0.24036077997351957,0.24145450035752375,0.4923114770071129,0.5058115792467661,0.2626130876566434,0.2503765927143481,0.24507543533624365,0.2438118280388858,0.5236741225233446,0.521492902004882,0.2456134586234316,0.24187677819774223,0.2307124188532237,0.2366303197973758,0.5073121126972594,0.5153518237859965,0.2562789205225744,0.24412590927972497,0.2364089667801662,0.24052226693427858,0.4926169591663418,0.5105024231207937,0.2491724812892598,0.24178078433273115,0.25821055954439837,0.2477167925464752,0.535750928896087,0.5247366331316097,0.2296191797831077,0.23532819483570094,0.2346298913208054,0.23993517203268952
2025-12-02,0.008595298152613584,-0.0009508810288922326,0.008613178093665916,-0.0007320657762904434,0.0,-0.0007320657762904434,0.02338999468097532,0.0,0.02338999468097532,0.09248323730041896,0.0,0.09248323730041896,0.03914860432111022,0.0,0.03914860432111022,0.007987853270929138,0.0006666666666666666,0.007321186604262471,0.010268849506818684,0.0,0.010268849506818684,-0.00410728835689674,0.0,-0.00410728835689674,-0.0012587412282739257,0.0,-0.0012587412282739257,0.003025475515411398,0.0006666666666666666,0.0023588088487447316,0.032955306863046374,0.001,0.03195530686304637,0.02510317602775758,0.0,0.02510317602775758,0.008965681705003059,0.0,0.008965681705003059,-0.007994672320889573,0.001,-0.008994672320889574,-0.004137277337086687,0.0,-0.004137277337086687,-0.0034751332462137907,0.0,-0.0034751332462137907,-0.002618276593988944,0.0,-0.002618276593988944,-0.005968187632728217,0.0,-0.005968187632728217,-0.034632389024793764,0.0,-0.034632389024793764,-0.004943224983476657,0.014129740414128362,-0.0071999764694056214,0.4874623809441433,0.5032126811160704,0.27198197748065966,0.2550250338023533,0.24055564157519704,0.24176228508157627,0.49236501528429333,0.5056639982861454,0.2622861250879503,0.25017710760599865,0.24534885962775632,0.2441588941078559,0.52282990607596,0.5208964436819787,0.24603320293082673,0.24205064652743685,0.23113689099321327,0.2370529097905844,0.5070339400088837,0.5150263976658899,0.2560051325098272,0.24398731411135446,0.2369609274812892,0.24098628822275564,0.4923984449595029,0.5101966842995942,0.2492568461902911,0.24176037962590755,0.258344708850206,0.24804293607449818,0.535796674237499,0.5245180999613329,0.2296793545528741,0.23529980738555994,0.23452397120962698,0.24018209265310708
2025-12-03,0.004701645721043349,-0.00038038563377069566,0.004771011711653164,0.0014431772070823872,0.0,0.0014431772070823872,0.022472608025719005,0.0,0.022472608025719005,0.014270373822346489,0.0013333333333333333,0.012937040489013155,0.002806954562311207,0.0006666666666666666,0.0021402878956445406,-0.008338173904011629,0.0,-0.008338173904011629,-0.0014301501304562203,0.0,-0.0014301501304562203,0.0280246401637676,0.0,0.0280246401637676,0.01222035632759566,0.0,0.01222035632759566,0.017044030171883606,0.0,0.017044030171883606,0.008817853977332146,0.0,0.008817853977332146,0.014951141948797875,0.0,0.014951141948797875,-0.005375248626735996,0.0,-0.005375248626735996,0.004676229610342975,0.0,0.004676229610342975,-0.0036285744215102667,0.0,-0.0036285744215102667,0.0013440626150884594,0.0,0.0013440626150884594,0.005932646877378711,0.0,0.005932646877378711,-0.014706544207384209,0.0,-0.014706544207384209,-0.012359151301639948,0.001,-0.013359151301639949,-4.775622860782715e-05,0.010940287221386808,-0.012233317595039685,0.48554072124257314,0.5020339838291761,0.27228558938268443,0.25555422040055165,0.24217368937474246,0.24241179577027228,0.49396084845721533,0.5062440474364972,0.26138336162502257,0.2501031065217207,0.2446557899177622,0.24365284604178214,0.5225888414464236,0.5205580439311013,0.24606691473648143,0.24244488307745013,0.23134424381709498,0.2369970729914485,0.5078003940939967,0.514987385149591,0.25602345128146753,0.2444990493732249,0.23617615462453587,0.24051356547718422,0.49212580396964783,0.5098147704085558,0.24937307673778392,0.24230442577380928,0.2585011192925683,0.24788080381763494,0.5367267821739218,0.5245330932159662,0.22991626416927666,0.2358836776262019,0.23335695365680165,0.23958322915783192
2025-12-04,-0.00044500185773542695,0.0023795297449892556,-0.0005481011087981043,0.007475660698764004,0.0006666666666666666,0.0068089940320973374,-0.0348681512112918,0.0,-0.0348681512112918,0.0009085439620889848,0.0,0.0009085439620889848,0.01197348113454444,0.0,0.01197348113454444,0.011500658121740798,0.0,0.011500658121740798,0.010701219454404054,0.0,0.010701219454404054,-0.008133927744423711,0.0,-0.008133927744423711,0.006184480162282346,0.0,0.006184480162282346,0.004189780881407312,0.0006666666666666666,0.0035231142147406458,-0.04097106134348122,0.0,-0.04097106134348122,-0.009839876930303082,0.0,-0.009839876930303082,-0.024361584401650704,0.0,-0.024361584401650704,0.0016828949051091446,0.0,0.0016828949051091446,-0.003722975272753115,0.0,-0.003722975272753115,-0.001756491617919853,0.0,-0.001756491617919853,0.01839536104474504,0.0,0.01839536104474504,0.029157544958980153,0.0,0.029157544958980153,0.029157544958980153,0.001,0.028157544958980152,0.015126288340743886,-0.0011204304089321715,-0.021467703418545755,0.48467297982476004,0.5016178536909903,0.27300193769779163,0.2561964430859081,0.2423250824774483,0.2421857032231015,0.4943355092488435,0.5064491184030321,0.2610066449136875,0.2501987966938561,0.244657845837469,0.24335208490311183,0.5232943292050795,0.52092852838115,0.24558268336508096,0.2424868159195528,0.23112298742983947,0.2365846556992971,0.5079898331384163,0.5150736723990152,0.2564490542168751,0.2450201233691653,0.23556111264470875,0.23990620423181952,0.4924288220271859,0.5099385387323092,0.24909182656590853,0.2425922382443463,0.25847935140690564,0.2474692230233445,0.5377688895091556,0.5249007610013592,0.2293663847963463,0.23608284246039077,0.23286472569449815,0.23901639653825002
2025-12-05,-0.0020971358849166044,-0.010179046242051848,-0.002057446694287442,-0.025175044889896598,0.0006666666666666666,-0.025841711556563264,-0.00652126855219907,0.0,-0.00652126855219907,0.012423671105899517,0.0,0.012423671105899517,-0.0030335155341382203,0.0,-0.0030335155341382203,-0.01014428711215228,0.0006666666666666666,-0.010810953778818947,0.002289360506794328,0.0,0.002289360506794328,-0.014816365925733987,0.0,-0.014816365925733987,-0.0005778083390871234,0.0,-0.0005778083390871234,0.003627624595630559,0.0,0.003627624595630559,0.0158414868724428,0.0,0.0158414868724428,0.007765008669796014,0.0,0.007765008669796014,0.028442360820712498,0.0,0.028442360820712498,-0.005268920512333963,0.001,-0.006268920512333963,-0.0014156437788155896,0.001,-0.0024156437788155896,0.01211575853746083,0.0,0.01211575853746083,0.01923682279246286,0.001,0.01823682279246286,0.02754584384103398,0.0,0.02754584384103398,0.02754584384103398,0.0,0.02754584384103398,-0.025841711556563264,0.00026055426588519036,0.0132663977018496,0.48597491622387756,0.5029625130186216,0.27134994754534797,0.25528191259654875,0.24267513623077455,0.24175557438482964,0.4943806326148165,0.5071653712140911,0.26100455265430583,0.2501092151510277,0.24461481473087768,0.2427254136348812,0.5226117863527758,0.5212809480830707,0.24600094598435857,0.24260741181605405,0.2313872676628656,0.23611164010087518,0.5067204427687311,0.5155843196886363,0.2574860637513413,0.2452436990619348,0.2357934934799276,0.2391719812494289,0.49265999855692344,0.5109443730987397,0.24892601624185975,0.2424188833838059,0.2584139852012168,0.24663674351745432,0.5372333518207392,0.5256535796757988,0.2296564209406748,0.23605991693441486,0.23311022723858604,0.2382865033897862
2025-12-08,0.008577614884113164,0.015046096935861748,0.008574319533720186,0.015404978874771508,0.0006666666666666666,0.014738312208104842,0.00257936855278081,0.0,0.00257936855278081,-0.008538193078164539,0.0013333333333333333,-0.009871526411497872,0.01045558399752977,0.0013333333333333333,0.009122250664196436,0.006307904771079157,0.0006666666666666666,0.00564123810441249,0.0008441184308297651,0.0,0.0008441184308297651,0.0065161721525643914,0.0,0.0065161721525643914,-0.00025143362451070695,0.0,-0.00025143362451070695,0.00017303645581986016,0.0,0.00017303645581986016,-0.006199742550610121,0.0,-0.006199742550610121,0.016899025475504703,0.0,0.016899025475504703,0.0331735954232425,0.0,0.0331735954232425,-0.0032377996204478454,0.001,-0.0042377996204478454,0.0030589814959380845,0.001,0.0020589814959380845,0.002334843792913488,0.0,0.002334843792913488,0.020995355867752585,0.0,0.020995355867752585,0.016011581810336906,0.0,0.016011581810336906,0.0046482126464596485,0.001,0.0036482126464596485,0.014738312208104842,0.00971953369413118,0.02098140647881519,0.4844918330313066,0.5013656419898453,0.2716216662292704,0.25567951958893653,0.2438865007394229,0.24295483842121807,0.49445596624747207,0.5063477085979281,0.2606183186820694,0.2501778458153361,0.24492571507045846,0.24347444558673584,0.5217589070580771,0.5199991790032306,0.24633494864272545,0.2430361607956641,0.23190614429919748,0.23696466020110535,0.5066249757019775,0.5144066741170699,0.257001293322773,0.2454344666720789,0.2363737309752494,0.24015885921085117,0.49206896561387725,0.5096031907879969,0.2488286531339365,0.24273749540976286,0.25910238125218626,0.24765931380224032,0.5367473031064162,0.5243470421605347,0.2298976315131597,0.2364902582749065,0.23335506538042416,0.23916269956455882
2025-12-09,0.00419625713787124,0.00592731024714356,0.004179470798457131,0.011035417809635684,0.0,0.011035417809635684,0.0016045348684430299,0.0,0.0016045348684430299,-0.0023238458652951044,0.0006666666666666666,-0.002990512531961771,-0.007181866292197857,0.0006666666666666666,-0.007848532958864524,-0.004907583780000076,0.0,-0.004907583780000076,-0.006537623742942385,0.0,-0.006537623742942385,0.00501183603155253,0.0006666666666666666,0.004345169364885863,-0.01435420572095558,0.0,-0.01435420572095558,0.004961066734360253,0.0,0.004961066734360253,0.0036346587929123597,0.0,0.0036346587929123597,0.009848653686212572,0.0,0.009848653686212572,0.009235381383736196,0.001,0.008235381383736196,0.008798458330244396,0.0,0.008798458330244396,0.013617729595696182,0.001,0.012617729595696181,0.007429464145365605,0.001,0.006429464145365605,0.013533965294009298,0.0,0.013533965294009298,0.015380215648130635,0.0,0.015380215648130635,0.0013955516566991344,0.0,0.0013955516566991344,0.011035417809635684,-0.002198919052599501,0.0030342171885033866,0.48543835934924773,0.5018220696826181,0.27145829788816594,0.2554637872719772,0.24310334276258627,0.2427141430454047,0.4947606678488802,0.5064832239324343,0.2605883580640847,0.2500288173599366,0.24465097408703523,0.24348795870762918,0.5221027371801816,0.520154258598085,0.24614720669962503,0.24280824167770676,0.23175005612019342,0.2370374997242083,0.5050028004646475,0.5138487967640459,0.2574240683178475,0.24539435790426795,0.23757313121750498,0.24075684533168612,0.4917310853552813,0.5094691307779551,0.2489868180491891,0.2426100653156107,0.25928209659552953,0.24792080390643423,0.5373324721133808,0.5245175884081279,0.22990752348987237,0.23631389811103615,0.2327600043967467,0.2391685134808359
2025-12-10,0.010224482822783027,0.009438315430832423,0.010236139777936562,-0.007457299172848358,0.0,-0.007457299172848358,0.009294732400133971,0.0,0.009294732400133971,-0.015640541203139256,0.0,-0.015640541203139256,0.02217665340933165,0.0006666666666666666,0.021509986742664983,0.003651890916925119,0.0,0.003651890916925119,0.023134291984134487,0.0,0.023134291984134487,0.003946106679576103,0.0006666666666666666,0.0032794400129094368,0.011028085163955962,0.0,0.011028085163955962,0.0037132833878817943,0.0006666666666666666,0.003046616721215128,0.0030055591143947624,0.0,0.0030055591143947624,0.01281384226289517,0.0,0.01281384226289517,0.037355607269132785,0.0,0.037355607269132785,0.01038619157728815,0.001,0.00938619157728815,0.004479462204591611,0.001,0.003479462204591611,0.037145144257261786,0.0,0.037145144257261786,0.010531821767911842,0.0,0.010531821767911842,0.05355654858758463,0.0,0.05355654858758463,0.04012584595020896,0.0,0.04012584595020896,0.0030326270798907875,0.00527748036021706,0.027267040231485403,0.4860469296154339,0.5024042649326361,0.2712608513463435,0.2551608274590811,0.24269221903822277,0.24243490760828285,0.4946477158493892,0.5067046580496137,0.26068981887186016,0.24987531122183945,0.24466246527875066,0.2434200307285468,0.5225912117026431,0.5206764059762408,0.2454119047782111,0.24223635417501493,0.23199688351914574,0.23708723984874433,0.5047172392362915,0.5141269611153678,0.2576144559948353,0.2451835088714142,0.23766830476887316,0.2406895300132179,0.4916962627503751,0.5098300388750154,0.24916895078912124,0.24239649215352857,0.2591347864605036,0.24777346897145594,0.5376031068554219,0.5249792974296809,0.2301125197371768,0.2361078699063869,0.23228437340740143,0.23891283266393223
2025-12-11,-0.0011239322677349445,-0.008543041246466921,-0.0011268811096347441,-0.00870176167833277,0.0,-0.00870176167833277,-0.0031650654705069523,0.0,-0.0031650654705069523,-0.0005918329445784671,0.0006666666666666666,-0.0012584996112451337,0.0062106610734559515,0.0006666666666666666,0.0055439944067892846,0.011801848778579297,0.0,0.011801848778579297,0.007094345489390881,0.0,0.007094345489390881,-0.004548894710262357,0.0,-0.004548894710262357,0.0173744569165053,0.0,0.0173744569165053,0.015668885547237776,0.0,0.015668885547237776,-0.015548795472712207,0.0,-0.015548795472712207,0.004271272686969252,0.0,0.004271272686969252,-0.007586264439593704,0.001,-0.008586264439593705,0.022714389595891782,0.001,0.02171438959589178,0.00590243169315563,0.001,0.00490243169315563,0.003911834718392293,0.0,0.003911834718392293,-0.006031014064901474,0.001,-0.007031014064901474,0.02382196807825876,0.0,0.02382196807825876,-0.00042744924139404006,0.001,-0.00142744924139404,-0.016883370085187917,0.005770791972415405,-0.004832674605747692,0.4857849688540897,0.5019240161026053,0.27207009314592756,0.2554607813645863,0.24214493799998266,0.24261520253280833,0.495089503276144,0.5065762833136325,0.2599459705609697,0.24939872007210734,0.24496452616288636,0.2440249966142602,0.5223883576411227,0.5202257104961219,0.24571615131313193,0.24228381044818847,0.23189549104574553,0.23749047905568976,0.5035832771497142,0.5132847339046567,0.25756563863971355,0.2450271453718796,0.2388510842105724,0.24168812072346368,0.4911039296283179,0.509166549222596,0.24856027498941521,0.24205537536728117,0.260335795382267,0.2487780754101229,0.5358010714061452,0.5239166060092789,0.23124993872205457,0.23634296439905217,0.23294898987180018,0.23974042959166886
2025-12-12,-0.028872849678975028,-0.035250501584538775,-0.02881838269796375,-0.029867236503601936,0.0,-0.029867236503601936,-0.019788543157239918,0.0,-0.019788543157239918,-0.013289684531535227,0.0,-0.013289684531535227,-0.03434848373336752,0.0,-0.03434848373336752,-0.008112444218873284,0.0,-0.008112444218873284,-0.038890385164174604,0.0,-0.038890385164174604,-0.004149123750689321,0.0,-0.004149123750689321,0.004300782483538157,0.0,0.004300782483538157,-0.0026848219467909087,0.0006666666666666666,-0.0033514886134575752,-0.04556172212988557,0.0,-0.04556172212988557,-0.045240497157029824,0.0,-0.045240497157029824,-0.04444938113502822,0.001,-0.04544938113502822,0.02127378654584422,0.0,0.02127378654584422,0.015067830908627955,0.001,0.014067830908627954,-0.002592158826319857,0.0,-0.002592158826319857,-0.07561917552371583,0.001,-0.07661917552371583,-0.06886262486638534,0.0,-0.06886262486638534,-0.11493199938440396,0.001,-0.11593199938440396,-0.03150305927807787,-0.0363863182805552,-0.04209833331548481,0.4854474320837776,0.501301455343252,0.27219735298732145,0.2558837004156666,0.24235521492890094,0.24281484424108132,0.49488086179958857,0.5060181702011575,0.2601781120300924,0.24987407993705207,0.24494102617031915,0.24410774986179043,0.5212829660463562,0.5192192223245413,0.24632766988550073,0.24294885886475626,0.23238936406814314,0.23783191881070243,0.5028673124428659,0.5124403837699725,0.2582721973367033,0.24574175717659996,0.23886049022043065,0.24181785905342745,0.49201290151420496,0.5088584281635143,0.24814271002084734,0.2423990263623675,0.25984438846494773,0.24874254547411812,0.5348504038939896,0.5229948039488433,0.23234012865376524,0.23718417451123042,0.23280946745224512,0.23982102153992624
2025-12-15,-0.006903542755523415,-0.008456774466055736,-0.006803367536799179,-0.026370072722494475,0.0,-0.026370072722494475,-0.014085730439998684,0.0,-0.014085730439998684,-0.016655288609765874,0.0006666666666666666,-0.01732195527643254,0.0010324526542155137,0.0006666666666666666,0.00036578598754884704,0.009439869692830467,0.0,0.009439869692830467,-0.00477640451380142,0.0,-0.00477640451380142,-0.026974631383770504,0.0,-0.026974631383770504,0.002881872202483741,0.0,0.002881872202483741,0.002326202864133912,0.0,0.002326202864133912,-0.011558090482533978,0.0,-0.011558090482533978,0.02483625781973886,0.0,0.02483625781973886,0.015747837175448365,0.0,0.015747837175448365,-0.00646507267242008,0.0,-0.00646507267242008,0.015875402945620398,0.0,0.015875402945620398,0.01275108601513053,0.0,0.01275108601513053,-0.01453850452672717,0.0,-0.01453850452672717,-0.01338121809953463,0.0,-0.01338121809953463,0.01624796690887076,0.0,0.01624796690887076,-0.02608692168515536,0.016194285634411498,0.004800237087879205,0.4847581540422117,0.5011602792182293,0.27238676877904466,0.2559497903061114,0.24285507717874363,0.2428899304756593,0.49428578519225247,0.5059240947932497,0.2613009539039924,0.2504068828685853,0.24441326090375515,0.24366902233816506,0.5210347342045818,0.5192985692994143,0.24664765343138817,0.24308023263228318,0.23231761236403,0.23762119806830248,0.5028557175514297,0.5127091977361172,0.25828366472756353,0.24570719328832535,0.23886061772100678,0.24158360897555745,0.49283804095084366,0.5094033644579239,0.24818301497163217,0.24237397886886802,0.25897894407752425,0.2482226566732082,0.5348504038939896,0.523267444229162,0.23234012865376527,0.23714582638397194,0.23280946745224515,0.2395867293868661
2025-12-16,-0.0020522703496586242,-0.00415711734471863,-0.001960041945338643,-0.001744356510642345,0.0,-0.001744356510642345,0.01782942898188885,0.0,0.01782942898188885,0.009016426732732914,0.0,0.009016426732732914,-0.007223102660546005,0.0006666666666666666,-0.007889769327212671,-0.007816468273858623,0.0,-0.007816468273858623,-0.005373782751724954,0.0006666666666666666,-0.006040449418391621,0.03783911539017719,0.0006666666666666666,0.03717244872351052,-0.008204671356651039,0.0,-0.008204671356651039,-0.009439109918774835,0.0,-0.009439109918774835,-0.006675434844174044,0.001,-0.007675434844174044,-0.003875123125851254,0.0,-0.003875123125851254,-0.010060203383910726,0.001,-0.011060203383910727,-0.009931944760710576,0.0,-0.009931944760710576,-0.0073171895977255375,0.0,-0.0073171895977255375,-0.006442744715253246,0.0,-0.006442744715253246,-0.004483957740668398,0.0,-0.004483957740668398,-0.002945967981440867,0.0,-0.002945967981440867,-0.036803477032364085,0.0,-0.036803477032364085,-0.0024110231773090116,-0.0025075969413664483,-0.009483447672058255,0.4841938381016478,0.49991981379336836,0.2727724457594669,0.25676325501588515,0.24303371613888525,0.24331693119074643,0.4941698484616221,0.5049078189733556,0.2617379465324812,0.2512460054023923,0.2440922050058967,0.24384617562425215,0.5194839686920684,0.5175648790885787,0.24746024001787495,0.24410715214508916,0.23305579129005674,0.23832796876633217,0.5011741797573697,0.5108701582749416,0.25939492038094863,0.2469055467881563,0.2394308998616817,0.24222429493690206,0.4917491708249763,0.5077599053272519,0.24879919015276397,0.24340895581285535,0.2594516390222596,0.24883113885989278,0.5340138718245968,0.5217072566571266,0.23203312157418565,0.2378761531819245,0.23395300660121743,0.24041659016094885
2025-12-17,-0.02384745001592884,-0.03411563634185648,-0.023964465162090748,-0.02117327608608029,0.0,-0.02117327608608029,-0.03537717255540081,0.0,-0.03537717255540081,-0.015642062214858088,0.0006666666666666666,-0.016308728881524754,-0.022021557763892953,0.0006666666666666666,-0.02268822443055962,-0.01912946987661046,0.0,-0.01912946987661046,-0.014384292943828553,0.0,-0.014384292943828553,-0.018618895292992578,0.0006666666666666666,-0.019285561959659244,0.0009018233513881091,0.0,0.0009018233513881091,-0.005275915108534498,0.0006666666666666666,-0.005942581775201165,-0.0414694109857946,0.0,-0.0414694109857946,-0.04634540853300806,0.0,-0.04634540853300806,-0.04577632507528534,0.001,-0.04677632507528534,0.02455867454216265,0.0,0.02455867454216265,0.003128985366275261,0.0,0.003128985366275261,-0.006712275289305514,0.0,-0.006712275289305514,-0.04232734800526167,0.0,-0.04232734800526167,-0.028869794181655084,0.0,-0.028869794181655084,-0.003509298252648674,0.001,-0.004509298252648674,-0.0336106914033916,-0.02803419619724745,-0.04120527731570852,0.48338496235376976,0.4996098797394245,0.27343842290971204,0.2571379250742316,0.2431766147365182,0.24325219518634394,0.4941210083595853,0.5049779027423322,0.26171610690776215,0.25127676707325663,0.24416288473265246,0.24374533018441108,0.521893560784576,0.5188641789548276,0.24625028492067672,0.2435438560797139,0.23185615429474732,0.2375919649654585,0.5011556523299,0.5109906793426701,0.259592420157083,0.24702657490180063,0.23925192751301702,0.2419827457555293,0.4915885044699836,0.5078335205488976,0.24885450958590913,0.24348306441331327,0.25955698594410725,0.24868341503778907,0.5348201304180643,0.5220999571117643,0.23245851394240763,0.23807238585095777,0.2327213556395281,0.23982765703727796
2025-12-18,0.012382829157596196,0.00802996768678204,0.012442044601389013,-0.0053263791057260495,0.0,-0.0053263791057260495,0.027708973562630874,0.0,0.027708973562630874,0.02099984183991362,0.0006666666666666666,0.020333175173246953,0.007522881598866456,0.0006666666666666666,0.006856214932199789,0.021067887856136853,0.0,0.021067887856136853,0.004870203981081104,0.0,0.004870203981081104,-0.010349490513372602,0.0,-0.010349490513372602,-0.007386700185846638,0.0,-0.007386700185846638,0.002105377134025181,0.0,0.002105377134025181,0.058505120209416894,0.0,0.058505120209416894,0.05284740872158222,0.0,0.05284740872158222,0.04189176861652155,0.0,0.04189176861652155,0.006046800875849301,0.0,0.006046800875849301,-0.007686222730727055,0.0,-0.007686222730727055,0.003633708250967038,0.0,0.003633708250967038,0.007341914304233033,0.001,0.006341914304233033,0.032564187456317506,0.001,0.031564187456317505,0.03260439816279026,0.0,0.03260439816279026,-0.009157870259493106,0.021225937802402967,0.03142783235944494,0.4836586438451618,0.49977395013459697,0.27277837447444014,0.25696172959083236,0.24356298168039794,0.24326432027457065,0.49381394864185263,0.5048516025329424,0.2617490116992714,0.251447048203248,0.24443703965887595,0.24370134926380965,0.5210095454993507,0.5184494009616915,0.24687755637503372,0.24401132054112912,0.23211289812561553,0.23753927849717943,0.5014224904934947,0.5111152236669548,0.2594648214856061,0.24719059784409048,0.23911268802089905,0.24169417848895472,0.49297686923226447,0.5083281686507488,0.24843679153390605,0.24355134796002945,0.2585863392338294,0.24812048338922174,0.5334792517623644,0.5216939548856818,0.23253193127293015,0.2383027440739074,0.23398881696470547,0.24000330104041084
2025-12-19,0.019901446579707306,0.008747858015333862,0.019887420888716357,0.0080786754828297,0.0,0.0080786754828297,0.01871796389202355,0.0,0.01871796389202355,0.01246328531102684,0.0,0.01246328531102684,0.015510657981181081,0.0006666666666666666,0.014843991314514415,0.027661834582318745,0.0,0.027661834582318745,0.007777785911521636,0.0,0.007777785911521636,0.005881317325494573,0.0,0.005881317325494573,0.014314854236179434,0.0,0.014314854236179434,0.020279703831089346,0.0,0.020279703831089346,0.06570463774967417,0.0,0.06570463774967417,0.0325035418746592,0.0,0.0325035418746592,0.028720852753572945,0.0,0.028720852753572945,0.007401547776544226,0.001,0.006401547776544226,0.0057748278558358845,0.001,0.0047748278558358845,0.006830499270623458,0.0,0.006830499270623458,0.055701308415839645,0.001,0.054701308415839645,0.06821245285511723,0.001,0.06721245285511723,0.07966800055602441,0.001,0.07866800055602441,0.007412008816163033,0.02133246509532675,-0.0009033822369977802,0.48210869251756033,0.4980677596165254,0.273797091377437,0.25780480340889395,0.24409421610500281,0.24412743697458078,0.4934781763114271,0.5037525015134587,0.26235284565909667,0.25208268054972377,0.24416897802947624,0.2441648179368175,0.5206130764553761,0.5173199515854332,0.24684322628538274,0.2443278708628668,0.23254369725924107,0.2383521775516999,0.5016265509600037,0.5099347357161799,0.2595704141016511,0.24767262199857995,0.23880303493834515,0.24239264228524027,0.49339450236495197,0.5072181596798128,0.24793120917657013,0.24383168437330321,0.25867428845847795,0.24895015594688408,0.5321335094773172,0.5200020320268932,0.23317715069543457,0.23896284507452847,0.23468933982724824,0.24103512289857829
2025-12-22,0.011632704818597194,0.00975725493095249,0.011659151491511331,0.009256782413525306,0.0006666666666666666,0.00859011574685864,0.018465271848488857,0.0,0.018465271848488857,0.013247256628691343,0.0,0.013247256628691343,0.013696980719775024,0.0,0.013696980719775024,0.014511155860362814,0.0,0.014511155860362814,0.008738718618534591,0.0,0.008738718618534591,0.01717424343175359,0.0,0.01717424343175359,0.016506124843165194,0.0006666666666666666,0.01583945817649853,0.019161182035490738,0.0006666666666666666,0.01849451536882407,0.0236232882474815,0.0,0.0236232882474815,0.01670200563331603,0.0,0.01670200563331603,0.01374822599048231,0.0,0.01374822599048231,0.005733945224438153,0.001,0.004733945224438153,0.0014225666566089479,0.001,0.00042256665660894786,-0.0006133737867312083,0.0,-0.0006133737867312083,0.013213839430285146,0.001,0.012213839430285145,-0.008855373543304068,0.001,-0.009855373543304069,0.011880213157155595,0.001,0.010880213157155594,0.01217666365732247,0.012673504748947276,0.0017530953785499142,0.481705373681723,0.49779365964586275,0.2741799431484192,0.25831601335087834,0.2441146831698577,0.24389032700325888,0.4933079434447709,0.5035949445273866,0.2629692378825406,0.252710660717939,0.24372281867268838,0.24369439475467422,0.5200193419296681,0.5169506437698352,0.24699877153659333,0.2447254275449654,0.2329818865337385,0.23832392868519928,0.5026402344354923,0.5101721809224141,0.2591410502256563,0.2479594425552027,0.2382187153388512,0.24186837652238313,0.4934247883973379,0.5071310837298231,0.2478617411299499,0.24423727055361957,0.2587134704727122,0.24863164571655727,0.5321335094773172,0.5199049616862162,0.23317715069543457,0.23939135571022951,0.23468933982724824,0.24070368260355415
2025-12-23,-0.0005895095936770051,0.0001941149722040087,-0.0005776601940299668,-0.0077989774216580265,0.0,-0.0077989774216580265,-0.0022660791495697032,0.0,-0.0022660791495697032,-0.003187000439778709,0.0006666666666666666,-0.0038536671064453754,0.0036861796880029623,0.0,0.0036861796880029623,0.005874707350659314,0.0,0.005874707350659314,0.001985664726657917,0.0006666666666666666,0.0013189980599912503,-0.007261326075857129,0.0,-0.007261326075857129,0.005290755906282992,0.0,0.005290755906282992,0.003887411799112191,0.0,0.003887411799112191,-0.0006948000188956027,0.0,-0.0006948000188956027,0.000935435174477306,0.0,0.000935435174477306,0.0020698593760894446,0.0,0.0020698593760894446,-0.0037638309356211597,0.0,-0.0037638309356211597,0.005281295627347082,0.001,0.004281295627347082,-0.001879820905923757,0.0,-0.001879820905923757,-0.002658641194555722,0.0,-0.002658641194555722,0.009531482784651657,0.0,0.009531482784651657,-0.0008375574770736471,0.001,-0.0018375574770736472,-0.003905545573495946,0.010115060611853854,-0.001035101793288695,0.48131645051502003,0.49772965954698023,0.2745272936060093,0.2585638963623946,0.24415625587897052,0.24370644409062514,0.49341090605891774,0.5037768873189291,0.2630690993539294,0.25283479923635466,0.24351999458715276,0.24338831344471626,0.5200217446510581,0.5170823066149992,0.24693068719697397,0.24476559315787694,0.23304756815196812,0.23815210022712394,0.5030778504272599,0.5104914125888859,0.25898995972824934,0.2480090211199048,0.23793218984449077,0.2414995662912094,0.4936788679916728,0.5073897483851422,0.2477649473986818,0.2443047670511475,0.2585561846096454,0.24830548456371043,0.5327429063737015,0.5202808810512116,0.23236478213483333,0.2392227125140775,0.2348923114914652,0.24049640643471093
2025-12-24,0.0029296661951517472,-0.000471077074119206,0.002887909012313467,0.00026468249868890226,0.0006666666666666666,-0.0004019841679777644,-0.0036688389459421287,0.0,-0.0036688389459421287,0.0011489716073172689,0.0,0.0011489716073172689,0.0032043116767708213,0.0,0.0032043116767708213,0.004394809036330974,0.0,0.004394809036330974,0.0031729312895183433,0.0006666666666666666,0.0025062646228516767,-0.0031326691916134424,0.0,-0.0031326691916134424,0.008334505429813769,0.0,0.008334505429813769,0.012951325963675467,0.0,0.012951325963675467,0.01916600382337108,0.0,0.01916600382337108,0.009441612028775026,0.0,0.009441612028775026,0.007251065235058252,0.0,0.007251065235058252,0.0048904937469371745,0.0,0.0048904937469371745,0.0025749482636034937,0.001,0.0015749482636034937,0.003747643628479236,0.0,0.003747643628479236,-0.0047165057364993435,0.0,-0.0047165057364993435,0.014657816054555628,0.001,0.013657816054555627,0.009680243014320244,0.0,0.009680243014320244,-0.003733386605672979,0.00278023199350134,0.0031697861554762143,0.4810655594323084,0.4973828027333753,0.27470318811889816,0.25890473564221034,0.24423125244879348,0.24371246162441434,0.4934109523213219,0.5035554991778821,0.26319005595844125,0.2531481695619819,0.24339899172023688,0.24329633126013606,0.5193994984826109,0.5165497722585266,0.24728618809215813,0.24519623562884035,0.2333143134252309,0.23825399211263307,0.5029637487506706,0.5101570679307976,0.259019879062227,0.24835776981143504,0.23801637218710223,0.24148516225776734,0.49342166561849804,0.5070081804971807,0.2480545926363971,0.24473922529091113,0.25852374174510484,0.2482525942119082,0.5324042418634645,0.5198724306580196,0.23281228796325346,0.23970926474877374,0.23478347017328205,0.24041830459320668
2025-12-26,0.00035472553798363005,0.0032410022324406125,0.00032582615924576483,0.004888097265157339,0.0006666666666666666,0.004221430598490672,-0.006888445767404697,0.0,-0.006888445767404697,0.0019547157220930846,0.0006666666666666666,0.001288049055426418,-0.0012726157987617004,0.0,-0.0012726157987617004,-0.005090768610338969,0.0,-0.005090768610338969,-0.003962873492810363,0.0,-0.003962873492810363,-0.004971173863613343,0.0,-0.004971173863613343,-0.00045010578520536065,0.0,-0.00045010578520536065,-0.0031350244753928225,0.0006666666666666666,-0.003801691142059489,-0.0034125597766264115,0.0,-0.0034125597766264115,0.003108461478546376,0.0,0.003108461478546376,0.00423391544256424,0.0,0.00423391544256424,0.002325075084893158,0.0,0.002325075084893158,0.0007170075333616799,0.0,0.0007170075333616799,-0.0004002018281581421,0.0,-0.0004002018281581421,0.002387472495983922,0.0,0.002387472495983922,0.005011547411805983,0.001,0.004011547411805983,-0.005589394899076006,0.0,-0.005589394899076006,0.004221430598490672,0.0017525056746338836,0.0026608751168397298,0.48111792111241886,0.49723301600339354,0.2745446751294994,0.25890847071882106,0.24433740375808174,0.24385851327778552,0.4933960864475341,0.5033720986709511,0.2632479312881316,0.25326009879813716,0.2433559822643344,0.24336780253091184,0.5186808179744961,0.5160144644344321,0.24753940832046442,0.24540583731430354,0.23377977370503944,0.23857969825126435,0.5035293207820569,0.5101079101573054,0.25878213667527766,0.2483905235292972,0.23768854254266553,0.24150156631339742,0.4935374936264004,0.5068106071959388,0.2479401300443989,0.24481266134110719,0.25852237632920066,0.24837673146295403,0.5315479363960703,0.5193540533099299,0.23333645758834004,0.23999344943060777,0.2351156060155897,0.24065249725946242
2025-12-29,-0.007114287382532374,-0.010206460150397664,-0.007159940534150422,-0.002247087927939743,0.0,-0.002247087927939743,-0.01224426056976043,0.0,-0.01224426056976043,-0.016006845221887812,0.0006666666666666666,-0.01667351188855448,-0.0023779480468975414,0.0,-0.0023779480468975414,-0.006020379350328323,0.0,-0.006020379350328323,-0.007729683766568202,0.0006666666666666666,-0.008396350433234868,-0.006113152995586827,0.0006666666666666666,-0.006779819662253494,-0.005730436721202917,0.0,-0.005730436721202917,-0.01082582823592552,0.0,-0.01082582823592552,0.018463206003883847,0.0,0.018463206003883847,-0.013683622715594701,0.0,-0.013683622715594701,-0.003981897147061875,0.0,-0.003981897147061875,-0.009642666141658485,0.001,-0.010642666141658486,0.0019805647886784183,0.0,0.0019805647886784183,-0.0019418695376621775,0.0,-0.0019418695376621775,-0.016179883546017793,0.0,-0.016179883546017793,-0.008304707049157145,0.0,-0.008304707049157145,-0.02560313714138157,0.001,-0.026603137141381572,-0.002247087927939743,-0.020579854021049705,-0.01663341664132278,0.4814984273600935,0.49747611487005444,0.2741215144318916,0.25865887178131725,0.2443800582080148,0.2438650133486283,0.4935680637785734,0.5035109330792944,0.26312862423759836,0.25316242668417066,0.2433033119838283,0.24332664023653505,0.5185291207885111,0.5159914615842632,0.2477020738968834,0.24544915151381314,0.23376880531460564,0.23855938690192371,0.5031586940559916,0.5100564166330874,0.2589460197788573,0.24839366004462066,0.2378952861651511,0.24154992332229186,0.4936518361962039,0.5069191535393576,0.24791383951540008,0.24475304055767977,0.25843432428839613,0.24832780590296272,0.5317148566088324,0.519479950275525,0.23348935075566613,0.23999295926696756,0.2347957926355014,0.24052709045750745
2025-12-30,-0.004891026752615458,-0.0039749354139086805,-0.004920245012198558,-0.0006805501584365621,0.0,-0.0006805501584365621,-0.009109639307753659,0.0,-0.009109639307753659,-0.0020085893634940177,0.0,-0.0020085893634940177,-0.0028827345297487428,0.0,-0.0028827345297487428,-0.0022207835305901127,0.0,-0.0022207835305901127,-0.0035265677289813366,0.0,-0.0035265677289813366,-0.005496632493303529,0.0,-0.005496632493303529,-0.005033742139090099,0.0,-0.005033742139090099,-0.005837143516964737,0.0,-0.005837143516964737,-0.0035815880928983246,0.0,-0.0035815880928983246,-0.01258269451377031,0.0,-0.01258269451377031,-0.011796253701406967,0.0,-0.011796253701406967,-0.004963736413481912,0.0,-0.004963736413481912,-0.003586640857206558,0.0,-0.003586640857206558,-0.001597812381656405,0.0,-0.001597812381656405,-0.01299357132971557,0.0,-0.01299357132971557,-0.010859964183973392,0.0,-0.010859964183973392,-0.004361342323491391,0.0,-0.004361342323491391,-0.0036866771574869755,-0.006555754385632976,-0.002007931370198797,0.4821320113884387,0.4982219867501142,0.2739065744667918,0.2582866153133848,0.24396141414476963,0.24349139793650104,0.49381917136547243,0.504065566738631,0.2630611982338091,0.25286392719689343,0.24311963040071852,0.2430705060644755,0.5186037726822412,0.5164578673970155,0.24779233529322206,0.24522949572659997,0.23360389202453674,0.2383126368763846,0.5046023049799654,0.5111077752582877,0.2579417480695956,0.2477074364901517,0.237455946950439,0.24118478825156064,0.49309429659362664,0.5073101324907958,0.2482911590694174,0.2445227421200929,0.2586145443369559,0.24816712538911123,0.5317823490254426,0.5200771897932952,0.23390549856821374,0.2397754741546957,0.23431215240634368,0.24014733605200916
2025-12-31,-0.011189678552921365,-0.010674528667135964,-0.011210030228704735,-0.009038424641601909,0.0,-0.009038424641601909,-0.013858274444021655,0.0,-0.013858274444021655,-0.008123746863191578,0.0006666666666666666,-0.008790413529858244,-0.009257439669662266,0.0,-0.009257439669662266,-0.007719041792280223,0.0,-0.007719041792280223,-0.006233997846112005,0.0,-0.006233997846112005,-0.014326011330975217,0.0,-0.014326011330975217,-0.007445219758199857,0.0,-0.007445219758199857,-0.007523713887265951,0.0,-0.007523713887265951,-0.019757542544366014,0.001,-0.020757542544366014,-0.018967069631084077,0.0,-0.018967069631084077,-0.013212192019254054,0.0,-0.013212192019254054,-0.0037881284678527027,0.001,-0.004788128467852703,-0.005737493625923296,0.001,-0.006737493625923296,-0.009743667608301698,0.0,-0.009743667608301698,-0.014381817641328287,0.001,-0.015381817641328288,-0.018078251660653577,0.0,-0.018078251660653577,-0.009484238791250599,0.001,-0.0104842387912506,-0.011729434074489896,-0.012407768160669056,-0.006713736569917249,0.48239850956842545,0.49837078831268267,0.2735732928453438,0.2580542261047017,0.24402819758623068,0.24357498558261564,0.4938173433317468,0.5040802051943434,0.26309679489368143,0.2528159771288705,0.24308586177457173,0.24310381767678618,0.5185999430684682,0.516471505062704,0.2478145936143322,0.2451748764891959,0.23358546331719943,0.23835361844810002,0.5050550295654516,0.5112780146847486,0.2576856247069382,0.24753481292720952,0.23725934572761023,0.24118717238804177,0.4929687480561884,0.5072895417866918,0.24829973618728923,0.24443746971572536,0.25873151575652237,0.24827298849758278,0.531500672053124,0.5200050767056806,0.2338863734755602,0.23968106002085476,0.2346129544713158,0.2403138632734646
2026-01-02,0.02145346325787318,0.020733833228897124,0.02143689618211197,-0.007681224427767159,0.0006666666666666666,-0.008347891094433825,-0.024484044829777507,0.0,-0.024484044829777507,-0.04055958639481975,0.0006666666666666666,-0.04122625306148642,0.03142998189085455,0.0006666666666666666,0.030763315224187886,0.03203464018424913,0.0,0.03203464018424913,0.02678572691439496,0.0,0.02678572691439496,0.01697165711567646,0.0006666666666666666,0.016304990449009793,0.007427443274322432,0.0,0.007427443274322432,0.018433073426350477,0.0,0.018433073426350477,0.0628528349906885,0.0,0.0628528349906885,0.06498083574907532,0.0,0.06498083574907532,0.06365588561591418,0.0,0.06365588561591418,0.009120919500051783,0.0,0.009120919500051783,0.006904934098127424,0.001,0.005904934098127424,0.005126142137740652,0.0,0.005126142137740652,0.07365345316847594,0.001,0.07265345316847593,0.06254358255932613,0.0,0.06254358255932613,0.02000147650212869,0.001,0.01900147650212869,0.013475400477013752,0.039290655670429546,0.017583522659434598,0.482525921638469,0.4983775004086298,0.273368714308283,0.25790779218393256,0.24410536405324795,0.24371470740743767,0.4936991515197158,0.5039641153492531,0.2631188148409435,0.25278284245026283,0.24318203363934068,0.24325304220048405,0.5182411886738189,0.5162351339263047,0.24800125637339973,0.24522406321649093,0.2337575549527814,0.2385408028572044,0.5048161763606387,0.5111228212488005,0.25766062070973184,0.2474674077741315,0.23752320292962947,0.24140977097706806,0.493151577670236,0.5072735036809676,0.24829016173893936,0.24437515631377,0.25855826059082476,0.24835134000526252,0.5314427338288137,0.5199095852132982,0.2337284913100876,0.2395698050722489,0.2348287748610987,0.24052060971445294
2026-01-05,0.00971542096336334,-0.005840585744361039,0.009842360138040239,0.0028354942022816854,0.0,0.0028354942022816854,0.026827814563288605,0.0,0.026827814563288605,0.04023210029226616,0.0006666666666666666,0.03956543362559949,0.013457031754513366,0.0,0.013457031754513366,0.0059136029108131085,0.0,0.0059136029108131085,0.0101431560280969,0.0013333333333333333,0.008809822694763566,0.037833445591613016,0.0,0.037833445591613016,0.023919239269950616,0.0,0.023919239269950616,0.024170910472720943,0.0,0.024170910472720943,0.010424576236093053,0.0,0.010424576236093053,0.05680080449736513,0.0,0.05680080449736513,0.05493908890057231,0.0,0.05493908890057231,0.007634696350541259,0.0,0.007634696350541259,0.012025923817955753,0.001,0.011025923817955752,0.02417866637048338,0.0,0.02417866637048338,-0.013893865891204005,0.0,-0.013893865891204005,-0.010439183194012436,0.0,-0.010439183194012436,-0.05813811935187535,0.001,-0.05913811935187535,-0.009535586157925527,0.02890538641112032,-0.032817379442592956,0.48378588250345766,0.4986152270078677,0.27315534643097866,0.2582741260020801,0.2430587710655636,0.24311064699005222,0.49376471715105624,0.503604644331667,0.26322402399707834,0.2533084647851299,0.2430112588518654,0.24308689088320312,0.5184264874164847,0.5159355294643813,0.24762785053671862,0.24551037805495007,0.23394566204679662,0.23855409248066872,0.5048161763606387,0.5105972011122368,0.25766062070973184,0.24810125156824311,0.23752320292962947,0.24130154731952008,0.49334123890094767,0.5068104717505388,0.24821795934539181,0.2449851733180109,0.2584408017536606,0.24820435493145035,0.5322537276261669,0.5196515930298611,0.2340851663470225,0.24032135162854903,0.23366110602681076,0.2400270553415899
2026-01-06,0.021915639508837646,0.010609400345300939,0.02194423763137655,-0.01222620621068023,0.0,-0.01222620621068023,0.02654261006984019,0.0,0.02654261006984019,0.017584068405323006,0.0006666666666666666,0.01691740173865634,0.010501811145127382,0.0,0.010501811145127382,0.0106730670938134,0.0,0.0106730670938134,0.023560203423123705,0.0006666666666666666,0.02289353675645704,-0.008820139142952025,0.0,-0.008820139142952025,-0.002934286988995819,0.0,-0.002934286988995819,-0.002674393689908479,0.0,-0.002674393689908479,0.10833559097290091,0.0,0.10833559097290091,0.04705136148618527,0.0,0.04705136148618527,0.05187845787054279,0.0,0.05187845787054279,0.012392767795325166,0.0,0.012392767795325166,-0.020533192680481316,0.0,-0.020533192680481316,-0.0035561999290308344,0.0,-0.0035561999290308344,0.09164522062467573,0.0,0.09164522062467573,0.08698715222318021,0.0,0.08698715222318021,0.07732582490992179,0.0,0.07732582490992179,-0.007589496192657991,0.01766602834750578,0.04206976313235126,0.48221301626871593,0.49762696267105944,0.27364252375315323,0.2594076465383045,0.24414445997813083,0.24296539079063606,0.4940876977033002,0.5035643033883516,0.2629792827604638,0.2540760260419598,0.24293301953623594,0.24235967056968863,0.5191495419951213,0.5160952255342621,0.24724970351539735,0.24621123641942658,0.23360075448948145,0.23769353804631138,0.5027385881872866,0.5096411431809845,0.2587416589681928,0.249650502906219,0.23851975284452073,0.2407083539127965,0.4928108371490355,0.5063649853383617,0.24812773808090635,0.2461479090134145,0.2590614247700582,0.24748710564822388,0.5331040817091282,0.5196617560431922,0.23462930996667805,0.24169342773571917,0.23226660832419382,0.23864481622108863
2026-01-07,-0.006950053394969954,0.00016462491313026014,-0.007035257440490397,0.021255211078193538,0.0,0.021255211078193538,0.010287728995524879,0.0,0.010287728995524879,0.011089213311134364,0.0,0.011089213311134364,-0.011322641649031701,0.0,-0.011322641649031701,-0.017968293442552907,0.0,-0.017968293442552907,-0.016136078326630256,0.0,-0.016136078326630256,-0.022406476655515685,0.0,-0.022406476655515685,-0.015694607943364858,0.0,-0.015694607943364858,-0.015615213126360012,0.0,-0.015615213126360012,-0.011859669337445367,0.0,-0.011859669337445367,-0.022029738509369845,0.0,-0.022029738509369845,-0.006520909928052321,0.001,-0.007520909928052321,0.0029074099973225853,0.0,0.0029074099973225853,0.0003575407639465067,0.001,-0.0006424592360534933,-0.0030824667738236222,0.0,-0.0030824667738236222,-0.05312058620939114,0.0,-0.05312058620939114,-0.051502265996638485,0.0,-0.051502265996638485,-0.012125755095826973,0.0,-0.012125755095826973,0.007372801617433847,-0.01744749279741986,0.0027959350607075968,0.48041830547949255,0.49574874007767245,0.274852690550243,0.26019338267671777,0.24472900397026445,0.2440578772456098,0.4937704716022625,0.5024248231390575,0.2628198902769679,0.25417698254008025,0.2434096381207697,0.2433981943208624,0.5188343615158532,0.5149567680958528,0.2474052070258621,0.24646964091452733,0.23376043145828476,0.23857359098961994,0.5028191231606887,0.5083533576758483,0.25862291490879125,0.24985339203804013,0.23855796193052006,0.24179325028611154,0.4940835807046991,0.5054706286653718,0.24705439286393083,0.24603577976323618,0.2588620264313701,0.24849359157139206,0.5331040817091282,0.5183473939968334,0.23462930996667805,0.2419355024071428,0.23226660832419382,0.23971710359602388
2026-02-03,-0.0025596789697061367,0.019803709583101216,-0.0024855906806615074,-0.06725226251756218,0.0006666666666666666,-0.06791892918422884,-0.02978594182922948,0.0,-0.02978594182922948,-0.06290599729021969,0.0006666666666666666,-0.06357266395688635,0.007768515780082974,0.0019999999999999996,0.005768515780082974,0.010211139850619277,0.0,0.010211139850619277,0.016772543908961917,0.0013333333333333333,0.015439210575628583,-0.021155239455446544,0.0013333333333333333,-0.022488572788779877,0.004295707950761137,0.0013333333333333333,0.0029623746174278036,0.010723430315433175,0.0013333333333333333,0.009390096982099841,-0.03654739713139493,0.001,-0.03754739713139493,-0.035044344089397605,0.0,-0.035044344089397605,-0.030601069322022167,0.001,-0.03160106932202217,0.01711318184691979,0.001,0.01611318184691979,0.007337626944005582,0.001,0.006337626944005582,0.006541233861218354,0.002,0.004541233861218354,0.05217410740918982,0.001,0.05117410740918982,0.04803340170239867,0.0,0.04803340170239867,0.05081641952910654,0.001,0.04981641952910654,0.01880376319780627,0.022148136652419548,0.019550402359596115,0.48097344942659775,0.4964128309067438,0.2745372595828113,0.25958216510514187,0.24448929099059089,0.24400500398811428,0.4940730674429498,0.5029626399149199,0.26261419659530383,0.25362063361138815,0.24331273596174624,0.24341672647369195,0.5184804568639233,0.5151663346254065,0.24758517185225526,0.24610612123986386,0.2339343712838214,0.23872754413472955,0.5029872701359639,0.5089267814440843,0.25815746078073853,0.24909209937805027,0.23885526908329763,0.24198111917786547,0.4943354519203013,0.5060716814329156,0.2469961374099372,0.24540886266568585,0.2586684106697615,0.24851945590139854,0.5321171535047523,0.5185396429557845,0.23419494397413684,0.24118446883187172,0.23368790252111085,0.24027588821234383
2026-02-04,-0.03296258252867803,-0.03449497139207257,-0.03314115957192206,-0.020044291979716425,0.0006666666666666666,-0.02071095864638309,-0.060731370437101154,0.0,-0.060731370437101154,-0.025865512828697014,0.0006666666666666666,-0.02653217949536368,-0.039916214161232214,0.0006666666666666666,-0.04058288082789888,-0.051451960828882405,0.0,-0.051451960828882405,-0.0040495621632444054,0.0,-0.0040495621632444054,-0.033251972390400675,0.0,-0.033251972390400675,-0.008149702219285274,0.0,-0.008149702219285274,0.004578886002179631,0.0006666666666666666,0.003912219335512964,-0.0807896047058495,0.001,-0.0817896047058495,-0.061977888022144545,0.0,-0.061977888022144545,-0.050882445658380626,0.001,-0.05188244565838063,0.013084842965344734,0.0,0.013084842965344734,0.017369286473834844,0.0,0.017369286473834844,0.010711657911137817,0.0,0.010711657911137817,-0.07554720615571636,0.0,-0.07554720615571636,-0.04962642016556407,0.0,-0.04962642016556407,-0.0009036074199185729,0.0,-0.0009036074199185729,-0.05503751478173091,-0.030496516705628397,0.004657482992710812,0.4804123880104465,0.4960785536773306,0.27538352074959455,0.26006552404719463,0.24420409123995904,0.24385592227547476,0.4937078454438887,0.5027262823940517,0.26266500980887253,0.25370626857683365,0.24362714474723862,0.24356744902911454,0.5169821685993168,0.5143634439717657,0.24819268470779038,0.24647010602629255,0.2348251466928929,0.2391664500019417,0.5027689750772216,0.508782723736107,0.2581810961138675,0.24918060503858874,0.23904992880891088,0.2420366712253042,0.4948968427580054,0.5061849200707657,0.24676953271882493,0.24541478911822467,0.2583336245231696,0.24840029081100956,0.5321734085547939,0.5184861867837058,0.2341229934950665,0.2412414311743844,0.2337035979501396,0.24027238204190968
2026-02-05,-0.027918902198492405,-0.03914038459992951,-0.027869453741165513,-0.07259604618590401,0.0006666666666666666,-0.07326271285257067,-0.047718381491844736,0.0,-0.047718381491844736,-0.029864783554071295,0.0013333333333333333,-0.031198116887404627,-0.0029072007021027075,0.0006666666666666666,-0.003573867368769374,-0.00951122063461988,0.0,-0.00951122063461988,-0.0016534904890909141,0.0006666666666666666,-0.0023201571557575807,-0.07989489081601824,0.0,-0.07989489081601824,-0.010028838428187099,0.0,-0.010028838428187099,-0.0034613705802996044,0.0013333333333333333,-0.0047947039136329375,0.01301296811146635,0.001,0.012012968111466349,0.017520673456095204,0.0,0.017520673456095204,0.019162817156548217,0.001,0.018162817156548217,-0.03585771173216318,0.0,-0.03585771173216318,-0.012862730786836196,0.001,-0.013862730786836197,0.00032193960021398293,0.0,0.00032193960021398293,-0.021282070925309704,0.0,-0.021282070925309704,-0.0029807430353821496,0.0,-0.0029807430353821496,-0.021282070925309704,0.001,-0.022282070925309705,-0.04361193893384152,-0.03935496417486447,-0.029636330679776186,0.48136884342285197,0.49558419160314926,0.2742398186309617,0.2595288501012174,0.24439133794618625,0.24488695829563326,0.4930386129567003,0.5014190763700734,0.2617907329629933,0.2533043072672332,0.24517065408030636,0.24527661636269332,0.5153579382120019,0.5125787389977243,0.24872059968134724,0.24676924062641015,0.23592146210665085,0.24065202037586556,0.5027689750772216,0.5074794534303924,0.2581810961138675,0.24922774237046325,0.23904992880891085,0.24329280419914434,0.49485061713883877,0.504866395310726,0.2469685892109942,0.24552761509251503,0.25818079365016716,0.24960598959675895,0.5308778684791117,0.516755388253016,0.23357136031038397,0.24110652955531364,0.23555077121050444,0.24213808219167024
2026-02-06,0.04642630264652607,0.04976698863400923,0.04653442981399501,0.036366286196144716,0.0,0.036366286196144716,0.060801377307259465,0.0,0.060801377307259465,0.009977761108584837,0.0,0.009977761108584837,0.03050498823133137,0.0006666666666666666,0.029838321564664705,0.04295386785576556,0.0,0.04295386785576556,0.03623998979265042,0.0,0.03623998979265042,0.05391683534259095,0.0,0.05391683534259095,0.03985027530089239,0.0,0.03985027530089239,0.029899499105516515,0.0006666666666666666,0.02923283243884985,0.05689801497745117,0.0,0.05689801497745117,0.08353154085895198,0.0,0.08353154085895198,0.06239520995151793,0.0,0.06239520995151793,0.01786587455511124,0.0,0.01786587455511124,0.003705341158187103,0.001,0.002705341158187103,0.018926032760624212,0.0,0.018926032760624212,0.08709041982412069,0.0,0.08709041982412069,0.08456360132175811,0.0,0.08456360132175811,0.09017936091612622,0.001,0.08917936091612622,0.054006523135956885,0.053559305619715517,0.037208994624396675,0.4808407399394099,0.4950807127650115,0.2740702402297141,0.2594384576728648,0.24508901983087594,0.2454808295621237,0.4931676512724338,0.5012441684315234,0.2615329547455605,0.253169814930788,0.24529939398200565,0.24558601663768856,0.5131274620600246,0.5112240738253189,0.24973159327484618,0.24726913419543084,0.23714094466512925,0.24150679197925035,0.5024636206293809,0.5070578541534064,0.25832289922621193,0.24926702907238033,0.23921348014440705,0.24367511677421322,0.493315207607172,0.5040388778560775,0.24734212704730182,0.24564337425333999,0.2593426653455263,0.2503177478905826,0.530427033808577,0.5162857805025411,0.23427164901121886,0.2413301165014326,0.23530131718020408,0.24238410299602622
2026-02-09,0.01821308649028003,0.03404976233021228,0.018232925402011917,0.03237538441071589,0.0006666666666666666,0.03170871774404922,0.03311577974249458,0.0,0.03311577974249458,-0.003211925426067297,0.0,-0.003211925426067297,0.00794569829451719,0.0006666666666666666,0.0072790316278505225,0.010933214625432952,0.0,0.010933214625432952,0.01099074105882362,0.0,0.01099074105882362,0.01750718534449332,0.0,0.01750718534449332,0.01284186979449431,0.0006666666666666666,0.012175203127827643,0.015027877217023736,0.0006666666666666666,0.01436121055035707,-0.0016799527831537486,0.001,-0.0026799527831537487,-0.00471115820425122,0.0,-0.00471115820425122,0.0028846130478313303,0.0,0.0028846130478313303,-0.01859136537472389,0.0,-0.01859136537472389,0.0071759673878639685,0.001,0.0061759673878639685,-0.010913285485454338,0.0,-0.010913285485454338,0.0384915637724772,0.0,0.0384915637724772,0.04381200123160134,0.0,0.04381200123160134,0.02882399564437743,0.0,0.02882399564437743,0.0319183011299365,0.043606629039610725,0.0289358937635266,0.48111430983327086,0.4953855710723142,0.2750124264146239,0.2599903357828781,0.24387326375210525,0.2446240931448078,0.4926497217350382,0.5011532770231979,0.2619788566055231,0.25347355087832774,0.24537142165943862,0.24537317209847448,0.5139310787909196,0.5117939555511386,0.24959014740298938,0.24727919627706085,0.23647877380609103,0.24092684817180068,0.5024636206293809,0.5072830724563052,0.25832289922621193,0.2493752809959086,0.23921348014440705,0.24334164654778623,0.49367483450741656,0.5043827730360569,0.24673565246703055,0.24555148956537876,0.2595895130255529,0.25006573739856436,0.530427033808577,0.5165109988054399,0.23427164901121886,0.24143836842496091,0.23530131718020408,0.24205063276959926
2026-02-10,-0.009126522570361003,-0.02150617035823164,-0.009200351933633827,0.05830417913265728,0.0006666666666666666,0.05763751246599061,0.016582005877542955,0.0,0.016582005877542955,0.04886931857087772,0.0006666666666666666,0.04820265190421105,-0.005030324315812776,0.0,-0.005030324315812776,-0.002269206736681628,0.0,-0.002269206736681628,-0.003195366246352637,0.0006666666666666666,-0.0038620329130193034,-0.0023225752591645703,0.0,-0.0023225752591645703,-0.00677662769256219,0.0006666666666666666,-0.007443294359228857,-0.02721490235971831,0.0,-0.02721490235971831,-0.01918632594457076,0.001,-0.02018632594457076,-0.009058346226443692,0.0,-0.009058346226443692,-0.028865183424465368,0.0,-0.028865183424465368,-0.017064813894948738,0.0,-0.017064813894948738,0.002364847939534842,0.001,0.001364847939534842,-0.0066260342779213,0.0,-0.0066260342779213,-0.07001932162697311,0.0,-0.07001932162697311,-0.054841516767482446,0.001,-0.055841516767482446,-0.054841516767482446,0.0,-0.054841516767482446,-0.03919797169234274,-0.005644181466672005,-0.0006208936068314837,0.4819338814659814,0.49568114469144814,0.27556231827112965,0.26051126286595294,0.242503800262889,0.24380759244259897,0.49245645936683297,0.500942433641874,0.2620771196733344,0.25376866356705535,0.2454664209598325,0.2452889027910707,0.5141549896700511,0.511791698793483,0.24941945407720365,0.24743983076898995,0.23642555625274525,0.24076847043752708,0.502378450668773,0.507101922025028,0.25816896600015116,0.24965409777876998,0.23945258333107589,0.24324398019620203,0.4928342816473977,0.5039523462479742,0.24760000836292598,0.24616634175848567,0.2595657099896763,0.24988131199354016,0.5305412728952341,0.5163956533597602,0.23458405703814367,0.2418710778213075,0.23487467006662222,0.2417332688189323
2026-02-11,0.0026563113741632453,0.007056543492786977,0.0026947503118752232,-0.022904477048396377,0.0006666666666666666,-0.023571143715063043,0.001467523620070705,0.0,0.001467523620070705,-0.022293094474413,0.0013333333333333333,-0.023626427807746334,-0.011632018590801393,0.0,-0.011632018590801393,-0.0007167997870768756,0.0,-0.0007167997870768756,0.0010832059493448565,0.0,0.0010832059493448565,-0.046390446367331875,0.0,-0.046390446367331875,-0.00846357824899461,0.0,-0.00846357824899461,-0.021261859464878758,0.0006666666666666666,-0.021928526131545424,0.06846193352394703,0.0,0.06846193352394703,0.0357807291516431,0.0,0.0357807291516431,0.04037822584177064,0.0,0.04037822584177064,-0.01867187425135658,0.0,-0.01867187425135658,0.02159923927498042,0.0,0.02159923927498042,0.008714846472757332,0.001,0.007714846472757332,0.011043844037252948,0.0,0.011043844037252948,0.04002567243331512,0.001,0.03902567243331512,0.03285628775562177,0.0,0.03285628775562177,0.0009765804956985242,0.024708436443992083,0.0019325315320744,0.4829086711215445,0.4952221249323242,0.2741887244560044,0.2602330727403257,0.242902604422451,0.24454480232735004,0.4923519646124939,0.4999437716777989,0.2621734825231977,0.25422545177392236,0.24547455286430833,0.24583077654827873,0.5149277587337384,0.5112316687384212,0.24952585645438313,0.24790163873951507,0.23554638481187848,0.24086669252206377,0.502294067771299,0.5058058801224083,0.25872951500436303,0.25038661203795326,0.23897641722433793,0.24380750783963842,0.49208151750964824,0.5024357385360636,0.2481804785305302,0.24690543000158843,0.25973800395982155,0.250658831462348,0.5305412728952341,0.5151274578133069,0.23458405703814367,0.24241861090910088,0.23487467006662222,0.24245393127759224
2026-02-12,-0.01157967899349564,-0.00886236799177901,-0.01167164490297094,0.005363266281177779,0.0,0.005363266281177779,-0.03458821714691036,0.0,-0.03458821714691036,-0.01909619949277911,0.0,-0.01909619949277911,0.0037608788236685267,0.0,0.0037608788236685267,0.006243851529047236,0.0,0.006243851529047236,0.0027320862933296972,0.0006666666666666666,0.0020654196266630307,-0.08659646803410326,0.0,-0.08659646803410326,-0.031318192452538376,0.0,-0.031318192452538376,-0.04005849498229053,0.0,-0.04005849498229053,0.000559701061876583,0.001,-0.00044029893812341705,-0.01782707350452245,0.0,-0.01782707350452245,-0.025414395513639554,0.001,-0.026414395513639555,-0.017849379755608408,0.0,-0.017849379755608408,0.015461465961091436,0.0,0.015461465961091436,0.019598718535007387,0.001,0.018598718535007386,0.0019576604671265874,0.0,0.0019576604671265874,0.02706616623567515,0.001,0.026066166235675148,0.02706616623567515,0.0,0.02706616623567515,0.0011101633065139598,-0.03434141296253468,-0.0038068636821712754,0.4822129852120286,0.49454990970991236,0.2752371556570405,0.26121431988963995,0.24254985913093105,0.2442357704004478,0.4917333720875589,0.49931010314767754,0.26244497331905653,0.25481822872064797,0.24582165459338456,0.24587166813167455,0.513280930020242,0.510083882114019,0.2507167675466388,0.2489541258344391,0.23600230243311918,0.24096199205154184,0.5029246386143753,0.5055793096619672,0.25828192477046596,0.2508513295361542,0.23879343661515856,0.24356936080187855,0.49034031706206943,0.5014264835497063,0.24940259476754184,0.2479211506351892,0.26025708817038873,0.2506523658151045,0.5292388927692564,0.514263013533078,0.23538732005479,0.2432961099799811,0.23537378717595356,0.2424408764869409
2026-02-13,0.017879022339082663,0.017634452321645788,0.017906402857488415,0.04361568364668107,0.0006666666666666666,0.0429490169800144,0.043193733785950705,0.0,0.043193733785950705,0.0214213641806927,0.0,0.0214213641806927,0.01569835344175304,0.0,0.01569835344175304,0.007829147588003718,0.0,0.007829147588003718,0.01540811218416523,0.0,0.01540811218416523,0.06057129801194349,0.0,0.06057129801194349,0.007926427622038323,0.0,0.007926427622038323,0.0001880988799569292,0.0006666666666666666,-0.00047856778670973745,0.00839500794982695,0.0,0.00839500794982695,0.013742579034728974,0.0,0.013742579034728974,0.01538313054541518,0.0,0.01538313054541518,0.013611202002417722,0.0,0.013611202002417722,-0.002019776909574278,0.0,-0.002019776909574278,0.0027261102014349836,0.001,0.0017261102014349836,-0.0018205861279114721,0.0,-0.0018205861279114721,-0.022191263266488237,0.0,-0.022191263266488237,-0.022191263266488237,0.0,-0.022191263266488237,0.012088416674991349,0.036233407755295634,0.010502097845521622,0.4839271462759945,0.4959371008373379,0.2739078608030028,0.2598895391978571,0.24216499292100266,0.24417335996480494,0.4917090951713542,0.49982807528501777,0.2625688904932937,0.2542200540430026,0.24572201433535198,0.2459518706719796,0.5125230318043713,0.5102350436015264,0.2513306488673019,0.24860093323000665,0.2361463193283268,0.24116402316846702,0.504053866763379,0.5066623031490316,0.2579184122051329,0.2498467918148105,0.238027721031488,0.2434909050361579,0.4885081993957441,0.5015322329177121,0.2502149369689407,0.2473046449868671,0.26127686363531516,0.25116312209542085,0.5279511718925195,0.514548413841648,0.2360064164386516,0.2426158332118717,0.23604241166882903,0.24283575294648044
2026-02-17,-0.00250575483888084,-0.006459370090375795,-0.0025376450202767038,-0.02517709978968289,0.0006666666666666666,-0.025843766456349556,-0.009099762989511356,0.0,-0.009099762989511356,-0.04199956300096182,0.0006666666666666666,-0.04266622966762849,0.003145369292205435,0.0,0.003145369292205435,0.015003787253358047,0.0006666666666666666,0.014337120586691381,-0.005080837011181819,0.0006666666666666666,-0.005747503677848486,0.01372756311026768,0.0,0.01372756311026768,0.0049496458857529735,0.0,0.0049496458857529735,0.011746675043546873,0.0,0.011746675043546873,-0.016160451475772497,0.0,-0.016160451475772497,0.0028244976148631418,0.0,0.0028244976148631418,0.006675058540313805,0.001,0.005675058540313805,0.02262645213921277,0.0,0.02262645213921277,-0.01557158991590779,0.0,-0.01557158991590779,-0.024100199184625304,0.0,-0.024100199184625304,0.010776192505171145,0.0,0.010776192505171145,0.03797154762917265,0.0,0.03797154762917265,0.03797154762917265,0.0,0.03797154762917265,-0.0024377578654401297,-0.01543455097123373,-0.005747503677848486,0.4844494960303371,0.49590201944899226,0.2742176080904943,0.26052520296293386,0.2413328958791687,0.24357277758807389,0.4919297364595687,0.4996421396636081,0.2622529712155446,0.25454288452545903,0.24581729232488678,0.24581497581093292,0.514943723472614,0.5111491331701308,0.2502964256213402,0.2485646117283568,0.23475985090604592,0.24028625510151252,0.5037317978040049,0.5061590369966454,0.25804323062116397,0.2505322406546843,0.23822497157483116,0.24330872234867026,0.48922799328432737,0.5013727815051519,0.2497624233319292,0.24779957424923682,0.26100958338374336,0.2508276442456113,0.5290171612143124,0.5145032069220469,0.23547346242029957,0.24308421714839906,0.235509376365388,0.242412575929554
2026-02-18,0.010053300228588097,0.013001961260761776,0.010017538862263083,0.002970085119322692,0.0006666666666666666,0.0023034184526560253,0.00013893210239102104,0.0,0.00013893210239102104,-0.00430195730375434,0.0013333333333333333,-0.005635290637087673,0.001853152367123208,0.0,0.001853152367123208,0.0007811522930533852,0.0,0.0007811522930533852,0.0014532879203040068,0.0,0.0014532879203040068,-0.002796770069467732,0.0,-0.002796770069467732,0.01550266837458062,0.0,0.01550266837458062,0.01589415780273414,0.0006666666666666666,0.015227491136067473,0.017444314953178497,0.0,0.017444314953178497,0.013010444703837831,0.0,0.013010444703837831,0.020611695822896126,0.0,0.020611695822896126,0.02617011988018414,0.0,0.02617011988018414,-0.0009398555497857619,0.0,-0.0009398555497857619,0.00719898601774005,0.002,0.00519898601774005,0.027618450108711,0.001,0.026618450108711,0.027618450108711,0.001,0.026618450108711,0.016780829929483376,0.0,0.016780829929483376,0.0190318585800124,0.012098247877774655,0.0014532879203040068,0.4843938606909733,0.49608837462013666,0.27515191767334285,0.26075988647852866,0.24045422163568375,0.24315173890133457,0.4918518008889315,0.49981734471911576,0.2628284147551808,0.2545981350194476,0.2453197843558876,0.2455845202614365,0.5152315311369713,0.5115072098431357,0.2499750993037321,0.24817147729372324,0.23479336955929672,0.24032131286314107,0.5026632818729734,0.5060934183461123,0.2585245131090053,0.2503795523660604,0.23881220501802133,0.24352702928782727,0.4914612591962084,0.5023967508627798,0.24889797179964693,0.24720279373397214,0.2596407690041446,0.25040045540324796,0.5275939817502426,0.5143205493056111,0.23618499789134564,0.2430075123442327,0.23622102035841175,0.2426719383501561
2026-02-19,-0.0011661071280794687,-0.005536766781782042,-0.0011965649452647924,-0.010670945049451836,0.0,-0.010670945049451836,0.006789325024831502,0.0,0.006789325024831502,-0.0037234431026753247,0.0,-0.0037234431026753247,0.04990889510879515,0.0006666666666666666,0.04924222844212848,0.021614982158156527,0.0,0.021614982158156527,0.012413316172830367,0.0,0.012413316172830367,0.0005197845198916525,0.0,0.0005197845198916525,-0.008789500726618067,0.0,-0.008789500726618067,-0.011656139701771446,0.0,-0.011656139701771446,-0.022461778189816317,0.0,-0.022461778189816317,-0.009135663956784112,0.0,-0.009135663956784112,-0.004171601209269682,0.0,-0.004171601209269682,-0.010875007241384682,0.001,-0.011875007241384683,0.009135849049273559,0.001,0.008135849049273558,-0.007000340514423331,0.0,-0.007000340514423331,-0.027697401236604746,0.0,-0.027697401236604746,0.014769906866835214,0.001,0.013769906866835213,0.02716551961978636,0.001,0.02616551961978636,-0.020805414110173892,0.010658656555237714,0.009850183757383446,0.48464857935430816,0.49653714653985803,0.27517150092359305,0.2607461628188861,0.24017991972209876,0.24271669064125595,0.4918910342609981,0.500158373993203,0.26279021370174144,0.25455551920796027,0.24531875203726042,0.24528610679883678,0.5142786385379438,0.5113521761316758,0.25047347693673944,0.24839715082545924,0.23524788452531684,0.240250673042865,0.5027043551639984,0.5065376654001428,0.258305014394616,0.2502756073087232,0.23899063044138563,0.24318672729113405,0.49271961660939184,0.5032427016771226,0.24811866861679352,0.24691411320204182,0.2591617147738145,0.2498431851208356,0.527851312073062,0.5148361611801338,0.23630019549377254,0.2430140170714449,0.23584849243316536,0.24214982174842137
2026-02-20,0.0006206385562566286,-0.0070639499137876045,0.0005904944184784156,-0.02244547613154494,0.0006666666666666666,-0.023112142798211607,-0.03841819603869153,0.0,-0.03841819603869153,-0.0510730838451671,0.0,-0.0510730838451671,0.013670853845941985,0.0013333333333333333,0.012337520512608651,0.0039656646581172445,0.0,0.0039656646581172445,0.00017358173165438255,0.0,0.00017358173165438255,0.001335747112905258,0.0,0.001335747112905258,0.008605560269175028,0.0,0.008605560269175028,0.007195404076262142,0.0,0.007195404076262142,0.020452868116183187,0.0,0.020452868116183187,0.024738131443217903,0.0,0.024738131443217903,0.02637627773518203,0.001,0.02537627773518203,-2.7001442637675233e-05,0.0,-2.7001442637675233e-05,0.002915402026797076,0.001,0.001915402026797076,0.006588220476773654,0.0,0.006588220476773654,0.03811107139951164,0.0,0.03811107139951164,0.026766656916358045,0.0,0.026766656916358045,0.06189190070549766,0.0,0.06189190070549766,-0.0124928067492176,-0.0024734365846800954,-0.0004930849350122841,0.4839896353092991,0.4953925200011532,0.27580680587569706,0.2614827444713924,0.24020355881500383,0.2431247355274544,0.49357422907542614,0.5001848168842167,0.2621640282332528,0.25466135565017034,0.2442617426913211,0.24515382746561304,0.5148397789387058,0.5108175918158565,0.2502570553568354,0.2487078692119616,0.23490316570445888,0.2404745389721819,0.5018794720887426,0.5051731469335998,0.25860385106027156,0.25093558850483844,0.23951667685098574,0.24389126456156163,0.49207485465052,0.5019376231789864,0.2488374766833087,0.24771268496044074,0.25908766866617133,0.2503496918605729,0.525356082491359,0.5129204283664632,0.23724012008066697,0.24388555728156897,0.23740379742797404,0.24319401435196775
2026-02-23,-0.02967427898753087,-0.03330133503412086,-0.02965087864980461,-0.09749504040149096,0.0006666666666666666,-0.09816170706815762,-0.07212438551366136,0.0,-0.07212438551366136,-0.05539717410381169,0.0006666666666666666,-0.05606384077047836,-0.0020585480068865767,0.0,-0.0020585480068865767,-0.006847153725356788,0.0006666666666666666,-0.0075138203920234545,-0.004332537786141805,0.0,-0.004332537786141805,-0.06146978581585523,0.0,-0.06146978581585523,-0.019509828627020366,0.0006666666666666666,-0.020176495293687032,-0.043359816186890554,0.0,-0.043359816186890554,-0.014237935575295457,0.001,-0.015237935575295458,-0.00819734917059839,0.0,-0.00819734917059839,-0.008267598908797247,0.001,-0.009267598908797248,-0.0009338760844845306,0.0,-0.0009338760844845306,-0.010256202685786031,0.0,-0.010256202685786031,-0.009608439973088856,0.0,-0.009608439973088856,0.011640991784693189,0.0,0.011640991784693189,-0.0037196849465030435,0.0,-0.0037196849465030435,0.02578336827758476,0.0,0.02578336827758476,-0.07062180154850058,0.007685103899099599,0.002221697227305476,0.48507502467600205,0.49564631900515294,0.27553824737834265,0.26146757018781286,0.2393867279456553,0.2428861108070342,0.4941096737667358,0.5001636435505198,0.2619874294016096,0.25469216119944627,0.24390289683165464,0.24514419525003386,0.5144942537334783,0.5103559335338911,0.25047119276294133,0.24893404288011217,0.23503455350358046,0.24071002358599677,0.5016383887360182,0.5047064692168696,0.2587123397218513,0.25113099041639053,0.23964927154213037,0.2441625403667398,0.4918477702489936,0.5014755651161514,0.24882411814283964,0.24786787729531667,0.2593281116081667,0.2506565575885318,0.5253408739798785,0.5125282893473435,0.23666875770660165,0.24385660835135814,0.23799036831351983,0.24361510230129832
2026-02-24,0.011650717950383215,0.008572419156785216,0.011614504565152263,0.0324975221947427,0.0006666666666666666,0.03183085552807603,0.010358685320070522,0.0,0.010358685320070522,0.011801490520250516,0.0,0.011801490520250516,0.016009815339515843,0.0006666666666666666,0.015343148672849177,0.009404195863680352,0.0,0.009404195863680352,0.009580236184161631,0.0,0.009580236184161631,0.01700707483228843,0.0,0.01700707483228843,0.00547874203610473,0.0,0.00547874203610473,0.00547874203610473,0.0006666666666666666,0.004812075369438063,0.006403981478131537,0.0,0.006403981478131537,0.010468803218697809,0.0,0.010468803218697809,0.015782336987023915,0.0,0.015782336987023915,0.009643416640315261,0.0,0.009643416640315261,0.006912334159152156,0.0,0.006912334159152156,0.011444671962517416,0.001,0.010444671962517416,0.004261476669240594,0.0,0.004261476669240594,-0.007529279020081714,0.0,-0.007529279020081714,0.0318581003374635,0.0,0.0318581003374635,0.013470801414800318,0.0032494772875290004,0.003969016142299127,0.4850750246760021,0.49420376038184055,0.27553824737834265,0.26226155576798993,0.23938672794565533,0.24353468385016955,0.49431551064712054,0.4988240033673998,0.2617964806895262,0.2553906724235817,0.24388800866335325,0.2457853242090185,0.5135177599291622,0.5084251280084207,0.2515664273171697,0.25027564573740346,0.23491581275366813,0.24129922625417594,0.5012957787530895,0.5026603793672645,0.2589181775102872,0.2522628575640117,0.2397860437366234,0.24507676306872384,0.49231971819490056,0.49969827938306216,0.24857576442069168,0.24884986124444514,0.2591045173844078,0.2514518593724927,0.5253694248652865,0.5106046825842895,0.2359193762195943,0.24467325313808302,0.23871119891511905,0.2447220642776274
2026-02-25,0.026637957165755427,0.03039397746690196,0.02664343270128782,0.05509990348908962,0.0,0.05509990348908962,0.046967597588415545,0.0,0.046967597588415545,0.010209110356770301,0.0,0.010209110356770301,-0.004010859140715306,0.0006666666666666666,-0.004677525807381973,-0.01842396790991248,0.0,-0.01842396790991248,-0.01451599743856576,0.0006666666666666666,-0.015182664105232425,0.05709397147608141,0.0,0.05709397147608141,0.00940975782859029,0.0,0.00940975782859029,0.009409757828590288,0.0,0.009409757828590288,0.020676445466158877,0.0,0.020676445466158877,0.02399069428606604,0.0,0.02399069428606604,0.030048262606277354,0.0,0.030048262606277354,0.014498567929724038,0.0,0.014498567929724038,0.005692345726845405,0.001,0.004692345726845405,-0.025501034117643595,0.001,-0.026501034117643596,0.0668188264684556,0.0,0.0668188264684556,0.06317448077366428,0.0,0.06317448077366428,0.06317448077366428,0.001,0.062174480773664276,0.0633399587400496,0.003714030037870667,-0.009875318374747902,0.4861661924767107,0.49500822111786813,0.27491562940218917,0.26181109782262213,0.23891817812110017,0.2431806810595098,0.4946228106044422,0.49923653018173386,0.26163272440130514,0.2551696453221801,0.2437444649942527,0.24559382449608608,0.51413942185842,0.5089948358087227,0.2512619428359875,0.24998425453952128,0.2345986353055924,0.24102090965175593,0.5009482092391095,0.5028925763874532,0.2589596154761342,0.2520900724899712,0.24009217528475635,0.24501735112257564,0.492368424552712,0.500061247440942,0.24845781839299363,0.2486244794525348,0.2591737570542943,0.25131427310652316,0.5249473726415508,0.5108123003102588,0.23514689294102212,0.2442318740533842,0.2399057344174272,0.24495582563635704
2026-02-26,0.0023235489675374477,0.019180516907422313,0.0023074135883218386,0.05970526445397987,0.0006666666666666666,0.0590385977873132,0.01748040496139347,0.0,0.01748040496139347,-0.02278955420131001,0.0006666666666666666,-0.023456220867976676,0.0034864983788482165,0.0006666666666666666,0.00281983171218155,0.0016624935978717028,0.0,0.0016624935978717028,0.008766055882519034,0.0006666666666666666,0.008099389215852367,0.008449166146400231,0.0,0.008449166146400231,0.019829187665240035,0.0006666666666666666,0.01916252099857337,0.018008198571242435,0.0,0.018008198571242435,-0.04000920544481579,0.001,-0.04100920544481579,-0.028094990127694175,0.0,-0.028094990127694175,-0.04537654368445504,0.0,-0.04537654368445504,-0.01600684821284315,0.0,-0.01600684821284315,-0.005060217943855916,0.001,-0.006060217943855916,0.0032377151560405992,0.001,0.002237715156040599,-0.04652241382390032,0.0,-0.04652241382390032,-0.04701536066469919,0.0,-0.04701536066469919,-0.04652241382390032,0.001,-0.04752241382390032,0.0334157454668644,0.0007473077084135804,0.00840787926899722,0.4872201055333907,0.4969278063943292,0.2753362014529816,0.2614992876750703,0.23744369301362775,0.2415729059306005,0.49526234623363324,0.5009489267444505,0.2612158542855462,0.2544391140913526,0.2435217994808206,0.24461195916419692,0.516268435948959,0.5114519716021133,0.2501609269462848,0.2489116504217219,0.23357063710475612,0.23963637797616466,0.500621161995243,0.5046507733194596,0.25897073094758505,0.2513941317237996,0.24040810705717197,0.24395509495674084,0.4937177600877792,0.5023726506899965,0.2486261918620104,0.24798043382555998,0.25765604805021036,0.24964691548444348,0.5249473726415508,0.5126784228327411,0.23514689294102212,0.24353226518163384,0.2399057344174272,0.24378931198562503
2026-02-27,-0.013863425850500608,-0.007567303715313524,-0.013814682251294156,-0.024545011318866956,0.0006666666666666666,-0.025211677985533622,-0.010605264599940784,0.0,-0.010605264599940784,-0.02065570971908633,0.0013333333333333333,-0.021989043052419662,-0.011576417148161192,0.0006666666666666666,-0.012243083814827858,0.011938744262741217,0.0,0.011938744262741217,0.00804278754649142,0.0,0.00804278754649142,-0.05571962963015356,0.0,-0.05571962963015356,-0.04232027775771981,0.0,-0.04232027775771981,-0.038912562651827375,0.0,-0.038912562651827375,-0.012356426992572112,0.001,-0.013356426992572112,-0.010754932360573233,0.0,-0.010754932360573233,-0.02039276066478435,0.0,-0.02039276066478435,-0.01465955327713131,0.0,-0.01465955327713131,-0.007614907734927179,0.0,-0.007614907734927179,0.0021631205251559926,0.0,0.0021631205251559926,-0.0033196394401178164,0.0,-0.0033196394401178164,0.013141518642277972,0.0,0.013141518642277972,0.013141518642277972,0.001,0.01214151864227797,-0.020881502272088216,0.005007632844466222,0.007376120879824754,0.4899188486850068,0.4990343723675898,0.2749770297898567,0.2608406955151475,0.2351041215251364,0.24012493211726274,0.49516001368211165,0.5016549548661422,0.26109841577017256,0.2539013885053054,0.24374157054771575,0.2444436566285524,0.5157357909150986,0.5119428434826356,0.2504656960907468,0.2485850286655925,0.23379851299415474,0.2394721278517719,0.5003795332510526,0.5055856763264631,0.25954867524588077,0.25094298486223426,0.24007179150306657,0.24347133881130267,0.49297389333530484,0.5031418151542664,0.24877068372119973,0.24738624765908954,0.25825542294349546,0.24947193718664418,0.5249865974286387,0.5137060075050666,0.23514012074744328,0.24288816187774992,0.239873281823918,0.24340583061718363
2026-03-02,0.007885259930912786,-0.00268916384350939,0.007916849258470459,0.014520896144276096,0.0006666666666666666,0.01385422947760943,0.04028292729083656,0.0,0.04028292729083656,-0.0012719951295524865,0.0006666666666666666,-0.001938661796219153,0.02787596092834469,0.0,0.02787596092834469,-0.0009499659875067401,0.0,-0.0009499659875067401,0.017160762507793265,0.0,0.017160762507793265,0.02742404008897906,0.0,0.02742404008897906,0.01081332487372085,0.0,0.01081332487372085,0.013643973224904663,0.0,0.013643973224904663,0.0002937510747417216,0.001,-0.0007062489252582784,-0.002767296146459486,0.0,-0.002767296146459486,-0.0002311759336852126,0.0,-0.0002311759336852126,-0.0140902287168857,0.0,-0.0140902287168857,-0.014155771271380069,0.0,-0.014155771271380069,0.0020730914750821117,0.001,0.0010730914750821116,0.007673271630849798,0.0,0.007673271630849798,0.041540905960881724,0.0,0.041540905960881724,0.041540905960881724,0.0,0.041540905960881724,-0.0016794091382111476,-0.0244920640415985,0.017160762507793265,0.48942750939115365,0.49807827895161616,0.27554515312773,0.261450426938572,0.23502733748111632,0.24047129410981183,0.4939893379676829,0.5003591932398808,0.26180725253226056,0.2545814766408373,0.2442034095000565,0.24505933011928194,0.5152466857161605,0.5109878671141196,0.25063204244497916,0.2489938715971966,0.23412127183886036,0.24001826128868387,0.5004859573662194,0.5046688284339451,0.25974574176712534,0.25144441428525877,0.23976830086665524,0.24388675728079615,0.49234257923043034,0.5019815136491348,0.24881992803859576,0.24783889575484397,0.2588374927309738,0.25017959059602124,0.5241509196346998,0.5124782659825436,0.23557877580783615,0.24346931551869333,0.24027030455746407,0.24405241849876305
2026-03-03,-0.03069376035324668,-0.039517574831544354,-0.030645041697805867,0.023894275655081804,0.0006666666666666666,0.023227608988415138,-0.008062989795254846,0.0,-0.008062989795254846,-0.06857570478040752,0.0006666666666666666,-0.06924237144707418,-0.023086638432004238,0.0006666666666666666,-0.023753305098670904,-0.02736555459158851,0.0,-0.02736555459158851,-0.027385023959791366,0.0,-0.027385023959791366,0.007090371068839473,0.0,0.007090371068839473,-0.0031133885537685626,0.0,-0.0031133885537685626,-0.0030812643166937916,0.0,-0.0030812643166937916,-0.059279652196506605,0.001,-0.060279652196506606,-0.06020820092381518,0.0,-0.06020820092381518,-0.05787315270892285,0.0,-0.05787315270892285,-0.01917190221074838,0.0,-0.01917190221074838,-0.014668312472509992,0.0,-0.014668312472509992,-0.010061763354059672,0.001,-0.011061763354059673,-0.06863700028191483,0.0,-0.06863700028191483,-0.09274450497007586,0.0,-0.09274450497007586,-0.08697633532096666,0.001,-0.08797633532096666,-0.042436970135291165,-0.04567609462686092,-0.027385023959791366,0.489058096503343,0.4979461026485597,0.2768695526504127,0.2615470650549728,0.23407235084624442,0.24050683229646747,0.49504325298209423,0.5009386808879354,0.2607823928322255,0.2535034851458793,0.2441743541856802,0.24555783396618536,0.5160461797012516,0.511440144247514,0.2501468428067474,0.24818571013314022,0.23380697749200116,0.24037414561934584,0.5005302428044268,0.504753833017291,0.2596563165871789,0.25065705137165617,0.2398134406083943,0.24458911561105273,0.4919381546778128,0.5019184439355084,0.24861211818850126,0.24701246590009254,0.25944972713368597,0.251069090164399,0.5223767198763453,0.5119631704510241,0.23645712952198195,0.24300131964014116,0.24116615060167282,0.24503550990883466
2026-03-04,0.021619184214210566,0.014052443255293453,0.021614540264025518,0.05216998834116548,0.0006666666666666666,0.05150332167449881,0.022936643631257952,0.0006666666666666666,0.022269976964591286,0.033837498414895396,0.0,0.033837498414895396,0.011968957645497175,0.0006666666666666666,0.01130229097883051,0.007166764324228506,0.0,0.007166764324228506,0.010013341722124203,0.0,0.010013341722124203,0.07031973308355557,0.0,0.07031973308355557,-0.000180694320086642,0.0,-0.000180694320086642,-0.001769464476760481,0.0,-0.001769464476760481,0.03693882033625773,0.001,0.035938820336257726,0.02575047346181969,0.0,0.02575047346181969,0.020637287231466406,0.0,0.020637287231466406,0.011725404347956658,0.0,0.011725404347956658,0.04878026463511009,0.0,0.04878026463511009,-0.0046113120657698126,0.001,-0.005611312065769813,0.012078049858810336,0.0,0.012078049858810336,0.011514126407497716,0.0,0.011514126407497716,-0.01906369204134961,0.001,-0.020063692041349612,0.021232366973001238,0.0033295218886049134,0.010013341722124203,0.4917060985364749,0.4991145087132095,0.27654549010090324,0.2612257812590563,0.2317484113626218,0.23965971002773412,0.4952333723630911,0.5008781456265177,0.2606847220113181,0.25329539721426375,0.24408190562559082,0.2458264571592186,0.5165804928565473,0.5115517058732457,0.24986985177989882,0.2478879620985541,0.2335496553635539,0.24056033202820015,0.5005302428044268,0.5045453357817234,0.2596563165871789,0.2504436529932993,0.2398134406083943,0.2450110112249772,0.491605097148822,0.5016000377153739,0.24867887782710266,0.24682109820247417,0.25971602502407537,0.25157886408215197,0.5223767198763453,0.5117546732154565,0.23645712952198192,0.2427879212617843,0.2411661506016728,0.2454574055227591
2026-03-05,-0.009619672265094211,-0.018842294553245407,-0.009550355317930914,0.04515757649561573,0.0006666666666666666,0.04449090982894906,0.0507315055750378,0.0006666666666666666,0.05006483890837113,0.06950252151369425,0.0006666666666666666,0.06883585484702759,-0.04190155117735779,0.0,-0.04190155117735779,-0.003811438822842998,0.0,-0.003811438822842998,-0.029813986105247138,0.0,-0.029813986105247138,0.016364847079080775,0.0,0.016364847079080775,-0.017728189084756374,0.0006666666666666666,-0.01839485575142304,-0.02263827624325735,0.0,-0.02263827624325735,-0.020335961772791622,0.0,-0.020335961772791622,-0.03440307811262977,0.0,-0.03440307811262977,-0.02505781648683808,0.0,-0.02505781648683808,-0.03718372914562029,0.001,-0.03818372914562029,-0.012199563028723215,0.0,-0.012199563028723215,-0.005299959247719366,0.001,-0.006299959247719366,-0.038970485157704626,0.0,-0.038970485157704626,-0.02612265669774244,0.0,-0.02612265669774244,-0.056884228292958194,0.0,-0.056884228292958194,-0.013938050814027174,-0.017920726032121283,-0.029813986105247138,0.4928845750126949,0.5000855718393705,0.27559871189767526,0.26047567832861207,0.2315167130896298,0.23943874983201743,0.49537819871574185,0.5013323836908941,0.26053459450334726,0.25294361963144807,0.2440872067809108,0.24572399667765793,0.5192518323920952,0.5132692005290707,0.2485291434126964,0.24694089408612266,0.23221902419520835,0.2397899053848067,0.5011939817882313,0.5052760149963672,0.2594449490460921,0.2500031051741082,0.2393610691656767,0.24472087982952473,0.4911145637169037,0.5019498070328291,0.25037145104085495,0.2470088508323799,0.2585139852422413,0.251041342134791,0.5232402411479006,0.5125512805850581,0.23681996108274428,0.24253685914620338,0.23993979776935512,0.2449118602687386
2026-03-06,-0.024416320984386328,-0.023531223266002835,-0.024364704892990044,0.0023276428461951326,0.0,0.0023276428461951326,0.016494769992343523,0.0,0.016494769992343523,0.01075158168964955,0.0006666666666666666,0.010084915022982885,-0.015431648429478306,0.0,-0.015431648429478306,0.005025590426402863,0.0,0.005025590426402863,-0.013030779447183857,0.0,-0.013030779447183857,-0.02489721240701555,0.0,-0.02489721240701555,-0.005925451787455737,0.0,-0.005925451787455737,-0.012700588406529729,0.0,-0.012700588406529729,-0.06719115671574943,0.001,-0.06819115671574943,-0.0654179975409841,0.0,-0.0654179975409841,-0.05706989160342979,0.0,-0.05706989160342979,0.00157600038651462,0.0,0.00157600038651462,-0.01248340980742052,0.0,-0.01248340980742052,-0.010676981921489026,0.0,-0.010676981921489026,-0.06908848716699872,0.0,-0.06908848716699872,-0.09757124087950825,0.0,-0.09757124087950825,-0.11346126128884793,0.0,-0.11346126128884793,-0.046958023912520276,0.014386142468508702,-0.013030779447183857,0.49259540876481267,0.5002021121819189,0.2757558631920628,0.2605778836612401,0.23164872804312456,0.23922000415684094,0.4940380076388426,0.500923411618934,0.2619164397097768,0.2536581719200971,0.24404555265138062,0.24541841646096896,0.521181141057709,0.5144949783283671,0.2476383083667608,0.24651910624858908,0.2311805505755303,0.23898591542304382,0.5016969451323007,0.5057918983450062,0.2589392479691253,0.24986788759719097,0.2393638068985739,0.24434021405780282,0.48959357196063574,0.5017977851983567,0.25096173272313493,0.24723530756601414,0.2594446953162293,0.2509669072356291,0.523195922052837,0.5128865607287831,0.23743966135014685,0.24277302401292805,0.23936441659701613,0.24434041525828876
2026-03-09,0.023194897918095446,0.01798272899363317,0.02316922119075103,0.007610934844367995,0.0006666666666666666,0.0069442681777013284,-0.0017252555691353866,0.0,-0.0017252555691353866,0.009571542417694385,0.0006666666666666666,0.008904875751027719,0.029814100440152272,0.0,0.029814100440152272,0.011038140427350997,0.0,0.011038140427350997,0.01410147940511645,0.0,0.01410147940511645,-0.0033345443382379143,0.0,-0.0033345443382379143,0.003422160902995704,0.0,0.003422160902995704,0.006585167964270851,0.0,0.006585167964270851,0.047545570990459085,0.001,0.046545570990459084,0.06109105775425361,0.0,0.06109105775425361,0.04084409145706036,0.0,0.04084409145706036,-0.005202469303808965,0.0,-0.005202469303808965,0.004928849572173655,0.001,0.003928849572173655,0.00915911241839018,0.001,0.00815911241839018,0.09700221430674072,0.001,0.09600221430674072,0.10791379396132461,0.0,0.10791379396132461,0.09700221430674072,0.0,0.09700221430674072,0.029933846029550626,-0.0025504636792176294,0.01410147940511645,0.4920053509012171,0.49865736298012875,0.2762461854292122,0.26180216353898383,0.23174846366957075,0.23954047348088747,0.4934208894757193,0.4993651322673799,0.26271548194388067,0.25503681179631804,0.24386362858040012,0.24559805593630216,0.5203582174967774,0.5128337962779088,0.24823431301283486,0.24779622733079515,0.23140746949038773,0.23936997639129598,0.5016969451323008,0.5041172731832163,0.2589392479691254,0.25117990673447754,0.23936380689857392,0.2447028200823062,0.4902832001842035,0.5003507373503442,0.25057432268417756,0.24841948139044473,0.259142477131619,0.2512297812592111,0.523195922052837,0.5112119355669933,0.23743966135014688,0.24408504315021462,0.23936441659701616,0.24470302128279214
2026-03-10,-0.0015587549204716332,-0.006481241710955063,-0.0015515256387673222,-0.03852988547794356,0.0006666666666666666,-0.03919655214461023,-0.0017474058284617788,0.0006666666666666666,-0.0024140724951284454,-0.0027144302401961324,0.0006666666666666666,-0.003381096906862799,-0.0006766917451745211,0.0,-0.0006766917451745211,-0.01338900670129628,0.0,-0.01338900670129628,-0.0031654048834199493,0.0,-0.0031654048834199493,-0.021148485962230623,0.0,-0.021148485962230623,-0.009096976632846365,0.0,-0.009096976632846365,0.002619389605134156,0.0,0.002619389605134156,0.027948141969340035,0.0,0.027948141969340035,0.018002305826432252,0.0,0.018002305826432252,0.0073281739210041,0.0,0.0073281739210041,-0.0010517598362780878,0.0,-0.0010517598362780878,0.0034449455466656342,0.001,0.0024449455466656342,-0.00035088319001752577,0.001,-0.0013508831900175258,0.03571704320749214,0.001,0.03471704320749214,0.03237171265418959,0.0,0.03237171265418959,0.05221451446328118,0.0,0.05221451446328118,-0.012610972493517168,0.0027993311035069413,-0.0031654048834199493,0.49220569800161856,0.49939142326100827,0.27585599342213646,0.2610744261393263,0.23193830857624506,0.23953415059966549,0.4943290577393147,0.5004531031298564,0.26216328648559745,0.2542280726710568,0.2435076557750881,0.245318824199087,0.5199240662487975,0.5132506073845977,0.24837938091079034,0.24733611988365323,0.2316965528404121,0.239413272731749,0.5017463726057887,0.5049829924685769,0.2591526877989872,0.2505366024075316,0.23910093959522413,0.2444804051238915,0.4896911078832196,0.5010047551101291,0.2507520913945922,0.24776440559408125,0.25955680072218834,0.2512308392957897,0.523195922052837,0.5120613437861029,0.23743966135014688,0.24337130367941429,0.23936441659701616,0.24456735253448286
2026-03-11,-0.0012840957789249847,-0.0047552007260766235,-0.001235775070100188,-0.00957682344117794,0.0,-0.00957682344117794,0.01505831847337961,0.0,0.01505831847337961,-0.0008957100803664853,0.0006666666666666666,-0.0015623767470331518,-0.0040413289492162345,0.0,-0.0040413289492162345,-0.003918083657540168,0.0,-0.003918083657540168,-0.0022605914411856593,0.0,-0.0022605914411856593,0.014784339199392258,0.0,0.014784339199392258,-0.0090817804309787,0.0,-0.0090817804309787,-0.006619963810051033,0.0,-0.006619963810051033,0.026827377449818446,0.0,0.026827377449818446,0.009641564605048947,0.001,0.008641564605048946,0.011381539633544824,0.001,0.010381539633544823,-0.01181097270657655,0.0,-0.01181097270657655,-0.0010750868263375568,0.0,-0.0010750868263375568,-0.023398571577499305,0.0,-0.023398571577499305,-0.011506210538405393,0.0,-0.011506210538405393,0.004864390966145771,0.0,0.004864390966145771,-0.016370601504551163,0.0,-0.016370601504551163,-0.0036274893596135445,-0.009567147413496216,-0.0022605914411856593,0.4902983918433426,0.49811169619844575,0.2769178083874295,0.26184545331389536,0.23278379976922792,0.2400428504876589,0.4947377928997408,0.5003313967266448,0.26168054372240973,0.2542268209813855,0.24358166337784945,0.24544178229196964,0.5189957147051655,0.5124603576293572,0.24856416160447373,0.24766862992241748,0.2324401236903608,0.2398710124482253,0.502537277304532,0.5048070518813733,0.25901963076707396,0.25081445397417645,0.23844309192839394,0.24437849414445018,0.4896089059082383,0.5005406893205964,0.25089416490606176,0.2481330502400424,0.25949692918569994,0.2513262604393611,0.5228547382073392,0.5115118139792997,0.23716798480637646,0.24360341080714626,0.2399772769862844,0.24488477521355403
2026-03-12,-0.023219257348318766,-0.024515926396874558,-0.023158821266082485,-0.021308701804557646,0.0006666666666666666,-0.02197536847122431,-0.0012650015327125104,0.0006666666666666666,-0.001931668199379177,-0.000286910221400408,0.0,-0.000286910221400408,-0.01587837738715177,0.0006666666666666666,-0.016545044053818438,-0.01171996293483927,0.0,-0.01171996293483927,-0.029962315596104034,0.0,-0.029962315596104034,-0.052935535103950916,0.0,-0.052935535103950916,-0.017291760914217913,0.0006666666666666666,-0.01795842758088458,-0.017291760914217913,0.0,-0.017291760914217913,-0.035584862027300546,0.0,-0.035584862027300546,-0.034084384880010754,0.0,-0.034084384880010754,-0.03702436364047168,0.001,-0.03802436364047168,-0.009720865728868322,0.0,-0.009720865728868322,-0.016075460387152574,0.0,-0.016075460387152574,0.025864930942859354,0.0,0.025864930942859354,-0.021743761804088046,0.0,-0.021743761804088046,-0.0557918719608102,0.0,-0.0557918719608102,-0.04915125464168746,0.0,-0.04915125464168746,-0.029027212865142683,-0.009789070331374808,-0.029962315596104034,0.48940355367532007,0.49772414658671177,0.27784610045118674,0.26218495766968863,0.2327503458734932,0.2400908957435996,0.4946893735151023,0.5003670565066028,0.26166170547935774,0.25409276018377414,0.24364892100553998,0.245540183309623,0.520184393125181,0.5131145663116423,0.24788795439014555,0.247205884639168,0.23192765248467348,0.23967954904918976,0.5034482103077126,0.5051878848652744,0.2585000427237806,0.2504759700739352,0.2380517469685068,0.24433614506079027,0.48964044022249786,0.5006313207371536,0.2514766488114421,0.24815825008286352,0.2588829109660601,0.2512104291799828,0.5225559780496445,0.511493448220112,0.23784874534398912,0.24366104193860402,0.23959527660636643,0.24484550984128395
2026-03-13,0.0025443060585041742,-0.0038869613374774023,0.0025417437332265255,0.009027949366994322,0.0006666666666666666,0.008361282700327656,-0.0023515288207091407,0.0,-0.0023515288207091407,-0.006479737611114903,0.0,-0.006479737611114903,0.0018425820119000553,0.0,0.0018425820119000553,0.002433524011124066,0.0006666666666666666,0.0017668573444573994,-0.014278862598256798,0.0,-0.014278862598256798,0.008691079488062284,0.0,0.008691079488062284,-0.0009429699363355064,0.0006666666666666666,-0.0016096366030021732,-0.0017402325826824474,0.0006666666666666666,-0.002406899249349114,0.03194759747079601,0.0,0.03194759747079601,0.009685353578007705,0.001,0.008685353578007704,0.015363849589070222,0.0,0.015363849589070222,-0.009994361301384591,0.0,-0.009994361301384591,-0.014638092817992332,0.0,-0.014638092817992332,-0.006167161282902012,0.001,-0.007167161282902012,0.018764421594520686,0.0,0.018764421594520686,0.02647102770323606,0.0,0.02647102770323606,0.006393954657405998,0.001,0.005393954657405998,0.00856018740172615,-0.022067125735672412,-0.011158392057075804,0.488312436538737,0.49693859908479115,0.27839600248921825,0.262841509449529,0.23329156097204468,0.24021989146567982,0.4948973679780572,0.5002310648044512,0.2620371014525817,0.2546620589312107,0.24306553056936098,0.24510687626433797,0.5184878347865771,0.5120262982087112,0.2487476158969018,0.24801731615337075,0.23276454931652102,0.239956385637918,0.5034685782891606,0.5048730211280894,0.2585919703939251,0.25101765122458786,0.23793945131691438,0.24410932764732277,0.488855084576809,0.5000505682030133,0.2507384694149528,0.24842599590152703,0.2604064460082382,0.2515234358954596,0.5240138987068608,0.5116529768659304,0.2371012423785054,0.2439257109794994,0.23888485891463387,0.2444213121545702
2026-03-16,0.012725104551117838,0.008919432072557291,0.012685766372296585,-0.009185382981666268,0.0006666666666666666,-0.009852049648332934,-0.012072742490031355,0.0,-0.012072742490031355,0.014810964585108739,0.0,0.014810964585108739,0.03884802284863409,0.0006666666666666666,0.03818135618196742,0.01456888478574377,0.0,0.01456888478574377,0.013159248233422405,0.0,0.013159248233422405,0.016599567433711642,0.0,0.016599567433711642,0.009995195938856227,0.0006666666666666666,0.009328529272189561,0.01792299998612042,0.0013333333333333333,0.016589666652787088,0.0251939798186277,0.0,0.0251939798186277,0.023873168618923746,0.0,0.023873168618923746,0.018592835909833405,0.0,0.018592835909833405,0.006672814389450554,0.0,0.006672814389450554,0.001977628478376292,0.001,0.000977628478376292,0.00142080193137345,0.0,0.00142080193137345,0.03690701644291239,0.0,0.03690701644291239,0.027440490234822312,0.0,0.027440490234822312,0.0158834023050044,0.001,0.0148834023050044,0.016941596682287525,0.0021453687824457934,-0.0007963897273967433,0.4889733078364653,0.4979296799511853,0.27814632998195266,0.2622450526095295,0.2328803621815821,0.23982526743928523,0.49530632988693946,0.5010961909764224,0.2622494672766123,0.2542966212568593,0.24244420283644832,0.24460718776671833,0.5190480644678785,0.5129670582668919,0.2484783116955562,0.24741104346633128,0.23247362383656534,0.23962189826677682,0.5045216983731544,0.5061058153472975,0.25787007923626976,0.25014745555683027,0.23760822239057597,0.24374672909587225,0.48889896058170484,0.5009503118761192,0.2505165550415196,0.24772079257256274,0.2605844843767756,0.25132889555131815,0.5241636875818599,0.5125876717861704,0.237553159626693,0.24344287208566995,0.23828315279144702,0.2439694561281597
2026-03-17,0.010845937069131027,0.005306832025937585,0.010833203995173363,0.018261865959790624,0.0,0.018261865959790624,0.012269773144914101,0.0,0.012269773144914101,0.0015925259558738167,0.0,0.0015925259558738167,0.0013560827303525924,0.0006666666666666666,0.0006894160636859258,-0.007758563738656613,0.0,-0.007758563738656613,0.0006540311989565728,0.0,0.0006540311989565728,0.005504133734899294,0.0,0.005504133734899294,0.009175114190412465,0.0006666666666666666,0.008508447523745799,0.016061110995233774,0.0006666666666666666,0.015394444328567108,0.031580627023291896,0.0,0.031580627023291896,0.031099171186371954,0.0,0.031099171186371954,0.0040862075903923545,0.0,0.0040862075903923545,0.008045791014612336,0.0,0.008045791014612336,-0.0006540929338862411,0.0,-0.0006540929338862411,-0.0097247201222192,0.001,-0.0107247201222192,0.040037622885110924,0.0,0.040037622885110924,0.0679973964029047,0.0,0.0679973964029047,0.004677923658614747,0.0,0.004677923658614747,0.010133775455552163,-0.0035177082479040194,0.004169630961463537,0.48844598719014326,0.4980929671584491,0.27771682805419956,0.26185502534525795,0.23383718475565718,0.24005200749629307,0.4965814481748138,0.5021606976507843,0.2616240873055223,0.2538086549709193,0.24179446451966405,0.2440306473782965,0.519245169854869,0.5134925584908119,0.2481934093791292,0.24709331600772277,0.23256142076600167,0.2394141255014653,0.5047239258434507,0.5067446601032645,0.25790189705789834,0.24992308519543843,0.23737417709865102,0.2433322547012972,0.48918595719934915,0.501617130450711,0.2503640031490791,0.24743558020552806,0.2604500396515718,0.2509472893437611,0.5249885942003059,0.5134320006610267,0.23745448868751576,0.24317544043321215,0.23755691711217825,0.24339255890576122
2026-03-18,-0.009773782207946866,-0.010259759342163104,-0.009753127834928953,-0.01457746756865267,0.0,-0.01457746756865267,0.018964397129929738,0.0006666666666666666,0.018297730463263072,0.0017030246016258568,0.0,0.0017030246016258568,-0.001058888533239692,0.0,-0.001058888533239692,-0.01074842015845523,0.0,-0.01074842015845523,0.00030684250967893956,0.0,0.00030684250967893956,-0.03824284446816584,0.0,-0.03824284446816584,-0.003033982048841384,0.0,-0.003033982048841384,-0.021797425785317105,0.0,-0.021797425785317105,-0.004198273955261511,0.0,-0.004198273955261511,-0.003544813966187166,0.0,-0.003544813966187166,-0.01647561042413992,0.001,-0.01747561042413992,-0.010887739472953739,0.0,-0.010887739472953739,-0.01710070373772199,0.0,-0.01710070373772199,-0.03309180939896866,0.0,-0.03309180939896866,-0.014311971899078513,0.0,-0.014311971899078513,0.025253287272433256,0.0,0.025253287272433256,-0.01091152466265749,0.0,-0.01091152466265749,-0.01638453035018594,0.0015788217963114168,-0.009422557466169082,0.489016362502926,0.49863544727355846,0.2776914775266145,0.2616145448296866,0.23329215997045957,0.23975000789675496,0.49681272752030725,0.5025336297822491,0.2612819914365243,0.2534098017846415,0.2419052810431684,0.24405656843310938,0.5189129825032395,0.5135837572737152,0.24819116340731268,0.2468643877700357,0.232895854089448,0.23955185495624917,0.5054278264089272,0.5073217191845538,0.2582354630670045,0.24972790294105984,0.23633671052406818,0.24295037787438623,0.48991181763568886,0.5022014362893852,0.2502778270492543,0.24710188305520225,0.25981035531505675,0.25069668065541245,0.525650996552256,0.5139953653318523,0.23825202180703994,0.24313336732527152,0.23609698164070397,0.24287126734287603
2026-03-19,0.006229203297923317,0.007296080747791164,0.006294984003907779,-0.009121631434549544,0.0006666666666666666,-0.00978829810121621,0.0016106745836612646,0.0,0.0016106745836612646,-0.010522061316856547,0.0006666666666666666,-0.011188727983523213,0.00021199601035441253,0.0,0.00021199601035441253,0.011108463598111499,0.0,0.011108463598111499,0.00010296474608269745,0.0006666666666666666,-0.0005637019205839692,-0.0008435379133746961,0.0,-0.0008435379133746961,0.0028198021339237433,0.0,0.0028198021339237433,0.00443296196512873,0.0,0.00443296196512873,0.001741656069503883,0.001,0.0007416560695038829,0.030484502131354008,0.0,0.030484502131354008,0.01521358899950187,0.0,0.01521358899950187,-0.001217826854484405,0.001,-0.002217826854484405,0.010068363362062183,0.001,0.009068363362062182,0.007839764446401498,0.001,0.006839764446401498,0.03212574967620363,0.0,0.03212574967620363,0.07061176050797324,0.0,0.07061176050797324,0.010967117133230508,0.0,0.010967117133230508,0.006680052569106976,-0.002780482095834924,0.018638283992349347,0.48768852056975937,0.4976445770826665,0.2788559862977734,0.26250224905446573,0.23345549313246716,0.2398531738628677,0.49704222545895094,0.5023214295272623,0.260871326352572,0.25350991908186504,0.24208644818847713,0.24416865139087268,0.5175427378637735,0.5125716857296736,0.24937281661309083,0.24776066421212445,0.23308444552313567,0.23966765005820195,0.5057427051542842,0.5069875172099482,0.25843180361874074,0.2502019981076603,0.23582549122697505,0.2428104846823915,0.4906649727021982,0.5020118655007598,0.25033575425935173,0.24753030181906197,0.25899927303845,0.25045783268017824,0.5245198862574663,0.5131839869739983,0.23972287937880324,0.24402805310848097,0.23575723436373056,0.2427879599175208
2026-03-20,-0.029563007036335527,-0.03866768351516724,-0.02959493253098466,-0.01506304089099264,0.0006666666666666666,-0.015729707557659307,-0.034581840440450984,0.0006666666666666666,-0.03524850710711765,-0.028309665708862283,0.0,-0.028309665708862283,-0.03820423903173571,0.0,-0.03820423903173571,-0.026958840594291912,0.0,-0.026958840594291912,-0.015673989880879792,0.0006666666666666666,-0.016340656547546458,-0.01705175172712044,0.0,-0.01705175172712044,0.004161621548959864,0.0,0.004161621548959864,-0.013085087560110138,0.0,-0.013085087560110138,-0.03495952789607626,0.001,-0.03595952789607626,-0.016281088692841728,0.0,-0.016281088692841728,-0.01819164613268459,0.0,-0.01819164613268459,-0.012488815152134514,0.001,-0.013488815152134515,-0.005382540570186001,0.0,-0.005382540570186001,-0.0033524595631091447,0.0,-0.0033524595631091447,-0.06953070956839985,0.0,-0.06953070956839985,-0.08019150488710636,0.0,-0.08019150488710636,-0.042896642414621156,0.0,-0.042896642414621156,-0.05053335957916386,-0.05000817333242117,-0.002985226209282727,0.48739624183041136,0.4974652884921784,0.27935678402381947,0.2624923345105001,0.23324697414576911,0.24004237699732156,0.49676493494361285,0.5021496350487791,0.261323082188114,0.2534754835926474,0.24191198286827306,0.24437488135857352,0.5173097764457549,0.5124220557998502,0.2494523967561403,0.24754014087666049,0.23323782679810479,0.2400378033234894,0.5045635377443901,0.5065539720087922,0.2594446961080043,0.2501874326637525,0.23599176614760556,0.24325859532745542,0.49013213326908495,0.5017916085319414,0.25065728057066167,0.24728758553642943,0.2592105861602535,0.25092080593162924,0.5245952739511849,0.5131644449570344,0.24065897652787738,0.2439881452023106,0.23474574952093782,0.24284740984065506
2026-03-23,0.016454572569192628,0.012944922672425247,0.016511857248343042,0.014925221698777488,0.0,0.014925221698777488,0.04282903818512677,0.0006666666666666666,0.0421623715184601,0.024762419171133455,0.0,0.024762419171133455,0.023203267502407268,0.0,0.023203267502407268,0.014126197878528719,0.0,0.014126197878528719,0.0019750644060541056,0.0,0.0019750644060541056,0.02807700938637129,0.0,0.02807700938637129,0.01232784698700114,0.0,0.01232784698700114,0.008110083063295154,0.0,0.008110083063295154,-0.01842344094351389,0.0,-0.01842344094351389,0.015095254680481007,0.0,0.015095254680481007,0.010880663192554874,0.001,0.009880663192554873,0.041396523482503,0.001,0.040396523482503,0.024481849112793497,0.0,0.024481849112793497,-0.000221938762902274,0.001,-0.001221938762902274,0.028529147507024177,0.0,0.028529147507024177,0.01888074050830535,0.0,0.01888074050830535,0.02514374547914,0.001,0.02414374547914,0.011452100590233865,0.011275718924272926,0.017628929037745305,0.48825464325584156,0.4972745001120339,0.27870404882798155,0.2618659150755872,0.2330413079161769,0.2408595848123789,0.49590646660954646,0.5011004117888863,0.2614882699027562,0.25325802561297456,0.2426052634876974,0.24564156259813916,0.5166339626664547,0.5114641598173404,0.2502387985540562,0.24763328993862455,0.23312723877948904,0.24090255024403498,0.5035782583386827,0.5053980444204769,0.260010337513273,0.24997202486591932,0.2364114041480443,0.24462993071360384,0.4896525606856531,0.5008025641949772,0.2508386673728793,0.2469453737195894,0.25950877194146765,0.25225206208543355,0.5244115029932588,0.5122730151564869,0.24057467128754054,0.2435582550114276,0.23501382571920065,0.24416872983208543
2026-03-24,-6.119547251110923e-05,0.025339986527888637,2.628938719556259e-05,-0.0677162520214927,0.0006666666666666666,-0.06838291868815936,-0.040277249245401214,0.0006666666666666666,-0.040943915912067884,-0.042322205446568284,0.0,-0.042322205446568284,0.00394545947590393,0.0,0.00394545947590393,-0.0027666229463459233,0.0,-0.0027666229463459233,0.00793728716297463,0.0,0.00793728716297463,-0.05117193778845344,0.0,-0.05117193778845344,0.0007097809591378361,0.0,0.0007097809591378361,-0.03279572277557329,0.0,-0.03279572277557329,0.0008184045637946724,0.0,0.0008184045637946724,0.0299664699047667,0.0,0.0299664699047667,0.005954182173738998,0.001,0.004954182173738998,0.005996963050498461,0.0,0.005996963050498461,0.011971605161384624,0.0,0.011971605161384624,0.001386081952779672,0.0,0.001386081952779672,0.05276472292214707,0.0,0.05276472292214707,0.06071713458274208,0.0,0.06071713458274208,0.024095392169796392,0.001,0.02309539216979639,0.025763481644887065,0.03646279326674672,0.013533957018042459,0.48724088178915864,0.49668823148055574,0.27972075676769237,0.2623313118072304,0.233038361443149,0.24098045671221385,0.4966897854298042,0.5014126833008785,0.26140255211143687,0.2531722094791027,0.24190766245875903,0.24541510722001886,0.5175664737813565,0.5118510274766546,0.24986272811832216,0.2474022974825453,0.23257079810032127,0.2407466750408,0.5019489165204438,0.5047539818369549,0.26099977410116704,0.25024097624072,0.2370513093783891,0.24500504192232514,0.4911727975763821,0.5011978625854144,0.2507779302252987,0.24686776776168345,0.2580492721983193,0.2519343696529021,0.5247805724045618,0.5122884282787137,0.24025668920009863,0.2433957582233674,0.23496273839533965,0.2443158134979188
2026-03-25,0.0015331609805938945,0.002769585765116575,0.001524764137265809,-0.00537947565264966,0.0006666666666666666,-0.006046142319316327,-0.001511711822376971,0.0006666666666666666,-0.0021783784890436375,0.007652136224066501,0.0,0.007652136224066501,0.031523381759460456,0.0006666666666666666,0.03085671509279379,0.011198517118972276,0.0,0.011198517118972276,0.004090340336710296,0.0,0.004090340336710296,-0.0007489973224706166,0.0,-0.0007489973224706166,-0.007637223945291168,0.0,-0.007637223945291168,-0.010171809314044563,0.0,-0.010171809314044563,-0.009241941891397432,0.0,-0.009241941891397432,-0.013259532426229681,0.001,-0.014259532426229682,-0.013358268608431645,0.001,-0.014358268608431646,0.003993662448971147,0.0,0.003993662448971147,0.004826364119843274,0.001,0.003826364119843274,0.0045751723868686645,0.001,0.0035751723868686644,0.00712590817232811,0.0,0.00712590817232811,-0.0236287604493155,0.0,-0.0236287604493155,0.014649577277248582,0.0,0.014649577277248582,0.004680391239432535,0.00812957856358587,-0.006425391132139357,0.4867986192770832,0.49648924433670205,0.2799988472309959,0.26275658153384196,0.23320253349192102,0.240754174129456,0.4967719141454958,0.5014758917709083,0.26107751760389575,0.2532959167202919,0.2421505682506083,0.24522819150879965,0.5157526778850489,0.5109662736406849,0.2516527369155656,0.24858352637612685,0.23259458519938547,0.24045019998318823,0.5010427930257538,0.5044846341940338,0.2621282253035954,0.2509969059607675,0.23682898167065078,0.2445184598451987,0.4911408253325518,0.5012169848552771,0.2510764279045865,0.24734981281909457,0.2577827467628617,0.2514332023256283,0.5254761918318146,0.5125476558000339,0.24057515987017175,0.24388439436773768,0.2339486482980136,0.24356794983222846
2026-03-26,-0.04044562196025838,-0.04943114700394449,-0.040517349356419735,-0.023951478753503785,0.0,-0.023951478753503785,-0.03506348992939116,0.0,-0.03506348992939116,-0.00026081310297295345,0.0,-0.00026081310297295345,-0.03801292311644329,0.0006666666666666666,-0.03867958978310996,-0.029588231029922914,0.0,-0.029588231029922914,-0.01707925087279453,0.0,-0.01707925087279453,-0.03697737246439692,0.0,-0.03697737246439692,-0.008332800315579331,0.0,-0.008332800315579331,-0.010863218702975944,0.0,-0.010863218702975944,-0.076530290035352,0.001,-0.077530290035352,-0.06985243486522963,0.0,-0.06985243486522963,-0.07170215417240516,0.0,-0.07170215417240516,-0.006909384128890361,0.0,-0.006909384128890361,-0.02179553250932309,0.001,-0.02279553250932309,0.0025811039914063194,0.0,0.0025811039914063194,-0.07616206427084504,0.0,-0.07616206427084504,-0.0953321458303269,0.0,-0.0953321458303269,-0.06161478543146448,0.001,-0.06261478543146448,-0.07439367754957389,-0.0575259829252609,0.009602974228810696,0.48636122433958556,0.4963719575870005,0.279974576134206,0.2628826180680299,0.23366419952620837,0.2407454243449696,0.4979834378927401,0.5021830643635777,0.26063604425562814,0.25321335212874096,0.24138051785163178,0.2446035835076813,0.5161777814418206,0.5112802361381179,0.251496099662846,0.24864337983234988,0.23232611889533347,0.24007638402953213,0.501308675447276,0.5047082657566594,0.26199112180418127,0.25113681239662183,0.23670020274854275,0.24415492184671878,0.4911562842449489,0.5013579766598915,0.2510755095627397,0.24753466035694616,0.2577682061923115,0.25110736298316244,0.5260963643199743,0.5128882030846498,0.2393085180330019,0.24365155315213266,0.23459511764702395,0.24346024376321757
2026-03-27,-0.013951588147091333,0.001584903785214707,-0.013876596890349598,-0.04773661656001493,0.0,-0.04773661656001493,-0.02941547038517496,0.0,-0.02941547038517496,-0.04925465576601561,0.0,-0.04925465576601561,-0.016076328059063484,0.0,-0.016076328059063484,0.001506659400413501,0.0006666666666666666,0.0008399927337468344,-0.010429691487543875,0.0006666666666666666,-0.01109635815421054,-0.047008902812633216,0.0,-0.047008902812633216,-0.02214303218075271,0.0,-0.02214303218075271,-0.03276938629094043,0.0,-0.03276938629094043,0.00043761323988456,0.0,0.00043761323988456,-0.010661638967369935,0.0,-0.010661638967369935,-0.004766999240857772,0.0,-0.004766999240857772,-0.029445116790621173,0.0,-0.029445116790621173,-0.0186070763631499,0.0,-0.0186070763631499,0.008302237901572806,0.0,0.008302237901572806,0.009145436143379149,0.0,0.009145436143379149,0.013751787486183886,0.0,0.013751787486183886,0.012028802561826368,0.0,0.012028802561826368,-0.01830134930229336,0.027631292429317684,0.016201851848255844,0.48611193643653905,0.49545944945253895,0.279178842405771,0.2621023335955069,0.23470922115769002,0.24243821695195417,0.4971901788639226,0.5009985706662308,0.2607181504145271,0.25287198759988494,0.24209167072155033,0.2461294417338843,0.5147391017296774,0.5097730320991081,0.25230830472264765,0.2486670647539452,0.23295259354767492,0.2415599031469466,0.501308675447276,0.5036525277515221,0.26199112180418127,0.25062437280149247,0.23670020274854275,0.24572309944698537,0.49131447286949753,0.5003544409008552,0.2503198899431998,0.24677286628736858,0.25836563718730265,0.25287269281177616,0.5260963643199742,0.5118324650795125,0.23930851803300188,0.24313911355700324,0.2345951176470239,0.24502842136348413
2026-03-30,-0.02215650062225438,-0.020685275603904717,-0.02230876676612997,0.01174066180001195,0.0,0.01174066180001195,-0.027038341279756385,0.0,-0.027038341279756385,-0.0062795437777422025,0.0,-0.0062795437777422025,-0.02488903669993547,0.0,-0.02488903669993547,-0.037779695778512624,0.0,-0.037779695778512624,-0.02319147304520493,0.0006666666666666666,-0.023858139711871597,0.0014438532246587492,0.0,0.0014438532246587492,0.006224923113143191,0.0,0.006224923113143191,0.007862380831072971,0.0006666666666666666,0.007195714164406304,-0.0702025686025356,0.0,-0.0702025686025356,-0.04577337313648516,0.0,-0.04577337313648516,-0.04184048481991537,0.0,-0.04184048481991537,0.0034208791027188767,0.0,0.0034208791027188767,-0.004690047641863537,0.001,-0.005690047641863537,-0.015886859498487893,0.001,-0.016886859498487894,-0.07317105021991577,0.0,-0.07317105021991577,-0.07709304948748263,0.0,-0.07709304948748263,-0.0347939196716151,0.0,-0.0347939196716151,-0.029850988579665946,-0.01950628097621983,-0.0034810489238306466,0.48562563947118165,0.49416210898665813,0.2799746737035713,0.26317106008872865,0.23439968682524706,0.24266683092461327,0.49660362060688445,0.49965109955450954,0.26133730388677695,0.2538523751803315,0.24205907550633857,0.24649652526515903,0.5137021435901853,0.50820036104616,0.25311831827992354,0.24974288237690478,0.23317953812989115,0.24205675657693532,0.5017444473264456,0.5023837152141573,0.26160838320549884,0.2513969555953182,0.23664716946805564,0.24621932919052464,0.4900273850864416,0.4985170846749559,0.25023301120696145,0.2476430828358009,0.25973960370659693,0.25383983248924324,0.5258998380733687,0.5103549941606419,0.23945063969221564,0.24408490023593477,0.2346495222344158,0.2455601056034235
2026-03-31,0.04728957106606488,0.03987610353112143,0.04735865041245574,0.039656640534411716,0.0,0.039656640534411716,0.05475923766622055,0.0,0.05475923766622055,0.037761178964879516,0.0,0.037761178964879516,0.05988643214173828,0.0006666666666666666,0.05921976547507161,0.03621689784138889,0.0006666666666666666,0.03555023117472222,0.05625756807640021,0.0006666666666666666,0.055590901409733544,0.06632467609412547,0.0,0.06632467609412547,0.026397039176891585,0.0,0.026397039176891585,0.036780754918088,0.0006666666666666666,0.03611408825142133,0.07131873174747627,0.001,0.07031873174747627,0.06682341997185193,0.001,0.06582341997185193,0.06137659009001872,0.0,0.06137659009001872,0.019911349942277168,0.0,0.019911349942277168,0.031323830299024635,0.0,0.031323830299024635,0.03207132193743578,0.0,0.03207132193743578,0.06945867298472752,0.001,0.06845867298472752,0.07402030781566138,0.0,0.07402030781566138,0.05098679245274673,0.0,0.05098679245274673,0.05852268161164109,0.05363394832392854,-0.010734585097206779,0.48716317016560995,0.4944468959039616,0.27858316658995863,0.2625054915991426,0.2342536632444314,0.24304761249689572,0.4969286540802332,0.49932963786127327,0.2608013966782232,0.2536146066432749,0.24226994924154366,0.24705575549545186,0.5134269004339916,0.5075787610381525,0.25323682514692,0.24983232087762328,0.23333627441908827,0.24258891808422417,0.5014244650107774,0.5016295899539065,0.2616737015182732,0.25145895862860895,0.23690183347094937,0.24691145141748455,0.4908046455050124,0.498125049517004,0.25015084964643014,0.24765641751090073,0.25904450484855734,0.2542185329720952,0.5255054470085531,0.5095763140131724,0.23927106710838486,0.2440660892733458,0.23522348588306224,0.24635759671348179
2026-04-01,0.01454609829990265,0.0037422772737448658,0.01455039023044425,-0.014634411152319523,0.0,-0.014634411152319523,0.005259239020249568,0.0,0.005259239020249568,0.0007591348783753854,0.0006666666666666666,9.246821170871876e-05,0.031007731999694865,0.0,0.031007731999694865,0.02133540212925585,0.0,0.02133540212925585,0.025786926125356713,0.0,0.025786926125356713,-0.010377235364472546,0.0,-0.010377235364472546,0.010638142815949436,0.0,0.010638142815949436,0.0005440462372739616,0.0,0.0005440462372739616,0.056377778847226945,0.0,0.056377778847226945,0.03564660454004265,0.0,0.03564660454004265,0.033675471905959764,0.0,0.033675471905959764,0.00298932073678293,0.0,0.00298932073678293,0.014957750624854382,0.0,0.014957750624854382,0.019645086813588675,0.0,0.019645086813588675,0.03956480866814216,0.001,0.03856480866814216,0.09438663790657797,0.0,0.09438663790657797,0.04469939744422302,0.0,0.04469939744422302,0.001198682290643609,0.05224824320305436,-0.03919769400025293,0.4869136053781908,0.49512535310039474,0.2790459128856947,0.26313138038921785,0.23404048173611453,0.24174326651038736,0.4973216324992588,0.5003293666609288,0.26021682765388915,0.25371683777331505,0.24246153984685215,0.24595379556575614,0.5144205142916695,0.5088788075571341,0.2524723872613879,0.24984461757706444,0.23310709844694266,0.2412765748658014,0.5014244650107775,0.5027059310046977,0.26167370151827324,0.2519876095891666,0.23690183347094942,0.2453064594061356,0.490185748954917,0.49899715470626377,0.25043489239965167,0.2482788025800215,0.25937935864543143,0.2527240427137147,0.525505447008553,0.5106526550639636,0.2392710671083848,0.24459474023390343,0.2352234858830622,0.24475260470213284
2026-04-02,0.003474302128083605,0.005816642416883071,0.0034630551666253472,0.0005815412901741075,0.0006666666666666666,-8.512537649255916e-05,0.011875554525212974,0.0006666666666666666,0.011208887858546308,0.02176132268493143,0.0006666666666666666,0.021094656018264765,0.006732734029782176,0.0006666666666666666,0.006066067363115509,-0.009557648662340249,0.0,-0.009557648662340249,-0.00936744724981146,0.0006666666666666666,-0.010034113916478127,0.007379766852369666,0.0,0.007379766852369666,0.009545767176475189,0.0,0.009545767176475189,0.010142092226944583,0.0,0.010142092226944583,-0.009720899064551591,0.001,-0.010720899064551592,-0.00902706657682234,0.0,-0.00902706657682234,-0.007988050691080273,0.001,-0.008988050691080274,-0.027145953000661027,0.0,-0.027145953000661027,-0.00221535016648855,0.0,-0.00221535016648855,0.00023653770515619232,0.0,0.00023653770515619232,0.014819867113253338,0.001,0.013819867113253337,0.03605671744199834,0.0,0.03605671744199834,0.04412767580251009,0.0,0.04412767580251009,-0.0007517920431592258,0.021486575224222593,0.0033599350712945433,0.4859935594608067,0.4945547922040284,0.27968463452694436,0.26466917731313605,0.23432180601224895,0.24077603048283552,0.4977166676817381,0.5004163463144942,0.2598950918637016,0.2547744059815147,0.24238824045456028,0.2448092477039912,0.5135721350756322,0.5083440800114412,0.25317085053515137,0.2514122853172396,0.23325701438921637,0.24024363467131926,0.5022271734589813,0.5028227039561215,0.2613037899560836,0.25349824315205716,0.236469036584935,0.2436790528918214,0.48943248800337724,0.4986004577557721,0.2506793117461686,0.24999216534278523,0.2598882002504542,0.2514073769014427,0.5250441963213326,0.5103523215006973,0.23963582097404354,0.24634781338798395,0.23531998270462376,0.24329986511131868
2026-04-06,0.009857531034103214,0.008693760024229363,0.009866205235915096,0.019585913064198913,0.0,0.019585913064198913,-0.0064703354362356524,0.0,-0.0064703354362356524,-0.009253316670387906,0.0,-0.009253316670387906,0.005155448890250324,0.0013333333333333333,0.003822115556916991,0.013082290729701535,0.0,0.013082290729701535,0.0021614909772295077,0.0,0.0021614909772295077,0.030710031470539224,0.0,0.030710031470539224,0.00643030018396103,0.0,0.00643030018396103,0.012521231776101129,0.0,0.012521231776101129,0.02222960024725218,0.001,0.02122960024725218,0.012712617949150351,0.0,0.012712617949150351,0.03346491453846179,0.0,0.03346491453846179,0.015159340231350238,0.0,0.015159340231350238,0.004438780598841063,0.0,0.004438780598841063,0.013609955316142286,0.0,0.013609955316142286,0.010761006315674115,0.0,0.010761006315674115,-0.017454766397719035,0.0,-0.017454766397719035,-0.03219006799439572,0.0,-0.03219006799439572,0.026997999680400248,-0.026942353210108884,0.007599277866930449,0.4851645809521907,0.4937930818877033,0.27987055978457503,0.265173349016402,0.23496485926323438,0.2410335690958948,0.49854897194121844,0.5004852773822172,0.259476963194828,0.25497655072152847,0.2419740648639536,0.2445381718962544,0.5134435008279568,0.5079325418255863,0.2532225935680877,0.2518493659081583,0.23333390560395564,0.24021809226625543,0.502137275894439,0.5023277615367195,0.26134996406048816,0.2540645007662745,0.23651276004507274,0.243607737697006,0.48805879733394647,0.49768186361175704,0.2512878913126462,0.25074401675948665,0.2606533113534073,0.2515741196287564,0.5236700041089185,0.5094335618474978,0.24012734268199695,0.24706103571137242,0.23620265320908454,0.2435054024411299
2026-04-07,0.004447571328837281,0.008456145250703845,0.004436085694131377,0.004018375604946815,0.0,0.004018375604946815,0.01160828558239657,0.0,0.01160828558239657,0.01261534430261409,0.0,0.01261534430261409,-0.00023771571017576053,0.0006666666666666666,-0.0009043823768424272,-0.00045325920815142385,0.0,-0.00045325920815142385,-0.006374109744467837,0.0006666666666666666,-0.007040776411134504,-0.009758201920148202,0.0,-0.009758201920148202,0.005202621401355004,0.0,0.005202621401355004,0.004134885975246805,0.0,0.004134885975246805,-0.0008318525806021437,0.001,-0.0018318525806021438,0.011238124795623472,0.0,0.011238124795623472,0.007137730772333151,0.0,0.007137730772333151,-0.01219395059923195,0.0,-0.01219395059923195,-0.014137917573648628,0.001,-0.01513791757364863,-0.01362901969196828,0.001,-0.014629019691968281,0.019733268452655883,0.0,0.019733268452655883,0.04098297331524314,0.0,0.04098297331524314,0.029325280830844958,0.0,0.029325280830844958,-0.0004911755286145141,0.027381961083730328,0.007677008824762706,0.4865980598286845,0.4954746031426024,0.27916574267692523,0.2638858766097833,0.23423619749439029,0.2406395202476143,0.49833931550721705,0.5013452309818687,0.25987271148056557,0.2542393610116035,0.24178797301221755,0.24441540800652795,0.5145639043074535,0.5094575253819869,0.2524845183292337,0.25054526443593755,0.23295157736331273,0.23999721018207554,0.5020662550588287,0.503597132295282,0.2608460415788092,0.25264522078457674,0.2370877033623621,0.24375764692014118,0.4883761870021265,0.4990794098365703,0.2508858464408768,0.24935835638905907,0.2607379665569968,0.25156223377437065,0.5255301317814175,0.5113402116137363,0.23955663722799891,0.24561971734880939,0.2349132309905836,0.24304007103745426
2026-04-08,0.027832300241216794,0.008372551563580131,0.027837921480114734,-0.023897070222438473,0.0,-0.023897070222438473,-0.02677145127167276,0.0,-0.02677145127167276,-0.008717868578581514,0.0006666666666666666,-0.00938453524524818,0.05433739646039222,0.0006666666666666666,0.05367072979372555,0.025948961314451752,0.0006666666666666666,0.025282294647785086,0.05318059904763276,0.0,0.05318059904763276,0.02463930708729104,0.0,0.02463930708729104,0.022728462749868727,0.0,0.022728462749868727,-0.006410749370717913,0.0006666666666666666,-0.00707741603738458,0.06177720742788406,0.0,0.06177720742788406,0.08920760186346666,0.0,0.08920760186346666,0.07980062856227077,0.001,0.07880062856227077,0.05336372604304629,0.0,0.05336372604304629,0.04266352471749546,0.0,0.04266352471749546,0.027208665829425382,0.0,0.027208665829425382,0.0988036960976556,0.0,0.0988036960976556,0.09218642776674346,0.0,0.09218642776674346,0.057998530419362426,0.0,0.057998530419362426,0.010972710984264295,0.04507567708996651,-0.03401523673307775,0.4861757795969982,0.4947893661355067,0.2793684019998889,0.26448186502220494,0.23445581840311283,0.24072876884228833,0.49848225889150194,0.5009426057827586,0.25997188072548283,0.2547836043850019,0.2415458603830152,0.24427378983223952,0.5138059704387837,0.5086044615563995,0.25290594400260535,0.2512506360235632,0.2332880855586109,0.2401449024200374,0.501482565192378,0.5027692248050749,0.261258881225535,0.2534443005942556,0.23725855358208706,0.2437864746006695,0.48851705384881644,0.49849060606169965,0.2508031090442632,0.24999389577443593,0.2606798371069204,0.2515154981638645,0.5247194070743796,0.5104373826261355,0.24025682061407547,0.246513620592474,0.23502377231154492,0.24304899678139058
2026-04-09,-0.007556810513154006,0.0008455895874496546,-0.00755336564671002,-0.07424270642435227,0.0006666666666666666,-0.07490937309101893,-0.07791460955791432,0.0006666666666666666,-0.07858127622458098,-0.061610263118148136,0.0,-0.061610263118148136,-0.006301447191579582,0.0006666666666666666,-0.006968113858246249,0.010263583694457493,0.0006666666666666666,0.009596917027790827,0.014827317086515041,0.0,0.014827317086515041,-0.0213567702763466,0.0,-0.0213567702763466,-0.0009656316032181271,0.0,-0.0009656316032181271,-0.012097515023073841,0.0006666666666666666,-0.012764181689740507,0.0421099002231603,0.0,0.0421099002231603,0.041309575693131984,0.0,0.041309575693131984,0.015537823166614118,0.0,0.015537823166614118,0.008450832936303332,0.0,0.008450832936303332,0.008327265814278229,0.001,0.0073272658142782285,0.0018342416117337335,0.0,0.0018342416117337335,0.012905501284213194,0.0,0.012905501284213194,-0.0023829587553716447,0.0,-0.0023829587553716447,0.0057329940741959184,0.0,0.0057329940741959184,0.002823208327173236,0.004316024735819601,-0.006788771906771074,0.485909965666405,0.49478958625641667,0.27904716955949993,0.26528469159975016,0.2350428647740951,0.23992572214383318,0.4991540926079063,0.5014116497271673,0.2589745015153952,0.2552483575776978,0.24187140587669848,0.24333999269513484,0.5146552132866287,0.5091622100665285,0.25322232616326823,0.2523722699016343,0.23212246055010316,0.23846552003183719,0.501482565192378,0.5029476151005917,0.261258881225535,0.2547353139432268,0.23725855358208706,0.24231707095618146,0.4893150211655883,0.49893232557175116,0.2508260474908421,0.25129247881077815,0.2598589313435697,0.24977519561747075,0.5247194070743796,0.5106157729216523,0.24025682061407547,0.24780463394144514,0.23502377231154492,0.24157959313690255
2026-04-10,-0.01726651824660889,-0.02713886560099246,-0.01725738400346155,-0.06472991108450106,0.0006666666666666666,-0.06539657775116772,-0.0644302734918544,0.0,-0.0644302734918544,-0.07240377214144311,0.0,-0.07240377214144311,-0.0077947266281379966,0.0,-0.0077947266281379966,0.007397023000082898,0.0,0.007397023000082898,0.0036510793661282213,0.0,0.0036510793661282213,-0.006596456106026327,0.0,-0.006596456106026327,-0.0035157948982034904,0.0,-0.0035157948982034904,-0.00949095712609375,0.0,-0.00949095712609375,0.03484632135971172,0.0,0.03484632135971172,0.0123687655034731,0.0,0.0123687655034731,0.00562409690657778,0.0,0.00562409690657778,-0.009263549422632522,0.0,-0.009263549422632522,-0.017474777330084956,0.0,-0.017474777330084956,-0.02459591306166531,0.0,-0.02459591306166531,0.012453246636244919,0.0,0.012453246636244919,0.009985620149054353,0.0,0.009985620149054353,0.0036860336116278924,0.0,0.0036860336116278924,-0.05183710944146509,0.005881718165889079,-0.010227371436158778,0.485909965666405,0.4948940878725238,0.2790471695595,0.26537632516694976,0.23504286477409514,0.23972958696052654,0.4981517889471783,0.5010149995129105,0.25935511950467316,0.2555303001395363,0.24249309154814863,0.2434547003475533,0.5138813654056866,0.5088797877421647,0.2539265992749828,0.25281604002469116,0.2321920353193305,0.2383041722331442,0.5021675989499206,0.5033137084061644,0.261571799740526,0.2549613660332212,0.23626060130955343,0.24172492556061442,0.48952061705258715,0.49914020438004436,0.2508722372121547,0.25143051039885866,0.25960714573525806,0.24942928522109697,0.5253097809695366,0.5109506284726377,0.23975614661982017,0.2477622005033883,0.23493407241064332,0.24128717102397412
2026-04-13,0.025012470626049346,0.022175031569335996,0.025074075291713193,0.07337943453932179,0.0,0.07337943453932179,0.06563382903604771,0.0,0.06563382903604771,0.05527206538459349,0.0006666666666666666,0.05460539871792682,0.00859566093833001,0.0,0.00859566093833001,0.018009779319657637,0.0006666666666666666,0.01734311265299097,0.005337467701153545,0.0,0.005337467701153545,0.053950941761813434,0.0,0.053950941761813434,0.006293055585448977,0.0,0.006293055585448977,0.022055983434841272,0.0,0.022055983434841272,0.018031867653713007,0.0,0.018031867653713007,0.016006686512466062,0.0,0.016006686512466062,0.006602403828710968,0.0,0.006602403828710968,0.008537945381763112,0.0,0.008537945381763112,-0.00915190457531695,0.0,-0.00915190457531695,-0.007316126648718613,0.001,-0.008316126648718614,0.021273329238789218,0.0,0.021273329238789218,-0.004756544556766273,0.0,-0.004756544556766273,-0.0066657194297366495,0.0,-0.0066657194297366495,0.0442248756500058,-0.007615484198220668,0.007879014659023223,0.48590996566640493,0.49363537658800494,0.27904716955949993,0.26622573291038304,0.2350428647740951,0.24013889050161208,0.4974492435986774,0.4994050155541412,0.25981691466087786,0.256610605461072,0.2427338417404447,0.24398437898478686,0.5138694260601682,0.5076151067848865,0.25408502394491234,0.25374466010308927,0.2320455499949195,0.23864023311202426,0.5035156097025836,0.5020718788332879,0.26103886793587944,0.25592370491388855,0.2354455223615369,0.24200441625282362,0.4901415080512807,0.4976584252883579,0.25075766590084525,0.25253090824232727,0.259100826047874,0.24981066646931485,0.5256022010536179,0.5093604539791292,0.23976533083032556,0.24890343766905576,0.23463246811605645,0.24173610835181508
2026-04-14,0.0074516361760162166,0.0009321892633760032,0.00749348851387434,-0.0015360179851167106,0.0,-0.0015360179851167106,-0.004449228885610167,0.0,-0.004449228885610167,-0.0015109689082424271,0.0006666666666666666,-0.0021776355749090937,0.007879570385473118,0.0,0.007879570385473118,0.004362379860048503,0.0,0.004362379860048503,-0.002166652318037328,0.0006666666666666666,-0.0028333189847039946,0.0603767658850655,0.0,0.0603767658850655,0.007150571686276382,0.0,0.007150571686276382,0.014772465471207473,0.0,0.014772465471207473,-0.0008749303476974779,0.001,-0.001874930347697478,0.017189538215980904,0.0,0.017189538215980904,-0.00522431351942737,0.0,-0.00522431351942737,0.019867837995756532,0.0,0.019867837995756532,0.007221948545975132,0.0,0.007221948545975132,0.001958034128434094,0.0,0.001958034128434094,0.01622462651319634,0.0,0.01622462651319634,0.012377711535127511,0.0,0.012377711535127511,-0.00028625335772941574,0.0,-0.00028625335772941574,-0.0019211763060482654,0.030749482380424038,-0.023900156655092927,0.48590996566640493,0.49479595555490674,0.27904716955949993,0.2654341175872562,0.2350428647740951,0.239769926857837,0.49729424369882896,0.5004880945711188,0.26021352279909404,0.25601729420705327,0.242492233502077,0.24349461122182792,0.51576701081913,0.5097244781312693,0.2526932818161386,0.25225717371557554,0.23153970736473134,0.2380183481531551,0.5038559285253524,0.50373935986045,0.2611042321584705,0.25488451057435363,0.2350398393161771,0.24137612956519627,0.49104760505160655,0.49951261311411393,0.2502897049655613,0.25131571660069363,0.2586626899828321,0.2491716702851924,0.5270144164661579,0.5113816608809159,0.23909898570614901,0.24762277924508755,0.23388659782769314,0.24099555987399657
2026-04-15,0.009814594128758167,-0.0012792510100269865,0.009826777064134314,0.06910352936720635,0.0,0.06910352936720635,0.04786204925944888,0.0,0.04786204925944888,0.05702530669867663,0.0006666666666666666,0.05635864003200996,-0.006717248036597605,0.0,-0.006717248036597605,-0.008476769693833042,0.0,-0.008476769693833042,-0.023050552551130494,0.0006666666666666666,-0.02371721921779716,0.059839109678626747,0.0,0.059839109678626747,0.011192300013934748,0.0,0.011192300013934748,0.021918988850253784,0.0,0.021918988850253784,0.011731219615763178,0.0,0.011731219615763178,-0.026615160032688046,0.0,-0.026615160032688046,-0.017129301864855506,0.001,-0.018129301864855507,-0.019527237190357538,0.0,-0.019527237190357538,0.0007662083934439345,0.0,0.0007662083934439345,-0.001960970862621203,0.0,-0.001960970862621203,-0.014829661029278962,0.0,-0.014829661029278962,-0.018539674192613875,0.0,-0.018539674192613875,-0.017129359370550434,0.0,-0.017129359370550434,0.012080286248219737,-0.022068836705846955,-0.007268706614562322,0.4860082993102669,0.4946921596357522,0.27893294414846803,0.26616682503933287,0.23505875654126515,0.239141015324915,0.4976610440653959,0.5005185320133168,0.2602131872084215,0.2568069465693096,0.2421257687261827,0.24267452141737378,0.517822866272898,0.5105994431170677,0.25142786798086064,0.25241428695552914,0.23074926574624138,0.23698626992740313,0.503411831599837,0.5033878378019754,0.2619206087030457,0.25621227384523754,0.23466755969711736,0.2403998883527872,0.49185169165942394,0.49957299162163904,0.25003466867978147,0.25228991363756037,0.2581136396607947,0.2481370947408007,0.5275433450300152,0.5113512372339342,0.23914568070497633,0.24869654760587467,0.23331097426500835,0.23995221516019122
2026-04-16,0.008685852045272882,0.01143620783517666,0.008613952040514456,0.014264230980809051,0.0,0.014264230980809051,0.019848452829970643,0.0,0.019848452829970643,0.030898432330611028,0.0,0.030898432330611028,-0.017271863453811893,0.0,-0.017271863453811893,-0.0024187244914302126,0.0006666666666666666,-0.003085391158096879,0.016538631766125057,0.0006666666666666666,0.01587196509945839,0.01463471462372586,0.0,0.01463471462372586,-0.008054497729718335,0.0,-0.008054497729718335,-2.466561371642674e-05,0.0006666666666666666,-0.0006913322803830934,0.022840762803916503,0.0,0.022840762803916503,-0.011712448407738829,0.0,-0.011712448407738829,0.014614585885839415,0.0,0.014614585885839415,-0.0014816677224088748,0.0,-0.0014816677224088748,-0.004622346975928393,0.0,-0.004622346975928393,-0.0057258798566573454,0.0,-0.0057258798566573454,-0.011041649143474774,0.0,-0.011041649143474774,0.03624800464284472,0.0,0.03624800464284472,0.049367256224841616,0.0,0.049367256224841616,0.0010861118867547806,0.024589737064282986,0.01928263045318464,0.4860691572682223,0.4954285338325282,0.2788426521336396,0.2655691561139193,0.23508819059813812,0.2390023100535525,0.49813874783083806,0.5014633291138361,0.26036674211730837,0.2563312011057537,0.24149451005185357,0.24220546978041024,0.5195881363265668,0.5121880233617004,0.25023732050815806,0.25126649030117854,0.23017454316527527,0.23654548633712108,0.5052142525895279,0.5049286033204231,0.26075016168330195,0.255085645618603,0.2340355857271702,0.23998575106097397,0.49085929919915067,0.5001914687015986,0.2505958550592904,0.25173472443267914,0.2585448457415589,0.24807380686572222,0.5277010715645964,0.5123492535821957,0.2390308790339088,0.24791828234430324,0.23326804940149476,0.23973246407350107
2026-04-17,0.015076610188849175,0.002894826835463982,0.01511443858888264,0.0026273667035023873,0.0,0.0026273667035023873,0.019155441284826342,0.0,0.019155441284826342,0.012308230211791726,0.0,0.012308230211791726,0.005276320874827434,0.0,0.005276320874827434,0.029393578566376807,0.0006666666666666666,0.02872691189971014,0.029045448765998644,0.0,0.029045448765998644,0.04118457591736398,0.0,0.04118457591736398,0.0026366031910531147,0.0,0.0026366031910531147,0.00485497840990079,0.0006666666666666666,0.004188311743234123,0.02369351261753283,0.0,0.02369351261753283,0.029032042274274916,0.0,0.029032042274274916,0.04830373117596354,0.001,0.04730373117596354,0.040129679978680555,0.0,0.040129679978680555,0.018965085926817338,0.001,0.017965085926817337,0.016901848622731697,0.0,0.016901848622731697,0.009853359500886338,0.0,0.009853359500886338,0.01657031807050169,0.0,0.01657031807050169,0.013078460049144702,0.0,0.013078460049144702,0.007437391507143991,0.020128959183091176,-0.02442828008748917,0.4855109028835081,0.49460079324572837,0.2788492101452893,0.26592105321849,0.23563988697120242,0.2394781535357815,0.49691457654509763,0.5003026300765232,0.2605018147914854,0.25674735554158806,0.242583608663417,0.2429500143818888,0.5205924097705492,0.5121415466892489,0.24952920825235214,0.25126105227202145,0.22987838197709856,0.23659740103872956,0.5063734160243796,0.5045759853053708,0.25945890068281163,0.25512667774076064,0.23416768329280882,0.2402973369538685,0.4910535396127294,0.4995204260895263,0.250529730069208,0.25218005143827144,0.2584167303180626,0.24829952247220227,0.5248857637689152,0.5106850600610676,0.24012851205141034,0.2487476494923982,0.23498572417967456,0.2405672904465342
2026-04-20,0.005468618767808336,0.002082860037514378,0.005491875473072255,0.020461077684910418,0.0006666666666666666,0.01979441101824375,0.012430325089138031,0.0,0.012430325089138031,0.017671314715081765,0.0,0.017671314715081765,-0.013422334262092198,0.0,-0.013422334262092198,0.01301025730812159,0.0,0.01301025730812159,0.0013380524467230999,0.0,0.0013380524467230999,0.022993188651661667,0.0,0.022993188651661667,0.008771341319814866,0.0,0.008771341319814866,0.009159810270373454,0.0006666666666666666,0.008493143603706788,0.008733736582097695,0.0,0.008733736582097695,-0.004421988599065285,0.0,-0.004421988599065285,0.0009637958242265099,0.001,-3.620417577349013e-05,-0.0046089345397029025,0.001,-0.0056089345397029025,0.0011306375471094032,0.0,0.0011306375471094032,0.0011306375471094032,0.001,0.0001306375471094032,0.005175841232778033,0.0,0.005175841232778033,0.0027157064005546294,0.0,0.0027157064005546294,0.0012937294425116042,0.0,0.0012937294425116042,0.0037475868155729675,-0.0029391818906441642,0.0038844149958338807,0.48480837826295614,0.4944884068199843,0.27941385610498143,0.2666612702847536,0.23577776563206235,0.2388503228952621,0.4956754252732214,0.4999219303251169,0.2611350343974122,0.257521859430969,0.24318954032936638,0.2425562102439141,0.5225734115995101,0.5133709234882613,0.2484592785681401,0.2511839815163329,0.22896730983234972,0.23544509499540578,0.5056377329407936,0.5046533035730602,0.2593725639764012,0.2557117647034447,0.23498970308280515,0.23963493172349515,0.49224518868785566,0.5002337639695906,0.24997147495193228,0.2526094053253699,0.2577833363602121,0.24715683070503947,0.5246244179509707,0.5109189096264186,0.24034773590726546,0.2494335714406299,0.23502784614176395,0.23964751893295155
2026-04-21,-0.006316250681683643,0.0008983624324002092,-0.006280459405807202,0.001226495737327249,0.0,0.001226495737327249,0.01750440312229721,0.0,0.01750440312229721,0.0130478254263174,0.0013333333333333333,0.011714492092984067,-0.039496125548110585,0.0,-0.039496125548110585,-0.009534594426910329,0.0,-0.009534594426910329,-0.006912352794308129,0.0006666666666666666,-0.007579019460974796,-0.04837804787042447,0.0,-0.04837804787042447,-0.011343085573760995,0.0,-0.011343085573760995,-0.00987311849837343,0.0006666666666666666,-0.010539785165040096,0.012151072177155164,0.001,0.011151072177155164,-0.014626266077222727,0.0,-0.014626266077222727,0.024174782344739798,0.001,0.023174782344739797,-0.013044155439853489,0.0,-0.013044155439853489,-0.009621058888313605,0.0,-0.009621058888313605,-0.009621058888313605,0.0,-0.009621058888313605,0.013175728107744034,0.0,0.013175728107744034,-0.019540268541748618,0.0,-0.019540268541748618,-0.03897782938527378,0.0,-0.03897782938527378,0.020677976625982364,-0.02910717038623404,-0.008874233798752997,0.4850687952082118,0.4947067097499695,0.27913194469223657,0.2663864714444878,0.23579926009955177,0.23890681880554282,0.494583123644579,0.4994638739681531,0.2620099280134509,0.2578254631050949,0.24340694834197016,0.24271066292675203,0.5233254751533317,0.5138350497225295,0.24807484488370357,0.25085792154022124,0.22859967996296465,0.2353070287372493,0.5062188517262074,0.5049631193451057,0.2589542527409618,0.2553943721963325,0.2348268955328307,0.23964250845856183,0.4919180957022146,0.500243869857188,0.25015917329379656,0.252491995978768,0.25792273100398877,0.247264134164044,0.5247900759222893,0.5110916233298127,0.24029945170867603,0.2492382878556782,0.23491047236903465,0.23967008881450913
2026-04-22,0.012923822539070522,0.01586858779400925,0.012931863133788392,0.0274878128576607,0.0006666666666666666,0.026821146190994034,0.025461792758813957,0.0006666666666666666,0.02479512609214729,0.013984796047523377,0.0,0.013984796047523377,-0.01585764077525146,0.0,-0.01585764077525146,-0.011438815230051599,0.0,-0.011438815230051599,-0.010400384006346169,0.0,-0.010400384006346169,0.03179272505829537,0.0,0.03179272505829537,0.0011099699899322175,0.0006666666666666666,0.00044330332326555086,-0.005644641506137638,0.0,-0.005644641506137638,0.004495756471898871,0.0,0.004495756471898871,0.021369404164295336,0.0,0.021369404164295336,0.01792598777359744,0.0,0.01792598777359744,0.0345939925428696,0.001,0.0335939925428696,0.00373396044083274,0.0,0.00373396044083274,0.0031283170362919055,0.001,0.0021283170362919055,0.0168944566988124,0.0,0.0168944566988124,0.02880512140930469,0.0,0.02880512140930469,0.0026092450896058605,0.001,0.0016092450896058605,0.01854516925212161,0.025013562434780253,0.0007123438599081853,0.4843540234856495,0.4953964506531504,0.2796750285382743,0.2658601627882995,0.23597094797607632,0.2387433865585501,0.49296094675394775,0.49969991228729954,0.2627988839590615,0.25742209049869313,0.24424016928699074,0.24287799721400732,0.5213648398388577,0.5139018588297546,0.2490750627233911,0.25056017988085794,0.22956009743775113,0.23553796128938753,0.5066263375303307,0.5065007395248455,0.25776358063188265,0.25393233062419884,0.23561008183778676,0.23956692985095562,0.49173843113805976,0.5015877304153961,0.25024763292689706,0.2514520678815536,0.2580139359350432,0.24696020170305025,0.5270056313756114,0.5132259064937881,0.2396617151229712,0.24795871500625805,0.23333265350141738,0.23881537849995374
2026-04-23,-0.005603570854827884,0.010308202278471625,-0.005542557603841002,-0.10214852709841522,0.0006666666666666666,-0.10281519376508189,-0.04789344937636456,0.0,-0.04789344937636456,-0.031480756381097444,0.0013333333333333333,-0.032814089714430776,0.005338244878261733,0.0,0.005338244878261733,0.01354290574291054,0.0006666666666666666,0.012876239076243873,0.036668718369434895,0.0006666666666666666,0.036002051702768226,-0.04439600033684317,0.0,-0.04439600033684317,-0.0076021131542587375,0.0006666666666666666,-0.008268779820925404,-0.007602113154258738,0.0006666666666666666,-0.008268779820925404,0.06095493060885737,0.0,0.06095493060885737,-0.012231448990244698,0.0,-0.012231448990244698,0.049226788124511756,0.0,0.049226788124511756,-0.00028504754037511626,0.001,-0.0012850475403751163,-0.009578125895331302,0.0,-0.009578125895331302,-0.009578125895331302,0.001,-0.010578125895331303,0.02020839882224912,0.0,0.02020839882224912,0.0027286248870843632,0.0,0.0027286248870843632,-0.017428091015975533,0.001,-0.018428091015975534,0.021627748474560348,-0.0012019297841272887,-0.0014436127064092093,0.48471959951329324,0.4957211610720911,0.2797670627405516,0.26614820883090823,0.23551333774615515,0.23813063009700075,0.4927027489242051,0.49971273577754705,0.26290508846398586,0.25771722169262534,0.24439216261180893,0.24257004252982764,0.5231603576827277,0.5149415401568083,0.24829284904075302,0.25041110198100897,0.22854679327651928,0.23464735786218283,0.5058269098831312,0.5064271044241289,0.25827039715807565,0.2544238988594124,0.23590269295879315,0.23914899671645878,0.4933485118861426,0.5023092330851227,0.24949759264758042,0.251528873370949,0.25715389546627704,0.24616189354392848,0.5270834134588064,0.5134417506041017,0.2402973776630697,0.24849280242606048,0.23261920887812387,0.23806544696983795
2026-04-24,0.014282822587383396,0.015165082183192674,0.01428669381971541,0.013691061011462556,0.0006666666666666666,0.01302439434479589,-0.006898569367575121,0.0,-0.006898569367575121,0.013952981435820353,0.0,0.013952981435820353,-0.025687999271998274,0.0,-0.025687999271998274,0.0020794073294650626,0.0,0.0020794073294650626,-0.006689487302080076,0.0,-0.006689487302080076,0.00919877586414608,0.0,0.00919877586414608,-0.0034247404782205373,0.0006666666666666666,-0.004091407144887204,-0.004521658812534819,0.0006666666666666666,-0.005188325479201486,0.12116981574536312,0.0,0.12116981574536312,0.05076111397017624,0.0,0.05076111397017624,0.00875186641467196,0.0,0.00875186641467196,-0.005695996876460108,0.001,-0.006695996876460108,-0.003915057071853523,0.0,-0.003915057071853523,-0.003915057071853523,0.0,-0.003915057071853523,0.0199410481972071,0.0,0.0199410481972071,0.02160773389940962,0.0,0.02160773389940962,0.02051624142387931,0.0,0.02051624142387931,0.009183538969505706,0.04333846405936481,-0.0017375038942418761,0.48424731190533143,0.4960872630346399,0.27961813998263635,0.2657685525649761,0.23613454811203222,0.23814418440038398,0.49172160728129455,0.49982441072262146,0.26279722681661155,0.25735809598196374,0.24548116590209396,0.24281749329541485,0.5212674246069207,0.5145973193854345,0.24927850900843435,0.25059873707787517,0.229454066384645,0.23480394353669037,0.5075482985398378,0.5078021720079919,0.2557846356182546,0.25319463640272566,0.2366670658419076,0.23900319158928246,0.4938104675826883,0.5032686877921325,0.24929667416263845,0.25105360912237235,0.25689285825467334,0.24567770308549514,0.5285423027492908,0.5147301933971113,0.2400795932061703,0.2480119724067379,0.23137810404453898,0.23725783419615082
2026-04-27,-0.0060997771287209296,-0.0132852324302105,-0.006093124821779571,0.006951430688638275,0.0,0.006951430688638275,0.017874731827536072,0.0,0.017874731827536072,0.021958749873169404,0.0,0.021958749873169404,-0.00019953727933856146,0.0,-0.00019953727933856146,-0.004935135518254197,0.0006666666666666666,-0.005601802184920864,-0.00156712642541638,0.0,-0.00156712642541638,0.008004571342156966,0.0,0.008004571342156966,0.003292788839800775,0.0,0.003292788839800775,0.010475400168233154,0.0006666666666666666,0.009808733501566488,-0.020391717155251288,0.001,-0.02139171715525129,-0.024560391903705736,0.0,-0.024560391903705736,-0.032192493308462244,0.0,-0.032192493308462244,-0.004547487476753986,0.0,-0.004547487476753986,-0.004412656511278257,0.0,-0.004412656511278257,-0.004412656511278257,0.0,-0.004412656511278257,-0.02644739392784068,0.0,-0.02644739392784068,-0.01650109124315513,0.0,-0.01650109124315513,-0.017677568777343833,0.001,-0.018677568777343834,-0.007336957674012804,-0.0237596207127763,-0.014802735791650697,0.4847909454513212,0.4960386648659197,0.27876331005012983,0.26608777248022264,0.23644574449854902,0.23787356265385767,0.4904864459170575,0.49888641509878784,0.26367013083026,0.2585411828702877,0.2458434232526826,0.24257240203092445,0.5219914018288755,0.5146388930546968,0.24892901067814702,0.25117062279423125,0.22907958749297738,0.23419048415107185,0.5085864162132931,0.5077153948183339,0.25630780661813296,0.2543677735738953,0.23510577716857398,0.23791683160777086,0.4936644911478727,0.5027911595467451,0.2493685670750261,0.25207782452467004,0.25696694177710117,0.24513101592858483,0.5284831160716771,0.5142813057716007,0.24013674297439835,0.24903132257146288,0.23138014095392465,0.2366873716569366
2026-04-28,-0.027096042802225107,-0.04686333552842943,-0.02719141709633804,-0.0031352325349751258,0.0006666666666666666,-0.0038018992016417923,-0.018685609124929076,0.0006666666666666666,-0.019352275791595742,-0.007710333533209489,0.0006666666666666666,-0.008377000199876156,0.00017835676959683956,0.0,0.00017835676959683956,-0.022981596196442168,0.0006666666666666666,-0.023648262863108834,-0.003258061751147623,0.0,-0.003258061751147623,-0.021562262443530135,0.0,-0.021562262443530135,-0.005261251318307421,0.0006666666666666666,-0.005927917984974088,-0.0010690177210596432,0.0,-0.0010690177210596432,-0.03991240485323472,0.0,-0.03991240485323472,-0.03983378691809475,0.0,-0.03983378691809475,-0.04203351070989264,0.0,-0.04203351070989264,0.0017524148815207252,0.001,0.0007524148815207252,-0.01993458725922337,0.0,-0.01993458725922337,-0.01993458725922337,0.0,-0.01993458725922337,-0.05667398214162905,0.0,-0.05667398214162905,-0.05188274507702095,0.0,-0.05188274507702095,-0.04421190549472176,0.001,-0.04521190549472176,-0.05456518508716379,-0.045840851459600145,-0.03159158631137056,0.4841196988600972,0.4960198155989342,0.2790166323104604,0.26593590536148937,0.23686366882944251,0.23804427903957653,0.4906677733091625,0.49929385282346683,0.26346853850252683,0.2581618584575226,0.2458636881883106,0.24254428871901057,0.5220746091880365,0.5149972707629038,0.24872246459260036,0.2507888215025593,0.22920292621936314,0.23421390773453687,0.5089442803663278,0.5082579671871948,0.2563175402441342,0.25399775781695155,0.234738179389538,0.23774427499585363,0.49365741365996185,0.5032133011740941,0.2493720527144647,0.25170574693216063,0.2569705336255734,0.24508095189374532,0.5280184882511467,0.5145524557891851,0.24042728338771663,0.24875397305433378,0.23155422836113662,0.23669357115648115
2026-04-29,0.00698759795840256,0.03453111890250323,0.006929598948399814,-0.012309659325872985,0.0006666666666666666,-0.012976325992539652,-0.00516456868807739,0.0006666666666666666,-0.005831235354744057,0.02396121864092497,0.0006666666666666666,0.023294551974258303,-0.021543592494199976,0.0,-0.021543592494199976,-0.012946532255260509,0.0,-0.012946532255260509,-0.025138453514806036,0.0006666666666666666,-0.025805120181472702,-0.07102513604877776,0.0,-0.07102513604877776,-0.01566637525445217,0.0,-0.01566637525445217,-0.006736861577349687,0.0,-0.006736861577349687,0.04069502901737543,0.0,0.04069502901737543,0.0026303825209371134,0.001,0.0016303825209371134,0.01846477761195986,0.0,0.01846477761195986,-0.0035562738332084454,0.001,-0.004556273833208445,0.009657626457780177,0.0,0.009657626457780177,0.009657626457780177,0.0,0.009657626457780177,0.024082640351932083,0.0,0.024082640351932083,0.07013968225372758,0.0,0.07013968225372758,0.005833918457780363,0.001,0.004833918457780363,0.03591932142337203,0.05519248538177416,0.009821737128019889,0.4846708312867962,0.4960042909405299,0.278423570570454,0.26560480836244926,0.23690559814274967,0.23839090069702085,0.49140112018862403,0.4993694353914438,0.2625453544395629,0.25766570029700364,0.24605352537181305,0.24296486431155256,0.521133197861271,0.5142354742277673,0.24909044094298088,0.25093824354871264,0.22977636119574812,0.2348262822235201,0.508995335087077,0.507884753476892,0.2563474849278779,0.2539613209496775,0.2346571799850451,0.23815392557343057,0.49474333472281345,0.503181593356685,0.24883724017482317,0.2514829401811694,0.2564194251023634,0.2453354664621456,0.5278955177172158,0.5141218137448378,0.24037129013735206,0.24868917666880394,0.23173319214543217,0.2371890095863583
2026-04-30,0.01907790750764327,0.026068601807109647,0.01918646815364431,-0.023406848345140396,0.0,-0.023406848345140396,-0.00605860628497575,0.0006666666666666666,-0.006725272951642417,-0.011054641077687905,0.0006666666666666666,-0.011721307744354571,0.010781291276332908,0.0006666666666666666,0.010114624609666242,0.05149080907979985,0.0006666666666666666,0.05082414241313318,0.04186267952799202,0.0006666666666666666,0.04119601286132535,0.027625212312063496,0.0,0.027625212312063496,0.015690293321751314,0.0,0.015690293321751314,0.015690293321751314,0.0006666666666666666,0.015023626655084648,0.038539314368465805,0.001,0.037539314368465804,0.0001803693503544257,0.001,-0.0008196306496455743,0.03726225709876685,0.001,0.03626225709876685,0.007494823805521633,0.0,0.007494823805521633,0.0021872777735440496,0.0,0.0021872777735440496,0.0021872777735440496,0.0,0.0021872777735440496,0.06697798554679513,0.0,0.06697798554679513,0.05199058346730834,0.0,0.05199058346730834,0.013531157865730947,0.0,0.013531157865730947,0.013460974579890445,0.050150434927880065,0.027287332492337314,0.4835926846944367,0.49560797752763835,0.2782213689575152,0.2659493397273056,0.238185946348048,0.23844268274505598,0.4912761773397812,0.4994497238503106,0.26295290241556074,0.2583151064563284,0.24577092024465808,0.242235169693361,0.5191089134264847,0.5133660918936623,0.24991832257988275,0.25179781653848937,0.23097276399363245,0.2348360915678482,0.510622829499509,0.5086131248766008,0.25506608657262564,0.2541356066020208,0.23431108392786545,0.23725126852137846,0.4939971996997866,0.5031266670426924,0.24920470921123042,0.2522013520727604,0.2567980910889828,0.24467198088454717,0.5276965793685774,0.5142474623333934,0.24159203381462457,0.24968916919188044,0.23071138681679812,0.23606336847472625
2026-05-01,0.006961583392610839,0.0025391576687024825,0.006947578132867042,0.04511073543575628,0.0,0.04511073543575628,0.042455848028398226,0.0,0.042455848028398226,0.04318568189356438,0.0013333333333333333,0.04185234856023105,-0.010935929597538566,0.0006666666666666666,-0.011602596264205232,-0.011842817518533666,0.0,-0.011842817518533666,-0.007453765738191269,0.0,-0.007453765738191269,0.029915277134427168,0.0,0.029915277134427168,-0.002162679549392754,0.0,-0.002162679549392754,-0.002162679549392754,0.0,-0.002162679549392754,0.01660759651010235,0.001,0.01560759651010235,-0.009091942116460805,0.0,-0.009091942116460805,0.010405317815215032,0.0,0.010405317815215032,-0.01871577165201338,0.001,-0.01971577165201338,-0.0150560759211818,0.0,-0.0150560759211818,-0.0150560759211818,0.0,-0.0150560759211818,-0.021657183741156494,0.0,-0.021657183741156494,0.02292989960659364,0.0,0.02292989960659364,0.00041868360560792794,0.0,0.00041868360560792794,-0.007764243333746923,0.025493775831251824,-0.0001245448798087671,0.4828386971165639,0.49456064482809853,0.2787624162721852,0.2668592923098948,0.23839888661125092,0.23858006286200661,0.4894060879303372,0.49784434023498514,0.2641552525790065,0.2595557104633055,0.2464386594906563,0.2425999493017093,0.5197513349290751,0.5130169637343541,0.2496012397285363,0.2522787040380704,0.2306474253423886,0.23470433222757547,0.5117021270398943,0.5080710389247194,0.25355449081552284,0.25449361476201754,0.23474338214458287,0.2374353463132631,0.4942758075391736,0.5023203534894816,0.2490674957698084,0.2530129063969318,0.25665669669101804,0.2446667401135867,0.5286270393982334,0.5136562600029713,0.24201802052694477,0.2506865795667868,0.22935494007482182,0.23565716043024193
2026-05-04,0.004061248912265455,0.007676925488494344,0.004099186583807833,0.026682024353368083,0.0006666666666666666,0.026015357686701417,0.025626597237078753,0.0,0.025626597237078753,0.02462805871631109,0.0006666666666666666,0.023961392049644425,-0.0009850909392623932,0.0,-0.0009850909392623932,-0.011495068223446961,0.0,-0.011495068223446961,-0.030819566017848816,0.0006666666666666666,-0.03148623268451548,0.013525376631430198,0.0,0.013525376631430198,-0.014327047224026519,0.0,-0.014327047224026519,-0.014327047224026519,0.0,-0.014327047224026519,0.002380289829147897,0.0,0.002380289829147897,-0.00014484594117603056,0.0,-0.00014484594117603056,-0.008714671147550812,0.0,-0.008714671147550812,-0.028472024051754863,0.001,-0.029472024051754864,-0.01404036456229596,0.0,-0.01404036456229596,-0.01404036456229596,0.0,-0.01404036456229596,0.026377055869282406,0.001,0.025377055869282406,0.026377055869282406,0.0,0.026377055869282406,-0.006299241134001321,0.0,-0.006299241134001321,0.0092936920251054,0.017979255909251018,-0.006806331130860192,0.4829925038567066,0.49408935690540534,0.2786957915870592,0.267441431176472,0.23831170455623427,0.2384692119181228,0.48930750275972484,0.49724685635691446,0.2640887188943336,0.2601378948301092,0.24660377834594166,0.24261524881297647,0.5214325696442241,0.5133093897991641,0.24872744600520783,0.2524572583855463,0.22983998435056807,0.2342333518152897,0.5125057718257927,0.5076016653717612,0.2526388885521406,0.2550161706353492,0.23485533962206656,0.23738216399288953,0.49403120696599606,0.5015050589680283,0.24918796074485483,0.2538773644589449,0.25678083228914905,0.24461757657302677,0.5268660061683348,0.5123405427048001,0.24348091962596105,0.25199404088970995,0.22965307420570408,0.23566541640548994
2026-05-05,0.010291249498838556,0.02433036833260567,0.010365136444569698,-0.02240804515916321,0.0006666666666666666,-0.023074711825829874,0.009208118774880588,0.0,0.009208118774880588,0.035379603925470564,0.0,0.035379603925470564,-0.028578440826697322,0.0,-0.028578440826697322,0.004263635559545638,0.0,0.004263635559545638,0.012347894364197032,0.0006666666666666666,0.011681227697530366,-0.01365011453490424,0.0,-0.01365011453490424,0.014277546995182872,0.0,0.014277546995182872,0.014277546995182872,0.0,0.014277546995182872,0.01977116757605757,0.0,0.01977116757605757,0.0390318554174528,0.0,0.0390318554174528,0.01863753126389589,0.0,0.01863753126389589,0.0063470311336774055,0.001,0.0053470311336774054,-0.0052013637384214495,0.0,-0.0052013637384214495,-0.0052013637384214495,0.0,-0.0052013637384214495,0.035298173866147864,0.0,0.035298173866147864,0.035298173866147864,0.0,0.035298173866147864,-0.006772089259563185,0.0,-0.006772089259563185,0.030436727665453654,0.029433068833023542,0.005852287196128107,0.48305313726420057,0.4942050112569336,0.27870802364097835,0.26772475390438943,0.2382388390948212,0.23807023483867706,0.49036509011307755,0.4978609876813721,0.26407603461252976,0.2604087593901651,0.24555887527439269,0.2417302529284628,0.5228919480176655,0.514124416633666,0.2479689584179697,0.25235522129288507,0.22913909356436485,0.2335203620734489,0.5128547673190069,0.507831186332549,0.25267690065129333,0.2554001716073531,0.23446833202969972,0.23676864206009796,0.49322117667285126,0.5013521014193176,0.24958689799092476,0.2543804707294315,0.2571919253362239,0.24426742785125094,0.5276424062554977,0.512711107181591,0.24389092960556993,0.25250080116226437,0.22846666413893235,0.23478809165614473
2026-05-06,0.016590172693504233,0.027259615649355556,0.016576332171142998,-0.01880862620295587,0.0006666666666666666,-0.019475292869622535,-0.005996396035199672,0.0,-0.005996396035199672,-0.00013350155564077298,0.0006666666666666666,-0.0008001682223074396,0.01762875670294432,0.0,0.01762875670294432,0.033450375088983554,0.0,0.033450375088983554,0.03788968650651281,0.0006666666666666666,0.03722301983984614,4.3234046645930675e-05,0.0,4.3234046645930675e-05,0.007395340511823852,0.0006666666666666666,0.006728673845157185,0.012079331660013218,0.0006666666666666666,0.011412664993346552,0.037639526420881975,0.0,0.037639526420881975,0.06280272696478373,0.0,0.06280272696478373,0.025170961265747804,0.0,0.025170961265747804,0.03481365536490122,0.0,0.03481365536490122,0.020706864351788812,0.0,0.020706864351788812,0.0005616470706549803,0.001,-0.0004383529293450197,-0.0060517019912676995,0.0,-0.0060517019912676995,-0.0060517019912676995,0.0,-0.0060517019912676995,0.012005196903499216,0.0,0.012005196903499216,0.037910212125488764,0.021126792074243728,0.011169582680777907,0.48072719035581696,0.4933656691284829,0.2792527798976194,0.2681344613842539,0.24002002974656364,0.23849986948726323,0.4884540283498266,0.4972290881254877,0.26486733324336637,0.2609417380571274,0.24667863840680704,0.24182917381738495,0.5214286269227401,0.5137163874119444,0.2487294951689888,0.2528728190199386,0.22984187790827115,0.233410793568117,0.5123586650594877,0.5081011385634007,0.2534555700348669,0.2558411538350013,0.2341857649056453,0.23605770760159805,0.4937748736994933,0.5019684874146024,0.2493142040326432,0.25447450305426744,0.25691092226786355,0.24355700953113008,0.5287048688355049,0.5134953858094863,0.24438202922765678,0.25284688536862193,0.2269131019368384,0.23365772882189179
2026-05-07,-0.009160181873548926,-0.039421669955954884,-0.009195063367110201,0.0746354813241934,0.0006666666666666666,0.07396881465752674,0.04047570923138928,0.0,0.04047570923138928,0.10383138128746389,0.0006666666666666666,0.10316471462079722,-0.010549165367939003,0.0,-0.010549165367939003,-0.02057417631013795,0.0,-0.02057417631013795,-0.012954549866222501,0.0,-0.012954549866222501,-0.005506695626543748,0.0,-0.005506695626543748,-0.001912549924007874,0.0,-0.001912549924007874,0.0010031358306069604,0.0006666666666666666,0.0003364691639402938,-0.030902424827185693,0.0,-0.030902424827185693,-0.032520271579583204,0.0,-0.032520271579583204,-0.05965247908964183,0.0,-0.05965247908964183,-0.007177252197486161,0.0,-0.007177252197486161,-0.011570744141259304,0.0,-0.011570744141259304,-0.011570744141259304,0.001,-0.012570744141259305,-0.01762540806755436,0.001,-0.01862540806755436,-0.047286351251726755,0.0,-0.047286351251726755,-0.02965397403688025,0.001,-0.03065397403688025,-0.03387561046461666,-0.043470285174354285,-0.04693030817118852,0.4798947089042819,0.49351521469345505,0.27955938734535085,0.2681220036719165,0.24054590375036738,0.23836278163462854,0.4875283975989959,0.49733205904081207,0.2652452294361141,0.26096492471729815,0.24722637296489,0.24170301624188983,0.5209603519491797,0.5140480362159039,0.24885525407935094,0.25276993703891654,0.2301843939714693,0.23318202674517952,0.5123349134879069,0.5088514541743702,0.254102539049134,0.25583253328519723,0.23356254746295896,0.23531601254043255,0.4950780930206062,0.503156703420161,0.24923279022018022,0.25422551617164246,0.2556891167592136,0.2426177804081966,0.5282494774810537,0.5141032602921086,0.24417153473469203,0.2525553018614314,0.22757898778425428,0.23334143784646
2026-05-08,0.003976689666030759,0.019670781237826944,0.003911675692284995,-0.020188819960491378,0.0006666666666666666,-0.020855486627158044,-0.06238348829900156,0.0006666666666666666,-0.06305015496566822,0.035980869184249586,0.0,0.035980869184249586,-0.010247324352628132,0.0006666666666666666,-0.010913991019294798,-0.02905374287291044,0.0,-0.02905374287291044,-0.007273590477865465,0.0,-0.007273590477865465,-0.007620639741746759,0.0,-0.007620639741746759,-0.0002028425112122756,0.0006666666666666666,-0.0008695091778789422,-0.008561128657932496,0.0006666666666666666,-0.009227795324599162,0.0006150891774901468,0.0,0.0006150891774901468,0.043181586750371204,0.0,0.043181586750371204,0.044494522739854436,0.0,0.044494522739854436,-0.0011513470650376112,0.0,-0.0011513470650376112,-0.0007788042957967978,0.0,-0.0007788042957967978,-0.0007788042957967978,0.0,-0.0007788042957967978,0.0297869209604944,0.0,0.0297869209604944,0.023626856061033652,0.0,0.023626856061033652,0.003854012785858396,0.001,0.002854012785858396,0.011971207239575933,0.031866641157874444,0.022984713236939843,0.4801629222585885,0.49394463153248136,0.27915673278443665,0.26781151130486236,0.2406803449569748,0.23824385716265625,0.4878614463884744,0.4977938935974243,0.26486822650805086,0.26066725816666947,0.2472703271034748,0.24153884823590627,0.5207153428743853,0.5142208418403797,0.24892602793519494,0.25269615888024155,0.23035862919041986,0.23308299927937878,0.5128586143222611,0.509419991066617,0.2542758743888327,0.25574345273125787,0.23286551128890623,0.23483655620212532,0.49533531197579894,0.5036373012922843,0.24913231584361195,0.254046078411335,0.2555323721805891,0.24231662029638068,0.5293289614129856,0.5148552056065561,0.2432023025818862,0.2520891740349655,0.22746873600512824,0.2330556203584786
2026-05-11,0.02553988749480921,0.0561770997155558,0.025574243804852764,-0.01829428954112829,0.0,-0.01829428954112829,-0.013016237058754543,0.0006666666666666666,-0.013682903725421209,-0.0016632630791584644,0.0006666666666666666,-0.002329929745825131,0.016665031428763,0.0,0.016665031428763,0.0022512641229797126,0.0,0.0022512641229797126,0.007758235687622905,0.0006666666666666666,0.007091569020956238,0.049084920420748336,0.0,0.049084920420748336,0.0003439443878824329,0.0,0.0003439443878824329,0.007066884951545134,0.0013333333333333333,0.005733551618211801,0.019270905662164717,0.0,0.019270905662164717,-0.0030191350596323607,0.0,-0.0030191350596323607,0.021660262881078696,0.0,0.021660262881078696,-0.02912149779597928,0.0,-0.02912149779597928,-0.020163390643823165,0.0,-0.020163390643823165,-0.020163390643823165,0.0,-0.020163390643823165,0.09201961971831574,0.0,0.09201961971831574,0.11991309824580842,0.0,0.11991309824580842,0.0849710145943724,0.001,0.0839710145943724,0.03772922675383457,0.08154258704459198,0.06816695110553331,0.4795938524282845,0.4932495582816576,0.2771245876001281,0.26712408061375464,0.24328155997158743,0.23962636110458774,0.4882608190209928,0.4975830415780117,0.26407717237788664,0.26060037300263394,0.2476620086011206,0.2418165854193543,0.5205719625216918,0.5137386133283612,0.2492105502787253,0.2531670619530533,0.230217487199583,0.23309432471858552,0.5105921719973525,0.5081219437295968,0.2554252322830411,0.256563120983749,0.23398259571960653,0.23531493528665415,0.4953157551898785,0.5030807261831305,0.24914197022895415,0.2544896445059003,0.25554227458116724,0.24242962931096917,0.5301758207068898,0.5145845478037442,0.2432764860426443,0.25255403472441806,0.22654769325046584,0.23286141747183772
2026-05-12,-0.021206903272993648,-0.03629188164138721,-0.02124697436544984,-0.01713464870688049,0.0,-0.01713464870688049,-0.026704458028135255,0.0,-0.026704458028135255,-0.011349805515476485,0.0006666666666666666,-0.012016472182143152,0.002094494177107202,0.0,0.002094494177107202,0.009118141482535832,0.0,0.009118141482535832,0.00017587800449436752,0.0,0.00017587800449436752,-0.026285566703007593,0.0,-0.026285566703007593,0.003290170673198774,0.0,0.003290170673198774,-0.0010195942882826135,0.0,-0.0010195942882826135,-0.021308568925219817,0.0,-0.021308568925219817,-0.020671226729104097,0.0,-0.020671226729104097,-0.033148785898912625,0.0,-0.033148785898912625,0.0042309859076568035,0.0,0.0042309859076568035,-0.0038891481484064627,0.0,-0.0038891481484064627,-0.0038891481484064627,0.0,-0.0038891481484064627,-0.048318548786288495,0.0,-0.048318548786288495,-0.055088108069877906,0.0,-0.055088108069877906,-0.045223519935767675,0.001,-0.046223519935767676,-0.0317114967950343,-0.04439302665942139,-0.03727865697047313,0.47907383270426274,0.4926674965054212,0.2770923074762413,0.2672758740807182,0.24383385981949585,0.24005662941386063,0.4888941963993007,0.4975776783529402,0.263620576569731,0.26054000862746296,0.24748522703096817,0.24188231301959678,0.5229903485721197,0.5146257544393497,0.24781869060961972,0.25263906564740735,0.22919096081826065,0.23273517991324302,0.5111418511203478,0.5078717882751231,0.25450609851923256,0.2564848377704274,0.23435205036041964,0.2356433739544495,0.4948455001245936,0.5024939924465243,0.24937411592139466,0.2547912835131409,0.25578038395401176,0.2427147240403349,0.53017582070689,0.5141529982386821,0.24327648604264435,0.2527790656531533,0.2265476932504659,0.23306793610816476
2026-05-13,0.013258376175618456,0.03154539648142,0.013202788954466518,0.015929960803226208,0.0,0.015929960803226208,-0.005895354671319001,0.0,-0.005895354671319001,0.018690787633584633,0.0006666666666666666,0.018024120966917967,-0.0063434949275860495,0.0,-0.0063434949275860495,-0.004107540533422735,0.0,-0.004107540533422735,0.006034982569000665,0.0,0.006034982569000665,-0.031423714553044046,0.0,-0.031423714553044046,0.000573399169171577,0.0,0.000573399169171577,0.005201857102392848,0.0006666666666666666,0.004535190435726181,0.05064377933174624,0.0,0.05064377933174624,0.021306548160667793,0.0,0.021306548160667793,0.03776961528469497,0.001,0.03676961528469497,-0.013184707576011034,0.0,-0.013184707576011034,-0.024019958164734845,0.0,-0.024019958164734845,-0.024019958164734845,0.0,-0.024019958164734845,0.02633179111723405,0.0,0.02633179111723405,0.024619348838260335,0.0,0.024619348838260335,0.029462466709956225,0.0,0.029462466709956225,0.03741136230007136,0.0235580755685237,0.027652363736247316,0.47921476231452764,0.4929814049064896,0.27661735420041555,0.26681950480416305,0.24416788348505677,0.24019909028934733,0.4887527395143456,0.4977503935063986,0.2639333061435407,0.26047748077572563,0.24731395434211362,0.24177212571787576,0.52154917588086,0.5141486116896559,0.248675505162564,0.25284858028523727,0.22977531895657585,0.23300280802510687,0.5114220663978092,0.5082904737352396,0.2546797069295035,0.2562488124100362,0.23389822667268748,0.23546071385472422,0.4952717654999637,0.5029608744389505,0.24916368613970008,0.2544285255494011,0.25556454836033626,0.24261060001164833,0.5301685011797151,0.5144767972132686,0.2431872416704833,0.25245629887455956,0.22664425714980152,0.23306690391217189
2026-05-14,0.009881503722794586,0.004590069153032965,0.00993610668579427,0.003090966810523267,0.0,0.003090966810523267,0.008206854528407338,0.0,0.008206854528407338,0.009072584374918757,0.0,0.009072584374918757,0.005016600356652708,0.0,0.005016600356652708,0.014218144947742612,0.0,0.014218144947742612,0.003872012767005328,0.0,0.003872012767005328,0.053520514681016776,0.0,0.053520514681016776,0.007861665983563748,0.0,0.007861665983563748,0.004527497961807033,0.0,0.004527497961807033,0.013200410005955066,0.0,0.013200410005955066,0.017964408123387954,0.0,0.017964408123387954,0.01772310462438975,0.0,0.01772310462438975,0.01996232876426962,0.0,0.01996232876426962,0.008758872872525192,0.0,0.008758872872525192,0.008758872872525192,0.0,0.008758872872525192,-0.0007135745288597839,0.0,-0.0007135745288597839,-0.01885818978192444,0.0,-0.01885818978192444,0.0032430133811134354,0.001,0.0022430133811134354,0.005467545509025987,-0.008386289098658867,0.016810208106066222,0.4797701065831422,0.49357117959678265,0.2756715261234053,0.2661311095942466,0.24455836729345254,0.24029771080897072,0.48837782008951275,0.497875036349968,0.26385470842474495,0.26022270074491644,0.2477674714857423,0.24190226290511563,0.5197724577581145,0.5135723551842688,0.24949922673370617,0.253044959899397,0.2307283155081792,0.23338268491633407,0.5125388611943691,0.5090772334431253,0.2537025209914896,0.25563759628080046,0.23375861781414128,0.2352851702760742,0.49584057116067204,0.5035667977320053,0.24888289004898878,0.2540471180697752,0.2552765387903392,0.2423860841982195,0.5301358358656743,0.514884235084656,0.2430848260016747,0.25213375693416157,0.22677933813265103,0.2329820079811824
