candidate,h,date,obs_index,block,block_complete,kept,drop_reason,placebo_score_date,n_pairs_genuine,n_pairs_placebo,ic_genuine,ic_placebo
high52w,20,2019-01-14,0,0,True,True,,2018-11-13,129,128,-0.11653622540250448,-0.17675873180272866
high52w,20,2019-01-22,1,0,True,True,,2018-11-20,130,128,-0.2784006336287536,-0.32408212781541845
high52w,20,2019-01-29,2,0,True,True,,2018-11-28,130,128,-0.15503420775922105,-0.1887540722823378
high52w,20,2019-02-05,3,0,True,True,,2018-12-06,130,128,0.181040027701057,0.14710204232077428
high52w,20,2019-02-12,4,1,True,True,,2018-12-13,130,128,0.03420838048691411,0.062437946896080176
high52w,20,2019-02-20,5,1,True,True,,2018-12-20,130,128,0.2211291369812375,0.12658510346090457
high52w,20,2019-02-27,6,1,True,True,,2018-12-28,130,128,0.18985143606762128,0.25680392785204176
high52w,20,2019-03-06,7,1,True,True,,2019-01-07,130,129,-0.11141760777833919,-0.0914523703041145
high52w,20,2019-03-13,8,2,True,True,,2019-01-14,130,129,-0.14458567271380196,-0.24477303220035784
high52w,20,2019-03-20,9,2,True,True,,2019-01-22,130,130,-0.3424981738417424,-0.39396687104835515
high52w,20,2019-03-27,10,2,True,True,,2019-01-29,130,130,-0.31600638545740245,-0.3257042974777752
high52w,20,2019-04-03,11,2,True,True,,2019-02-05,130,130,0.0025052250233107425,-0.1008398541897684
high52w,20,2019-04-10,12,3,True,True,,2019-02-12,130,130,0.10060577342745693,0.12611385770529174
high52w,20,2019-04-17,13,3,True,True,,2019-02-20,130,130,0.08586388210242848,0.3863209976786283
high52w,20,2019-04-25,14,3,True,True,,2019-02-27,130,130,0.16793907835934638,0.3613778342613465
high52w,20,2019-05-02,15,3,True,True,,2019-03-06,130,130,0.19878190334430346,0.4946810689754059
high52w,20,2019-05-09,16,4,True,True,,2019-03-13,130,130,0.47293076913667,0.5431669993456587
high52w,20,2019-05-16,17,4,True,True,,2019-03-20,130,130,0.3730021703837316,0.32824903930265587
high52w,20,2019-05-23,18,4,True,True,,2019-03-27,131,130,-0.12086492413446641,0.012527840784182958
high52w,20,2019-05-31,19,4,True,True,,2019-04-03,131,130,-0.4659211017989644,-0.25335556487106686
high52w,20,2019-06-07,20,5,True,True,,2019-04-10,131,130,-0.2291023555114292,-0.06098412311270088
high52w,20,2019-06-14,21,5,True,True,,2019-04-17,131,130,-0.35634229276704366,0.05331960447648815
high52w,20,2019-06-21,22,5,True,True,,2019-04-25,131,130,-0.32525980058882903,0.0049248435873640115
high52w,20,2019-06-28,23,5,True,True,,2019-05-02,131,130,-0.11187508345103593,0.1256250938835707
high52w,20,2019-07-08,24,6,True,True,,2019-05-09,131,130,-0.01999586248951721,0.02912511317255877
high52w,20,2019-07-15,25,6,True,True,,2019-05-16,131,130,0.22023068148323519,0.26818671799338645
high52w,20,2019-07-22,26,6,True,True,,2019-05-23,131,131,0.18135129991500665,0.3635024072255063
high52w,20,2019-07-29,27,6,True,True,,2019-05-31,131,131,0.23747172330170804,0.5045054182458762
high52w,20,2019-08-05,28,7,True,True,,2019-06-07,131,131,0.30354988522927456,0.3131758049044928
high52w,20,2019-08-12,29,7,True,True,,2019-06-14,131,131,-0.3935962931582967,-0.402835419855524
high52w,20,2019-08-19,30,7,True,True,,2019-06-21,131,131,-0.3664344037349118,-0.4013642134044054
high52w,20,2019-08-26,31,7,True,True,,2019-06-28,131,131,-0.30683962581638413,-0.2850553851275668
high52w,20,2019-09-03,32,8,True,True,,2019-07-08,131,131,-0.1446920951278387,-0.22438080781294292
high52w,20,2019-09-10,33,8,True,True,,2019-07-15,131,131,0.299787130724704,0.3553320171733124
high52w,20,2019-09-17,34,8,True,True,,2019-07-22,131,131,0.15623114912812033,0.17279890714303608
high52w,20,2019-09-24,35,8,True,True,,2019-07-29,131,131,-0.06569113174725219,-0.13524092983384448
high52w,20,2019-10-01,36,9,True,True,,2019-08-05,131,131,-0.30659572224940856,-0.47478246943895797
high52w,20,2019-10-08,37,9,True,True,,2019-08-12,131,131,-0.46748518656915605,-0.5701626550161578
high52w,20,2019-10-15,38,9,True,True,,2019-08-19,131,131,-0.2900421247320596,-0.4581764981999607
high52w,20,2019-10-22,39,9,True,True,,2019-08-26,131,131,-0.3210357756076273,-0.2755441673251211
high52w,20,2019-10-29,40,10,True,True,,2019-09-03,131,131,-0.1667912461330829,-0.24969694092395703
high52w,20,2019-11-05,41,10,True,True,,2019-09-10,131,131,-0.10597354232670333,-0.08376785878334105
high52w,20,2019-11-12,42,10,True,True,,2019-09-17,131,131,0.07439861487582371,0.19724009082162883
high52w,20,2019-11-19,43,10,True,True,,2019-09-24,131,131,0.0333627033477461,-0.003720984870201932
high52w,20,2019-11-26,44,11,True,True,,2019-10-01,131,131,0.040862236974572065,-0.027350167285252674
high52w,20,2019-12-04,45,11,True,True,,2019-10-08,131,131,-0.032521019629895065,-0.12164629263865906
high52w,20,2019-12-11,46,11,True,True,,2019-10-15,131,131,-0.16161083318529232,-0.1844946063306456
high52w,20,2019-12-18,47,11,True,True,,2019-10-22,131,131,-0.0922966228539262,-0.261110521235101
high52w,20,2019-12-26,48,12,True,True,,2019-10-29,131,131,-0.011083544767436612,-0.07601708586564772
high52w,20,2020-01-03,49,12,True,True,,2019-11-05,131,131,0.18337727617389157,-0.1556636675479568
high52w,20,2020-01-10,50,12,True,True,,2019-11-12,131,131,0.1534242513191135,-0.032246697425902485
high52w,20,2020-01-17,51,12,True,True,,2019-11-19,131,131,0.0939822076589472,0.07143505848049735
high52w,20,2020-01-27,52,13,True,True,,2019-11-26,131,131,0.3437928734709245,0.08841820946086314
high52w,20,2020-02-03,53,13,True,True,,2019-12-04,132,131,0.2541746696400615,0.09113038839493413
high52w,20,2020-02-10,54,13,True,True,,2019-12-11,132,131,0.2997113723910032,0.09186232536276638
high52w,20,2020-02-18,55,13,True,True,,2019-12-18,132,131,0.2647668507250454,0.12845775268539156
high52w,20,2020-02-25,56,14,True,True,,2019-12-26,132,131,0.15714859668254605,0.04644890867670529
high52w,20,2020-03-03,57,14,True,True,,2020-01-03,132,131,0.3227134456543857,0.024323404958877342
high52w,20,2020-03-10,58,14,True,True,,2020-01-10,132,131,0.09670602599489703,-0.05163454804724438
high52w,20,2020-03-17,59,14,True,True,,2020-01-17,132,131,-0.3551470626601201,-0.1864009305139895
high52w,20,2020-03-24,60,15,True,True,,2020-01-27,132,131,0.11358549044366639,0.2909221941514103
high52w,20,2020-03-31,61,15,True,True,,2020-02-03,133,132,-0.35024127482886314,-0.14584724976944405
high52w,20,2020-04-07,62,15,True,True,,2020-02-10,133,132,0.14109731588129074,0.1806643454710103
high52w,20,2020-04-15,63,15,True,True,,2020-02-18,133,132,0.2171229487737451,0.14232277272954652
high52w,20,2020-04-22,64,16,True,True,,2020-02-25,133,132,-0.1857969210679344,-0.3230630357990743
high52w,20,2020-04-29,65,16,True,True,,2020-03-03,133,132,0.06957692739310964,-0.002269727058798975
high52w,20,2020-05-06,66,16,True,True,,2020-03-10,133,132,-0.5848626631831905,-0.6178771008019701
high52w,20,2020-05-13,67,16,True,True,,2020-03-17,133,132,-0.5632703237962822,-0.5701241305901811
high52w,20,2020-05-20,68,17,True,True,,2020-03-24,133,132,-0.27404525583771017,-0.3243987832175859
high52w,20,2020-05-28,69,17,True,True,,2020-03-31,133,133,0.2553789494088002,0.04633700941634955
high52w,20,2020-06-04,70,17,True,True,,2020-04-07,133,133,0.5982983151561456,0.4470725660827782
high52w,20,2020-06-11,71,17,True,True,,2020-04-15,133,133,0.6061813284908335,0.4731051157727548
high52w,20,2020-06-18,72,18,True,True,,2020-04-22,133,133,0.48554008105673885,0.522194223686761
high52w,20,2020-06-25,73,18,True,True,,2020-04-29,133,133,0.07557602746462605,0.1896430356760286
high52w,20,2020-07-02,74,18,True,True,,2020-05-06,134,133,0.3201503096184368,0.2727964834023543
high52w,20,2020-07-10,75,18,True,True,,2020-05-13,135,133,-0.13805960331289185,-0.07159954448484271
high52w,20,2020-07-17,76,19,True,True,,2020-05-20,135,133,0.1381445770398411,-0.0017100391294868852
high52w,20,2020-07-24,77,19,True,True,,2020-05-28,135,133,0.41342828585814306,0.346068699564379
high52w,20,2020-07-31,78,19,True,True,,2020-06-04,135,133,0.027000156669108277,0.12535643054422146
high52w,20,2020-08-07,79,19,True,True,,2020-06-11,135,133,0.06361285984508902,0.10878281184644106
high52w,20,2020-08-14,80,20,True,True,,2020-06-18,135,133,0.20375989042956946,0.22327334798357257
high52w,20,2020-08-21,81,20,True,True,,2020-06-25,135,133,0.0013786794864931022,-0.025969057493413283
high52w,20,2020-08-28,82,20,True,True,,2020-07-02,135,134,0.1749874290685469,0.12684080308503684
high52w,20,2020-09-04,83,20,True,True,,2020-07-10,135,135,0.27160277046141845,0.39567013868853573
high52w,20,2020-09-14,84,21,True,True,,2020-07-17,135,135,0.18777262240517203,0.4151288564652454
high52w,20,2020-09-21,85,21,True,True,,2020-07-24,135,135,0.3248170910155107,0.33997024618066185
high52w,20,2020-09-28,86,21,True,True,,2020-07-31,135,135,0.2782070041947127,0.30484433551875534
high52w,20,2020-10-05,87,21,True,True,,2020-08-07,135,135,0.0931801561273808,0.12557198046567764
high52w,20,2020-10-12,88,22,True,True,,2020-08-14,135,135,-0.33582435705763836,-0.26969454615437294
high52w,20,2020-10-19,89,22,True,True,,2020-08-21,135,135,-0.498254436463199,-0.5216386345939406
high52w,20,2020-10-26,90,22,True,True,,2020-08-28,135,135,-0.4589113257243196,-0.46409198863137974
high52w,20,2020-11-02,91,22,True,True,,2020-09-04,135,135,-0.43094332260267293,-0.4422690469222515
high52w,20,2020-11-09,92,23,True,True,,2020-09-14,135,135,-0.2534114976419871,-0.44021974443939615
high52w,20,2020-11-16,93,23,True,True,,2020-09-21,135,135,-0.2801306103361309,-0.26551555945761396
high52w,20,2020-11-23,94,23,True,True,,2020-09-28,135,135,0.10107616389254277,0.03242122719734661
high52w,20,2020-12-01,95,23,True,True,,2020-10-05,135,135,0.03987025317241401,-0.1475632973507744
high52w,20,2020-12-08,96,24,True,True,,2020-10-12,135,135,0.1557246492596295,0.030279044410880786
high52w,20,2020-12-15,97,24,True,True,,2020-10-19,135,135,0.17844998568944723,-0.12578544262208483
high52w,20,2020-12-22,98,24,True,True,,2020-10-26,135,135,-0.016907461971557288,-0.071763730367769
high52w,20,2020-12-30,99,24,True,True,,2020-11-02,135,135,-0.03166356925671741,-0.001360842844600527
high52w,20,2021-01-07,100,25,True,True,,2020-11-09,135,135,-0.22682991660848273,-0.07084759038386582
high52w,20,2021-01-14,101,25,True,True,,2020-11-16,135,135,-0.040389169053946364,0.015641922894805253
high52w,20,2021-01-22,102,25,True,True,,2020-11-23,135,135,-0.31143470746704977,-0.2668339398424745
high52w,20,2021-01-29,103,25,True,True,,2020-12-01,135,135,-0.3106672519754171,-0.13869997565473335
high52w,20,2021-02-05,104,26,True,True,,2020-12-08,135,135,-0.3423776806263595,-0.4308559680461012
high52w,20,2021-02-12,105,26,True,True,,2020-12-15,135,135,-0.353896357216436,-0.392974424413337
high52w,20,2021-02-22,106,26,True,True,,2020-12-22,135,135,0.08269703055938625,-0.38483511522731934
high52w,20,2021-03-01,107,26,True,True,,2020-12-30,135,135,-0.13025000186232272,-0.29621120258444783
high52w,20,2021-03-08,108,27,True,True,,2021-01-07,135,135,-0.6051761388636795,0.23827523714367585
high52w,20,2021-03-15,109,27,True,True,,2021-01-14,135,135,-0.425133996029152,0.2088209619751333
high52w,20,2021-03-22,110,27,True,True,,2021-01-22,135,135,-0.13204887451187072,0.17549148926895952
high52w,20,2021-03-29,111,27,True,True,,2021-01-29,135,135,-0.3852578215802194,0.19382011511072092
high52w,20,2021-04-06,112,28,True,True,,2021-02-05,135,135,0.18649006677054306,-0.0508073570005063
high52w,20,2021-04-13,113,28,True,True,,2021-02-12,135,135,0.19313032270744077,-0.274773417469004
high52w,20,2021-04-20,114,28,True,True,,2021-02-22,135,135,0.22396694735536377,0.1726165305272187
high52w,20,2021-04-27,115,28,True,True,,2021-03-01,135,135,0.17665994139279914,0.07194687649700608
high52w,20,2021-05-04,116,29,True,True,,2021-03-08,135,135,-0.16018833060317203,0.05564551593379132
high52w,20,2021-05-11,117,29,True,True,,2021-03-15,135,135,-0.31991025265827727,-0.18838498137640527
high52w,20,2021-05-18,118,29,True,True,,2021-03-22,135,135,-0.504109375234634,-0.4315635442592636
high52w,20,2021-05-25,119,29,True,True,,2021-03-29,135,135,-0.2778669294098482,-0.5125420807119726
high52w,20,2021-06-02,120,30,True,True,,2021-04-06,135,135,-0.4539542763995986,-0.40842771114182813
high52w,20,2021-06-09,121,30,True,True,,2021-04-13,135,135,-0.33418877596702934,-0.10134242614553868
high52w,20,2021-06-16,122,30,True,True,,2021-04-20,135,135,-0.07959964832662283,0.1395445838764884
high52w,20,2021-06-23,123,30,True,True,,2021-04-27,135,135,0.23886130217741927,0.026829105429346484
high52w,20,2021-06-30,124,31,True,True,,2021-05-04,135,135,0.27427701823084155,0.05446783793298854
high52w,20,2021-07-08,125,31,True,True,,2021-05-11,136,135,0.20311061287713889,-0.13593307969954155
high52w,20,2021-07-15,126,31,True,True,,2021-05-18,136,135,0.01182686688298999,-0.010013706046875763
high52w,20,2021-07-22,127,31,True,True,,2021-05-25,137,135,0.21529866944594728,0.09160614382190632
high52w,20,2021-07-29,128,32,True,True,,2021-06-02,137,135,0.18153924829233015,-0.0920387975506016
high52w,20,2021-08-05,129,32,True,True,,2021-06-09,137,135,0.17491995163793744,-0.13323738678896307
high52w,20,2021-08-12,130,32,True,True,,2021-06-16,137,135,0.022444523963325858,-0.19224733226935112
high52w,20,2021-08-19,131,32,True,True,,2021-06-23,137,135,-0.2718147758416591,0.1035042879207372
high52w,20,2021-08-26,132,33,True,True,,2021-06-30,137,135,-0.12965953879491815,-0.022983235700379242
high52w,20,2021-09-02,133,33,True,True,,2021-07-08,137,136,-0.28877663882870275,-0.20045800439853298
high52w,20,2021-09-10,134,33,True,True,,2021-07-15,137,136,-0.1736635587951305,-0.0617773696118747
high52w,20,2021-09-17,135,33,True,True,,2021-07-22,137,137,-0.11428458085743966,-0.046735621791433965
high52w,20,2021-09-24,136,34,True,True,,2021-07-29,137,137,-0.005044420501174164,-0.03512969679520143
high52w,20,2021-10-01,137,34,True,True,,2021-08-05,137,137,0.22033645175361197,0.24869460146760958
high52w,20,2021-10-08,138,34,True,True,,2021-08-12,137,137,-0.098442323636318,0.05840433139520456
high52w,20,2021-10-15,139,34,True,True,,2021-08-19,137,137,0.016655929173321357,0.059620438378882853
high52w,20,2021-10-22,140,35,True,True,,2021-08-26,138,137,0.05094341617556426,0.13631101992324843
high52w,20,2021-10-29,141,35,True,True,,2021-09-02,139,137,0.14236484877330488,0.13415040824325794
high52w,20,2021-11-05,142,35,True,True,,2021-09-10,139,137,0.08460798607454315,0.1884021277118347
high52w,20,2021-11-12,143,35,True,True,,2021-09-17,139,137,0.18577298829549993,0.22792044066376407
high52w,20,2021-11-19,144,36,True,True,,2021-09-24,139,137,-0.05955640751475365,-0.07293858383919975
high52w,20,2021-11-29,145,36,True,True,,2021-10-01,139,137,-0.008030926064313824,-0.053800075144083664
high52w,20,2021-12-06,146,36,True,True,,2021-10-08,139,137,0.03163431294622241,-0.05204333694090178
high52w,20,2021-12-13,147,36,True,True,,2021-10-15,139,137,-0.22917022779702553,-0.18139595999430594
high52w,20,2021-12-20,148,37,True,True,,2021-10-22,139,138,-0.1106573126591894,-0.1856914930730989
high52w,20,2021-12-28,149,37,True,True,,2021-10-29,140,139,0.01311755068701641,-0.2813136593969492
high52w,20,2022-01-04,150,37,True,True,,2021-11-05,140,139,0.2708957005799279,-0.07749939037201727
high52w,20,2022-01-11,151,37,True,True,,2021-11-12,140,139,0.29303247573532265,0.11100420009118397
high52w,20,2022-01-19,152,38,True,True,,2021-11-19,140,139,0.1724606940587348,0.08533228474219322
high52w,20,2022-01-26,153,38,True,True,,2021-11-29,141,139,-0.01911048893586987,0.09858330442554183
high52w,20,2022-02-02,154,38,True,True,,2021-12-06,142,139,0.32763407555504065,0.014331295609342458
high52w,20,2022-02-09,155,38,True,True,,2021-12-13,142,139,0.390778413919422,0.18168412246816873
high52w,20,2022-02-16,156,39,True,True,,2021-12-20,143,139,0.2910663829643548,0.3027793913937173
high52w,20,2022-02-24,157,39,True,True,,2021-12-28,143,140,0.21539610624117667,0.021393111173790353
high52w,20,2022-03-03,158,39,True,True,,2022-01-04,143,140,-0.049351326465568,-0.2198202865810249
high52w,20,2022-03-10,159,39,True,True,,2022-01-11,143,140,-0.01694097948334635,-0.2555337700902321
high52w,20,2022-03-17,160,40,True,True,,2022-01-19,143,140,0.39364779080080764,0.29087927226607774
high52w,20,2022-03-24,161,40,True,True,,2022-01-26,143,141,0.489287564967044,0.555154566358811
high52w,20,2022-03-31,162,40,True,True,,2022-02-02,143,142,0.515128073093294,0.6092031568193216
high52w,20,2022-04-07,163,40,True,True,,2022-02-09,143,142,0.3721203702704384,0.45441704485325496
high52w,20,2022-04-14,164,41,True,True,,2022-02-16,143,143,0.21856231515619412,0.33518351703556926
high52w,20,2022-04-22,165,41,True,True,,2022-02-24,143,143,0.20381086050100136,0.22293082504350106
high52w,20,2022-04-29,166,41,True,True,,2022-03-03,143,143,0.07484241111001673,0.11761494968803544
high52w,20,2022-05-06,167,41,True,True,,2022-03-10,143,143,0.003939803092754086,-0.01498751382586746
high52w,20,2022-05-13,168,42,True,True,,2022-03-17,143,143,0.3679249154601267,0.335680493684369
high52w,20,2022-05-20,169,42,True,True,,2022-03-24,143,143,-0.028050001641550935,0.11287873276563107
high52w,20,2022-05-27,170,42,True,True,,2022-03-31,143,143,0.06950361648800801,0.16846178944086349
high52w,20,2022-06-06,171,42,True,True,,2022-04-07,143,143,-0.07239650021340162,0.16095768187146353
high52w,20,2022-06-13,172,43,True,True,,2022-04-14,143,143,-0.21059867362684262,-0.1060395716480783
high52w,20,2022-06-21,173,43,True,True,,2022-04-22,143,143,-0.603446436192915,-0.5580452411438326
high52w,20,2022-06-28,174,43,True,True,,2022-04-29,143,143,-0.4851193407531435,-0.37683443317246135
high52w,20,2022-07-06,175,43,True,True,,2022-05-06,143,143,-0.5751871368068551,-0.40407195073903607
high52w,20,2022-07-13,176,44,True,True,,2022-05-13,143,143,-0.6721535506746773,-0.5876259890344397
high52w,20,2022-07-20,177,44,True,True,,2022-05-20,143,143,-0.20134853409501294,-0.17305229981286316
high52w,20,2022-07-27,178,44,True,True,,2022-05-27,143,143,-0.08004612758133885,-0.020066326975898854
high52w,20,2022-08-03,179,44,True,True,,2022-06-06,143,143,0.20056489929598206,0.35466118388653595
high52w,20,2022-08-10,180,45,True,True,,2022-06-13,143,143,0.45469095625221306,0.5217751731836239
high52w,20,2022-08-17,181,45,True,True,,2022-06-21,143,143,0.3846374825103901,0.42100036114120615
high52w,20,2022-08-24,182,45,True,True,,2022-06-28,143,143,0.3999187432286023,0.45741816868577434
high52w,20,2022-08-31,183,45,True,True,,2022-07-06,143,143,0.273227945763157,0.29541350668111227
high52w,20,2022-09-08,184,46,True,True,,2022-07-13,143,143,0.08019386716569814,0.07119406415181062
high52w,20,2022-09-15,185,46,True,True,,2022-07-20,143,143,0.36635723431498074,0.3707401753176401
high52w,20,2022-09-22,186,46,True,True,,2022-07-27,143,143,0.08170819790538099,0.057466594438425424
high52w,20,2022-09-29,187,46,True,True,,2022-08-03,143,143,0.11016037952657669,-0.0062994581850411785
high52w,20,2022-10-06,188,47,True,True,,2022-08-10,143,143,0.42363915427295706,0.32985049513761117
high52w,20,2022-10-13,189,47,True,True,,2022-08-17,143,143,0.09865310745592436,0.1437717249910536
high52w,20,2022-10-20,190,47,True,True,,2022-08-24,143,143,0.10018795758232377,0.12332972192127122
high52w,20,2022-10-27,191,47,True,True,,2022-08-31,143,143,0.1726662549158364,0.18916412226271379
high52w,20,2022-11-03,192,48,True,True,,2022-09-08,143,143,-0.07413654420696673,0.01959601431432417
high52w,20,2022-11-10,193,48,True,True,,2022-09-15,143,143,0.18168237803773274,0.2139720608030467
high52w,20,2022-11-17,194,48,True,True,,2022-09-22,143,143,0.2375451174769368,0.3314701730194688
high52w,20,2022-11-25,195,48,True,True,,2022-09-29,143,143,0.2856708998469072,0.30576758921829345
high52w,20,2022-12-02,196,49,True,True,,2022-10-06,143,143,0.31705505309704796,0.2062403558882432
high52w,20,2022-12-09,197,49,True,True,,2022-10-13,143,143,-0.019165107193276208,-0.057072622213467275
high52w,20,2022-12-16,198,49,True,True,,2022-10-20,143,143,-0.39453856003151777,-0.41921927837420786
high52w,20,2022-12-23,199,49,True,True,,2022-10-27,143,143,-0.6513386847893889,-0.6471675774288524
high52w,20,2023-01-03,200,50,True,True,,2022-11-03,143,143,-0.7893931186184707,-0.7708435930266916
high52w,20,2023-01-10,201,50,True,True,,2022-11-10,143,143,-0.6936606315672168,-0.6221441558845296
high52w,20,2023-01-18,202,50,True,True,,2022-11-17,143,143,-0.5822293903279818,-0.5488417713625988
high52w,20,2023-01-25,203,50,True,True,,2022-11-25,143,143,-0.39046751370695026,-0.3217994078972523
high52w,20,2023-02-01,204,51,True,True,,2022-12-02,143,143,0.13953058890681894,0.16209605293154966
high52w,20,2023-02-08,205,51,True,True,,2022-12-09,143,143,0.34141011422146306,0.3047826586558981
high52w,20,2023-02-15,206,51,True,True,,2022-12-16,143,143,0.17352602604029405,0.2156792737778653
high52w,20,2023-02-23,207,51,True,True,,2022-12-23,143,143,0.04287119865148708,-0.038371253159985554
high52w,20,2023-03-02,208,52,True,True,,2023-01-03,143,143,-0.10734933368358772,-0.10808381759085983
high52w,20,2023-03-09,209,52,True,True,,2023-01-10,143,143,-0.1388880909106336,-0.06113962738810651
high52w,20,2023-03-16,210,52,True,True,,2023-01-18,143,143,0.009674900763019271,0.07160855576348533
high52w,20,2023-03-23,211,52,True,True,,2023-01-25,143,143,-0.07378391355619422,0.17472668176893527
high52w,20,2023-03-30,212,53,True,True,,2023-02-01,143,143,0.025296299944187264,0.13871390055738347
high52w,20,2023-04-06,213,53,True,True,,2023-02-08,143,143,0.0665936859730705,0.13361827950928712
high52w,20,2023-04-14,214,53,True,True,,2023-02-15,143,143,0.1061878262582488,-0.017380098864334254
high52w,20,2023-04-21,215,53,True,True,,2023-02-23,143,143,0.04081925787460071,-0.15045650552441675
high52w,20,2023-04-28,216,54,True,True,,2023-03-02,143,143,-0.07337883260254487,-0.20760921198303303
high52w,20,2023-05-05,217,54,True,True,,2023-03-09,143,143,-0.215635718697333,-0.2945036545202519
high52w,20,2023-05-12,218,54,True,True,,2023-03-16,143,143,-0.24154601267277323,-0.23410181935341307
high52w,20,2023-05-19,219,54,True,True,,2023-03-23,143,143,-0.08709338513420131,-0.15287005839970158
high52w,20,2023-05-26,220,55,True,True,,2023-03-30,143,143,-0.18164174114733472,-0.11604123575954561
high52w,20,2023-06-05,221,55,True,True,,2023-04-06,143,143,0.07603738849127663,0.019567307248388493
high52w,20,2023-06-12,222,55,True,True,,2023-04-14,143,143,0.022254891534664183,-0.009726189303654091
high52w,20,2023-06-20,223,55,True,True,,2023-04-21,143,143,-0.002798873063866815,-0.20117022182516356
high52w,20,2023-06-27,224,56,True,True,,2023-04-28,143,143,-0.33678359695411875,-0.25730607761083646
high52w,20,2023-07-05,225,56,True,True,,2023-05-05,143,143,-0.2013765198803005,-0.1747863086758474
high52w,20,2023-07-12,226,56,True,True,,2023-05-12,143,143,-0.09885456318700461,0.024455005088807907
high52w,20,2023-07-19,227,56,True,True,,2023-05-19,143,143,-0.07369340670356654,0.15627231637316735
high52w,20,2023-07-26,228,57,True,True,,2023-05-26,143,143,0.24052919744241716,0.3718949022037124
high52w,20,2023-08-02,229,57,True,True,,2023-06-05,143,143,0.250753582221886,0.26260483312078503
high52w,20,2023-08-09,230,57,True,True,,2023-06-12,143,143,0.06899056514784921,0.18455436217560187
high52w,20,2023-08-16,231,57,True,True,,2023-06-20,143,143,-0.1268221215404314,-0.08402159482855899
high52w,20,2023-08-23,232,58,True,True,,2023-06-27,143,143,-0.11052376710164656,-0.21567934362234414
high52w,20,2023-08-30,233,58,True,True,,2023-07-05,143,143,-0.06351481059546316,-0.12039005511176012
high52w,20,2023-09-07,234,58,True,True,,2023-07-12,143,143,0.006689704432814107,0.06449592311714301
high52w,20,2023-09-14,235,58,True,True,,2023-07-19,143,143,0.1439654942528561,0.2118235967397372
high52w,20,2023-09-21,236,59,True,True,,2023-07-26,143,143,0.02381890410059424,0.02231371430784818
high52w,20,2023-09-28,237,59,True,True,,2023-08-02,143,143,0.028883088742243674,0.040119916528390004
high52w,20,2023-10-05,238,59,True,True,,2023-08-09,143,143,-0.112712991234118,-0.054397117425182405
high52w,20,2023-10-12,239,59,True,True,,2023-08-16,143,143,-0.032310157817922916,0.04240126071111987
high52w,20,2023-10-19,240,60,True,True,,2023-08-23,143,143,-0.19822548343675103,-0.03261949130797946
high52w,20,2023-10-26,241,60,True,True,,2023-08-30,143,143,-0.16193079221248233,0.014553681310898904
high52w,20,2023-11-02,242,60,True,True,,2023-09-07,143,143,-0.18182415116513084,-0.14210491778293768
high52w,20,2023-11-09,243,60,True,True,,2023-09-14,143,143,-0.29481023671164513,-0.3281452951814174
high52w,20,2023-11-16,244,61,True,True,,2023-09-21,143,143,-0.2879838219619574,-0.3938983551659607
high52w,20,2023-11-24,245,61,True,True,,2023-09-28,143,143,-0.24307214906506383,-0.3692381562099872
high52w,20,2023-12-01,246,61,True,True,,2023-10-05,143,143,-0.41262862396063155,-0.35758724843231887
high52w,20,2023-12-08,247,61,True,True,,2023-10-12,143,143,-0.16325354441845158,-0.15241751635701112
high52w,20,2023-12-15,248,62,True,True,,2023-10-19,143,143,0.01139171809151709,0.31374142289635243
high52w,20,2023-12-22,249,62,True,True,,2023-10-26,143,143,0.34520683947118497,0.3066088840736728
high52w,20,2024-01-02,250,62,True,True,,2023-11-02,143,143,0.23372881847763619,0.301923301865322
high52w,20,2024-01-09,251,62,True,True,,2023-11-09,143,143,0.4106042082145724,0.4214723070356872
high52w,20,2024-01-17,252,63,True,True,,2023-11-16,143,143,0.3140105144156106,0.3522488816574008
high52w,20,2024-01-24,253,63,True,True,,2023-11-24,143,143,0.2848385929555906,0.23183475212482108
high52w,20,2024-01-31,254,63,True,True,,2023-12-01,143,143,0.3016362226141763,0.2554728101483228
high52w,20,2024-02-07,255,63,True,True,,2023-12-08,143,143,0.15193695143920705,0.049489067267917665
high52w,20,2024-02-14,256,64,True,True,,2023-12-15,143,143,0.005858680075964581,-0.04882282503468264
high52w,20,2024-02-22,257,64,True,True,,2023-12-22,143,143,0.07652908300358915,0.04734829312533268
high52w,20,2024-02-29,258,64,True,True,,2024-01-02,143,143,0.08434200967653065,-0.06217091359597048
high52w,20,2024-03-07,259,64,True,True,,2024-01-09,143,143,0.06344446949719193,0.009521542505600446
high52w,20,2024-03-14,260,65,True,True,,2024-01-17,143,143,0.11330671680679717,-0.00558959563784486
high52w,20,2024-03-21,261,65,True,True,,2024-01-24,143,143,0.08769889184963148,-0.21400432043033107
high52w,20,2024-03-28,262,65,True,True,,2024-01-31,143,143,0.17319061022735371,-0.00561823113957561
high52w,20,2024-04-05,263,65,True,True,,2024-02-07,143,143,-0.1043933422830448,-0.17885341469657
high52w,20,2024-04-12,264,66,True,True,,2024-02-14,143,143,0.13087264847828228,-0.09102538728551286
high52w,20,2024-04-19,265,66,True,True,,2024-02-22,143,143,-0.1974682921027559,0.054500747431042336
high52w,20,2024-04-26,266,66,True,True,,2024-02-29,143,143,0.1374385411325637,0.17453595200920677
high52w,20,2024-05-03,267,66,True,True,,2024-03-07,143,143,0.2994196788959423,0.26769597223428265
high52w,20,2024-05-10,268,67,True,True,,2024-03-14,143,143,-0.037603876650828705,-0.11840664782047025
high52w,20,2024-05-17,269,67,True,True,,2024-03-21,143,143,0.06447126085605685,0.14508983490625163
high52w,20,2024-05-24,270,67,True,True,,2024-03-28,143,143,0.025520264388105302,-0.018210888591432585
high52w,20,2024-06-03,271,67,True,True,,2024-04-05,143,143,-0.2244058601227207,-0.07957408508041323
high52w,20,2024-06-10,272,68,True,True,,2024-04-12,143,143,-0.017451508229999604,-0.12086739551528282
high52w,20,2024-06-17,273,68,True,True,,2024-04-19,143,143,-0.4331986767714543,-0.002661391762342565
high52w,20,2024-06-25,274,68,True,True,,2024-04-26,143,143,-0.10471150472809646,-0.09963555491744054
high52w,20,2024-07-02,275,68,True,True,,2024-05-03,143,143,-0.13449862330465964,0.045182181656963506
high52w,20,2024-07-10,276,69,True,True,,2024-05-10,143,143,-0.13875262014067768,0.08970192006276037
high52w,20,2024-07-17,277,69,True,True,,2024-05-17,143,143,0.22634856297697686,0.18267747824199776
high52w,20,2024-07-24,278,69,True,True,,2024-05-24,143,143,-0.08313530449387048,-0.15707178654445764
high52w,20,2024-07-31,279,69,True,True,,2024-06-03,143,143,0.12442298478690787,0.17957066869921523
high52w,20,2024-08-07,280,70,True,True,,2024-06-10,143,143,-0.11982090679273778,-0.05790205118852339
high52w,20,2024-08-14,281,70,True,True,,2024-06-17,143,143,0.11371593017435176,-0.1235198683223227
high52w,20,2024-08-21,282,70,True,True,,2024-06-25,143,143,0.13900526437470542,-0.019358188038504053
high52w,20,2024-08-28,283,70,True,True,,2024-07-02,143,143,-0.11545953810246196,-0.060035525932788214
high52w,20,2024-09-05,284,71,True,True,,2024-07-10,143,143,-0.25422549807530437,-0.01449383602229836
high52w,20,2024-09-12,285,71,True,True,,2024-07-17,143,143,-0.3781140164583214,-0.30221538644488877
high52w,20,2024-09-19,286,71,True,True,,2024-07-24,143,143,-0.014905115634397649,-0.13535343635976277
high52w,20,2024-09-26,287,71,True,True,,2024-07-31,143,143,0.0010472195798989761,-0.08035492884116624
high52w,20,2024-10-03,288,72,True,True,,2024-08-07,143,143,-0.08111503098553861,-0.091028103352047
high52w,20,2024-10-10,289,72,True,True,,2024-08-14,143,143,0.09147099779101951,-0.16135374016943244
high52w,20,2024-10-17,290,72,True,True,,2024-08-21,143,143,-0.08596225429354767,-0.14657624085802543
high52w,20,2024-10-24,291,72,True,True,,2024-08-28,143,143,0.11556217925509767,-0.19587399063354097
high52w,20,2024-10-31,292,73,True,True,,2024-09-05,143,143,0.0828642895440862,-0.19453398969708904
high52w,20,2024-11-07,293,73,True,True,,2024-09-12,143,143,0.2644504112756141,-0.010212752243915796
high52w,20,2024-11-14,294,73,True,True,,2024-09-19,143,143,0.03854030296255586,0.07741043926251683
high52w,20,2024-11-21,295,73,True,True,,2024-09-26,143,143,0.02169399102122558,0.1425409584263277
high52w,20,2024-11-29,296,74,True,True,,2024-10-03,143,143,0.07781894848168645,0.07151799933510648
high52w,20,2024-12-06,297,74,True,True,,2024-10-10,143,143,-0.14895927047904872,-0.028512093222695406
high52w,20,2024-12-13,298,74,True,True,,2024-10-17,143,143,-0.1713717601112344,0.14727693872365138
high52w,20,2024-12-20,299,74,True,True,,2024-10-24,143,143,-0.22646244384106506,-0.07815926467795804
high52w,20,2024-12-30,300,75,True,True,,2024-10-31,143,143,0.017650776453593354,0.010011511494579317
high52w,20,2025-01-07,301,75,True,True,,2024-11-07,143,143,0.10773909189402148,-0.004297179462798219
high52w,20,2025-01-15,302,75,True,True,,2024-11-14,143,143,-0.1311585073347165,-0.07396159514334807
high52w,20,2025-01-23,303,75,True,True,,2024-11-21,143,143,-0.2461981822097888,-0.15440171067427308
high52w,20,2025-01-30,304,76,True,True,,2024-11-29,143,143,0.1532037947086191,0.05703500571949691
high52w,20,2025-02-06,305,76,True,True,,2024-12-06,143,143,-0.07920564165756533,-0.35778225551855103
high52w,20,2025-02-13,306,76,True,True,,2024-12-13,143,143,-0.043946502208772595,-0.32481303623353325
high52w,20,2025-02-21,307,76,True,True,,2024-12-20,143,143,0.28325898445273023,-0.03804503394425032
high52w,20,2025-02-28,308,77,True,True,,2024-12-30,143,143,0.29701710903574935,-0.08212268951705572
high52w,20,2025-03-07,309,77,True,True,,2025-01-07,143,143,0.5067752321272003,0.14518286877441805
high52w,20,2025-03-14,310,77,True,True,,2025-01-15,143,143,0.35533421977083945,0.1761994854003166
high52w,20,2025-03-21,311,77,True,True,,2025-01-23,143,143,0.4889605699464854,0.10471619756829323
high52w,20,2025-03-28,312,78,True,True,,2025-01-30,143,143,-0.19590268886043535,-0.004467014252713053
high52w,20,2025-04-04,313,78,True,True,,2025-02-06,143,143,-0.5933755211924225,-0.025227003029879604
high52w,20,2025-04-11,314,78,True,True,,2025-02-13,143,143,-0.6772040665365879,-0.22126094212292652
high52w,20,2025-04-21,315,78,True,True,,2025-02-21,143,143,-0.6771315538921173,-0.4790968149717574
high52w,20,2025-04-28,316,79,True,True,,2025-02-28,143,143,-0.40094717586282125,-0.4345243837955578
high52w,20,2025-05-05,317,79,True,True,,2025-03-07,143,143,-0.3290502357714919,-0.5125003466075311
high52w,20,2025-05-12,318,79,True,True,,2025-03-14,143,143,-0.1538163198148218,-0.3178124692209199
high52w,20,2025-05-19,319,79,True,True,,2025-03-21,143,143,-0.13557444021090484,-0.23652697068190026
high52w,20,2025-05-27,320,80,True,True,,2025-03-28,143,143,-0.22333593267643703,-0.45933057552775863
high52w,20,2025-06-03,321,80,True,True,,2025-04-04,143,143,-0.38974760518134477,-0.6195664663974523
high52w,20,2025-06-10,322,80,True,True,,2025-04-11,143,143,-0.1452486798326791,-0.44832238451957396
high52w,20,2025-06-17,323,80,True,True,,2025-04-21,143,143,-0.11488988028418096,-0.39871220328966805
high52w,20,2025-06-25,324,81,True,True,,2025-04-28,143,143,0.011047660481700689,-0.19372783262739665
high52w,20,2025-07-02,325,81,True,True,,2025-05-05,143,143,0.19994511955715477,-0.03108699845309368
high52w,20,2025-07-10,326,81,True,True,,2025-05-12,143,143,0.16477799400671347,0.06346988133617001
high52w,20,2025-07-17,327,81,True,True,,2025-05-19,143,143,0.07910386643613497,-0.029014720020913074
high52w,20,2025-07-24,328,82,True,True,,2025-05-27,143,143,0.027076528298498215,0.015589165384249797
high52w,20,2025-07-31,329,82,True,True,,2025-06-03,143,143,-0.2152138453257947,-0.16363903395381224
high52w,20,2025-08-07,330,82,True,True,,2025-06-10,143,143,-0.25662512413624244,-0.2527375454890951
high52w,20,2025-08-14,331,82,True,True,,2025-06-17,143,143,-0.06630605203469,-0.06407351818792328
high52w,20,2025-08-21,332,83,True,True,,2025-06-25,143,143,-0.21260900046848427,0.0393585734069359
high52w,20,2025-08-28,333,83,True,True,,2025-07-02,143,143,0.08344695300001222,0.003482791701172321
high52w,20,2025-09-05,334,83,True,True,,2025-07-10,143,143,-0.08434551169934959,-0.05359389887281136
high52w,20,2025-09-12,335,83,True,True,,2025-07-17,143,143,-0.09685485175930235,-0.0363100052440406
high52w,20,2025-09-19,336,84,True,True,,2025-07-24,143,143,-0.06388816658675574,0.0027922413167999365
high52w,20,2025-09-26,337,84,True,True,,2025-07-31,143,143,-0.029027966702245656,0.12217292020621733
high52w,20,2025-10-03,338,84,True,True,,2025-08-07,143,143,0.20628127143859623,0.058132617027455126
high52w,20,2025-10-10,339,84,True,True,,2025-08-14,143,143,0.027773274867622683,0.046130231794374574
high52w,20,2025-10-17,340,85,True,True,,2025-08-21,143,143,0.12839654120823368,0.08494099956946663
high52w,20,2025-10-24,341,85,True,True,,2025-08-28,143,143,0.12293581183484267,0.18471086934354639
high52w,20,2025-10-31,342,85,True,True,,2025-09-05,143,143,0.031825383385379366,0.28369531584957897
high52w,20,2025-11-07,343,85,True,True,,2025-09-12,143,143,0.07941458943248648,0.09742960927228568
high52w,20,2025-11-14,344,86,True,True,,2025-09-19,143,143,0.03545877355559703,0.12497366185764182
high52w,20,2025-11-21,345,86,True,True,,2025-09-26,143,143,-0.2177642436841206,0.06994631410741967
high52w,20,2025-12-01,346,86,True,True,,2025-10-03,143,143,-0.009833091885665408,0.019169954247918668
high52w,20,2025-12-08,347,86,True,True,,2025-10-10,143,143,0.24852946035374832,-0.08726779511231068
high52w,20,2025-12-15,348,87,True,True,,2025-10-17,143,143,0.12781786006587487,0.09010247593897498
high52w,20,2025-12-22,349,87,True,True,,2025-10-24,143,143,0.1288149016140942,0.10644341881589604
high52w,20,2025-12-30,350,87,True,True,,2025-10-31,143,143,0.23479513444302175,0.06177506388100913
high52w,20,2026-01-07,351,87,True,True,,2025-11-07,143,143,0.24592305016905547,0.13510740486395117
high52w,20,2026-01-14,352,88,True,True,,2025-11-14,143,143,0.3345926344972442,0.184804233010247
high52w,20,2026-01-22,353,88,True,True,,2025-11-21,143,143,0.3712099476128522,0.31615625231742445
high52w,20,2026-01-29,354,88,True,True,,2025-12-01,143,143,0.32144624683459,0.2563662704147524
high52w,20,2026-02-05,355,88,True,True,,2025-12-08,143,143,-0.26064432131631865,-0.2836009053585781
high52w,20,2026-02-12,356,89,False,True,,2025-12-15,143,143,-0.11013259248604232,-0.2670610784076966
high52w,20,2026-02-20,357,89,False,True,,2025-12-22,143,143,-0.18432573935792246,-0.2844317228178117
high52w,20,2026-02-27,358,89,False,True,,2025-12-30,143,143,0.12575913650141982,-0.08147838077415542
high52w,60,2019-01-14,0,0,True,True,,2018-07-23,129,127,-0.20114042933810378,0.1945363798014675
high52w,60,2019-01-22,1,0,True,True,,2018-07-30,130,127,-0.31532043316172553,-0.05637219003301444
high52w,60,2019-01-29,2,0,True,True,,2018-08-06,130,128,-0.13440303704816398,0.20172070354080007
high52w,60,2019-02-05,3,0,True,True,,2018-08-13,130,128,-0.03958922256928829,0.19884463190770724
high52w,60,2019-02-12,4,0,True,True,,2018-08-20,130,128,0.05393168828742103,0.24533908495342482
high52w,60,2019-02-20,5,0,True,True,,2018-08-27,130,128,0.22984961492497566,0.29327049409735745
high52w,60,2019-02-27,6,0,True,True,,2018-09-04,130,128,0.2609111624764906,0.29012441180889775
high52w,60,2019-03-06,7,0,True,True,,2018-09-11,130,128,0.2997255185787051,0.33436179725383697
high52w,60,2019-03-13,8,0,True,True,,2018-09-18,130,128,0.374526979365597,0.31151772989274473
high52w,60,2019-03-20,9,0,True,True,,2018-09-25,130,128,0.33017459802415405,0.23921098489138884
high52w,60,2019-03-27,10,0,True,True,,2018-10-02,130,128,0.20170178713614123,0.17099886742381706
high52w,60,2019-04-03,11,0,True,True,,2018-10-09,130,128,0.19101726107400632,0.1655691573905818
high52w,60,2019-04-10,12,1,True,True,,2018-10-16,130,128,0.2198640998298969,0.3108422841694147
high52w,60,2019-04-17,13,1,True,True,,2018-10-23,130,128,0.08228974984930254,0.37393563449917594
high52w,60,2019-04-25,14,1,True,True,,2018-10-30,130,128,0.13522970400622156,0.23965504424764375
high52w,60,2019-05-02,15,1,True,True,,2018-11-06,130,128,0.14895464911442188,0.1987273211285514
high52w,60,2019-05-09,16,1,True,True,,2018-11-13,130,128,0.3431104386386171,0.2893828022693911
high52w,60,2019-05-16,17,1,True,True,,2018-11-20,130,128,0.22048915361733035,0.18297930781908073
high52w,60,2019-05-23,18,1,True,True,,2018-11-28,131,128,0.05471970171632416,-0.028730723540360385
high52w,60,2019-05-31,19,1,True,True,,2018-12-06,131,128,0.1159611380985427,-0.013692475961787434
high52w,60,2019-06-07,20,1,True,True,,2018-12-13,131,128,0.1175204734829352,0.04904735064121558
high52w,60,2019-06-14,21,1,True,True,,2018-12-20,131,128,-0.15721800170737654,-0.16846731367881337
high52w,60,2019-06-21,22,1,True,True,,2018-12-28,131,128,-0.07224139372047206,-0.13879669474455228
high52w,60,2019-06-28,23,1,True,True,,2019-01-07,131,129,0.14837848664033707,0.059330277280858684
high52w,60,2019-07-08,24,2,True,True,,2019-01-14,131,129,0.0705995438631886,-0.005618291592128803
high52w,60,2019-07-15,25,2,True,True,,2019-01-22,131,130,0.15225765489187615,0.10688934711657948
high52w,60,2019-07-22,26,2,True,True,,2019-01-29,131,130,0.14505968564293673,0.030531619986617322
high52w,60,2019-07-29,27,2,True,True,,2019-02-05,131,130,0.07740979742458254,-0.10379504831325717
high52w,60,2019-08-05,28,2,True,True,,2019-02-12,131,130,-0.15362195056851544,-0.3490599208035681
high52w,60,2019-08-12,29,2,True,True,,2019-02-20,131,130,-0.40189719691597514,-0.41438388910659774
high52w,60,2019-08-19,30,2,True,True,,2019-02-27,131,130,-0.3514190513319249,-0.3154791744665682
high52w,60,2019-08-26,31,2,True,True,,2019-03-06,131,130,-0.3476985493630156,-0.3737726856846331
high52w,60,2019-09-03,32,2,True,True,,2019-03-13,131,130,-0.40701995311134614,-0.41033934733919686
high52w,60,2019-09-10,33,2,True,True,,2019-03-20,131,130,-0.1651414350147063,-0.20609487155757156
high52w,60,2019-09-17,34,2,True,True,,2019-03-27,131,130,-0.10826638199505939,-0.31959786368526394
high52w,60,2019-09-24,35,2,True,True,,2019-04-03,131,130,-0.22897136453796396,-0.33173605115109434
high52w,60,2019-10-01,36,3,True,True,,2019-04-10,131,130,-0.3119472481015537,-0.3880102540062526
high52w,60,2019-10-08,37,3,True,True,,2019-04-17,131,130,-0.36010783110019745,-0.27634764308515736
high52w,60,2019-10-15,38,3,True,True,,2019-04-25,131,130,-0.22802428216706083,-0.32188209540884627
high52w,60,2019-10-22,39,3,True,True,,2019-05-02,131,130,-0.30359850896644136,-0.14415327261057778
high52w,60,2019-10-29,40,3,True,True,,2019-05-09,131,130,-0.10308062064953367,0.0031271806622824258
high52w,60,2019-11-05,41,3,True,True,,2019-05-16,131,130,-0.07562783628432602,0.22256676417016177
high52w,60,2019-11-12,42,3,True,True,,2019-05-23,131,131,-0.024370579077963066,0.12526962253586826
high52w,60,2019-11-19,43,3,True,True,,2019-05-31,131,131,0.028407423465110323,0.13434046869161373
high52w,60,2019-11-26,44,3,True,True,,2019-06-07,131,131,0.03336183421443359,0.25489151110714525
high52w,60,2019-12-04,45,3,True,True,,2019-06-14,131,131,0.05569998667405206,0.22406622245168403
high52w,60,2019-12-11,46,3,True,True,,2019-06-21,131,131,0.007390853290435337,0.32029954524763776
high52w,60,2019-12-18,47,3,True,True,,2019-06-28,131,131,0.12592022326155553,0.26252235429076654
high52w,60,2019-12-26,48,4,True,True,,2019-07-08,131,131,0.05908898031220806,0.2519078222494465
high52w,60,2020-01-03,49,4,True,True,,2019-07-15,131,131,0.10280382813702653,0.245513396816768
high52w,60,2020-01-10,50,4,True,True,,2019-07-22,131,131,0.17359099246789245,0.3111747003075039
high52w,60,2020-01-17,51,4,True,True,,2019-07-29,131,131,0.18219737448411374,0.17820722441484185
high52w,60,2020-01-27,52,4,True,True,,2019-08-05,131,131,0.34265581221334607,0.18072919446965252
high52w,60,2020-02-03,53,4,True,True,,2019-08-12,132,131,0.1692723563641356,0.0698236791964211
high52w,60,2020-02-10,54,4,True,True,,2019-08-19,132,131,0.28787135636035255,0.16291550562415713
high52w,60,2020-02-18,55,4,True,True,,2019-08-26,132,131,0.29412205028889954,0.15250830765661286
high52w,60,2020-02-25,56,4,True,True,,2019-09-03,132,131,0.10246121897387464,-0.030538513212054547
high52w,60,2020-03-03,57,4,True,True,,2019-09-10,132,131,0.14047262500456553,-0.17058929531412953
high52w,60,2020-03-10,58,4,True,True,,2019-09-17,132,131,-0.22257413137284568,-0.3097344189012051
high52w,60,2020-03-17,59,4,True,True,,2019-09-24,132,131,-0.487213870902099,-0.3367571386116756
high52w,60,2020-03-24,60,5,True,True,,2019-10-01,132,131,-0.1875577215070987,-0.26718660543797534
high52w,60,2020-03-31,61,5,True,True,,2019-10-08,133,131,-0.12928862182593526,-0.3056798163668392
high52w,60,2020-04-07,62,5,True,True,,2019-10-15,133,131,-0.10037134899664357,-0.2141461448840828
high52w,60,2020-04-15,63,5,True,True,,2019-10-22,133,131,0.0037900235155384145,-0.28749066038822396
high52w,60,2020-04-22,64,5,True,True,,2019-10-29,133,131,-0.10496220197712736,-0.21043780301970116
high52w,60,2020-04-29,65,5,True,True,,2019-11-05,133,131,0.2899582742473551,-0.08550441655007732
high52w,60,2020-05-06,66,5,True,True,,2019-11-12,133,131,0.15022310298711344,0.0030169538078547616
high52w,60,2020-05-13,67,5,True,True,,2019-11-19,133,131,-0.0614307921654943,0.0966119384876393
high52w,60,2020-05-20,68,5,True,True,,2019-11-26,133,131,0.07438414983547131,0.14087829144416786
high52w,60,2020-05-28,69,5,True,True,,2019-12-04,133,131,0.3725477193662582,0.02951020953940577
high52w,60,2020-06-04,70,5,True,True,,2019-12-11,133,131,0.532919134269664,0.13089393424989923
high52w,60,2020-06-11,71,5,True,True,,2019-12-18,133,131,0.43713081890615274,0.19411298767264354
high52w,60,2020-06-18,72,6,True,True,,2019-12-26,133,131,0.3878933807185647,0.17497508930674746
high52w,60,2020-06-25,73,6,True,True,,2020-01-03,133,131,0.29473936574875526,0.15195520654750735
high52w,60,2020-07-02,74,6,True,True,,2020-01-10,134,131,0.36618802845513304,0.1384594185069105
high52w,60,2020-07-10,75,6,True,True,,2020-01-17,135,131,0.20013187267360738,0.23242905754382617
high52w,60,2020-07-17,76,6,True,True,,2020-01-27,135,131,0.4019507433321346,0.12354464170956361
high52w,60,2020-07-24,77,6,True,True,,2020-02-03,135,132,0.4158427433375822,0.09296464111927602
high52w,60,2020-07-31,78,6,True,True,,2020-02-10,135,132,0.2309300340579366,0.08761245217637426
high52w,60,2020-08-07,79,6,True,True,,2020-02-18,135,132,0.26153959009775746,0.1682471846728968
high52w,60,2020-08-14,80,6,True,True,,2020-02-25,135,132,0.12333297590781467,-0.03365457363046756
high52w,60,2020-08-21,81,6,True,True,,2020-03-03,135,132,-0.16109320768017985,-0.18059200743009501
high52w,60,2020-08-28,82,6,True,True,,2020-03-10,135,132,-0.1982003467885063,-0.359258660182726
high52w,60,2020-09-04,83,6,True,True,,2020-03-17,135,132,-0.1178665496049166,-0.3683688749980433
high52w,60,2020-09-14,84,7,True,True,,2020-03-24,135,132,-0.37681834567791944,-0.4155948511111226
high52w,60,2020-09-21,85,7,True,True,,2020-03-31,135,133,-0.34619549312262227,-0.5656440966731618
high52w,60,2020-09-28,86,7,True,True,,2020-04-07,135,133,-0.26215003414301047,-0.4795043919160179
high52w,60,2020-10-05,87,7,True,True,,2020-04-15,135,133,-0.29686326480161407,-0.5130457404385231
high52w,60,2020-10-12,88,7,True,True,,2020-04-22,135,133,-0.3128148322940517,-0.537537874537089
high52w,60,2020-10-19,89,7,True,True,,2020-04-29,135,133,-0.4010296568992066,-0.47797920853694614
high52w,60,2020-10-26,90,7,True,True,,2020-05-06,135,133,-0.32934835625792613,-0.4149957853368793
high52w,60,2020-11-02,91,7,True,True,,2020-05-13,135,133,-0.38344551751048683,-0.30168318738252486
high52w,60,2020-11-09,92,7,True,True,,2020-05-20,135,133,-0.20292257863324786,-0.18312732468758808
high52w,60,2020-11-16,93,7,True,True,,2020-05-28,135,133,-0.12465171359161159,-0.15955254486283552
high52w,60,2020-11-23,94,7,True,True,,2020-06-04,135,133,0.004675426016006739,-0.14499517958166816
high52w,60,2020-12-01,95,7,True,True,,2020-06-11,135,133,-0.019098995449037173,-0.32486916069005617
high52w,60,2020-12-08,96,8,True,True,,2020-06-18,135,133,-0.2734046862146638,-0.5569616384402294
high52w,60,2020-12-15,97,8,True,True,,2020-06-25,135,133,-0.11571732175695292,-0.4814197030275699
high52w,60,2020-12-22,98,8,True,True,,2020-07-02,135,134,-0.35220625169387226,-0.5878518585695469
high52w,60,2020-12-30,99,8,True,True,,2020-07-10,135,135,-0.25223050000879477,-0.6074349174914015
high52w,60,2021-01-07,100,8,True,True,,2020-07-17,135,135,-0.1964156748939391,-0.3939336310114729
high52w,60,2021-01-14,101,8,True,True,,2020-07-24,135,135,-0.14642848242579382,-0.24028973496890835
high52w,60,2021-01-22,102,8,True,True,,2020-07-31,135,135,-0.3474120726018297,-0.5017026852051818
high52w,60,2021-01-29,103,8,True,True,,2020-08-07,135,135,-0.33743049458589414,-0.39851700509701016
high52w,60,2021-02-05,104,8,True,True,,2020-08-14,135,135,-0.27495000050528434,-0.31720535082697676
high52w,60,2021-02-12,105,8,True,True,,2020-08-21,135,135,-0.2793449541869647,-0.38025444321890184
high52w,60,2021-02-22,106,8,True,True,,2020-08-28,135,135,0.1501995286208818,-0.32676194041713447
high52w,60,2021-03-01,107,8,True,True,,2020-09-04,135,135,-0.03949173029641008,0.005575065847234417
high52w,60,2021-03-08,108,9,True,True,,2020-09-14,135,135,-0.16483524176365288,0.12863196543613648
high52w,60,2021-03-15,109,9,True,True,,2020-09-21,135,135,0.009233599968916132,-0.006740805775046339
high52w,60,2021-03-22,110,9,True,True,,2020-09-28,135,135,-0.1917225569430995,-0.04790264364452249
high52w,60,2021-03-29,111,9,True,True,,2020-10-05,135,135,-0.33470413549320577,0.04582174789301543
high52w,60,2021-04-06,112,9,True,True,,2020-10-12,135,135,-0.2667471682169795,0.0460190495271732
high52w,60,2021-04-13,113,9,True,True,,2020-10-19,135,135,-0.05426758094975615,0.013596251092892623
high52w,60,2021-04-20,114,9,True,True,,2020-10-26,135,135,-0.04432948476666452,-0.010116086235489222
high52w,60,2021-04-27,115,9,True,True,,2020-11-02,135,135,-0.03602933015247877,0.10499951224270807
high52w,60,2021-05-04,116,9,True,True,,2020-11-09,135,135,-0.3137608973011907,0.21014016469523808
high52w,60,2021-05-11,117,9,True,True,,2020-11-16,135,135,-0.49674665886255004,0.21837558183620362
high52w,60,2021-05-18,118,9,True,True,,2020-11-23,135,135,-0.36217618855268674,0.2848199177713447
high52w,60,2021-05-25,119,9,True,True,,2020-12-01,135,135,-0.05041483960083188,0.2938732016084442
high52w,60,2021-06-02,120,10,True,True,,2020-12-08,135,135,-0.28914817523558,0.37059991520728547
high52w,60,2021-06-09,121,10,True,True,,2020-12-15,135,135,-0.22523846345524443,0.4121972192409951
high52w,60,2021-06-16,122,10,True,True,,2020-12-22,135,135,-0.15545087729364462,0.581647929626599
high52w,60,2021-06-23,123,10,True,True,,2020-12-30,135,135,0.05060339709174455,0.39677998637448236
high52w,60,2021-06-30,124,10,True,True,,2021-01-07,135,135,0.1936015686374051,0.24704375012463628
high52w,60,2021-07-08,125,10,True,True,,2021-01-14,136,135,0.0022136876512106837,0.10155788272478793
high52w,60,2021-07-15,126,10,True,True,,2021-01-22,136,135,-0.12798444713050866,0.11602029491531843
high52w,60,2021-07-22,127,10,True,True,,2021-01-29,137,135,-0.023753148572890005,0.046195493122622194
high52w,60,2021-07-29,128,10,True,True,,2021-02-05,137,135,0.0071193694037083735,0.19690229002510184
high52w,60,2021-08-05,129,10,True,True,,2021-02-12,137,135,0.10316073462887329,0.20371327395238994
high52w,60,2021-08-12,130,10,True,True,,2021-02-22,137,135,-0.07198032622695409,0.05749407949989277
high52w,60,2021-08-19,131,10,True,True,,2021-03-01,137,135,-0.2390791947894577,0.09547209974660363
high52w,60,2021-08-26,132,11,True,True,,2021-03-08,137,135,0.01007290966662227,-0.28346618448857763
high52w,60,2021-09-02,133,11,True,True,,2021-03-15,137,135,0.07321608109961047,-0.19743048949410275
high52w,60,2021-09-10,134,11,True,True,,2021-03-22,137,135,0.025869502059940295,-0.015315952495836067
high52w,60,2021-09-17,135,11,True,True,,2021-03-29,137,135,0.17248279314094236,-0.04550465925114957
high52w,60,2021-09-24,136,11,True,True,,2021-04-06,137,135,0.07070596069145786,-0.0831037380456703
high52w,60,2021-10-01,137,11,True,True,,2021-04-13,137,135,0.037563210132045756,-0.039555166907537395
high52w,60,2021-10-08,138,11,True,True,,2021-04-20,137,135,-0.03827326990280446,-0.04461973008645726
high52w,60,2021-10-15,139,11,True,True,,2021-04-27,137,135,-0.06137845352400896,0.02737359855919216
high52w,60,2021-10-22,140,11,True,True,,2021-05-04,138,135,-0.20505590927167214,0.030312493468081136
high52w,60,2021-10-29,141,11,True,True,,2021-05-11,139,135,-0.2771928669903941,0.3147936786654961
high52w,60,2021-11-05,142,11,True,True,,2021-05-18,139,135,-0.10994329025345088,0.37202405631140184
high52w,60,2021-11-12,143,11,True,True,,2021-05-25,139,135,-0.0859545994986952,0.18428048132343552
high52w,60,2021-11-19,144,12,True,True,,2021-06-02,139,135,-0.2788503623061823,0.28854448988333087
high52w,60,2021-11-29,145,12,True,True,,2021-06-09,139,135,-0.18091705561243862,0.19706292027511108
high52w,60,2021-12-06,146,12,True,True,,2021-06-16,139,135,0.055466180574729844,0.18171907828405653
high52w,60,2021-12-13,147,12,True,True,,2021-06-23,139,135,0.058673369685963365,0.017789723269095083
high52w,60,2021-12-20,148,12,True,True,,2021-06-30,139,135,0.12233790607265739,-0.08294840966057923
high52w,60,2021-12-28,149,12,True,True,,2021-07-08,140,136,0.0837528711420441,-0.0002242312922562546
high52w,60,2022-01-04,150,12,True,True,,2021-07-15,140,136,0.09459933197569652,0.1345610247820624
high52w,60,2022-01-11,151,12,True,True,,2021-07-22,140,137,0.25645701710203067,0.17751689404409746
high52w,60,2022-01-19,152,12,True,True,,2021-07-29,140,137,0.4299796636854651,0.17314923028113577
high52w,60,2022-01-26,153,12,True,True,,2021-08-05,141,137,0.407031153011791,0.057840353033602084
high52w,60,2022-02-02,154,12,True,True,,2021-08-12,142,137,0.47688105200704384,-0.03471288943391617
high52w,60,2022-02-09,155,12,True,True,,2021-08-19,142,137,0.4473167457817992,0.048196707770019526
high52w,60,2022-02-16,156,13,True,True,,2021-08-26,143,137,0.43705100558586557,-0.09038546004841223
high52w,60,2022-02-24,157,13,True,True,,2021-09-02,143,137,0.5262566072425227,-0.07941188123990695
high52w,60,2022-03-03,158,13,True,True,,2021-09-10,143,137,0.489696329763337,-0.10508814322274503
high52w,60,2022-03-10,159,13,True,True,,2021-09-17,143,137,0.4363287157629322,-0.1355640314513956
high52w,60,2022-03-17,160,13,True,True,,2021-09-24,143,137,0.5675845663602189,-0.22899567233455215
high52w,60,2022-03-24,161,13,True,True,,2021-10-01,143,137,0.47307525333791733,0.04268535998853083
high52w,60,2022-03-31,162,13,True,True,,2021-10-08,143,137,0.47642811269407975,0.11536370284621246
high52w,60,2022-04-07,163,13,True,True,,2021-10-15,143,137,0.41825808381051766,-0.010929577752544021
high52w,60,2022-04-14,164,13,True,True,,2021-10-22,143,138,0.28996955849210615,-0.0852818798681302
high52w,60,2022-04-22,165,13,True,True,,2021-10-29,143,139,-0.10678699235037264,-0.017713122915322753
high52w,60,2022-04-29,166,13,True,True,,2021-11-05,143,139,0.018089891329327947,0.05223135996947414
high52w,60,2022-05-06,167,13,True,True,,2021-11-12,143,139,-0.3857559703192845,0.2221022858886757
high52w,60,2022-05-13,168,14,True,True,,2021-11-19,143,139,-0.5014814997209364,0.2744500390598602
high52w,60,2022-05-20,169,14,True,True,,2021-11-29,143,139,-0.5089915952592009,0.2130228835735018
high52w,60,2022-05-27,170,14,True,True,,2021-12-06,143,139,-0.1951633969531582,0.14210192363002208
high52w,60,2022-06-06,171,14,True,True,,2021-12-13,143,139,-0.15634951902557537,0.2267281107723965
high52w,60,2022-06-13,172,14,True,True,,2021-12-20,143,139,-0.34027298992087723,0.12998793511774429
high52w,60,2022-06-21,173,14,True,True,,2021-12-28,143,140,-0.1948356807511737,0.0898195743107309
high52w,60,2022-06-28,174,14,True,True,,2022-01-04,143,140,-0.05988377819363734,0.24196725811284323
high52w,60,2022-07-06,175,14,True,True,,2022-01-11,143,140,-0.10358186414524442,0.2722309767111966
high52w,60,2022-07-13,176,14,True,True,,2022-01-19,143,140,-0.17925736235595388,0.03288797533401851
high52w,60,2022-07-20,177,14,True,True,,2022-01-26,143,141,0.2839308578745199,0.4278326462329809
high52w,60,2022-07-27,178,14,True,True,,2022-02-02,143,142,0.15361633671492825,0.23315661251698971
high52w,60,2022-08-03,179,14,True,True,,2022-02-09,143,142,0.23501493299912748,0.397258379896087
high52w,60,2022-08-10,180,15,True,True,,2022-02-16,143,143,0.4254589179708419,0.4581595152691485
high52w,60,2022-08-17,181,15,True,True,,2022-02-24,143,143,0.3865581049890763,0.36863899011786333
high52w,60,2022-08-24,182,15,True,True,,2022-03-03,143,143,0.3216249712728586,0.29118288151296545
high52w,60,2022-08-31,183,15,True,True,,2022-03-10,143,143,0.35553530976066183,0.33843997711794216
high52w,60,2022-09-08,184,15,True,True,,2022-03-17,143,143,0.361994812699038,0.3262556009215879
high52w,60,2022-09-15,185,15,True,True,,2022-03-24,143,143,0.2940920581765652,0.21653902200745995
high52w,60,2022-09-22,186,15,True,True,,2022-03-31,143,143,0.24640910732460025,0.11972159011093059
high52w,60,2022-09-29,187,15,True,True,,2022-04-07,143,143,0.33030056797662427,0.24320852457038786
high52w,60,2022-10-06,188,15,True,True,,2022-04-14,143,143,0.3295659739321711,0.31299005192485096
high52w,60,2022-10-13,189,15,True,True,,2022-04-22,143,143,0.09624413145539906,0.10674184969959616
high52w,60,2022-10-20,190,15,True,True,,2022-04-29,143,143,-0.005179093207262221,0.025780557470698313
high52w,60,2022-10-27,191,15,True,True,,2022-05-06,143,143,-0.05562452420476659,0.02548970521780795
high52w,60,2022-11-03,192,16,True,True,,2022-05-13,143,143,-0.45747562296858063,-0.32473160642174725
high52w,60,2022-11-10,193,16,True,True,,2022-05-20,143,143,-0.4517476721229155,-0.3924989329918907
high52w,60,2022-11-17,194,16,True,True,,2022-05-27,143,143,-0.5510004329925019,-0.5015678779782712
high52w,60,2022-11-25,195,16,True,True,,2022-06-06,143,143,-0.5380451297162556,-0.4661799468137496
high52w,60,2022-12-02,196,16,True,True,,2022-06-13,143,143,-0.4038488379713748,-0.4234708953018812
high52w,60,2022-12-09,197,16,True,True,,2022-06-21,143,143,-0.3805525460455037,-0.41641633014872453
high52w,60,2022-12-16,198,16,True,True,,2022-06-28,143,143,-0.48139302012541446,-0.4376087527495978
high52w,60,2022-12-23,199,16,True,True,,2022-07-06,143,143,-0.5602531271545356,-0.5028357792442298
high52w,60,2023-01-03,200,16,True,True,,2022-07-13,143,143,-0.5427911290587347,-0.4524647887323943
high52w,60,2023-01-10,201,16,True,True,,2022-07-20,143,143,-0.36671464788202585,-0.22106356085229326
high52w,60,2023-01-18,202,16,True,True,,2022-07-27,143,143,-0.22227420466857084,-0.08749876883679701
high52w,60,2023-01-25,203,16,True,True,,2022-08-03,143,143,-0.12257050461275813,0.08368019682220335
high52w,60,2023-02-01,204,17,True,True,,2022-08-10,143,143,0.19005035564828018,0.29875118500196174
high52w,60,2023-02-08,205,17,True,True,,2022-08-17,143,143,0.1842314507119665,0.2469846637495098
high52w,60,2023-02-15,206,17,True,True,,2022-08-24,143,143,0.10008228359020528,0.16760645457828557
high52w,60,2023-02-23,207,17,True,True,,2022-08-31,143,143,-0.063821513983497,-0.13518171968876194
high52w,60,2023-03-02,208,17,True,True,,2022-09-08,143,143,-0.161846828776913,-0.2470082734167241
high52w,60,2023-03-09,209,17,True,True,,2022-09-15,143,143,-0.2592512034691529,-0.4110689779703864
high52w,60,2023-03-16,210,17,True,True,,2022-09-22,143,143,-0.1389102347728771,-0.4793821202271907
high52w,60,2023-03-23,211,17,True,True,,2022-09-29,143,143,-0.19339190958463187,-0.49414376703109103
high52w,60,2023-03-30,212,17,True,True,,2022-10-06,143,143,-0.10994697790472437,-0.4312764700088643
high52w,60,2023-04-06,213,17,True,True,,2022-10-13,143,143,-0.20121741646303196,-0.4820209133589415
high52w,60,2023-04-14,214,17,True,True,,2022-10-20,143,143,-0.17026166321940972,-0.5217833809383104
high52w,60,2023-04-21,215,17,True,True,,2022-10-27,143,143,-0.23748136581294488,-0.5943419262879527
high52w,60,2023-04-28,216,18,True,True,,2022-11-03,143,143,-0.2531857002096644,-0.5740052201319806
high52w,60,2023-05-05,217,18,True,True,,2022-11-10,143,143,-0.28448073332640017,-0.46144943723882237
high52w,60,2023-05-12,218,18,True,True,,2022-11-17,143,143,-0.25928297055057614,-0.2875493239970031
high52w,60,2023-05-19,219,18,True,True,,2022-11-25,143,143,-0.041488479822894365,-0.08277175398834043
high52w,60,2023-05-26,220,18,True,True,,2022-12-02,143,143,0.0022823963942305864,-0.003394101574194642
high52w,60,2023-06-05,221,18,True,True,,2022-12-09,143,143,0.08644717132510718,0.038149643783446596
high52w,60,2023-06-12,222,18,True,True,,2022-12-16,143,143,0.09590451273987448,0.007780951442923274
high52w,60,2023-06-20,223,18,True,True,,2022-12-23,143,143,-0.013243348060261307,0.10326176171246591
high52w,60,2023-06-27,224,18,True,True,,2023-01-03,143,143,-0.06663711738357507,0.18657047178173936
high52w,60,2023-07-05,225,18,True,True,,2023-01-10,143,143,-0.0031642712378525625,0.12864847894766834
high52w,60,2023-07-12,226,18,True,True,,2023-01-18,143,143,0.03634806246414478,0.07777257953314291
high52w,60,2023-07-19,227,18,True,True,,2023-01-25,143,143,0.004721802554155748,0.1583645228011425
high52w,60,2023-07-26,228,19,True,True,,2023-02-01,143,143,0.06891555362664883,0.02350749178676605
high52w,60,2023-08-02,229,19,True,True,,2023-02-08,143,143,0.133346602679901,0.10320851719583102
high52w,60,2023-08-09,230,19,True,True,,2023-02-15,143,143,0.13489910576259304,-0.10875796930430273
high52w,60,2023-08-16,231,19,True,True,,2023-02-23,143,143,0.12070734429889358,-0.1689424399833861
high52w,60,2023-08-23,232,19,True,True,,2023-03-02,143,143,0.07997274882074583,-0.22344609089904208
high52w,60,2023-08-30,233,19,True,True,,2023-03-09,143,143,0.040988421497324304,-0.18743305522768244
high52w,60,2023-09-07,234,19,True,True,,2023-03-16,143,143,-0.10744978635307123,-0.1875904777637295
high52w,60,2023-09-14,235,19,True,True,,2023-03-23,143,143,-0.09336006353358675,-0.05108527481770431
high52w,60,2023-09-21,236,19,True,True,,2023-03-30,143,143,-0.2893397682130076,-0.19676860697987458
high52w,60,2023-09-28,237,19,True,True,,2023-04-06,143,143,-0.31344594372763385,-0.2951347458211215
high52w,60,2023-10-05,238,19,True,True,,2023-04-14,143,143,-0.3872911126432253,-0.3041999080731475
high52w,60,2023-10-12,239,19,True,True,,2023-04-21,143,143,-0.31138694011352863,-0.17378707215761485
high52w,60,2023-10-19,240,20,True,True,,2023-04-28,143,143,-0.19970698315768737,-0.12356207449650004
high52w,60,2023-10-26,241,20,True,True,,2023-05-05,143,143,-0.20417610558455626,-0.15368136156824816
high52w,60,2023-11-02,242,20,True,True,,2023-05-12,143,143,-0.0827924709537377,-0.09339604057913915
high52w,60,2023-11-09,243,20,True,True,,2023-05-19,143,143,0.11589760005252962,0.10995329537394032
high52w,60,2023-11-16,244,20,True,True,,2023-05-26,143,143,0.21660465505142593,0.24171194678792246
high52w,60,2023-11-24,245,20,True,True,,2023-06-05,143,143,0.22265826378415116,0.22151574551564146
high52w,60,2023-12-01,246,20,True,True,,2023-06-12,143,143,0.21090611328824135,0.30262955320114
high52w,60,2023-12-08,247,20,True,True,,2023-06-20,143,143,0.19522901032273735,0.32483958806566265
high52w,60,2023-12-15,248,20,True,True,,2023-06-27,143,143,0.1932784545572484,0.299986140430484
high52w,60,2023-12-22,249,20,True,True,,2023-07-05,143,143,0.3241585930018767,0.3147321250547334
high52w,60,2024-01-02,250,20,True,True,,2023-07-12,143,143,0.21711598210318978,0.35278131370690413
high52w,60,2024-01-09,251,20,True,True,,2023-07-19,143,143,0.2233130046615222,0.239318131107517
high52w,60,2024-01-17,252,21,True,True,,2023-07-26,143,143,0.1204676874840661,0.09036725910361988
high52w,60,2024-01-24,253,21,True,True,,2023-08-02,143,143,0.004584835876863939,0.08284992582601651
high52w,60,2024-01-31,254,21,True,True,,2023-08-09,143,143,0.11229485659036334,0.1208514759665614
high52w,60,2024-02-07,255,21,True,True,,2023-08-16,143,143,-0.07320308565891555,0.07296693916412227
high52w,60,2024-02-14,256,21,True,True,,2023-08-23,143,143,-0.06489567414671082,0.12526984564588037
high52w,60,2024-02-22,257,21,True,True,,2023-08-30,143,143,0.01640619684934458,0.08080269550383982
high52w,60,2024-02-29,258,21,True,True,,2023-09-07,143,143,0.18741020385272683,0.0413530440889785
high52w,60,2024-03-07,259,21,True,True,,2023-09-14,143,143,0.10579947367014098,0.014189301493137116
high52w,60,2024-03-14,260,21,True,True,,2023-09-21,143,143,0.09057970028952725,0.019403132079188416
high52w,60,2024-03-21,261,21,True,True,,2023-09-28,143,143,0.16315620405427805,0.09479956663055253
high52w,60,2024-03-28,262,21,True,True,,2023-10-05,143,143,0.13087816386379472,0.20713910502642896
high52w,60,2024-04-05,263,21,True,True,,2023-10-12,143,143,0.04218184709933131,0.19062500642240707
high52w,60,2024-04-12,264,22,True,True,,2023-10-19,143,143,0.023991266949013424,0.04906595751666174
high52w,60,2024-04-19,265,22,True,True,,2023-10-26,143,143,-0.1541924615184809,-0.034435634787747464
high52w,60,2024-04-26,266,22,True,True,,2023-11-02,143,143,-0.0018304344644387066,0.07635342133906466
high52w,60,2024-05-03,267,22,True,True,,2023-11-09,143,143,0.03617775740813273,-0.07777668341048623
high52w,60,2024-05-10,268,22,True,True,,2023-11-16,143,143,0.004621120080198554,-0.11392013232885666
high52w,60,2024-05-17,269,22,True,True,,2023-11-24,143,143,0.056595778815878024,-0.021414545787385206
high52w,60,2024-05-24,270,22,True,True,,2023-12-01,143,143,-0.16438910128936568,-0.16016696593540075
high52w,60,2024-06-03,271,22,True,True,,2023-12-08,143,143,-0.042548477603993294,-0.0819327673550022
high52w,60,2024-06-10,272,22,True,True,,2023-12-15,143,143,-0.18186114070551823,-0.30638679261605684
high52w,60,2024-06-17,273,22,True,True,,2023-12-22,143,143,-0.27028026525787974,-0.4045733201281352
high52w,60,2024-06-25,274,22,True,True,,2024-01-02,143,143,-0.1293186057412129,-0.1813868928057762
high52w,60,2024-07-02,275,22,True,True,,2024-01-09,143,143,-0.10764651168176281,-0.2364666873039573
high52w,60,2024-07-10,276,23,True,True,,2024-01-17,143,143,-0.16717158323700115,-0.1743239749697035
high52w,60,2024-07-17,277,23,True,True,,2024-01-24,143,143,-0.04535851785128368,-0.17816186134264633
high52w,60,2024-07-24,278,23,True,True,,2024-01-31,143,143,-0.0459838048750654,-0.031177284125168667
high52w,60,2024-07-31,279,23,True,True,,2024-02-07,143,143,-0.03987471461844074,0.07397366626009602
high52w,60,2024-08-07,280,23,True,True,,2024-02-14,143,143,-0.24223956794379328,0.0239486396087675
high52w,60,2024-08-14,281,23,True,True,,2024-02-22,143,143,-0.22942241241621572,-0.027857780295867128
high52w,60,2024-08-21,282,23,True,True,,2024-02-29,143,143,-0.0947789307776229,0.09650331479504141
high52w,60,2024-08-28,283,23,True,True,,2024-03-07,143,143,-0.1698354551082648,-0.03578435453062526
high52w,60,2024-09-05,284,23,True,True,,2024-03-14,143,143,-0.2030208951165562,0.04625237233607657
high52w,60,2024-09-12,285,23,True,True,,2024-03-21,143,143,-0.1644466561076184,0.12050731886569689
high52w,60,2024-09-19,286,23,True,True,,2024-03-28,143,143,0.020956337793661652,-0.07112612812066074
high52w,60,2024-09-26,287,23,True,True,,2024-04-05,143,143,0.016400279969908085,-0.044390697293290156
high52w,60,2024-10-03,288,24,True,True,,2024-04-12,143,143,-0.046055900392578474,-0.042245313372073934
high52w,60,2024-10-10,289,24,True,True,,2024-04-19,143,143,0.12397650784194043,-0.08633415343778034
high52w,60,2024-10-17,290,24,True,True,,2024-04-26,143,143,-0.02999849766615829,-0.03648556589430516
high52w,60,2024-10-24,291,24,True,True,,2024-05-03,143,143,0.12333008222763392,-0.0770670367112781
high52w,60,2024-10-31,292,24,True,True,,2024-05-10,143,143,0.11057805757970585,-0.0921511753475966
high52w,60,2024-11-07,293,24,True,True,,2024-05-17,143,143,0.18407907978162122,-0.11453154048410381
high52w,60,2024-11-14,294,24,True,True,,2024-05-24,143,143,-0.06171537386337078,-0.09441060640568258
high52w,60,2024-11-21,295,24,True,True,,2024-06-03,143,143,-0.1298166943294195,0.048612169365967246
high52w,60,2024-11-29,296,24,True,True,,2024-06-10,143,143,0.0433490725042956,0.15775752816196584
high52w,60,2024-12-06,297,24,True,True,,2024-06-17,143,143,-0.20722530164086042,0.10990249976740317
high52w,60,2024-12-13,298,24,True,True,,2024-06-25,143,143,-0.2448892068807005,0.14993259313095336
high52w,60,2024-12-20,299,24,True,True,,2024-07-02,143,143,-0.07777881514787816,0.022677761650337053
high52w,60,2024-12-30,300,25,True,True,,2024-07-10,143,143,-0.02647000886437506,-0.002419073569829155
high52w,60,2025-01-07,301,25,True,True,,2024-07-17,143,143,0.04847910305656784,0.3600991455954188
high52w,60,2025-01-15,302,25,True,True,,2024-07-24,143,143,0.017683970340288915,0.3710040194202048
high52w,60,2025-01-23,303,25,True,True,,2024-07-31,143,143,-0.07035555284206589,0.3755801155621631
high52w,60,2025-01-30,304,25,True,True,,2024-08-07,143,143,0.14469304354268653,0.4587067861715749
high52w,60,2025-02-06,305,25,True,True,,2024-08-14,143,143,0.15339956800875498,0.42757879256375525
high52w,60,2025-02-13,306,25,True,True,,2024-08-21,143,143,0.048038753162394275,0.33214321600331714
high52w,60,2025-02-21,307,25,True,True,,2024-08-28,143,143,0.03593369748584663,0.18175661341906443
high52w,60,2025-02-28,308,25,True,True,,2024-09-05,143,143,-0.24404965650782634,-0.07879525341091326
high52w,60,2025-03-07,309,25,True,True,,2024-09-12,143,143,-0.39523194434160164,-0.0676061211645069
high52w,60,2025-03-14,310,25,True,True,,2024-09-19,143,143,-0.44964952887488097,-0.04670228470557267
high52w,60,2025-03-21,311,25,True,True,,2024-09-26,143,143,-0.39057011064053315,-0.02819074041653538
high52w,60,2025-03-28,312,26,True,True,,2024-10-03,143,143,-0.5621655339965199,-0.2041031671319233
high52w,60,2025-04-04,313,26,True,True,,2024-10-10,143,143,-0.7330674020814866,-0.09120422277166221
high52w,60,2025-04-11,314,26,True,True,,2024-10-17,143,143,-0.6697021710562915,-0.23541821087001397
high52w,60,2025-04-21,315,26,True,True,,2024-10-24,143,143,-0.6543632423914114,-0.18772466388398018
high52w,60,2025-04-28,316,26,True,True,,2024-10-31,143,143,-0.4856759144220135,-0.2219338078948996
high52w,60,2025-05-05,317,26,True,True,,2024-11-07,143,143,-0.37942553689515196,0.0887007390846962
high52w,60,2025-05-12,318,26,True,True,,2024-11-14,143,143,-0.15469667737870094,-0.0643747409509798
high52w,60,2025-05-19,319,26,True,True,,2024-11-21,143,143,-0.24440427078170654,-0.0670052137906958
high52w,60,2025-05-27,320,26,True,True,,2024-11-29,143,143,-0.21027107922249624,-0.13810369488047675
high52w,60,2025-06-03,321,26,True,True,,2024-12-06,143,143,-0.22549083310474963,-0.025068805492092568
high52w,60,2025-06-10,322,26,True,True,,2024-12-13,143,143,-0.08139433479675194,0.015041250588109158
high52w,60,2025-06-17,323,26,True,True,,2024-12-20,143,143,-0.11927336099808154,-0.045366358636180916
high52w,60,2025-06-25,324,27,True,True,,2024-12-30,143,143,0.004290154293339733,-0.03200203552316228
high52w,60,2025-07-02,325,27,True,True,,2025-01-07,143,143,0.01968239628644818,-0.05330936668964837
high52w,60,2025-07-10,326,27,True,True,,2025-01-15,143,143,-0.07163573453946571,-0.10113802856024136
high52w,60,2025-07-17,327,27,True,True,,2025-01-23,143,143,-0.04023162586827642,-0.0798568929512267
high52w,60,2025-07-24,328,27,True,True,,2025-01-30,143,143,0.044318618429737826,-0.2719289789478155
high52w,60,2025-07-31,329,27,True,True,,2025-02-06,143,143,-0.010678173509068559,-0.2623222166551086
high52w,60,2025-08-07,330,27,True,True,,2025-02-13,143,143,-0.11004553668226941,-0.34846585128369684
high52w,60,2025-08-14,331,27,True,True,,2025-02-21,143,143,-0.025679435973078448,-0.2716203405434268
high52w,60,2025-08-21,332,27,True,True,,2025-02-28,143,143,-0.03351962187677532,-0.27102695758417755
high52w,60,2025-08-28,333,27,True,True,,2025-03-07,143,143,0.1389961302554086,0.03107362314539386
high52w,60,2025-09-05,334,27,True,True,,2025-03-14,143,143,0.16849809761274098,-0.09886240520043338
high52w,60,2025-09-12,335,27,True,True,,2025-03-21,143,143,0.14600893535179674,-0.21611838865359992
high52w,60,2025-09-19,336,28,True,True,,2025-03-28,143,143,0.12797153388832644,-0.0715675169900522
high52w,60,2025-09-26,337,28,True,True,,2025-04-04,143,143,0.1962692916927085,-0.15998555435175152
high52w,60,2025-10-03,338,28,True,True,,2025-04-11,143,143,0.2218463381667735,-0.10628848030193747
high52w,60,2025-10-10,339,28,True,True,,2025-04-21,143,143,-0.08513375699909845,-0.2005482780130667
high52w,60,2025-10-17,340,28,True,True,,2025-04-28,143,143,0.15117763179977323,-0.12947541108075353
high52w,60,2025-10-24,341,28,True,True,,2025-05-05,143,143,0.1656399173115463,-0.12784861555237323
high52w,60,2025-10-31,342,28,True,True,,2025-05-12,143,143,0.030778765799195234,-0.10452450469972582
high52w,60,2025-11-07,343,28,True,True,,2025-05-19,143,143,0.14993556567116428,-0.09431015531415635
high52w,60,2025-11-14,344,28,True,True,,2025-05-27,143,143,0.10319570151105176,-0.12082218858630253
high52w,60,2025-11-21,345,28,True,True,,2025-06-03,143,143,0.11221466171902045,-0.15880590013602544
high52w,60,2025-12-01,346,28,True,True,,2025-06-10,143,143,0.2189504529182534,-0.0802698712510182
high52w,60,2025-12-08,347,28,True,True,,2025-06-17,143,143,0.2018291057399903,0.05208051196506045
high52w,60,2025-12-15,348,29,False,True,,2025-06-25,143,143,0.09387842892421021,-0.050040852326811484
high52w,60,2025-12-22,349,29,False,True,,2025-07-02,143,143,0.09625297445504898,-0.032569752952968996
high52w,60,2025-12-30,350,29,False,True,,2025-07-10,143,143,0.17821908138809547,-0.027265955062097436
high52w,60,2026-01-07,351,29,False,True,,2025-07-17,143,143,0.13649304853770494,0.019482462964625337
high52w,60,2026-01-14,352,29,False,True,,2025-07-24,143,143,0.26165764880753756,0.08364405238708046
high52w,60,2026-01-22,353,29,False,True,,2025-07-31,143,143,0.21196680171613053,0.10483166495734936
high52w,60,2026-01-29,354,29,False,True,,2025-08-07,143,143,0.2127214786880052,0.12467311538769475
high52w,60,2026-02-05,355,29,False,True,,2025-08-14,143,143,-0.14719129366421957,-0.026606965544744697
high52w,60,2026-02-12,356,29,False,True,,2025-08-21,143,143,-0.11350217548724667,-0.19233717037845285
high52w,60,2026-02-20,357,29,False,True,,2025-08-28,143,143,-0.15622720322709652,-0.12292021149765604
high52w,60,2026-02-27,358,29,False,True,,2025-09-05,143,143,-0.23827625309292,-0.0537565126150809
lowbeta,20,2019-01-14,0,0,True,True,,2018-11-13,129,128,-0.31767665474060824,-0.2800997985716902
lowbeta,20,2019-01-22,1,0,True,True,,2018-11-20,130,128,-0.2988023870324598,-0.2864917139718
lowbeta,20,2019-01-29,2,0,True,True,,2018-11-28,130,128,-0.38876128309822605,-0.363469373741073
lowbeta,20,2019-02-05,3,0,True,True,,2018-12-06,130,128,0.11509663534489606,0.13756657658664134
lowbeta,20,2019-02-12,4,1,True,True,,2018-12-13,130,128,0.05873356184025455,0.08313495696758834
lowbeta,20,2019-02-20,5,1,True,True,,2018-12-20,130,128,-0.13470346447445683,-0.11043650430324116
lowbeta,20,2019-02-27,6,1,True,True,,2018-12-28,130,128,0.1352387715249423,0.1426192547152536
lowbeta,20,2019-03-06,7,1,True,True,,2019-01-07,130,129,-0.4504089909735214,-0.456803443649374
lowbeta,20,2019-03-13,8,2,True,True,,2019-01-14,130,129,-0.4502123475672206,-0.44726632379248665
lowbeta,20,2019-03-20,9,2,True,True,,2019-01-22,130,130,-0.3416433380218219,-0.34631908123830724
lowbeta,20,2019-03-27,10,2,True,True,,2019-01-29,130,130,-0.4303677504813666,-0.4477269934042524
lowbeta,20,2019-04-03,11,2,True,True,,2019-02-05,130,130,-0.04809843094948722,-0.06979475344467356
lowbeta,20,2019-04-10,12,3,True,True,,2019-02-12,130,130,0.1323710551830559,0.1246418768520668
lowbeta,20,2019-04-17,13,3,True,True,,2019-02-20,130,130,0.2843982575209275,0.2953338158379876
lowbeta,20,2019-04-25,14,3,True,True,,2019-02-27,130,130,0.5437381365306094,0.5524723811604692
lowbeta,20,2019-05-02,15,3,True,True,,2019-03-06,130,130,0.4568381378961887,0.46802496278796646
lowbeta,20,2019-05-09,16,4,True,True,,2019-03-13,130,130,0.32594463941880947,0.3319914241625585
lowbeta,20,2019-05-16,17,4,True,True,,2019-03-20,130,130,0.38274180993868545,0.3881440412951153
lowbeta,20,2019-05-23,18,4,True,True,,2019-03-27,131,130,-0.32745422516414885,-0.3124035559682639
lowbeta,20,2019-05-31,19,4,True,True,,2019-04-03,131,130,-0.43766081246997274,-0.4113479632386076
lowbeta,20,2019-06-07,20,5,True,True,,2019-04-10,131,130,-0.281930283457001,-0.25820644826503164
lowbeta,20,2019-06-14,21,5,True,True,,2019-04-17,131,130,-0.6159611380985427,-0.605959387674282
lowbeta,20,2019-06-21,22,5,True,True,,2019-04-25,131,130,-0.43742593284578024,-0.43568804708517117
lowbeta,20,2019-06-28,23,5,True,True,,2019-05-02,131,130,-0.37517749426146374,-0.3665132666020292
lowbeta,20,2019-07-08,24,6,True,True,,2019-05-09,131,130,0.19832381359098916,0.1855248603695257
lowbeta,20,2019-07-15,25,6,True,True,,2019-05-16,131,130,0.37192654673570696,0.35969083286676046
lowbeta,20,2019-07-22,26,6,True,True,,2019-05-23,131,131,0.43438317407783056,0.43289382373351837
lowbeta,20,2019-07-29,27,6,True,True,,2019-05-31,131,131,0.48123098275770027,0.4783163401484013
lowbeta,20,2019-08-05,28,7,True,True,,2019-06-07,131,131,0.19680243420701435,0.20515667538568302
lowbeta,20,2019-08-12,29,7,True,True,,2019-06-14,131,131,-0.135376074307372,-0.11765867720066193
lowbeta,20,2019-08-19,30,7,True,True,,2019-06-21,131,131,-0.16481076175732665,-0.158703891528319
lowbeta,20,2019-08-26,31,7,True,True,,2019-06-28,131,131,-0.03105215395291731,-0.016249399455506325
lowbeta,20,2019-09-03,32,8,True,True,,2019-07-08,131,131,0.005455613089200876,0.015491378850157476
lowbeta,20,2019-09-10,33,8,True,True,,2019-07-15,131,131,0.4141194683179416,0.3981796829125074
lowbeta,20,2019-09-17,34,8,True,True,,2019-07-22,131,131,0.0897293546148508,0.0980141995409171
lowbeta,20,2019-09-24,35,8,True,True,,2019-07-29,131,131,0.008674531575294934,0.031521913201302515
lowbeta,20,2019-10-01,36,9,True,True,,2019-08-05,131,131,-0.34463780494314844,-0.3281588640367266
lowbeta,20,2019-10-08,37,9,True,True,,2019-08-12,131,131,-0.4125927507606897,-0.39224897240164414
lowbeta,20,2019-10-15,38,9,True,True,,2019-08-19,131,131,-0.26786419687183044,-0.2609245716115945
lowbeta,20,2019-10-22,39,9,True,True,,2019-08-26,131,131,-0.4887578070784178,-0.49881492553248286
lowbeta,20,2019-10-29,40,10,True,True,,2019-09-03,131,131,-0.32294346874499547,-0.3283136710617626
lowbeta,20,2019-11-05,41,10,True,True,,2019-09-10,131,131,0.08898201035605614,0.07272193455399563
lowbeta,20,2019-11-12,42,10,True,True,,2019-09-17,131,131,0.09106923610740404,0.08087866332141141
lowbeta,20,2019-11-19,43,10,True,True,,2019-09-24,131,131,-0.1376501361234186,-0.14314845459883627
lowbeta,20,2019-11-26,44,11,True,True,,2019-10-01,131,131,-0.23294186729301236,-0.23894731222975496
lowbeta,20,2019-12-04,45,11,True,True,,2019-10-08,131,131,-0.42854855068595527,-0.4120055517002082
lowbeta,20,2019-12-11,46,11,True,True,,2019-10-15,131,131,-0.45836224843858425,-0.47049591629744303
lowbeta,20,2019-12-18,47,11,True,True,,2019-10-22,131,131,-0.22178508514386377,-0.2549458175412374
lowbeta,20,2019-12-26,48,12,True,True,,2019-10-29,131,131,0.18629690919767253,0.09595900282923184
lowbeta,20,2020-01-03,49,12,True,True,,2019-11-05,131,131,0.16706347088026477,0.05943522126728233
lowbeta,20,2020-01-10,50,12,True,True,,2019-11-12,131,131,0.004024982650936849,-0.08818662253776757
lowbeta,20,2020-01-17,51,12,True,True,,2019-11-19,131,131,0.059141621737041586,-0.06701542732077083
lowbeta,20,2020-01-27,52,13,True,True,,2019-11-26,131,131,0.20507126461324934,0.1378796775743341
lowbeta,20,2020-02-03,53,13,True,True,,2019-12-04,131,131,0.1164629263865905,0.05228740724923932
lowbeta,20,2020-02-10,54,13,True,True,,2019-12-11,132,131,0.28548992189008254,0.26035338707094435
lowbeta,20,2020-02-18,55,13,True,True,,2019-12-18,132,131,0.22196365306047908,0.2118080392889553
lowbeta,20,2020-02-25,56,14,True,True,,2019-12-26,132,131,-0.16371776074467914,-0.2416484279079699
lowbeta,20,2020-03-03,57,14,True,True,,2020-01-03,132,131,0.022540737687382923,-0.029477392836171463
lowbeta,20,2020-03-10,58,14,True,True,,2020-01-10,132,131,-0.08655747627222114,-0.1583302193989217
lowbeta,20,2020-03-17,59,14,True,True,,2020-01-17,132,131,-0.10565970790960744,-0.16856883574440826
lowbeta,20,2020-03-24,60,15,True,True,,2020-01-27,132,131,0.2394796846383829,0.3122938130571718
lowbeta,20,2020-03-31,61,15,True,True,,2020-02-03,133,131,-0.3729864008732822,-0.3181978327016495
lowbeta,20,2020-04-07,62,15,True,True,,2020-02-10,133,132,0.08568572040685159,-0.22503169791237285
lowbeta,20,2020-04-15,63,15,True,True,,2020-02-18,133,132,0.054605645728976436,-0.2515901133819976
lowbeta,20,2020-04-22,64,16,True,True,,2020-02-25,133,132,-0.2842299099172626,-0.4529018590890828
lowbeta,20,2020-04-29,65,16,True,True,,2020-03-03,133,132,0.031993144326215806,-0.1369401992142048
lowbeta,20,2020-05-06,66,16,True,True,,2020-03-10,133,132,-0.4974087185399047,-0.42289450204275436
lowbeta,20,2020-05-13,67,16,True,True,,2020-03-17,133,132,-0.44816416890258204,-0.3782982786598696
lowbeta,20,2020-05-20,68,17,True,True,,2020-03-24,133,132,-0.3677375256322624,-0.375204144991208
lowbeta,20,2020-05-28,69,17,True,True,,2020-03-31,133,133,-0.16279164668795462,-0.24364166862203
lowbeta,20,2020-06-04,70,17,True,True,,2020-04-07,133,133,0.27904734699707207,0.2046704277654788
lowbeta,20,2020-06-11,71,17,True,True,,2020-04-15,133,133,0.18196100835535242,0.09146509421450505
lowbeta,20,2020-06-18,72,18,True,True,,2020-04-22,133,133,0.32667999714346924,0.27796594607278025
lowbeta,20,2020-06-25,73,18,True,True,,2020-04-29,133,133,0.2298078983075055,0.22448760979790044
lowbeta,20,2020-07-02,74,18,True,True,,2020-05-06,134,133,0.17673287696854076,0.11597004723477623
lowbeta,20,2020-07-10,75,18,True,True,,2020-05-13,135,133,-0.0602038825480441,-0.013099233837647037
lowbeta,20,2020-07-17,76,19,True,True,,2020-05-20,135,133,-0.19127889961954933,-0.1727486967078483
lowbeta,20,2020-07-24,77,19,True,True,,2020-05-28,135,133,0.08597697785581897,0.07153059038369329
lowbeta,20,2020-07-31,78,19,True,True,,2020-06-04,135,133,-0.09720027314408351,-0.06059925934238581
lowbeta,20,2020-08-07,79,19,True,True,,2020-06-11,135,133,-0.0189298605014145,-0.010365125840381142
lowbeta,20,2020-08-14,80,20,True,True,,2020-06-18,135,133,0.17780704321529608,0.18745983003642075
lowbeta,20,2020-08-21,81,20,True,True,,2020-06-25,135,133,0.12892888498683056,0.11875516470960304
lowbeta,20,2020-08-28,82,20,True,True,,2020-07-02,135,134,0.1831821285728222,0.16401950149004352
lowbeta,20,2020-09-04,83,20,True,True,,2020-07-10,135,135,0.11636425714564436,0.12451955906740808
lowbeta,20,2020-09-14,84,21,True,True,,2020-07-17,135,135,0.04343966442298314,0.05870646766169155
lowbeta,20,2020-09-21,85,21,True,True,,2020-07-24,135,135,-0.006955418983513803,-0.00420446785679446
lowbeta,20,2020-09-28,86,21,True,True,,2020-07-31,135,135,0.05212174422007609,0.051390108282118825
lowbeta,20,2020-10-05,87,21,True,True,,2020-08-07,135,135,-0.04138132865086334,-0.058911325724319584
lowbeta,20,2020-10-12,88,22,True,True,,2020-08-14,135,135,-0.4618037264657107,-0.48014827821675937
lowbeta,20,2020-10-19,89,22,True,True,,2020-08-21,135,135,-0.5079894644424935,-0.5199980489708322
lowbeta,20,2020-10-26,90,22,True,True,,2020-08-28,135,135,-0.5967856794459078,-0.6081943225051216
lowbeta,20,2020-11-02,91,22,True,True,,2020-09-04,135,135,-0.601697395376061,-0.599024485416057
lowbeta,20,2020-11-09,92,23,True,True,,2020-09-14,135,135,-0.35134621012584144,-0.35473612330504345
lowbeta,20,2020-11-16,93,23,True,True,,2020-09-21,135,135,-0.32012974343966444,-0.3291288654765389
lowbeta,20,2020-11-23,94,23,True,True,,2020-09-28,135,135,-0.07041752024192763,-0.0736318407960199
lowbeta,20,2020-12-01,95,23,True,True,,2020-10-05,135,135,-0.1673397717295874,-0.16114037654862942
lowbeta,20,2020-12-08,96,24,True,True,,2020-10-12,135,135,-0.2546971027216857,-0.25624817091015517
lowbeta,20,2020-12-15,97,24,True,True,,2020-10-19,135,135,-0.35394595649204963,-0.3502536337918253
lowbeta,20,2020-12-22,98,24,True,True,,2020-10-26,135,135,-0.393254316652034,-0.39150814554677593
lowbeta,20,2020-12-30,99,24,True,True,,2020-11-02,135,135,-0.08792800702370503,-0.08957662667056873
lowbeta,20,2021-01-07,100,25,True,True,,2020-11-09,135,135,0.06341820310213638,0.05647741683738172
lowbeta,20,2021-01-14,101,25,True,True,,2020-11-16,135,135,0.012091503267973858,-0.0011754950736513512
lowbeta,20,2021-01-22,102,25,True,True,,2020-11-23,135,135,-0.4754901960784314,-0.46953467954345923
lowbeta,20,2021-01-29,103,25,True,True,,2020-12-01,135,135,-0.6446297922153936,-0.6387815822846552
lowbeta,20,2021-02-05,104,26,True,True,,2020-12-08,135,135,-0.4547653887425617,-0.45611159886840313
lowbeta,20,2021-02-12,105,26,True,True,,2020-12-15,135,135,-0.38582089552238813,-0.38689883913764517
lowbeta,20,2021-02-22,106,26,True,True,,2020-12-22,135,135,-0.20415081455467762,-0.21070627255877478
lowbeta,20,2021-03-01,107,26,True,True,,2020-12-30,135,135,0.1140327772900205,0.09972685591649597
lowbeta,20,2021-03-08,108,27,True,True,,2021-01-07,135,135,0.04509803921568628,0.06775924300068287
lowbeta,20,2021-03-15,109,27,True,True,,2021-01-14,135,135,0.13968393327480247,0.18486489123012392
lowbeta,20,2021-03-22,110,27,True,True,,2021-01-22,135,135,0.24380548239196176,0.22616817871427178
lowbeta,20,2021-03-29,111,27,True,True,,2021-01-29,135,135,-0.19089357135889182,-0.06743244561506195
lowbeta,20,2021-04-06,112,28,True,True,,2021-02-05,135,135,0.19639059603941084,0.042610477026631545
lowbeta,20,2021-04-13,113,28,True,True,,2021-02-12,135,135,0.19659057652911913,-0.05342893376255975
lowbeta,20,2021-04-20,114,28,True,True,,2021-02-22,135,135,0.09204955614086431,-0.12112476831528632
lowbeta,20,2021-04-27,115,28,True,True,,2021-03-01,135,135,0.19717100770656523,0.008950346307677302
lowbeta,20,2021-05-04,116,29,True,True,,2021-03-08,135,135,-0.32800702370500445,-0.3113013364549801
lowbeta,20,2021-05-11,117,29,True,True,,2021-03-15,135,135,-0.3144327382694372,-0.14892693395766268
lowbeta,20,2021-05-18,118,29,True,True,,2021-03-22,135,135,-0.39787337820700425,-0.11542776314505902
lowbeta,20,2021-05-25,119,29,True,True,,2021-03-29,135,135,-0.23941078919129846,-0.0458784508828407
lowbeta,20,2021-06-02,120,30,True,True,,2021-04-06,135,135,-0.1448395278509414,0.08393327480245831
lowbeta,20,2021-06-09,121,30,True,True,,2021-04-13,135,135,-0.06423763535264852,0.19282996780801875
lowbeta,20,2021-06-16,122,30,True,True,,2021-04-20,135,135,-0.037586576919324946,0.19081065261925667
lowbeta,20,2021-06-23,123,30,True,True,,2021-04-27,135,135,0.051234025948687936,0.2575748707443177
lowbeta,20,2021-06-30,124,31,True,True,,2021-05-04,135,135,0.10062920690664327,0.270993073846454
lowbeta,20,2021-07-08,125,31,True,True,,2021-05-11,136,135,-0.16712466008301127,-0.06160374597600235
lowbeta,20,2021-07-15,126,31,True,True,,2021-05-18,136,135,-0.06456275941033347,-0.028636230611647648
lowbeta,20,2021-07-22,127,31,True,True,,2021-05-25,137,135,0.19410271249089922,0.23934250317042247
lowbeta,20,2021-07-29,128,32,True,True,,2021-06-02,137,135,0.039431926372580126,0.10927714369329823
lowbeta,20,2021-08-05,129,32,True,True,,2021-06-09,137,135,0.1316575503574962,0.15352648522095408
lowbeta,20,2021-08-12,130,32,True,True,,2021-06-16,137,135,-0.19141915731700485,-0.24711247683152868
lowbeta,20,2021-08-19,131,32,True,True,,2021-06-23,137,135,-0.4780181828364478,-0.518066530094625
lowbeta,20,2021-08-26,132,33,True,True,,2021-06-30,137,135,-0.4130481453133459,-0.4490537508535753
lowbeta,20,2021-09-02,133,33,True,True,,2021-07-08,137,136,-0.22177833367558383,-0.1808167549258146
lowbeta,20,2021-09-10,134,33,True,True,,2021-07-15,137,136,-0.05004013665129651,0.06000190830590142
lowbeta,20,2021-09-17,135,33,True,True,,2021-07-22,137,137,-0.019480277036234995,0.04438833610245113
lowbeta,20,2021-09-24,136,34,True,True,,2021-07-29,137,137,0.09308436164056227,0.12752720891593702
lowbeta,20,2021-10-01,137,34,True,True,,2021-08-05,137,137,-0.04653984729404297,-0.0885853230533724
lowbeta,20,2021-10-08,138,34,True,True,,2021-08-12,137,137,-0.34670132730972425,-0.3958920604103272
lowbeta,20,2021-10-15,139,34,True,True,,2021-08-19,137,137,-0.38695465491813985,-0.426069221722329
lowbeta,20,2021-10-22,140,35,True,True,,2021-08-26,138,137,-0.33412482961900863,-0.3950286557022047
lowbeta,20,2021-10-29,141,35,True,True,,2021-09-02,139,137,-0.22332097055275033,-0.3116284279500438
lowbeta,20,2021-11-05,142,35,True,True,,2021-09-10,139,137,0.14185620447741182,0.10765489947168964
lowbeta,20,2021-11-12,143,35,True,True,,2021-09-17,139,137,0.24256669198802444,0.17886478615565551
lowbeta,20,2021-11-19,144,36,True,True,,2021-09-24,139,137,0.39453505518566506,0.3145220004853734
lowbeta,20,2021-11-29,145,36,True,True,,2021-10-01,139,137,0.14199919567451627,0.051743610805159886
lowbeta,20,2021-12-06,146,36,True,True,,2021-10-08,139,137,-4.4684749095133824e-05,-0.15860044430339573
lowbeta,20,2021-12-13,147,36,True,True,,2021-10-15,139,137,0.12482237812234682,-0.08992476711408143
lowbeta,20,2021-12-20,148,37,True,True,,2021-10-22,139,138,0.2700522811564413,0.033080739470625974
lowbeta,20,2021-12-28,149,37,True,True,,2021-10-29,140,139,0.4879840808204501,0.3022387059296661
lowbeta,20,2022-01-04,150,37,True,True,,2021-11-05,140,139,0.4498086637073321,0.28093748603601587
lowbeta,20,2022-01-11,151,37,True,True,,2021-11-12,140,139,0.15742494150576197,0.13999285044014476
lowbeta,20,2022-01-19,152,38,True,True,,2021-11-19,140,139,-0.12184295117097813,-0.1304303141337861
lowbeta,20,2022-01-26,153,38,True,True,,2021-11-29,140,139,-0.11699722289038073,-0.09406586532016621
lowbeta,20,2022-02-02,154,38,True,True,,2021-12-06,142,139,0.3764593213199746,0.2998882881272621
lowbeta,20,2022-02-09,155,38,True,True,,2021-12-13,142,139,0.5929931620671807,0.5047812681531793
lowbeta,20,2022-02-16,156,39,True,True,,2021-12-20,143,139,0.5737261564726353,0.49146521292282935
lowbeta,20,2022-02-24,157,39,True,True,,2021-12-28,143,140,0.18015611149413965,0.1394196496905819
lowbeta,20,2022-03-03,158,39,True,True,,2022-01-04,143,140,-0.10204291014150167,-0.038813933655507206
lowbeta,20,2022-03-10,159,39,True,True,,2022-01-11,143,140,0.06555533668209725,0.15561435350200084
lowbeta,20,2022-03-17,160,40,True,True,,2022-01-19,143,140,0.5307503529334515,0.4636198639872297
lowbeta,20,2022-03-24,161,40,True,True,,2022-01-26,143,140,0.7700433369447455,0.6870612932146686
lowbeta,20,2022-03-31,162,40,True,True,,2022-02-02,143,142,0.751124462392068,0.6800652149768123
lowbeta,20,2022-04-07,163,40,True,True,,2022-02-09,143,142,0.5133827440165468,0.4450817387586941
lowbeta,20,2022-04-14,164,41,True,True,,2022-02-16,143,143,0.29675547457237594,0.23055993302472175
lowbeta,20,2022-04-22,165,41,True,True,,2022-02-24,143,143,0.24616287468400144,0.20511178961883186
lowbeta,20,2022-04-29,166,41,True,True,,2022-03-03,143,143,0.12989592567057354,0.07806395482451821
lowbeta,20,2022-05-06,167,41,True,True,,2022-03-10,143,143,-0.07522407170294494,-0.06729127679831905
lowbeta,20,2022-05-13,168,42,True,True,,2022-03-17,143,143,0.4771865458485176,0.493294264421025
lowbeta,20,2022-05-20,169,42,True,True,,2022-03-24,143,143,0.13915427295708985,0.17221921271217044
lowbeta,20,2022-05-27,170,42,True,True,,2022-03-31,143,143,0.2669202862864834,0.29331232148133557
lowbeta,20,2022-06-06,171,42,True,True,,2022-04-07,143,143,0.1802874355691257,0.21035654486358712
lowbeta,20,2022-06-13,172,43,True,True,,2022-04-14,143,143,-0.13505039561377588,-0.11264732919662497
lowbeta,20,2022-06-21,173,43,True,True,,2022-04-22,143,143,-0.6348410978692669,-0.632124331067993
lowbeta,20,2022-06-28,174,43,True,True,,2022-04-29,143,143,-0.5239132932794904,-0.533672313601891
lowbeta,20,2022-07-06,175,43,True,True,,2022-05-06,143,143,-0.6086788798056403,-0.6152040447815095
lowbeta,20,2022-07-13,176,44,True,True,,2022-05-13,143,143,-0.7121827702813619,-0.7038601070291212
lowbeta,20,2022-07-20,177,44,True,True,,2022-05-20,143,143,-0.15481877277651926,-0.14928674611773202
lowbeta,20,2022-07-27,178,44,True,True,,2022-05-27,143,143,-0.10656127909649037,-0.10367625332414064
lowbeta,20,2022-08-03,179,44,True,True,,2022-06-06,143,143,0.38834580912045696,0.38784923996191606
lowbeta,20,2022-08-10,180,45,True,True,,2022-06-13,143,143,0.5431317508782297,0.5292113989297088
lowbeta,20,2022-08-17,181,45,True,True,,2022-06-21,143,143,0.39402147148626016,0.391025641025641
lowbeta,20,2022-08-24,182,45,True,True,,2022-06-28,143,143,0.5255425325847861,0.5316942447224137
lowbeta,20,2022-08-31,183,45,True,True,,2022-07-06,143,143,0.2995830460619193,0.2957664401326373
lowbeta,20,2022-09-08,184,46,True,True,,2022-07-13,143,143,0.026720345382317212,0.011749400833907875
lowbeta,20,2022-09-15,185,46,True,True,,2022-07-20,143,143,0.49791112643225316,0.48569388358120746
lowbeta,20,2022-09-22,186,46,True,True,,2022-07-27,143,143,0.15640286943103843,0.1352268623395384
lowbeta,20,2022-09-29,187,46,True,True,,2022-08-03,143,143,0.19931301093272924,0.19476591483633737
lowbeta,20,2022-10-06,188,47,True,True,,2022-08-10,143,143,0.5400456351160576,0.5471125119012443
lowbeta,20,2022-10-13,189,47,True,True,,2022-08-17,143,143,0.11524097967759939,0.13424603565448634
lowbeta,20,2022-10-20,190,47,True,True,,2022-08-24,143,143,0.08742489904461735,0.09580912045700778
lowbeta,20,2022-10-27,191,47,True,True,,2022-08-31,143,143,0.15694458124035587,0.16466397452312945
lowbeta,20,2022-11-03,192,48,True,True,,2022-09-08,143,143,-0.03205538592862536,-0.0295971633999803
lowbeta,20,2022-11-10,193,48,True,True,,2022-09-15,143,143,0.21949587970714726,0.20920335533011591
lowbeta,20,2022-11-17,194,48,True,True,,2022-09-22,143,143,0.37230375258544274,0.36519994090416624
lowbeta,20,2022-11-25,195,48,True,True,,2022-09-29,143,143,0.4575946354115368,0.44828704159690075
lowbeta,20,2022-12-02,196,49,True,True,,2022-10-06,143,143,0.5045511999737351,0.4990191733149479
lowbeta,20,2022-12-09,197,49,True,True,,2022-10-13,143,143,0.13500935684034274,0.13567008109261627
lowbeta,20,2022-12-16,198,49,True,True,,2022-10-20,143,143,-0.3027019928428379,-0.2902836600019698
lowbeta,20,2022-12-23,199,49,True,True,,2022-10-27,143,143,-0.6460118519977675,-0.627326898453659
lowbeta,20,2023-01-03,200,50,True,True,,2022-11-03,143,143,-0.800691092944614,-0.7879649693029973
lowbeta,20,2023-01-10,201,50,True,True,,2022-11-10,143,143,-0.7664278210052857,-0.7696288453330707
lowbeta,20,2023-01-18,202,50,True,True,,2022-11-17,143,143,-0.7193399323681013,-0.7227051117896188
lowbeta,20,2023-01-25,203,50,True,True,,2022-11-25,143,143,-0.43099330247217565,-0.4337305886601661
lowbeta,20,2023-02-01,204,51,True,True,,2022-12-02,143,143,-0.026761384155750353,-0.027889950425161687
lowbeta,20,2023-02-08,205,51,True,True,,2022-12-09,143,143,0.10885534653140286,0.11167060638891625
lowbeta,20,2023-02-15,206,51,True,True,,2022-12-16,143,143,0.18041875964411175,0.17525608194622277
lowbeta,20,2023-02-23,207,51,True,True,,2022-12-23,143,143,-0.204865556978233,-0.2147312781115598
lowbeta,20,2023-03-02,208,52,True,True,,2023-01-03,143,143,-0.2083579565973932,-0.2143578252733182
lowbeta,20,2023-03-09,209,52,True,True,,2023-01-10,143,143,0.03216208673955153,0.03361896319642798
lowbeta,20,2023-03-16,210,52,True,True,,2023-01-18,143,143,0.1427287501231163,0.14877786532716109
lowbeta,20,2023-03-23,211,52,True,True,,2023-01-25,143,143,0.4603401293542138,0.4667544896418136
lowbeta,20,2023-03-30,212,53,True,True,,2023-02-01,143,143,0.336936537640763,0.327825929938606
lowbeta,20,2023-04-06,213,53,True,True,,2023-02-08,143,143,0.023104829442857612,0.004797432614334023
lowbeta,20,2023-04-14,214,53,True,True,,2023-02-15,143,143,-0.09329754752289962,-0.11187990413342525
lowbeta,20,2023-04-21,215,53,True,True,,2023-02-23,143,143,-0.4740060409074493,-0.49762385501822115
lowbeta,20,2023-04-28,216,54,True,True,,2023-03-02,143,143,-0.7073237795068781,-0.7255737220525953
lowbeta,20,2023-05-05,217,54,True,True,,2023-03-09,143,143,-0.7725959486522866,-0.7736013986013985
lowbeta,20,2023-05-12,218,54,True,True,,2023-03-16,143,143,-0.7388825962769624,-0.7226886962802455
lowbeta,20,2023-05-19,219,54,True,True,,2023-03-23,143,143,-0.6110878558061655,-0.5955793033257821
lowbeta,20,2023-05-26,220,55,True,True,,2023-03-30,143,143,-0.2682294231590006,-0.24568272103483368
lowbeta,20,2023-06-05,221,55,True,True,,2023-04-06,143,143,-0.14535523162283726,-0.11730933385862963
lowbeta,20,2023-06-12,222,55,True,True,,2023-04-14,143,143,-0.24030253783774908,-0.21998013723365836
lowbeta,20,2023-06-20,223,55,True,True,,2023-04-21,143,143,-0.49124232574936794,-0.4873272267638464
lowbeta,20,2023-06-27,224,56,True,True,,2023-04-28,143,143,-0.08104747365310744,-0.08536064874093041
lowbeta,20,2023-07-05,225,56,True,True,,2023-05-05,143,143,-0.1938917889622115,-0.1731795200105059
lowbeta,20,2023-07-12,226,56,True,True,,2023-05-12,143,143,0.22631652385173512,0.23637102334285431
lowbeta,20,2023-07-19,227,56,True,True,,2023-05-19,143,143,0.47755589480941596,0.4851521717718901
lowbeta,20,2023-07-26,228,57,True,True,,2023-05-26,143,143,0.09483239764929904,0.09418398502905545
lowbeta,20,2023-08-02,229,57,True,True,,2023-06-05,143,143,0.12054318920516104,0.11464591746281887
lowbeta,20,2023-08-09,230,57,True,True,,2023-06-12,143,143,-0.2869225844577957,-0.30352276831150066
lowbeta,20,2023-08-16,231,57,True,True,,2023-06-20,143,143,-0.3487269772481039,-0.3491127417183755
lowbeta,20,2023-08-23,232,58,True,True,,2023-06-27,143,143,0.3226427328540004,0.32899963885879374
lowbeta,20,2023-08-30,233,58,True,True,,2023-07-05,143,143,0.15833579565973932,0.15945615417446402
lowbeta,20,2023-09-07,234,58,True,True,,2023-07-12,143,143,0.18029974720115563,0.17986884008010764
lowbeta,20,2023-09-14,235,58,True,True,,2023-07-19,143,143,-0.12190157260579797,-0.12425309432351686
lowbeta,20,2023-09-21,236,59,True,True,,2023-07-26,143,143,-0.18010276108867657,-0.16818920516103614
lowbeta,20,2023-09-28,237,59,True,True,,2023-08-02,143,143,0.35725483436751043,0.3544272628779671
lowbeta,20,2023-10-05,238,59,True,True,,2023-08-09,143,143,0.10804277881742669,0.11897140418267178
lowbeta,20,2023-10-12,239,59,True,True,,2023-08-16,143,143,-0.0074936800288912956,-0.007620900226534028
lowbeta,20,2023-10-19,240,60,True,True,,2023-08-23,143,143,-0.5213237466758593,-0.5256533372730555
lowbeta,20,2023-10-26,241,60,True,True,,2023-08-30,143,143,-0.6851792573623559,-0.6767293739124725
lowbeta,20,2023-11-02,242,60,True,True,,2023-09-07,143,143,-0.5880774155422042,-0.5971675038576446
lowbeta,20,2023-11-09,243,60,True,True,,2023-09-14,143,143,-0.42715207327883375,-0.43583587773728616
lowbeta,20,2023-11-16,244,61,True,True,,2023-09-21,143,143,-0.44976443744049377,-0.4445114744410518
lowbeta,20,2023-11-24,245,61,True,True,,2023-09-28,143,143,-0.4870440592271578,-0.4823779506878098
lowbeta,20,2023-12-01,246,61,True,True,,2023-10-05,143,143,-0.21272858596802258,-0.17096342624511637
lowbeta,20,2023-12-08,247,61,True,True,,2023-10-12,143,143,-0.1880437637479891,-0.1463935125906957
lowbeta,20,2023-12-15,248,62,True,True,,2023-10-19,143,143,0.1425235562559506,0.12206572769953052
lowbeta,20,2023-12-22,249,62,True,True,,2023-10-26,143,143,-0.17585935191568994,-0.21595833743721063
lowbeta,20,2024-01-02,250,62,True,True,,2023-11-02,143,143,-0.20791063396697199,-0.25644719130634624
lowbeta,20,2024-01-09,251,62,True,True,,2023-11-09,143,143,-0.29794149512459367,-0.32893808069864405
lowbeta,20,2024-01-17,252,63,True,True,,2023-11-16,143,143,-0.42331494796283525,-0.4435922059161495
lowbeta,20,2024-01-24,253,63,True,True,,2023-11-24,143,143,-0.06776322269280016,-0.09776256607242523
lowbeta,20,2024-01-31,254,63,True,True,,2023-12-01,143,143,-0.3259627696247414,-0.35202649463212843
lowbeta,20,2024-02-07,255,63,True,True,,2023-12-08,143,143,-0.17227666699497685,-0.1777594471256443
lowbeta,20,2024-02-14,256,64,True,True,,2023-12-15,143,143,0.1863365507731705,0.19588216947371875
lowbeta,20,2024-02-22,257,64,True,True,,2023-12-22,143,143,0.027192291276798317,0.05089628681177976
lowbeta,20,2024-02-29,258,64,True,True,,2024-01-02,143,143,0.21086952953150132,0.24261712465937818
lowbeta,20,2024-03-07,259,64,True,True,,2024-01-09,143,143,0.30157342657342656,0.30811090318132567
lowbeta,20,2024-03-14,260,65,True,True,,2024-01-17,143,143,-0.013883417052431136,-0.025403000755113425
lowbeta,20,2024-03-21,261,65,True,True,,2024-01-24,143,143,0.5931169769197938,0.5590630027249744
lowbeta,20,2024-03-28,262,65,True,True,,2024-01-31,143,143,0.1554548737647329,0.14473965002134015
lowbeta,20,2024-04-05,263,65,True,True,,2024-02-07,143,143,0.09469286581962638,0.0702173413441019
lowbeta,20,2024-04-12,264,66,True,True,,2024-02-14,143,143,0.26059621130043664,0.26568501920614596
lowbeta,20,2024-04-19,265,66,True,True,,2024-02-22,143,143,-0.371601989559736,-0.3275920089300371
lowbeta,20,2024-04-26,266,66,True,True,,2024-02-29,143,143,-0.1660633966971995,-0.10637660461604123
lowbeta,20,2024-05-03,267,66,True,True,,2024-03-07,143,143,0.05571013493548704,0.07923355986736268
lowbeta,20,2024-05-10,268,67,True,True,,2024-03-14,143,143,-0.23366656817361042,-0.21146459174628185
lowbeta,20,2024-05-17,269,67,True,True,,2024-03-21,143,143,-0.27658902130733115,-0.24839128008142092
lowbeta,20,2024-05-24,270,67,True,True,,2024-03-28,143,143,-0.0898502905545159,-0.0834154108801996
lowbeta,20,2024-06-03,271,67,True,True,,2024-04-05,143,143,-0.47177353163268654,-0.4687325585212908
lowbeta,20,2024-06-10,272,68,True,True,,2024-04-12,143,143,-0.5037714632785055,-0.5118807249088939
lowbeta,20,2024-06-17,273,68,True,True,,2024-04-19,143,143,0.22333710890048916,0.18720246889260972
lowbeta,20,2024-06-25,274,68,True,True,,2024-04-26,143,143,0.33254538888341706,0.32174398371581464
lowbeta,20,2024-07-02,275,68,True,True,,2024-05-03,143,143,0.4846268754719459,0.48442578548212345
lowbeta,20,2024-07-10,276,69,True,True,,2024-05-10,143,143,0.6846826882038148,0.6859015397747791
lowbeta,20,2024-07-17,277,69,True,True,,2024-05-17,143,143,0.3314537575100955,0.34006779605371157
lowbeta,20,2024-07-24,278,69,True,True,,2024-05-24,143,143,-0.16687186053383235,-0.16254637381397943
lowbeta,20,2024-07-31,279,69,True,True,,2024-06-03,143,143,0.21668882760432054,0.2072950523654749
lowbeta,20,2024-08-07,280,70,True,True,,2024-06-10,143,143,-0.19657572474473883,-0.23330132309005547
lowbeta,20,2024-08-14,281,70,True,True,,2024-06-17,143,143,0.031263337601365765,-0.015951771233461375
lowbeta,20,2024-08-21,282,70,True,True,,2024-06-25,143,143,-0.008872582816244787,-0.033499950753471876
lowbeta,20,2024-08-28,283,70,True,True,,2024-07-02,143,143,-0.3713598607964805,-0.3574313010932729
lowbeta,20,2024-09-05,284,71,True,True,,2024-07-10,143,143,-0.3482345119669063,-0.28328244525427626
lowbeta,20,2024-09-12,285,71,True,True,,2024-07-17,143,143,-0.43604927935913845,-0.3917602350700942
lowbeta,20,2024-09-19,286,71,True,True,,2024-07-24,143,143,-0.12445008043599592,-0.10455448307560983
lowbeta,20,2024-09-26,287,71,True,True,,2024-07-31,143,143,0.039253586788798055,0.012960044650185496
lowbeta,20,2024-10-03,288,72,True,True,,2024-08-07,143,143,-0.1227674907252372,-0.15352194753603204
lowbeta,20,2024-10-10,289,72,True,True,,2024-08-14,143,143,-0.28329886076364946,-0.28349174299878527
lowbeta,20,2024-10-17,290,72,True,True,,2024-08-21,143,143,-0.25671804721100494,-0.2649258018976329
lowbeta,20,2024-10-24,291,72,True,True,,2024-08-28,143,143,-0.24866213598607964,-0.26212285367214944
lowbeta,20,2024-10-31,292,73,True,True,,2024-09-05,143,143,-0.2550108342361863,-0.26884090088315443
lowbeta,20,2024-11-07,293,73,True,True,,2024-09-12,143,143,-0.1946715256574411,-0.21983650152664236
lowbeta,20,2024-11-14,294,73,True,True,,2024-09-19,143,143,-0.32513789027873535,-0.34539873272267635
lowbeta,20,2024-11-21,295,73,True,True,,2024-09-26,143,143,-0.1792040119504908,-0.19246774352408155
lowbeta,20,2024-11-29,296,74,True,True,,2024-10-03,143,143,-0.17742703306083588,-0.17970468498637512
lowbeta,20,2024-12-06,297,74,True,True,,2024-10-10,143,143,-0.02869841426179454,-0.021217045864933188
lowbeta,20,2024-12-13,298,74,True,True,,2024-10-17,143,143,0.11865540562723662,0.12956761548310844
lowbeta,20,2024-12-20,299,74,True,True,,2024-10-24,143,143,-0.3306781246922092,-0.3064406251025969
lowbeta,20,2024-12-30,300,75,True,True,,2024-10-31,143,143,0.12101923897698545,0.1395154141633015
lowbeta,20,2025-01-07,301,75,True,True,,2024-11-07,143,143,0.17380741324403295,0.18461292228897863
lowbeta,20,2025-01-15,302,75,True,True,,2024-11-14,143,143,0.06830903837946091,0.07648396204734231
lowbeta,20,2025-01-23,303,75,True,True,,2024-11-21,143,143,0.33127729078433304,0.33212268951705565
lowbeta,20,2025-01-30,304,76,True,True,,2024-11-29,143,143,0.48158590236055027,0.4714821563413112
lowbeta,20,2025-02-06,305,76,True,True,,2024-12-06,143,143,0.6629280344069076,0.6380708493384549
lowbeta,20,2025-02-13,306,76,True,True,,2024-12-13,143,143,0.6788182474802192,0.6728430020683541
lowbeta,20,2025-02-21,307,76,True,True,,2024-12-20,143,143,0.6889630322728914,0.6952912111362815
lowbeta,20,2025-02-28,308,77,True,True,,2024-12-30,143,143,0.6323828753406219,0.6424127515676812
lowbeta,20,2025-03-07,309,77,True,True,,2025-01-07,143,143,0.6879083357956597,0.7065481466889917
lowbeta,20,2025-03-14,310,77,True,True,,2025-01-15,143,143,0.3746963130765948,0.39432105453232213
lowbeta,20,2025-03-21,311,77,True,True,,2025-01-23,143,143,0.5363972881578515,0.5413670836206048
lowbeta,20,2025-03-28,312,78,True,True,,2025-01-30,143,143,-0.32334449587970715,-0.30731064709937944
lowbeta,20,2025-04-04,313,78,True,True,,2025-02-06,143,143,-0.7642732854000458,-0.7356815719491775
lowbeta,20,2025-04-11,314,78,True,True,,2025-02-13,143,143,-0.8070931416001839,-0.7686110837519288
lowbeta,20,2025-04-21,315,78,True,True,,2025-02-21,143,143,-0.8696608555763483,-0.8577965461768278
lowbeta,20,2025-04-28,316,79,True,True,,2025-02-28,143,143,-0.6898002232509274,-0.6804064480120818
lowbeta,20,2025-05-05,317,79,True,True,,2025-03-07,143,143,-0.703322499097147,-0.6746158770806657
lowbeta,20,2025-05-12,318,79,True,True,,2025-03-14,143,143,-0.5140065333727305,-0.520667126300929
lowbeta,20,2025-05-19,319,79,True,True,,2025-03-21,143,143,-0.3643914770675334,-0.34056436521225253
lowbeta,20,2025-05-27,320,80,True,True,,2025-03-28,143,143,-0.6098854197445746,-0.5929446140713746
lowbeta,20,2025-06-03,321,80,True,True,,2025-04-04,143,143,-0.6199850618864703,-0.6044231590006237
lowbeta,20,2025-06-10,322,80,True,True,,2025-04-11,143,143,-0.49523129452706915,-0.4892478413605174
lowbeta,20,2025-06-17,323,80,True,True,,2025-04-21,143,143,-0.4987688367970058,-0.47849978659837805
lowbeta,20,2025-06-25,324,81,True,True,,2025-04-28,143,143,-0.2060720969171673,-0.19339111592632716
lowbeta,20,2025-07-02,325,81,True,True,,2025-05-05,143,143,-0.18582766998259956,-0.18555681407794083
lowbeta,20,2025-07-10,326,81,True,True,,2025-05-12,143,143,-0.045786959519353874,-0.047547522899635576
lowbeta,20,2025-07-17,327,81,True,True,,2025-05-19,143,143,0.0032625824879346003,0.006927344955513969
lowbeta,20,2025-07-24,328,82,True,True,,2025-05-27,143,143,0.23381841163531303,0.23461866771725925
lowbeta,20,2025-07-31,329,82,True,True,,2025-06-03,143,143,-0.0325970977379428,-0.02194343215469976
lowbeta,20,2025-08-07,330,82,True,True,,2025-06-10,143,143,-0.06568666075708329,-0.059206638431990546
lowbeta,20,2025-08-14,331,82,True,True,,2025-06-17,143,143,-0.17597836435864603,-0.17451328014708295
lowbeta,20,2025-08-21,332,83,True,True,,2025-06-25,143,143,-0.6356372500738698,-0.6370653993893429
lowbeta,20,2025-08-28,333,83,True,True,,2025-07-02,143,143,-0.2202592008930037,-0.22824945008043596
lowbeta,20,2025-09-05,334,83,True,True,,2025-07-10,143,143,-0.30266916182409137,-0.31201779441216054
lowbeta,20,2025-09-12,335,83,True,True,,2025-07-17,143,143,-0.10477609245214878,-0.11822449850618864
lowbeta,20,2025-09-19,336,84,True,True,,2025-07-24,143,143,0.05201664532650448,0.03387750746905676
lowbeta,20,2025-09-26,337,84,True,True,,2025-07-31,143,143,-0.256287140089957,-0.26311188811188807
lowbeta,20,2025-10-03,338,84,True,True,,2025-08-07,143,143,-0.4486112479070225,-0.448016185692242
lowbeta,20,2025-10-10,339,84,True,True,,2025-08-14,143,143,-0.28346301585738204,-0.27643717784562855
lowbeta,20,2025-10-17,340,85,True,True,,2025-08-21,143,143,0.03114842903575298,0.03968449390984602
lowbeta,20,2025-10-24,341,85,True,True,,2025-08-28,143,143,0.4659090909090909,0.4679199908073148
lowbeta,20,2025-10-31,342,85,True,True,,2025-09-05,143,143,0.3948873896056995,0.3901433073968285
lowbeta,20,2025-11-07,343,85,True,True,,2025-09-12,143,143,-0.08525394793000425,-0.09427837420795168
lowbeta,20,2025-11-14,344,86,True,True,,2025-09-19,143,143,-0.06691372008273416,-0.0829721921271217
lowbeta,20,2025-11-21,345,86,True,True,,2025-09-26,143,143,-0.5003611412062116,-0.5042762401917331
lowbeta,20,2025-12-01,346,86,True,True,,2025-10-03,143,143,-0.16313733215141663,-0.17025755934206638
lowbeta,20,2025-12-08,347,86,True,True,,2025-10-10,143,143,-0.01131028595817328,-0.00819133917725467
lowbeta,20,2025-12-15,348,87,True,True,,2025-10-17,143,143,0.0037222167503857644,0.03148494697790472
lowbeta,20,2025-12-22,349,87,True,True,,2025-10-24,143,143,0.08058373551331298,0.11384566138087263
lowbeta,20,2025-12-30,350,87,True,True,,2025-10-31,143,143,0.02409796775993959,0.05757329524935158
lowbeta,20,2026-01-07,351,87,True,True,,2025-11-07,143,143,0.36985373781148423,0.4009118815456843
lowbeta,20,2026-01-14,352,88,True,True,,2025-11-14,143,143,0.22114974227650283,0.24253504711251192
lowbeta,20,2026-01-22,353,88,True,True,,2025-11-21,143,143,0.24274844873436421,0.2632596276962474
lowbeta,20,2026-01-29,354,88,True,True,,2025-12-01,143,143,0.40341114284776247,0.4108104336977576
lowbeta,20,2026-02-05,355,88,True,True,,2025-12-08,143,143,0.06546915525788766,0.05515200761679635
lowbeta,20,2026-02-12,356,89,False,True,,2025-12-15,143,143,0.07613923635050396,0.07462490561082111
lowbeta,20,2026-02-20,357,89,False,True,,2025-12-22,143,143,0.005031353622902918,0.005191404839292163
lowbeta,20,2026-02-27,358,89,False,True,,2025-12-30,143,143,0.11217948717948717,0.1138046226074395
lowbeta,60,2019-01-14,0,0,True,True,,2018-07-23,129,127,-0.419035107334526,-0.31275778027746526
lowbeta,60,2019-01-22,1,0,True,True,,2018-07-30,130,127,-0.456832675579347,-0.410972065991751
lowbeta,60,2019-01-29,2,0,True,True,,2018-08-06,130,127,-0.4757213672179054,-0.39292158792650916
lowbeta,60,2019-02-05,3,0,True,True,,2018-08-13,130,128,-0.3067828319381665,-0.25218023255813954
lowbeta,60,2019-02-12,4,0,True,True,,2018-08-20,130,128,-0.16238648622813368,-0.08176158212781541
lowbeta,60,2019-02-20,5,0,True,True,,2018-08-27,130,128,-0.015198896611997978,0.10566974913019593
lowbeta,60,2019-02-27,6,0,True,True,,2018-09-04,130,128,0.20443540127545096,0.25000572239516566
lowbeta,60,2019-03-06,7,0,True,True,,2018-09-11,130,128,0.17821628043534662,0.24293856436550082
lowbeta,60,2019-03-13,8,0,True,True,,2018-09-18,130,128,0.11892283111881904,0.1759865409265702
lowbeta,60,2019-03-20,9,0,True,True,,2018-09-25,130,128,0.21770336888391212,0.2643918238417872
lowbeta,60,2019-03-27,10,0,True,True,,2018-10-02,130,128,0.06000081934752625,0.07862570957700055
lowbeta,60,2019-04-03,11,0,True,True,,2018-10-09,130,128,0.21631594040612326,0.23788568943416952
lowbeta,60,2019-04-10,12,1,True,True,,2018-10-16,130,128,0.20647284545740074,0.24617171763413295
lowbeta,60,2019-04-17,13,1,True,True,,2018-10-23,130,128,0.16324406997227872,0.26411714887383264
lowbeta,60,2019-04-25,14,1,True,True,,2018-10-30,130,128,0.0944079531333215,0.17026986815601536
lowbeta,60,2019-05-02,15,1,True,True,,2018-11-06,130,128,0.058438596730803365,0.09536943783189893
lowbeta,60,2019-05-09,16,1,True,True,,2018-11-13,130,128,0.25701020087670184,0.28148461820179455
lowbeta,60,2019-05-16,17,1,True,True,,2018-11-20,130,128,0.1521883406847014,0.17004097234938656
lowbeta,60,2019-05-23,18,1,True,True,,2018-11-28,131,128,-0.03432445417178242,-0.06800494414942318
lowbeta,60,2019-05-31,19,1,True,True,,2018-12-06,131,128,-0.008962792932258582,-0.016903955319538547
lowbeta,60,2019-06-07,20,1,True,True,,2018-12-13,131,128,0.1720973682805744,0.10863967222120491
lowbeta,60,2019-06-14,21,1,True,True,,2018-12-20,131,128,0.004852399508888058,-0.0683711774400293
lowbeta,60,2019-06-21,22,1,True,True,,2018-12-28,131,128,0.04122671221907863,-0.01633171580296649
lowbeta,60,2019-06-28,23,1,True,True,,2019-01-07,131,129,0.28304596167191587,0.23534212880143116
lowbeta,60,2019-07-08,24,2,True,True,,2019-01-14,131,129,0.28170608017936266,0.22948904293381042
lowbeta,60,2019-07-15,25,2,True,True,,2019-01-22,131,130,0.4501841669780601,0.3911920140927774
lowbeta,60,2019-07-22,26,2,True,True,,2019-01-29,131,130,0.339662627448887,0.29551953461060504
lowbeta,60,2019-07-29,27,2,True,True,,2019-02-05,131,130,0.44863075855442264,0.40223681874667144
lowbeta,60,2019-08-05,28,2,True,True,,2019-02-12,131,130,-0.056499225964874826,-0.07674828278414289
lowbeta,60,2019-08-12,29,2,True,True,,2019-02-20,131,130,-0.1985747077350131,-0.20718294664682024
lowbeta,60,2019-08-19,30,2,True,True,,2019-02-27,131,130,-0.21485613623018202,-0.2125851780032501
lowbeta,60,2019-08-26,31,2,True,True,,2019-03-06,131,130,-0.2531094859339134,-0.24676289448169442
lowbeta,60,2019-09-03,32,2,True,True,,2019-03-13,131,130,-0.30577056531255004,-0.30109109778912724
lowbeta,60,2019-09-10,33,2,True,True,,2019-03-20,131,130,-0.13389740030961406,-0.14976853432383344
lowbeta,60,2019-09-17,34,2,True,True,,2019-03-27,131,130,-0.12153952917311696,-0.11697278400633629
lowbeta,60,2019-09-24,35,2,True,True,,2019-04-03,131,130,-0.3409971707681631,-0.32586270466618417
lowbeta,60,2019-10-01,36,3,True,True,,2019-04-10,131,130,-0.4146052420861581,-0.40329650821395896
lowbeta,60,2019-10-08,37,3,True,True,,2019-04-17,131,130,-0.43302193989216886,-0.4269210285542613
lowbeta,60,2019-10-15,38,3,True,True,,2019-04-25,131,130,-0.35866118614210224,-0.40084939026888255
lowbeta,60,2019-10-22,39,3,True,True,,2019-05-02,131,130,-0.48195697432338647,-0.5278100206202461
lowbeta,60,2019-10-29,40,3,True,True,,2019-05-09,131,130,-0.22617306357764375,-0.2842562372830436
lowbeta,60,2019-11-05,41,3,True,True,,2019-05-16,131,130,-0.10327763839214221,-0.16299280339756106
lowbeta,60,2019-11-12,42,3,True,True,,2019-05-23,131,131,-0.20838627021833128,-0.23864303635296005
lowbeta,60,2019-11-19,43,3,True,True,,2019-05-31,131,131,-0.24507553515187105,-0.2632253242940266
lowbeta,60,2019-11-26,44,3,True,True,,2019-06-07,131,131,0.030913361447712593,0.0005231409811562483
lowbeta,60,2019-12-04,45,3,True,True,,2019-06-14,131,131,-0.08790903752735814,-0.1344418939838787
lowbeta,60,2019-12-11,46,3,True,True,,2019-06-21,131,131,0.025735333368921157,-0.04596701008914749
lowbeta,60,2019-12-18,47,3,True,True,,2019-06-28,131,131,0.0886777344792612,-0.004024982650936849
lowbeta,60,2019-12-26,48,4,True,True,,2019-07-08,131,131,-0.09422409651417285,-0.2290289862808947
lowbeta,60,2020-01-03,49,4,True,True,,2019-07-15,131,131,0.05631238990017615,-0.07724870549298031
lowbeta,60,2020-01-10,50,4,True,True,,2019-07-22,131,131,0.062237762237762236,-0.07909571344685849
lowbeta,60,2020-01-17,51,4,True,True,,2019-07-29,131,131,0.10329899108525062,-0.06754924464848129
lowbeta,60,2020-01-27,52,4,True,True,,2019-08-05,131,131,0.015213793839748038,-0.12827630384882294
lowbeta,60,2020-02-03,53,4,True,True,,2019-08-12,131,131,-0.13213580312816953,-0.2629957828431111
lowbeta,60,2020-02-10,54,4,True,True,,2019-08-19,132,131,-0.03100394984685864,-0.18835210590935783
lowbeta,60,2020-02-18,55,4,True,True,,2019-08-26,132,131,-0.02414780880027967,-0.1818021672983505
lowbeta,60,2020-02-25,56,4,True,True,,2019-09-03,132,131,-0.18752641492697739,-0.3562963753803448
lowbeta,60,2020-03-03,57,4,True,True,,2019-09-10,132,131,-0.17854664419549912,-0.32454492072812685
lowbeta,60,2020-03-10,58,4,True,True,,2019-09-17,132,131,-0.4391478348890964,-0.5053328351038275
lowbeta,60,2020-03-17,59,4,True,True,,2019-09-24,132,131,-0.3339316368645416,-0.4863663054502749
lowbeta,60,2020-03-24,60,5,True,True,,2019-10-01,132,131,-0.33007049198290656,-0.3341055890674211
lowbeta,60,2020-03-31,61,5,True,True,,2019-10-08,133,131,-0.2645606553697677,-0.49594832648267767
lowbeta,60,2020-04-07,62,5,True,True,,2019-10-15,133,131,-0.18786790585690819,-0.502295414509155
lowbeta,60,2020-04-15,63,5,True,True,,2019-10-22,133,131,-0.23169014802950388,-0.6258154059680777
lowbeta,60,2020-04-22,64,5,True,True,,2019-10-29,133,131,-0.2923149121106701,-0.5560134521966583
lowbeta,60,2020-04-29,65,5,True,True,,2019-11-05,133,131,0.010191693616673977,-0.45624833182085084
lowbeta,60,2020-05-06,66,5,True,True,,2019-11-12,133,131,-0.17199375643994652,-0.43945977686435705
lowbeta,60,2020-05-13,67,5,True,True,,2019-11-19,133,131,-0.2608063578212832,-0.3277798537340522
lowbeta,60,2020-05-20,68,5,True,True,,2019-11-26,133,131,-0.1656175717448302,-0.2471414082101105
lowbeta,60,2020-05-28,69,5,True,True,,2019-12-04,133,131,0.05462604952000081,-0.32001814978914217
lowbeta,60,2020-06-04,70,5,True,True,,2019-12-11,133,131,0.2445496373226145,-0.27054929803021405
lowbeta,60,2020-06-11,71,5,True,True,,2019-12-18,133,131,0.11569459605594719,-0.26760796455452945
lowbeta,60,2020-06-18,72,6,True,True,,2019-12-26,133,131,0.2448709970312484,-0.0324400790049645
lowbeta,60,2020-06-25,73,6,True,True,,2020-01-03,133,131,0.22329398802297465,0.02133134041530988
lowbeta,60,2020-07-02,74,6,True,True,,2020-01-10,134,131,0.15762041920722206,-0.06427160625633908
lowbeta,60,2020-07-10,75,6,True,True,,2020-01-17,135,131,0.05722368549409815,0.018432712325842097
lowbeta,60,2020-07-17,76,6,True,True,,2020-01-27,135,131,0.09417617793386011,-0.20580259435221268
lowbeta,60,2020-07-24,77,6,True,True,,2020-02-03,135,131,0.05723344063993758,-0.309186996209897
lowbeta,60,2020-07-31,78,6,True,True,,2020-02-10,135,132,0.06544727343673788,-0.21887995491852458
lowbeta,60,2020-08-07,79,6,True,True,,2020-02-18,135,132,0.08719637108574775,-0.22154623199219417
lowbeta,60,2020-08-14,80,6,True,True,,2020-02-25,135,132,-0.15729197151497418,-0.3571976436580695
lowbeta,60,2020-08-21,81,6,True,True,,2020-03-03,135,132,-0.35343381133547946,-0.25838885903168746
lowbeta,60,2020-08-28,82,6,True,True,,2020-03-10,135,132,-0.41211101355965274,-0.32773815176386484
lowbeta,60,2020-09-04,83,6,True,True,,2020-03-17,135,132,-0.4216222807530974,-0.45712302964211354
lowbeta,60,2020-09-14,84,7,True,True,,2020-03-24,135,132,-0.4796605209247879,-0.535869514174054
lowbeta,60,2020-09-21,85,7,True,True,,2020-03-31,135,133,-0.5394254219100576,-0.5662613113516491
lowbeta,60,2020-09-28,86,7,True,True,,2020-04-07,135,133,-0.4672861184274705,-0.5185674498321787
lowbeta,60,2020-10-05,87,7,True,True,,2020-04-15,135,133,-0.48878645985757485,-0.5160832882749614
lowbeta,60,2020-10-12,88,7,True,True,,2020-04-22,135,133,-0.5096380840893573,-0.5218524601871027
lowbeta,60,2020-10-19,89,7,True,True,,2020-04-29,135,133,-0.5292849478099698,-0.5327939931239224
lowbeta,60,2020-10-26,90,7,True,True,,2020-05-06,135,133,-0.5104380060481905,-0.5430315952704012
lowbeta,60,2020-11-02,91,7,True,True,,2020-05-13,135,133,-0.45641888596234514,-0.5021628018485834
lowbeta,60,2020-11-09,92,7,True,True,,2020-05-20,135,133,-0.3323431860306312,-0.3721753501800634
lowbeta,60,2020-11-16,93,7,True,True,,2020-05-28,135,133,-0.3561896400351185,-0.40204650023974453
lowbeta,60,2020-11-23,94,7,True,True,,2020-06-04,135,133,-0.41581309140571654,-0.43472827251303287
lowbeta,60,2020-12-01,95,7,True,True,,2020-06-11,135,133,-0.5021510096575945,-0.504325603697167
lowbeta,60,2020-12-08,96,8,True,True,,2020-06-18,135,133,-0.47903131401814464,-0.4783158710888483
lowbeta,60,2020-12-15,97,8,True,True,,2020-06-25,135,133,-0.5812067115403375,-0.5684955264688178
lowbeta,60,2020-12-22,98,8,True,True,,2020-07-02,135,134,-0.5800312164666862,-0.585850197633387
lowbeta,60,2020-12-30,99,8,True,True,,2020-07-10,135,135,-0.5216320358989368,-0.5488976685201444
lowbeta,60,2021-01-07,100,8,True,True,,2020-07-17,135,135,-0.5054872695346796,-0.5185396546678374
lowbeta,60,2021-01-14,101,8,True,True,,2020-07-24,135,135,-0.3749975612135402,-0.37501219393229934
lowbeta,60,2021-01-22,102,8,True,True,,2020-07-31,135,135,-0.3780704321529607,-0.3860989171788119
lowbeta,60,2021-01-29,103,8,True,True,,2020-08-07,135,135,-0.5868305531167692,-0.5992537313432836
lowbeta,60,2021-02-05,104,8,True,True,,2020-08-14,135,135,-0.4079211784216175,-0.42962150034143015
lowbeta,60,2021-02-12,105,8,True,True,,2020-08-21,135,135,-0.2331138425519462,-0.25803336259877085
lowbeta,60,2021-02-22,106,8,True,True,,2020-08-28,135,135,-0.10266315481416449,-0.12644620037069554
lowbeta,60,2021-03-01,107,8,True,True,,2020-09-04,135,135,0.031928592332455374,0.015193639644912693
lowbeta,60,2021-03-08,108,9,True,True,,2020-09-14,135,135,-0.09519071310116087,-0.10487757291971517
lowbeta,60,2021-03-15,109,9,True,True,,2020-09-21,135,135,0.07770949175690178,-0.00081455467759243
lowbeta,60,2021-03-22,110,9,True,True,,2020-09-28,135,135,0.029875134133255293,0.01462296361330602
lowbeta,60,2021-03-29,111,9,True,True,,2020-10-05,135,135,-0.03618183591844699,0.002789971710077066
lowbeta,60,2021-04-06,112,9,True,True,,2020-10-12,135,135,0.10353624036679351,0.08309920983318701
lowbeta,60,2021-04-13,113,9,True,True,,2020-10-19,135,135,0.18826943712808508,0.181421324748805
lowbeta,60,2021-04-20,114,9,True,True,,2020-10-26,135,135,0.000941371573505024,0.04343478685006342
lowbeta,60,2021-04-27,115,9,True,True,,2020-11-02,135,135,0.2405179982440738,0.2644327382694372
lowbeta,60,2021-05-04,116,9,True,True,,2020-11-09,135,135,0.022192956784703934,0.19079601990049755
lowbeta,60,2021-05-11,117,9,True,True,,2020-11-16,135,135,-0.08071895424836602,0.11401326699834163
lowbeta,60,2021-05-18,118,9,True,True,,2020-11-23,135,135,-0.13728416739830263,0.09547848990342407
lowbeta,60,2021-05-25,119,9,True,True,,2020-12-01,135,135,0.13658667447078338,0.3095258999122037
lowbeta,60,2021-06-02,120,10,True,True,,2020-12-08,135,135,0.08162618281143305,0.3290996000390206
lowbeta,60,2021-06-09,121,10,True,True,,2020-12-15,135,135,-0.03360647741683739,0.28841088674275683
lowbeta,60,2021-06-16,122,10,True,True,,2020-12-22,135,135,-0.1545654082528534,0.24123012389035223
lowbeta,60,2021-06-23,123,10,True,True,,2020-12-30,135,135,-0.1346649107404156,0.17445615061945177
lowbeta,60,2021-06-30,124,10,True,True,,2021-01-07,135,135,-0.16778363086528145,0.12266608135791632
lowbeta,60,2021-07-08,125,10,True,True,,2021-01-14,136,135,-0.201803349076857,-0.11797873378207005
lowbeta,60,2021-07-15,126,10,True,True,,2021-01-22,136,135,-0.1986069366919517,-0.09809774656131111
lowbeta,60,2021-07-22,127,10,True,True,,2021-01-29,137,135,-0.18494128847984764,-0.12390010730660427
lowbeta,60,2021-07-29,128,10,True,True,,2021-02-05,137,135,-0.14402990647226835,-0.06538874256170131
lowbeta,60,2021-08-05,129,10,True,True,,2021-02-12,137,135,-0.11900983814662013,-0.003350892595844308
lowbeta,60,2021-08-12,130,10,True,True,,2021-02-22,137,135,-0.4072329979278287,-0.11611062335381916
lowbeta,60,2021-08-19,131,10,True,True,,2021-03-01,137,135,-0.5031922638938152,-0.2532143205540923
lowbeta,60,2021-08-26,132,11,True,True,,2021-03-08,137,135,-0.4393003154927474,-0.16060872110038046
lowbeta,60,2021-09-02,133,11,True,True,,2021-03-15,137,135,-0.41342617656392927,-0.21604233733294312
lowbeta,60,2021-09-10,134,11,True,True,,2021-03-22,137,135,-0.33647114828159125,-0.2524631743244562
lowbeta,60,2021-09-17,135,11,True,True,,2021-03-29,137,135,-0.21306961375473704,-0.08957174909764902
lowbeta,60,2021-09-24,136,11,True,True,,2021-04-06,137,135,-0.01369313196557582,0.10456053067993368
lowbeta,60,2021-10-01,137,11,True,True,,2021-04-13,137,135,-0.1867614389456195,-0.03798166032582188
lowbeta,60,2021-10-08,138,11,True,True,,2021-04-20,137,135,-0.21406369593219704,-0.15743829870256562
lowbeta,60,2021-10-15,139,11,True,True,,2021-04-27,137,135,-0.21863274030653196,-0.24256657887035413
lowbeta,60,2021-10-22,140,11,True,True,,2021-05-04,138,135,-0.09131964501391586,-0.16745683347966053
lowbeta,60,2021-10-29,141,11,True,True,,2021-05-11,139,135,0.04829080834711112,-0.12117354404448348
lowbeta,60,2021-11-05,142,11,True,True,,2021-05-18,139,135,0.1258099110773493,0.048000195102916796
lowbeta,60,2021-11-12,143,11,True,True,,2021-05-25,139,135,0.1604763394253541,0.052448541605697
lowbeta,60,2021-11-19,144,12,True,True,,2021-06-02,139,135,0.20729255105232583,0.0602038825480441
lowbeta,60,2021-11-29,145,12,True,True,,2021-06-09,139,135,0.29641628312257023,0.16635937957272465
lowbeta,60,2021-12-06,146,12,True,True,,2021-06-16,139,135,0.39349836900665797,0.30822358794263977
lowbeta,60,2021-12-13,147,12,True,True,,2021-06-23,139,135,0.4545690155949774,0.3457857769973661
lowbeta,60,2021-12-20,148,12,True,True,,2021-06-30,139,135,0.402028687608919,0.3036533021168667
lowbeta,60,2021-12-28,149,12,True,True,,2021-07-08,140,136,0.4013819947081849,0.29768617909450884
lowbeta,60,2022-01-04,150,12,True,True,,2021-07-15,140,136,0.3873914849883012,0.3099613568054959
lowbeta,60,2022-01-11,151,12,True,True,,2021-07-22,140,137,0.46986945398088836,0.3634513786473015
lowbeta,60,2022-01-19,152,12,True,True,,2021-07-29,140,137,0.44466117075944117,0.34598726828084453
lowbeta,60,2022-01-26,153,12,True,True,,2021-08-05,140,137,0.45111193719796205,0.3232027180913622
lowbeta,60,2022-02-02,154,12,True,True,,2021-08-12,142,137,0.5825361333302599,0.38846677992047335
lowbeta,60,2022-02-09,155,12,True,True,,2021-08-19,142,137,0.6510873004729762,0.37010659547855956
lowbeta,60,2022-02-16,156,13,True,True,,2021-08-26,143,137,0.6553481729538068,0.376145761382941
lowbeta,60,2022-02-24,157,13,True,True,,2021-09-02,143,137,0.6594848813158672,0.3726034685534004
lowbeta,60,2022-03-03,158,13,True,True,,2021-09-10,143,137,0.5450523654749007,0.22729945675509175
lowbeta,60,2022-03-10,159,13,True,True,,2021-09-17,143,137,0.43877835779244223,0.1052326992364702
lowbeta,60,2022-03-17,160,13,True,True,,2021-09-24,143,137,0.6922091992514526,0.3156234248697892
lowbeta,60,2022-03-24,161,13,True,True,,2021-10-01,143,137,0.749335171870383,0.43185636679298817
lowbeta,60,2022-03-31,162,13,True,True,,2021-10-08,143,137,0.7287829541350668,0.4288974555229899
lowbeta,60,2022-04-07,163,13,True,True,,2021-10-15,143,137,0.5859146721822778,0.41210073366064925
lowbeta,60,2022-04-14,164,13,True,True,,2021-10-22,143,138,0.4287895203388161,0.23037793186586875
lowbeta,60,2022-04-22,165,13,True,True,,2021-10-29,143,139,-0.0395039233067402,-0.10817730908440948
lowbeta,60,2022-04-29,166,13,True,True,,2021-11-05,143,139,0.04437522571325388,-0.03818758657670137
lowbeta,60,2022-05-06,167,13,True,True,,2021-11-12,143,139,-0.43800682885189923,-0.17927968184458642
lowbeta,60,2022-05-13,168,14,True,True,,2021-11-19,143,139,-0.49965527430316165,-0.2247553509987041
lowbeta,60,2022-05-20,169,14,True,True,,2021-11-29,143,139,-0.432056206704094,-0.19192546583850928
lowbeta,60,2022-05-27,170,14,True,True,,2021-12-06,143,139,-0.19524606848550508,-0.0854148978953483
lowbeta,60,2022-06-06,171,14,True,True,,2021-12-13,143,139,-0.11923815620998718,-0.005849233656553018
lowbeta,60,2022-06-13,172,14,True,True,,2021-12-20,143,139,-0.3280721625792048,-0.20883417489610792
lowbeta,60,2022-06-21,173,14,True,True,,2021-12-28,143,140,-0.1963705308775731,-0.14354376681026002
lowbeta,60,2022-06-28,174,14,True,True,,2022-01-04,143,140,-0.04435881020388062,-0.031339791388773484
lowbeta,60,2022-07-06,175,14,True,True,,2022-01-11,143,140,-0.0776248399487836,-0.1531871159607269
lowbeta,60,2022-07-13,176,14,True,True,,2022-01-19,143,140,-0.21098033421977083,-0.25013229537950193
lowbeta,60,2022-07-20,177,14,True,True,,2022-01-26,143,140,0.3670261663219409,0.29263737945813567
lowbeta,60,2022-07-27,178,14,True,True,,2022-02-02,143,142,0.2304573360911389,0.2411089060774407
lowbeta,60,2022-08-03,179,14,True,True,,2022-02-09,143,142,0.44475360320430746,0.4420221672244447
lowbeta,60,2022-08-10,180,15,True,True,,2022-02-16,143,143,0.576689155914508,0.5510317147641092
lowbeta,60,2022-08-17,181,15,True,True,,2022-02-24,143,143,0.4661101808989132,0.4074247348895236
lowbeta,60,2022-08-24,182,15,True,True,,2022-03-03,143,143,0.3954906595751666,0.32428838766866935
lowbeta,60,2022-08-31,183,15,True,True,,2022-03-10,143,143,0.4043386191273515,0.3357176860697988
lowbeta,60,2022-09-08,184,15,True,True,,2022-03-17,143,143,0.4061402212810663,0.3494000131324075
lowbeta,60,2022-09-15,185,15,True,True,,2022-03-24,143,143,0.37499589612265666,0.30337092484979805
lowbeta,60,2022-09-22,186,15,True,True,,2022-03-31,143,143,0.2953888834170524,0.23962539807610228
lowbeta,60,2022-09-29,187,15,True,True,,2022-04-07,143,143,0.4310835877737285,0.387496306510391
lowbeta,60,2022-10-06,188,15,True,True,,2022-04-14,143,143,0.5238189041005942,0.49195640040710464
lowbeta,60,2022-10-13,189,15,True,True,,2022-04-22,143,143,0.21903214156735282,0.18992333957122687
lowbeta,60,2022-10-20,190,15,True,True,,2022-04-29,143,143,0.10382399290849995,0.08488459896910601
lowbeta,60,2022-10-27,191,15,True,True,,2022-05-06,143,143,0.01607078367641748,-0.012459371614301188
lowbeta,60,2022-11-03,192,16,True,True,,2022-05-13,143,143,-0.3622492530943235,-0.36550773170491474
lowbeta,60,2022-11-10,193,16,True,True,,2022-05-20,143,143,-0.5286902065071079,-0.5345669588627335
lowbeta,60,2022-11-17,194,16,True,True,,2022-05-27,143,143,-0.6320012147476936,-0.6202477100364424
lowbeta,60,2022-11-25,195,16,True,True,,2022-06-06,143,143,-0.5776207360714403,-0.5735620013789028
lowbeta,60,2022-12-02,196,16,True,True,,2022-06-13,143,143,-0.5187588233362881,-0.5354082537181128
lowbeta,60,2022-12-09,197,16,True,True,,2022-06-21,143,143,-0.5385764470271512,-0.5505967037657178
lowbeta,60,2022-12-16,198,16,True,True,,2022-06-28,143,143,-0.5916477888308874,-0.5937530779080075
lowbeta,60,2022-12-23,199,16,True,True,,2022-07-06,143,143,-0.7137873863225975,-0.7139638530483601
lowbeta,60,2023-01-03,200,16,True,True,,2022-07-13,143,143,-0.6841820151679306,-0.6846334416756951
lowbeta,60,2023-01-10,201,16,True,True,,2022-07-20,143,143,-0.4620104074329425,-0.4832315571752191
lowbeta,60,2023-01-18,202,16,True,True,,2022-07-27,143,143,-0.3265906628582685,-0.3524163629797432
lowbeta,60,2023-01-25,203,16,True,True,,2022-08-03,143,143,-0.19975622968580714,-0.21780508224170192
lowbeta,60,2023-02-01,204,17,True,True,,2022-08-10,143,143,0.1109565317311796,0.09279687448701532
lowbeta,60,2023-02-08,205,17,True,True,,2022-08-17,143,143,0.136934075314357,0.12127778324961423
lowbeta,60,2023-02-15,206,17,True,True,,2022-08-24,143,143,0.12052677369578776,0.09816474605207
lowbeta,60,2023-02-23,207,17,True,True,,2022-08-31,143,143,-0.26636626284513604,-0.28432893397682124
lowbeta,60,2023-03-02,208,17,True,True,,2022-09-08,143,143,-0.46286811779769527,-0.4794272628779671
lowbeta,60,2023-03-09,209,17,True,True,,2022-09-15,143,143,-0.5298105650218327,-0.5539618831872353
lowbeta,60,2023-03-16,210,17,True,True,,2022-09-22,143,143,-0.604074329426442,-0.624425457171936
lowbeta,60,2023-03-23,211,17,True,True,,2022-09-29,143,143,-0.5375463738139794,-0.5543066088840736
lowbeta,60,2023-03-30,212,17,True,True,,2022-10-06,143,143,-0.5623173774582225,-0.593629961587708
lowbeta,60,2023-04-06,213,17,True,True,,2022-10-13,143,143,-0.6266456548146689,-0.6463812009586657
lowbeta,60,2023-04-14,214,17,True,True,,2022-10-20,143,143,-0.6691372008273417,-0.6805870186151877
lowbeta,60,2023-04-21,215,17,True,True,,2022-10-27,143,143,-0.7831634328113201,-0.7965297613184936
lowbeta,60,2023-04-28,216,18,True,True,,2022-11-03,143,143,-0.7377745493942677,-0.7484856692603171
lowbeta,60,2023-05-05,217,18,True,True,,2022-11-10,143,143,-0.7190403493220394,-0.7120883811024656
lowbeta,60,2023-05-12,218,18,True,True,,2022-11-17,143,143,-0.5427911290587347,-0.527253849436948
lowbeta,60,2023-05-19,219,18,True,True,,2022-11-25,143,143,-0.3048113857973013,-0.30429429725204366
lowbeta,60,2023-05-26,220,18,True,True,,2022-12-02,143,143,-0.16721248235332742,-0.16824255556649922
lowbeta,60,2023-06-05,221,18,True,True,,2022-12-09,143,143,-0.1389613907219541,-0.13227617452969564
lowbeta,60,2023-06-12,222,18,True,True,,2022-12-16,143,143,-0.12350208476969039,-0.12587412587412586
lowbeta,60,2023-06-20,223,18,True,True,,2022-12-23,143,143,-0.015167930660888406,-0.008983387504514264
lowbeta,60,2023-06-27,224,18,True,True,,2023-01-03,143,143,0.18530647755999866,0.1817894546767786
lowbeta,60,2023-07-05,225,18,True,True,,2023-01-10,143,143,0.05600151022686233,0.05385107849896582
lowbeta,60,2023-07-12,226,18,True,True,,2023-01-18,143,143,0.08660822745329788,0.05450769887389605
lowbeta,60,2023-07-19,227,18,True,True,,2023-01-25,143,143,0.14623346137430643,0.1320873961719032
lowbeta,60,2023-07-26,228,19,True,True,,2023-02-01,143,143,0.10935601956728717,0.08028825634459436
lowbeta,60,2023-08-02,229,19,True,True,,2023-02-08,143,143,0.35228093502741387,0.3096211300436652
lowbeta,60,2023-08-09,230,19,True,True,,2023-02-15,143,143,0.008687908335795658,-0.03125102596933583
lowbeta,60,2023-08-16,231,19,True,True,,2023-02-23,143,143,-0.29587724482090677,-0.3300174004399356
lowbeta,60,2023-08-23,232,19,True,True,,2023-03-02,143,143,-0.34003086115762166,-0.3560236711645162
lowbeta,60,2023-08-30,233,19,True,True,,2023-03-09,143,143,-0.2931809974063495,-0.323566105256246
lowbeta,60,2023-09-07,234,19,True,True,,2023-03-16,143,143,-0.28964755901375616,-0.3013764404609475
lowbeta,60,2023-09-14,235,19,True,True,,2023-03-23,143,143,-0.3435560917955284,-0.373145047440822
lowbeta,60,2023-09-21,236,19,True,True,,2023-03-30,143,143,-0.6329779375554022,-0.6492539150989854
lowbeta,60,2023-09-28,237,19,True,True,,2023-04-06,143,143,-0.5970525952920319,-0.6002331002331002
lowbeta,60,2023-10-05,238,19,True,True,,2023-04-14,143,143,-0.3682901605436817,-0.3684748350241308
lowbeta,60,2023-10-12,239,19,True,True,,2023-04-21,143,143,-0.33428132899963886,-0.3576241833284086
lowbeta,60,2023-10-19,240,20,True,True,,2023-04-28,143,143,-0.520966709346991,-0.5268229423159
lowbeta,60,2023-10-26,241,20,True,True,,2023-05-05,143,143,-0.7062896024163628,-0.714119800387406
lowbeta,60,2023-11-02,242,20,True,True,,2023-05-12,143,143,-0.556637611215076,-0.578232213795594
lowbeta,60,2023-11-09,243,20,True,True,,2023-05-19,143,143,-0.5619521323746676,-0.5675087822975147
lowbeta,60,2023-11-16,244,20,True,True,,2023-05-26,143,143,-0.5389950425161693,-0.5609836173216455
lowbeta,60,2023-11-24,245,20,True,True,,2023-06-05,143,143,-0.4692988935946682,-0.49291260382809676
lowbeta,60,2023-12-01,246,20,True,True,,2023-06-12,143,143,-0.40321005285794015,-0.4152631406152533
lowbeta,60,2023-12-08,247,20,True,True,,2023-06-20,143,143,-0.31654437112183587,-0.31946222791293216
lowbeta,60,2023-12-15,248,20,True,True,,2023-06-27,143,143,-0.08770396270396269,-0.11508913621589678
lowbeta,60,2023-12-22,249,20,True,True,,2023-07-05,143,143,-0.11208509800059095,-0.13764814997209363
lowbeta,60,2024-01-02,250,20,True,True,,2023-07-12,143,143,-0.1735324534620309,-0.2088750451426508
lowbeta,60,2024-01-09,251,20,True,True,,2023-07-19,143,143,-0.14259332217078696,-0.16343691519747855
lowbeta,60,2024-01-17,252,21,True,True,,2023-07-26,143,143,-0.14036902065071077,-0.15714567123017825
lowbeta,60,2024-01-24,253,21,True,True,,2023-08-02,143,143,0.24115204044781507,0.24837486457204766
lowbeta,60,2024-01-31,254,21,True,True,,2023-08-09,143,143,-0.04143274565809777,-0.029285268721888438
lowbeta,60,2024-02-07,255,21,True,True,,2023-08-16,143,143,0.12012869759348632,0.1127458222528645
lowbeta,60,2024-02-14,256,21,True,True,,2023-08-23,143,143,0.23849272792934764,0.223726977248104
lowbeta,60,2024-02-22,257,21,True,True,,2023-08-30,143,143,0.17109064644275912,0.18697675563872743
lowbeta,60,2024-02-29,258,21,True,True,,2023-09-07,143,143,0.13054433829081716,0.15301306674546108
lowbeta,60,2024-03-07,259,21,True,True,,2023-09-14,143,143,0.27995830460619187,0.2643143241734791
lowbeta,60,2024-03-14,260,21,True,True,,2023-09-21,143,143,0.023896877770117207,0.017995502150431726
lowbeta,60,2024-03-21,261,21,True,True,,2023-09-28,143,143,-0.034328933976821296,-0.0167233001740044
lowbeta,60,2024-03-28,262,21,True,True,,2023-10-05,143,143,-0.05234905939131291,-0.033651794215174495
lowbeta,60,2024-04-05,263,21,True,True,,2023-10-12,143,143,-0.16891148757345936,-0.12570176302570668
lowbeta,60,2024-04-12,264,22,True,True,,2023-10-19,143,143,-0.2164672182277816,-0.14105847204438754
lowbeta,60,2024-04-19,265,22,True,True,,2023-10-26,143,143,-0.2785055320266588,-0.21704586493318884
lowbeta,60,2024-04-26,266,22,True,True,,2023-11-02,143,143,0.12775780557470695,0.15920171377917855
lowbeta,60,2024-05-03,267,22,True,True,,2023-11-09,143,143,0.10593338586296333,0.1535752979414951
lowbeta,60,2024-05-10,268,22,True,True,,2023-11-16,143,143,0.36343937752388455,0.3771011851997767
lowbeta,60,2024-05-17,269,22,True,True,,2023-11-24,143,143,0.18328326602974487,0.21766555041202926
lowbeta,60,2024-05-24,270,22,True,True,,2023-12-01,143,143,0.12395351127745492,0.1497710036442431
lowbeta,60,2024-06-03,271,22,True,True,,2023-12-08,143,143,0.09832069339111592,0.12451163859614563
lowbeta,60,2024-06-10,272,22,True,True,,2023-12-15,143,143,0.26012836928329885,0.2566031386453922
lowbeta,60,2024-06-17,273,22,True,True,,2023-12-22,143,143,0.26503250270855905,0.2473529991135625
lowbeta,60,2024-06-25,274,22,True,True,,2024-01-02,143,143,0.11836403033586132,0.11194556617091829
lowbeta,60,2024-07-02,275,22,True,True,,2024-01-09,143,143,0.1846088184116353,0.21155898092517808
lowbeta,60,2024-07-10,276,23,True,True,,2024-01-17,143,143,0.3162612035851472,0.3250886437506155
lowbeta,60,2024-07-17,277,23,True,True,,2024-01-24,143,143,0.0017359401162218065,0.050756754982107084
lowbeta,60,2024-07-24,278,23,True,True,,2024-01-31,143,143,-0.08834827144686298,-0.05022325092747628
lowbeta,60,2024-07-31,279,23,True,True,,2024-02-07,143,143,-0.07742374995896122,-0.05856232968909025
lowbeta,60,2024-08-07,280,23,True,True,,2024-02-14,143,143,-0.3696444400669752,-0.3788945795988049
lowbeta,60,2024-08-14,281,23,True,True,,2024-02-22,143,143,-0.3652204602908828,-0.4018434617026166
lowbeta,60,2024-08-21,282,23,True,True,,2024-02-29,143,143,-0.21516218523260777,-0.3071752191470501
lowbeta,60,2024-08-28,283,23,True,True,,2024-03-07,143,143,-0.31291243967300303,-0.36978807577399125
lowbeta,60,2024-09-05,284,23,True,True,,2024-03-14,143,143,-0.35664746052069995,-0.39383269312846775
lowbeta,60,2024-09-12,285,23,True,True,,2024-03-21,143,143,-0.4043919695328146,-0.451557831839522
lowbeta,60,2024-09-19,286,23,True,True,,2024-03-28,143,143,-0.32705440099806293,-0.3649249811221642
lowbeta,60,2024-09-26,287,23,True,True,,2024-04-05,143,143,-0.20745510358186414,-0.2801634984733576
lowbeta,60,2024-10-03,288,24,True,True,,2024-04-12,143,143,-0.2774836665681736,-0.3421279424800552
lowbeta,60,2024-10-10,289,24,True,True,,2024-04-19,143,143,-0.25273318231064706,-0.2919170031846088
lowbeta,60,2024-10-17,290,24,True,True,,2024-04-26,143,143,-0.2956310121803079,-0.33363291637939524
lowbeta,60,2024-10-24,291,24,True,True,,2024-05-03,143,143,-0.39498177878459567,-0.4229825338980268
lowbeta,60,2024-10-31,292,24,True,True,,2024-05-10,143,143,-0.2423052299812863,-0.3085500180570603
lowbeta,60,2024-11-07,293,24,True,True,,2024-05-17,143,143,-0.0967612200006566,-0.16560786631209165
lowbeta,60,2024-11-14,294,24,True,True,,2024-05-24,143,143,-0.07783003381594931,-0.11769509832890114
lowbeta,60,2024-11-21,295,24,True,True,,2024-06-03,143,143,0.05462260743950884,0.018906562920647425
lowbeta,60,2024-11-29,296,24,True,True,,2024-06-10,143,143,0.2520150037755671,0.21939328277356446
lowbeta,60,2024-12-06,297,24,True,True,,2024-06-17,143,143,0.5479209757378771,0.5144415443711218
lowbeta,60,2024-12-13,298,24,True,True,,2024-06-25,143,143,0.5439237992054893,0.5199284283791327
lowbeta,60,2024-12-20,299,24,True,True,,2024-07-02,143,143,0.519842246954923,0.5029917265832758
lowbeta,60,2024-12-30,300,25,True,True,,2024-07-10,143,143,0.6049853901966578,0.5729217965133457
lowbeta,60,2025-01-07,301,25,True,True,,2024-07-17,143,143,0.7588192324107816,0.6973554614399684
lowbeta,60,2025-01-15,302,25,True,True,,2024-07-24,143,143,0.6123928888013395,0.5524229291834925
lowbeta,60,2025-01-23,303,25,True,True,,2024-07-31,143,143,0.7193645556321612,0.6621770248530812
lowbeta,60,2025-01-30,304,25,True,True,,2024-08-07,143,143,0.49412324764437443,0.4870768902459043
lowbeta,60,2025-02-06,305,25,True,True,,2024-08-14,143,143,0.491295676154831,0.47048901802422927
lowbeta,60,2025-02-13,306,25,True,True,,2024-08-21,143,143,0.3473234511966906,0.34179963229258997
lowbeta,60,2025-02-21,307,25,True,True,,2024-08-28,143,143,0.02623198397846285,0.037267310154634095
lowbeta,60,2025-02-28,308,25,True,True,,2024-09-05,143,143,-0.3094980137233658,-0.28816605929281985
lowbeta,60,2025-03-07,309,25,True,True,,2024-09-12,143,143,-0.5153115663679043,-0.4723603860927804
lowbeta,60,2025-03-14,310,25,True,True,,2024-09-19,143,143,-0.6575560589645096,-0.6384237827899799
lowbeta,60,2025-03-21,311,25,True,True,,2024-09-26,143,143,-0.6096720181227223,-0.576779441216061
lowbeta,60,2025-03-28,312,26,True,True,,2024-10-03,143,143,-0.7787189336485111,-0.743359926458518
lowbeta,60,2025-04-04,313,26,True,True,,2024-10-10,143,143,-0.8721560130010833,-0.8004653796907317
lowbeta,60,2025-04-11,314,26,True,True,,2024-10-17,143,143,-0.826455234905939,-0.7593034899372927
lowbeta,60,2025-04-21,315,26,True,True,,2024-10-24,143,143,-0.8495395449620801,-0.78530565678453
lowbeta,60,2025-04-28,316,26,True,True,,2024-10-31,143,143,-0.738275222430152,-0.6910149709445483
lowbeta,60,2025-05-05,317,26,True,True,,2024-11-07,143,143,-0.6690838504218786,-0.6279096490364096
lowbeta,60,2025-05-12,318,26,True,True,,2024-11-14,143,143,-0.45183279162152395,-0.4416387603007321
lowbeta,60,2025-05-19,319,26,True,True,,2024-11-21,143,143,-0.49501789290521686,-0.46049607669325976
lowbeta,60,2025-05-27,320,26,True,True,,2024-11-29,143,143,-0.3503069700252799,-0.3078892938047868
lowbeta,60,2025-06-03,321,26,True,True,,2024-12-06,143,143,-0.49121359860796476,-0.4372147805246397
lowbeta,60,2025-06-10,322,26,True,True,,2024-12-13,143,143,-0.3230777438523917,-0.28867904396073407
lowbeta,60,2025-06-17,323,26,True,True,,2024-12-20,143,143,-0.3434904297580354,-0.3152557536360353
lowbeta,60,2025-06-25,324,27,True,True,,2024-12-30,143,143,-0.34003906891230834,-0.3062928855182376
lowbeta,60,2025-07-02,325,27,True,True,,2025-01-07,143,143,-0.27292425883975174,-0.2525690272169145
lowbeta,60,2025-07-10,326,27,True,True,,2025-01-15,143,143,-0.29866377753701695,-0.31218605338323646
lowbeta,60,2025-07-17,327,27,True,True,,2025-01-23,143,143,-0.2089448110574871,-0.23381430775796974
lowbeta,60,2025-07-24,328,27,True,True,,2025-01-30,143,143,-0.2540546308151942,-0.2886133819232411
lowbeta,60,2025-07-31,329,27,True,True,,2025-02-06,143,143,-0.30166781575232277,-0.30110968843363206
lowbeta,60,2025-08-07,330,27,True,True,,2025-02-13,143,143,-0.4673290324698775,-0.4799812863193144
lowbeta,60,2025-08-14,331,27,True,True,,2025-02-21,143,143,-0.2852728257657835,-0.29830263633080534
lowbeta,60,2025-08-21,332,27,True,True,,2025-02-28,143,143,-0.3017006467710693,-0.3072326734298565
lowbeta,60,2025-08-28,333,27,True,True,,2025-03-07,143,143,0.058472044387537336,0.04485948323976493
lowbeta,60,2025-09-05,334,27,True,True,,2025-03-14,143,143,-0.13369201221313898,-0.1319396565875439
lowbeta,60,2025-09-12,335,27,True,True,,2025-03-21,143,143,-0.23819314488328572,-0.2209445484093371
lowbeta,60,2025-09-19,336,28,True,True,,2025-03-28,143,143,-0.02523884566138087,-0.005979349289208444
lowbeta,60,2025-09-26,337,28,True,True,,2025-04-04,143,143,-0.16603056567845298,-0.15861075544174133
lowbeta,60,2025-10-03,338,28,True,True,,2025-04-11,143,143,-0.09311697691979383,-0.07564266719196296
lowbeta,60,2025-10-10,339,28,True,True,,2025-04-21,143,143,-0.19829114547424406,-0.18271693095636757
lowbeta,60,2025-10-17,340,28,True,True,,2025-04-28,143,143,-0.0030655963754555302,0.004333694474539545
lowbeta,60,2025-10-24,341,28,True,True,,2025-05-05,143,143,0.07340195016251354,0.0737425719820086
lowbeta,60,2025-10-31,342,28,True,True,,2025-05-12,143,143,0.14351259069568928,0.13587117108243868
lowbeta,60,2025-11-07,343,28,True,True,,2025-05-19,143,143,0.1957139105026429,0.18973456121343443
lowbeta,60,2025-11-14,344,28,True,True,,2025-05-27,143,143,0.1077555074033947,0.10117288814471913
lowbeta,60,2025-11-21,345,28,True,True,,2025-06-03,143,143,0.008893102202961358,-0.0005335040546308151
lowbeta,60,2025-12-01,346,28,True,True,,2025-06-10,143,143,0.13567008109261627,0.12431465248366656
lowbeta,60,2025-12-08,347,28,True,True,,2025-06-17,143,143,0.3228643422305394,0.32647985816999897
lowbeta,60,2025-12-15,348,29,False,True,,2025-06-25,143,143,0.18012328047539314,0.19138842378278997
lowbeta,60,2025-12-22,349,29,False,True,,2025-07-02,143,143,0.16419202862864835,0.18533520470140186
lowbeta,60,2025-12-30,350,29,False,True,,2025-07-10,143,143,0.18818329557766172,0.2103072983354673
lowbeta,60,2026-01-07,351,29,False,True,,2025-07-17,143,143,0.21119373584162313,0.23969106011359534
lowbeta,60,2026-01-14,352,29,False,True,,2025-07-24,143,143,-0.021647952985981156,0.005860336846252339
lowbeta,60,2026-01-22,353,29,False,True,,2025-07-31,143,143,-0.1575724744738829,-0.1346441117567878
lowbeta,60,2026-01-29,354,29,False,True,,2025-08-07,143,143,-0.22412915722774873,-0.20793115335368859
lowbeta,60,2026-02-05,355,29,False,True,,2025-08-14,143,143,-0.4479792507961522,-0.4464485045470961
lowbeta,60,2026-02-12,356,29,False,True,,2025-08-21,143,143,-0.5404067763222693,-0.5358843034899373
lowbeta,60,2026-02-20,357,29,False,True,,2025-08-28,143,143,-0.4608325946354115,-0.47204438753734523
lowbeta,60,2026-02-27,358,29,False,True,,2025-09-05,143,143,-0.6058431005614103,-0.6069060047933288
quality_gp,20,2019-01-14,0,0,True,True,,2018-11-13,83,83,-0.10925234037194072,-0.0435120272028882
quality_gp,20,2019-01-22,1,0,True,True,,2018-11-20,83,83,-0.07417824608538684,-0.04771000377817891
quality_gp,20,2019-01-29,2,0,True,True,,2018-11-28,83,83,0.059632257252004536,0.1032072541035221
quality_gp,20,2019-02-05,3,0,True,True,,2018-12-06,83,83,0.10589395911170814,0.06450191007934175
quality_gp,20,2019-02-12,4,1,True,True,,2018-12-13,83,83,0.14174467906469082,0.07829226312917174
quality_gp,20,2019-02-20,5,1,True,True,,2018-12-20,83,83,0.29104571596490486,0.22442382771504132
quality_gp,20,2019-02-27,6,1,True,True,,2018-12-28,83,83,0.18489987825867932,0.1456278073968347
quality_gp,20,2019-03-06,7,1,True,True,,2019-01-07,83,83,0.2662146845220604,0.2601066286050123
quality_gp,20,2019-03-13,8,2,True,True,,2019-01-14,83,83,0.22274463708492503,0.22448679736367072
quality_gp,20,2019-03-20,9,2,True,True,,2019-01-22,83,83,0.037571890348851854,0.08996263800847991
quality_gp,20,2019-03-27,10,2,True,True,,2019-01-29,83,83,0.04714327694051467,0.0758154569497502
quality_gp,20,2019-04-03,11,2,True,True,,2019-02-05,83,83,-0.05826791486503505,-0.07298182276142899
quality_gp,20,2019-04-10,12,3,True,True,,2019-02-12,83,83,-0.08156668485789849,-0.1086226438856471
quality_gp,20,2019-04-17,13,3,True,True,,2019-02-20,83,83,0.05898157088283447,0.007703287015658452
quality_gp,20,2019-04-25,14,3,True,True,,2019-02-27,84,84,0.05220208565353853,0.040336134453781515
quality_gp,20,2019-05-02,15,3,True,True,,2019-03-06,84,84,0.12625291080287535,0.10385744659309507
quality_gp,20,2019-05-09,16,4,True,True,,2019-03-13,84,84,0.12445074415308294,0.11066113192264858
quality_gp,20,2019-05-16,17,4,True,True,,2019-03-20,84,84,0.029462387364584387,0.01464007289662853
quality_gp,20,2019-05-23,18,4,True,True,,2019-03-27,84,84,-0.10282474435557357,-0.11363774425432827
quality_gp,20,2019-05-31,19,4,True,True,,2019-04-03,86,84,-0.26692768526817306,-0.23774425432823734
quality_gp,20,2019-06-07,20,5,True,True,,2019-04-10,86,84,-0.1825463465257795,-0.14287739192062368
quality_gp,20,2019-06-14,21,5,True,True,,2019-04-17,87,85,-0.024458700882117077,0.025561852648035958
quality_gp,20,2019-06-21,22,5,True,True,,2019-04-25,87,85,0.023310490632062402,0.1040062536642564
quality_gp,20,2019-06-28,23,5,True,True,,2019-05-02,87,85,0.20669607056936648,0.26112956810631227
quality_gp,20,2019-07-08,24,6,True,True,,2019-05-09,87,85,0.04171830575198658,0.15389876880984954
quality_gp,20,2019-07-15,25,6,True,True,,2019-05-16,87,85,-0.03552161551359626,0.025894078561657225
quality_gp,20,2019-07-22,26,6,True,True,,2019-05-23,87,85,-0.017952176131807246,0.005784639437170217
quality_gp,20,2019-07-29,27,6,True,True,,2019-05-31,87,87,0.06823649486039221,0.06690602901509075
quality_gp,20,2019-08-05,28,7,True,True,,2019-06-07,86,87,-0.019104674748808906,0.01489028213166144
quality_gp,20,2019-08-12,29,7,True,True,,2019-06-14,86,87,-0.16869663663380347,-0.13844135014944958
quality_gp,20,2019-08-19,30,7,True,True,,2019-06-21,86,87,-0.18779187697532904,-0.15925493912663116
quality_gp,20,2019-08-26,31,7,True,True,,2019-06-28,86,87,-0.313212887400349,-0.28349857840635706
quality_gp,20,2019-09-03,32,8,True,True,,2019-07-08,86,87,-0.19456578140478326,-0.16067653276955599
quality_gp,20,2019-09-10,33,8,True,True,,2019-07-15,86,87,-0.02350110854285579,0.024786760953561273
quality_gp,20,2019-09-17,34,8,True,True,,2019-07-22,87,88,0.005285412262156447,0.026927547462223946
quality_gp,20,2019-09-24,35,8,True,True,,2019-07-29,88,89,-0.08101158817935263,-0.08237997957099083
quality_gp,20,2019-10-01,36,9,True,True,,2019-08-05,88,88,-0.1276460850269452,-0.18461836497481598
quality_gp,20,2019-10-08,37,9,True,True,,2019-08-12,88,88,-0.09525906097002572,-0.16862738191680465
quality_gp,20,2019-10-15,38,9,True,True,,2019-08-19,88,88,-0.07111408544961433,-0.13375717657003983
quality_gp,20,2019-10-22,39,9,True,True,,2019-08-26,88,88,0.12484590187031104,0.13546546440773485
quality_gp,20,2019-10-29,40,10,True,True,,2019-09-03,88,88,0.2424007608044803,0.2564192878024727
quality_gp,20,2019-11-05,41,10,True,True,,2019-09-10,88,88,0.24729667852488468,0.2640273326054032
quality_gp,20,2019-11-12,42,10,True,True,,2019-09-17,88,88,0.11512451128878873,0.12139410376527776
quality_gp,20,2019-11-19,43,10,True,True,,2019-09-24,88,88,0.02472614560952415,-0.003575076608784475
quality_gp,20,2019-11-26,44,11,True,True,,2019-10-01,88,88,-0.02118629143038287,-0.018121940051424753
quality_gp,20,2019-12-04,45,11,True,True,,2019-10-08,88,88,0.003786411186643655,-0.08277270966151247
quality_gp,20,2019-12-11,46,11,True,True,,2019-10-15,87,88,0.15646642851935552,0.1492198231834032
quality_gp,20,2019-12-18,47,11,True,True,,2019-10-22,87,88,0.10625501202886928,0.13236589059913353
quality_gp,20,2019-12-26,48,12,True,True,,2019-10-29,87,88,0.07878909382518041,0.10742841041175022
quality_gp,20,2020-01-03,49,12,True,True,,2019-11-05,87,88,0.18387767004447034,0.2242435983234124
quality_gp,20,2020-01-10,50,12,True,True,,2019-11-12,84,88,0.13161891262529107,0.17401641365221376
quality_gp,20,2020-01-17,51,12,True,True,,2019-11-19,84,88,0.12999898754682596,0.15062872036913108
quality_gp,20,2020-01-27,52,13,True,True,,2019-11-26,84,88,0.06301508555229321,0.195625374238315
quality_gp,20,2020-02-03,53,13,True,True,,2019-12-04,84,88,0.17185380176166853,0.21490965446796523
quality_gp,20,2020-02-10,54,13,True,True,,2019-12-11,84,87,0.343383618507644,0.35835095137420714
quality_gp,20,2020-02-18,55,13,True,True,,2019-12-18,84,87,0.3387870810974993,0.31841875045563894
quality_gp,20,2020-02-25,56,14,True,True,,2019-12-26,84,87,0.4257770578110762,0.4177115987460815
quality_gp,20,2020-03-03,57,14,True,True,,2020-01-03,84,87,0.4122101852789309,0.4132645622220602
quality_gp,20,2020-03-10,58,14,True,True,,2020-01-10,84,84,0.2561911511592589,0.28749620330059733
quality_gp,20,2020-03-17,59,14,True,True,,2020-01-17,84,84,0.05037966994026526,0.033532449124228
quality_gp,20,2020-03-24,60,15,True,True,,2020-01-27,84,84,0.039161688771894305,0.07927508352738687
quality_gp,20,2020-03-31,61,15,True,True,,2020-02-03,84,84,-0.029259896729776254,-0.04673483851371874
quality_gp,20,2020-04-07,62,15,True,True,,2020-02-10,84,84,0.20034423407917384,0.1990077958894401
quality_gp,20,2020-04-15,63,15,True,True,,2020-02-18,84,84,0.2014376835071378,0.2293206439202187
quality_gp,20,2020-04-22,64,16,True,True,,2020-02-25,84,84,0.09342917890047585,0.082636428065202
quality_gp,20,2020-04-29,65,16,True,True,,2020-03-03,84,84,0.21302014781816345,0.21030677331173436
quality_gp,20,2020-05-06,66,16,True,True,,2020-03-10,84,84,-0.17476966690290574,-0.17114508453984004
quality_gp,20,2020-05-13,67,16,True,True,,2020-03-17,84,84,-0.14633998177584287,-0.14678546117242078
quality_gp,20,2020-05-20,68,17,True,True,,2020-03-24,84,84,-0.13342107927508354,-0.1249772198035841
quality_gp,20,2020-05-28,69,17,True,True,,2020-03-31,84,84,0.0771691809253822,0.11568289966589046
quality_gp,20,2020-06-04,70,17,True,True,,2020-04-07,84,84,0.30365495595828695,0.30515338665586716
quality_gp,20,2020-06-11,71,17,True,True,,2020-04-15,84,84,0.27060848435759843,0.2536397691606764
quality_gp,20,2020-06-18,72,18,True,True,,2020-04-22,84,84,0.2019844082211198,0.23059633491950998
quality_gp,20,2020-06-25,73,18,True,True,,2020-04-29,84,84,-0.018305153386655868,0.0489824845600891
quality_gp,20,2020-07-02,74,18,True,True,,2020-05-06,84,84,0.11608788093550673,0.151442745773008
quality_gp,20,2020-07-10,75,18,True,True,,2020-05-13,84,84,-0.08557254226992002,0.031932773109243695
quality_gp,20,2020-07-17,76,19,True,True,,2020-05-20,84,84,0.063582059329756,0.2153082919914954
quality_gp,20,2020-07-24,77,19,True,True,,2020-05-28,84,84,0.3320036448314265,0.284701832540245
quality_gp,20,2020-07-31,78,19,True,True,,2020-06-04,84,84,0.11683709628429687,0.14743343120380684
quality_gp,20,2020-08-07,79,19,True,True,,2020-06-11,84,84,0.08743545611015491,0.09725625189834972
quality_gp,20,2020-08-14,80,20,True,True,,2020-06-18,84,84,-0.012108939961526781,-0.03673180115419662
quality_gp,20,2020-08-21,81,20,True,True,,2020-06-25,83,84,-0.14159774988455562,-0.056413890857547846
quality_gp,20,2020-08-28,82,20,True,True,,2020-07-02,83,84,-0.016854875949792198,-0.04078161385035942
quality_gp,20,2020-09-04,83,20,True,True,,2020-07-10,83,84,0.05900256076571092,0.09081704971145084
quality_gp,20,2020-09-14,84,21,True,True,,2020-07-17,83,84,0.3256580328281768,0.2989976713576997
quality_gp,20,2020-09-21,85,21,True,True,,2020-07-24,84,85,0.22401538928824544,0.20209106898573384
quality_gp,20,2020-09-28,86,21,True,True,,2020-07-31,84,85,0.03794674496304546,0.05034199726402189
quality_gp,20,2020-10-05,87,21,True,True,,2020-08-07,85,86,-0.08088723861637678,-0.04316241332138308
quality_gp,20,2020-10-12,88,22,True,True,,2020-08-14,85,86,-0.27475083056478405,-0.30038209349497613
quality_gp,20,2020-10-19,89,22,True,True,,2020-08-21,85,85,-0.300234512409615,-0.3310924369747899
quality_gp,20,2020-10-26,90,22,True,True,,2020-08-28,85,85,-0.293765878444401,-0.30777799491889785
quality_gp,20,2020-11-02,91,22,True,True,,2020-09-04,85,85,-0.19786984561266366,-0.2207543482509283
quality_gp,20,2020-11-09,92,23,True,True,,2020-09-14,85,85,-0.1148329099081493,-0.10224741059214383
quality_gp,20,2020-11-16,93,23,True,True,,2020-09-21,85,85,-0.04668751221418801,-0.05270666406097323
quality_gp,20,2020-11-23,94,23,True,True,,2020-09-28,85,85,0.16816494039476257,0.14438147351964042
quality_gp,20,2020-12-01,95,23,True,True,,2020-10-05,85,85,-0.049697088137580614,-0.042700801250732855
quality_gp,20,2020-12-08,96,24,True,True,,2020-10-12,84,85,-0.03861496405791232,-0.09882743795192496
quality_gp,20,2020-12-15,97,24,True,True,,2020-10-19,84,85,-0.06119266983901994,-0.12292358803986711
quality_gp,20,2020-12-22,98,24,True,True,,2020-10-26,84,85,-0.1233977928520806,-0.13791283955442643
quality_gp,20,2020-12-30,99,24,True,True,,2020-11-02,85,85,-0.048153214774281805,-0.014852452608950559
quality_gp,20,2021-01-07,100,25,True,True,,2020-11-09,85,85,0.09233926128590972,0.1882939222200508
quality_gp,20,2021-01-14,101,25,True,True,,2020-11-16,85,85,0.1985733828415087,0.2687707641196013
quality_gp,20,2021-01-22,102,25,True,True,,2020-11-23,85,85,-0.17316787179988274,-0.27187805354700023
quality_gp,20,2021-01-29,103,25,True,True,,2020-12-01,85,86,-0.18655462184873953,-0.243134110099533
quality_gp,20,2021-02-05,104,26,True,True,,2020-12-08,85,85,-0.25653703341801837,-0.32653898768809847
quality_gp,20,2021-02-12,105,26,True,True,,2020-12-15,85,85,-0.2962282587453586,-0.37312878639828023
quality_gp,20,2021-02-22,106,26,True,True,,2020-12-22,85,85,-0.1535079147938245,-0.17369552472151653
quality_gp,20,2021-03-01,107,26,True,True,,2020-12-30,85,86,0.0037521985538401404,0.02465210623142601
quality_gp,20,2021-03-08,108,27,True,True,,2021-01-07,85,85,0.1899550517881571,0.21848739495798322
quality_gp,20,2021-03-15,109,27,True,True,,2021-01-14,86,86,0.43076560215104487,0.43123732251521296
quality_gp,20,2021-03-22,110,27,True,True,,2021-01-22,86,86,0.29345723854898814,0.26598424453983677
quality_gp,20,2021-03-29,111,27,True,True,,2021-01-29,85,86,0.18442446746140315,0.1848106042737865
quality_gp,20,2021-04-06,112,28,True,True,,2021-02-05,84,86,0.01917586311633087,-0.007953205339874522
quality_gp,20,2021-04-13,113,28,True,True,,2021-02-12,84,86,-0.04284701832540245,-0.06859757535732817
quality_gp,20,2021-04-20,114,28,True,True,,2021-02-22,85,87,-0.18741450068399454,-0.16565211051979295
quality_gp,20,2021-04-27,115,28,True,True,,2021-03-01,85,87,-0.07926519444987298,-0.09282277465918203
quality_gp,20,2021-05-04,116,29,True,True,,2021-03-08,86,88,-0.18139534883720929,-0.1826635201296186
quality_gp,20,2021-05-11,117,29,True,True,,2021-03-15,86,88,-0.12007170149535355,-0.09756613011165512
quality_gp,20,2021-05-18,118,29,True,True,,2021-03-22,86,88,0.0746922024623803,0.08913035821210948
quality_gp,20,2021-05-25,119,29,True,True,,2021-03-29,86,87,0.11369404217180056,0.09041700080192461
quality_gp,20,2021-06-02,120,30,True,True,,2021-04-06,86,86,0.44203028444737963,0.417727251285438
quality_gp,20,2021-06-09,121,30,True,True,,2021-04-13,86,86,0.42480305674795976,0.437954620500967
quality_gp,20,2021-06-16,122,30,True,True,,2021-04-20,86,86,0.4062361432143025,0.4378980140572668
quality_gp,20,2021-06-23,123,30,True,True,,2021-04-27,86,86,0.4204066229539129,0.44663427520166044
quality_gp,20,2021-06-30,124,31,True,True,,2021-05-04,86,86,0.2919288645690834,0.3383084107740931
quality_gp,20,2021-07-08,125,31,True,True,,2021-05-11,86,86,0.25192697768762673,0.27821123637907447
quality_gp,20,2021-07-15,126,31,True,True,,2021-05-18,86,86,0.06023869050426906,0.04935138449926883
quality_gp,20,2021-07-22,127,31,True,True,,2021-05-25,86,86,0.22286900325487052,0.23488843813387422
quality_gp,20,2021-07-29,128,32,True,True,,2021-06-02,85,86,0.16615204221223376,0.16547006934289354
quality_gp,20,2021-08-05,129,32,True,True,,2021-06-09,85,86,0.09450850107484854,0.09391952450587292
quality_gp,20,2021-08-12,130,32,True,True,,2021-06-16,85,86,0.20721125659566153,0.19271663757724422
quality_gp,20,2021-08-19,131,32,True,True,,2021-06-23,85,86,-0.0786202853234317,-0.07759799990565593
quality_gp,20,2021-08-26,132,33,True,True,,2021-06-30,85,86,-0.06654289622825875,-0.04448323034105382
quality_gp,20,2021-09-02,133,33,True,True,,2021-07-08,85,86,-0.3370334180183701,-0.32051511863767157
quality_gp,20,2021-09-10,134,33,True,True,,2021-07-15,85,86,-0.347938245065468,-0.32721354780885886
quality_gp,20,2021-09-17,135,33,True,True,,2021-07-22,85,86,-0.2578268516709009,-0.2387376763054861
quality_gp,20,2021-09-24,136,34,True,True,,2021-07-29,85,85,-0.028942739886652337,-0.034727379323822555
quality_gp,20,2021-10-01,137,34,True,True,,2021-08-05,85,85,0.24979480164158685,0.2813562634356068
quality_gp,20,2021-10-08,138,34,True,True,,2021-08-12,84,85,0.21751543991090408,0.2530975180769982
quality_gp,20,2021-10-15,139,34,True,True,,2021-08-19,84,85,0.10033410954743344,0.12143834277897204
quality_gp,20,2021-10-22,140,35,True,True,,2021-08-26,84,85,0.14866862407613649,0.1860855970295095
quality_gp,20,2021-10-29,141,35,True,True,,2021-09-02,84,85,0.1803381593601296,0.20386945475864765
quality_gp,20,2021-11-05,142,35,True,True,,2021-09-10,84,85,0.17069960514326213,0.17934336525307798
quality_gp,20,2021-11-12,143,35,True,True,,2021-09-17,84,85,0.2049407714893186,0.19910103576314245
quality_gp,20,2021-11-19,144,36,True,True,,2021-09-24,84,85,0.027315986635618104,-0.026265389876880985
quality_gp,20,2021-11-29,145,36,True,True,,2021-10-01,84,85,0.004110559886605245,-0.09431307406683603
quality_gp,20,2021-12-06,146,36,True,True,,2021-10-08,84,84,-0.02717424319125241,-0.1398805305254632
quality_gp,20,2021-12-13,147,36,True,True,,2021-10-15,84,84,-0.196193176065607,-0.30345246532347875
quality_gp,20,2021-12-20,148,37,True,True,,2021-10-22,84,84,-0.2391819378353751,-0.3305659613242888
quality_gp,20,2021-12-28,149,37,True,True,,2021-10-29,84,84,-0.1677634909385441,-0.24890148830616587
quality_gp,20,2022-01-04,150,37,True,True,,2021-11-05,84,84,-0.03675205021767743,-0.10353346157740205
quality_gp,20,2022-01-11,151,37,True,True,,2021-11-12,84,84,-0.036650804900273365,-0.08046977827275488
quality_gp,20,2022-01-19,152,38,True,True,,2021-11-19,83,84,-0.05994710549515133,-0.10679356079781312
quality_gp,20,2022-01-26,153,38,True,True,,2021-11-29,82,84,-0.025152098910547344,-0.021565252607066928
quality_gp,20,2022-02-02,154,38,True,True,,2021-12-06,82,84,0.042957738814335934,0.027781715095676826
quality_gp,20,2022-02-09,155,38,True,True,,2021-12-13,82,84,0.0012080843700003265,0.004576288346663967
quality_gp,20,2022-02-16,156,39,True,True,,2021-12-20,82,84,0.022844766600276442,0.01897337248152273
quality_gp,20,2022-02-24,157,39,True,True,,2021-12-28,82,84,0.016183977100815188,-0.009537308899463401
quality_gp,20,2022-03-03,158,39,True,True,,2022-01-04,82,84,0.006824044144055899,-0.0043737977118558265
quality_gp,20,2022-03-10,159,39,True,True,,2022-01-11,81,84,0.14275067750677506,0.12447099321656374
quality_gp,20,2022-03-17,160,40,True,True,,2022-01-19,80,83,-0.027215189873417724,-0.05316737332605684
quality_gp,20,2022-03-24,161,40,True,True,,2022-01-26,78,82,0.00808052706786884,0.024716753191628305
quality_gp,20,2022-03-31,162,40,True,True,,2022-02-02,75,82,0.13519203413940256,0.07621815173975033
quality_gp,20,2022-04-07,163,40,True,True,,2022-02-09,73,82,0.06827718129087994,0.0006203676494596272
quality_gp,20,2022-04-14,164,41,True,True,,2022-02-16,73,82,0.10940392447241763,0.12913442387435922
quality_gp,20,2022-04-22,165,41,True,True,,2022-02-24,73,82,0.07651487103541899,0.0799403576365081
quality_gp,20,2022-04-29,166,41,True,True,,2022-03-03,73,82,0.03893619647044306,-0.012918884208922411
quality_gp,20,2022-05-06,167,41,True,True,,2022-03-10,72,81,0.0956010032799537,0.06163053297199639
quality_gp,20,2022-05-13,168,42,True,True,,2022-03-17,72,80,0.20982056723905076,0.08670886075949369
quality_gp,20,2022-05-20,169,42,True,True,,2022-03-24,72,78,0.2678307286642228,0.22158853804423423
quality_gp,20,2022-05-27,170,42,True,True,,2022-03-31,72,75,0.1199755611293331,0.06443812233285917
quality_gp,20,2022-06-06,171,42,True,True,,2022-04-07,73,73,0.24987658891768486,0.13945452301616687
quality_gp,20,2022-06-13,172,43,True,True,,2022-04-14,73,73,0.18437615697889675,0.04621745032703937
quality_gp,20,2022-06-21,173,43,True,True,,2022-04-22,73,73,0.056244600765148714,-0.01635196840676293
quality_gp,20,2022-06-28,174,43,True,True,,2022-04-29,73,73,-0.054732815006787616,-0.03634456374182402
quality_gp,20,2022-07-06,175,43,True,True,,2022-05-06,72,72,-0.17361245096147665,-0.14380346002958394
quality_gp,20,2022-07-13,176,44,True,True,,2022-05-13,72,72,-0.08392822689562031,-0.19689369091259895
quality_gp,20,2022-07-20,177,44,True,True,,2022-05-20,72,72,0.04566210045662101,-0.017300147919480355
quality_gp,20,2022-07-27,178,44,True,True,,2022-05-27,72,72,-0.006013248440414175,-0.08293137822367999
quality_gp,20,2022-08-03,179,44,True,True,,2022-06-06,72,73,-0.026657662872210438,0.018480809576699994
quality_gp,20,2022-08-10,180,45,True,True,,2022-06-13,72,73,0.00858576114219564,0.07734789584104654
quality_gp,20,2022-08-17,181,45,True,True,,2022-06-21,72,73,-0.10235384912213007,-0.041651240281377275
quality_gp,20,2022-08-24,182,45,True,True,,2022-06-28,72,73,0.12425236349604478,0.18909663087745282
quality_gp,20,2022-08-31,183,45,True,True,,2022-07-06,72,72,0.22072158981284976,0.2046112290179433
quality_gp,20,2022-09-08,184,46,True,True,,2022-07-13,72,72,0.23226574056209406,0.18042960962119753
quality_gp,20,2022-09-15,185,46,True,True,,2022-07-20,71,72,0.2116700201207243,0.1934529551739662
quality_gp,20,2022-09-22,186,46,True,True,,2022-07-27,71,72,-0.04460093896713614,-0.06923274808669369
quality_gp,20,2022-09-29,187,46,True,True,,2022-08-03,71,72,-0.14164989939637826,-0.15258215962441318
quality_gp,20,2022-10-06,188,47,True,True,,2022-08-10,69,72,-0.22955791012056997,-0.2174094797093061
quality_gp,20,2022-10-13,189,47,True,True,,2022-08-17,69,72,-0.14855681402995985,-0.12460608399253974
quality_gp,20,2022-10-20,190,47,True,True,,2022-08-24,69,72,-0.019218122031421266,-0.0013827255772075376
quality_gp,20,2022-10-27,191,47,True,True,,2022-08-31,69,72,-0.06708074534161491,-0.03781593671618754
quality_gp,20,2022-11-03,192,48,True,True,,2022-09-08,69,72,0.10920716112531971,0.1274680043732716
quality_gp,20,2022-11-10,193,48,True,True,,2022-09-15,69,71,0.16620387285348923,0.1726693494299128
quality_gp,20,2022-11-17,194,48,True,True,,2022-09-22,69,71,0.2246985750822068,0.22736418511066397
quality_gp,20,2022-11-25,195,48,True,True,,2022-09-29,69,71,0.1266715381804896,0.09906103286384975
quality_gp,20,2022-12-02,196,49,True,True,,2022-10-06,69,69,0.01614906832298137,-0.008220679576178298
quality_gp,20,2022-12-09,197,49,True,True,,2022-10-13,69,69,-0.3573620752648886,-0.3518085495067592
quality_gp,20,2022-12-16,198,49,True,True,,2022-10-20,69,69,-0.34366094263792474,-0.32612349287541104
quality_gp,20,2022-12-23,199,49,True,True,,2022-10-27,69,69,-0.22371209353306545,-0.18995250274022654
quality_gp,20,2023-01-03,200,50,True,True,,2022-11-03,69,69,-0.10613810741687979,-0.09799050054804531
quality_gp,20,2023-01-10,201,50,True,True,,2022-11-10,68,69,0.08035271214261175,0.03554987212276215
quality_gp,20,2023-01-18,202,50,True,True,,2022-11-17,68,69,0.08035271214261175,0.014139568871026673
quality_gp,20,2023-01-25,203,50,True,True,,2022-11-25,68,69,0.07447417643241591,0.003580562659846548
quality_gp,20,2023-02-01,204,51,True,True,,2022-12-02,68,69,-0.028552887735236853,-0.07014979905005482
quality_gp,20,2023-02-08,205,51,True,True,,2022-12-09,68,69,0.06481658205137993,0.033175009134088426
quality_gp,20,2023-02-15,206,51,True,True,,2022-12-16,68,69,0.12986219796159865,0.11019364267446109
quality_gp,20,2023-02-23,207,51,True,True,,2022-12-23,68,69,0.23853876398060841,0.22455242966751918
quality_gp,20,2023-03-02,208,52,True,True,,2023-01-03,68,69,0.19250295835400996,0.16890756302521012
quality_gp,20,2023-03-09,209,52,True,True,,2023-01-10,68,68,0.19635836164446308,0.19639653395426956
quality_gp,20,2023-03-16,210,52,True,True,,2023-01-18,68,68,0.06657250830247738,0.07340535175783486
quality_gp,20,2023-03-23,211,52,True,True,,2023-01-25,68,68,0.07264190556170554,0.06031224949421688
quality_gp,20,2023-03-30,212,53,True,True,,2023-02-01,68,68,0.10905828911707445,0.09577432530442417
quality_gp,20,2023-04-06,213,53,True,True,,2023-02-08,68,68,-0.010726419055617054,-0.03901210062220864
quality_gp,20,2023-04-14,214,53,True,True,,2023-02-15,68,68,0.10825667061113867,0.07905485360919189
quality_gp,20,2023-04-21,215,53,True,True,,2023-02-23,68,68,-0.02462113982517082,-0.030805054013818372
quality_gp,20,2023-04-28,216,54,True,True,,2023-03-02,68,68,0.16269038439515973,0.15765163950070618
quality_gp,20,2023-05-05,217,54,True,True,,2023-03-09,68,68,0.10245447952055578,0.09627056533190823
quality_gp,20,2023-05-12,218,54,True,True,,2023-03-16,68,68,-0.030690537084398974,-0.03821048211627285
quality_gp,20,2023-05-19,219,54,True,True,,2023-03-23,68,68,-0.025918998358590677,-0.03664541741420773
quality_gp,20,2023-05-26,220,55,True,True,,2023-03-30,68,68,-0.07962743825628887,-0.09077375271977706
quality_gp,20,2023-06-05,221,55,True,True,,2023-04-06,68,68,-0.14711608199412143,-0.09657594381035994
quality_gp,20,2023-06-12,222,55,True,True,,2023-04-14,68,68,0.01511623468336069,0.04103523304195137
quality_gp,20,2023-06-20,223,55,True,True,,2023-04-21,68,68,0.29373592396075887,0.28194068023056074
quality_gp,20,2023-06-27,224,56,True,True,,2023-04-28,68,68,-0.028362026186204523,-0.02851471542543039
quality_gp,20,2023-07-05,225,56,True,True,,2023-05-05,68,68,-0.1290224071458564,-0.08371187540558078
quality_gp,20,2023-07-12,226,56,True,True,,2023-05-12,68,68,-0.07752796121693323,-0.05767836011757071
quality_gp,20,2023-07-19,227,56,True,True,,2023-05-19,68,68,-0.053670267587891736,-0.05569340000763445
quality_gp,20,2023-07-26,228,57,True,True,,2023-05-26,68,68,0.12596862236133907,0.05050196587395503
quality_gp,20,2023-08-02,229,57,True,True,,2023-06-05,68,68,0.1270756193457266,0.12127342825514371
quality_gp,20,2023-08-09,230,57,True,True,,2023-06-12,68,68,0.30369889682024653,0.28396381265030346
quality_gp,20,2023-08-16,231,57,True,True,,2023-06-20,68,68,0.1077604305836546,0.10474481810894377
quality_gp,20,2023-08-23,232,58,True,True,,2023-06-27,68,68,-0.048020765736534715,-0.012520517616520975
quality_gp,20,2023-08-30,233,58,True,True,,2023-07-05,68,68,0.025918998358590677,0.01603237011871588
quality_gp,20,2023-09-07,234,58,True,True,,2023-07-12,68,68,-0.0225980074054281,0.0012596862236133907
quality_gp,20,2023-09-14,235,58,True,True,,2023-07-19,68,68,0.06775584990647783,0.10554643661487956
quality_gp,20,2023-09-21,236,59,True,True,,2023-07-26,68,68,0.2567087834484864,0.2934305454823071
quality_gp,20,2023-09-28,237,59,True,True,,2023-08-02,68,68,0.20025193724472268,0.18215826239645758
quality_gp,20,2023-10-05,238,59,True,True,,2023-08-09,68,68,0.11680726800778714,0.12360193915333817
quality_gp,20,2023-10-12,239,59,True,True,,2023-08-16,68,68,0.1754399358705195,0.15914035958315836
quality_gp,20,2023-10-19,240,60,True,True,,2023-08-23,68,68,0.038057792877046984,0.045539565599114394
quality_gp,20,2023-10-26,241,60,True,True,,2023-08-30,68,68,0.03737069130053059,0.03107226018246364
quality_gp,20,2023-11-02,242,60,True,True,,2023-09-07,68,68,0.015230751612780086,0.00729091117303508
quality_gp,20,2023-11-09,243,60,True,True,,2023-09-14,68,68,-0.11917395121578805,-0.10768408596404166
quality_gp,20,2023-11-16,244,61,True,True,,2023-09-21,68,68,-0.13814558918960185,-0.13188533038134134
quality_gp,20,2023-11-24,245,61,True,True,,2023-09-28,68,68,-0.2519754170324846,-0.24785280757338624
quality_gp,20,2023-12-01,246,61,True,True,,2023-10-05,69,68,-0.31377420533430767,-0.3148452112837347
quality_gp,20,2023-12-08,247,61,True,True,,2023-10-12,69,68,-0.05988308366824992,-0.10653891666984767
quality_gp,20,2023-12-15,248,62,True,True,,2023-10-19,69,68,0.09897698209718671,0.06886284689086536
quality_gp,20,2023-12-22,249,62,True,True,,2023-10-26,69,68,0.1947753014249178,0.15242203305722027
quality_gp,20,2024-01-02,250,62,True,True,,2023-11-02,69,68,0.26558275484106686,0.20513799289995036
quality_gp,20,2024-01-09,251,62,True,True,,2023-11-09,68,68,0.21933809214795583,0.19757987555827
quality_gp,20,2024-01-17,252,63,True,True,,2023-11-16,68,68,0.19292285376188112,0.17246249570561514
quality_gp,20,2024-01-24,253,63,True,True,,2023-11-24,68,68,0.19288468145207463,0.20109172806046494
quality_gp,20,2024-01-31,254,63,True,True,,2023-12-01,68,69,0.07787151200519143,0.12349287541103399
quality_gp,20,2024-02-07,255,63,True,True,,2023-12-08,68,69,-0.13894720769553764,-0.10792838874680306
quality_gp,20,2024-02-14,256,64,True,True,,2023-12-15,68,69,-0.08833072489216322,-0.062221410303251734
quality_gp,20,2024-02-22,257,64,True,True,,2023-12-22,68,69,-0.04072985456349963,-0.040664961636828645
quality_gp,20,2024-02-29,258,64,True,True,,2024-01-02,68,69,-0.12470893613772567,-0.16116185604676653
quality_gp,20,2024-03-07,259,64,True,True,,2024-01-09,68,68,-0.11512768637630261,-0.12016643127075617
quality_gp,20,2024-03-14,260,65,True,True,,2024-01-17,68,68,-0.19196854601671945,-0.2007481772722067
quality_gp,20,2024-03-21,261,65,True,True,,2024-01-24,68,68,-0.091995266633584,-0.08115433064854753
quality_gp,20,2024-03-28,262,65,True,True,,2024-01-31,68,68,-0.08027636752299881,-0.06401496354544413
quality_gp,20,2024-04-05,263,65,True,True,,2024-02-07,68,68,0.03240829102568996,0.036950795892659455
quality_gp,20,2024-04-12,264,66,True,True,,2024-02-14,68,68,-0.10218727335191052,-0.1133335878153987
quality_gp,20,2024-04-19,265,66,True,True,,2024-02-22,68,68,-0.1922739244951712,-0.22117036301866624
quality_gp,20,2024-04-26,266,66,True,True,,2024-02-29,68,68,-0.23227850517234794,-0.23976027789441537
quality_gp,20,2024-05-03,267,66,True,True,,2024-03-07,68,68,-0.21242890407298545,-0.21601710119479328
quality_gp,20,2024-05-10,268,67,True,True,,2024-03-14,68,68,-0.16551513532083825,-0.15032255601786462
quality_gp,20,2024-05-17,269,67,True,True,,2024-03-21,68,68,0.0661907852044127,0.0761919303737069
quality_gp,20,2024-05-24,270,67,True,True,,2024-03-28,68,68,0.18483032408291022,0.19353361071878458
quality_gp,20,2024-06-03,271,67,True,True,,2024-04-05,69,68,0.19788089148702961,0.19177768446768712
quality_gp,20,2024-06-10,272,68,True,True,,2024-04-12,69,68,0.09002557544757035,0.10566095354429897
quality_gp,20,2024-06-17,273,68,True,True,,2024-04-19,69,68,-0.04099378881987578,-0.04741000877963125
quality_gp,20,2024-06-25,274,68,True,True,,2024-04-26,69,68,-0.15096821337230548,-0.14551284498224987
quality_gp,20,2024-07-02,275,68,True,True,,2024-05-03,69,68,-0.13617099013518452,-0.14543650036263694
quality_gp,20,2024-07-10,276,69,True,True,,2024-05-10,69,68,0.15516989404457435,0.13222888116959955
quality_gp,20,2024-07-17,277,69,True,True,,2024-05-17,69,68,0.23657289002557547,0.18593732106729777
quality_gp,20,2024-07-24,278,69,True,True,,2024-05-24,69,68,0.12933869199853856,0.0994770393556514
quality_gp,20,2024-07-31,279,69,True,True,,2024-06-03,69,69,0.18059919620021922,0.19773474607234204
quality_gp,20,2024-08-07,280,70,True,True,,2024-06-10,69,69,-0.0016806722689075636,0.01483375959079284
quality_gp,20,2024-08-14,281,70,True,True,,2024-06-17,69,69,-0.020021921812203147,0.006941907197661674
quality_gp,20,2024-08-21,282,70,True,True,,2024-06-25,69,69,-0.0896602119108513,-0.07639751552795032
quality_gp,20,2024-08-28,283,70,True,True,,2024-07-02,69,69,-0.2572890025575448,-0.265911582024114
quality_gp,20,2024-09-05,284,71,True,True,,2024-07-10,70,69,-0.2085731781996326,-0.20781877968578738
quality_gp,20,2024-09-12,285,71,True,True,,2024-07-17,70,69,-0.09425247134983815,-0.07588600657654367
quality_gp,20,2024-09-19,286,71,True,True,,2024-07-24,70,69,-0.12098679030705976,-0.12707343807088056
quality_gp,20,2024-09-26,287,71,True,True,,2024-07-31,70,69,0.0817601259732307,0.07778589696748266
quality_gp,20,2024-10-03,288,72,True,True,,2024-08-07,70,69,0.02423235062549208,0.0028498355864084762
quality_gp,20,2024-10-10,289,72,True,True,,2024-08-14,70,69,-0.1696614469425247,-0.20040189989039095
quality_gp,20,2024-10-17,290,72,True,True,,2024-08-21,70,69,0.12525588312483596,0.10263061746437704
quality_gp,20,2024-10-24,291,72,True,True,,2024-08-28,70,69,0.08277491033155454,0.061161856046766536
quality_gp,20,2024-10-31,292,73,True,True,,2024-09-05,70,70,0.04414311958708775,0.03172075933864053
quality_gp,20,2024-11-07,293,73,True,True,,2024-09-12,70,70,0.19230163590237076,0.17617006386142944
quality_gp,20,2024-11-14,294,73,True,True,,2024-09-19,70,70,-0.030845945236637213,-0.04550782958621293
quality_gp,20,2024-11-21,295,73,True,True,,2024-09-26,70,70,0.09974630391041904,0.09243285801767123
quality_gp,20,2024-11-29,296,74,True,True,,2024-10-03,70,70,0.11559793543871928,0.15045052926253172
quality_gp,20,2024-12-06,297,74,True,True,,2024-10-10,70,70,-0.19856530487271454,-0.19261656897909193
quality_gp,20,2024-12-13,298,74,True,True,,2024-10-17,70,70,-0.08249496981891347,-0.0813402152042691
quality_gp,20,2024-12-20,299,74,True,True,,2024-10-24,70,70,-0.2817426296911906,-0.2893010235324993
quality_gp,20,2024-12-30,300,75,True,True,,2024-10-31,70,70,0.17599510104102878,0.18341352462601695
quality_gp,20,2025-01-07,301,75,True,True,,2024-11-07,69,70,0.24000730727073438,0.24129122561455693
quality_gp,20,2025-01-15,302,75,True,True,,2024-11-14,69,70,0.2071611253196931,0.18960720846820048
quality_gp,20,2025-01-23,303,75,True,True,,2024-11-21,69,70,0.17128242601388383,0.13078470824949698
quality_gp,20,2025-01-30,304,76,True,True,,2024-11-29,69,70,0.09163317500913411,0.07003761700638614
quality_gp,20,2025-02-06,305,76,True,True,,2024-12-06,69,70,0.058165875045670445,0.021153004986440377
quality_gp,20,2025-02-13,306,76,True,True,,2024-12-13,69,70,-0.07161125319693096,-0.10803954159741054
quality_gp,20,2025-02-21,307,76,True,True,,2024-12-20,69,70,0.03788819875776398,-0.0012422360248447203
quality_gp,20,2025-02-28,308,77,True,True,,2024-12-30,69,70,0.017537449762513705,-0.006246172688303735
quality_gp,20,2025-03-07,309,77,True,True,,2025-01-07,69,69,0.1563025210084034,0.16631348191450493
quality_gp,20,2025-03-14,310,77,True,True,,2025-01-15,69,69,0.2854219948849105,0.30694190719766173
quality_gp,20,2025-03-21,311,77,True,True,,2025-01-23,69,69,0.2701497990500548,0.28458165875045677
quality_gp,20,2025-03-28,312,78,True,True,,2025-01-30,69,69,0.07654366094263793,0.11015710632078919
quality_gp,20,2025-04-04,313,78,True,True,,2025-02-06,69,69,-0.30840336134453783,-0.29188892948483747
quality_gp,20,2025-04-11,314,78,True,True,,2025-02-13,69,69,-0.40613810741687983,-0.4001096090610157
quality_gp,20,2025-04-21,315,78,True,True,,2025-02-21,69,69,-0.3850200949945196,-0.36247716477895514
quality_gp,20,2025-04-28,316,79,True,True,,2025-02-28,69,69,-0.38783339422725616,-0.3814760686883449
quality_gp,20,2025-05-05,317,79,True,True,,2025-03-07,69,69,-0.36474241870661317,-0.35988308366824995
quality_gp,20,2025-05-12,318,79,True,True,,2025-03-14,69,69,-0.3148337595907929,-0.3109609061015711
quality_gp,20,2025-05-19,319,79,True,True,,2025-03-21,69,69,-0.31015710632078924,-0.30621118012422366
quality_gp,20,2025-05-27,320,80,True,True,,2025-03-28,69,69,-0.3251370113262697,-0.33266350018268187
quality_gp,20,2025-06-03,321,80,True,True,,2025-04-04,69,69,-0.34735111435878707,-0.3635001826817684
quality_gp,20,2025-06-10,322,80,True,True,,2025-04-11,69,69,-0.4212641578370479,-0.4478260869565218
quality_gp,20,2025-06-17,323,80,True,True,,2025-04-21,69,69,-0.37541103397880893,-0.4030690537084399
quality_gp,20,2025-06-25,324,81,True,True,,2025-04-28,69,69,-0.08056265984654733,-0.09240043843624407
quality_gp,20,2025-07-02,325,81,True,True,,2025-05-05,69,69,-0.13975155279503107,-0.16138107416879796
quality_gp,20,2025-07-10,326,81,True,True,,2025-05-12,69,69,-0.022725611983924008,-0.06678845451223969
quality_gp,20,2025-07-17,327,81,True,True,,2025-05-19,69,69,0.07994154183412498,0.03237120935330655
quality_gp,20,2025-07-24,328,82,True,True,,2025-05-27,69,69,-0.04735111435878699,-0.05279503105590063
quality_gp,20,2025-07-31,329,82,True,True,,2025-06-03,69,69,-0.020241139934234566,-0.010960906101571065
quality_gp,20,2025-08-07,330,82,True,True,,2025-06-10,69,69,0.04208987943003289,0.05279503105590063
quality_gp,20,2025-08-14,331,82,True,True,,2025-06-17,69,69,0.04249177932042382,0.04187066130800147
quality_gp,20,2025-08-21,332,83,True,True,,2025-06-25,69,69,-0.008111070515162588,-0.02203142126415784
quality_gp,20,2025-08-28,333,83,True,True,,2025-07-02,69,69,-0.02221410303251736,-0.03565948118377786
quality_gp,20,2025-09-05,334,83,True,True,,2025-07-10,69,69,-0.1576909024479357,-0.16817683595177202
quality_gp,20,2025-09-12,335,83,True,True,,2025-07-17,69,69,-0.1298867373036171,-0.1453416149068323
quality_gp,20,2025-09-19,336,84,True,True,,2025-07-24,69,69,-0.20540738034344172,-0.2523931311655097
quality_gp,20,2025-09-26,337,84,True,True,,2025-07-31,69,69,-0.12283522104493971,-0.14128607964925102
quality_gp,20,2025-10-03,338,84,True,True,,2025-08-07,69,69,-0.16609426379247355,-0.12524662038728537
quality_gp,20,2025-10-10,339,84,True,True,,2025-08-14,69,69,-0.002959444647424187,0.017866276945560835
quality_gp,20,2025-10-17,340,85,True,True,,2025-08-21,69,69,0.10580928023383268,0.12374862988673732
quality_gp,20,2025-10-24,341,85,True,True,,2025-08-28,69,69,0.16222141030325177,0.1410303251735477
quality_gp,20,2025-10-31,342,85,True,True,,2025-09-05,69,69,0.0844355133357691,0.0906101571063208
quality_gp,20,2025-11-07,343,85,True,True,,2025-09-12,69,69,-0.04928754110339789,-0.06043112897332847
quality_gp,20,2025-11-14,344,86,True,True,,2025-09-19,69,69,-0.005882352941176471,-0.014541468761417611
quality_gp,20,2025-11-21,345,86,True,True,,2025-09-26,69,69,-0.2091340884179759,-0.2219218122031422
quality_gp,20,2025-12-01,346,86,True,True,,2025-10-03,69,69,-0.01421264157837048,-0.037120935330654005
quality_gp,20,2025-12-08,347,86,True,True,,2025-10-10,69,69,-0.020789185239313116,-0.04552429667519182
quality_gp,20,2025-12-15,348,87,True,True,,2025-10-17,69,69,-0.2604311289733285,-0.2776397515527951
quality_gp,20,2025-12-22,349,87,True,True,,2025-10-24,69,69,-0.2662769455608331,-0.28165875045670447
quality_gp,20,2025-12-30,350,87,True,True,,2025-10-31,69,69,-0.2952868103763245,-0.31713554987212283
quality_gp,20,2026-01-07,351,87,True,True,,2025-11-07,69,69,-0.1894409937888199,-0.22791377420533432
quality_gp,20,2026-01-14,352,88,True,True,,2025-11-14,69,69,-0.1637924735111436,-0.19338691998538549
quality_gp,20,2026-01-22,353,88,True,True,,2025-11-21,69,69,-0.12042382170259411,-0.14358786993058095
quality_gp,20,2026-01-29,354,88,True,True,,2025-12-01,69,69,-0.150383631713555,-0.1504201680672269
quality_gp,20,2026-02-05,355,88,True,True,,2025-12-08,69,69,-0.12119108512970407,-0.0938253562294483
quality_gp,20,2026-02-12,356,89,False,True,,2025-12-15,69,69,-0.07888198757763976,-0.08597004018998905
quality_gp,20,2026-02-20,357,89,False,True,,2025-12-22,69,69,0.09459261965655828,0.08253562294483012
quality_gp,20,2026-02-27,358,89,False,True,,2025-12-30,69,69,0.01896236755571794,0.04161490683229814
quality_gp,60,2019-01-14,0,0,True,True,,2018-07-23,83,83,0.09180974770160782,0.23130850929851812
quality_gp,60,2019-01-22,1,0,True,True,,2018-07-30,83,83,0.1331178372024684,0.19961378615507325
quality_gp,60,2019-01-29,2,0,True,True,,2018-08-06,83,83,0.21818983250073462,0.28787624365056036
quality_gp,60,2019-02-05,3,0,True,True,,2018-08-13,83,83,0.21474749170899624,0.22499055455270556
quality_gp,60,2019-02-12,4,0,True,True,,2018-08-20,83,83,0.13937282229965156,0.11330338776709625
quality_gp,60,2019-02-20,5,0,True,True,,2018-08-27,83,83,0.12297972377314133,0.12230804752109481
quality_gp,60,2019-02-27,6,0,True,True,,2018-09-04,83,84,0.12140548255740734,0.11041814316087882
quality_gp,60,2019-03-06,7,0,True,True,,2018-09-11,83,84,0.10331220351790436,0.0917485066315683
quality_gp,60,2019-03-13,8,0,True,True,,2018-09-18,83,84,0.07619327484152638,0.03243899969626405
quality_gp,60,2019-03-20,9,0,True,True,,2018-09-25,83,84,0.039523949456362034,0.03812898653437278
quality_gp,60,2019-03-27,10,0,True,True,,2018-10-02,83,83,-0.03408756979136056,-0.03572478065572394
quality_gp,60,2019-04-03,11,0,True,True,,2018-10-09,83,83,-0.1493010369002141,-0.1224129969354771
quality_gp,60,2019-04-10,12,1,True,True,,2018-10-16,83,83,-0.056903572478065566,-0.04086730196045506
quality_gp,60,2019-04-17,13,1,True,True,,2018-10-23,83,83,0.00361025985475001,-0.008144074556063976
quality_gp,60,2019-04-25,14,1,True,True,,2018-10-30,84,83,0.018548142148425636,-0.05094244574115276
quality_gp,60,2019-05-02,15,1,True,True,,2018-11-06,84,83,0.07131720157942696,0.003400361025985475
quality_gp,60,2019-05-09,16,1,True,True,,2018-11-13,84,83,0.10845398400323986,0.04013265605977918
quality_gp,60,2019-05-16,17,1,True,True,,2018-11-20,84,83,-0.011319226485775033,-0.011901263590949162
quality_gp,60,2019-05-23,18,1,True,True,,2018-11-28,84,83,-0.06313657993317809,-0.015238654968305275
quality_gp,60,2019-05-31,19,1,True,True,,2018-12-06,86,83,-0.020387754139346195,0.05394399899248562
quality_gp,60,2019-06-07,20,1,True,True,,2018-12-13,86,83,-0.08442851077881032,0.020675034633306742
quality_gp,60,2019-06-14,21,1,True,True,,2018-12-20,87,83,-0.1994969745571189,-0.07319172159019352
quality_gp,60,2019-06-21,22,1,True,True,,2018-12-28,87,83,-0.17984982138951666,-0.00862684186222241
quality_gp,60,2019-06-28,23,1,True,True,,2019-01-07,87,84,-0.08620689655172413,-0.011076237724005265
quality_gp,60,2019-07-08,24,2,True,True,,2019-01-14,87,84,-0.10530728293358604,-0.02140326009922041
quality_gp,60,2019-07-15,25,2,True,True,,2019-01-22,87,84,-0.10924400379091637,-0.05829705376126354
quality_gp,60,2019-07-22,26,2,True,True,,2019-01-29,87,84,-0.10372165925493912,-0.01826465525969424
quality_gp,60,2019-07-29,27,2,True,True,,2019-02-05,87,85,-0.1559925639717139,-0.0984170412350987
quality_gp,60,2019-08-05,28,2,True,True,,2019-02-12,86,85,-0.23098259351856218,-0.10615595075239397
quality_gp,60,2019-08-12,29,2,True,True,,2019-02-20,86,85,-0.18084815321477427,-0.08276333789329685
quality_gp,60,2019-08-19,30,2,True,True,,2019-02-27,86,85,-0.14471437331949621,-0.06513582177056869
quality_gp,60,2019-08-26,31,2,True,True,,2019-03-06,86,85,-0.14509174961083068,-0.0761969904240766
quality_gp,60,2019-09-03,32,2,True,True,,2019-03-13,86,85,-0.08644747393744986,-0.07078366230213015
quality_gp,60,2019-09-10,33,2,True,True,,2019-03-20,86,85,0.013708193782725598,0.021399257377369554
quality_gp,60,2019-09-17,34,2,True,True,,2019-03-27,87,86,-0.043978275133046585,-0.00048115477145148355
quality_gp,60,2019-09-24,35,2,True,True,,2019-04-03,88,87,0.015673981191222576,0.03925785521615513
quality_gp,60,2019-10-01,36,3,True,True,,2019-04-10,88,87,0.030044732485646864,0.02451337756069111
quality_gp,60,2019-10-08,37,3,True,True,,2019-04-17,88,87,-0.03497587263569441,-0.03462856309688707
quality_gp,60,2019-10-15,38,3,True,True,,2019-04-25,88,87,0.06570744249938362,0.07527156083691769
quality_gp,60,2019-10-22,39,3,True,True,,2019-05-02,88,87,0.16128350533619812,0.18234672304439745
quality_gp,60,2019-10-29,40,3,True,True,,2019-05-09,88,87,0.1418407241731535,0.18579135379456146
quality_gp,60,2019-11-05,41,3,True,True,,2019-05-16,88,87,0.2185903983656793,0.3048407086097543
quality_gp,60,2019-11-12,42,3,True,True,,2019-05-23,88,87,0.2053995984643021,0.260279215571918
quality_gp,60,2019-11-19,43,3,True,True,,2019-05-31,88,89,0.17956394632101724,0.18370786516853935
quality_gp,60,2019-11-26,44,3,True,True,,2019-06-07,88,89,0.1847416434785672,0.19434797412325502
quality_gp,60,2019-12-04,45,3,True,True,,2019-06-14,88,89,0.23921313092177102,0.25144705481784135
quality_gp,60,2019-12-11,46,3,True,True,,2019-06-21,87,89,0.35417729824305605,0.3988593803200545
quality_gp,60,2019-12-18,47,3,True,True,,2019-06-28,87,89,0.3514981409929284,0.33089887640449445
quality_gp,60,2019-12-26,48,4,True,True,,2019-07-08,87,89,0.3884048990304002,0.4155600953353763
quality_gp,60,2020-01-03,49,4,True,True,,2019-07-15,87,89,0.39093825180433034,0.40662240381341513
quality_gp,60,2020-01-10,50,4,True,True,,2019-07-22,84,89,0.3633896932266883,0.3835716717739191
quality_gp,60,2020-01-17,51,4,True,True,,2019-07-29,84,89,0.3599473524349499,0.3795709908069459
quality_gp,60,2020-01-27,52,4,True,True,,2019-08-05,84,88,0.38700010124531736,0.40415976894086153
quality_gp,60,2020-02-03,53,4,True,True,,2019-08-12,84,88,0.38665586716614353,0.380860131731887
quality_gp,60,2020-02-10,54,4,True,True,,2019-08-19,84,88,0.40473828085451047,0.39852418019795016
quality_gp,60,2020-02-18,55,4,True,True,,2019-08-26,84,88,0.4136478687860687,0.44834630692825195
quality_gp,60,2020-02-25,56,4,True,True,,2019-09-03,84,88,0.432661739394553,0.4425698284667677
quality_gp,60,2020-03-03,57,4,True,True,,2019-09-10,84,88,0.38880226789510985,0.3820576943397556
quality_gp,60,2020-03-10,58,4,True,True,,2019-09-17,84,88,0.24019439100941584,0.2636927195237928
quality_gp,60,2020-03-17,59,4,True,True,,2019-09-24,84,88,0.11104586412878405,0.17760910147581982
quality_gp,60,2020-03-24,60,5,True,True,,2019-10-01,84,88,0.0564948871114711,0.09541756190342011
quality_gp,60,2020-03-31,61,5,True,True,,2019-10-08,84,88,0.18566366305558368,0.19139868268113136
quality_gp,60,2020-04-07,62,5,True,True,,2019-10-15,84,88,0.17950794775741624,0.20575182276073406
quality_gp,60,2020-04-15,63,5,True,True,,2019-10-22,84,88,0.15984610711754582,0.19874255926173795
quality_gp,60,2020-04-22,64,5,True,True,,2019-10-29,84,88,0.0809152576693328,0.14125955408404073
quality_gp,60,2020-04-29,65,5,True,True,,2019-11-05,84,88,0.22666801660423203,0.3010637173752246
quality_gp,60,2020-05-06,66,5,True,True,,2019-11-12,84,88,0.14563126455401437,0.19971117607692582
quality_gp,60,2020-05-13,67,5,True,True,,2019-11-19,84,88,0.07832337754378861,0.030097566130111657
quality_gp,60,2020-05-20,68,5,True,True,,2019-11-26,84,88,0.13736964665384227,0.11257088513965696
quality_gp,60,2020-05-28,69,5,True,True,,2019-12-04,84,88,0.23156828996658907,0.22679722447254416
quality_gp,60,2020-06-04,70,5,True,True,,2019-12-11,84,87,0.2885289055381189,0.27564336225122105
quality_gp,60,2020-06-11,71,5,True,True,,2019-12-18,84,87,0.1647666295433836,0.17578552161551356
quality_gp,60,2020-06-18,72,6,True,True,,2019-12-26,84,87,0.15482433937430393,0.1977108697237005
quality_gp,60,2020-06-25,73,6,True,True,,2020-01-03,84,87,0.142735648476258,0.17361668003207695
quality_gp,60,2020-07-02,74,6,True,True,,2020-01-10,84,84,0.15500658094563127,0.1834160170092133
quality_gp,60,2020-07-10,75,6,True,True,,2020-01-17,84,84,0.042239546420978026,0.0978232256758125
quality_gp,60,2020-07-17,76,6,True,True,,2020-01-27,84,84,0.19639566670041508,0.19287232965475348
quality_gp,60,2020-07-24,77,6,True,True,,2020-02-03,84,84,0.19104991394148024,0.1348385137187405
quality_gp,60,2020-07-31,78,6,True,True,,2020-02-10,84,84,0.042988761769768145,0.0323782525058216
quality_gp,60,2020-08-07,79,6,True,True,,2020-02-18,84,84,0.08636225574567177,0.019459350005062267
quality_gp,60,2020-08-14,80,6,True,True,,2020-02-25,84,84,-0.06216462488609902,-0.07358509668927812
quality_gp,60,2020-08-21,81,6,True,True,,2020-03-03,83,84,-0.26082028462281176,-0.20087070972967502
quality_gp,60,2020-08-28,82,6,True,True,,2020-03-10,83,84,-0.19436631543595986,-0.2355573554723094
quality_gp,60,2020-09-04,83,6,True,True,,2020-03-17,83,84,-0.16651274085890602,-0.16288346663966793
quality_gp,60,2020-09-14,84,7,True,True,,2020-03-24,83,84,-0.16080349271651065,-0.15828692922952314
quality_gp,60,2020-09-21,85,7,True,True,,2020-03-31,84,85,-0.21636124329249773,-0.1950752393980848
quality_gp,60,2020-09-28,86,7,True,True,,2020-04-07,84,85,-0.17802976612331683,-0.16146179401993355
quality_gp,60,2020-10-05,87,7,True,True,,2020-04-15,85,86,-0.16943521594684385,-0.1582433133638379
quality_gp,60,2020-10-12,88,7,True,True,,2020-04-22,85,86,-0.2715653703341802,-0.2509080617010236
quality_gp,60,2020-10-19,89,7,True,True,,2020-04-29,85,86,-0.2352159468438538,-0.2060002830322185
quality_gp,60,2020-10-26,90,7,True,True,,2020-05-06,85,86,-0.16288841117842487,-0.1539034860134912
quality_gp,60,2020-11-02,91,7,True,True,,2020-05-13,85,86,-0.14068790306820403,-0.12986461625548373
quality_gp,60,2020-11-09,92,7,True,True,,2020-05-20,85,86,-0.06988469806527262,-0.09697627246568233
quality_gp,60,2020-11-16,93,7,True,True,,2020-05-28,85,86,0.037815126050420166,0.003330345771026935
quality_gp,60,2020-11-23,94,7,True,True,,2020-06-04,85,86,-0.08321282001172561,-0.06905042690692957
quality_gp,60,2020-12-01,95,7,True,True,,2020-06-11,85,86,-0.21612272816103187,-0.20218878248974007
quality_gp,60,2020-12-08,96,8,True,True,,2020-06-18,84,86,-0.2503796699402653,-0.23926600311335441
quality_gp,60,2020-12-15,97,8,True,True,,2020-06-25,84,86,-0.3293105193884783,-0.357309307042785
quality_gp,60,2020-12-22,98,8,True,True,,2020-07-02,84,86,-0.2924572238533968,-0.34621444407755086
quality_gp,60,2020-12-30,99,8,True,True,,2020-07-10,85,86,-0.2013875317568888,-0.25826689938204633
quality_gp,60,2021-01-07,100,8,True,True,,2020-07-17,85,86,-0.09871018174711746,-0.1872635501674607
quality_gp,60,2021-01-14,101,8,True,True,,2020-07-24,85,86,-0.003537228845026383,-0.1187320156611161
quality_gp,60,2021-01-22,102,8,True,True,,2020-07-31,85,86,-0.1078561657221028,-0.21594414830888248
quality_gp,60,2021-01-29,103,8,True,True,,2020-08-07,85,86,-0.13169826069962867,-0.2688900419831124
quality_gp,60,2021-02-05,104,8,True,True,,2020-08-14,85,86,-0.12966581981629863,-0.2800981178357469
quality_gp,60,2021-02-12,105,8,True,True,,2020-08-21,85,85,-0.1494625757279656,-0.2780730897009967
quality_gp,60,2021-02-22,106,8,True,True,,2020-08-28,85,85,-0.06615204221223374,-0.14715653703341802
quality_gp,60,2021-03-01,107,8,True,True,,2020-09-04,85,85,0.03695524721516513,-0.02051983584131327
quality_gp,60,2021-03-08,108,9,True,True,,2020-09-14,85,85,0.041274184092241546,0.18436583935899942
quality_gp,60,2021-03-15,109,9,True,True,,2020-09-21,86,85,0.15282796358318787,0.19185069376587843
quality_gp,60,2021-03-22,110,9,True,True,,2020-09-28,86,85,0.07525826689938205,0.17813171780340045
quality_gp,60,2021-03-29,111,9,True,True,,2020-10-05,85,85,0.1431111979675591,0.2855579441078757
quality_gp,60,2021-04-06,112,9,True,True,,2020-10-12,84,85,0.25143262124126764,0.31854602306038693
quality_gp,60,2021-04-13,113,9,True,True,,2020-10-19,84,85,0.26348081401235196,0.2523158100449482
quality_gp,60,2021-04-20,114,9,True,True,,2020-10-26,85,86,0.2774672659761579,0.32813811972262846
quality_gp,60,2021-04-27,115,9,True,True,,2020-11-02,85,86,0.36544850498338877,0.3803669984433228
quality_gp,60,2021-05-04,116,9,True,True,,2020-11-09,86,86,0.39440539648096606,0.378706542761451
quality_gp,60,2021-05-11,117,9,True,True,,2020-11-16,86,86,0.3045898391433558,0.3715363932260956
quality_gp,60,2021-05-18,118,9,True,True,,2020-11-23,86,86,0.29679701872729847,0.3389122128402283
quality_gp,60,2021-05-25,119,9,True,True,,2020-12-01,86,89,0.3820840605688947,0.3798263534218591
quality_gp,60,2021-06-02,120,10,True,True,,2020-12-08,86,88,0.35110146705033257,0.39778450917544295
quality_gp,60,2021-06-09,121,10,True,True,,2020-12-15,86,88,0.32202462380300956,0.3666654925856786
quality_gp,60,2021-06-16,122,10,True,True,,2020-12-22,86,88,0.2833246851266569,0.37490754112218666
quality_gp,60,2021-06-23,123,10,True,True,,2020-12-30,86,89,0.274060097174395,0.30721824991487917
quality_gp,60,2021-06-30,124,10,True,True,,2021-01-07,86,88,0.20260389641020804,0.2105596844070304
quality_gp,60,2021-07-08,125,10,True,True,,2021-01-14,86,88,-0.042822774659182036,0.010390616744743054
quality_gp,60,2021-07-15,126,10,True,True,,2021-01-22,86,88,-0.07984338883909617,-0.04797294917403403
quality_gp,60,2021-07-22,127,10,True,True,,2021-01-29,86,88,-0.07899429218359356,-0.07201225740551584
quality_gp,60,2021-07-29,128,10,True,True,,2021-02-05,85,88,0.006370920461207739,0.016061427917297737
quality_gp,60,2021-08-05,129,10,True,True,,2021-02-12,85,88,0.03517686144225132,0.008664717692226412
quality_gp,60,2021-08-12,130,10,True,True,,2021-02-22,85,88,0.05167090091850694,0.061568807016308
quality_gp,60,2021-08-19,131,10,True,True,,2021-03-01,85,88,-0.04000390854016025,-0.034588425909619254
quality_gp,60,2021-08-26,132,11,True,True,,2021-03-08,85,88,0.08248974008207935,0.10401183473636011
quality_gp,60,2021-09-02,133,11,True,True,,2021-03-15,85,88,0.12847371506742233,0.13909337466098412
quality_gp,60,2021-09-10,134,11,True,True,,2021-03-22,85,88,0.1092827828805941,0.1617942305660245
quality_gp,60,2021-09-17,135,11,True,True,,2021-03-29,85,87,0.17461403165917527,0.23390683093970982
quality_gp,60,2021-09-24,136,11,True,True,,2021-04-06,85,86,0.1874731287863983,0.2548705127600358
quality_gp,60,2021-10-01,137,11,True,True,,2021-04-13,85,86,0.2504983388704319,0.3102882211425067
quality_gp,60,2021-10-08,138,11,True,True,,2021-04-20,84,86,0.17638959198137089,0.24949290060851928
quality_gp,60,2021-10-15,139,11,True,True,,2021-04-27,84,86,0.07348385137187405,0.13467616396999857
quality_gp,60,2021-10-22,140,11,True,True,,2021-05-04,84,86,-0.05991697883972867,-0.013802537855559223
quality_gp,60,2021-10-29,141,11,True,True,,2021-05-11,84,86,-0.14186493874658299,-0.11022218029152318
quality_gp,60,2021-11-05,142,11,True,True,,2021-05-18,84,86,-0.10343221625999797,-0.08171140148120194
quality_gp,60,2021-11-12,143,11,True,True,,2021-05-25,84,86,-0.13358307178293005,-0.11286381433086466
quality_gp,60,2021-11-19,144,12,True,True,,2021-06-02,84,86,-0.2281664473018123,-0.2541346289919335
quality_gp,60,2021-11-29,145,12,True,True,,2021-06-09,84,86,-0.1341095474334312,-0.25670078777300814
quality_gp,60,2021-12-06,146,12,True,True,,2021-06-16,84,86,-0.058317302824744364,-0.2014717675362045
quality_gp,60,2021-12-13,147,12,True,True,,2021-06-23,84,86,-0.13010023286423003,-0.2612293032690221
quality_gp,60,2021-12-20,148,12,True,True,,2021-06-30,84,86,-0.1307482028956161,-0.2629086277654606
quality_gp,60,2021-12-28,149,12,True,True,,2021-07-08,84,86,-0.09316594107522527,-0.20479267889994812
quality_gp,60,2022-01-04,150,12,True,True,,2021-07-15,84,86,-0.026222537207654145,-0.11531676022453889
quality_gp,60,2022-01-11,151,12,True,True,,2021-07-22,84,86,0.03551685734534778,-0.04035095995094109
quality_gp,60,2022-01-19,152,12,True,True,,2021-07-29,83,85,0.007850216195793626,-0.06048465897987102
quality_gp,60,2022-01-26,153,12,True,True,,2021-08-05,82,85,0.021146918296492203,-0.08331053351573187
quality_gp,60,2022-02-02,154,12,True,True,,2021-08-12,82,85,0.011264570477030071,-0.12634356068008598
quality_gp,60,2022-02-09,155,12,True,True,,2021-08-19,82,85,0.006062189135947585,-0.15341020128981825
quality_gp,60,2022-02-16,156,13,True,True,,2021-08-26,82,85,0.03901786005811866,-0.09915966386554621
quality_gp,60,2022-02-24,157,13,True,True,,2021-09-02,82,85,0.017511781543518245,-0.10005862810240375
quality_gp,60,2022-03-03,158,13,True,True,,2021-09-10,82,85,0.05009740860460813,-0.05532538596834082
quality_gp,60,2022-03-10,159,13,True,True,,2021-09-17,81,85,0.0740063233965673,-0.012233730701582958
quality_gp,60,2022-03-17,160,13,True,True,,2021-09-24,80,85,0.04156118143459916,-0.04840726988469807
quality_gp,60,2022-03-24,161,13,True,True,,2021-10-01,78,85,0.09541091819572832,0.031170607777994918
quality_gp,60,2022-03-31,162,13,True,True,,2021-10-08,75,84,0.14230440967283073,0.04309000708717223
quality_gp,60,2022-04-07,163,13,True,True,,2021-10-15,73,84,0.1867209675428854,0.1507340285511795
quality_gp,60,2022-04-14,164,13,True,True,,2021-10-22,73,84,0.1604035542391707,0.16266072694137898
quality_gp,60,2022-04-22,165,13,True,True,,2021-10-29,73,84,0.15842897692212765,0.1643009010833249
quality_gp,60,2022-04-29,166,13,True,True,,2021-11-05,73,84,0.11276687646550661,0.1495393338058115
quality_gp,60,2022-05-06,167,13,True,True,,2021-11-12,72,84,0.10450832850987203,0.22796395666700414
quality_gp,60,2022-05-13,168,14,True,True,,2021-11-19,72,84,-0.058460351147983806,0.05888427660220715
quality_gp,60,2022-05-20,169,14,True,True,,2021-11-29,72,84,0.012766094282590523,0.03476764199655766
quality_gp,60,2022-05-27,170,14,True,True,,2021-12-06,72,84,-0.06579201234806098,-0.08318315277918396
quality_gp,60,2022-06-06,171,14,True,True,,2021-12-13,73,84,0.06173639392817476,-0.07178293003948569
quality_gp,60,2022-06-13,172,14,True,True,,2021-12-20,73,84,0.056028631371097135,-0.07141844689683104
quality_gp,60,2022-06-21,173,14,True,True,,2021-12-28,73,84,-0.03825743551770949,-0.1366001822415713
quality_gp,60,2022-06-28,174,14,True,True,,2022-01-04,73,84,0.02674935209181785,-0.09193074820289562
quality_gp,60,2022-07-06,175,14,True,True,,2022-01-11,72,84,0.018715029905460163,-0.0442239546420978
quality_gp,60,2022-07-13,176,14,True,True,,2022-01-19,72,83,0.03096662164769439,-0.0721212375634944
quality_gp,60,2022-07-20,177,14,True,True,,2022-01-26,72,82,0.017460929963341698,-0.032095863127305974
quality_gp,60,2022-07-27,178,14,True,True,,2022-02-02,72,82,-0.014566853173837548,-0.09223887419597088
quality_gp,60,2022-08-03,179,14,True,True,,2022-02-09,72,82,0.0018329153000192944,-0.07127697783001927
quality_gp,60,2022-08-10,180,15,True,True,,2022-02-16,72,82,-0.064955945719982,-0.04271829866893046
quality_gp,60,2022-08-17,181,15,True,True,,2022-02-24,72,82,-0.019100906810727382,-0.008260685016488719
quality_gp,60,2022-08-24,182,15,True,True,,2022-03-03,72,82,0.05823525628657793,0.057890096973258885
quality_gp,60,2022-08-31,183,15,True,True,,2022-03-10,72,81,0.10206444144317965,0.08127822944896115
quality_gp,60,2022-09-08,184,15,True,True,,2022-03-17,72,80,0.06759277123930801,0.07803563056727615
quality_gp,60,2022-09-15,185,15,True,True,,2022-03-24,71,78,0.12283702213279678,0.1470554761694002
quality_gp,60,2022-09-22,186,15,True,True,,2022-03-31,71,75,0.1198524480214621,0.18893314366998576
quality_gp,60,2022-09-29,187,15,True,True,,2022-04-07,71,73,-0.013313212608987254,0.07605207947673702
quality_gp,60,2022-10-06,188,15,True,True,,2022-04-14,69,73,-0.045670442089879436,0.05059854374922868
quality_gp,60,2022-10-13,189,15,True,True,,2022-04-22,69,73,-0.15096821337230548,-0.01005800320868814
quality_gp,60,2022-10-20,190,15,True,True,,2022-04-29,69,73,-0.10675922542930216,0.04991978279649513
quality_gp,60,2022-10-27,191,15,True,True,,2022-05-06,69,72,-0.11987577639751555,0.058846228053251015
quality_gp,60,2022-11-03,192,16,True,True,,2022-05-13,69,72,0.006832298136645964,0.10637340021866361
quality_gp,60,2022-11-10,193,16,True,True,,2022-05-20,69,72,-0.013664596273291928,-0.01016142517203679
quality_gp,60,2022-11-17,194,16,True,True,,2022-05-27,69,72,-0.12429667519181586,-0.2237764486462152
quality_gp,60,2022-11-25,195,16,True,True,,2022-06-06,69,73,-0.1495798319327731,-0.13208071084783415
quality_gp,60,2022-12-02,196,16,True,True,,2022-06-13,69,73,-0.14479356960175377,-0.13726397630507223
quality_gp,60,2022-12-09,197,16,True,True,,2022-06-21,69,73,-0.10369017172086227,-0.1344255214118228
quality_gp,60,2022-12-16,198,16,True,True,,2022-06-28,69,73,-0.08984289367921083,-0.08752931013204987
quality_gp,60,2022-12-23,199,16,True,True,,2022-07-06,69,72,-0.02809645597369383,0.007621068879027591
quality_gp,60,2023-01-03,200,16,True,True,,2022-07-13,69,72,-0.055352575812933874,-0.017460929963341698
quality_gp,60,2023-01-10,201,16,True,True,,2022-07-20,68,72,0.18192922853761878,0.16184320535082644
quality_gp,60,2023-01-18,202,16,True,True,,2022-07-27,68,72,0.16078176890483642,0.15801659270692653
quality_gp,60,2023-01-25,203,16,True,True,,2022-08-03,68,72,0.16791999083864564,0.13032992475400348
quality_gp,60,2023-02-01,204,17,True,True,,2022-08-10,68,72,0.08699469404893688,0.08971638047462861
quality_gp,60,2023-02-08,205,17,True,True,,2022-08-17,68,72,0.08260487842119325,0.07762557077625572
quality_gp,60,2023-02-15,206,17,True,True,,2022-08-24,68,72,0.14631446348818564,0.14235642163483184
quality_gp,60,2023-02-23,207,17,True,True,,2022-08-31,68,72,0.1526510669160591,0.09704804167470579
quality_gp,60,2023-03-02,208,17,True,True,,2022-09-08,68,72,0.24269954574951327,0.1920380731879864
quality_gp,60,2023-03-09,209,17,True,True,,2022-09-15,68,71,0.14020689391915103,0.08172367538564722
quality_gp,60,2023-03-16,210,17,True,True,,2022-09-22,68,71,0.00034355078825819746,-0.02981220657276995
quality_gp,60,2023-03-23,211,17,True,True,,2022-09-29,68,71,-0.07226018246364087,-0.13316566063044935
quality_gp,60,2023-03-30,212,17,True,True,,2022-10-06,68,69,0.08012367828377294,-0.0029959810010960907
quality_gp,60,2023-04-06,213,17,True,True,,2022-10-13,68,69,0.029659884719624382,-0.051845085860431135
quality_gp,60,2023-04-14,214,17,True,True,,2022-10-20,68,69,0.0032064740237431762,-0.07318231640482281
quality_gp,60,2023-04-21,215,17,True,True,,2022-10-27,68,69,0.052868649081955946,-0.03865546218487396
quality_gp,60,2023-04-28,216,18,True,True,,2022-11-03,68,69,0.03687445127304653,-0.0628425283156741
quality_gp,60,2023-05-05,217,18,True,True,,2022-11-10,68,69,0.01942970569149139,-0.04607234198027037
quality_gp,60,2023-05-12,218,18,True,True,,2022-11-17,68,69,-0.08111615833874107,-0.11088783339422728
quality_gp,60,2023-05-19,219,18,True,True,,2022-11-25,68,69,0.011489865251746383,-0.03660942637924735
quality_gp,60,2023-05-26,220,18,True,True,,2022-12-02,68,69,-0.030995915562850706,-0.048045305078553174
quality_gp,60,2023-06-05,221,18,True,True,,2022-12-09,68,69,-0.15249837767683322,-0.07237851662404093
quality_gp,60,2023-06-12,222,18,True,True,,2022-12-16,68,69,0.09802649158300568,0.13540372670807455
quality_gp,60,2023-06-20,223,18,True,True,,2022-12-23,68,69,0.12192235752185364,0.20354402630617463
quality_gp,60,2023-06-27,224,18,True,True,,2023-01-03,68,69,0.05424285223498874,0.11355498721227622
quality_gp,60,2023-07-05,225,18,True,True,,2023-01-10,68,68,0.09356033133564912,0.1373057983738596
quality_gp,60,2023-07-12,226,18,True,True,,2023-01-18,68,68,0.12791541016146885,0.15440699316715653
quality_gp,60,2023-07-19,227,18,True,True,,2023-01-25,68,68,0.030881398633431305,0.039775546818337976
quality_gp,60,2023-07-26,228,19,True,True,,2023-02-01,68,68,0.1930373706913005,0.1419628201702485
quality_gp,60,2023-08-02,229,19,True,True,,2023-02-08,68,68,0.19433522922472035,0.11875405580791691
quality_gp,60,2023-08-09,230,19,True,True,,2023-02-15,68,68,0.2419742718631904,0.12993854258121157
quality_gp,60,2023-08-16,231,19,True,True,,2023-02-23,68,68,0.22181929228537617,0.13222888116959955
quality_gp,60,2023-08-23,232,19,True,True,,2023-03-02,68,68,0.19051799824407373,0.09940069473603846
quality_gp,60,2023-08-30,233,19,True,True,,2023-03-09,68,68,0.1455891896018628,0.06851929610260717
quality_gp,60,2023-09-07,234,19,True,True,,2023-03-16,68,68,0.13852731228766652,0.02542275833110661
quality_gp,60,2023-09-14,235,19,True,True,,2023-03-23,68,68,0.12134977287475664,0.031988395617818834
quality_gp,60,2023-09-21,236,19,True,True,,2023-03-30,68,68,0.07458869336183532,0.030652364774592506
quality_gp,60,2023-09-28,237,19,True,True,,2023-04-06,68,68,-0.05099820590143909,-0.11073787074855898
quality_gp,60,2023-10-05,238,19,True,True,,2023-04-14,68,68,-0.09207161125319692,-0.16562965225025764
quality_gp,60,2023-10-12,239,19,True,True,,2023-04-21,68,68,-0.048860556552276974,-0.09096461426880939
quality_gp,60,2023-10-19,240,20,True,True,,2023-04-28,68,68,0.012940413024392106,-0.04630301179524372
quality_gp,60,2023-10-26,241,20,True,True,,2023-05-05,68,68,0.035271214261174945,0.00664198190632515
quality_gp,60,2023-11-02,242,20,True,True,,2023-05-12,68,68,0.0553116769095698,0.014925373134328358
quality_gp,60,2023-11-09,243,20,True,True,,2023-05-19,68,68,0.11039431996030079,0.07504676107951291
quality_gp,60,2023-11-16,244,20,True,True,,2023-05-26,68,68,0.12394548994159636,0.05382295682711761
quality_gp,60,2023-11-24,245,20,True,True,,2023-06-05,68,68,0.12199870214146659,0.0702752223537046
quality_gp,60,2023-12-01,246,20,True,True,,2023-06-12,69,68,0.11205699671172818,0.06645799137305797
quality_gp,60,2023-12-08,247,20,True,True,,2023-06-20,69,68,0.08107416879795397,0.020422185746459515
quality_gp,60,2023-12-15,248,20,True,True,,2023-06-27,69,68,0.14073803434417248,0.08348284154674199
quality_gp,60,2023-12-22,249,20,True,True,,2023-07-05,69,68,0.13785166240409208,0.12012825896094971
quality_gp,60,2024-01-02,250,20,True,True,,2023-07-12,69,68,0.06547314578005116,0.0683666068633813
quality_gp,60,2024-01-09,251,20,True,True,,2023-07-19,68,68,0.01603237011871588,0.046188494865824326
quality_gp,60,2024-01-17,252,21,True,True,,2023-07-26,68,68,0.0022521662785815167,0.02851471542543039
quality_gp,60,2024-01-24,253,21,True,True,,2023-08-02,68,68,-0.003397335572775508,-0.05634232927434439
quality_gp,60,2024-01-31,254,21,True,True,,2023-08-09,68,68,-0.032102912547238224,-0.03966102988891857
quality_gp,60,2024-02-07,255,21,True,True,,2023-08-16,68,68,-0.1278390655418559,-0.1044776119402985
quality_gp,60,2024-02-14,256,21,True,True,,2023-08-23,68,68,-0.16040004580677175,-0.12398366225140282
quality_gp,60,2024-02-22,257,21,True,True,,2023-08-30,68,68,-0.1580715349085773,-0.1151658586861091
quality_gp,60,2024-02-29,258,21,True,True,,2023-09-07,68,68,-0.17227163415658278,-0.15799519028896436
quality_gp,60,2024-03-07,259,21,True,True,,2023-09-14,68,68,-0.1685307477955491,-0.17105012024277588
quality_gp,60,2024-03-14,260,21,True,True,,2023-09-21,68,68,-0.24369202580448138,-0.22937740962705652
quality_gp,60,2024-03-21,261,21,True,True,,2023-09-28,68,68,-0.10634805512081535,-0.0942474329121655
quality_gp,60,2024-03-28,262,21,True,True,,2023-10-05,68,68,-0.042065885406725956,-0.04218040233614535
quality_gp,60,2024-04-05,263,21,True,True,,2023-10-12,68,68,0.004046264839485437,0.06122838492957208
quality_gp,60,2024-04-12,264,22,True,True,,2023-10-19,68,68,-0.07989464442493414,-0.04523418712066266
quality_gp,60,2024-04-19,265,22,True,True,,2023-10-26,68,68,-0.05054013818376149,-0.018933465664007325
quality_gp,60,2024-04-26,266,22,True,True,,2023-11-02,68,68,-0.03672176203382067,0.005993052639615222
quality_gp,60,2024-05-03,267,22,True,True,,2023-11-09,68,68,-0.09012482345306713,-0.015345268542199487
quality_gp,60,2024-05-10,268,22,True,True,,2023-11-16,68,68,0.11131045539565598,0.16746192312096803
quality_gp,60,2024-05-17,269,22,True,True,,2023-11-24,68,68,0.14436767568805586,0.20479444211169215
quality_gp,60,2024-05-24,270,22,True,True,,2023-12-01,68,69,0.13619880138947207,0.15173547679941543
quality_gp,60,2024-06-03,271,22,True,True,,2023-12-08,69,69,0.17274388016076,0.1821702594081111
quality_gp,60,2024-06-10,272,22,True,True,,2023-12-15,69,69,0.14084764340518816,0.15330654000730728
quality_gp,60,2024-06-17,273,22,True,True,,2023-12-22,69,69,0.07979539641943735,0.08293752283522106
quality_gp,60,2024-06-25,274,22,True,True,,2024-01-02,69,69,-0.006357325538911217,-0.006357325538911217
quality_gp,60,2024-07-02,275,22,True,True,,2024-01-09,69,68,-0.05984654731457801,-0.03351528801007749
quality_gp,60,2024-07-10,276,23,True,True,,2024-01-17,69,68,0.03215199123127512,0.05733480932931251
quality_gp,60,2024-07-17,277,23,True,True,,2024-01-24,69,68,0.08695652173913045,0.11157766156430124
quality_gp,60,2024-07-24,278,23,True,True,,2024-01-31,69,68,0.033686518085495075,0.03733251899072413
quality_gp,60,2024-07-31,279,23,True,True,,2024-02-07,69,68,0.05465838509316771,0.05355575065847234
quality_gp,60,2024-08-07,280,23,True,True,,2024-02-14,69,68,-0.09967117281695288,-0.12028094820017557
quality_gp,60,2024-08-14,281,23,True,True,,2024-02-22,69,68,-0.11242236024844722,-0.15139138069244568
quality_gp,60,2024-08-21,282,23,True,True,,2024-02-29,69,68,-0.012641578370478626,-0.0673359544986067
quality_gp,60,2024-08-28,283,23,True,True,,2024-03-07,69,68,-0.017062477164778957,-0.12375462839256403
quality_gp,60,2024-09-05,284,23,True,True,,2024-03-14,70,68,-0.025911993701338464,-0.12028094820017557
quality_gp,60,2024-09-12,285,23,True,True,,2024-03-21,70,68,0.021782871139882774,-0.06779402221628429
quality_gp,60,2024-09-19,286,23,True,True,,2024-03-28,70,68,-0.008905607558393841,-0.10581364278352481
quality_gp,60,2024-09-26,287,23,True,True,,2024-04-05,70,68,0.06653836059837284,-0.03592014352788487
quality_gp,60,2024-10-03,288,24,True,True,,2024-04-12,70,68,0.028711398827749104,-0.08271939535061267
quality_gp,60,2024-10-10,289,24,True,True,,2024-04-19,70,68,-0.03654973318169889,-0.18116578234148947
quality_gp,60,2024-10-17,290,24,True,True,,2024-04-26,70,68,0.04953197445542822,-0.0814215368171928
quality_gp,60,2024-10-24,291,24,True,True,,2024-05-03,70,68,-0.03749453241186248,-0.18276901935336107
quality_gp,60,2024-10-31,292,24,True,True,,2024-05-10,70,68,0.020243198320356922,-0.09077375271977706
quality_gp,60,2024-11-07,293,24,True,True,,2024-05-17,70,68,0.043338290613244686,-0.03989006374775737
quality_gp,60,2024-11-14,294,24,True,True,,2024-05-24,70,68,0.017898696526988014,-0.034240561896400346
quality_gp,60,2024-11-21,295,24,True,True,,2024-06-03,70,69,-0.03021607908319482,-0.06967482645232007
quality_gp,60,2024-11-29,296,24,True,True,,2024-06-10,70,69,0.10996413262181787,0.05542564852027768
quality_gp,60,2024-12-06,297,24,True,True,,2024-06-17,70,69,0.04106377394803604,0.024735111435878702
quality_gp,60,2024-12-13,298,24,True,True,,2024-06-25,70,69,0.017198845245385355,-0.01092436974789916
quality_gp,60,2024-12-20,299,24,True,True,,2024-07-02,70,69,-0.008975592686554108,-0.03452685421994885
quality_gp,60,2024-12-30,300,25,True,True,,2024-07-10,70,69,0.06657335316245297,0.028279137742053345
quality_gp,60,2025-01-07,301,25,True,True,,2024-07-17,69,69,0.2524296675191816,0.20007307270734384
quality_gp,60,2025-01-15,302,25,True,True,,2024-07-24,69,69,0.23796127146510782,0.18867373036170992
quality_gp,60,2025-01-23,303,25,True,True,,2024-07-31,69,69,0.23248081841432228,0.1810010960906102
quality_gp,60,2025-01-30,304,25,True,True,,2024-08-07,69,69,0.04884910485933504,0.012093533065400073
quality_gp,60,2025-02-06,305,25,True,True,,2024-08-14,69,69,-0.04559736938253562,-0.07672634271099744
quality_gp,60,2025-02-13,306,25,True,True,,2024-08-21,69,69,-0.22528315674095728,-0.25696017537449767
quality_gp,60,2025-02-21,307,25,True,True,,2024-08-28,69,69,-0.16035805626598468,-0.15327000365363536
quality_gp,60,2025-02-28,308,25,True,True,,2024-09-05,69,70,-0.24873949579831933,-0.21088268742892133
quality_gp,60,2025-03-07,309,25,True,True,,2024-09-12,69,70,-0.31962002192181227,-0.26484122124048637
quality_gp,60,2025-03-14,310,25,True,True,,2024-09-19,69,70,-0.29685787358421634,-0.24398565304872713
quality_gp,60,2025-03-21,311,25,True,True,,2024-09-26,69,70,-0.3176470588235294,-0.26967019508354473
quality_gp,60,2025-03-28,312,26,True,True,,2024-10-03,69,70,-0.3792108147606869,-0.322893885049427
quality_gp,60,2025-04-04,313,26,True,True,,2024-10-10,69,70,-0.4190354402630618,-0.3837109614206981
quality_gp,60,2025-04-11,314,26,True,True,,2024-10-17,69,70,-0.4983193277310925,-0.46244423060099726
quality_gp,60,2025-04-21,315,26,True,True,,2024-10-24,69,70,-0.4839970770917063,-0.4395940862566704
quality_gp,60,2025-04-28,316,26,True,True,,2024-10-31,69,70,-0.4516989404457436,-0.40600122473974276
quality_gp,60,2025-05-05,317,26,True,True,,2024-11-07,69,70,-0.4191085129704056,-0.3880150468025544
quality_gp,60,2025-05-12,318,26,True,True,,2024-11-14,69,70,-0.3130800146145415,-0.2895459714810603
quality_gp,60,2025-05-19,319,26,True,True,,2024-11-21,69,70,-0.32184873949579834,-0.32264893710086606
quality_gp,60,2025-05-27,320,26,True,True,,2024-11-29,69,70,-0.24994519546949218,-0.2845420348176012
quality_gp,60,2025-06-03,321,26,True,True,,2024-12-06,69,70,-0.21340884179758862,-0.274219228413962
quality_gp,60,2025-06-10,322,26,True,True,,2024-12-13,69,70,-0.09134088417975887,-0.16430758463826434
quality_gp,60,2025-06-17,323,26,True,True,,2024-12-20,69,70,-0.06613080014614542,-0.14457177849706937
quality_gp,60,2025-06-25,324,27,True,True,,2024-12-30,69,70,-0.05279503105590063,-0.1367684367071997
quality_gp,60,2025-07-02,325,27,True,True,,2025-01-07,69,69,-0.10420168067226893,-0.19820971867007675
quality_gp,60,2025-07-10,326,27,True,True,,2025-01-15,69,69,-0.06503470953598832,-0.15655827548410672
quality_gp,60,2025-07-17,327,27,True,True,,2025-01-23,69,69,-0.056521739130434796,-0.13975155279503107
quality_gp,60,2025-07-24,328,27,True,True,,2025-01-30,69,69,-0.14767994154183414,-0.22594081110705155
quality_gp,60,2025-07-31,329,27,True,True,,2025-02-06,69,69,-0.11245889660211912,-0.21735476799415418
quality_gp,60,2025-08-07,330,27,True,True,,2025-02-13,69,69,-0.13949579831932776,-0.2306174643770552
quality_gp,60,2025-08-14,331,27,True,True,,2025-02-21,69,69,-0.0710632078918524,-0.19382535622944833
quality_gp,60,2025-08-21,332,27,True,True,,2025-02-28,69,69,-0.07979539641943735,-0.21158202411399343
quality_gp,60,2025-08-28,333,27,True,True,,2025-03-07,69,69,-0.01896236755571794,-0.09210814760686883
quality_gp,60,2025-09-05,334,27,True,True,,2025-03-14,69,69,-0.1082572159298502,-0.23167701863354043
quality_gp,60,2025-09-12,335,27,True,True,,2025-03-21,69,69,-0.17778589696748268,-0.2880526123492876
quality_gp,60,2025-09-19,336,28,True,True,,2025-03-28,69,69,-0.16265984654731458,-0.238655462184874
quality_gp,60,2025-09-26,337,28,True,True,,2025-04-04,69,69,-0.13536719035440264,-0.225758129338692
quality_gp,60,2025-10-03,338,28,True,True,,2025-04-11,69,69,-0.09320423821702596,-0.17267080745341618
quality_gp,60,2025-10-10,339,28,True,True,,2025-04-21,69,69,-0.11245889660211912,-0.2009134088417976
quality_gp,60,2025-10-17,340,28,True,True,,2025-04-28,69,69,-0.22056996711728175,-0.2874680306905371
quality_gp,60,2025-10-24,341,28,True,True,,2025-05-05,69,69,-0.22502740226525395,-0.28728534892217755
quality_gp,60,2025-10-31,342,28,True,True,,2025-05-12,69,69,-0.21596638655462186,-0.2637559371574717
quality_gp,60,2025-11-07,343,28,True,True,,2025-05-19,69,69,-0.2459627329192547,-0.2742784070149799
quality_gp,60,2025-11-14,344,28,True,True,,2025-05-27,69,69,-0.2822433321154549,-0.3055169894044575
quality_gp,60,2025-11-21,345,28,True,True,,2025-06-03,69,69,-0.3185970040189989,-0.34519546949214475
quality_gp,60,2025-12-01,346,28,True,True,,2025-06-10,69,69,-0.2950310559006212,-0.32385823894775306
quality_gp,60,2025-12-08,347,28,True,True,,2025-06-17,69,69,-0.23686518085495073,-0.26382900986481556
quality_gp,60,2025-12-15,348,29,False,True,,2025-06-25,69,69,-0.30935330654000737,-0.3150164413591524
quality_gp,60,2025-12-22,349,29,False,True,,2025-07-02,69,69,-0.2320058458165875,-0.2478626233101937
quality_gp,60,2025-12-30,350,29,False,True,,2025-07-10,69,69,-0.23262696382900985,-0.2679576178297406
quality_gp,60,2026-01-07,351,29,False,True,,2025-07-17,69,69,-0.22276214833759592,-0.248118377785897
quality_gp,60,2026-01-14,352,29,False,True,,2025-07-24,69,69,-0.26214833759590794,-0.28644501278772383
quality_gp,60,2026-01-22,353,29,False,True,,2025-07-31,69,69,-0.2675557179393497,-0.26832298136645966
quality_gp,60,2026-01-29,354,29,False,True,,2025-08-07,69,69,-0.2190719766167337,-0.24103032517354772
quality_gp,60,2026-02-05,355,29,False,True,,2025-08-14,69,69,-0.1595177201315309,-0.1514797223237121
quality_gp,60,2026-02-12,356,29,False,True,,2025-08-21,69,69,-0.14322250639386191,-0.17497259773474608
quality_gp,60,2026-02-20,357,29,False,True,,2025-08-28,69,69,-0.024004384362440633,-0.04797223237120936
quality_gp,60,2026-02-27,358,29,False,True,,2025-09-05,69,69,-0.14654731457800513,-0.18783339422725615
