date,S,V,L,conf,gmm_max,gmm_bear,gmm_dom,in_transition
2016-11-01,BULL_CALM,BULL_VOLATILE,BULL_VOLATILE,0.9995951825373063,,,,False
2016-11-02,BULL_CALM,BULL_VOLATILE,BULL_VOLATILE,0.9933694392951368,,,,False
2016-11-03,BULL_CALM,BULL_VOLATILE,BULL_VOLATILE,0.9323265022367876,,,,False
2016-11-04,BULL_CALM,BULL_VOLATILE,BULL_VOLATILE,0.9813415145064203,,,,False
2016-11-07,CHOPPY,BULL_VOLATILE,BULL_VOLATILE,0.5,,,,True
2016-11-08,CHOPPY,CHOPPY,CHOPPY,0.5,,,,True
2016-11-09,CHOPPY,CHOPPY,CHOPPY,0.5,,,,True
2016-11-10,BULL_CALM,CHOPPY,CHOPPY,0.5,,,,True
2016-11-11,BULL_CALM,BULL_CALM,BULL_VOLATILE,0.5,,,,True
2016-11-14,BULL_CALM,BULL_CALM,BULL_VOLATILE,0.5,,,,True
2016-11-15,BULL_CALM,BULL_CALM,BULL_VOLATILE,0.9395789946651086,,,,False
2016-11-16,BULL_CALM,BULL_CALM,BULL_VOLATILE,0.9246621240625783,,,,False
2016-11-17,BULL_CALM,BULL_CALM,BULL_VOLATILE,0.8816712827545619,,,,False
2016-11-18,BULL_CALM,BULL_CALM,BULL_VOLATILE,0.9115927341389166,,,,False
2016-11-21,BULL_CALM,BULL_CALM,BULL_VOLATILE,0.9964138051849931,,,,False
2016-11-22,BULL_CALM,BULL_CALM,BULL_VOLATILE,0.999317703091801,,,,False
2016-11-23,BULL_CALM,BULL_CALM,BULL_VOLATILE,0.999482910151328,,,,False
2016-11-25,BULL_CALM,BULL_CALM,BULL_VOLATILE,0.9998878808263152,,,,False
2016-11-28,BULL_CALM,BULL_CALM,BULL_VOLATILE,0.5032030374166674,,,,False
2016-11-29,BULL_CALM,BULL_CALM,BULL_VOLATILE,0.5057434907808139,,,,False
2016-11-30,BULL_CALM,BULL_CALM,BULL_VOLATILE,0.5205273577461976,,,,False
2016-12-01,BULL_CALM,BULL_CALM,BULL_VOLATILE,0.5281384195998586,,,,False
2016-12-02,BULL_CALM,BULL_CALM,BULL_VOLATILE,0.5576908711696987,,,,False
2016-12-05,BULL_CALM,BULL_CALM,BULL_VOLATILE,0.5818105023715869,,,,False
2016-12-06,BULL_CALM,BULL_CALM,BULL_VOLATILE,0.6018914986906981,,,,False
2016-12-07,BULL_CALM,BULL_CALM,BULL_VOLATILE,0.5946509767488675,,,,False
2016-12-08,BULL_CALM,BULL_CALM,BULL_VOLATILE,0.5542443694662065,,,,False
2016-12-09,BULL_CALM,BULL_CALM,BULL_VOLATILE,0.5942789604680196,,,,False
2016-12-12,BULL_CALM,BULL_CALM,BULL_VOLATILE,0.6198565630737709,,,,False
2016-12-13,BULL_CALM,BULL_CALM,BULL_CALM,0.6243653151030388,,,,False
2016-12-14,BULL_CALM,BULL_CALM,BULL_VOLATILE,0.5650884713949054,,,,False
2016-12-15,BULL_CALM,BULL_CALM,BULL_CALM,0.6176004954488112,,,,False
2016-12-16,BULL_CALM,BULL_CALM,BULL_VOLATILE,0.5966780401213289,,,,False
2016-12-19,BULL_CALM,BULL_CALM,BULL_VOLATILE,0.5849629133403564,,,,False
2016-12-20,BULL_CALM,BULL_CALM,BULL_VOLATILE,0.514840210946465,,,,False
2016-12-21,BULL_CALM,BULL_CALM,BULL_CALM,0.5845766849530545,,,,False
2016-12-22,BULL_CALM,BULL_CALM,BULL_CALM,0.563984652108372,,,,False
2016-12-23,BULL_CALM,BULL_CALM,BULL_VOLATILE,0.5509865080865334,,,,False
2016-12-27,BULL_CALM,BULL_CALM,BULL_CALM,0.5708837341983939,,,,False
2016-12-28,BULL_CALM,BULL_CALM,BULL_CALM,0.5879160994041058,,,,False
2016-12-29,BULL_CALM,BULL_CALM,BULL_CALM,0.6231505034698266,,,,False
2016-12-30,BULL_CALM,BULL_CALM,BULL_CALM,0.605329937338299,,,,False
2017-01-03,BULL_CALM,BULL_CALM,BULL_CALM,0.6427606455528685,,,,False
2017-01-04,BULL_CALM,BULL_CALM,BULL_VOLATILE,0.6670246604723155,,,,False
2017-01-05,BULL_CALM,BULL_CALM,BULL_CALM,0.6910948420710563,,,,False
2017-01-06,BULL_CALM,BULL_CALM,BULL_CALM,0.6893335142960498,,,,False
2017-01-09,BULL_CALM,BULL_CALM,BULL_CALM,0.7046762157372599,,,,False
2017-01-10,BULL_CALM,BULL_CALM,BULL_CALM,0.7000249548022088,,,,False
2017-01-11,BULL_CALM,BULL_CALM,BULL_CALM,0.7234323659408585,,,,False
2017-01-12,BULL_CALM,BULL_CALM,BULL_CALM,0.7188025794420881,,,,False
2017-01-13,BULL_CALM,BULL_VOLATILE,BULL_VOLATILE,0.7296431831464252,,,,False
2017-01-17,BULL_CALM,BULL_CALM,BULL_CALM,0.7319088608629005,,,,False
2017-01-18,BULL_CALM,BULL_VOLATILE,BULL_VOLATILE,0.7597826761033504,,,,False
2017-01-19,BULL_CALM,BULL_CALM,BULL_CALM,0.7648804324433094,,,,False
2017-01-20,BULL_CALM,BULL_CALM,BULL_CALM,0.7707442806994436,,,,False
2017-01-23,BULL_CALM,BULL_CALM,BULL_CALM,0.7858632174158837,,,,False
2017-01-24,BULL_CALM,BULL_CALM,BULL_VOLATILE,0.7928821355387132,,,,False
2017-01-25,BULL_CALM,BULL_CALM,BULL_VOLATILE,0.7932455076302114,,,,False
2017-01-26,BULL_CALM,BULL_CALM,BULL_VOLATILE,0.7708537042763546,,,,False
2017-01-27,BULL_CALM,BULL_CALM,BULL_VOLATILE,0.7410186440680817,,,,False
2017-01-30,BULL_CALM,BULL_CALM,BULL_VOLATILE,0.7101822172500231,,,,False
2017-01-31,BULL_CALM,BULL_CALM,BULL_VOLATILE,0.6625279362646648,,,,False
2017-02-01,BULL_CALM,BULL_CALM,BULL_VOLATILE,0.6357615420583962,,,,False
2017-02-02,BULL_CALM,BULL_CALM,BULL_VOLATILE,0.6225197236050687,,,,False
2017-02-03,BULL_CALM,BULL_CALM,BULL_VOLATILE,0.6045060976390662,,,,False
2017-02-06,BULL_CALM,BULL_CALM,BULL_VOLATILE,0.627375420094666,,,,False
2017-02-07,BULL_CALM,BULL_CALM,BULL_VOLATILE,0.6330116007909878,,,,False
2017-02-08,BULL_CALM,BULL_CALM,BULL_VOLATILE,0.5607667375495576,,,,False
2017-02-09,BULL_CALM,BULL_CALM,BULL_VOLATILE,0.5602851852551289,,,,False
2017-02-10,BULL_CALM,BULL_CALM,BULL_VOLATILE,0.5729925559990285,,,,False
2017-02-13,BULL_CALM,BULL_CALM,BULL_VOLATILE,0.5762542494914786,,,,False
2017-02-14,BULL_CALM,BULL_CALM,BULL_VOLATILE,0.5502930282157588,,,,False
2017-02-15,BULL_CALM,BULL_CALM,BULL_VOLATILE,0.5608891681652579,,,,False
2017-02-16,BULL_CALM,BULL_CALM,BULL_VOLATILE,0.5771974567577635,,,,False
2017-02-17,BULL_CALM,BULL_CALM,BULL_VOLATILE,0.6010922933976626,,,,False
2017-02-21,BULL_CALM,BULL_CALM,BULL_VOLATILE,0.6104773008388789,,,,False
2017-02-22,BULL_CALM,BULL_CALM,BULL_VOLATILE,0.603846933826653,,,,False
2017-02-23,BULL_CALM,BULL_CALM,BULL_VOLATILE,0.6165403363326494,,,,False
2017-02-24,BULL_CALM,BULL_CALM,BULL_VOLATILE,0.6360157311949738,,,,False
2017-02-27,BULL_CALM,BULL_CALM,BULL_VOLATILE,0.6370335248389902,,,,False
2017-02-28,BULL_CALM,BULL_CALM,BULL_VOLATILE,0.6408479468770444,,,,False
2017-03-01,BULL_CALM,BULL_CALM,BULL_VOLATILE,0.6230221973357666,,,,False
2017-03-02,BULL_CALM,BULL_CALM,BULL_VOLATILE,0.6193758171674508,,,,False
2017-03-03,BULL_CALM,BULL_CALM,BULL_VOLATILE,0.6364051313153957,,,,False
2017-03-06,BULL_CALM,BULL_CALM,BULL_VOLATILE,0.6664144873156852,,,,False
2017-03-07,BULL_CALM,BULL_CALM,BULL_VOLATILE,0.662405890707114,,,,False
2017-03-08,BULL_CALM,BULL_CALM,BULL_VOLATILE,0.6350040923120432,,,,False
2017-03-09,BULL_CALM,BULL_CALM,BULL_VOLATILE,0.6191251080334484,,,,False
2017-03-10,BULL_CALM,BULL_CALM,BULL_VOLATILE,0.5726816856290728,,,,False
2017-03-13,BULL_CALM,BULL_CALM,BULL_VOLATILE,0.5633344251324515,,,,False
2017-03-14,BULL_CALM,BULL_CALM,BULL_VOLATILE,0.5549127964078284,,,,False
2017-03-15,BULL_CALM,BULL_CALM,BULL_VOLATILE,0.5784465352435744,,,,False
2017-03-16,BULL_CALM,BULL_CALM,BULL_VOLATILE,0.584325954593422,,,,False
2017-03-17,BULL_CALM,BULL_CALM,BULL_VOLATILE,0.5819202269211424,,,,False
2017-03-20,BULL_CALM,BULL_CALM,BULL_VOLATILE,0.6184401042840629,,,,False
2017-03-21,CHOPPY,BULL_CALM,BULL_VOLATILE,0.5,,,,True
2017-03-22,BULL_CALM,CHOPPY,CHOPPY,0.5,,,,True
2017-03-23,BULL_CALM,BULL_VOLATILE,BULL_VOLATILE,0.5,,,,True
2017-03-24,BULL_CALM,BULL_VOLATILE,BULL_VOLATILE,0.6067299765881284,,,,False
2017-03-27,BULL_CALM,BULL_VOLATILE,BULL_VOLATILE,0.6002945564072768,,,,False
2017-03-28,BULL_CALM,BULL_VOLATILE,BULL_VOLATILE,0.5878614262136408,,,,False
2017-03-29,BULL_CALM,BULL_VOLATILE,BULL_VOLATILE,0.6064361488256867,,,,False
2017-03-30,BULL_CALM,BULL_VOLATILE,BULL_VOLATILE,0.5392954621514429,,,,False
2017-03-31,BULL_CALM,BULL_VOLATILE,BULL_VOLATILE,0.54649222792809,,,,False
2017-04-03,BULL_CALM,BULL_VOLATILE,BULL_VOLATILE,0.584817239281646,,,,False
2017-04-04,BULL_CALM,BULL_VOLATILE,BULL_VOLATILE,0.5725912016898069,,,,False
2017-04-05,BULL_CALM,BULL_VOLATILE,BULL_VOLATILE,0.572850141090787,,,,False
2017-04-06,BULL_CALM,BULL_VOLATILE,BULL_VOLATILE,0.5771376137380501,,,,False
2017-04-07,BULL_CALM,BULL_VOLATILE,BULL_VOLATILE,0.5597260220167717,,,,False
2017-04-10,BULL_CALM,BULL_VOLATILE,BULL_VOLATILE,0.5590486756665584,,,,False
2017-04-11,BULL_CALM,BULL_VOLATILE,BULL_VOLATILE,0.5430257501211858,,,,False
2017-04-12,BULL_CALM,BULL_VOLATILE,BULL_VOLATILE,0.5418739494896514,,,,False
2017-04-13,BULL_CALM,BULL_VOLATILE,BULL_VOLATILE,0.5315039673547945,,,,False
2017-04-17,BULL_CALM,BULL_VOLATILE,BULL_VOLATILE,0.5213501096270093,,,,False
2017-04-18,BULL_CALM,BULL_VOLATILE,BULL_VOLATILE,0.5450172033775802,,,,False
2017-04-19,BULL_CALM,BULL_VOLATILE,BULL_VOLATILE,0.5292098625405653,,,,False
2017-04-20,CHOPPY,BULL_VOLATILE,BULL_VOLATILE,0.5,,,,True
2017-04-21,BULL_CALM,CHOPPY,CHOPPY,0.5,,,,True
2017-04-24,BULL_CALM,BULL_CALM,BULL_VOLATILE,0.5,,,,True
2017-04-25,BULL_CALM,BULL_CALM,BULL_VOLATILE,0.578070219201857,,,,False
2017-04-26,BULL_CALM,BULL_CALM,BULL_VOLATILE,0.6475312847708192,,,,False
2017-04-27,BULL_CALM,BULL_CALM,BULL_VOLATILE,0.6351361415630946,,,,False
2017-04-28,BULL_CALM,BULL_CALM,BULL_VOLATILE,0.6204226422692353,,,,False
2017-05-01,BULL_CALM,BULL_CALM,BULL_CALM,0.5836838687960835,,,,False
2017-05-02,BULL_CALM,BULL_CALM,BULL_CALM,0.5942982901471789,,,,False
2017-05-03,BULL_CALM,BULL_CALM,BULL_CALM,0.5888234517230221,,,,False
2017-05-04,BULL_CALM,BULL_CALM,BULL_CALM,0.5778217142399998,,,,False
2017-05-05,BULL_CALM,BULL_CALM,BULL_VOLATILE,0.615785407913825,,,,False
2017-05-08,BULL_CALM,BULL_CALM,BULL_CALM,0.6144684027531527,,,,False
2017-05-09,BULL_CALM,BULL_CALM,BULL_VOLATILE,0.6392061979891516,,,,False
2017-05-10,BULL_CALM,BULL_CALM,BULL_CALM,0.6502907612595417,,,,False
2017-05-11,BULL_CALM,BULL_CALM,BULL_VOLATILE,0.6224830726309574,,,,False
2017-05-12,BULL_CALM,BULL_CALM,BULL_VOLATILE,0.621013920525889,,,,False
2017-05-15,BULL_CALM,BULL_CALM,BULL_VOLATILE,0.6106578774996795,,,,False
2017-05-16,BULL_CALM,BULL_CALM,BULL_VOLATILE,0.6203735331806979,,,,False
2017-05-17,CHOPPY,BULL_CALM,BULL_VOLATILE,0.5,,,,True
2017-05-18,CHOPPY,CHOPPY,CHOPPY,0.5,,,,True
2017-05-19,CHOPPY,CHOPPY,CHOPPY,0.5,,,,True
2017-05-22,CHOPPY,CHOPPY,CHOPPY,0.0,,,,False
2017-05-23,CHOPPY,CHOPPY,CHOPPY,0.0,,,,False
2017-05-24,BULL_CALM,CHOPPY,CHOPPY,0.5,,,,True
2017-05-25,BULL_CALM,BULL_CALM,BULL_VOLATILE,0.5,,,,True
2017-05-26,BULL_CALM,BULL_CALM,BULL_VOLATILE,0.5,,,,True
2017-05-30,BULL_CALM,BULL_CALM,BULL_VOLATILE,0.5161480352240825,,,,False
2017-05-31,BULL_CALM,BULL_CALM,BULL_VOLATILE,0.5256867792217013,,,,False
2017-06-01,BULL_CALM,BULL_CALM,BULL_VOLATILE,0.5543278042627934,,,,False
2017-06-02,BULL_CALM,BULL_CALM,BULL_VOLATILE,0.5505051361883042,,,,False
2017-06-05,BULL_CALM,BULL_CALM,BULL_VOLATILE,0.5528662671512763,,,,False
2017-06-06,BULL_CALM,BULL_CALM,BULL_VOLATILE,0.5727551115460103,,,,False
2017-06-07,BULL_CALM,BULL_CALM,BULL_VOLATILE,0.5852193722500505,,,,False
2017-06-08,BULL_CALM,BULL_CALM,BULL_VOLATILE,0.5727618680072524,,,,False
2017-06-09,BULL_CALM,BULL_CALM,BULL_VOLATILE,0.5515533085222267,,,,False
2017-06-12,BULL_CALM,BULL_CALM,BULL_VOLATILE,0.5524531715223763,,,,False
2017-06-13,BULL_CALM,BULL_CALM,BULL_VOLATILE,0.5880235162646266,,,,False
2017-06-14,BULL_CALM,BULL_CALM,BULL_VOLATILE,0.607410656884201,,,,False
2017-06-15,BULL_CALM,BULL_CALM,BULL_VOLATILE,0.5728791757383584,,,,False
2017-06-16,BULL_CALM,BULL_CALM,BULL_VOLATILE,0.5375162339413408,,,,False
2017-06-19,BULL_CALM,BULL_CALM,BULL_VOLATILE,0.5611756950651742,,,,False
2017-06-20,BULL_CALM,BULL_CALM,BULL_VOLATILE,0.6160626928811459,,,,False
2017-06-21,BULL_CALM,BULL_CALM,BULL_VOLATILE,0.6002185403898006,,,,False
2017-06-22,BULL_CALM,BULL_CALM,BULL_VOLATILE,0.6140165661948518,,,,False
2017-06-23,BULL_CALM,BULL_CALM,BULL_VOLATILE,0.629534399076121,,,,False
2017-06-26,BULL_CALM,BULL_CALM,BULL_VOLATILE,0.6349546801587639,,,,False
2017-06-27,BULL_CALM,BULL_CALM,BULL_VOLATILE,0.6164947969019439,,,,False
2017-06-28,BULL_CALM,BULL_VOLATILE,BULL_VOLATILE,0.6137689890985604,,,,False
2017-06-29,CHOPPY,BULL_CALM,BULL_VOLATILE,0.5,,,,True
2017-06-30,CHOPPY,CHOPPY,CHOPPY,0.5,,,,True
2017-07-03,CHOPPY,CHOPPY,CHOPPY,0.5,,,,True
2017-07-05,BULL_CALM,CHOPPY,CHOPPY,0.5,,,,True
2017-07-06,BULL_CALM,BULL_VOLATILE,BULL_VOLATILE,0.5,,,,True
2017-07-07,BULL_CALM,BULL_VOLATILE,BULL_VOLATILE,0.5,,,,True
2017-07-10,BULL_CALM,BULL_VOLATILE,BULL_VOLATILE,0.5645857976646131,,,,False
2017-07-11,BULL_CALM,BULL_VOLATILE,BULL_VOLATILE,0.5141160199348299,,,,False
2017-07-12,BULL_CALM,BULL_VOLATILE,BULL_VOLATILE,0.5373060491283258,,,,False
2017-07-13,BULL_CALM,BULL_VOLATILE,BULL_VOLATILE,0.5063148642979213,,,,False
2017-07-14,BULL_CALM,BULL_CALM,BULL_VOLATILE,0.5556323824728577,,,,False
2017-07-17,BULL_CALM,BULL_CALM,BULL_VOLATILE,0.5156706084521785,,,,False
2017-07-18,BULL_CALM,BULL_CALM,BULL_VOLATILE,0.5509845232645312,,,,False
2017-07-19,BULL_CALM,BULL_CALM,BULL_VOLATILE,0.5726777039607656,,,,False
2017-07-20,BULL_CALM,BULL_CALM,BULL_VOLATILE,0.5178653761839224,,,,False
2017-07-21,BULL_CALM,BULL_CALM,BULL_VOLATILE,0.5436281429486493,,,,False
2017-07-24,BULL_CALM,BULL_CALM,BULL_VOLATILE,0.5074319541586176,,,,False
2017-07-25,BULL_CALM,BULL_CALM,BULL_VOLATILE,0.5032202510361589,,,,False
2017-07-26,BULL_CALM,BULL_CALM,BULL_VOLATILE,0.5028419164113718,,,,False
2017-07-27,BULL_CALM,BULL_CALM,BULL_VOLATILE,0.994731295390257,,,,False
2017-07-28,BULL_CALM,BULL_CALM,BULL_VOLATILE,0.5226069248528434,,,,False
2017-07-31,BULL_CALM,BULL_CALM,BULL_VOLATILE,0.517781121013956,,,,False
2017-08-01,BULL_CALM,BULL_CALM,BULL_VOLATILE,0.5351874510553525,,,,False
2017-08-02,BULL_CALM,BULL_CALM,BULL_VOLATILE,0.5304152266044155,,,,False
2017-08-03,BULL_CALM,BULL_CALM,BULL_VOLATILE,0.5495418992152404,,,,False
2017-08-04,BULL_CALM,BULL_CALM,BULL_VOLATILE,0.5755453519338916,,,,False
2017-08-07,BULL_CALM,BULL_CALM,BULL_VOLATILE,0.5799211229196288,,,,False
2017-08-08,BULL_CALM,BULL_CALM,BULL_VOLATILE,0.5772072660893852,,,,False
2017-08-09,BULL_CALM,BULL_CALM,BULL_VOLATILE,0.6010928897802681,,,,False
2017-08-10,BULL_CALM,BULL_CALM,BULL_VOLATILE,0.5772902314792561,,,,False
2017-08-11,CHOPPY,BULL_VOLATILE,BULL_VOLATILE,0.5,,,,True
2017-08-14,CHOPPY,CHOPPY,CHOPPY,0.5,,,,True
2017-08-15,CHOPPY,CHOPPY,CHOPPY,0.5,,,,True
2017-08-16,CHOPPY,CHOPPY,CHOPPY,0.0,,,,False
2017-08-17,CHOPPY,CHOPPY,CHOPPY,0.0,,,,False
2017-08-18,CHOPPY,CHOPPY,CHOPPY,0.0,,,,False
2017-08-21,CHOPPY,CHOPPY,CHOPPY,0.0,,,,False
2017-08-22,CHOPPY,CHOPPY,CHOPPY,0.0,,,,False
2017-08-23,CHOPPY,CHOPPY,CHOPPY,0.0,,,,False
2017-08-24,BULL_CALM,CHOPPY,CHOPPY,0.5,,,,True
2017-08-25,BULL_CALM,BULL_VOLATILE,BULL_VOLATILE,0.5,,,,True
2017-08-28,BULL_CALM,BULL_VOLATILE,BULL_VOLATILE,0.5,,,,True
2017-08-29,BULL_CALM,BULL_VOLATILE,BULL_VOLATILE,0.8659634326481849,,,,False
2017-08-30,BULL_CALM,BULL_VOLATILE,BULL_VOLATILE,0.8487247078624384,,,,False
2017-08-31,BULL_CALM,BULL_VOLATILE,BULL_VOLATILE,0.9278544487756876,,,,False
2017-09-01,BULL_CALM,BULL_CALM,BULL_VOLATILE,0.8158948861515211,,,,False
2017-09-05,BULL_CALM,BULL_CALM,BULL_VOLATILE,0.8691870008833787,,,,False
2017-09-06,BULL_CALM,BULL_VOLATILE,BULL_VOLATILE,0.8762468833496482,,,,False
2017-09-07,BULL_CALM,BULL_VOLATILE,BULL_VOLATILE,0.8815141691684102,,,,False
2017-09-08,BULL_CALM,BULL_VOLATILE,BULL_VOLATILE,0.9242747173057346,,,,False
2017-09-11,BULL_CALM,BULL_CALM,BULL_VOLATILE,0.9044378678190079,,,,False
2017-09-12,BULL_CALM,BULL_CALM,BULL_VOLATILE,0.8145350802316862,,,,False
2017-09-13,BULL_CALM,BULL_CALM,BULL_VOLATILE,0.8273981910417244,,,,False
2017-09-14,BULL_CALM,BULL_CALM,BULL_VOLATILE,0.8752361968996533,,,,False
2017-09-15,BULL_CALM,BULL_CALM,BULL_VOLATILE,0.504784803860098,,,,False
2017-09-18,BULL_CALM,BULL_CALM,BULL_VOLATILE,0.9216308817690864,,,,False
2017-09-19,BULL_CALM,BULL_CALM,BULL_VOLATILE,0.9071066358725586,,,,False
2017-09-20,BULL_CALM,BULL_CALM,BULL_VOLATILE,0.8555432610110786,,,,False
2017-09-21,BULL_CALM,BULL_CALM,BULL_VOLATILE,0.8781959742330647,,,,False
2017-09-22,BULL_CALM,BULL_CALM,BULL_VOLATILE,0.8665807267194242,,,,False
2017-09-25,BULL_CALM,BULL_CALM,BULL_VOLATILE,0.8741837720910189,,,,False
2017-09-26,BULL_CALM,BULL_CALM,BULL_VOLATILE,0.8709507193852138,,,,False
2017-09-27,BULL_CALM,BULL_CALM,BULL_VOLATILE,0.5238107751869235,,,,False
2017-09-28,BULL_CALM,BULL_CALM,BULL_VOLATILE,0.5007190994786234,,,,False
2017-09-29,BULL_CALM,BULL_CALM,BULL_VOLATILE,0.5166797209733246,,,,False
2017-10-02,BULL_CALM,BULL_CALM,BULL_VOLATILE,0.5214489502020129,,,,False
2017-10-03,BULL_CALM,BULL_CALM,BULL_VOLATILE,0.5293096931690394,,,,False
2017-10-04,BULL_CALM,BULL_CALM,BULL_VOLATILE,0.5560887903512187,,,,False
2017-10-05,BULL_CALM,BULL_CALM,BULL_VOLATILE,0.5177350009342129,,,,False
2017-10-06,BULL_CALM,BULL_CALM,BULL_VOLATILE,0.5152831270907386,,,,False
2017-10-09,BULL_CALM,BULL_CALM,BULL_VOLATILE,0.5008735707063122,,,,False
2017-10-10,BULL_CALM,BULL_CALM,BULL_VOLATILE,0.7839495544056325,,,,False
2017-10-11,BULL_CALM,BULL_CALM,BULL_VOLATILE,0.8403439167887533,,,,False
2017-10-12,BULL_CALM,BULL_CALM,BULL_VOLATILE,0.9964587840415887,,,,False
2017-10-13,BULL_CALM,BULL_CALM,BULL_VOLATILE,0.984603590170316,,,,False
2017-10-16,BULL_CALM,BULL_CALM,BULL_VOLATILE,0.9861826485205454,,,,False
2017-10-17,BULL_CALM,BULL_CALM,BULL_VOLATILE,0.9984686896195634,,,,False
2017-10-18,BULL_CALM,BULL_CALM,BULL_VOLATILE,0.9915233936506951,,,,False
2017-10-19,BULL_CALM,BULL_CALM,BULL_VOLATILE,0.9919313371563627,,,,False
2017-10-20,BULL_CALM,BULL_CALM,BULL_VOLATILE,0.999646888798437,,,,False
2017-10-23,BULL_CALM,BULL_CALM,BULL_VOLATILE,0.9999684682686972,,,,False
2017-10-24,BULL_CALM,BULL_CALM,BULL_VOLATILE,0.9999996518203067,,,,False
2017-10-25,BULL_CALM,BULL_CALM,BULL_VOLATILE,0.9999960504007256,,,,False
2017-10-26,BULL_CALM,BULL_CALM,BULL_VOLATILE,0.5046106138538186,,,,False
2017-10-27,BULL_CALM,BULL_CALM,BULL_VOLATILE,0.520582319610114,,,,False
2017-10-30,BULL_CALM,BULL_CALM,BULL_VOLATILE,0.5265087093410251,,,,False
2017-10-31,BULL_CALM,BULL_CALM,BULL_VOLATILE,0.5347165931935167,,,,False
2017-11-01,BULL_CALM,BULL_CALM,BULL_VOLATILE,0.5596444853189944,,,,False
2017-11-02,BULL_CALM,BULL_CALM,BULL_VOLATILE,0.5623221564347072,,,,False
2017-11-03,BULL_CALM,BULL_CALM,BULL_VOLATILE,0.58114599929984,,,,False
2017-11-06,BULL_CALM,BULL_CALM,BULL_VOLATILE,0.5608552787394878,,,,False
2017-11-07,BULL_CALM,BULL_CALM,BULL_VOLATILE,0.5482740935066314,,,,False
2017-11-08,BULL_CALM,BULL_CALM,BULL_VOLATILE,0.5393921566636735,,,,False
2017-11-09,BULL_CALM,BULL_CALM,BULL_VOLATILE,0.5431571521247271,,,,False
2017-11-10,BULL_CALM,BULL_CALM,BULL_VOLATILE,0.5914808655340287,,,,False
2017-11-13,BULL_CALM,BULL_CALM,BULL_VOLATILE,0.5865765582228653,,,,False
2017-11-14,BULL_CALM,BULL_CALM,BULL_VOLATILE,0.5785769487449621,,,,False
2017-11-15,BULL_CALM,BULL_CALM,BULL_VOLATILE,0.9378618297324834,,,,False
2017-11-16,CHOPPY,BULL_CALM,BULL_VOLATILE,0.5,,,,True
2017-11-17,CHOPPY,CHOPPY,CHOPPY,0.5,,,,True
2017-11-20,CHOPPY,CHOPPY,CHOPPY,0.5,,,,True
2017-11-21,CHOPPY,CHOPPY,CHOPPY,0.0,,,,False
2017-11-22,BULL_CALM,CHOPPY,CHOPPY,0.5,,,,True
2017-11-24,BULL_CALM,BULL_CALM,BULL_VOLATILE,0.5,,,,True
2017-11-27,BULL_CALM,BULL_CALM,BULL_VOLATILE,0.5,,,,True
2017-11-28,BULL_CALM,BULL_CALM,BULL_VOLATILE,0.993223134856229,,,,False
2017-11-29,BULL_CALM,BULL_CALM,BULL_VOLATILE,0.9914400433581352,,,,False
2017-11-30,BULL_CALM,BULL_CALM,BULL_VOLATILE,0.953878494685897,,,,False
2017-12-01,BULL_CALM,BULL_CALM,BULL_VOLATILE,0.9849069352306153,,,,False
2017-12-04,BULL_CALM,BULL_CALM,BULL_VOLATILE,0.5717484774938917,,,,False
2017-12-05,BULL_CALM,BULL_CALM,BULL_VOLATILE,0.5593492678986561,,,,False
2017-12-06,BULL_CALM,BULL_CALM,BULL_VOLATILE,0.5645273657387972,,,,False
2017-12-07,BULL_CALM,BULL_CALM,BULL_VOLATILE,0.6177614054625211,,,,False
2017-12-08,BULL_CALM,BULL_CALM,BULL_VOLATILE,0.6710070966739085,,,,False
2017-12-11,BULL_CALM,BULL_CALM,BULL_VOLATILE,0.7047146330907256,,,,False
2017-12-12,BULL_CALM,BULL_CALM,BULL_VOLATILE,0.6824217573159552,,,,False
2017-12-13,BULL_CALM,BULL_CALM,BULL_VOLATILE,0.6707397069187652,,,,False
2017-12-14,BULL_CALM,BULL_CALM,BULL_VOLATILE,0.6429189806532164,,,,False
2017-12-15,BULL_CALM,BULL_CALM,BULL_VOLATILE,0.6576369319738031,,,,False
2017-12-18,BULL_CALM,BULL_CALM,BULL_VOLATILE,0.6430558530765995,,,,False
2017-12-19,BULL_CALM,BULL_CALM,BULL_VOLATILE,0.6285458132944427,,,,False
2017-12-20,BULL_CALM,BULL_CALM,BULL_VOLATILE,0.6128684939998045,,,,False
2017-12-21,BULL_CALM,BULL_CALM,BULL_VOLATILE,0.6201662202658219,,,,False
2017-12-22,BULL_CALM,BULL_CALM,BULL_VOLATILE,0.6283385017951335,,,,False
2017-12-26,BULL_CALM,BULL_CALM,BULL_VOLATILE,0.6277251313660783,,,,False
2017-12-27,BULL_CALM,BULL_CALM,BULL_VOLATILE,0.5913860039498867,,,,False
2017-12-28,BULL_CALM,BULL_CALM,BULL_VOLATILE,0.5742706096615627,,,,False
2017-12-29,BULL_CALM,BULL_CALM,BULL_VOLATILE,0.5306589557669874,,,,False
2018-01-02,BULL_CALM,BULL_CALM,BULL_VOLATILE,0.982375767034103,,,,False
2018-01-03,BULL_CALM,BULL_CALM,BULL_VOLATILE,0.9815258567349763,,,,False
2018-01-04,BULL_CALM,BULL_CALM,BULL_VOLATILE,0.9860988756278007,,,,False
2018-01-05,BULL_CALM,BULL_CALM,BULL_VOLATILE,0.954214896883857,,,,False
2018-01-08,BULL_CALM,BULL_CALM,BULL_VOLATILE,0.9011367303153146,,,,False
2018-01-09,BULL_CALM,BULL_CALM,BULL_VOLATILE,0.9599343616310438,,,,False
2018-01-10,BULL_CALM,BULL_CALM,BULL_VOLATILE,0.8082495586104527,,,,False
2018-01-11,BULL_CALM,BULL_CALM,BULL_VOLATILE,0.508918869513902,,,,False
2018-01-12,BULL_CALM,BULL_CALM,BULL_VOLATILE,0.5125799442350237,,,,False
2018-01-16,BULL_CALM,BULL_CALM,BULL_VOLATILE,0.521813403917312,,,,False
2018-01-17,BULL_CALM,BULL_CALM,BULL_VOLATILE,0.5460221038671189,,,,False
2018-01-18,BULL_CALM,BULL_CALM,BULL_VOLATILE,0.5536458242513912,,,,False
2018-01-19,BULL_CALM,BULL_CALM,BULL_VOLATILE,0.5587597211208831,,,,False
2018-01-22,BULL_CALM,BULL_CALM,BULL_VOLATILE,0.5845176460216692,,,,False
2018-01-23,BULL_CALM,BULL_CALM,BULL_VOLATILE,0.6006113345513301,,,,False
2018-01-24,BULL_CALM,BULL_CALM,BULL_VOLATILE,0.603345313012115,,,,False
2018-01-25,BULL_CALM,BULL_CALM,BULL_VOLATILE,0.6037416793580447,,,,False
2018-01-26,BULL_CALM,BULL_CALM,BULL_VOLATILE,0.6505576971955376,,,,False
2018-01-29,BULL_CALM,BULL_CALM,BULL_VOLATILE,0.6666791840567731,,,,False
2018-01-30,BULL_CALM,BULL_CALM,BULL_VOLATILE,0.6668501521645925,,,,False
2018-01-31,BULL_CALM,BULL_CALM,BULL_VOLATILE,0.6485488721076048,,,,False
2018-02-01,BULL_CALM,BULL_CALM,BULL_VOLATILE,0.6770019350200971,,,,False
2018-02-02,CHOPPY,BULL_CALM,BULL_VOLATILE,0.5,,,,True
2018-02-05,BEAR,CHOPPY,CHOPPY,0.5,,,,True
2018-02-06,BEAR,BEAR,BEAR,0.5,,,,True
2018-02-07,BEAR,BEAR,BEAR,1.0,,,,False
2018-02-08,BEAR,BEAR,BEAR,1.0,,,,False
2018-02-09,BEAR,BEAR,BEAR,1.0,,,,False
2018-02-12,BEAR,BEAR,BEAR,1.0,,,,False
2018-02-13,BEAR,BEAR,BEAR,1.0,,,,False
2018-02-14,BEAR,BEAR,BEAR,1.0,,,,False
2018-02-15,BULL_CALM,BEAR,BEAR,0.5,,,,True
2018-02-16,BULL_CALM,BULL_VOLATILE,BULL_VOLATILE,0.5,,,,True
2018-02-20,BULL_CALM,BULL_VOLATILE,BULL_VOLATILE,0.5,,,,True
2018-02-21,BULL_CALM,BULL_VOLATILE,BULL_VOLATILE,0.6639656717379775,,,,False
2018-02-22,BULL_CALM,BULL_VOLATILE,BULL_VOLATILE,0.6792535449756116,,,,False
2018-02-23,BULL_CALM,BULL_VOLATILE,BULL_VOLATILE,0.6557010582000342,,,,False
2018-02-26,BULL_CALM,BULL_VOLATILE,BULL_VOLATILE,0.6870498027962778,,,,False
2018-02-27,BULL_CALM,BULL_VOLATILE,BULL_VOLATILE,0.6908064408087672,,,,False
2018-02-28,BULL_CALM,BULL_VOLATILE,BULL_VOLATILE,0.7204306563557511,,,,False
2018-03-01,BULL_CALM,BULL_VOLATILE,BULL_VOLATILE,0.6732188071367234,,,,False
2018-03-02,BULL_CALM,BULL_VOLATILE,BULL_VOLATILE,0.7063749577298283,,,,False
2018-03-05,BULL_CALM,BULL_VOLATILE,BULL_VOLATILE,0.6993556984654967,,,,False
2018-03-06,BULL_CALM,BULL_VOLATILE,BULL_VOLATILE,0.689960847224723,,,,False
2018-03-07,BULL_CALM,BULL_VOLATILE,BULL_VOLATILE,0.6861229618936376,,,,False
2018-03-08,BULL_CALM,BULL_VOLATILE,BULL_VOLATILE,0.7383788160507764,,,,False
2018-03-09,BULL_CALM,BULL_VOLATILE,BULL_VOLATILE,0.7409402303924728,,,,False
2018-03-12,BULL_CALM,BULL_CALM,BULL_VOLATILE,0.747804444917531,,,,False
2018-03-13,BULL_CALM,BULL_CALM,BULL_VOLATILE,0.7362409431662016,,,,False
2018-03-14,BULL_CALM,BULL_CALM,BULL_VOLATILE,0.739211081503975,,,,False
2018-03-15,BULL_CALM,BULL_CALM,BULL_VOLATILE,0.7259463270017045,,,,False
2018-03-16,BULL_CALM,BULL_CALM,BULL_VOLATILE,0.7158906515359323,,,,False
2018-03-19,BULL_CALM,BULL_CALM,BULL_VOLATILE,0.719101931223202,,,,False
2018-03-20,BULL_CALM,BULL_VOLATILE,BULL_VOLATILE,0.7369261589805141,,,,False
2018-03-21,BULL_CALM,BULL_VOLATILE,BULL_VOLATILE,0.7611136182314,,,,False
2018-03-22,BEAR,BULL_CALM,BULL_VOLATILE,0.5,,,,True
2018-03-23,BEAR,BEAR,BEAR,0.5,,,,True
2018-03-26,BEAR,BEAR,BEAR,0.5,,,,True
2018-03-27,BEAR,BEAR,BEAR,1.0,,,,False
2018-03-28,BEAR,BEAR,BEAR,1.0,,,,False
2018-03-29,BEAR,BEAR,BEAR,1.0,,,,False
2018-04-02,BEAR,BEAR,BEAR,1.0,,,,False
2018-04-03,BEAR,BEAR,BEAR,1.0,,,,False
2018-04-04,BULL_CALM,BEAR,BEAR,0.5,,,,True
2018-04-05,BULL_CALM,BULL_VOLATILE,BULL_VOLATILE,0.5,,,,True
2018-04-06,BEAR,BULL_VOLATILE,BULL_VOLATILE,0.5,,,,True
2018-04-09,BULL_CALM,BEAR,BEAR,0.5,,,,True
2018-04-10,BULL_CALM,BULL_VOLATILE,BULL_VOLATILE,0.5,,,,True
2018-04-11,BULL_CALM,BULL_VOLATILE,BULL_VOLATILE,0.5,,,,True
2018-04-12,BULL_CALM,BULL_VOLATILE,BULL_VOLATILE,0.6973843149328299,,,,False
2018-04-13,BULL_CALM,BULL_VOLATILE,BULL_VOLATILE,0.6750396492977172,,,,False
2018-04-16,BULL_CALM,BULL_VOLATILE,BULL_VOLATILE,0.6655138130224297,,,,False
2018-04-17,BULL_CALM,BULL_VOLATILE,BULL_VOLATILE,0.6694159433713829,,,,False
2018-04-18,BULL_CALM,BULL_VOLATILE,BULL_VOLATILE,0.6509526926654254,,,,False
2018-04-19,BULL_CALM,BULL_VOLATILE,BULL_VOLATILE,0.6490789403973505,,,,False
2018-04-20,BULL_CALM,BULL_VOLATILE,BULL_VOLATILE,0.6467101766380433,,,,False
2018-04-23,BULL_CALM,BULL_VOLATILE,BULL_VOLATILE,0.6263099585752147,,,,False
2018-04-24,BULL_CALM,BULL_VOLATILE,BULL_VOLATILE,0.6242387512470302,,,,False
2018-04-25,BULL_CALM,BULL_VOLATILE,BULL_VOLATILE,0.6362056950703363,,,,False
2018-04-26,BULL_CALM,BULL_CALM,BULL_VOLATILE,0.6174631857570471,,,,False
2018-04-27,BULL_CALM,BULL_CALM,BULL_VOLATILE,0.6513022583455813,,,,False
2018-04-30,BULL_CALM,BULL_CALM,BULL_VOLATILE,0.6476942189963721,,,,False
2018-05-01,BULL_CALM,BULL_CALM,BULL_VOLATILE,0.6126951507010431,,,,False
2018-05-02,BULL_CALM,BULL_CALM,BULL_VOLATILE,0.6202327301410144,,,,False
2018-05-03,BULL_CALM,BULL_VOLATILE,BULL_VOLATILE,0.6082039937703174,,,,False
2018-05-04,BULL_CALM,BULL_VOLATILE,BULL_VOLATILE,0.5766393471300327,,,,False
2018-05-07,BULL_CALM,BULL_CALM,BULL_VOLATILE,0.5195707704482424,,,,False
2018-05-08,BULL_CALM,BULL_CALM,BULL_VOLATILE,0.5750413479331948,,,,False
2018-05-09,BULL_CALM,BULL_CALM,BULL_VOLATILE,0.5629054830367541,,,,False
2018-05-10,BULL_CALM,BULL_CALM,BULL_VOLATILE,0.5668509120254916,,,,False
2018-05-11,BULL_CALM,BULL_CALM,BULL_VOLATILE,0.5514529171109563,,,,False
2018-05-14,BULL_CALM,BULL_CALM,BULL_VOLATILE,0.5193556343290573,,,,False
2018-05-15,BULL_CALM,BULL_CALM,BULL_VOLATILE,0.5071776248279573,,,,False
2018-05-16,BULL_CALM,BULL_CALM,BULL_VOLATILE,0.5105820271619255,,,,False
2018-05-17,BULL_CALM,BULL_CALM,BULL_VOLATILE,0.5207723206913336,,,,False
2018-05-18,BULL_CALM,BULL_CALM,BULL_VOLATILE,0.5188268252279071,,,,False
2018-05-21,BULL_CALM,BULL_CALM,BULL_VOLATILE,0.5360348878106224,,,,False
2018-05-22,BULL_CALM,BULL_CALM,BULL_VOLATILE,0.5392785304610702,,,,False
2018-05-23,BULL_CALM,BULL_CALM,BULL_VOLATILE,0.55419238199235,,,,False
2018-05-24,BULL_CALM,BULL_CALM,BULL_VOLATILE,0.5396967616611236,,,,False
2018-05-25,BULL_CALM,BULL_CALM,BULL_VOLATILE,0.5598077794716675,,,,False
2018-05-29,BULL_CALM,BULL_CALM,BULL_VOLATILE,0.5832435610020126,,,,False
2018-05-30,BULL_CALM,BULL_CALM,BULL_VOLATILE,0.6057501004819125,,,,False
2018-05-31,BULL_CALM,BULL_CALM,BULL_VOLATILE,0.6390578344974461,,,,False
2018-06-01,BULL_CALM,BULL_CALM,BULL_VOLATILE,0.6448531767352184,,,,False
2018-06-04,BULL_CALM,BULL_CALM,BULL_VOLATILE,0.6396607398817454,,,,False
2018-06-05,BULL_CALM,BULL_CALM,BULL_VOLATILE,0.6468486761448543,,,,False
2018-06-06,BULL_CALM,BULL_CALM,BULL_VOLATILE,0.6285537458969058,,,,False
2018-06-07,BULL_CALM,BULL_CALM,BULL_VOLATILE,0.6304835426683623,,,,False
2018-06-08,BULL_CALM,BULL_CALM,BULL_VOLATILE,0.6106306292581765,,,,False
2018-06-11,BULL_CALM,BULL_CALM,BULL_VOLATILE,0.6448103214132512,,,,False
2018-06-12,BULL_CALM,BULL_CALM,BULL_VOLATILE,0.6132159520170927,,,,False
2018-06-13,BULL_CALM,BULL_CALM,BULL_VOLATILE,0.6084978553105747,,,,False
2018-06-14,BULL_CALM,BULL_CALM,BULL_VOLATILE,0.591990677518282,,,,False
2018-06-15,BULL_CALM,BULL_CALM,BULL_VOLATILE,0.5943116288627837,,,,False
2018-06-18,BULL_CALM,BULL_CALM,BULL_VOLATILE,0.5453265303729965,,,,False
2018-06-19,BULL_CALM,BULL_CALM,BULL_VOLATILE,0.5746212434267735,,,,False
2018-06-20,BULL_CALM,BULL_CALM,BULL_VOLATILE,0.5695272187363343,,,,False
2018-06-21,BULL_CALM,BULL_CALM,BULL_VOLATILE,0.5299809800190625,,,,False
2018-06-22,BULL_CALM,BULL_CALM,BULL_VOLATILE,0.9018273325847154,,,,False
2018-06-25,BULL_CALM,BULL_CALM,BULL_VOLATILE,0.5848823795928758,,,,False
2018-06-26,BULL_CALM,BULL_VOLATILE,BULL_VOLATILE,0.5602392048799223,,,,False
2018-06-27,BULL_CALM,BULL_CALM,BULL_VOLATILE,0.5817048823662883,,,,False
2018-06-28,BULL_CALM,BULL_VOLATILE,BULL_VOLATILE,0.5960148036006525,,,,False
2018-06-29,BULL_CALM,BULL_VOLATILE,BULL_VOLATILE,0.6517369618007927,,,,False
2018-07-02,BULL_CALM,BULL_VOLATILE,BULL_VOLATILE,0.6448671865056715,,,,False
2018-07-03,BULL_CALM,BULL_VOLATILE,BULL_VOLATILE,0.6525591266786603,,,,False
2018-07-05,BULL_CALM,BULL_VOLATILE,BULL_VOLATILE,0.644307728578252,,,,False
2018-07-06,BULL_CALM,BULL_VOLATILE,BULL_VOLATILE,0.7616850603426122,,,,False
2018-07-09,BULL_CALM,BULL_VOLATILE,BULL_VOLATILE,0.7507163030690738,,,,False
2018-07-10,BULL_CALM,BULL_VOLATILE,BULL_VOLATILE,0.704189203899536,,,,False
2018-07-11,BULL_CALM,BULL_CALM,BULL_VOLATILE,0.7369198309015703,,,,False
2018-07-12,BULL_CALM,BULL_VOLATILE,BULL_VOLATILE,0.6986177166158735,,,,False
2018-07-13,BULL_CALM,BULL_CALM,BULL_VOLATILE,0.7392809647311462,,,,False
2018-07-16,BULL_CALM,BULL_CALM,BULL_VOLATILE,0.7089752487410883,,,,False
2018-07-17,BULL_CALM,BULL_CALM,BULL_VOLATILE,0.7269569291653654,,,,False
2018-07-18,BULL_CALM,BULL_CALM,BULL_VOLATILE,0.7364854224803041,,,,False
2018-07-19,BULL_CALM,BULL_CALM,BULL_VOLATILE,0.739570075517289,,,,False
2018-07-20,BULL_CALM,BULL_CALM,BULL_VOLATILE,0.7189704036096898,,,,False
2018-07-23,BULL_CALM,BULL_CALM,BULL_VOLATILE,0.7222084387400383,,,,False
2018-07-24,BULL_CALM,BULL_CALM,BULL_VOLATILE,0.7113850758572149,,,,False
2018-07-25,BULL_CALM,BULL_CALM,BULL_VOLATILE,0.7157391800027656,,,,False
2018-07-26,BULL_CALM,BULL_CALM,BULL_VOLATILE,0.7385373598673628,,,,False
2018-07-27,BULL_CALM,BULL_CALM,BULL_VOLATILE,0.7151574637224591,,,,False
2018-07-30,BULL_CALM,BULL_CALM,BULL_VOLATILE,0.7194078910102648,,,,False
2018-07-31,BULL_CALM,BULL_CALM,BULL_VOLATILE,0.7221371452824746,,,,False
2018-08-01,BULL_CALM,BULL_CALM,BULL_VOLATILE,0.7789034596590687,,,,False
2018-08-02,BULL_CALM,BULL_CALM,BULL_VOLATILE,0.779165439928916,,,,False
2018-08-03,BULL_CALM,BULL_CALM,BULL_VOLATILE,0.7337516765144846,,,,False
2018-08-06,BULL_CALM,BULL_CALM,BULL_VOLATILE,0.7121901659676617,,,,False
2018-08-07,BULL_CALM,BULL_CALM,BULL_VOLATILE,0.6960531385265726,,,,False
2018-08-08,BULL_CALM,BULL_CALM,BULL_VOLATILE,0.6779902979792358,,,,False
2018-08-09,BULL_CALM,BULL_CALM,BULL_VOLATILE,0.6872265074937692,,,,False
2018-08-10,BULL_CALM,BULL_CALM,BULL_VOLATILE,0.6803056270926855,,,,False
2018-08-13,BULL_CALM,BULL_CALM,BULL_VOLATILE,0.6728594012704117,,,,False
2018-08-14,BULL_CALM,BULL_CALM,BULL_VOLATILE,0.6345183599264254,,,,False
2018-08-15,BULL_CALM,BULL_CALM,BULL_VOLATILE,0.6580830060432714,,,,False
2018-08-16,BULL_CALM,BULL_CALM,BULL_VOLATILE,0.6523994530681338,,,,False
2018-08-17,BULL_CALM,BULL_CALM,BULL_VOLATILE,0.6303000657132041,,,,False
2018-08-20,BULL_CALM,BULL_CALM,BULL_VOLATILE,0.6748102349064167,,,,False
2018-08-21,BULL_CALM,BULL_CALM,BULL_VOLATILE,0.6499900331571462,,,,False
2018-08-22,BULL_CALM,BULL_CALM,BULL_VOLATILE,0.6443872589459293,,,,False
2018-08-23,BULL_CALM,BULL_CALM,BULL_VOLATILE,0.6310903621993623,,,,False
2018-08-24,BULL_CALM,BULL_CALM,BULL_VOLATILE,0.6309904570323008,,,,False
2018-08-27,BULL_CALM,BULL_CALM,BULL_VOLATILE,0.6756357062260965,,,,False
2018-08-28,BULL_CALM,BULL_CALM,BULL_VOLATILE,0.6567749032203174,,,,False
2018-08-29,BULL_CALM,BULL_CALM,BULL_VOLATILE,0.7066116763865976,,,,False
2018-08-30,BULL_CALM,BULL_CALM,BULL_VOLATILE,0.695116932201541,,,,False
2018-08-31,BULL_CALM,BULL_CALM,BULL_VOLATILE,0.6664659330438181,,,,False
2018-09-04,BULL_CALM,BULL_CALM,BULL_VOLATILE,0.6714047126466743,,,,False
2018-09-05,BULL_CALM,BULL_CALM,BULL_VOLATILE,0.657748671543629,,,,False
2018-09-06,BULL_CALM,BULL_CALM,BULL_VOLATILE,0.6610240665185988,,,,False
2018-09-07,BULL_CALM,BULL_CALM,BULL_VOLATILE,0.6622972767010141,,,,False
2018-09-10,BULL_CALM,BULL_CALM,BULL_VOLATILE,0.6753044695773136,,,,False
2018-09-11,BULL_CALM,BULL_CALM,BULL_VOLATILE,0.6837106523157712,,,,False
2018-09-12,BULL_CALM,BULL_CALM,BULL_VOLATILE,0.6895927248645737,,,,False
2018-09-13,BULL_CALM,BULL_CALM,BULL_VOLATILE,0.7013943817217863,,,,False
2018-09-14,BULL_CALM,BULL_CALM,BULL_VOLATILE,0.6835502639177595,,,,False
2018-09-17,BULL_CALM,BULL_CALM,BULL_VOLATILE,0.6770619136947525,,,,False
2018-09-18,BULL_CALM,BULL_CALM,BULL_VOLATILE,0.652077086890321,,,,False
2018-09-19,BULL_CALM,BULL_CALM,BULL_VOLATILE,0.6635197164187954,,,,False
2018-09-20,BULL_CALM,BULL_CALM,BULL_VOLATILE,0.611002120375575,,,,False
2018-09-21,BULL_CALM,BULL_CALM,BULL_VOLATILE,0.614221088130432,,,,False
2018-09-24,BULL_CALM,BULL_CALM,BULL_VOLATILE,0.5611454352442349,,,,False
2018-09-25,BULL_CALM,BULL_CALM,BULL_VOLATILE,0.5713639619006778,,,,False
2018-09-26,BULL_CALM,BULL_CALM,BULL_VOLATILE,0.5866994880588419,,,,False
2018-09-27,BULL_CALM,BULL_VOLATILE,BULL_VOLATILE,0.5892497602337664,,,,False
2018-09-28,BULL_CALM,BULL_VOLATILE,BULL_VOLATILE,0.6004841884619248,,,,False
2018-10-01,BULL_CALM,BULL_CALM,BULL_VOLATILE,0.6073977493334781,,,,False
2018-10-02,BULL_CALM,BULL_CALM,BULL_VOLATILE,0.640375773860097,,,,False
2018-10-03,BULL_CALM,BULL_CALM,BULL_VOLATILE,0.5911684133734912,,,,False
2018-10-04,BULL_CALM,BULL_CALM,BULL_VOLATILE,0.557131854131333,,,,False
2018-10-05,BULL_CALM,BULL_CALM,BULL_VOLATILE,0.5360392485838031,,,,False
2018-10-08,BULL_CALM,BULL_CALM,BULL_VOLATILE,0.5295979494279348,,,,False
2018-10-09,BULL_CALM,BULL_VOLATILE,BULL_VOLATILE,0.5686997893010224,,,,False
2018-10-10,BEAR,BULL_VOLATILE,BULL_VOLATILE,0.5,,,,True
2018-10-11,BEAR,BEAR,BEAR,0.5,,,,True
2018-10-12,BEAR,BEAR,BEAR,0.5,,,,True
2018-10-15,BEAR,BEAR,BEAR,1.0,,,,False
2018-10-16,BEAR,BEAR,BEAR,1.0,,,,False
2018-10-17,BEAR,BEAR,BEAR,1.0,,,,False
2018-10-18,BEAR,BEAR,BEAR,0.6046287709501277,,,,False
2018-10-19,BEAR,BULL_VOLATILE,BULL_VOLATILE,0.6048429997457619,,,,False
2018-10-22,BEAR,BULL_VOLATILE,BULL_VOLATILE,0.5921452901733691,,,,False
2018-10-23,BEAR,BULL_VOLATILE,BULL_VOLATILE,0.6203025669843327,,,,False
2018-10-24,BEAR,BULL_VOLATILE,BULL_VOLATILE,1.0,,,,False
2018-10-25,BEAR,BEAR,BEAR,1.0,,,,False
2018-10-26,BEAR,BEAR,BEAR,1.0,,,,False
2018-10-29,BEAR,BEAR,BEAR,1.0,,,,False
2018-10-30,BEAR,BEAR,BEAR,1.0,,,,False
2018-10-31,BEAR,BEAR,BEAR,0.6427613339007519,,,,False
2018-11-01,BEAR,BULL_VOLATILE,BULL_VOLATILE,0.6581489108618016,,,,False
2018-11-02,BEAR,BULL_VOLATILE,BULL_VOLATILE,0.6581161563522874,,,,False
2018-11-05,BEAR,BULL_VOLATILE,BULL_VOLATILE,0.6705066588825951,,,,False
2018-11-06,BEAR,BULL_VOLATILE,BULL_VOLATILE,0.6456571238675985,,,,False
2018-11-07,BULL_CALM,BULL_VOLATILE,BULL_VOLATILE,0.5,,,,True
2018-11-08,BULL_CALM,BULL_VOLATILE,BULL_VOLATILE,0.5,,,,True
2018-11-09,BULL_CALM,BULL_VOLATILE,BULL_VOLATILE,0.5,,,,True
2018-11-12,BEAR,BULL_VOLATILE,BULL_VOLATILE,0.5,,,,True
2018-11-13,BEAR,CHOPPY,CHOPPY,0.5,,,,True
2018-11-14,BEAR,BULL_VOLATILE,BULL_VOLATILE,0.5,,,,True
2018-11-15,BEAR,BULL_VOLATILE,BULL_VOLATILE,0.5458609165535354,,,,False
2018-11-16,BEAR,BULL_VOLATILE,BULL_VOLATILE,0.5447805862570565,,,,False
2018-11-19,BEAR,BULL_VOLATILE,BULL_VOLATILE,0.5297558611969557,,,,False
2018-11-20,BEAR,BULL_VOLATILE,BULL_VOLATILE,0.5288168108898091,,,,False
2018-11-21,BEAR,BULL_VOLATILE,BULL_VOLATILE,0.5368655769775182,,,,False
2018-11-23,BEAR,BULL_VOLATILE,BULL_VOLATILE,0.5128556755627395,,,,False
2018-11-26,BEAR,BULL_VOLATILE,BULL_VOLATILE,0.5844531841651686,,,,False
2018-11-27,BEAR,BULL_VOLATILE,BULL_VOLATILE,0.5854997196633878,,,,False
2018-11-28,BEAR,BULL_VOLATILE,BULL_VOLATILE,0.6536712507175849,,,,False
2018-11-29,BEAR,BULL_VOLATILE,BULL_VOLATILE,0.6413126326362215,,,,False
2018-11-30,BEAR,BULL_VOLATILE,BULL_VOLATILE,0.6464914811988816,,,,False
2018-12-03,BULL_CALM,BULL_VOLATILE,BULL_VOLATILE,0.5,,,,True
2018-12-04,BEAR,BULL_VOLATILE,BULL_VOLATILE,0.5,,,,True
2018-12-06,BEAR,BEAR,BEAR,0.5,,,,True
2018-12-07,BEAR,BEAR,BEAR,1.0,,,,False
2018-12-10,BEAR,BEAR,BEAR,1.0,,,,False
2018-12-11,BEAR,BEAR,BEAR,1.0,,,,False
2018-12-12,BEAR,BEAR,BEAR,0.6158354449101044,,,,False
2018-12-13,BEAR,BULL_VOLATILE,BULL_VOLATILE,0.611435116941796,,,,False
2018-12-14,BEAR,BULL_VOLATILE,BULL_VOLATILE,0.5969400637929162,,,,False
2018-12-17,BEAR,BULL_VOLATILE,BULL_VOLATILE,0.5964660520161604,,,,False
2018-12-18,BEAR,BULL_VOLATILE,BULL_VOLATILE,0.5736437384079258,,,,False
2018-12-19,BEAR,BULL_VOLATILE,BULL_VOLATILE,1.0,,,,False
2018-12-20,BEAR,BEAR,BEAR,1.0,,,,False
2018-12-21,BEAR,BEAR,BEAR,1.0,,,,False
2018-12-24,BEAR,BEAR,BEAR,1.0,,,,False
2018-12-26,BEAR,BEAR,BEAR,1.0,,,,False
2018-12-27,BEAR,BEAR,BEAR,1.0,,,,False
2018-12-28,BEAR,BEAR,BEAR,1.0,,,,False
2018-12-31,BEAR,BEAR,BEAR,1.0,,,,False
2019-01-02,BEAR,BEAR,BEAR,1.0,,,,False
2019-01-03,BEAR,BEAR,BEAR,1.0,,,,False
2019-01-04,BEAR,BEAR,BEAR,1.0,,,,False
2019-01-07,BEAR,BEAR,BEAR,1.0,,,,False
2019-01-08,BEAR,BEAR,BEAR,1.0,,,,False
2019-01-09,BEAR,BEAR,BEAR,1.0,,,,False
2019-01-10,BEAR,BEAR,BEAR,0.6813870337826416,,,,False
2019-01-11,BEAR,BULL_VOLATILE,BULL_VOLATILE,0.7043361514428172,,,,False
2019-01-14,BEAR,BULL_VOLATILE,BULL_VOLATILE,0.7238778817183991,,,,False
2019-01-15,BEAR,BULL_VOLATILE,BULL_VOLATILE,0.747159412568299,,,,False
2019-01-16,BEAR,BULL_VOLATILE,BULL_VOLATILE,0.7427735109064169,,,,False
2019-01-17,BULL_CALM,BULL_VOLATILE,BULL_VOLATILE,0.5,,,,True
2019-01-18,BULL_CALM,BULL_VOLATILE,BULL_VOLATILE,0.5,,,,True
2019-01-22,BULL_CALM,BULL_VOLATILE,BULL_VOLATILE,0.5,,,,True
2019-01-23,BULL_CALM,BULL_VOLATILE,BULL_VOLATILE,0.7515088146004099,,,,False
2019-01-24,BULL_CALM,BULL_VOLATILE,BULL_VOLATILE,0.7478559446220151,,,,False
2019-01-25,BULL_CALM,BULL_VOLATILE,BULL_VOLATILE,0.7244651011350892,,,,False
2019-01-28,BULL_CALM,BULL_CALM,BULL_CALM,0.7534180007534285,,,,False
2019-01-29,BULL_CALM,BULL_VOLATILE,BULL_VOLATILE,0.7329667903478164,,,,False
2019-01-30,BULL_CALM,BULL_CALM,BULL_CALM,0.7521902247178582,,,,False
2019-01-31,BULL_CALM,BULL_CALM,BULL_CALM,0.7506729214711048,,,,False
2019-02-01,BULL_CALM,BULL_CALM,BULL_CALM,0.7226505155915686,,,,False
2019-02-04,BULL_CALM,BULL_CALM,BULL_CALM,0.6924769411619611,,,,False
2019-02-05,BULL_CALM,BULL_CALM,BULL_CALM,0.6794392937522219,,,,False
2019-02-06,BULL_CALM,BULL_CALM,BULL_CALM,0.6742212102239509,,,,False
2019-02-07,BULL_CALM,BULL_CALM,BULL_CALM,0.6643607981339192,,,,False
2019-02-08,BULL_CALM,BULL_CALM,BULL_CALM,0.6760058464080709,,,,False
2019-02-11,BULL_CALM,BULL_CALM,BULL_CALM,0.7071747599101584,,,,False
2019-02-12,BULL_CALM,BULL_CALM,BULL_CALM,0.6819590512376503,,,,False
2019-02-13,BULL_CALM,BULL_CALM,BULL_CALM,0.6787591776709081,,,,False
2019-02-14,BULL_CALM,BULL_CALM,BULL_CALM,0.6678393142984682,,,,False
2019-02-15,BULL_CALM,BULL_CALM,BULL_CALM,0.6719886029613862,,,,False
2019-02-19,BULL_CALM,BULL_CALM,BULL_CALM,0.6786061374867414,,,,False
2019-02-20,BULL_CALM,BULL_CALM,BULL_CALM,0.6832015238821372,,,,False
2019-02-21,BULL_CALM,BULL_CALM,BULL_CALM,0.6673755181270986,,,,False
2019-02-22,BULL_CALM,BULL_CALM,BULL_CALM,0.6775891761747893,,,,False
2019-02-25,BULL_CALM,BULL_CALM,BULL_CALM,0.700849053521464,,,,False
2019-02-26,BULL_CALM,BULL_CALM,BULL_CALM,0.6896714501032308,,,,False
2019-02-27,BULL_CALM,BULL_CALM,BULL_CALM,0.6999791028445654,,,,False
2019-02-28,BULL_CALM,BULL_CALM,BULL_CALM,0.6748143802829376,,,,False
2019-03-01,BULL_CALM,BULL_CALM,BULL_CALM,0.6583260495669065,,,,False
2019-03-04,BULL_CALM,BULL_CALM,BULL_CALM,0.6411633453235732,,,,False
2019-03-05,BULL_CALM,BULL_CALM,BULL_CALM,0.6436391762044997,,,,False
2019-03-06,BULL_CALM,BULL_CALM,BULL_CALM,0.643186734696007,,,,False
2019-03-07,BULL_CALM,BULL_CALM,BULL_CALM,0.6337720444195886,,,,False
2019-03-08,BULL_CALM,BULL_CALM,BULL_CALM,0.6428155800978074,,,,False
2019-03-11,BULL_CALM,BULL_CALM,BULL_CALM,0.6436801277445348,,,,False
2019-03-12,BULL_CALM,BULL_CALM,BULL_VOLATILE,0.666046163801495,,,,False
2019-03-13,BULL_CALM,BULL_CALM,BULL_VOLATILE,0.6637672974229447,,,,False
2019-03-14,BULL_CALM,BULL_CALM,BULL_VOLATILE,0.6690675743075749,,,,False
2019-03-15,BULL_CALM,BULL_CALM,BULL_VOLATILE,0.6982842678156873,,,,False
2019-03-18,BULL_CALM,BULL_CALM,BULL_VOLATILE,0.7041480892999019,,,,False
2019-03-19,BULL_CALM,BULL_CALM,BULL_VOLATILE,0.6732526074494756,,,,False
2019-03-20,BULL_CALM,BULL_CALM,BULL_VOLATILE,0.6299361426424523,,,,False
2019-03-21,BULL_CALM,BULL_CALM,BULL_VOLATILE,0.6205573096185412,,,,False
2019-03-22,BULL_CALM,BULL_CALM,BULL_VOLATILE,0.5752293341345807,,,,False
2019-03-25,BULL_CALM,BULL_VOLATILE,BULL_VOLATILE,0.5284369926951045,,,,False
2019-03-26,BULL_CALM,BULL_VOLATILE,BULL_VOLATILE,0.8334826269029311,,,,False
2019-03-27,BULL_CALM,BULL_CALM,BULL_VOLATILE,0.6990563146303183,,,,False
2019-03-28,BULL_CALM,BULL_CALM,BULL_VOLATILE,0.5419020637850771,,,,False
2019-03-29,BULL_CALM,BULL_CALM,BULL_VOLATILE,0.5394467171847961,,,,False
2019-04-01,BULL_CALM,BULL_CALM,BULL_VOLATILE,0.5374494517598085,,,,False
2019-04-02,BULL_CALM,BULL_CALM,BULL_VOLATILE,0.5658710796964568,,,,False
2019-04-03,BULL_CALM,BULL_CALM,BULL_VOLATILE,0.5556728753679929,,,,False
2019-04-04,BULL_CALM,BULL_CALM,BULL_VOLATILE,0.5711250391393591,,,,False
2019-04-05,BULL_CALM,BULL_CALM,BULL_VOLATILE,0.5515569823671751,,,,False
2019-04-08,BULL_CALM,BULL_CALM,BULL_VOLATILE,0.5155508148365224,,,,False
2019-04-09,BULL_CALM,BULL_CALM,BULL_VOLATILE,0.5042608992582642,,,,False
2019-04-10,BULL_CALM,BULL_CALM,BULL_VOLATILE,0.991328482857272,,,,False
2019-04-11,BULL_CALM,BULL_CALM,BULL_VOLATILE,0.9787058181598243,,,,False
2019-04-12,BULL_CALM,BULL_CALM,BULL_VOLATILE,0.9780543870777186,,,,False
2019-04-15,BULL_CALM,BULL_CALM,BULL_VOLATILE,0.9991653709007428,,,,False
2019-04-16,BULL_CALM,BULL_CALM,BULL_VOLATILE,0.9993007497043039,,,,False
2019-04-17,BULL_CALM,BULL_CALM,BULL_VOLATILE,0.9950942750835464,,,,False
2019-04-18,BULL_CALM,BULL_CALM,BULL_VOLATILE,0.9937571388542374,,,,False
2019-04-22,BULL_CALM,BULL_CALM,BULL_VOLATILE,0.9997316062387125,,,,False
2019-04-23,BULL_CALM,BULL_CALM,BULL_VOLATILE,0.9999036993700042,,,,False
2019-04-24,BULL_CALM,BULL_CALM,BULL_VOLATILE,0.9999730856882381,,,,False
2019-04-25,BULL_CALM,BULL_CALM,BULL_VOLATILE,0.9999125891500907,,,,False
2019-04-26,BULL_CALM,BULL_CALM,BULL_VOLATILE,0.5024776294539232,,,,False
2019-04-29,BULL_CALM,BULL_CALM,BULL_VOLATILE,0.9999969081210546,,,,False
2019-04-30,BULL_CALM,BULL_CALM,BULL_VOLATILE,0.5111815576758856,,,,False
2019-05-01,BULL_CALM,BULL_CALM,BULL_VOLATILE,0.9999771213804608,,,,False
2019-05-02,BULL_CALM,BULL_CALM,BULL_VOLATILE,0.999994083353291,,,,False
2019-05-03,BULL_CALM,BULL_CALM,BULL_VOLATILE,0.9999962192929835,,,,False
2019-05-06,BULL_CALM,BULL_CALM,BULL_VOLATILE,0.5048973127129207,,,,False
2019-05-07,CHOPPY,BULL_CALM,BULL_VOLATILE,0.5,,,,True
2019-05-08,CHOPPY,CHOPPY,CHOPPY,0.5,,,,True
2019-05-09,CHOPPY,CHOPPY,CHOPPY,0.5,,,,True
2019-05-10,BULL_CALM,CHOPPY,CHOPPY,0.5,,,,True
2019-05-13,BEAR,BULL_VOLATILE,BULL_VOLATILE,0.5,,,,True
2019-05-14,BULL_CALM,BEAR,BEAR,0.5,,,,True
2019-05-15,CHOPPY,BULL_VOLATILE,BULL_VOLATILE,0.5,,,,True
2019-05-16,CHOPPY,CHOPPY,CHOPPY,0.5,,,,True
2019-05-17,CHOPPY,CHOPPY,CHOPPY,0.5,,,,True
2019-05-20,BULL_CALM,CHOPPY,CHOPPY,0.5,,,,True
2019-05-21,BULL_CALM,BULL_VOLATILE,BULL_VOLATILE,0.5,,,,True
2019-05-22,BULL_CALM,BULL_VOLATILE,BULL_VOLATILE,0.5,,,,True
2019-05-23,BULL_CALM,BULL_VOLATILE,BULL_VOLATILE,0.5439804566414245,,,,False
2019-05-24,BULL_CALM,BULL_VOLATILE,BULL_VOLATILE,0.5468932643251319,,,,False
2019-05-28,BULL_CALM,BULL_VOLATILE,BULL_VOLATILE,0.5332811005013053,,,,False
2019-05-29,BULL_CALM,BULL_VOLATILE,BULL_VOLATILE,0.5165547354913064,,,,False
2019-05-30,BULL_VOLATILE,BULL_VOLATILE,BULL_VOLATILE,0.5,,,,True
2019-05-31,BEAR,BULL_VOLATILE,BULL_VOLATILE,0.5,,,,True
2019-06-03,BULL_VOLATILE,BULL_VOLATILE,BULL_VOLATILE,0.5,,,,True
2019-06-04,BULL_VOLATILE,BULL_VOLATILE,BULL_VOLATILE,0.997311874450335,,,,False
2019-06-05,CHOPPY,BULL_VOLATILE,BULL_VOLATILE,0.5,,,,True
2019-06-06,CHOPPY,CHOPPY,CHOPPY,0.5,,,,True
2019-06-07,BULL_VOLATILE,CHOPPY,CHOPPY,0.5,,,,True
2019-06-10,BULL_VOLATILE,BULL_CALM,BULL_VOLATILE,0.9753441025895089,,,,False
2019-06-11,BULL_VOLATILE,BULL_CALM,BULL_VOLATILE,0.7725950294120753,,,,False
2019-06-12,BULL_VOLATILE,BULL_CALM,BULL_VOLATILE,0.7810512427409627,,,,False
2019-06-13,BULL_VOLATILE,BULL_CALM,BULL_VOLATILE,0.6708453448422568,,,,False
2019-06-14,BULL_CALM,BULL_CALM,BULL_VOLATILE,0.5,,,,True
2019-06-17,BULL_VOLATILE,BULL_CALM,BULL_VOLATILE,0.5,,,,True
2019-06-18,BULL_CALM,BULL_CALM,BULL_VOLATILE,0.5,,,,True
2019-06-19,BULL_CALM,BULL_CALM,BULL_VOLATILE,0.5115160576487418,,,,False
2019-06-20,BULL_CALM,BULL_CALM,BULL_VOLATILE,0.5633766662459511,,,,False
2019-06-21,BULL_CALM,BULL_CALM,BULL_VOLATILE,0.5635041182077423,,,,False
2019-06-24,BULL_CALM,BULL_CALM,BULL_VOLATILE,0.5735491802470107,,,,False
2019-06-25,BULL_CALM,BULL_CALM,BULL_VOLATILE,0.6069469678207834,,,,False
2019-06-26,BULL_CALM,BULL_CALM,BULL_VOLATILE,0.6151560205660302,,,,False
2019-06-27,BULL_CALM,BULL_CALM,BULL_VOLATILE,0.599208978679413,,,,False
2019-06-28,BULL_CALM,BULL_CALM,BULL_VOLATILE,0.5847065927372515,,,,False
2019-07-01,BULL_CALM,BULL_CALM,BULL_VOLATILE,0.5935852051271662,,,,False
2019-07-02,BULL_CALM,BULL_CALM,BULL_VOLATILE,0.6186134285116653,,,,False
2019-07-03,BULL_CALM,BULL_CALM,BULL_VOLATILE,0.6443053081269667,,,,False
2019-07-05,BULL_CALM,BULL_CALM,BULL_VOLATILE,0.6688968122362895,,,,False
2019-07-08,BULL_CALM,BULL_CALM,BULL_VOLATILE,0.6896167278568186,,,,False
2019-07-09,BULL_CALM,BULL_CALM,BULL_VOLATILE,0.7043431035593073,,,,False
2019-07-10,BULL_CALM,BULL_CALM,BULL_VOLATILE,0.7257818862193175,,,,False
2019-07-11,BULL_CALM,BULL_CALM,BULL_VOLATILE,0.729388234601571,,,,False
2019-07-12,BULL_CALM,BULL_CALM,BULL_VOLATILE,0.7186333124326003,,,,False
2019-07-15,BULL_CALM,BULL_CALM,BULL_VOLATILE,0.6961172272635862,,,,False
2019-07-16,BULL_CALM,BULL_CALM,BULL_VOLATILE,0.6879729283367725,,,,False
2019-07-17,BULL_CALM,BULL_CALM,BULL_VOLATILE,0.673636709403919,,,,False
2019-07-18,BULL_CALM,BULL_CALM,BULL_VOLATILE,0.677464503817224,,,,False
2019-07-19,BULL_CALM,BULL_CALM,BULL_VOLATILE,0.6516465507568947,,,,False
2019-07-22,BULL_CALM,BULL_CALM,BULL_VOLATILE,0.6198326029537782,,,,False
2019-07-23,BULL_CALM,BULL_CALM,BULL_VOLATILE,0.5869761011164868,,,,False
2019-07-24,BULL_CALM,BULL_CALM,BULL_VOLATILE,0.5887588869011096,,,,False
2019-07-25,BULL_CALM,BULL_CALM,BULL_VOLATILE,0.5776585247070878,,,,False
2019-07-26,BULL_CALM,BULL_CALM,BULL_VOLATILE,0.5699199927403693,,,,False
2019-07-29,BULL_CALM,BULL_CALM,BULL_VOLATILE,0.5690214848596409,,,,False
2019-07-30,BULL_CALM,BULL_CALM,BULL_VOLATILE,0.5587967521926025,,,,False
2019-07-31,BULL_CALM,BULL_CALM,BULL_VOLATILE,0.5913874677200632,,,,False
2019-08-01,BULL_CALM,BULL_CALM,BULL_VOLATILE,0.6011003094851951,,,,False
2019-08-02,BULL_CALM,BULL_CALM,BULL_CALM,0.5739616260346313,,,,False
2019-08-05,BEAR,BULL_CALM,BULL_CALM,0.5,,,,True
2019-08-06,BEAR,BEAR,BEAR,0.5,,,,True
2019-08-07,BEAR,BEAR,BEAR,0.5,,,,True
2019-08-08,BEAR,BEAR,BEAR,1.0,,,,False
2019-08-09,BEAR,BEAR,BEAR,1.0,,,,False
2019-08-12,BULL_CALM,BEAR,BEAR,0.5,,,,True
2019-08-13,BULL_CALM,BULL_VOLATILE,BULL_VOLATILE,0.5,,,,True
2019-08-14,BEAR,BULL_VOLATILE,BULL_VOLATILE,0.5,,,,True
2019-08-15,BEAR,BEAR,BEAR,1.0,,,,False
2019-08-16,BEAR,BEAR,BEAR,1.0,,,,False
2019-08-19,BEAR,BEAR,BEAR,1.0,,,,False
2019-08-20,BEAR,BEAR,BEAR,1.0,,,,False
2019-08-21,BULL_CALM,BEAR,BEAR,0.5,,,,True
2019-08-22,BULL_CALM,BULL_VOLATILE,BULL_VOLATILE,0.5,,,,True
2019-08-23,BULL_CALM,BULL_VOLATILE,BULL_VOLATILE,0.5,,,,True
2019-08-26,BULL_CALM,BULL_VOLATILE,BULL_VOLATILE,0.6784959086771503,,,,False
2019-08-27,BULL_CALM,BULL_VOLATILE,BULL_VOLATILE,0.6424876106679336,,,,False
2019-08-28,BULL_CALM,BULL_VOLATILE,BULL_VOLATILE,0.6406192537399963,,,,False
2019-08-29,BEAR,BULL_VOLATILE,BULL_VOLATILE,0.5,,,,True
2019-08-30,BULL_CALM,BEAR,BEAR,0.5,,,,True
2019-09-03,BULL_CALM,BULL_VOLATILE,BULL_VOLATILE,0.5,,,,True
2019-09-04,BULL_CALM,BULL_VOLATILE,BULL_VOLATILE,0.5471829411662457,,,,False
2019-09-05,BULL_CALM,BULL_VOLATILE,BULL_VOLATILE,0.5387579572769943,,,,False
2019-09-06,BULL_CALM,BULL_VOLATILE,BULL_VOLATILE,0.5253243775319135,,,,False
2019-09-09,BULL_CALM,BULL_VOLATILE,BULL_VOLATILE,0.5040883365217466,,,,False
2019-09-10,BULL_VOLATILE,BULL_VOLATILE,BULL_VOLATILE,0.5,,,,True
2019-09-11,BULL_VOLATILE,BULL_VOLATILE,BULL_VOLATILE,0.5,,,,True
2019-09-12,BULL_VOLATILE,BULL_VOLATILE,BULL_VOLATILE,0.5,,,,True
2019-09-13,BULL_VOLATILE,BULL_CALM,BULL_VOLATILE,0.8340065660611706,,,,False
2019-09-16,BULL_VOLATILE,BULL_CALM,BULL_VOLATILE,0.6628720776587358,,,,False
2019-09-17,BULL_VOLATILE,BULL_CALM,BULL_VOLATILE,0.7514588947277552,,,,False
2019-09-18,BULL_CALM,BULL_CALM,BULL_VOLATILE,0.5,,,,True
2019-09-19,BULL_CALM,BULL_CALM,BULL_VOLATILE,0.5,,,,True
2019-09-20,BULL_CALM,BULL_CALM,BULL_VOLATILE,0.5,,,,True
2019-09-23,BULL_CALM,BULL_CALM,BULL_VOLATILE,0.5317854884225387,,,,False
2019-09-24,BULL_CALM,BULL_CALM,BULL_VOLATILE,0.5459890725034718,,,,False
2019-09-25,BULL_CALM,BULL_CALM,BULL_VOLATILE,0.5641591839064961,,,,False
2019-09-26,BULL_CALM,BULL_CALM,BULL_VOLATILE,0.551794107677079,,,,False
2019-09-27,BULL_CALM,BULL_CALM,BULL_VOLATILE,0.5380311741271419,,,,False
2019-09-30,BULL_CALM,BULL_CALM,BULL_VOLATILE,0.5493160391323926,,,,False
2019-10-01,BULL_CALM,BULL_CALM,BULL_VOLATILE,0.5513941756427428,,,,False
2019-10-02,BULL_CALM,BULL_CALM,BULL_VOLATILE,0.5266569292812516,,,,False
2019-10-03,BULL_CALM,BULL_VOLATILE,BULL_VOLATILE,0.5471038392159357,,,,False
2019-10-04,BULL_CALM,BULL_VOLATILE,BULL_VOLATILE,0.5474615737114559,,,,False
2019-10-07,BULL_CALM,BULL_VOLATILE,BULL_VOLATILE,0.5425443694033216,,,,False
2019-10-08,BULL_CALM,BULL_VOLATILE,BULL_VOLATILE,0.5430702009011371,,,,False
2019-10-09,BULL_CALM,BULL_VOLATILE,BULL_VOLATILE,0.552215843678503,,,,False
2019-10-10,BULL_CALM,BULL_VOLATILE,BULL_VOLATILE,0.5733480879221595,,,,False
2019-10-11,BULL_CALM,BULL_VOLATILE,BULL_VOLATILE,0.5673422782738844,,,,False
2019-10-14,BULL_CALM,BULL_VOLATILE,BULL_VOLATILE,0.5642030050802841,,,,False
2019-10-15,BULL_CALM,BULL_VOLATILE,BULL_VOLATILE,0.5646475214395422,,,,False
2019-10-16,BULL_CALM,BULL_VOLATILE,BULL_VOLATILE,0.5618095417216553,,,,False
2019-10-17,BULL_CALM,BULL_VOLATILE,BULL_VOLATILE,0.5837965468079112,,,,False
2019-10-18,BULL_CALM,BULL_VOLATILE,BULL_VOLATILE,0.5724731845726311,,,,False
2019-10-21,BULL_CALM,BULL_VOLATILE,BULL_VOLATILE,0.5763914635409968,,,,False
2019-10-22,BULL_CALM,BULL_CALM,BULL_VOLATILE,0.5813305932037399,,,,False
2019-10-23,BULL_CALM,BULL_CALM,BULL_VOLATILE,0.5585247903510728,,,,False
2019-10-24,BULL_CALM,BULL_CALM,BULL_VOLATILE,0.5598233414207815,,,,False
2019-10-25,BULL_CALM,BULL_CALM,BULL_VOLATILE,0.5572134527845592,,,,False
2019-10-28,BULL_CALM,BULL_CALM,BULL_VOLATILE,0.5575580146683767,,,,False
2019-10-29,BULL_CALM,BULL_CALM,BULL_VOLATILE,0.5065900961667837,,,,False
2019-10-30,BULL_CALM,BULL_CALM,BULL_VOLATILE,0.8999461507569958,,,,False
2019-10-31,BULL_CALM,BULL_CALM,BULL_VOLATILE,0.8959093702476106,,,,False
2019-11-01,BULL_CALM,BULL_CALM,BULL_VOLATILE,0.5505527481904644,,,,False
2019-11-04,BULL_CALM,BULL_CALM,BULL_VOLATILE,0.525049052135696,,,,False
2019-11-05,BULL_CALM,BULL_CALM,BULL_VOLATILE,0.5301441648048292,,,,False
2019-11-06,BULL_CALM,BULL_CALM,BULL_VOLATILE,0.5166014597374291,,,,False
2019-11-07,BULL_CALM,BULL_CALM,BULL_VOLATILE,0.9982297231374997,,,,False
2019-11-08,BULL_CALM,BULL_CALM,BULL_VOLATILE,0.9999958693084509,,,,False
2019-11-11,BULL_CALM,BULL_CALM,BULL_VOLATILE,0.9999994616852688,,,,False
2019-11-12,BULL_CALM,BULL_CALM,BULL_VOLATILE,0.5187445108595844,,,,False
2019-11-13,BULL_CALM,BULL_CALM,BULL_VOLATILE,0.9999947855999115,,,,False
2019-11-14,BULL_CALM,BULL_CALM,BULL_VOLATILE,0.5518271812679767,,,,False
2019-11-15,BULL_CALM,BULL_CALM,BULL_VOLATILE,0.5975075427674864,,,,False
2019-11-18,BULL_CALM,BULL_CALM,BULL_VOLATILE,0.5595283410319314,,,,False
2019-11-19,BULL_CALM,BULL_CALM,BULL_VOLATILE,0.6073898420020596,,,,False
2019-11-20,BULL_CALM,BULL_CALM,BULL_VOLATILE,0.5905109187221264,,,,False
2019-11-21,BULL_CALM,BULL_CALM,BULL_VOLATILE,0.6037356239848455,,,,False
2019-11-22,BULL_CALM,BULL_CALM,BULL_VOLATILE,0.6250895675859774,,,,False
2019-11-25,BULL_CALM,BULL_CALM,BULL_VOLATILE,0.6230931969132102,,,,False
2019-11-26,BULL_CALM,BULL_CALM,BULL_VOLATILE,0.5831853740221873,,,,False
2019-11-27,BULL_CALM,BULL_CALM,BULL_VOLATILE,0.564242090790891,,,,False
2019-11-29,BULL_CALM,BULL_CALM,BULL_VOLATILE,0.5602869514706945,,,,False
2019-12-02,BULL_CALM,BULL_CALM,BULL_VOLATILE,0.5800674602005984,,,,False
2019-12-03,BULL_CALM,BULL_CALM,BULL_VOLATILE,0.5573868526999354,,,,False
2019-12-04,BULL_CALM,BULL_CALM,BULL_VOLATILE,0.5068516039134273,,,,False
2019-12-05,BULL_CALM,BULL_CALM,BULL_VOLATILE,0.9781552279396332,,,,False
2019-12-06,BULL_CALM,BULL_CALM,BULL_VOLATILE,0.5316603595562844,,,,False
2019-12-09,BULL_CALM,BULL_CALM,BULL_VOLATILE,0.5398806314325906,,,,False
2019-12-10,BULL_CALM,BULL_CALM,BULL_VOLATILE,0.5219423437790159,,,,False
2019-12-11,BULL_CALM,BULL_CALM,BULL_VOLATILE,0.531592667375467,,,,False
2019-12-12,BULL_CALM,BULL_CALM,BULL_VOLATILE,0.5361681828166371,,,,False
2019-12-13,BULL_CALM,BULL_CALM,BULL_VOLATILE,0.5289340854005794,,,,False
2019-12-16,BULL_CALM,BULL_CALM,BULL_VOLATILE,0.552532456312407,,,,False
2019-12-17,BULL_CALM,BULL_CALM,BULL_VOLATILE,0.5666852190526582,,,,False
2019-12-18,BULL_CALM,BULL_CALM,BULL_VOLATILE,0.5803226758934698,,,,False
2019-12-19,BULL_CALM,BULL_CALM,BULL_VOLATILE,0.5448738267295428,,,,False
2019-12-20,BULL_CALM,BULL_CALM,BULL_VOLATILE,0.546624035287223,,,,False
2019-12-23,BULL_CALM,BULL_CALM,BULL_VOLATILE,0.553958943810353,,,,False
2019-12-24,BULL_CALM,BULL_CALM,BULL_VOLATILE,0.5588555529504776,,,,False
2019-12-26,BULL_CALM,BULL_CALM,BULL_VOLATILE,0.5505654917110714,,,,False
2019-12-27,BULL_CALM,BULL_CALM,BULL_VOLATILE,0.534834901873478,,,,False
2019-12-30,BULL_CALM,BULL_CALM,BULL_VOLATILE,0.5519573233560517,,,,False
2019-12-31,BULL_CALM,BULL_CALM,BULL_VOLATILE,0.9907779233814279,,,,False
2020-01-02,BULL_CALM,BULL_CALM,BULL_VOLATILE,0.9903739044434382,,,,False
2020-01-03,BULL_CALM,BULL_CALM,BULL_VOLATILE,0.5094481513518664,,,,False
2020-01-06,BULL_CALM,BULL_CALM,BULL_VOLATILE,0.5699160120481171,,,,False
2020-01-07,BULL_CALM,BULL_CALM,BULL_VOLATILE,0.5391938461365556,,,,False
2020-01-08,BULL_CALM,BULL_CALM,BULL_VOLATILE,0.605329575033646,,,,False
2020-01-09,BULL_CALM,BULL_CALM,BULL_VOLATILE,0.5256557482300808,,,,False
2020-01-10,BULL_CALM,BULL_CALM,BULL_VOLATILE,0.9999634118274894,,,,False
2020-01-13,BULL_CALM,BULL_CALM,BULL_VOLATILE,0.9999999986814896,,,,False
2020-01-14,BULL_CALM,BULL_CALM,BULL_VOLATILE,0.9999999970803621,,,,False
2020-01-15,BULL_CALM,BULL_CALM,BULL_VOLATILE,0.9999999929996559,,,,False
2020-01-16,BULL_CALM,BULL_CALM,BULL_VOLATILE,0.9999999665397714,,,,False
2020-01-17,BULL_CALM,BULL_CALM,BULL_VOLATILE,0.9999999963660009,,,,False
2020-01-21,BULL_CALM,BULL_CALM,BULL_VOLATILE,0.9999995088991009,,,,False
2020-01-22,BULL_CALM,BULL_CALM,BULL_VOLATILE,0.5036028982656782,,,,False
2020-01-23,BULL_CALM,BULL_CALM,BULL_VOLATILE,0.5031142694920282,,,,False
2020-01-24,BULL_CALM,BULL_CALM,BULL_VOLATILE,0.514675532160678,,,,False
2020-01-27,BULL_CALM,BULL_CALM,BULL_VOLATILE,0.5134415722516739,,,,False
2020-01-28,CHOPPY,BULL_CALM,BULL_VOLATILE,0.5,,,,True
2020-01-29,CHOPPY,CHOPPY,CHOPPY,0.5,,,,True
2020-01-30,CHOPPY,CHOPPY,CHOPPY,0.5,,,,True
2020-01-31,CHOPPY,CHOPPY,CHOPPY,0.0,,,,False
2020-02-03,CHOPPY,CHOPPY,CHOPPY,0.0,,,,False
2020-02-04,CHOPPY,CHOPPY,CHOPPY,0.0,,,,False
2020-02-05,BULL_CALM,CHOPPY,CHOPPY,0.5,,,,True
2020-02-06,BULL_CALM,BULL_CALM,BULL_VOLATILE,0.5,,,,True
2020-02-07,BULL_CALM,BULL_CALM,BULL_VOLATILE,0.5,,,,True
2020-02-10,BULL_CALM,BULL_CALM,BULL_VOLATILE,0.5325990623360392,,,,False
2020-02-11,BULL_CALM,BULL_CALM,BULL_VOLATILE,0.5392627152571694,,,,False
2020-02-12,BULL_CALM,BULL_CALM,BULL_VOLATILE,0.5473573258609593,,,,False
2020-02-13,BULL_CALM,BULL_CALM,BULL_VOLATILE,0.5397260986869584,,,,False
2020-02-14,BULL_CALM,BULL_CALM,BULL_VOLATILE,0.5569545135940005,,,,False
2020-02-18,BULL_CALM,BULL_CALM,BULL_VOLATILE,0.5643723049112231,,,,False
2020-02-19,BULL_CALM,BULL_CALM,BULL_VOLATILE,0.5610176688505042,,,,False
2020-02-20,BULL_CALM,BULL_CALM,BULL_VOLATILE,0.571491871626336,,,,False
2020-02-21,BULL_CALM,BULL_CALM,BULL_VOLATILE,0.5719360568135803,,,,False
2020-02-24,BEAR,BULL_CALM,BULL_VOLATILE,0.5,,,,True
2020-02-25,BEAR,BEAR,BEAR,0.5,,,,True
2020-02-26,BEAR,BEAR,BEAR,0.5,,,,True
2020-02-27,BEAR,BEAR,BEAR,1.0,,,,False
2020-02-28,BEAR,BEAR,BEAR,1.0,,,,False
2020-03-02,BEAR,BEAR,BEAR,1.0,,,,False
2020-03-03,BEAR,BEAR,BEAR,1.0,,,,False
2020-03-04,BEAR,BEAR,BEAR,1.0,,,,False
2020-03-05,BEAR,BEAR,BEAR,1.0,,,,False
2020-03-06,BEAR,BEAR,BEAR,1.0,,,,False
2020-03-09,BEAR,BEAR,BEAR,1.0,,,,False
2020-03-10,BEAR,BEAR,BEAR,1.0,,,,False
2020-03-11,BEAR,BEAR,BEAR,1.0,,,,False
2020-03-12,BEAR,BEAR,BEAR,1.0,,,,False
2020-03-13,BEAR,BEAR,BEAR,1.0,,,,False
2020-03-16,BEAR,BEAR,BEAR,1.0,,,,False
2020-03-17,BEAR,BEAR,BEAR,1.0,,,,False
2020-03-18,BEAR,BEAR,BEAR,1.0,,,,False
2020-03-19,BEAR,BEAR,BEAR,1.0,,,,False
2020-03-20,BEAR,BEAR,BEAR,1.0,,,,False
2020-03-23,BEAR,BEAR,BEAR,1.0,,,,False
2020-03-24,BEAR,BEAR,BEAR,1.0,,,,False
2020-03-25,BEAR,BEAR,BEAR,1.0,,,,False
2020-03-26,BEAR,BEAR,BEAR,1.0,,,,False
2020-03-27,BEAR,BEAR,BEAR,1.0,,,,False
2020-03-30,BEAR,BEAR,BEAR,1.0,,,,False
2020-03-31,BEAR,BEAR,BEAR,1.0,,,,False
2020-04-01,BEAR,BEAR,BEAR,1.0,,,,False
2020-04-02,BEAR,BEAR,BEAR,1.0,,,,False
2020-04-03,BEAR,BEAR,BEAR,1.0,,,,False
2020-04-06,BEAR,BEAR,BEAR,1.0,,,,False
2020-04-07,BEAR,BEAR,BEAR,1.0,,,,False
2020-04-08,BEAR,BEAR,BEAR,1.0,,,,False
2020-04-09,BEAR,BEAR,BEAR,1.0,,,,False
2020-04-13,BEAR,BEAR,BEAR,1.0,,,,False
2020-04-14,BEAR,BEAR,BEAR,1.0,,,,False
2020-04-15,BEAR,BEAR,BEAR,1.0,,,,False
2020-04-16,BEAR,BEAR,BEAR,1.0,,,,False
2020-04-17,BEAR,BEAR,BEAR,1.0,,,,False
2020-04-20,BEAR,BEAR,BEAR,1.0,,,,False
2020-04-21,BEAR,BEAR,BEAR,1.0,,,,False
2020-04-22,BEAR,BEAR,BEAR,1.0,,,,False
2020-04-23,BEAR,BEAR,BEAR,1.0,,,,False
2020-04-24,BEAR,BEAR,BEAR,1.0,,,,False
2020-04-27,BEAR,BEAR,BEAR,1.0,,,,False
2020-04-28,BEAR,BEAR,BEAR,1.0,,,,False
2020-04-29,BEAR,BEAR,BEAR,1.0,,,,False
2020-04-30,BEAR,BEAR,BEAR,1.0,,,,False
2020-05-01,BEAR,BEAR,BEAR,1.0,,,,False
2020-05-04,BEAR,BEAR,BEAR,1.0,,,,False
2020-05-05,BEAR,BEAR,BEAR,1.0,,,,False
2020-05-06,BULL_CALM,BEAR,BEAR,0.5,,,,True
2020-05-07,BULL_VOLATILE,BULL_VOLATILE,BULL_VOLATILE,0.5,,,,True
2020-05-08,BULL_VOLATILE,BULL_VOLATILE,BULL_VOLATILE,0.5,,,,True
2020-05-11,BULL_VOLATILE,BULL_VOLATILE,BULL_VOLATILE,0.9999492105519802,,,,False
2020-05-12,BULL_VOLATILE,BULL_VOLATILE,BULL_VOLATILE,0.999935097786611,,,,False
2020-05-13,BEAR,BULL_VOLATILE,BULL_VOLATILE,0.5,,,,True
2020-05-14,BEAR,BEAR,BEAR,0.5,,,,True
2020-05-15,BULL_VOLATILE,BEAR,BEAR,0.5,,,,True
2020-05-18,BEAR,BULL_VOLATILE,BULL_VOLATILE,0.5,,,,True
2020-05-19,BEAR,BEAR,BEAR,0.5,,,,True
2020-05-20,BULL_VOLATILE,BEAR,BEAR,0.5,,,,True
2020-05-21,BEAR,BULL_VOLATILE,BULL_VOLATILE,0.5,,,,True
2020-05-22,BEAR,BEAR,BEAR,0.5,,,,True
2020-05-26,BULL_VOLATILE,BEAR,BEAR,0.5,,,,True
2020-05-27,BULL_VOLATILE,BULL_VOLATILE,BULL_VOLATILE,0.9956708059402438,,,,False
2020-05-28,BULL_CALM,BULL_VOLATILE,BULL_VOLATILE,0.5,,,,True
2020-05-29,BULL_CALM,BULL_VOLATILE,BULL_VOLATILE,0.5,,,,True
2020-06-01,BULL_VOLATILE,BULL_VOLATILE,BULL_VOLATILE,0.5,,,,True
2020-06-02,BULL_CALM,BULL_VOLATILE,BULL_VOLATILE,0.5,,,,True
2020-06-03,BULL_CALM,BULL_VOLATILE,BULL_VOLATILE,0.5,,,,True
2020-06-04,BULL_VOLATILE,BULL_VOLATILE,BULL_VOLATILE,0.5,,,,True
2020-06-05,BULL_VOLATILE,BULL_VOLATILE,BULL_VOLATILE,0.9990900597197296,,,,False
2020-06-08,BULL_VOLATILE,BULL_VOLATILE,BULL_VOLATILE,0.9451707559114977,,,,False
2020-06-09,BULL_CALM,BULL_VOLATILE,BULL_VOLATILE,0.5,,,,True
2020-06-10,BULL_CALM,BULL_VOLATILE,BULL_VOLATILE,0.5,,,,True
2020-06-11,BEAR,BULL_VOLATILE,BULL_VOLATILE,0.5,,,,True
2020-06-12,BEAR,BEAR,BEAR,1.0,,,,False
2020-06-15,BEAR,BEAR,BEAR,1.0,,,,False
2020-06-16,BEAR,BEAR,BEAR,1.0,,,,False
2020-06-17,BEAR,BEAR,BEAR,1.0,,,,False
2020-06-18,BULL_CALM,BEAR,BEAR,0.5,,,,True
2020-06-19,BULL_CALM,BULL_VOLATILE,BULL_VOLATILE,0.5,,,,True
2020-06-22,BULL_CALM,BULL_VOLATILE,BULL_VOLATILE,0.5,,,,True
2020-06-23,BULL_VOLATILE,BULL_VOLATILE,BULL_VOLATILE,0.5,,,,True
2020-06-24,BULL_VOLATILE,BULL_VOLATILE,BULL_VOLATILE,0.5,,,,True
2020-06-25,BULL_CALM,BULL_VOLATILE,BULL_VOLATILE,0.5,,,,True
2020-06-26,BEAR,BULL_VOLATILE,BULL_VOLATILE,0.5,,,,True
2020-06-29,BEAR,BEAR,BEAR,0.5,,,,True
2020-06-30,BEAR,BEAR,BEAR,0.5,,,,True
2020-07-01,BEAR,BEAR,BEAR,1.0,,,,False
2020-07-02,BULL_CALM,BEAR,BEAR,0.5,,,,True
2020-07-06,BULL_CALM,BULL_VOLATILE,BULL_VOLATILE,0.5,,,,True
2020-07-07,BULL_VOLATILE,BULL_VOLATILE,BULL_VOLATILE,0.5,,,,True
2020-07-08,BULL_CALM,BULL_VOLATILE,BULL_VOLATILE,0.5,,,,True
2020-07-09,BULL_VOLATILE,BULL_VOLATILE,BULL_VOLATILE,0.5,,,,True
2020-07-10,BULL_VOLATILE,BULL_VOLATILE,BULL_VOLATILE,0.5,,,,True
2020-07-13,BULL_VOLATILE,BULL_VOLATILE,BULL_VOLATILE,0.9976844285193558,,,,False
2020-07-14,BULL_VOLATILE,BULL_VOLATILE,BULL_VOLATILE,0.9972187771339247,,,,False
2020-07-15,BULL_CALM,BULL_VOLATILE,BULL_VOLATILE,0.5,,,,True
2020-07-16,BULL_VOLATILE,BULL_VOLATILE,BULL_VOLATILE,0.5,,,,True
2020-07-17,BULL_CALM,BULL_VOLATILE,BULL_VOLATILE,0.5,,,,True
2020-07-20,BULL_CALM,BULL_VOLATILE,BULL_VOLATILE,0.5272667204726681,,,,False
2020-07-21,BULL_CALM,BULL_VOLATILE,BULL_VOLATILE,0.6253350871070162,,,,False
2020-07-22,BULL_CALM,BULL_VOLATILE,BULL_VOLATILE,0.5819434951042367,,,,False
2020-07-23,BULL_CALM,BULL_VOLATILE,BULL_VOLATILE,0.601896415077523,,,,False
2020-07-24,BULL_CALM,BULL_CALM,BULL_VOLATILE,0.5943765535236978,,,,False
2020-07-27,BULL_CALM,BULL_CALM,BULL_VOLATILE,0.5767010120687208,,,,False
2020-07-28,BULL_CALM,BULL_CALM,BULL_VOLATILE,0.5699331622040532,,,,False
2020-07-29,BULL_CALM,BULL_CALM,BULL_VOLATILE,0.567412557460906,,,,False
2020-07-30,BULL_CALM,BULL_CALM,BULL_VOLATILE,0.5471240010178638,,,,False
2020-07-31,BULL_CALM,BULL_CALM,BULL_VOLATILE,0.5378610410002821,,,,False
2020-08-03,BULL_CALM,BULL_CALM,BULL_VOLATILE,0.5457301067441966,,,,False
2020-08-04,BULL_CALM,BULL_CALM,BULL_VOLATILE,0.5597677928293784,,,,False
2020-08-05,BULL_CALM,BULL_CALM,BULL_VOLATILE,0.5413119282601556,,,,False
2020-08-06,BULL_CALM,BULL_CALM,BULL_VOLATILE,0.5749137228469047,,,,False
2020-08-07,BULL_CALM,BULL_CALM,BULL_VOLATILE,0.6149586492600247,,,,False
2020-08-10,BULL_CALM,BULL_CALM,BULL_VOLATILE,0.6029955380008756,,,,False
2020-08-11,BULL_CALM,BULL_CALM,BULL_VOLATILE,0.5541151721192072,,,,False
2020-08-12,BULL_CALM,BULL_CALM,BULL_VOLATILE,0.5612981039820403,,,,False
2020-08-13,BULL_CALM,BULL_CALM,BULL_VOLATILE,0.5699207157024521,,,,False
2020-08-14,BULL_CALM,BULL_CALM,BULL_VOLATILE,0.5736170236668803,,,,False
2020-08-17,BULL_CALM,BULL_CALM,BULL_VOLATILE,0.5879444547507491,,,,False
2020-08-18,BULL_CALM,BULL_CALM,BULL_VOLATILE,0.5903498874420549,,,,False
2020-08-19,BULL_CALM,BULL_CALM,BULL_VOLATILE,0.569705069629736,,,,False
2020-08-20,BULL_CALM,BULL_CALM,BULL_VOLATILE,0.5773134576406569,,,,False
2020-08-21,BULL_CALM,BULL_CALM,BULL_VOLATILE,0.5723094973139506,,,,False
2020-08-24,BULL_CALM,BULL_CALM,BULL_VOLATILE,0.5444642895421092,,,,False
2020-08-25,BULL_CALM,BULL_CALM,BULL_VOLATILE,0.5265822850739179,,,,False
2020-08-26,BULL_CALM,BULL_CALM,BULL_VOLATILE,0.5234781194201846,,,,False
2020-08-27,BULL_CALM,BULL_CALM,BULL_VOLATILE,0.5199990473133714,,,,False
2020-08-28,BULL_CALM,BULL_CALM,BULL_VOLATILE,0.5225370232792511,,,,False
2020-08-31,BULL_CALM,BULL_CALM,BULL_VOLATILE,0.5000444935980142,,,,False
2020-09-01,BULL_CALM,BULL_CALM,BULL_VOLATILE,0.999999999999982,,,,False
2020-09-02,BULL_CALM,BULL_CALM,BULL_VOLATILE,0.5047774254383207,,,,False
2020-09-03,BEAR,BULL_CALM,BULL_VOLATILE,0.5,,,,True
2020-09-04,BEAR,BEAR,BEAR,0.5,,,,True
2020-09-08,BEAR,BEAR,BEAR,0.5,,,,True
2020-09-09,BEAR,BEAR,BEAR,1.0,,,,False
2020-09-10,BEAR,BEAR,BEAR,1.0,,,,False
2020-09-11,BEAR,BEAR,BEAR,1.0,,,,False
2020-09-14,BEAR,BEAR,BEAR,1.0,,,,False
2020-09-15,BULL_CALM,BEAR,BEAR,0.5,,,,True
2020-09-16,BULL_CALM,BULL_VOLATILE,BULL_VOLATILE,0.5,,,,True
2020-09-17,BULL_CALM,BULL_VOLATILE,BULL_VOLATILE,0.5,,,,True
2020-09-18,BULL_CALM,BULL_VOLATILE,BULL_VOLATILE,0.5618686528292249,,,,False
2020-09-21,BULL_CALM,BULL_CALM,BULL_CALM,0.6010382896587054,,,,False
2020-09-22,BULL_CALM,BULL_VOLATILE,BULL_VOLATILE,0.6016991179385732,,,,False
2020-09-23,BEAR,BULL_VOLATILE,BULL_VOLATILE,0.5,,,,True
2020-09-24,BULL_CALM,BEAR,BEAR,0.5,,,,True
2020-09-25,BEAR,BULL_VOLATILE,BULL_VOLATILE,0.5,,,,True
2020-09-28,BEAR,BEAR,BEAR,1.0,,,,False
2020-09-29,BEAR,BEAR,BEAR,1.0,,,,False
2020-09-30,BULL_CALM,BEAR,BEAR,0.5,,,,True
2020-10-01,BULL_CALM,BULL_VOLATILE,BULL_VOLATILE,0.5,,,,True
2020-10-02,BULL_CALM,BULL_VOLATILE,BULL_VOLATILE,0.5,,,,True
2020-10-05,BULL_CALM,BULL_VOLATILE,BULL_VOLATILE,0.5907291571756226,,,,False
2020-10-06,BULL_CALM,BULL_VOLATILE,BULL_VOLATILE,0.5803045231299988,,,,False
2020-10-07,BULL_CALM,BULL_VOLATILE,BULL_VOLATILE,0.6078544702719634,,,,False
2020-10-08,BULL_CALM,BULL_VOLATILE,BULL_VOLATILE,0.5770624753831557,,,,False
2020-10-09,BULL_CALM,BULL_VOLATILE,BULL_VOLATILE,0.6192232768007105,,,,False
2020-10-12,BULL_CALM,BULL_VOLATILE,BULL_VOLATILE,0.6181603229173094,,,,False
2020-10-13,BULL_CALM,BULL_VOLATILE,BULL_VOLATILE,0.6181405948357863,,,,False
2020-10-14,BULL_CALM,BULL_VOLATILE,BULL_VOLATILE,0.6195468557228312,,,,False
2020-10-15,BULL_CALM,BULL_VOLATILE,BULL_VOLATILE,0.6234189255861277,,,,False
2020-10-16,BULL_CALM,BULL_VOLATILE,BULL_VOLATILE,0.6248694778979561,,,,False
2020-10-19,BULL_CALM,BULL_VOLATILE,BULL_VOLATILE,0.607304235256418,,,,False
2020-10-20,BULL_CALM,BULL_VOLATILE,BULL_VOLATILE,0.6144640276509733,,,,False
2020-10-21,BULL_CALM,BULL_VOLATILE,BULL_VOLATILE,0.5791769131680271,,,,False
2020-10-22,BULL_CALM,BULL_CALM,BULL_VOLATILE,0.6124848081700975,,,,False
2020-10-23,BULL_CALM,BULL_CALM,BULL_VOLATILE,0.60442879732882,,,,False
2020-10-26,BULL_CALM,BULL_CALM,BULL_VOLATILE,0.6350769505232081,,,,False
2020-10-27,BULL_CALM,BULL_CALM,BULL_VOLATILE,0.6286550086196235,,,,False
2020-10-28,BEAR,BULL_CALM,BULL_VOLATILE,0.5,,,,True
2020-10-29,BEAR,BEAR,BEAR,0.5,,,,True
2020-10-30,BEAR,BEAR,BEAR,0.5,,,,True
2020-11-02,BEAR,BEAR,BEAR,1.0,,,,False
2020-11-03,BEAR,BEAR,BEAR,1.0,,,,False
2020-11-04,BULL_CALM,BEAR,BEAR,0.5,,,,True
2020-11-05,BULL_CALM,BULL_VOLATILE,BULL_VOLATILE,0.5,,,,True
2020-11-06,BULL_CALM,BULL_VOLATILE,BULL_VOLATILE,0.5,,,,True
2020-11-09,BULL_CALM,BULL_VOLATILE,BULL_VOLATILE,0.7343822697863059,,,,False
2020-11-10,BULL_CALM,BULL_VOLATILE,BULL_VOLATILE,0.7466818847753944,,,,False
2020-11-11,BULL_CALM,BULL_VOLATILE,BULL_VOLATILE,0.7453085576884362,,,,False
2020-11-12,BULL_CALM,BULL_VOLATILE,BULL_VOLATILE,0.7608404596899272,,,,False
2020-11-13,BULL_CALM,BULL_VOLATILE,BULL_VOLATILE,0.7573112002350584,,,,False
2020-11-16,BULL_CALM,BULL_VOLATILE,BULL_VOLATILE,0.7522516294189395,,,,False
2020-11-17,BULL_CALM,BULL_VOLATILE,BULL_VOLATILE,0.7683684160448703,,,,False
2020-11-18,BULL_CALM,BULL_VOLATILE,BULL_VOLATILE,0.7750121991784933,,,,False
2020-11-19,BULL_CALM,BULL_VOLATILE,BULL_VOLATILE,0.7608466922956438,,,,False
2020-11-20,BULL_CALM,BULL_VOLATILE,BULL_VOLATILE,0.7494404187766042,,,,False
2020-11-23,BULL_CALM,BULL_VOLATILE,BULL_VOLATILE,0.735355998491252,,,,False
2020-11-24,BULL_CALM,BULL_VOLATILE,BULL_VOLATILE,0.731557680644247,,,,False
2020-11-25,BULL_CALM,BULL_VOLATILE,BULL_VOLATILE,0.7433247568236038,,,,False
2020-11-27,BULL_CALM,BULL_CALM,BULL_VOLATILE,0.7313092931095062,,,,False
2020-11-30,BULL_CALM,BULL_CALM,BULL_VOLATILE,0.7338681833085294,,,,False
2020-12-01,BULL_CALM,BULL_CALM,BULL_VOLATILE,0.7411238958247777,,,,False
2020-12-02,BULL_CALM,BULL_CALM,BULL_VOLATILE,0.7426987354600654,,,,False
2020-12-03,BULL_CALM,BULL_CALM,BULL_VOLATILE,0.7220767868629139,,,,False
2020-12-04,BULL_CALM,BULL_CALM,BULL_VOLATILE,0.7160351007648257,,,,False
2020-12-07,BULL_CALM,BULL_CALM,BULL_VOLATILE,0.7349321737805906,,,,False
2020-12-08,BULL_CALM,BULL_CALM,BULL_VOLATILE,0.7477685627904298,,,,False
2020-12-09,BULL_CALM,BULL_CALM,BULL_VOLATILE,0.7306004784751173,,,,False
2020-12-10,BULL_CALM,BULL_CALM,BULL_VOLATILE,0.7299224084955176,,,,False
2020-12-11,BULL_CALM,BULL_CALM,BULL_VOLATILE,0.7546005907520014,,,,False
2020-12-14,BULL_CALM,BULL_CALM,BULL_VOLATILE,0.777140097866819,,,,False
2020-12-15,BULL_CALM,BULL_CALM,BULL_VOLATILE,0.7553706267658713,,,,False
2020-12-16,BULL_CALM,BULL_CALM,BULL_VOLATILE,0.7361472433922653,,,,False
2020-12-17,BULL_CALM,BULL_CALM,BULL_VOLATILE,0.7255167292192365,,,,False
2020-12-18,BULL_CALM,BULL_CALM,BULL_VOLATILE,0.6970742770249764,,,,False
2020-12-21,BULL_CALM,BULL_CALM,BULL_VOLATILE,0.7204366719437678,,,,False
2020-12-22,BULL_CALM,BULL_CALM,BULL_VOLATILE,0.7070552822722019,,,,False
2020-12-23,BULL_CALM,BULL_CALM,BULL_VOLATILE,0.6826205969896268,,,,False
2020-12-24,BULL_CALM,BULL_CALM,BULL_VOLATILE,0.6735173801964166,,,,False
2020-12-28,BULL_CALM,BULL_CALM,BULL_VOLATILE,0.6509791659900458,,,,False
2020-12-29,BULL_CALM,BULL_CALM,BULL_VOLATILE,0.6577895187361285,,,,False
2020-12-30,BULL_CALM,BULL_CALM,BULL_VOLATILE,0.6345830146898421,,,,False
2020-12-31,BULL_CALM,BULL_CALM,BULL_VOLATILE,0.6401073304818089,,,,False
2021-01-04,BULL_CALM,BULL_CALM,BULL_VOLATILE,0.6500173265786449,,,,False
2021-01-05,BULL_CALM,BULL_CALM,BULL_VOLATILE,0.6187148930495959,,,,False
2021-01-06,BULL_CALM,BULL_CALM,BULL_VOLATILE,0.6871702773651776,,,,False
2021-01-07,BULL_CALM,BULL_CALM,BULL_VOLATILE,0.6477517901038317,,,,False
2021-01-08,BULL_CALM,BULL_CALM,BULL_VOLATILE,0.6420087411991122,,,,False
2021-01-11,BULL_CALM,BULL_CALM,BULL_VOLATILE,0.6529433133060976,,,,False
2021-01-12,BULL_CALM,BULL_CALM,BULL_VOLATILE,0.6656669137251947,,,,False
2021-01-13,BULL_CALM,BULL_CALM,BULL_VOLATILE,0.6480993987226513,,,,False
2021-01-14,BULL_CALM,BULL_CALM,BULL_VOLATILE,0.6449378725587458,,,,False
2021-01-15,BULL_CALM,BULL_CALM,BULL_VOLATILE,0.6269826686445333,,,,False
2021-01-19,BULL_CALM,BULL_CALM,BULL_VOLATILE,0.6378502672620155,,,,False
2021-01-20,BULL_CALM,BULL_CALM,BULL_VOLATILE,0.6045242429117976,,,,False
2021-01-21,BULL_CALM,BULL_CALM,BULL_VOLATILE,0.611988338168088,,,,False
2021-01-22,BULL_CALM,BULL_CALM,BULL_VOLATILE,0.5886564471932846,,,,False
2021-01-25,BULL_CALM,BULL_CALM,BULL_VOLATILE,0.5954592506426263,,,,False
2021-01-26,BULL_CALM,BULL_CALM,BULL_VOLATILE,0.5925891030690936,,,,False
2021-01-27,BULL_CALM,BULL_CALM,BULL_VOLATILE,0.5625679366056312,,,,False
2021-01-28,BULL_CALM,BULL_CALM,BULL_VOLATILE,0.5384573499230494,,,,False
2021-01-29,CHOPPY,BULL_CALM,BULL_VOLATILE,0.5,,,,True
2021-02-01,BEAR,CHOPPY,CHOPPY,0.5,,,,True
2021-02-02,BEAR,BEAR,BEAR,0.5,,,,True
2021-02-03,BULL_CALM,BEAR,BEAR,0.5,,,,True
2021-02-04,BULL_VOLATILE,BULL_CALM,BULL_VOLATILE,0.5,,,,True
2021-02-05,BULL_VOLATILE,BULL_CALM,BULL_VOLATILE,0.5,,,,True
2021-02-08,BULL_VOLATILE,BULL_CALM,BULL_VOLATILE,0.9439887518722828,,,,False
2021-02-09,BULL_VOLATILE,BULL_CALM,BULL_VOLATILE,0.9413822314780315,,,,False
2021-02-10,BULL_VOLATILE,BULL_CALM,BULL_VOLATILE,0.9883781629443055,,,,False
2021-02-11,BULL_VOLATILE,BULL_CALM,BULL_VOLATILE,0.9740569013552443,,,,False
2021-02-12,BULL_VOLATILE,BULL_CALM,BULL_VOLATILE,0.9947217194757785,,,,False
2021-02-16,BULL_VOLATILE,BULL_CALM,BULL_VOLATILE,0.9899617141852386,,,,False
2021-02-17,BULL_VOLATILE,BULL_CALM,BULL_VOLATILE,0.9069033816773433,,,,False
2021-02-18,BULL_CALM,BULL_CALM,BULL_VOLATILE,0.5,,,,True
2021-02-19,BULL_CALM,BULL_CALM,BULL_VOLATILE,0.5,,,,True
2021-02-22,BULL_CALM,BULL_CALM,BULL_VOLATILE,0.5,,,,True
2021-02-23,BULL_CALM,BULL_CALM,BULL_VOLATILE,0.5223284934428493,,,,False
2021-02-24,BULL_CALM,BULL_CALM,BULL_VOLATILE,0.5443957059251003,,,,False
2021-02-25,BULL_CALM,BULL_CALM,BULL_VOLATILE,0.5367700840003371,,,,False
2021-02-26,CHOPPY,BULL_CALM,BULL_VOLATILE,0.5,,,,True
2021-03-01,BEAR,CHOPPY,CHOPPY,0.5,,,,True
2021-03-02,BEAR,BEAR,BEAR,0.5,,,,True
2021-03-03,BEAR,BEAR,BEAR,1.0,,,,False
2021-03-04,CHOPPY,BEAR,BEAR,0.5,,,,True
2021-03-05,BEAR,CHOPPY,CHOPPY,0.5,,,,True
2021-03-08,BULL_CALM,BEAR,BEAR,0.5,,,,True
2021-03-09,CHOPPY,BULL_VOLATILE,BULL_VOLATILE,0.5,,,,True
2021-03-10,BULL_VOLATILE,CHOPPY,CHOPPY,0.5,,,,True
2021-03-11,BULL_CALM,BULL_VOLATILE,BULL_VOLATILE,0.5,,,,True
2021-03-12,BULL_VOLATILE,BULL_VOLATILE,BULL_VOLATILE,0.5,,,,True
2021-03-15,BULL_VOLATILE,BULL_VOLATILE,BULL_VOLATILE,0.5,,,,True
2021-03-16,BULL_VOLATILE,BULL_VOLATILE,BULL_VOLATILE,0.5,,,,True
2021-03-17,BULL_CALM,BULL_VOLATILE,BULL_VOLATILE,0.5,,,,True
2021-03-18,BULL_CALM,BULL_VOLATILE,BULL_VOLATILE,0.5,,,,True
2021-03-19,BULL_CALM,BULL_VOLATILE,BULL_VOLATILE,0.5,,,,True
2021-03-22,BULL_CALM,BULL_VOLATILE,BULL_VOLATILE,0.5584065361708276,,,,False
2021-03-23,BULL_CALM,BULL_VOLATILE,BULL_VOLATILE,0.5570592525636134,,,,False
2021-03-24,BULL_CALM,BULL_VOLATILE,BULL_VOLATILE,0.5512162972548861,,,,False
2021-03-25,BULL_CALM,BULL_VOLATILE,BULL_VOLATILE,0.5604515899894341,,,,False
2021-03-26,BULL_CALM,BULL_CALM,BULL_VOLATILE,0.5697422251315678,,,,False
2021-03-29,BULL_CALM,BULL_CALM,BULL_VOLATILE,0.5721950465212096,,,,False
2021-03-30,BULL_CALM,BULL_CALM,BULL_VOLATILE,0.5588615381795425,,,,False
2021-03-31,BULL_CALM,BULL_CALM,BULL_VOLATILE,0.5464384222906545,,,,False
2021-04-01,BULL_CALM,BULL_CALM,BULL_VOLATILE,0.5760092519375896,,,,False
2021-04-05,BULL_CALM,BULL_CALM,BULL_VOLATILE,0.5586192060404633,,,,False
2021-04-06,BULL_CALM,BULL_CALM,BULL_VOLATILE,0.6314481939632062,,,,False
2021-04-07,BULL_CALM,BULL_CALM,BULL_VOLATILE,0.6015873028101265,,,,False
2021-04-08,BULL_CALM,BULL_CALM,BULL_VOLATILE,0.576371739638692,,,,False
2021-04-09,BULL_CALM,BULL_CALM,BULL_VOLATILE,0.5547626517218118,,,,False
2021-04-12,BULL_CALM,BULL_CALM,BULL_VOLATILE,0.5640469116248786,,,,False
2021-04-13,BULL_CALM,BULL_CALM,BULL_VOLATILE,0.5609377294687437,,,,False
2021-04-14,BULL_CALM,BULL_CALM,BULL_VOLATILE,0.5570406444120627,,,,False
2021-04-15,BULL_CALM,BULL_CALM,BULL_VOLATILE,0.5602524922406898,,,,False
2021-04-16,BULL_CALM,BULL_CALM,BULL_VOLATILE,0.5442117279334228,,,,False
2021-04-19,BULL_CALM,BULL_CALM,BULL_VOLATILE,0.5406842386942758,,,,False
2021-04-20,BULL_CALM,BULL_CALM,BULL_VOLATILE,0.5449500838508184,,,,False
2021-04-21,BULL_CALM,BULL_CALM,BULL_VOLATILE,0.5948110249756992,,,,False
2021-04-22,BULL_CALM,BULL_CALM,BULL_VOLATILE,0.5963321480588729,,,,False
2021-04-23,BULL_CALM,BULL_CALM,BULL_VOLATILE,0.5810307459136587,,,,False
2021-04-26,BULL_CALM,BULL_CALM,BULL_VOLATILE,0.5918225232100323,,,,False
2021-04-27,BULL_CALM,BULL_CALM,BULL_VOLATILE,0.5907721220066068,,,,False
2021-04-28,BULL_CALM,BULL_CALM,BULL_VOLATILE,0.6119424754233946,,,,False
2021-04-29,BULL_CALM,BULL_CALM,BULL_VOLATILE,0.6133355105980389,,,,False
2021-04-30,BULL_CALM,BULL_CALM,BULL_VOLATILE,0.675559411683333,,,,False
2021-05-03,BULL_CALM,BULL_CALM,BULL_VOLATILE,0.6746563980462223,,,,False
2021-05-04,BULL_CALM,BULL_CALM,BULL_VOLATILE,0.6187146440654219,,,,False
2021-05-05,BULL_CALM,BULL_CALM,BULL_VOLATILE,0.6381595461754158,,,,False
2021-05-06,BULL_CALM,BULL_CALM,BULL_VOLATILE,0.5886932048745488,,,,False
2021-05-07,BULL_CALM,BULL_CALM,BULL_VOLATILE,0.6047279507898382,,,,False
2021-05-10,BULL_CALM,BULL_CALM,BULL_VOLATILE,0.576948814289522,,,,False
2021-05-11,BULL_CALM,BULL_CALM,BULL_VOLATILE,0.5907998280640689,,,,False
2021-05-12,BULL_CALM,BULL_CALM,BULL_VOLATILE,0.5763288067469285,,,,False
2021-05-13,BULL_CALM,BULL_VOLATILE,BULL_VOLATILE,0.5644049361312856,,,,False
2021-05-14,CHOPPY,BULL_VOLATILE,BULL_VOLATILE,0.5,,,,True
2021-05-17,CHOPPY,CHOPPY,CHOPPY,0.5,,,,True
2021-05-18,CHOPPY,CHOPPY,CHOPPY,0.5,,,,True
2021-05-19,BULL_CALM,CHOPPY,CHOPPY,0.5,,,,True
2021-05-20,BULL_CALM,BULL_VOLATILE,BULL_VOLATILE,0.5,,,,True
2021-05-21,BULL_CALM,BULL_CALM,BULL_VOLATILE,0.5,,,,True
2021-05-24,BULL_VOLATILE,BULL_VOLATILE,BULL_VOLATILE,0.5,,,,True
2021-05-25,BULL_CALM,BULL_CALM,BULL_VOLATILE,0.5,,,,True
2021-05-26,BULL_VOLATILE,BULL_CALM,BULL_VOLATILE,0.5,,,,True
2021-05-27,BULL_VOLATILE,BULL_CALM,BULL_VOLATILE,0.6719530319062684,,,,False
2021-05-28,BULL_VOLATILE,BULL_VOLATILE,BULL_VOLATILE,0.5751714758220522,,,,False
2021-06-01,BULL_VOLATILE,BULL_CALM,BULL_VOLATILE,0.6001467286080913,,,,False
2021-06-02,BULL_CALM,BULL_CALM,BULL_VOLATILE,0.5,,,,True
2021-06-03,BULL_CALM,BULL_CALM,BULL_VOLATILE,0.5,,,,True
2021-06-04,BULL_CALM,BULL_CALM,BULL_VOLATILE,0.5,,,,True
2021-06-07,BULL_CALM,BULL_CALM,BULL_VOLATILE,0.6047964465906064,,,,False
2021-06-08,BULL_CALM,BULL_VOLATILE,BULL_VOLATILE,0.5973248295053188,,,,False
2021-06-09,BULL_CALM,BULL_CALM,BULL_VOLATILE,0.6032389564709494,,,,False
2021-06-10,BULL_CALM,BULL_CALM,BULL_VOLATILE,0.60974733734659,,,,False
2021-06-11,BULL_CALM,BULL_CALM,BULL_VOLATILE,0.6043685110269155,,,,False
2021-06-14,BULL_CALM,BULL_CALM,BULL_VOLATILE,0.622807296063175,,,,False
2021-06-15,BULL_CALM,BULL_CALM,BULL_VOLATILE,0.6088757049909246,,,,False
2021-06-16,BULL_CALM,BULL_CALM,BULL_VOLATILE,0.609452355300009,,,,False
2021-06-17,BULL_CALM,BULL_CALM,BULL_VOLATILE,0.5631048726178185,,,,False
2021-06-18,BULL_CALM,BULL_CALM,BULL_VOLATILE,0.5291866772290839,,,,False
2021-06-21,BULL_CALM,BULL_VOLATILE,BULL_VOLATILE,0.5836426855383876,,,,False
2021-06-22,CHOPPY,BULL_CALM,BULL_VOLATILE,0.5,,,,True
2021-06-23,CHOPPY,CHOPPY,CHOPPY,0.5,,,,True
2021-06-24,CHOPPY,CHOPPY,CHOPPY,0.5,,,,True
2021-06-25,BULL_CALM,CHOPPY,CHOPPY,0.5,,,,True
2021-06-28,BULL_CALM,BULL_CALM,BULL_VOLATILE,0.5,,,,True
2021-06-29,BULL_CALM,BULL_CALM,BULL_VOLATILE,0.5,,,,True
2021-06-30,BULL_CALM,BULL_CALM,BULL_VOLATILE,0.5630872903584818,,,,False
2021-07-01,BULL_CALM,BULL_CALM,BULL_VOLATILE,0.5679524045096231,,,,False
2021-07-02,BULL_CALM,BULL_CALM,BULL_VOLATILE,0.9297235610185645,,,,False
2021-07-06,BULL_CALM,BULL_CALM,BULL_VOLATILE,0.5106344276004933,,,,False
2021-07-07,BULL_CALM,BULL_CALM,BULL_VOLATILE,0.518069229622799,,,,False
2021-07-08,BULL_CALM,BULL_CALM,BULL_VOLATILE,0.5132683525478587,,,,False
2021-07-09,BULL_CALM,BULL_CALM,BULL_VOLATILE,0.5311358091854698,,,,False
2021-07-12,BULL_CALM,BULL_CALM,BULL_VOLATILE,0.5562295149803468,,,,False
2021-07-13,BULL_CALM,BULL_CALM,BULL_VOLATILE,0.5758258490703863,,,,False
2021-07-14,BULL_CALM,BULL_CALM,BULL_VOLATILE,0.5614970003703165,,,,False
2021-07-15,BULL_CALM,BULL_CALM,BULL_VOLATILE,0.5633308104053265,,,,False
2021-07-16,BULL_CALM,BULL_CALM,BULL_VOLATILE,0.5749840286942703,,,,False
2021-07-19,BULL_CALM,BULL_CALM,BULL_VOLATILE,0.5794379720094391,,,,False
2021-07-20,BULL_CALM,BULL_CALM,BULL_VOLATILE,0.5862789089114404,,,,False
2021-07-21,BULL_CALM,BULL_CALM,BULL_VOLATILE,0.5931549047084822,,,,False
2021-07-22,BULL_CALM,BULL_CALM,BULL_VOLATILE,0.6051127804642207,,,,False
2021-07-23,BULL_CALM,BULL_CALM,BULL_VOLATILE,0.606682807110309,,,,False
2021-07-26,BULL_CALM,BULL_CALM,BULL_VOLATILE,0.6061525733854484,,,,False
2021-07-27,BULL_CALM,BULL_CALM,BULL_VOLATILE,0.6009649609532067,,,,False
2021-07-28,BULL_CALM,BULL_CALM,BULL_VOLATILE,0.5994678990052558,,,,False
2021-07-29,BULL_CALM,BULL_CALM,BULL_VOLATILE,0.5992117792099636,,,,False
2021-07-30,BULL_CALM,BULL_CALM,BULL_VOLATILE,0.6090860394658468,,,,False
2021-08-02,BULL_CALM,BULL_CALM,BULL_VOLATILE,0.589509511675964,,,,False
2021-08-03,BULL_CALM,BULL_CALM,BULL_VOLATILE,0.5925516255366294,,,,False
2021-08-04,BULL_CALM,BULL_CALM,BULL_VOLATILE,0.6047345530893561,,,,False
2021-08-05,BULL_CALM,BULL_CALM,BULL_VOLATILE,0.6171590949206929,,,,False
2021-08-06,BULL_CALM,BULL_CALM,BULL_VOLATILE,0.6634569733000054,,,,False
2021-08-09,BULL_CALM,BULL_CALM,BULL_VOLATILE,0.5923447392710645,,,,False
2021-08-10,BULL_CALM,BULL_CALM,BULL_VOLATILE,0.5484490632399738,,,,False
2021-08-11,BULL_CALM,BULL_CALM,BULL_VOLATILE,0.6107677175981422,,,,False
2021-08-12,BULL_CALM,BULL_CALM,BULL_VOLATILE,0.548207299409088,,,,False
2021-08-13,BULL_CALM,BULL_CALM,BULL_VOLATILE,0.5954862827916751,,,,False
2021-08-16,BULL_CALM,BULL_CALM,BULL_VOLATILE,0.5934680187911243,,,,False
2021-08-17,BULL_CALM,BULL_CALM,BULL_VOLATILE,0.6257835334729611,,,,False
2021-08-18,BULL_CALM,BULL_CALM,BULL_VOLATILE,0.6477559129242475,,,,False
2021-08-19,BULL_CALM,BULL_CALM,BULL_VOLATILE,0.6080193672555596,,,,False
2021-08-20,BULL_CALM,BULL_CALM,BULL_VOLATILE,0.6269831178778253,,,,False
2021-08-23,BULL_CALM,BULL_CALM,BULL_VOLATILE,0.6050072050582644,,,,False
2021-08-24,BULL_CALM,BULL_CALM,BULL_VOLATILE,0.6079376492512722,,,,False
2021-08-25,BULL_CALM,BULL_CALM,BULL_VOLATILE,0.6081750177129414,,,,False
2021-08-26,BULL_CALM,BULL_CALM,BULL_VOLATILE,0.6188349659343749,,,,False
2021-08-27,BULL_CALM,BULL_CALM,BULL_VOLATILE,0.6204417240911452,,,,False
2021-08-30,BULL_CALM,BULL_CALM,BULL_VOLATILE,0.6103059803010134,,,,False
2021-08-31,BULL_CALM,BULL_CALM,BULL_VOLATILE,0.623030638575886,,,,False
2021-09-01,BULL_CALM,BULL_CALM,BULL_VOLATILE,0.6419162980470231,,,,False
2021-09-02,BULL_CALM,BULL_CALM,BULL_VOLATILE,0.6582000502933458,,,,False
2021-09-03,BULL_CALM,BULL_CALM,BULL_VOLATILE,0.6384828025495813,,,,False
2021-09-07,BULL_CALM,BULL_CALM,BULL_VOLATILE,0.6362429176362393,,,,False
2021-09-08,BULL_CALM,BULL_CALM,BULL_VOLATILE,0.6368984793944694,,,,False
2021-09-09,BULL_CALM,BULL_CALM,BULL_VOLATILE,0.6224461810712395,,,,False
2021-09-10,BULL_CALM,BULL_CALM,BULL_VOLATILE,0.6216497793614612,,,,False
2021-09-13,BULL_CALM,BULL_CALM,BULL_VOLATILE,0.5925374493935431,,,,False
2021-09-14,BULL_CALM,BULL_CALM,BULL_VOLATILE,0.5706861036735429,,,,False
2021-09-15,BULL_CALM,BULL_VOLATILE,BULL_VOLATILE,0.5431952343024248,,,,False
2021-09-16,BULL_CALM,BULL_CALM,BULL_VOLATILE,0.5316261003199961,,,,False
2021-09-17,BULL_CALM,BULL_CALM,BULL_VOLATILE,0.6068687393827321,,,,False
2021-09-20,BULL_CALM,BULL_CALM,BULL_VOLATILE,0.6004449514268723,,,,False
2021-09-21,BULL_CALM,BULL_VOLATILE,BULL_VOLATILE,0.5700659080739192,,,,False
2021-09-22,BULL_CALM,BULL_VOLATILE,BULL_VOLATILE,0.5612586258376159,,,,False
2021-09-23,CHOPPY,BULL_VOLATILE,BULL_VOLATILE,0.5,,,,True
2021-09-24,CHOPPY,CHOPPY,CHOPPY,0.5,,,,True
2021-09-27,BULL_CALM,CHOPPY,CHOPPY,0.5,,,,True
2021-09-28,BULL_CALM,BULL_VOLATILE,BULL_VOLATILE,0.5797713403147062,,,,False
2021-09-29,BULL_CALM,BULL_VOLATILE,BULL_VOLATILE,0.5877458843520287,,,,False
2021-09-30,BULL_CALM,BULL_VOLATILE,BULL_VOLATILE,0.5933821555019557,,,,False
2021-10-01,BULL_CALM,BULL_VOLATILE,BULL_VOLATILE,0.5940924007781134,,,,False
2021-10-04,BULL_CALM,BULL_VOLATILE,BULL_VOLATILE,0.5883617548877713,,,,False
2021-10-05,BULL_CALM,BULL_VOLATILE,BULL_VOLATILE,0.5949667969869843,,,,False
2021-10-06,BULL_CALM,BULL_VOLATILE,BULL_VOLATILE,0.6266533647229421,,,,False
2021-10-07,BULL_CALM,BULL_VOLATILE,BULL_VOLATILE,0.6387336306692535,,,,False
2021-10-08,BULL_CALM,BULL_VOLATILE,BULL_VOLATILE,0.6449987238704582,,,,False
2021-10-11,BULL_CALM,BULL_VOLATILE,BULL_VOLATILE,0.6000360019409963,,,,False
2021-10-12,BULL_CALM,BULL_VOLATILE,BULL_VOLATILE,0.6064393147202749,,,,False
2021-10-13,BULL_CALM,BULL_VOLATILE,BULL_VOLATILE,0.5680768680287982,,,,False
2021-10-14,BULL_CALM,BULL_VOLATILE,BULL_VOLATILE,0.5431175043893061,,,,False
2021-10-15,BULL_CALM,BULL_VOLATILE,BULL_VOLATILE,0.6207246459619393,,,,False
2021-10-18,BULL_CALM,BULL_CALM,BULL_VOLATILE,0.5501011067778571,,,,False
2021-10-19,BULL_VOLATILE,BULL_CALM,BULL_VOLATILE,0.5,,,,True
2021-10-20,BULL_CALM,BULL_CALM,BULL_VOLATILE,0.5,,,,True
2021-10-21,BULL_CALM,BULL_CALM,BULL_VOLATILE,0.5,,,,True
2021-10-22,BULL_CALM,BULL_CALM,BULL_VOLATILE,0.7894216805517758,,,,False
2021-10-25,BULL_VOLATILE,BULL_CALM,BULL_VOLATILE,0.5,,,,True
2021-10-26,BULL_CALM,BULL_CALM,BULL_VOLATILE,0.5,,,,True
2021-10-27,BULL_VOLATILE,BULL_CALM,BULL_VOLATILE,0.5,,,,True
2021-10-28,BULL_CALM,BULL_CALM,BULL_VOLATILE,0.5,,,,True
2021-10-29,BULL_CALM,BULL_CALM,BULL_VOLATILE,0.5,,,,True
2021-11-01,BULL_CALM,BULL_CALM,BULL_VOLATILE,0.5,,,,True
2021-11-02,BULL_CALM,BULL_CALM,BULL_VOLATILE,0.9927519414558074,,,,False
2021-11-03,BULL_CALM,BULL_CALM,BULL_VOLATILE,0.5446683271556892,,,,False
2021-11-04,BULL_CALM,BULL_CALM,BULL_VOLATILE,0.5576884871795842,,,,False
2021-11-05,BULL_CALM,BULL_CALM,BULL_VOLATILE,0.5666313818703227,,,,False
2021-11-08,BULL_CALM,BULL_CALM,BULL_VOLATILE,0.5782808586669436,,,,False
2021-11-09,BULL_CALM,BULL_CALM,BULL_VOLATILE,0.5997713167241779,,,,False
2021-11-10,BULL_CALM,BULL_CALM,BULL_VOLATILE,0.6140605831751972,,,,False
2021-11-11,BULL_CALM,BULL_CALM,BULL_VOLATILE,0.6158060745633553,,,,False
2021-11-12,BULL_CALM,BULL_CALM,BULL_VOLATILE,0.6227770243187564,,,,False
2021-11-15,BULL_CALM,BULL_CALM,BULL_VOLATILE,0.6115670224338563,,,,False
2021-11-16,BULL_CALM,BULL_CALM,BULL_VOLATILE,0.6217203976576233,,,,False
2021-11-17,BULL_CALM,BULL_CALM,BULL_VOLATILE,0.6014286460507073,,,,False
2021-11-18,BULL_CALM,BULL_CALM,BULL_VOLATILE,0.5451315338429735,,,,False
2021-11-19,BULL_CALM,BULL_CALM,BULL_VOLATILE,0.5134181855225398,,,,False
2021-11-22,BULL_CALM,BULL_CALM,BULL_VOLATILE,0.5121751589903888,,,,False
2021-11-23,BULL_CALM,BULL_CALM,BULL_VOLATILE,0.9999952777369919,,,,False
2021-11-24,BULL_CALM,BULL_CALM,BULL_VOLATILE,0.5404592012796423,,,,False
2021-11-26,BULL_CALM,BULL_CALM,BULL_VOLATILE,0.5096944214297366,,,,False
2021-11-29,CHOPPY,BULL_CALM,BULL_VOLATILE,0.5,,,,True
2021-11-30,CHOPPY,CHOPPY,CHOPPY,0.5,,,,True
2021-12-01,BULL_CALM,CHOPPY,CHOPPY,0.5,,,,True
2021-12-02,BEAR,BULL_VOLATILE,BULL_VOLATILE,0.5,,,,True
2021-12-03,BULL_CALM,BEAR,BEAR,0.5,,,,True
2021-12-06,BULL_CALM,BULL_VOLATILE,BULL_VOLATILE,0.5,,,,True
2021-12-07,CHOPPY,BULL_VOLATILE,BULL_VOLATILE,0.5,,,,True
2021-12-08,BULL_CALM,CHOPPY,CHOPPY,0.5,,,,True
2021-12-09,BULL_CALM,BULL_CALM,BULL_VOLATILE,0.5,,,,True
2021-12-10,BULL_CALM,BULL_CALM,BULL_VOLATILE,0.5509296604003243,,,,False
2021-12-13,BULL_CALM,BULL_CALM,BULL_VOLATILE,0.5757817204648237,,,,False
2021-12-14,BULL_CALM,BULL_VOLATILE,BULL_VOLATILE,0.5697706701982794,,,,False
2021-12-15,BULL_CALM,BULL_VOLATILE,BULL_VOLATILE,0.5733199871688839,,,,False
2021-12-16,BULL_CALM,BULL_VOLATILE,BULL_VOLATILE,0.5566147956823403,,,,False
2021-12-17,BULL_CALM,BULL_VOLATILE,BULL_VOLATILE,0.6020334116316104,,,,False
2021-12-20,BULL_CALM,BULL_VOLATILE,BULL_VOLATILE,0.6249803988533974,,,,False
2021-12-21,CHOPPY,BULL_VOLATILE,BULL_VOLATILE,0.5,,,,True
2021-12-22,CHOPPY,CHOPPY,CHOPPY,0.5,,,,True
2021-12-23,CHOPPY,CHOPPY,CHOPPY,0.5,,,,True
2021-12-27,BULL_CALM,CHOPPY,CHOPPY,0.5,,,,True
2021-12-28,BULL_VOLATILE,BULL_VOLATILE,BULL_VOLATILE,0.5,,,,True
2021-12-29,BULL_VOLATILE,BULL_VOLATILE,BULL_VOLATILE,0.5,,,,True
2021-12-30,BULL_VOLATILE,BULL_CALM,BULL_VOLATILE,0.9744578887193672,,,,False
2021-12-31,BULL_CALM,BULL_CALM,BULL_VOLATILE,0.5,,,,True
2022-01-03,BULL_VOLATILE,BULL_CALM,BULL_VOLATILE,0.5,,,,True
2022-01-04,BULL_CALM,BULL_CALM,BULL_VOLATILE,0.5,,,,True
2022-01-05,BULL_CALM,BULL_CALM,BULL_VOLATILE,0.5191116269770781,,,,False
2022-01-06,BULL_CALM,BULL_VOLATILE,BULL_VOLATILE,0.5966079264326849,,,,False
2022-01-07,BULL_CALM,BULL_VOLATILE,BULL_VOLATILE,0.5988090684566548,,,,False
2022-01-10,BULL_CALM,BULL_VOLATILE,BULL_VOLATILE,0.5577418870869572,,,,False
2022-01-11,BULL_CALM,BULL_VOLATILE,BULL_VOLATILE,0.5517406947485133,,,,False
2022-01-12,BULL_CALM,BULL_CALM,BULL_VOLATILE,0.5498456009009758,,,,False
2022-01-13,BULL_CALM,BULL_CALM,BULL_VOLATILE,0.5545706776541526,,,,False
2022-01-14,BULL_CALM,BULL_VOLATILE,BULL_VOLATILE,0.5529392790291515,,,,False
2022-01-18,BULL_CALM,BULL_VOLATILE,BULL_VOLATILE,0.5385194856249116,,,,False
2022-01-19,BULL_CALM,BULL_VOLATILE,BULL_VOLATILE,0.5321118196070079,,,,False
2022-01-20,BEAR,BULL_VOLATILE,BULL_VOLATILE,0.5,,,,True
2022-01-21,BEAR,BEAR,BEAR,0.5,,,,True
2022-01-24,BEAR,BEAR,BEAR,0.5,,,,True
2022-01-25,BEAR,BEAR,BEAR,1.0,,,,False
2022-01-26,BEAR,BEAR,BEAR,1.0,,,,False
2022-01-27,BEAR,BEAR,BEAR,1.0,,,,False
2022-01-28,BEAR,BEAR,BEAR,0.5811021331265882,,,,False
2022-01-31,BEAR,BULL_VOLATILE,BULL_VOLATILE,1.0,,,,False
2022-02-01,BULL_CALM,BEAR,BEAR,0.5,,,,True
2022-02-02,BULL_CALM,BULL_VOLATILE,BULL_VOLATILE,0.5,,,,True
2022-02-03,BEAR,BULL_VOLATILE,BULL_VOLATILE,0.5,,,,True
2022-02-04,BULL_CALM,BEAR,BEAR,0.5,,,,True
2022-02-07,BULL_CALM,BEAR,BEAR,0.5,,,,True
2022-02-08,BULL_CALM,BULL_VOLATILE,BULL_VOLATILE,0.5,,,,True
2022-02-09,BULL_CALM,BULL_VOLATILE,BULL_VOLATILE,0.6578895331249668,,,,False
2022-02-10,BULL_CALM,BULL_VOLATILE,BULL_VOLATILE,0.6439882383961991,,,,False
2022-02-11,BEAR,BULL_VOLATILE,BULL_VOLATILE,0.5,,,,True
2022-02-14,BEAR,BULL_VOLATILE,BULL_VOLATILE,0.5,,,,True
2022-02-15,BEAR,BULL_VOLATILE,BULL_VOLATILE,0.5,,,,True
2022-02-16,BULL_CALM,BEAR,BEAR,0.5,,,,True
2022-02-17,BEAR,BULL_VOLATILE,BULL_VOLATILE,0.5,,,,True
2022-02-18,BEAR,BULL_VOLATILE,BULL_VOLATILE,0.5,,,,True
2022-02-22,BEAR,BULL_VOLATILE,BULL_VOLATILE,0.6004502546136565,,,,False
2022-02-23,BEAR,BULL_VOLATILE,BULL_VOLATILE,1.0,,,,False
2022-02-24,BEAR,BEAR,BEAR,1.0,,,,False
2022-02-25,BEAR,BEAR,BEAR,1.0,,,,False
2022-02-28,BEAR,BEAR,BEAR,1.0,,,,False
2022-03-01,BEAR,BEAR,BEAR,1.0,,,,False
2022-03-02,BEAR,BEAR,BEAR,1.0,,,,False
2022-03-03,BEAR,BEAR,BEAR,1.0,,,,False
2022-03-04,BEAR,BEAR,BEAR,0.5760438110404759,,,,False
2022-03-07,BEAR,BULL_VOLATILE,BULL_VOLATILE,1.0,,,,False
2022-03-08,BEAR,BEAR,BEAR,1.0,,,,False
2022-03-09,BEAR,BEAR,BEAR,1.0,,,,False
2022-03-10,BEAR,BEAR,BEAR,1.0,,,,False
2022-03-11,BEAR,BEAR,BEAR,1.0,,,,False
2022-03-14,BEAR,BEAR,BEAR,1.0,,,,False
2022-03-15,BEAR,BULL_VOLATILE,BULL_VOLATILE,1.0,,,,False
2022-03-16,BEAR,BEAR,BEAR,1.0,,,,False
2022-03-17,BEAR,BEAR,BEAR,1.0,,,,False
2022-03-18,BULL_CALM,BEAR,BEAR,0.5,,,,True
2022-03-21,BULL_CALM,BULL_VOLATILE,BULL_VOLATILE,0.5,,,,True
2022-03-22,BULL_CALM,BULL_VOLATILE,BULL_VOLATILE,0.5,,,,True
2022-03-23,BULL_CALM,BULL_VOLATILE,BULL_VOLATILE,0.6713187868396677,,,,False
2022-03-24,BULL_CALM,BULL_VOLATILE,BULL_VOLATILE,0.6594286689026073,,,,False
2022-03-25,BULL_CALM,BULL_VOLATILE,BULL_VOLATILE,0.6541707301783305,,,,False
2022-03-28,BULL_CALM,BULL_VOLATILE,BULL_VOLATILE,0.6196283587448221,,,,False
2022-03-29,BULL_CALM,BULL_VOLATILE,BULL_VOLATILE,0.6280137286650029,,,,False
2022-03-30,BULL_CALM,BULL_VOLATILE,BULL_VOLATILE,0.6182347059785649,,,,False
2022-03-31,BULL_CALM,BULL_VOLATILE,BULL_VOLATILE,0.6284922588499385,,,,False
2022-04-01,BULL_CALM,BULL_VOLATILE,BULL_VOLATILE,0.6299579192647279,,,,False
2022-04-04,BULL_CALM,BULL_VOLATILE,BULL_VOLATILE,0.6326911978438905,,,,False
2022-04-05,BULL_CALM,BULL_VOLATILE,BULL_VOLATILE,0.6300935685809187,,,,False
2022-04-06,BULL_CALM,BULL_VOLATILE,BULL_VOLATILE,0.642015789240781,,,,False
2022-04-07,BULL_CALM,BULL_VOLATILE,BULL_VOLATILE,0.6273382969264322,,,,False
2022-04-08,BULL_CALM,BULL_VOLATILE,BULL_VOLATILE,0.6386359302301697,,,,False
2022-04-11,BEAR,BULL_CALM,BULL_VOLATILE,0.5,,,,True
2022-04-12,BEAR,BULL_VOLATILE,BULL_VOLATILE,0.5,,,,True
2022-04-13,BULL_CALM,BULL_CALM,BULL_VOLATILE,0.5,,,,True
2022-04-14,BEAR,BULL_CALM,BULL_VOLATILE,0.5,,,,True
2022-04-18,BEAR,BULL_VOLATILE,BULL_VOLATILE,0.5,,,,True
2022-04-19,BULL_CALM,BULL_VOLATILE,BULL_VOLATILE,0.5,,,,True
2022-04-20,BULL_CALM,BULL_CALM,BULL_VOLATILE,0.6508793247207645,,,,False
2022-04-21,BEAR,BULL_VOLATILE,BULL_VOLATILE,0.5,,,,True
2022-04-22,BEAR,BULL_VOLATILE,BULL_VOLATILE,0.5,,,,True
2022-04-25,BEAR,BEAR,BEAR,0.5,,,,True
2022-04-26,BEAR,BEAR,BEAR,1.0,,,,False
2022-04-27,BEAR,BEAR,BEAR,1.0,,,,False
2022-04-28,BEAR,BEAR,BEAR,1.0,,,,False
2022-04-29,BEAR,BEAR,BEAR,1.0,,,,False
2022-05-02,BEAR,BEAR,BEAR,1.0,,,,False
2022-05-03,BEAR,BEAR,BEAR,1.0,,,,False
2022-05-04,BEAR,BEAR,BEAR,1.0,,,,False
2022-05-05,BEAR,BEAR,BEAR,1.0,,,,False
2022-05-06,BEAR,BEAR,BEAR,1.0,,,,False
2022-05-09,BEAR,BEAR,BEAR,1.0,,,,False
2022-05-10,BEAR,BEAR,BEAR,1.0,,,,False
2022-05-11,BEAR,BEAR,BEAR,1.0,,,,False
2022-05-12,BEAR,BEAR,BEAR,1.0,,,,False
2022-05-13,BEAR,BEAR,BEAR,1.0,,,,False
2022-05-16,BEAR,BEAR,BEAR,1.0,,,,False
2022-05-17,BEAR,BEAR,BEAR,1.0,,,,False
2022-05-18,BEAR,BEAR,BEAR,1.0,,,,False
2022-05-19,BEAR,BEAR,BEAR,1.0,,,,False
2022-05-20,BEAR,BEAR,BEAR,1.0,,,,False
2022-05-23,BEAR,BEAR,BEAR,1.0,,,,False
2022-05-24,BEAR,BEAR,BEAR,1.0,,,,False
2022-05-25,BEAR,BEAR,BEAR,0.5197621280364861,,,,False
2022-05-26,BEAR,BULL_VOLATILE,BULL_VOLATILE,0.5534318868319401,,,,False
2022-05-27,BEAR,BULL_VOLATILE,BULL_VOLATILE,0.5481477640382495,,,,False
2022-05-31,BEAR,BULL_VOLATILE,BULL_VOLATILE,0.548049805702104,,,,False
2022-06-01,BEAR,BULL_VOLATILE,BULL_VOLATILE,0.594044196323044,,,,False
2022-06-02,BEAR,BULL_VOLATILE,BULL_VOLATILE,0.5895310224039902,,,,False
2022-06-03,BEAR,BULL_VOLATILE,BULL_VOLATILE,1.0,,,,False
2022-06-06,BEAR,BEAR,BEAR,0.564546170705337,,,,False
2022-06-07,BEAR,BULL_VOLATILE,BULL_VOLATILE,0.5432908715714296,,,,False
2022-06-08,BEAR,BULL_VOLATILE,BULL_VOLATILE,0.6453225350026006,,,,False
2022-06-09,BEAR,BULL_VOLATILE,BULL_VOLATILE,0.635854197873189,,,,False
2022-06-10,BEAR,BULL_VOLATILE,BULL_VOLATILE,1.0,,,,False
2022-06-13,BEAR,BEAR,BEAR,1.0,,,,False
2022-06-14,BEAR,BEAR,BEAR,1.0,,,,False
2022-06-15,BEAR,BEAR,BEAR,1.0,,,,False
2022-06-16,BEAR,BEAR,BEAR,1.0,,,,False
2022-06-17,BEAR,BEAR,BEAR,1.0,,,,False
2022-06-21,BEAR,BEAR,BEAR,1.0,,,,False
2022-06-22,BEAR,BEAR,BEAR,1.0,,,,False
2022-06-23,BEAR,BEAR,BEAR,1.0,,,,False
2022-06-24,BEAR,BEAR,BEAR,0.510058221782641,,,,False
2022-06-27,BEAR,BULL_VOLATILE,BULL_VOLATILE,1.0,,,,False
2022-06-28,BEAR,BULL_VOLATILE,BULL_VOLATILE,1.0,,,,False
2022-06-29,BEAR,BEAR,BEAR,1.0,,,,False
2022-06-30,BEAR,BEAR,BEAR,1.0,,,,False
2022-07-01,BEAR,BEAR,BEAR,1.0,,,,False
2022-07-05,BEAR,BEAR,BEAR,0.5120340995647853,,,,False
2022-07-06,BEAR,BULL_VOLATILE,BULL_VOLATILE,0.5116794103898139,,,,False
2022-07-07,BEAR,BULL_VOLATILE,BULL_VOLATILE,0.5222399580215838,,,,False
2022-07-08,BEAR,BULL_VOLATILE,BULL_VOLATILE,0.5248733145130441,,,,False
2022-07-11,BEAR,BULL_VOLATILE,BULL_VOLATILE,0.5246530052936293,,,,False
2022-07-12,BEAR,BULL_VOLATILE,BULL_VOLATILE,0.5299910487370526,,,,False
2022-07-13,BEAR,BULL_VOLATILE,BULL_VOLATILE,0.5454251647839591,,,,False
2022-07-14,BEAR,BULL_VOLATILE,BULL_VOLATILE,0.5410054320291509,,,,False
2022-07-15,BEAR,BULL_VOLATILE,BULL_VOLATILE,0.542871161013444,,,,False
2022-07-18,BEAR,BULL_VOLATILE,BULL_VOLATILE,0.5557587993183061,,,,False
2022-07-19,BEAR,BULL_VOLATILE,BULL_VOLATILE,1.0,,,,False
2022-07-20,BULL_CALM,BEAR,BEAR,0.5,,,,True
2022-07-21,BULL_CALM,BULL_VOLATILE,BULL_VOLATILE,0.5,,,,True
2022-07-22,BULL_CALM,BULL_VOLATILE,BULL_VOLATILE,0.5,,,,True
2022-07-25,BULL_CALM,BULL_VOLATILE,BULL_VOLATILE,0.5913546716802078,,,,False
2022-07-26,BEAR,BULL_VOLATILE,BULL_VOLATILE,0.5,,,,True
2022-07-27,BULL_CALM,BULL_VOLATILE,BULL_VOLATILE,0.5,,,,True
2022-07-28,BULL_CALM,BULL_VOLATILE,BULL_VOLATILE,0.5,,,,True
2022-07-29,BULL_CALM,BULL_VOLATILE,BULL_VOLATILE,0.5828860114921315,,,,False
2022-08-01,BULL_CALM,BULL_VOLATILE,BULL_VOLATILE,0.5985601919707689,,,,False
2022-08-02,BULL_CALM,BULL_VOLATILE,BULL_VOLATILE,0.5988664466997998,,,,False
2022-08-03,BULL_CALM,BULL_VOLATILE,BULL_VOLATILE,0.5787010025453929,,,,False
2022-08-04,BULL_CALM,BULL_VOLATILE,BULL_VOLATILE,0.6420140657006632,,,,False
2022-08-05,BULL_CALM,BULL_VOLATILE,BULL_VOLATILE,0.6103483791295622,,,,False
2022-08-08,BULL_CALM,BULL_VOLATILE,BULL_VOLATILE,0.6077926171011555,,,,False
2022-08-09,BULL_CALM,BULL_VOLATILE,BULL_VOLATILE,0.5753249252738982,,,,False
2022-08-10,BULL_CALM,BULL_VOLATILE,BULL_VOLATILE,0.5912621277725778,,,,False
2022-08-11,BULL_CALM,BULL_VOLATILE,BULL_VOLATILE,0.5890667805833514,,,,False
2022-08-12,BULL_CALM,BULL_VOLATILE,BULL_VOLATILE,0.6044252172616733,,,,False
2022-08-15,BULL_CALM,BULL_VOLATILE,BULL_VOLATILE,0.5939161999696447,,,,False
2022-08-16,BULL_CALM,BULL_VOLATILE,BULL_VOLATILE,0.5981986057762873,,,,False
2022-08-17,BULL_CALM,BULL_CALM,BULL_VOLATILE,0.6092977984657466,,,,False
2022-08-18,BULL_CALM,BULL_CALM,BULL_VOLATILE,0.6538817766626266,,,,False
2022-08-19,BULL_CALM,BULL_CALM,BULL_VOLATILE,0.6578386074390743,,,,False
2022-08-22,BULL_CALM,BULL_CALM,BULL_VOLATILE,0.6342642299355412,,,,False
2022-08-23,BEAR,BULL_VOLATILE,BULL_VOLATILE,0.5,,,,True
2022-08-24,BULL_CALM,BEAR,BEAR,0.5,,,,True
2022-08-25,BULL_CALM,BULL_CALM,BULL_VOLATILE,0.5,,,,True
2022-08-26,BEAR,BULL_CALM,BULL_VOLATILE,0.5,,,,True
2022-08-29,BEAR,BEAR,BEAR,0.5,,,,True
2022-08-30,BEAR,BEAR,BEAR,0.5,,,,True
2022-08-31,BEAR,BEAR,BEAR,1.0,,,,False
2022-09-01,BEAR,BEAR,BEAR,1.0,,,,False
2022-09-02,BEAR,BEAR,BEAR,0.6019418616853209,,,,False
2022-09-06,BEAR,BULL_CALM,BULL_CALM,0.6199521542721319,,,,False
2022-09-07,BEAR,BULL_CALM,BULL_CALM,0.6448223908184297,,,,False
2022-09-08,BEAR,BULL_CALM,BULL_CALM,0.6404252185530841,,,,False
2022-09-09,BULL_CALM,BULL_VOLATILE,BULL_VOLATILE,0.5,,,,True
2022-09-12,BULL_CALM,BULL_VOLATILE,BULL_VOLATILE,0.5,,,,True
2022-09-13,BEAR,BULL_VOLATILE,BULL_VOLATILE,0.5,,,,True
2022-09-14,BEAR,BEAR,BEAR,1.0,,,,False
2022-09-15,BEAR,BEAR,BEAR,1.0,,,,False
2022-09-16,BEAR,BEAR,BEAR,1.0,,,,False
2022-09-19,BEAR,BEAR,BEAR,1.0,,,,False
2022-09-20,BEAR,BEAR,BEAR,0.612467788711671,,,,False
2022-09-21,BEAR,BULL_VOLATILE,BULL_VOLATILE,1.0,,,,False
2022-09-22,BEAR,BEAR,BEAR,1.0,,,,False
2022-09-23,BEAR,BEAR,BEAR,1.0,,,,False
2022-09-26,BEAR,BEAR,BEAR,1.0,,,,False
2022-09-27,BEAR,BEAR,BEAR,1.0,,,,False
2022-09-28,BEAR,BEAR,BEAR,0.5258393003038008,,,,False
2022-09-29,BEAR,BULL_VOLATILE,BULL_VOLATILE,1.0,,,,False
2022-09-30,BEAR,BEAR,BEAR,1.0,,,,False
2022-10-03,BEAR,BEAR,BEAR,1.0,,,,False
2022-10-04,BEAR,BEAR,BEAR,1.0,,,,False
2022-10-05,BEAR,BEAR,BEAR,1.0,,,,False
2022-10-06,BEAR,BEAR,BEAR,1.0,,,,False
2022-10-07,BEAR,BEAR,BEAR,1.0,,,,False
2022-10-10,BEAR,BEAR,BEAR,1.0,,,,False
2022-10-11,BEAR,BEAR,BEAR,1.0,,,,False
2022-10-12,BEAR,BEAR,BEAR,1.0,,,,False
2022-10-13,BEAR,BEAR,BEAR,1.0,,,,False
2022-10-14,BEAR,BEAR,BEAR,1.0,,,,False
2022-10-17,BEAR,BEAR,BEAR,1.0,,,,False
2022-10-18,BEAR,BEAR,BEAR,1.0,,,,False
2022-10-19,BEAR,BEAR,BEAR,1.0,,,,False
2022-10-20,BEAR,BEAR,BEAR,1.0,,,,False
2022-10-21,BEAR,BEAR,BEAR,1.0,,,,False
2022-10-24,BEAR,BEAR,BEAR,0.680214700970918,,,,False
2022-10-25,BEAR,BULL_VOLATILE,BULL_VOLATILE,0.6642651853333887,,,,False
2022-10-26,BEAR,BULL_VOLATILE,BULL_VOLATILE,0.6703139656229524,,,,False
2022-10-27,BEAR,BULL_VOLATILE,BULL_VOLATILE,0.6780134598784143,,,,False
2022-10-28,BULL_CALM,BULL_VOLATILE,BULL_VOLATILE,0.5,,,,True
2022-10-31,BULL_CALM,BULL_VOLATILE,BULL_VOLATILE,0.5,,,,True
2022-11-01,BULL_CALM,BULL_VOLATILE,BULL_VOLATILE,0.5,,,,True
2022-11-02,BEAR,BULL_VOLATILE,BULL_VOLATILE,0.5,,,,True
2022-11-03,BEAR,BEAR,BEAR,0.5,,,,True
2022-11-04,BEAR,BEAR,BEAR,0.5,,,,True
2022-11-07,BEAR,BULL_VOLATILE,BULL_VOLATILE,1.0,,,,False
2022-11-08,BEAR,BEAR,BEAR,1.0,,,,False
2022-11-09,BULL_VOLATILE,BEAR,BEAR,0.5,,,,True
2022-11-10,BEAR,BULL_VOLATILE,BULL_VOLATILE,0.5,,,,True
2022-11-11,BEAR,BEAR,BEAR,0.5,,,,True
2022-11-14,BEAR,BEAR,BEAR,1.0,,,,False
2022-11-15,BEAR,BEAR,BEAR,1.0,,,,False
2022-11-16,BEAR,BEAR,BEAR,1.0,,,,False
2022-11-17,BULL_VOLATILE,BEAR,BEAR,0.5,,,,True
2022-11-18,BULL_VOLATILE,BULL_VOLATILE,BULL_VOLATILE,0.5,,,,True
2022-11-21,BULL_CALM,BULL_VOLATILE,BULL_VOLATILE,0.5,,,,True
2022-11-22,BULL_CALM,BULL_VOLATILE,BULL_VOLATILE,0.5144720358117283,,,,False
2022-11-23,BULL_VOLATILE,BULL_VOLATILE,BULL_VOLATILE,0.5,,,,True
2022-11-25,BULL_CALM,BULL_VOLATILE,BULL_VOLATILE,0.5,,,,True
2022-11-28,BULL_CALM,BULL_VOLATILE,BULL_VOLATILE,0.5,,,,True
2022-11-29,BULL_CALM,BULL_VOLATILE,BULL_VOLATILE,0.554231451292693,,,,False
2022-11-30,BEAR,BULL_VOLATILE,BULL_VOLATILE,0.5,,,,True
2022-12-01,BEAR,BEAR,BEAR,0.5,,,,True
2022-12-02,BEAR,BEAR,BEAR,0.5,,,,True
2022-12-05,BEAR,BEAR,BEAR,1.0,,,,False
2022-12-06,BEAR,BEAR,BEAR,1.0,,,,False
2022-12-07,BULL_VOLATILE,BEAR,BEAR,0.5,,,,True
2022-12-08,BULL_VOLATILE,BULL_VOLATILE,BULL_VOLATILE,0.5,,,,True
2022-12-09,BULL_VOLATILE,BULL_VOLATILE,BULL_VOLATILE,0.5,,,,True
2022-12-12,BULL_VOLATILE,BULL_VOLATILE,BULL_VOLATILE,0.9973598653226723,,,,False
2022-12-13,BULL_VOLATILE,BULL_VOLATILE,BULL_VOLATILE,0.9927664595559024,,,,False
2022-12-14,BULL_VOLATILE,BULL_VOLATILE,BULL_VOLATILE,0.9999637610543648,,,,False
2022-12-15,BULL_VOLATILE,BULL_VOLATILE,BULL_VOLATILE,0.9976738071397607,,,,False
2022-12-16,BEAR,BULL_VOLATILE,BULL_VOLATILE,0.5,,,,True
2022-12-19,BEAR,BEAR,BEAR,0.5,,,,True
2022-12-20,BEAR,BEAR,BEAR,0.5,,,,True
2022-12-21,BULL_VOLATILE,BEAR,BEAR,0.5,,,,True
2022-12-22,BULL_VOLATILE,BULL_VOLATILE,BULL_VOLATILE,0.5,,,,True
2022-12-23,BULL_VOLATILE,BULL_VOLATILE,BULL_VOLATILE,0.5,,,,True
2022-12-27,BULL_VOLATILE,BULL_VOLATILE,BULL_VOLATILE,0.9845265761813008,,,,False
2022-12-28,BULL_VOLATILE,BULL_VOLATILE,BULL_VOLATILE,0.9846814661379034,,,,False
2022-12-29,BULL_VOLATILE,BULL_VOLATILE,BULL_VOLATILE,0.9912835061943563,,,,False
2022-12-30,BULL_VOLATILE,BULL_VOLATILE,BULL_VOLATILE,0.9935483590792232,,,,False
2023-01-03,BULL_VOLATILE,BULL_VOLATILE,BULL_VOLATILE,0.9914978652409902,,,,False
2023-01-04,BULL_VOLATILE,BULL_VOLATILE,BULL_VOLATILE,0.9950776997098061,,,,False
2023-01-05,BULL_VOLATILE,BULL_VOLATILE,BULL_VOLATILE,0.9936377075030257,,,,False
2023-01-06,BULL_VOLATILE,BULL_VOLATILE,BULL_VOLATILE,0.9969187326533414,,,,False
2023-01-09,BULL_VOLATILE,BULL_VOLATILE,BULL_VOLATILE,0.994618167917664,,,,False
2023-01-10,BULL_VOLATILE,BULL_VOLATILE,BULL_VOLATILE,0.9991389219287039,,,,False
2023-01-11,BULL_VOLATILE,BULL_VOLATILE,BULL_VOLATILE,0.9995039926890011,,,,False
2023-01-12,BULL_VOLATILE,BULL_VOLATILE,BULL_VOLATILE,0.9938631204084422,,,,False
2023-01-13,BULL_VOLATILE,BULL_VOLATILE,BULL_VOLATILE,0.9990277007539141,,,,False
2023-01-17,BULL_VOLATILE,BULL_VOLATILE,BULL_VOLATILE,0.9861739732124172,,,,False
2023-01-18,BULL_VOLATILE,BULL_CALM,BULL_VOLATILE,0.959242122536016,,,,False
2023-01-19,BULL_VOLATILE,BULL_CALM,BULL_VOLATILE,0.9592505905577153,,,,False
2023-01-20,BULL_VOLATILE,BULL_CALM,BULL_VOLATILE,0.9976440898571781,,,,False
2023-01-23,BULL_VOLATILE,BULL_VOLATILE,BULL_VOLATILE,0.9931549220237991,,,,False
2023-01-24,BULL_VOLATILE,BULL_CALM,BULL_VOLATILE,0.9716015443037838,,,,False
2023-01-25,BULL_VOLATILE,BULL_CALM,BULL_VOLATILE,0.965812284015993,,,,False
2023-01-26,BULL_VOLATILE,BULL_CALM,BULL_VOLATILE,0.9610944453090081,,,,False
2023-01-27,BULL_VOLATILE,BULL_CALM,BULL_VOLATILE,0.8834631638059182,,,,False
2023-01-30,BULL_VOLATILE,BULL_CALM,BULL_VOLATILE,0.9188925702877461,,,,False
2023-01-31,BULL_CALM,BULL_CALM,BULL_VOLATILE,0.5,,,,True
2023-02-01,BULL_CALM,BULL_CALM,BULL_VOLATILE,0.5,,,,True
2023-02-02,BULL_CALM,BULL_CALM,BULL_VOLATILE,0.5,,,,True
2023-02-03,BULL_CALM,BULL_CALM,BULL_VOLATILE,0.6501759326615794,,,,False
2023-02-06,BULL_CALM,BULL_CALM,BULL_VOLATILE,0.7897263040829643,,,,False
2023-02-07,BULL_VOLATILE,BULL_CALM,BULL_VOLATILE,0.5,,,,True
2023-02-08,BULL_VOLATILE,BULL_CALM,BULL_VOLATILE,0.5,,,,True
2023-02-09,BULL_CALM,BULL_CALM,BULL_VOLATILE,0.5,,,,True
2023-02-10,BULL_VOLATILE,BULL_CALM,BULL_VOLATILE,0.5,,,,True
2023-02-13,BULL_VOLATILE,BULL_CALM,BULL_VOLATILE,0.5,,,,True
2023-02-14,BULL_VOLATILE,BULL_CALM,BULL_VOLATILE,0.5,,,,True
2023-02-15,BULL_VOLATILE,BULL_CALM,BULL_VOLATILE,0.8669706146445862,,,,False
2023-02-16,BULL_VOLATILE,BULL_CALM,BULL_VOLATILE,0.999416689916173,,,,False
2023-02-17,BULL_VOLATILE,BULL_CALM,BULL_VOLATILE,0.9838318257828399,,,,False
2023-02-21,BULL_VOLATILE,BULL_CALM,BULL_VOLATILE,0.9951526561318266,,,,False
2023-02-22,BULL_VOLATILE,BULL_VOLATILE,BULL_VOLATILE,0.9961088137576568,,,,False
2023-02-23,BULL_VOLATILE,BULL_VOLATILE,BULL_VOLATILE,0.9988368017506285,,,,False
2023-02-24,BULL_VOLATILE,BULL_VOLATILE,BULL_VOLATILE,0.9964919121691321,,,,False
2023-02-27,BULL_VOLATILE,BULL_VOLATILE,BULL_VOLATILE,0.9955210899949438,,,,False
2023-02-28,BULL_VOLATILE,BULL_VOLATILE,BULL_VOLATILE,0.9969558607168436,,,,False
2023-03-01,BULL_VOLATILE,BULL_VOLATILE,BULL_VOLATILE,0.9963399111922653,,,,False
2023-03-02,BULL_CALM,BULL_VOLATILE,BULL_VOLATILE,0.5,,,,True
2023-03-03,BULL_CALM,BULL_VOLATILE,BULL_VOLATILE,0.5,,,,True
2023-03-06,BULL_CALM,BULL_VOLATILE,BULL_VOLATILE,0.5,,,,True
2023-03-07,BULL_CALM,BULL_VOLATILE,BULL_VOLATILE,0.5424302850962788,,,,False
2023-03-08,BULL_CALM,BULL_VOLATILE,BULL_VOLATILE,0.5899697393608049,,,,False
2023-03-09,BEAR,BULL_VOLATILE,BULL_VOLATILE,0.5,,,,True
2023-03-10,BEAR,BULL_VOLATILE,BULL_VOLATILE,0.5,,,,True
2023-03-13,BEAR,BEAR,BEAR,0.5,,,,True
2023-03-14,BEAR,BEAR,BEAR,0.6278757354375569,,,,False
2023-03-15,BEAR,BULL_VOLATILE,BULL_VOLATILE,0.6144823086919178,,,,False
2023-03-16,BULL_CALM,BULL_VOLATILE,BULL_VOLATILE,0.5,,,,True
2023-03-17,BEAR,BULL_VOLATILE,BULL_VOLATILE,0.5,,,,True
2023-03-20,BULL_CALM,BULL_VOLATILE,BULL_VOLATILE,0.5,,,,True
2023-03-21,BULL_VOLATILE,BULL_VOLATILE,BULL_VOLATILE,0.5,,,,True
2023-03-22,BEAR,BULL_VOLATILE,BULL_VOLATILE,0.5,,,,True
2023-03-23,BULL_VOLATILE,BEAR,BEAR,0.5,,,,True
2023-03-24,BULL_VOLATILE,BULL_VOLATILE,BULL_VOLATILE,0.9944755287432504,,,,False
2023-03-27,BULL_VOLATILE,BULL_VOLATILE,BULL_VOLATILE,0.9944819559098441,,,,False
2023-03-28,BULL_VOLATILE,BULL_VOLATILE,BULL_VOLATILE,0.9933190973484278,,,,False
2023-03-29,BULL_VOLATILE,BULL_VOLATILE,BULL_VOLATILE,0.9963016323336926,,,,False
2023-03-30,BULL_VOLATILE,BULL_VOLATILE,BULL_VOLATILE,0.9966837105919165,,,,False
2023-03-31,BULL_VOLATILE,BULL_VOLATILE,BULL_VOLATILE,0.998601469265847,,,,False
2023-04-03,BULL_VOLATILE,BULL_VOLATILE,BULL_VOLATILE,0.996318811600656,,,,False
2023-04-04,BULL_VOLATILE,BULL_VOLATILE,BULL_VOLATILE,0.9928270786749162,,,,False
2023-04-05,BULL_VOLATILE,BULL_VOLATILE,BULL_VOLATILE,0.9945263412503984,,,,False
2023-04-06,BULL_VOLATILE,BULL_VOLATILE,BULL_VOLATILE,0.9878935365044762,,,,False
2023-04-10,BULL_VOLATILE,BULL_CALM,BULL_VOLATILE,0.9021667506995217,,,,False
2023-04-11,BULL_VOLATILE,BULL_CALM,BULL_VOLATILE,0.8960104028279285,,,,False
2023-04-12,BULL_CALM,BULL_CALM,BULL_VOLATILE,0.5,,,,True
2023-04-13,BULL_CALM,BULL_CALM,BULL_VOLATILE,0.5,,,,True
2023-04-14,BULL_CALM,BULL_CALM,BULL_VOLATILE,0.5,,,,True
2023-04-17,BULL_CALM,BULL_CALM,BULL_VOLATILE,0.5874988319579701,,,,False
2023-04-18,BULL_CALM,BULL_CALM,BULL_VOLATILE,0.6021116789137385,,,,False
2023-04-19,BULL_CALM,BULL_CALM,BULL_VOLATILE,0.5960758901208424,,,,False
2023-04-20,BULL_CALM,BULL_CALM,BULL_VOLATILE,0.5963516312924984,,,,False
2023-04-21,BULL_CALM,BULL_CALM,BULL_VOLATILE,0.5799773867050104,,,,False
2023-04-24,BULL_CALM,BULL_CALM,BULL_VOLATILE,0.5505276245603252,,,,False
2023-04-25,BULL_CALM,BULL_CALM,BULL_VOLATILE,0.5604921250532293,,,,False
2023-04-26,BULL_CALM,BULL_CALM,BULL_VOLATILE,0.5382143775176081,,,,False
2023-04-27,BULL_CALM,BULL_CALM,BULL_VOLATILE,0.5074839379885453,,,,False
2023-04-28,BULL_CALM,BULL_CALM,BULL_VOLATILE,0.5005760584781693,,,,False
2023-05-01,BULL_CALM,BULL_CALM,BULL_VOLATILE,0.5152669402207513,,,,False
2023-05-02,BULL_VOLATILE,BULL_CALM,BULL_VOLATILE,0.5,,,,True
2023-05-03,BULL_VOLATILE,BULL_VOLATILE,BULL_VOLATILE,0.5,,,,True
2023-05-04,BULL_VOLATILE,BULL_VOLATILE,BULL_VOLATILE,0.5,,,,True
2023-05-05,BULL_VOLATILE,BULL_VOLATILE,BULL_VOLATILE,0.7021795913040898,,,,False
2023-05-08,BULL_VOLATILE,BULL_CALM,BULL_VOLATILE,0.7608362216422654,,,,False
2023-05-09,BULL_VOLATILE,BULL_CALM,BULL_VOLATILE,0.662828093193377,,,,False
2023-05-10,BULL_VOLATILE,BULL_CALM,BULL_VOLATILE,0.6811536259646873,,,,False
2023-05-11,BULL_CALM,BULL_CALM,BULL_VOLATILE,0.5,,,,True
2023-05-12,BULL_VOLATILE,BULL_VOLATILE,BULL_VOLATILE,0.5,,,,True
2023-05-15,BULL_VOLATILE,BULL_VOLATILE,BULL_VOLATILE,0.5,,,,True
2023-05-16,BULL_VOLATILE,BULL_VOLATILE,BULL_VOLATILE,0.7154768866720809,,,,False
2023-05-17,BULL_VOLATILE,BULL_VOLATILE,BULL_VOLATILE,0.5970307075398369,,,,False
2023-05-18,BULL_VOLATILE,BULL_CALM,BULL_VOLATILE,0.9055578075868708,,,,False
2023-05-19,BULL_VOLATILE,BULL_CALM,BULL_VOLATILE,0.7444035317369416,,,,False
2023-05-22,BULL_VOLATILE,BULL_CALM,BULL_VOLATILE,0.7397587656893228,,,,False
2023-05-23,BULL_VOLATILE,BULL_CALM,BULL_VOLATILE,0.633136860150846,,,,False
2023-05-24,BULL_VOLATILE,BULL_CALM,BULL_VOLATILE,0.8540559977449477,,,,False
2023-05-25,BULL_CALM,BULL_CALM,BULL_VOLATILE,0.5,,,,True
2023-05-26,BULL_CALM,BULL_CALM,BULL_VOLATILE,0.5,,,,True
2023-05-30,BULL_CALM,BULL_CALM,BULL_VOLATILE,0.5,,,,True
2023-05-31,BULL_CALM,BULL_CALM,BULL_VOLATILE,0.6279392117726942,,,,False
2023-06-01,BULL_CALM,BULL_CALM,BULL_VOLATILE,0.6826507521467491,,,,False
2023-06-02,BULL_CALM,BULL_CALM,BULL_VOLATILE,0.675872302251169,,,,False
2023-06-05,BULL_CALM,BULL_CALM,BULL_VOLATILE,0.9205192584383383,,,,False
2023-06-06,BULL_CALM,BULL_CALM,BULL_VOLATILE,0.8652090153489137,,,,False
2023-06-07,BULL_CALM,BULL_CALM,BULL_VOLATILE,0.9033786908443073,,,,False
2023-06-08,BULL_CALM,BULL_CALM,BULL_VOLATILE,0.9284620055760034,,,,False
2023-06-09,CHOPPY,BULL_CALM,BULL_VOLATILE,0.5,,,,True
2023-06-12,CHOPPY,BULL_CALM,BULL_VOLATILE,0.5,,,,True
2023-06-13,BULL_CALM,BULL_CALM,BULL_VOLATILE,0.5,,,,True
2023-06-14,BULL_CALM,BULL_CALM,BULL_VOLATILE,0.8553935025127476,,,,False
2023-06-15,BULL_CALM,BULL_CALM,BULL_VOLATILE,0.9904536055765808,,,,False
2023-06-16,BULL_CALM,BULL_CALM,BULL_VOLATILE,0.9997402640201984,,,,False
2023-06-20,BULL_CALM,BULL_CALM,BULL_VOLATILE,0.9994675878537508,,,,False
2023-06-21,BULL_CALM,BULL_CALM,BULL_VOLATILE,0.5058647542043125,,,,False
2023-06-22,BULL_CALM,BULL_CALM,BULL_VOLATILE,0.5469890523512473,,,,False
2023-06-23,BULL_CALM,BULL_CALM,BULL_VOLATILE,0.5612966406700614,,,,False
2023-06-26,BULL_CALM,BULL_CALM,BULL_VOLATILE,0.5381317658854231,,,,False
2023-06-27,BULL_CALM,BULL_CALM,BULL_VOLATILE,0.5387801109008734,,,,False
2023-06-28,BULL_CALM,BULL_CALM,BULL_VOLATILE,0.570976256447952,,,,False
2023-06-29,BULL_CALM,BULL_CALM,BULL_VOLATILE,0.9803545696557888,,,,False
2023-06-30,BULL_CALM,BULL_CALM,BULL_VOLATILE,0.9906129107116791,,,,False
2023-07-03,BULL_CALM,BULL_CALM,BULL_VOLATILE,0.9998939562007738,,,,False
2023-07-05,BULL_CALM,BULL_CALM,BULL_VOLATILE,0.999998656869097,,,,False
2023-07-06,BULL_CALM,BULL_CALM,BULL_VOLATILE,0.9999749254343661,,,,False
2023-07-07,BULL_CALM,BULL_CALM,BULL_VOLATILE,0.9996665606581356,,,,False
2023-07-10,BULL_CALM,BULL_CALM,BULL_VOLATILE,0.9998336115699107,,,,False
2023-07-11,BULL_CALM,BULL_CALM,BULL_VOLATILE,0.9988392785196681,,,,False
2023-07-12,BULL_CALM,BULL_CALM,BULL_VOLATILE,0.9951490701088092,,,,False
2023-07-13,BULL_CALM,BULL_CALM,BULL_VOLATILE,0.5037145870220545,,,,False
2023-07-14,BULL_CALM,BULL_CALM,BULL_VOLATILE,0.5229306613002274,,,,False
2023-07-17,BULL_CALM,BULL_CALM,BULL_VOLATILE,0.5112035173182106,,,,False
2023-07-18,BULL_CALM,BULL_CALM,BULL_VOLATILE,0.5350844139883311,,,,False
2023-07-19,BULL_CALM,BULL_CALM,BULL_VOLATILE,0.5217258738141319,,,,False
2023-07-20,BULL_CALM,BULL_CALM,BULL_VOLATILE,0.5415496400283043,,,,False
2023-07-21,BULL_CALM,BULL_CALM,BULL_VOLATILE,0.5157421207346434,,,,False
2023-07-24,BULL_CALM,BULL_CALM,BULL_VOLATILE,0.5116019139943175,,,,False
2023-07-25,BULL_CALM,BULL_CALM,BULL_VOLATILE,0.99390462283343,,,,False
2023-07-26,BULL_CALM,BULL_CALM,BULL_VOLATILE,0.569767559140347,,,,False
2023-07-27,BULL_CALM,BULL_CALM,BULL_VOLATILE,0.6043602349992677,,,,False
2023-07-28,BULL_CALM,BULL_CALM,BULL_VOLATILE,0.5600459128607655,,,,False
2023-07-31,BULL_CALM,BULL_CALM,BULL_VOLATILE,0.5502944139228771,,,,False
2023-08-01,BULL_CALM,BULL_CALM,BULL_VOLATILE,0.559046951888555,,,,False
2023-08-02,BULL_CALM,BULL_CALM,BULL_VOLATILE,0.5275355857763564,,,,False
2023-08-03,BULL_CALM,BULL_CALM,BULL_VOLATILE,0.5700116485462836,,,,False
2023-08-04,BULL_CALM,BULL_CALM,BULL_VOLATILE,0.6054881345715366,,,,False
2023-08-07,BULL_CALM,BULL_CALM,BULL_VOLATILE,0.6213907755864488,,,,False
2023-08-08,BULL_CALM,BULL_CALM,BULL_VOLATILE,0.6082492368560665,,,,False
2023-08-09,BULL_CALM,BULL_CALM,BULL_VOLATILE,0.6095169628867417,,,,False
2023-08-10,BULL_CALM,BULL_VOLATILE,BULL_VOLATILE,0.6167505886853114,,,,False
2023-08-11,BULL_CALM,BULL_VOLATILE,BULL_VOLATILE,0.6371884906082765,,,,False
2023-08-14,BULL_CALM,BULL_VOLATILE,BULL_VOLATILE,0.6133496935732421,,,,False
2023-08-15,BULL_CALM,BULL_VOLATILE,BULL_VOLATILE,0.6055730781704282,,,,False
2023-08-16,BULL_CALM,BULL_VOLATILE,BULL_VOLATILE,0.5578130274221604,,,,False
2023-08-17,BULL_CALM,BULL_VOLATILE,BULL_VOLATILE,0.6235172678032314,,,,False
2023-08-18,BULL_CALM,BULL_CALM,BULL_CALM,0.6729632930049682,,,,False
2023-08-21,BULL_CALM,BULL_VOLATILE,BULL_VOLATILE,0.6648910433761075,,,,False
2023-08-22,BULL_CALM,BULL_VOLATILE,BULL_VOLATILE,0.6568935837471133,,,,False
2023-08-23,BULL_CALM,BULL_VOLATILE,BULL_VOLATILE,0.6334345842211564,,,,False
2023-08-24,BULL_CALM,BULL_VOLATILE,BULL_VOLATILE,0.6467272456308333,,,,False
2023-08-25,BULL_CALM,BULL_VOLATILE,BULL_VOLATILE,0.6411582873719175,,,,False
2023-08-28,BULL_CALM,BULL_VOLATILE,BULL_VOLATILE,0.6675268799129528,,,,False
2023-08-29,CHOPPY,BULL_VOLATILE,BULL_VOLATILE,0.5,,,,True
2023-08-30,CHOPPY,CHOPPY,CHOPPY,0.5,,,,True
2023-08-31,BULL_CALM,CHOPPY,CHOPPY,0.5,,,,True
2023-09-01,BULL_CALM,BULL_CALM,BULL_VOLATILE,0.6497896831786464,,,,False
2023-09-05,BULL_CALM,BULL_CALM,BULL_VOLATILE,0.6565808423383543,,,,False
2023-09-06,BULL_CALM,BULL_VOLATILE,BULL_VOLATILE,0.6627808042886579,,,,False
2023-09-07,BULL_CALM,BULL_VOLATILE,BULL_VOLATILE,0.6783138449039856,,,,False
2023-09-08,BULL_CALM,BULL_VOLATILE,BULL_VOLATILE,0.6547551274663309,,,,False
2023-09-11,BULL_CALM,BULL_VOLATILE,BULL_VOLATILE,0.6392916145929094,,,,False
2023-09-12,BULL_CALM,BULL_CALM,BULL_VOLATILE,0.631416383193131,,,,False
2023-09-13,BULL_CALM,BULL_VOLATILE,BULL_VOLATILE,0.6030455700347758,,,,False
2023-09-14,BULL_CALM,BULL_CALM,BULL_VOLATILE,0.6033603436134516,,,,False
2023-09-15,BULL_CALM,BULL_CALM,BULL_VOLATILE,0.6512923258844433,,,,False
2023-09-18,BULL_CALM,BULL_CALM,BULL_VOLATILE,0.6190522735681854,,,,False
2023-09-19,BULL_CALM,BULL_CALM,BULL_VOLATILE,0.570733526618957,,,,False
2023-09-20,BULL_CALM,BULL_CALM,BULL_VOLATILE,0.5384271525813783,,,,False
2023-09-21,BEAR,BULL_CALM,BULL_VOLATILE,0.5,,,,True
2023-09-22,BULL_CALM,BEAR,BEAR,0.5,,,,True
2023-09-25,BULL_CALM,BULL_VOLATILE,BULL_VOLATILE,0.5,,,,True
2023-09-26,BULL_CALM,BULL_VOLATILE,BULL_VOLATILE,0.5671898851480227,,,,False
2023-09-27,BULL_CALM,BULL_VOLATILE,BULL_VOLATILE,0.5570508588381414,,,,False
2023-09-28,BULL_CALM,BULL_VOLATILE,BULL_VOLATILE,0.5775301612717553,,,,False
2023-09-29,BULL_CALM,BULL_VOLATILE,BULL_VOLATILE,0.6712413541714577,,,,False
2023-10-02,BULL_CALM,BULL_VOLATILE,BULL_VOLATILE,0.6842974025649804,,,,False
2023-10-03,BULL_CALM,BULL_VOLATILE,BULL_VOLATILE,0.6779621968454655,,,,False
2023-10-04,BULL_CALM,BULL_VOLATILE,BULL_VOLATILE,0.6740808230295486,,,,False
2023-10-05,BULL_CALM,BULL_VOLATILE,BULL_VOLATILE,0.6795147148312999,,,,False
2023-10-06,BULL_CALM,BULL_VOLATILE,BULL_VOLATILE,0.668901425153271,,,,False
2023-10-09,BULL_CALM,BULL_VOLATILE,BULL_VOLATILE,0.6668850758888133,,,,False
2023-10-10,BULL_CALM,BULL_VOLATILE,BULL_VOLATILE,0.6608280192830543,,,,False
2023-10-11,BULL_CALM,BULL_VOLATILE,BULL_VOLATILE,0.6341288923735302,,,,False
2023-10-12,BULL_CALM,BULL_VOLATILE,BULL_VOLATILE,0.6429650478785048,,,,False
2023-10-13,BULL_CALM,BULL_VOLATILE,BULL_VOLATILE,0.6448752912522687,,,,False
2023-10-16,BULL_CALM,BULL_VOLATILE,BULL_VOLATILE,0.6174472871837366,,,,False
2023-10-17,BULL_CALM,BULL_VOLATILE,BULL_VOLATILE,0.6219662503676,,,,False
2023-10-18,BULL_CALM,BULL_VOLATILE,BULL_VOLATILE,0.6543153969942656,,,,False
2023-10-19,BULL_CALM,BULL_VOLATILE,BULL_VOLATILE,0.6611369443169068,,,,False
2023-10-20,BEAR,BULL_VOLATILE,BULL_VOLATILE,0.5,,,,True
2023-10-23,BEAR,BULL_VOLATILE,BULL_VOLATILE,0.5,,,,True
2023-10-24,BULL_CALM,BULL_VOLATILE,BULL_VOLATILE,0.5,,,,True
2023-10-25,BEAR,BULL_VOLATILE,BULL_VOLATILE,0.5,,,,True
2023-10-26,BEAR,BULL_VOLATILE,BULL_VOLATILE,0.5,,,,True
2023-10-27,BEAR,BULL_VOLATILE,BULL_VOLATILE,0.5,,,,True
2023-10-30,BEAR,BULL_VOLATILE,BULL_VOLATILE,0.6780593976129277,,,,False
2023-10-31,BEAR,BULL_VOLATILE,BULL_VOLATILE,0.6650630654448437,,,,False
2023-11-01,BEAR,BULL_VOLATILE,BULL_VOLATILE,0.6651784592718901,,,,False
2023-11-02,BULL_CALM,BULL_VOLATILE,BULL_VOLATILE,0.5,,,,True
2023-11-03,BULL_CALM,BULL_CALM,BULL_VOLATILE,0.5,,,,True
2023-11-06,BULL_CALM,BULL_CALM,BULL_VOLATILE,0.5,,,,True
2023-11-07,BULL_CALM,BULL_CALM,BULL_VOLATILE,0.6814365044475614,,,,False
2023-11-08,BULL_CALM,BULL_CALM,BULL_VOLATILE,0.6945409478345693,,,,False
2023-11-09,BULL_CALM,BULL_CALM,BULL_VOLATILE,0.6808030700290074,,,,False
2023-11-10,BULL_CALM,BULL_VOLATILE,BULL_VOLATILE,0.7350760426812559,,,,False
2023-11-13,BULL_CALM,BULL_CALM,BULL_VOLATILE,0.7254514101899244,,,,False
2023-11-14,BULL_CALM,BULL_CALM,BULL_CALM,0.704824096667057,,,,False
2023-11-15,BULL_CALM,BULL_CALM,BULL_CALM,0.7142895718358273,,,,False
2023-11-16,BULL_CALM,BULL_CALM,BULL_CALM,0.7277184341161423,,,,False
2023-11-17,BULL_CALM,BULL_CALM,BULL_CALM,0.7453878899446037,,,,False
2023-11-20,BULL_CALM,BULL_CALM,BULL_CALM,0.7461674511489944,,,,False
2023-11-21,BULL_CALM,BULL_CALM,BULL_CALM,0.780531523501139,,,,False
2023-11-22,BULL_CALM,BULL_CALM,BULL_CALM,0.7837252484988371,,,,False
2023-11-24,BULL_CALM,BULL_CALM,BULL_CALM,0.7959662675554717,,,,False
2023-11-27,BULL_CALM,BULL_CALM,BULL_CALM,0.7910161942930563,,,,False
2023-11-28,BULL_CALM,BULL_CALM,BULL_CALM,0.7962390450532574,,,,False
2023-11-29,BULL_CALM,BULL_CALM,BULL_CALM,0.7825253273782966,,,,False
2023-11-30,BULL_CALM,BULL_CALM,BULL_CALM,0.7822487883158655,,,,False
2023-12-01,BULL_CALM,BULL_CALM,BULL_CALM,0.766752275853771,,,,False
2023-12-04,BULL_CALM,BULL_CALM,BULL_CALM,0.7958344839167657,,,,False
2023-12-05,BULL_CALM,BULL_CALM,BULL_CALM,0.8189710548956913,,,,False
2023-12-06,BULL_CALM,BULL_CALM,BULL_CALM,0.8116298431107314,,,,False
2023-12-07,BULL_CALM,BULL_CALM,BULL_CALM,0.795550103652699,,,,False
2023-12-08,BULL_CALM,BULL_CALM,BULL_CALM,0.7754582658043956,,,,False
2023-12-11,BULL_CALM,BULL_CALM,BULL_CALM,0.7788111181574002,,,,False
2023-12-12,BULL_CALM,BULL_CALM,BULL_CALM,0.7654710574104433,,,,False
2023-12-13,BULL_CALM,BULL_CALM,BULL_CALM,0.7955927304224608,,,,False
2023-12-14,BULL_CALM,BULL_CALM,BULL_CALM,0.7588852907435449,,,,False
2023-12-15,BULL_CALM,BULL_CALM,BULL_CALM,0.7659899764086806,,,,False
2023-12-18,BULL_CALM,BULL_CALM,BULL_CALM,0.758236262539381,,,,False
2023-12-19,BULL_CALM,BULL_CALM,BULL_CALM,0.7239036495546636,,,,False
2023-12-20,BULL_CALM,BULL_CALM,BULL_CALM,0.7028198951423698,,,,False
2023-12-21,BULL_CALM,BULL_CALM,BULL_VOLATILE,0.6823116461015541,,,,False
2023-12-22,BULL_CALM,BULL_CALM,BULL_VOLATILE,0.6741497120642099,,,,False
2023-12-26,BULL_CALM,BULL_CALM,BULL_VOLATILE,0.6957211172762274,,,,False
2023-12-27,BULL_CALM,BULL_CALM,BULL_VOLATILE,0.6776567950823024,,,,False
2023-12-28,BULL_CALM,BULL_CALM,BULL_VOLATILE,0.6788289994880612,,,,False
2023-12-29,BULL_CALM,BULL_CALM,BULL_VOLATILE,0.6792243252447759,,,,False
2024-01-02,BULL_CALM,BULL_CALM,BULL_VOLATILE,0.6831422474297275,,,,False
2024-01-03,BULL_CALM,BULL_CALM,BULL_VOLATILE,0.7444662370769749,,,,False
2024-01-04,BULL_CALM,BULL_CALM,BULL_CALM,0.7340730823089131,,,,False
2024-01-05,BULL_CALM,BULL_CALM,BULL_VOLATILE,0.7485843280087695,,,,False
2024-01-08,BULL_CALM,BULL_CALM,BULL_VOLATILE,0.7381747927085013,,,,False
2024-01-09,BULL_CALM,BULL_CALM,BULL_CALM,0.7362167777610177,,,,False
2024-01-10,BULL_CALM,BULL_CALM,BULL_CALM,0.739064256916049,,,,False
2024-01-11,BULL_CALM,BULL_CALM,BULL_CALM,0.7316641108959256,,,,False
2024-01-12,BULL_CALM,BULL_CALM,BULL_CALM,0.73515576418683,,,,False
2024-01-16,BULL_CALM,BULL_CALM,BULL_CALM,0.7519731187960942,,,,False
2024-01-17,BULL_CALM,BULL_CALM,BULL_CALM,0.7462003177286539,,,,False
2024-01-18,BULL_CALM,BULL_CALM,BULL_CALM,0.747269864329112,,,,False
2024-01-19,BULL_CALM,BULL_CALM,BULL_VOLATILE,0.7159485898542761,,,,False
2024-01-22,BULL_CALM,BULL_CALM,BULL_VOLATILE,0.6763331209825652,,,,False
2024-01-23,BULL_CALM,BULL_CALM,BULL_VOLATILE,0.6463628266028563,,,,False
2024-01-24,BULL_CALM,BULL_CALM,BULL_VOLATILE,0.6156532418365807,,,,False
2024-01-25,BULL_CALM,BULL_CALM,BULL_VOLATILE,0.6593307909789516,,,,False
2024-01-26,BULL_CALM,BULL_CALM,BULL_VOLATILE,0.6332138257990347,,,,False
2024-01-29,BULL_CALM,BULL_CALM,BULL_VOLATILE,0.6243568925817486,,,,False
2024-01-30,BULL_CALM,BULL_CALM,BULL_VOLATILE,0.6183686875445086,,,,False
2024-01-31,BULL_CALM,BULL_CALM,BULL_VOLATILE,0.5997883888494189,,,,False
2024-02-01,BULL_CALM,BULL_CALM,BULL_VOLATILE,0.5973205071189105,,,,False
2024-02-02,BULL_CALM,BULL_CALM,BULL_VOLATILE,0.5627810146400689,,,,False
2024-02-05,BULL_CALM,BULL_CALM,BULL_VOLATILE,0.5491092361936347,,,,False
2024-02-06,BULL_CALM,BULL_CALM,BULL_VOLATILE,0.5444867053109015,,,,False
2024-02-07,BULL_CALM,BULL_CALM,BULL_VOLATILE,0.5291064627981633,,,,False
2024-02-08,BULL_CALM,BULL_CALM,BULL_VOLATILE,0.5192775025984934,,,,False
2024-02-09,BULL_CALM,BULL_CALM,BULL_VOLATILE,0.5178676873230488,,,,False
2024-02-12,BULL_CALM,BULL_CALM,BULL_VOLATILE,0.5512862614482239,,,,False
2024-02-13,BULL_CALM,BULL_CALM,BULL_VOLATILE,0.991331187252681,,,,False
2024-02-14,BULL_CALM,BULL_CALM,BULL_VOLATILE,0.5118205725669336,,,,False
2024-02-15,BULL_CALM,BULL_CALM,BULL_VOLATILE,0.5213660394931655,,,,False
2024-02-16,BULL_CALM,BULL_CALM,BULL_VOLATILE,0.5083519705803662,,,,False
2024-02-20,BULL_CALM,BULL_CALM,BULL_VOLATILE,0.5071170131777284,,,,False
2024-02-21,BULL_CALM,BULL_CALM,BULL_VOLATILE,0.806439711923521,,,,False
2024-02-22,BULL_CALM,BULL_CALM,BULL_VOLATILE,0.5037935606491589,,,,False
2024-02-23,BULL_CALM,BULL_CALM,BULL_VOLATILE,0.8127555342891692,,,,False
2024-02-26,BULL_CALM,BULL_CALM,BULL_VOLATILE,0.8109646146230396,,,,False
2024-02-27,BULL_CALM,BULL_CALM,BULL_VOLATILE,0.7765975708923998,,,,False
2024-02-28,BULL_CALM,BULL_CALM,BULL_VOLATILE,0.863312088761908,,,,False
2024-02-29,BULL_CALM,BULL_CALM,BULL_VOLATILE,0.9264995159898414,,,,False
2024-03-01,BULL_CALM,BULL_CALM,BULL_VOLATILE,0.9785357444726743,,,,False
2024-03-04,BULL_CALM,BULL_CALM,BULL_VOLATILE,0.9808291216606134,,,,False
2024-03-05,BULL_CALM,BULL_CALM,BULL_VOLATILE,0.6994674051510931,,,,False
2024-03-06,BULL_CALM,BULL_CALM,BULL_VOLATILE,0.662556579128383,,,,False
2024-03-07,BULL_CALM,BULL_CALM,BULL_VOLATILE,0.7503869599060438,,,,False
2024-03-08,BULL_CALM,BULL_CALM,BULL_VOLATILE,0.7194425063393901,,,,False
2024-03-11,BULL_CALM,BULL_CALM,BULL_VOLATILE,0.7473187269630589,,,,False
2024-03-12,BULL_CALM,BULL_CALM,BULL_VOLATILE,0.6928866184779423,,,,False
2024-03-13,BULL_CALM,BULL_CALM,BULL_VOLATILE,0.9185410525189704,,,,False
2024-03-14,BULL_CALM,BULL_CALM,BULL_VOLATILE,0.9327781818289503,,,,False
2024-03-15,BULL_CALM,BULL_CALM,BULL_VOLATILE,0.5477295065024788,,,,False
2024-03-18,BULL_CALM,BULL_CALM,BULL_VOLATILE,0.7500802017434969,,,,False
2024-03-19,BULL_CALM,BULL_CALM,BULL_VOLATILE,0.823785914209626,,,,False
2024-03-20,BULL_CALM,BULL_CALM,BULL_VOLATILE,0.7813620770793659,,,,False
2024-03-21,BULL_CALM,BULL_CALM,BULL_VOLATILE,0.934656442617473,,,,False
2024-03-22,BULL_CALM,BULL_CALM,BULL_VOLATILE,0.9953820944535214,,,,False
2024-03-25,BULL_CALM,BULL_CALM,BULL_VOLATILE,0.9170664620024337,,,,False
2024-03-26,BULL_CALM,BULL_CALM,BULL_VOLATILE,0.8866076821194789,,,,False
2024-03-27,BULL_CALM,BULL_CALM,BULL_VOLATILE,0.9278277636029819,,,,False
2024-03-28,BULL_CALM,BULL_CALM,BULL_VOLATILE,0.9795022415680825,,,,False
2024-04-01,BULL_CALM,BULL_CALM,BULL_VOLATILE,0.9596301898920264,,,,False
2024-04-02,CHOPPY,BULL_CALM,BULL_VOLATILE,0.5,,,,True
2024-04-03,CHOPPY,BULL_CALM,BULL_VOLATILE,0.5,,,,True
2024-04-04,CHOPPY,BULL_CALM,BULL_VOLATILE,0.5,,,,True
2024-04-05,CHOPPY,BULL_CALM,BULL_VOLATILE,0.12996961405215263,,,,False
2024-04-08,CHOPPY,BULL_CALM,BULL_VOLATILE,0.09201265341947235,,,,False
2024-04-09,BULL_CALM,BULL_CALM,BULL_VOLATILE,0.5,,,,True
2024-04-10,CHOPPY,BULL_CALM,BULL_VOLATILE,0.5,,,,True
2024-04-11,CHOPPY,BULL_VOLATILE,BULL_VOLATILE,0.5,,,,True
2024-04-12,CHOPPY,BULL_CALM,BULL_VOLATILE,0.0095129557796364,,,,False
2024-04-15,CHOPPY,BULL_VOLATILE,BULL_VOLATILE,0.05018581619542668,,,,False
2024-04-16,CHOPPY,BULL_VOLATILE,BULL_VOLATILE,0.04207876181354757,,,,False
2024-04-17,BULL_VOLATILE,BULL_VOLATILE,BULL_VOLATILE,0.5,,,,True
2024-04-18,BULL_VOLATILE,BULL_VOLATILE,BULL_VOLATILE,0.5,,,,True
2024-04-19,BULL_VOLATILE,BULL_VOLATILE,BULL_VOLATILE,0.5,,,,True
2024-04-22,BULL_VOLATILE,BULL_VOLATILE,BULL_VOLATILE,0.9933114838764501,,,,False
2024-04-23,BULL_VOLATILE,BULL_VOLATILE,BULL_VOLATILE,0.9739384231760879,,,,False
2024-04-24,BULL_VOLATILE,BULL_VOLATILE,BULL_VOLATILE,0.8648976786103442,,,,False
2024-04-25,BULL_VOLATILE,BULL_VOLATILE,BULL_VOLATILE,0.9811999984247828,,,,False
2024-04-26,BULL_CALM,BULL_VOLATILE,BULL_VOLATILE,0.5,,,,True
2024-04-29,BULL_CALM,BULL_VOLATILE,BULL_VOLATILE,0.5,,,,True
2024-04-30,BULL_CALM,BULL_VOLATILE,BULL_VOLATILE,0.5,,,,True
2024-05-01,BULL_CALM,BULL_VOLATILE,BULL_VOLATILE,0.6536938896314016,,,,False
2024-05-02,BULL_CALM,BULL_VOLATILE,BULL_VOLATILE,0.9044201647000238,,,,False
2024-05-03,BULL_CALM,BULL_VOLATILE,BULL_VOLATILE,0.9657924356259927,,,,False
2024-05-06,CHOPPY,BULL_VOLATILE,BULL_VOLATILE,0.5,,,,True
2024-05-07,BULL_CALM,CHOPPY,CHOPPY,0.5,,,,True
2024-05-08,BULL_CALM,BULL_VOLATILE,BULL_VOLATILE,0.5,,,,True
2024-05-09,BULL_CALM,BULL_CALM,BULL_VOLATILE,0.8792527115089993,,,,False
2024-05-10,BULL_CALM,BULL_CALM,BULL_VOLATILE,0.8939903864552158,,,,False
2024-05-13,BULL_CALM,BULL_CALM,BULL_VOLATILE,0.7940193318683251,,,,False
2024-05-14,BULL_VOLATILE,BULL_CALM,BULL_VOLATILE,0.5,,,,True
2024-05-15,BULL_VOLATILE,BULL_CALM,BULL_VOLATILE,0.5,,,,True
2024-05-16,BULL_VOLATILE,BULL_CALM,BULL_VOLATILE,0.5,,,,True
2024-05-17,BULL_CALM,BULL_CALM,BULL_VOLATILE,0.5,,,,True
2024-05-20,BULL_CALM,BULL_CALM,BULL_VOLATILE,0.5,,,,True
2024-05-21,BULL_CALM,BULL_CALM,BULL_VOLATILE,0.5,,,,True
2024-05-22,BULL_CALM,BULL_CALM,BULL_VOLATILE,0.9523031364665535,,,,False
2024-05-23,BULL_CALM,BULL_CALM,BULL_VOLATILE,0.8505129643822426,,,,False
2024-05-24,BULL_CALM,BULL_CALM,BULL_VOLATILE,0.5059713745846136,,,,False
2024-05-28,BULL_CALM,BULL_CALM,BULL_VOLATILE,0.5053501421031854,,,,False
2024-05-29,BULL_CALM,BULL_CALM,BULL_VOLATILE,0.5297005844793442,,,,False
2024-05-30,BULL_CALM,BULL_CALM,BULL_VOLATILE,0.529833438926506,,,,False
2024-05-31,BULL_CALM,BULL_CALM,BULL_VOLATILE,0.5614625600365956,,,,False
2024-06-03,BULL_CALM,BULL_CALM,BULL_VOLATILE,0.5661242385897971,,,,False
2024-06-04,BULL_CALM,BULL_CALM,BULL_VOLATILE,0.5608441173085342,,,,False
2024-06-05,BULL_CALM,BULL_CALM,BULL_VOLATILE,0.5483305798328364,,,,False
2024-06-06,BULL_CALM,BULL_CALM,BULL_VOLATILE,0.5861768501401374,,,,False
2024-06-07,BULL_CALM,BULL_CALM,BULL_VOLATILE,0.5728629756598146,,,,False
2024-06-10,BULL_CALM,BULL_CALM,BULL_VOLATILE,0.5742807019839191,,,,False
2024-06-11,BULL_CALM,BULL_CALM,BULL_VOLATILE,0.6198527683513472,,,,False
2024-06-12,BULL_CALM,BULL_CALM,BULL_VOLATILE,0.6150320543302541,,,,False
2024-06-13,BULL_CALM,BULL_CALM,BULL_VOLATILE,0.6308830130648742,,,,False
2024-06-14,BULL_CALM,BULL_CALM,BULL_VOLATILE,0.6497453075268199,,,,False
2024-06-17,BULL_CALM,BULL_CALM,BULL_VOLATILE,0.640521218203739,,,,False
2024-06-18,BULL_CALM,BULL_CALM,BULL_VOLATILE,0.6275335787719659,,,,False
2024-06-20,BULL_CALM,BULL_CALM,BULL_VOLATILE,0.6376662714852027,,,,False
2024-06-21,BULL_CALM,BULL_CALM,BULL_VOLATILE,0.6391670675296885,,,,False
2024-06-24,BULL_CALM,BULL_CALM,BULL_VOLATILE,0.6555957025513203,,,,False
2024-06-25,BULL_CALM,BULL_CALM,BULL_VOLATILE,0.6739125874561278,,,,False
2024-06-26,BULL_CALM,BULL_CALM,BULL_VOLATILE,0.6745322062256172,,,,False
2024-06-27,BULL_CALM,BULL_CALM,BULL_VOLATILE,0.6594086026618228,,,,False
2024-06-28,BULL_CALM,BULL_CALM,BULL_VOLATILE,0.6746704508686584,,,,False
2024-07-01,BULL_CALM,BULL_CALM,BULL_VOLATILE,0.6687496791484326,,,,False
2024-07-02,BULL_CALM,BULL_CALM,BULL_VOLATILE,0.6855631656267966,,,,False
2024-07-03,BULL_CALM,BULL_CALM,BULL_VOLATILE,0.6656859227101363,,,,False
2024-07-05,BULL_CALM,BULL_CALM,BULL_VOLATILE,0.7117456226682504,,,,False
2024-07-08,BULL_CALM,BULL_CALM,BULL_VOLATILE,0.7116211704977554,,,,False
2024-07-09,BULL_CALM,BULL_CALM,BULL_VOLATILE,0.7260291007787861,,,,False
2024-07-10,BULL_CALM,BULL_CALM,BULL_VOLATILE,0.7331189455409173,,,,False
2024-07-11,BULL_CALM,BULL_CALM,BULL_VOLATILE,0.7229106513547022,,,,False
2024-07-12,BULL_CALM,BULL_CALM,BULL_VOLATILE,0.7233409447703205,,,,False
2024-07-15,BULL_CALM,BULL_CALM,BULL_VOLATILE,0.6693545038766342,,,,False
2024-07-16,BULL_CALM,BULL_CALM,BULL_VOLATILE,0.635983576545472,,,,False
2024-07-17,CHOPPY,BULL_CALM,BULL_VOLATILE,0.5,,,,True
2024-07-18,BULL_CALM,CHOPPY,CHOPPY,0.5,,,,True
2024-07-19,BULL_CALM,BULL_CALM,BULL_VOLATILE,0.5,,,,True
2024-07-22,CHOPPY,BULL_CALM,BULL_VOLATILE,0.5,,,,True
2024-07-23,BULL_CALM,CHOPPY,CHOPPY,0.5,,,,True
2024-07-24,CHOPPY,BULL_CALM,BULL_VOLATILE,0.5,,,,True
2024-07-25,CHOPPY,CHOPPY,CHOPPY,0.0,,,,False
2024-07-26,CHOPPY,CHOPPY,CHOPPY,0.0,,,,False
2024-07-29,CHOPPY,CHOPPY,CHOPPY,0.0,,,,False
2024-07-30,CHOPPY,CHOPPY,CHOPPY,0.0,,,,False
2024-07-31,BULL_CALM,CHOPPY,CHOPPY,0.5,,,,True
2024-08-01,CHOPPY,BULL_CALM,BULL_VOLATILE,0.5,,,,True
2024-08-02,BULL_CALM,CHOPPY,CHOPPY,0.5,,,,True
2024-08-05,BEAR,BULL_VOLATILE,BULL_VOLATILE,0.5,,,,True
2024-08-06,BEAR,BEAR,BEAR,0.5,,,,True
2024-08-07,BEAR,BEAR,BEAR,0.5,,,,True
2024-08-08,BEAR,BEAR,BEAR,1.0,,,,False
2024-08-09,BEAR,BEAR,BEAR,1.0,,,,False
2024-08-12,BULL_CALM,BEAR,BEAR,0.5,,,,True
2024-08-13,BULL_CALM,BULL_VOLATILE,BULL_VOLATILE,0.5,,,,True
2024-08-14,BULL_CALM,BULL_VOLATILE,BULL_VOLATILE,0.5,,,,True
2024-08-15,BULL_CALM,BULL_VOLATILE,BULL_VOLATILE,0.7254683026292084,,,,False
2024-08-16,BULL_CALM,BULL_VOLATILE,BULL_VOLATILE,0.7196820530553855,,,,False
2024-08-19,BULL_CALM,BULL_VOLATILE,BULL_VOLATILE,0.7278980841885444,,,,False
2024-08-20,BULL_CALM,BULL_VOLATILE,BULL_VOLATILE,0.7347125301722486,,,,False
2024-08-21,BULL_CALM,BULL_VOLATILE,BULL_VOLATILE,0.7332967925690842,,,,False
2024-08-22,BULL_CALM,BULL_VOLATILE,BULL_VOLATILE,0.7093159257690328,,,,False
2024-08-23,BULL_CALM,BULL_VOLATILE,BULL_VOLATILE,0.6652893645866863,,,,False
2024-08-26,BULL_CALM,BULL_VOLATILE,BULL_VOLATILE,0.706472305861793,,,,False
2024-08-27,BULL_CALM,BULL_VOLATILE,BULL_VOLATILE,0.6904145734015619,,,,False
2024-08-28,BULL_CALM,BULL_VOLATILE,BULL_VOLATILE,0.655513042725726,,,,False
2024-08-29,BULL_CALM,BULL_VOLATILE,BULL_VOLATILE,0.6870134755249078,,,,False
2024-08-30,BULL_CALM,BULL_VOLATILE,BULL_VOLATILE,0.6884437707634246,,,,False
2024-09-03,BULL_CALM,BULL_CALM,BULL_VOLATILE,0.6734439819456061,,,,False
2024-09-04,BULL_CALM,BULL_CALM,BULL_VOLATILE,0.6595561893731682,,,,False
2024-09-05,BULL_CALM,BULL_CALM,BULL_VOLATILE,0.6618155454886931,,,,False
2024-09-06,BULL_CALM,BULL_CALM,BULL_VOLATILE,0.6756908990116475,,,,False
2024-09-09,BULL_CALM,BULL_CALM,BULL_VOLATILE,0.6684454126577691,,,,False
2024-09-10,BULL_CALM,BULL_CALM,BULL_VOLATILE,0.6740317529729543,,,,False
2024-09-11,BULL_CALM,BULL_CALM,BULL_VOLATILE,0.6693672857559947,,,,False
2024-09-12,BULL_CALM,BULL_CALM,BULL_VOLATILE,0.6756492423531973,,,,False
2024-09-13,BULL_CALM,BULL_CALM,BULL_VOLATILE,0.6731759556855257,,,,False
2024-09-16,BULL_CALM,BULL_CALM,BULL_VOLATILE,0.6750240168674979,,,,False
2024-09-17,BULL_CALM,BULL_CALM,BULL_VOLATILE,0.7042131828518144,,,,False
2024-09-18,BULL_CALM,BULL_CALM,BULL_VOLATILE,0.7085667625454312,,,,False
2024-09-19,BULL_CALM,BULL_CALM,BULL_VOLATILE,0.6935412256041694,,,,False
2024-09-20,BULL_CALM,BULL_CALM,BULL_VOLATILE,0.7057613681281066,,,,False
2024-09-23,BULL_CALM,BULL_CALM,BULL_VOLATILE,0.7157635743125011,,,,False
2024-09-24,BULL_CALM,BULL_CALM,BULL_VOLATILE,0.7202854775466764,,,,False
2024-09-25,BULL_CALM,BULL_CALM,BULL_VOLATILE,0.742648653986994,,,,False
2024-09-26,BULL_CALM,BULL_CALM,BULL_VOLATILE,0.7439661051118771,,,,False
2024-09-27,BULL_CALM,BULL_CALM,BULL_VOLATILE,0.7535566663594894,,,,False
2024-09-30,BULL_CALM,BULL_CALM,BULL_VOLATILE,0.7527954228263616,,,,False
2024-10-01,BULL_CALM,BULL_CALM,BULL_VOLATILE,0.7429230906115291,,,,False
2024-10-02,BULL_CALM,BULL_CALM,BULL_VOLATILE,0.7456299410962556,,,,False
2024-10-03,BULL_CALM,BULL_CALM,BULL_VOLATILE,0.7369682312321938,,,,False
2024-10-04,BULL_CALM,BULL_CALM,BULL_VOLATILE,0.7413429185398559,,,,False
2024-10-07,BULL_CALM,BULL_CALM,BULL_VOLATILE,0.7386309513209146,,,,False
2024-10-08,BULL_CALM,BULL_CALM,BULL_VOLATILE,0.7183927055639264,,,,False
2024-10-09,BULL_CALM,BULL_CALM,BULL_VOLATILE,0.7365533887449602,,,,False
2024-10-10,BULL_CALM,BULL_CALM,BULL_VOLATILE,0.7325048322249775,,,,False
2024-10-11,BULL_CALM,BULL_CALM,BULL_VOLATILE,0.7355782447343497,,,,False
2024-10-14,BULL_CALM,BULL_CALM,BULL_VOLATILE,0.737433357922034,,,,False
2024-10-15,BULL_CALM,BULL_CALM,BULL_VOLATILE,0.7131791061096796,,,,False
2024-10-16,BULL_CALM,BULL_CALM,BULL_VOLATILE,0.7215536283882673,,,,False
2024-10-17,BULL_CALM,BULL_CALM,BULL_VOLATILE,0.7068496627314804,,,,False
2024-10-18,BULL_CALM,BULL_CALM,BULL_VOLATILE,0.7098998956499658,,,,False
2024-10-21,BULL_CALM,BULL_CALM,BULL_VOLATILE,0.7111622027434438,,,,False
2024-10-22,BULL_CALM,BULL_CALM,BULL_VOLATILE,0.7062460100609923,,,,False
2024-10-23,BULL_CALM,BULL_CALM,BULL_VOLATILE,0.6986904728719088,,,,False
2024-10-24,BULL_CALM,BULL_CALM,BULL_VOLATILE,0.7085220923987327,,,,False
2024-10-25,BULL_CALM,BULL_CALM,BULL_VOLATILE,0.7052132198495373,,,,False
2024-10-28,BULL_CALM,BULL_CALM,BULL_VOLATILE,0.6697150542454713,,,,False
2024-10-29,BULL_CALM,BULL_CALM,BULL_VOLATILE,0.7353330024757009,,,,False
2024-10-30,BULL_CALM,BULL_CALM,BULL_VOLATILE,0.688270065488475,,,,False
2024-10-31,BULL_CALM,BULL_CALM,BULL_VOLATILE,0.6465404422645846,,,,False
2024-11-01,BULL_CALM,BULL_CALM,BULL_VOLATILE,0.7162158099693808,,,,False
2024-11-04,BULL_CALM,BULL_VOLATILE,BULL_VOLATILE,0.7004651227053044,,,,False
2024-11-05,CHOPPY,BULL_CALM,BULL_VOLATILE,0.5,,,,True
2024-11-06,BEAR,CHOPPY,CHOPPY,0.5,,,,True
2024-11-07,BULL_CALM,BEAR,BEAR,0.5,,,,True
2024-11-08,BULL_CALM,BULL_CALM,BULL_VOLATILE,0.6972811306847825,,,,False
2024-11-11,BULL_CALM,BULL_CALM,BULL_VOLATILE,0.6546599970001805,,,,False
2024-11-12,BULL_CALM,BULL_CALM,BULL_VOLATILE,0.6492912137501653,,,,False
2024-11-13,BULL_CALM,BULL_CALM,BULL_VOLATILE,0.633756803284588,,,,False
2024-11-14,BULL_CALM,BULL_CALM,BULL_VOLATILE,0.6447984414246308,,,,False
2024-11-15,BULL_CALM,BULL_CALM,BULL_VOLATILE,0.6406733609838169,,,,False
2024-11-18,BULL_CALM,BULL_CALM,BULL_VOLATILE,0.645933752153052,,,,False
2024-11-19,BULL_CALM,BULL_CALM,BULL_VOLATILE,0.6598114827486012,,,,False
2024-11-20,BULL_CALM,BULL_CALM,BULL_VOLATILE,0.6645576468878417,,,,False
2024-11-21,BULL_CALM,BULL_CALM,BULL_VOLATILE,0.6786378228284238,,,,False
2024-11-22,BULL_CALM,BULL_CALM,BULL_VOLATILE,0.6756783142954681,,,,False
2024-11-25,BULL_CALM,BULL_CALM,BULL_VOLATILE,0.6777283811767286,,,,False
2024-11-26,BULL_CALM,BULL_CALM,BULL_VOLATILE,0.6665930046367616,,,,False
2024-11-27,BULL_CALM,BULL_CALM,BULL_VOLATILE,0.6634664374010291,,,,False
2024-11-29,BULL_CALM,BULL_CALM,BULL_VOLATILE,0.6845655624432221,,,,False
2024-12-02,BULL_CALM,BULL_CALM,BULL_VOLATILE,0.6687344654759326,,,,False
2024-12-03,BULL_CALM,BULL_CALM,BULL_VOLATILE,0.6558743186141017,,,,False
2024-12-04,BULL_CALM,BULL_CALM,BULL_VOLATILE,0.6456638325893042,,,,False
2024-12-05,BULL_CALM,BULL_CALM,BULL_VOLATILE,0.7042567716418112,,,,False
2024-12-06,BULL_CALM,BULL_CALM,BULL_VOLATILE,0.6735563507383197,,,,False
2024-12-09,BULL_CALM,BULL_CALM,BULL_VOLATILE,0.6565210236442524,,,,False
2024-12-10,BULL_CALM,BULL_CALM,BULL_VOLATILE,0.6129724563910527,,,,False
2024-12-11,BULL_CALM,BULL_CALM,BULL_VOLATILE,0.5782481755448783,,,,False
2024-12-12,BULL_CALM,BULL_CALM,BULL_VOLATILE,0.5631888787723913,,,,False
2024-12-13,BULL_CALM,BULL_CALM,BULL_VOLATILE,0.551672078833693,,,,False
2024-12-16,BULL_CALM,BULL_CALM,BULL_VOLATILE,0.5547491731701204,,,,False
2024-12-17,BULL_CALM,BULL_CALM,BULL_VOLATILE,0.5614814207299992,,,,False
2024-12-18,CHOPPY,BULL_CALM,BULL_VOLATILE,0.5,,,,True
2024-12-19,CHOPPY,CHOPPY,CHOPPY,0.5,,,,True
2024-12-20,CHOPPY,CHOPPY,CHOPPY,0.5,,,,True
2024-12-23,CHOPPY,CHOPPY,CHOPPY,0.0,,,,False
2024-12-24,BEAR,CHOPPY,CHOPPY,0.5,,,,True
2024-12-26,BULL_CALM,BEAR,BEAR,0.5,,,,True
2024-12-27,BULL_CALM,BULL_CALM,BULL_VOLATILE,0.5,,,,True
2024-12-30,BULL_CALM,BULL_VOLATILE,BULL_VOLATILE,0.6094023854326192,,,,False
2024-12-31,BULL_CALM,BULL_VOLATILE,BULL_VOLATILE,0.6449110936141631,,,,False
2025-01-02,BULL_CALM,BULL_VOLATILE,BULL_VOLATILE,0.6320233728454167,,,,False
2025-01-03,BULL_CALM,BULL_VOLATILE,BULL_VOLATILE,0.6486478630711023,,,,False
2025-01-06,BULL_CALM,BULL_VOLATILE,BULL_VOLATILE,0.6292948125780057,,,,False
2025-01-07,BULL_CALM,BULL_VOLATILE,BULL_VOLATILE,0.672703443393225,,,,False
2025-01-08,BULL_CALM,BULL_VOLATILE,BULL_VOLATILE,0.6508567811955033,,,,False
2025-01-10,BULL_CALM,BULL_VOLATILE,BULL_VOLATILE,0.6343050757610988,,,,False
2025-01-13,BULL_CALM,BULL_VOLATILE,BULL_VOLATILE,0.6293833949669276,,,,False
2025-01-14,BULL_CALM,BULL_VOLATILE,BULL_VOLATILE,0.6256227104532955,,,,False
2025-01-15,BULL_CALM,BULL_VOLATILE,BULL_VOLATILE,0.6106860467499138,,,,False
2025-01-16,BULL_CALM,BULL_VOLATILE,BULL_VOLATILE,0.5927152338281575,,,,False
2025-01-17,BULL_CALM,BULL_VOLATILE,BULL_VOLATILE,0.5883847597869799,,,,False
2025-01-21,BULL_CALM,BULL_VOLATILE,BULL_VOLATILE,0.5777835624798222,,,,False
2025-01-22,BULL_CALM,BULL_CALM,BULL_VOLATILE,0.5667925453164187,,,,False
2025-01-23,BULL_CALM,BULL_CALM,BULL_VOLATILE,0.5554381163555787,,,,False
2025-01-24,BULL_CALM,BULL_CALM,BULL_VOLATILE,0.5428111341039205,,,,False
2025-01-27,BULL_CALM,BULL_CALM,BULL_VOLATILE,0.5310359299326164,,,,False
2025-01-28,BULL_CALM,BULL_VOLATILE,BULL_VOLATILE,0.5300031131146902,,,,False
2025-01-29,BULL_CALM,BULL_CALM,BULL_VOLATILE,0.5266813744031061,,,,False
2025-01-30,BULL_CALM,BULL_CALM,BULL_VOLATILE,0.5305111501831219,,,,False
2025-01-31,BULL_CALM,BULL_CALM,BULL_VOLATILE,0.5346670427001609,,,,False
2025-02-03,BULL_CALM,BULL_CALM,BULL_VOLATILE,0.5476695424787115,,,,False
2025-02-04,BULL_CALM,BULL_CALM,BULL_VOLATILE,0.575346660838123,,,,False
2025-02-05,BULL_CALM,BULL_CALM,BULL_VOLATILE,0.5819150590259318,,,,False
2025-02-06,BULL_CALM,BULL_CALM,BULL_VOLATILE,0.5789290437809067,,,,False
2025-02-07,BULL_CALM,BULL_CALM,BULL_VOLATILE,0.520769292435581,,,,False
2025-02-10,BULL_CALM,BULL_CALM,BULL_VOLATILE,0.5634847516465752,,,,False
2025-02-11,BULL_CALM,BULL_CALM,BULL_VOLATILE,0.6232972130943236,,,,False
2025-02-12,BULL_CALM,BULL_CALM,BULL_VOLATILE,0.6378910365656268,,,,False
2025-02-13,BULL_CALM,BULL_CALM,BULL_VOLATILE,0.6451666496935067,,,,False
2025-02-14,BULL_CALM,BULL_CALM,BULL_VOLATILE,0.6206217185697988,,,,False
2025-02-18,BULL_CALM,BULL_CALM,BULL_VOLATILE,0.6036199024263872,,,,False
2025-02-19,BULL_CALM,BULL_CALM,BULL_VOLATILE,0.5909154924619817,,,,False
2025-02-20,BULL_CALM,BULL_CALM,BULL_VOLATILE,0.60211623130415,,,,False
2025-02-21,BULL_CALM,BULL_CALM,BULL_VOLATILE,0.5826012254031039,,,,False
2025-02-24,BULL_CALM,BULL_VOLATILE,BULL_VOLATILE,0.5880888208862136,,,,False
2025-02-25,BULL_CALM,BULL_VOLATILE,BULL_VOLATILE,0.5821131949554816,,,,False
2025-02-26,BULL_CALM,BULL_VOLATILE,BULL_VOLATILE,0.5570807016731794,,,,False
2025-02-27,BEAR,BULL_VOLATILE,BULL_VOLATILE,0.5,,,,True
2025-02-28,BULL_CALM,BEAR,BEAR,0.5,,,,True
2025-03-03,BULL_CALM,BULL_VOLATILE,BULL_VOLATILE,0.5,,,,True
2025-03-04,BULL_CALM,BULL_VOLATILE,BULL_VOLATILE,0.513510523866564,,,,False
2025-03-05,BULL_CALM,BULL_VOLATILE,BULL_VOLATILE,0.5036601578367497,,,,False
2025-03-06,BEAR,BULL_VOLATILE,BULL_VOLATILE,0.5,,,,True
2025-03-07,BULL_VOLATILE,BEAR,BEAR,0.5,,,,True
2025-03-10,BEAR,BULL_VOLATILE,BULL_VOLATILE,0.5,,,,True
2025-03-11,BEAR,BEAR,BEAR,1.0,,,,False
2025-03-12,BEAR,BEAR,BEAR,1.0,,,,False
2025-03-13,BEAR,BEAR,BEAR,1.0,,,,False
2025-03-14,BEAR,BEAR,BEAR,1.0,,,,False
2025-03-17,BEAR,BEAR,BEAR,0.5464558351182025,,,,False
2025-03-18,BEAR,BULL_VOLATILE,BULL_VOLATILE,1.0,,,,False
2025-03-19,BEAR,BEAR,BEAR,0.5587813308601267,,,,False
2025-03-20,BEAR,BULL_VOLATILE,BULL_VOLATILE,0.5831660297431736,,,,False
2025-03-21,BEAR,BULL_VOLATILE,BULL_VOLATILE,0.5547103736602462,,,,False
2025-03-24,BULL_CALM,BULL_VOLATILE,BULL_VOLATILE,0.5,,,,True
2025-03-25,BULL_CALM,BULL_VOLATILE,BULL_VOLATILE,0.5,,,,True
2025-03-26,BEAR,BULL_VOLATILE,BULL_VOLATILE,0.5,,,,True
2025-03-27,BEAR,BULL_VOLATILE,BULL_VOLATILE,0.6304729360516104,,,,False
2025-03-28,BEAR,BULL_VOLATILE,BULL_VOLATILE,0.6652497291451489,,,,False
2025-03-31,BEAR,BULL_VOLATILE,BULL_VOLATILE,0.6593342552373066,,,,False
2025-04-01,BEAR,BULL_VOLATILE,BULL_VOLATILE,0.6473176564529018,,,,False
2025-04-02,BEAR,BULL_VOLATILE,BULL_VOLATILE,0.622054250289174,,,,False
2025-04-03,BEAR,BULL_VOLATILE,BULL_VOLATILE,1.0,,,,False
2025-04-04,BEAR,BEAR,BEAR,1.0,,,,False
2025-04-07,BEAR,BEAR,BEAR,1.0,,,,False
2025-04-08,BEAR,BEAR,BEAR,1.0,,,,False
2025-04-09,BEAR,BEAR,BEAR,1.0,,,,False
2025-04-10,BEAR,BEAR,BEAR,1.0,,,,False
2025-04-11,BEAR,BEAR,BEAR,1.0,,,,False
2025-04-14,BEAR,BEAR,BEAR,1.0,,,,False
2025-04-15,BEAR,BEAR,BEAR,1.0,,,,False
2025-04-16,BEAR,BEAR,BEAR,1.0,,,,False
2025-04-17,BEAR,BEAR,BEAR,1.0,,,,False
2025-04-21,BEAR,BEAR,BEAR,1.0,,,,False
2025-04-22,BEAR,BEAR,BEAR,1.0,,,,False
2025-04-23,BEAR,BEAR,BEAR,1.0,,,,False
2025-04-24,BEAR,BEAR,BEAR,1.0,,,,False
2025-04-25,BEAR,BEAR,BEAR,1.0,,,,False
2025-04-28,BEAR,BEAR,BEAR,1.0,,,,False
2025-04-29,BEAR,BEAR,BEAR,1.0,,,,False
2025-04-30,BEAR,BEAR,BEAR,1.0,,,,False
2025-05-01,BEAR,BEAR,BEAR,1.0,,,,False
2025-05-02,BEAR,BEAR,BEAR,1.0,,,,False
2025-05-05,BEAR,BEAR,BEAR,1.0,,,,False
2025-05-06,BEAR,BEAR,BEAR,1.0,,,,False
2025-05-07,BEAR,BEAR,BEAR,1.0,,,,False
2025-05-08,BULL_CALM,BEAR,BEAR,0.5,,,,True
2025-05-09,BULL_CALM,BULL_VOLATILE,BULL_VOLATILE,0.5,,,,True
2025-05-12,BULL_CALM,BULL_VOLATILE,BULL_VOLATILE,0.5,,,,True
2025-05-13,BULL_CALM,BULL_VOLATILE,BULL_VOLATILE,0.5572167149642293,,,,False
2025-05-14,BULL_CALM,BULL_VOLATILE,BULL_VOLATILE,0.5655596391700163,,,,False
2025-05-15,BULL_CALM,BULL_VOLATILE,BULL_VOLATILE,0.5258430152945265,,,,False
2025-05-16,BULL_CALM,BULL_VOLATILE,BULL_VOLATILE,0.5250350101403478,,,,False
2025-05-19,BULL_CALM,BULL_VOLATILE,BULL_VOLATILE,0.520823998339657,,,,False
2025-05-20,BULL_CALM,BULL_CALM,BULL_VOLATILE,0.5065073363108314,,,,False
2025-05-21,BULL_CALM,BULL_CALM,BULL_VOLATILE,0.5066827966697757,,,,False
2025-05-22,BULL_CALM,BULL_CALM,BULL_VOLATILE,0.511251148303338,,,,False
2025-05-23,BULL_CALM,BULL_CALM,BULL_VOLATILE,0.5060256474166114,,,,False
2025-05-27,BULL_CALM,BULL_CALM,BULL_VOLATILE,0.5161768420488251,,,,False
2025-05-28,BULL_CALM,BULL_CALM,BULL_VOLATILE,0.5390998497220082,,,,False
2025-05-29,BULL_CALM,BULL_CALM,BULL_VOLATILE,0.5425640379844469,,,,False
2025-05-30,BULL_CALM,BULL_CALM,BULL_VOLATILE,0.5678180898961247,,,,False
2025-06-02,BULL_CALM,BULL_CALM,BULL_VOLATILE,0.5572806932213911,,,,False
2025-06-03,BULL_CALM,BULL_CALM,BULL_VOLATILE,0.5410787715409671,,,,False
2025-06-04,BULL_CALM,BULL_CALM,BULL_VOLATILE,0.5768551954110238,,,,False
2025-06-05,BULL_CALM,BULL_CALM,BULL_VOLATILE,0.5415898610520301,,,,False
2025-06-06,BULL_CALM,BULL_CALM,BULL_VOLATILE,0.5504335810820492,,,,False
2025-06-09,BULL_CALM,BULL_CALM,BULL_VOLATILE,0.5371988061747215,,,,False
2025-06-10,BULL_CALM,BULL_CALM,BULL_VOLATILE,0.5309453891112209,,,,False
2025-06-11,BULL_CALM,BULL_CALM,BULL_VOLATILE,0.5111494055610406,,,,False
2025-06-12,BULL_CALM,BULL_CALM,BULL_VOLATILE,0.5195496744260171,,,,False
2025-06-13,BULL_CALM,BULL_CALM,BULL_VOLATILE,0.5061013768211275,,,,False
2025-06-16,BULL_CALM,BULL_CALM,BULL_VOLATILE,0.9273090448167992,,,,False
2025-06-17,BULL_CALM,BULL_CALM,BULL_VOLATILE,0.763134970075349,,,,False
2025-06-18,BULL_CALM,BULL_CALM,BULL_VOLATILE,0.8336313861732387,,,,False
2025-06-20,BULL_CALM,BULL_CALM,BULL_VOLATILE,0.9582773673871495,,,,False
2025-06-23,BULL_CALM,BULL_CALM,BULL_VOLATILE,0.9597834484686486,,,,False
2025-06-24,BULL_CALM,BULL_CALM,BULL_VOLATILE,0.8843894062926836,,,,False
2025-06-25,BULL_CALM,BULL_CALM,BULL_VOLATILE,0.9467835792321935,,,,False
2025-06-26,BULL_CALM,BULL_CALM,BULL_VOLATILE,0.9183210962545316,,,,False
2025-06-27,BULL_CALM,BULL_CALM,BULL_VOLATILE,0.8992940365421221,,,,False
2025-06-30,BULL_CALM,BULL_CALM,BULL_VOLATILE,0.6081137020670851,,,,False
2025-07-01,BULL_CALM,BULL_CALM,BULL_VOLATILE,0.9645032764985018,,,,False
2025-07-02,BULL_CALM,BULL_CALM,BULL_VOLATILE,0.9605861798827507,,,,False
2025-07-03,BULL_CALM,BULL_CALM,BULL_VOLATILE,0.9968407747073744,,,,False
2025-07-07,BULL_CALM,BULL_CALM,BULL_VOLATILE,0.6539850489381478,,,,False
2025-07-08,BULL_CALM,BULL_CALM,BULL_VOLATILE,0.9492572456836497,,,,False
2025-07-09,BULL_CALM,BULL_CALM,BULL_VOLATILE,0.9501922306313942,,,,False
2025-07-10,BULL_CALM,BULL_CALM,BULL_VOLATILE,0.9528403057301125,,,,False
2025-07-11,BULL_CALM,BULL_CALM,BULL_VOLATILE,0.5907005666073726,,,,False
2025-07-14,BULL_CALM,BULL_CALM,BULL_VOLATILE,0.5706540064631193,,,,False
2025-07-15,BULL_CALM,BULL_CALM,BULL_VOLATILE,0.6287052731591724,,,,False
2025-07-16,BULL_CALM,BULL_CALM,BULL_VOLATILE,0.653014847553626,,,,False
2025-07-17,BULL_CALM,BULL_CALM,BULL_VOLATILE,0.6405721573010631,,,,False
2025-07-18,BULL_CALM,BULL_CALM,BULL_VOLATILE,0.6051466506410603,,,,False
2025-07-21,BULL_CALM,BULL_CALM,BULL_VOLATILE,0.6053837706009134,,,,False
2025-07-22,BULL_CALM,BULL_CALM,BULL_VOLATILE,0.6060670415340603,,,,False
2025-07-23,BULL_CALM,BULL_CALM,BULL_VOLATILE,0.5816106987938684,,,,False
2025-07-24,BULL_CALM,BULL_CALM,BULL_VOLATILE,0.5760884479403705,,,,False
2025-07-25,BULL_CALM,BULL_CALM,BULL_VOLATILE,0.5684295677148631,,,,False
2025-07-28,BULL_CALM,BULL_CALM,BULL_VOLATILE,0.5480247291788876,,,,False
2025-07-29,BULL_CALM,BULL_CALM,BULL_VOLATILE,0.5727687310455792,,,,False
2025-07-30,BULL_CALM,BULL_CALM,BULL_VOLATILE,0.5621581181202321,,,,False
2025-07-31,BULL_CALM,BULL_CALM,BULL_VOLATILE,0.5755942916745755,,,,False
2025-08-01,BULL_CALM,BULL_CALM,BULL_VOLATILE,0.5711273796777558,,,,False
2025-08-04,BULL_CALM,BULL_VOLATILE,BULL_VOLATILE,0.6153123633441613,,,,False
2025-08-05,BULL_CALM,BULL_CALM,BULL_VOLATILE,0.6158363282656123,,,,False
2025-08-06,CHOPPY,BULL_CALM,BULL_VOLATILE,0.5,,,,True
2025-08-07,CHOPPY,CHOPPY,CHOPPY,0.5,,,,True
2025-08-08,BULL_CALM,CHOPPY,CHOPPY,0.5,,,,True
2025-08-11,BULL_CALM,BULL_CALM,BULL_VOLATILE,0.6291495208297498,,,,False
2025-08-12,BULL_CALM,BULL_CALM,BULL_VOLATILE,0.6120054446146925,,,,False
2025-08-13,BULL_CALM,BULL_CALM,BULL_VOLATILE,0.6098004945555046,,,,False
2025-08-14,BULL_CALM,BULL_CALM,BULL_VOLATILE,0.5933542803165499,,,,False
2025-08-15,BULL_CALM,BULL_CALM,BULL_VOLATILE,0.5873232167707116,,,,False
2025-08-18,BULL_CALM,BULL_CALM,BULL_VOLATILE,0.5908710978084606,,,,False
2025-08-19,BULL_CALM,BULL_CALM,BULL_VOLATILE,0.5655760933962332,,,,False
2025-08-20,BULL_CALM,BULL_CALM,BULL_VOLATILE,0.5268969088664331,,,,False
2025-08-21,BULL_CALM,BULL_CALM,BULL_VOLATILE,0.5490207970482952,,,,False
2025-08-22,BULL_CALM,BULL_CALM,BULL_VOLATILE,0.5521070922890347,,,,False
2025-08-25,BULL_CALM,BULL_CALM,BULL_VOLATILE,0.6095772893606035,,,,False
2025-08-26,BULL_CALM,BULL_CALM,BULL_VOLATILE,0.6005953342362353,,,,False
2025-08-27,BULL_CALM,BULL_CALM,BULL_VOLATILE,0.6066639332620775,,,,False
2025-08-28,BULL_CALM,BULL_CALM,BULL_VOLATILE,0.6042213391123444,,,,False
2025-08-29,BULL_CALM,BULL_CALM,BULL_VOLATILE,0.5902793994034385,,,,False
2025-09-02,BULL_CALM,BULL_CALM,BULL_VOLATILE,0.5992778292679133,,,,False
2025-09-03,BULL_CALM,BULL_CALM,BULL_VOLATILE,0.6185549674783752,,,,False
2025-09-04,BULL_CALM,BULL_CALM,BULL_VOLATILE,0.6138211263522736,,,,False
2025-09-05,BULL_CALM,BULL_CALM,BULL_VOLATILE,0.5906526685943053,,,,False
2025-09-08,BULL_CALM,BULL_CALM,BULL_VOLATILE,0.6442599020602227,,,,False
2025-09-09,BULL_CALM,BULL_CALM,BULL_VOLATILE,0.6291117635514386,,,,False
2025-09-10,BULL_CALM,BULL_CALM,BULL_VOLATILE,0.6532847024871133,,,,False
2025-09-11,BULL_CALM,BULL_CALM,BULL_VOLATILE,0.6260178067370425,,,,False
2025-09-12,BULL_CALM,BULL_CALM,BULL_VOLATILE,0.639513148317355,,,,False
2025-09-15,BULL_CALM,BULL_CALM,BULL_VOLATILE,0.5994366061039379,,,,False
2025-09-16,BULL_CALM,BULL_CALM,BULL_VOLATILE,0.6559651355839877,,,,False
2025-09-17,BULL_CALM,BULL_CALM,BULL_VOLATILE,0.6411715224674577,,,,False
2025-09-18,BULL_CALM,BULL_CALM,BULL_VOLATILE,0.644062922282467,,,,False
2025-09-19,BULL_CALM,BULL_CALM,BULL_VOLATILE,0.6542547288772047,,,,False
2025-09-22,BULL_CALM,BULL_CALM,BULL_VOLATILE,0.623873180822603,,,,False
2025-09-23,BULL_CALM,BULL_CALM,BULL_VOLATILE,0.5617325526930913,,,,False
2025-09-24,BULL_CALM,BULL_CALM,BULL_VOLATILE,0.5717783688979836,,,,False
2025-09-25,BULL_CALM,BULL_CALM,BULL_VOLATILE,0.5338685283762427,,,,False
2025-09-26,BULL_CALM,BULL_CALM,BULL_VOLATILE,0.5254679474754167,,,,False
2025-09-29,BULL_CALM,BULL_CALM,BULL_VOLATILE,0.5428216049479909,,,,False
2025-09-30,BULL_CALM,BULL_CALM,BULL_VOLATILE,0.5507362271330907,,,,False
2025-10-01,BULL_CALM,BULL_CALM,BULL_VOLATILE,0.5379028870777697,,,,False
2025-10-02,BULL_CALM,BULL_CALM,BULL_VOLATILE,0.5422593753826491,,,,False
2025-10-03,BULL_CALM,BULL_CALM,BULL_VOLATILE,0.5380258905731822,,,,False
2025-10-06,BULL_CALM,BULL_CALM,BULL_VOLATILE,0.5428071761979372,,,,False
2025-10-07,BULL_CALM,BULL_CALM,BULL_VOLATILE,0.5310937201830224,,,,False
2025-10-08,BULL_CALM,BULL_CALM,BULL_VOLATILE,0.5149084426092201,,,,False
2025-10-09,BULL_CALM,BULL_CALM,BULL_VOLATILE,0.5084185611021294,,,,False
2025-10-10,CHOPPY,BULL_CALM,BULL_VOLATILE,0.5,,,,True
2025-10-13,BEAR,CHOPPY,CHOPPY,0.5,,,,True
2025-10-14,CHOPPY,BEAR,BEAR,0.5,,,,True
2025-10-15,CHOPPY,BEAR,BEAR,0.0,,,,False
2025-10-16,CHOPPY,CHOPPY,CHOPPY,0.0,,,,False
2025-10-17,BULL_CALM,BEAR,BEAR,0.5,,,,True
2025-10-20,BULL_CALM,BULL_CALM,BULL_VOLATILE,0.5,,,,True
2025-10-21,BULL_CALM,BULL_CALM,BULL_VOLATILE,0.5,,,,True
2025-10-22,BULL_CALM,BULL_CALM,BULL_VOLATILE,0.5355137426716008,,,,False
2025-10-23,BULL_CALM,BULL_CALM,BULL_VOLATILE,0.5366866245286613,,,,False
2025-10-24,BULL_CALM,BULL_CALM,BULL_VOLATILE,0.5230977029194146,,,,False
2025-10-27,BULL_VOLATILE,BULL_CALM,BULL_VOLATILE,0.5,,,,True
2025-10-28,BULL_VOLATILE,BULL_CALM,BULL_VOLATILE,0.5,,,,True
2025-10-29,BULL_VOLATILE,BULL_CALM,BULL_VOLATILE,0.5,,,,True
2025-10-30,BULL_CALM,BULL_CALM,BULL_VOLATILE,0.5,,,,True
2025-10-31,BULL_VOLATILE,BULL_CALM,BULL_VOLATILE,0.5,,,,True
2025-11-03,BULL_CALM,BULL_CALM,BULL_VOLATILE,0.5,,,,True
2025-11-04,BULL_CALM,BULL_CALM,BULL_VOLATILE,0.5112736999464894,,,,False
2025-11-05,BULL_CALM,BULL_CALM,BULL_VOLATILE,0.5208781622730814,,,,False
2025-11-06,BULL_VOLATILE,BULL_CALM,BULL_VOLATILE,0.5,,,,True
2025-11-07,BULL_CALM,BULL_VOLATILE,BULL_VOLATILE,0.5,,,,True
2025-11-10,BULL_CALM,BULL_CALM,BULL_VOLATILE,0.5,,,,True
2025-11-11,BULL_CALM,BULL_CALM,BULL_VOLATILE,0.5192236702246196,,,,False
2025-11-12,BULL_CALM,BULL_CALM,BULL_VOLATILE,0.505668582012085,,,,False
2025-11-13,CHOPPY,BULL_CALM,BULL_VOLATILE,0.5,,,,True
2025-11-14,CHOPPY,CHOPPY,CHOPPY,0.5,,,,True
2025-11-17,BULL_VOLATILE,CHOPPY,CHOPPY,0.5,,,,True
2025-11-18,BULL_VOLATILE,BULL_VOLATILE,BULL_VOLATILE,0.97014309946051,,,,False
2025-11-19,BULL_VOLATILE,BULL_VOLATILE,BULL_VOLATILE,0.9507583993027519,,,,False
2025-11-20,BULL_CALM,BULL_VOLATILE,BULL_VOLATILE,0.5,,,,True
2025-11-21,BULL_CALM,BULL_VOLATILE,BULL_VOLATILE,0.5,,,,True
2025-11-24,BULL_CALM,BULL_VOLATILE,BULL_VOLATILE,0.5,,,,True
2025-11-25,BULL_CALM,BULL_VOLATILE,BULL_VOLATILE,0.5906722756044471,,,,False
2025-11-26,BULL_CALM,BULL_VOLATILE,BULL_VOLATILE,0.6092449017254804,,,,False
2025-11-28,BULL_CALM,BULL_VOLATILE,BULL_VOLATILE,0.5637501908260588,,,,False
2025-12-01,BULL_CALM,BULL_CALM,BULL_VOLATILE,0.5859785361246955,,,,False
2025-12-02,BULL_CALM,BULL_VOLATILE,BULL_VOLATILE,0.5929654998137488,,,,False
2025-12-03,BULL_CALM,BULL_VOLATILE,BULL_VOLATILE,0.5956658542110619,,,,False
2025-12-04,BULL_CALM,BULL_CALM,BULL_VOLATILE,0.6012462571971372,,,,False
2025-12-05,BULL_CALM,BULL_CALM,BULL_VOLATILE,0.5859753359750525,,,,False
2025-12-08,BULL_CALM,BULL_CALM,BULL_VOLATILE,0.5985945872792278,,,,False
2025-12-09,BULL_CALM,BULL_CALM,BULL_VOLATILE,0.6070017188575112,,,,False
2025-12-10,BULL_CALM,BULL_CALM,BULL_VOLATILE,0.6024638633355073,,,,False
2025-12-11,BULL_CALM,BULL_CALM,BULL_VOLATILE,0.5863397333595135,,,,False
2025-12-12,BULL_CALM,BULL_CALM,BULL_VOLATILE,0.5900598521178533,,,,False
2025-12-15,BULL_CALM,BULL_CALM,BULL_VOLATILE,0.5957186754201463,,,,False
2025-12-16,BULL_CALM,BULL_CALM,BULL_VOLATILE,0.605051893237658,,,,False
2025-12-17,BULL_CALM,BULL_CALM,BULL_VOLATILE,0.5931658388723315,,,,False
2025-12-18,BULL_CALM,BULL_CALM,BULL_VOLATILE,0.6032140002075406,,,,False
2025-12-19,BULL_CALM,BULL_CALM,BULL_VOLATILE,0.5871535320856678,,,,False
2025-12-22,BULL_CALM,BULL_CALM,BULL_VOLATILE,0.6103630652141347,,,,False
2025-12-23,BULL_CALM,BULL_CALM,BULL_VOLATILE,0.6085430953479372,,,,False
2025-12-24,BULL_CALM,BULL_CALM,BULL_VOLATILE,0.6113085758020331,,,,False
2025-12-26,BULL_CALM,BULL_CALM,BULL_VOLATILE,0.6142457225607796,,,,False
2025-12-29,BULL_CALM,BULL_CALM,BULL_VOLATILE,0.6259071643593448,,,,False
2025-12-30,BULL_CALM,BULL_CALM,BULL_VOLATILE,0.6263911471137328,,,,False
2025-12-31,BULL_CALM,BULL_CALM,BULL_VOLATILE,0.6410689463052147,,,,False
2026-01-02,BULL_CALM,BULL_CALM,BULL_VOLATILE,0.6492164536988724,,,,False
2026-01-05,BULL_CALM,BULL_VOLATILE,BULL_VOLATILE,0.6589155146612666,,,,False
2026-01-06,BULL_CALM,BULL_CALM,BULL_VOLATILE,0.6630910059184991,,,,False
2026-01-07,BULL_CALM,BULL_CALM,BULL_VOLATILE,0.6676444767382228,,,,False
2026-01-08,BULL_CALM,BULL_CALM,BULL_VOLATILE,0.6830877572818134,,,,False
2026-01-09,BULL_CALM,BULL_CALM,BULL_VOLATILE,0.6849327283863271,,,,False
2026-01-12,BULL_CALM,BULL_CALM,BULL_VOLATILE,0.6699461667756993,,,,False
2026-01-13,BULL_CALM,BULL_CALM,BULL_VOLATILE,0.6663500451173042,,,,False
2026-01-14,BULL_CALM,BULL_CALM,BULL_VOLATILE,0.6820968295335705,,,,False
2026-01-15,BULL_CALM,BULL_CALM,BULL_VOLATILE,0.6947805479715186,,,,False
2026-01-16,BULL_CALM,BULL_CALM,BULL_VOLATILE,0.6985512594451115,,,,False
2026-01-20,BULL_CALM,BULL_CALM,BULL_VOLATILE,0.6891748582287216,,,,False
2026-01-21,CHOPPY,BULL_CALM,BULL_VOLATILE,0.5,,,,True
2026-01-22,CHOPPY,CHOPPY,CHOPPY,0.5,,,,True
2026-01-23,CHOPPY,CHOPPY,CHOPPY,0.5,,,,True
2026-01-26,CHOPPY,CHOPPY,CHOPPY,0.0,,,,False
2026-01-27,BULL_CALM,CHOPPY,CHOPPY,0.5,,,,True
2026-01-28,BULL_CALM,BULL_CALM,BULL_VOLATILE,0.5,,,,True
2026-01-29,BULL_CALM,BULL_CALM,BULL_VOLATILE,0.5,,,,True
2026-01-30,BULL_CALM,BULL_CALM,BULL_VOLATILE,0.6229937904495633,,,,False
2026-02-02,BULL_CALM,BULL_CALM,BULL_VOLATILE,0.6298149118889487,,,,False
2026-02-03,BULL_CALM,BULL_CALM,BULL_VOLATILE,0.6365862012896745,,,,False
2026-02-04,BULL_CALM,BULL_CALM,BULL_VOLATILE,0.6342520826114668,,,,False
2026-02-05,BULL_CALM,BULL_VOLATILE,BULL_VOLATILE,0.6541227433694248,,,,False
2026-02-06,CHOPPY,BULL_VOLATILE,BULL_VOLATILE,0.5,,,,True
2026-02-09,CHOPPY,CHOPPY,CHOPPY,0.5,,,,True
2026-02-10,CHOPPY,CHOPPY,CHOPPY,0.5,,,,True
2026-02-11,CHOPPY,CHOPPY,CHOPPY,0.0,,,,False
2026-02-12,CHOPPY,CHOPPY,CHOPPY,0.0,,,,False
2026-02-13,BULL_CALM,CHOPPY,CHOPPY,0.5,,,,True
2026-02-17,BULL_CALM,BULL_VOLATILE,BULL_VOLATILE,0.5,,,,True
2026-02-18,BULL_CALM,BULL_VOLATILE,BULL_VOLATILE,0.5,,,,True
2026-02-19,BULL_CALM,BULL_CALM,BULL_VOLATILE,0.5672614155120146,,,,False
2026-02-20,BULL_CALM,BULL_VOLATILE,BULL_VOLATILE,0.5408343597997872,,,,False
2026-02-23,BULL_CALM,BULL_CALM,BULL_VOLATILE,0.5493637803087307,,,,False
2026-02-24,BULL_CALM,BULL_VOLATILE,BULL_VOLATILE,0.6296163813968135,,,,False
2026-02-25,BULL_CALM,BULL_VOLATILE,BULL_VOLATILE,0.5899716224373797,,,,False
2026-02-26,BULL_CALM,BULL_VOLATILE,BULL_VOLATILE,0.5436408838094317,,,,False
2026-02-27,BULL_CALM,BULL_VOLATILE,BULL_VOLATILE,0.5174521302970914,,,,False
2026-03-02,BULL_CALM,BULL_VOLATILE,BULL_VOLATILE,0.5175366665813437,,,,False
2026-03-03,BULL_CALM,BULL_VOLATILE,BULL_VOLATILE,0.5627745655264104,,,,False
2026-03-04,BULL_CALM,BULL_VOLATILE,BULL_VOLATILE,0.6180911405182752,,,,False
2026-03-05,BULL_CALM,BULL_VOLATILE,BULL_VOLATILE,0.5985127750639739,,,,False
2026-03-06,BULL_CALM,BULL_VOLATILE,BULL_VOLATILE,0.5095600349433416,,,,False
2026-03-09,BULL_CALM,BULL_VOLATILE,BULL_VOLATILE,0.5091952004726007,,,,False
2026-03-10,BULL_CALM,BULL_VOLATILE,BULL_VOLATILE,0.5034733373771866,,,,False
2026-03-11,BULL_VOLATILE,BULL_VOLATILE,BULL_VOLATILE,0.5,,,,True
2026-03-12,BULL_VOLATILE,BULL_VOLATILE,BULL_VOLATILE,0.5,,,,True
2026-03-13,BULL_VOLATILE,BULL_VOLATILE,BULL_VOLATILE,0.5,,,,True
2026-03-16,BULL_CALM,BULL_VOLATILE,BULL_VOLATILE,0.5,,,,True
2026-03-17,BULL_VOLATILE,BULL_VOLATILE,BULL_VOLATILE,0.5,,,,True
2026-03-18,BULL_VOLATILE,BULL_VOLATILE,BULL_VOLATILE,0.5,,,,True
2026-03-19,BULL_VOLATILE,BULL_VOLATILE,BULL_VOLATILE,0.9935372799250883,,,,False
2026-03-20,BEAR,BULL_VOLATILE,BULL_VOLATILE,0.5,,,,True
2026-03-23,BEAR,BULL_VOLATILE,BULL_VOLATILE,0.5,,,,True
2026-03-24,BULL_VOLATILE,BULL_VOLATILE,BULL_VOLATILE,0.5,,,,True
2026-03-25,BULL_VOLATILE,BULL_VOLATILE,BULL_VOLATILE,0.9800176039184662,,,,False
2026-03-26,BULL_VOLATILE,BULL_VOLATILE,BULL_VOLATILE,0.9957147073923749,,,,False
2026-03-27,BULL_VOLATILE,BULL_VOLATILE,BULL_VOLATILE,0.9999924870125524,,,,False
2026-03-30,BULL_VOLATILE,BULL_VOLATILE,BULL_VOLATILE,0.9999999910594389,,,,False
2026-03-31,BEAR,BEAR,BEAR,0.5,,,,True
2026-04-01,BEAR,BEAR,BEAR,0.5,,,,True
2026-04-02,BEAR,BEAR,BEAR,0.5,,,,True
2026-04-06,BULL_VOLATILE,BEAR,BEAR,0.5,,,,True
2026-04-07,BULL_VOLATILE,BULL_VOLATILE,BULL_VOLATILE,0.5,,,,True
2026-04-08,BULL_VOLATILE,BULL_VOLATILE,BULL_VOLATILE,0.5,,,,True
2026-04-09,BULL_VOLATILE,BULL_VOLATILE,BULL_VOLATILE,0.9981194480226032,,,,False
2026-04-10,BULL_VOLATILE,BULL_VOLATILE,BULL_VOLATILE,0.9964020586499703,,,,False
2026-04-13,BULL_VOLATILE,BULL_VOLATILE,BULL_VOLATILE,0.9999942828559368,,,,False
2026-04-14,BULL_VOLATILE,BULL_VOLATILE,BULL_VOLATILE,0.9999997681248964,,,,False
2026-04-15,BULL_VOLATILE,BULL_VOLATILE,BULL_VOLATILE,0.9998347220632583,,,,False
2026-04-16,BULL_VOLATILE,BULL_VOLATILE,BULL_VOLATILE,0.9999564959643273,,,,False
2026-04-17,BULL_VOLATILE,BULL_VOLATILE,BULL_VOLATILE,0.9999900246431302,,,,False
2026-04-20,BULL_VOLATILE,BULL_VOLATILE,BULL_VOLATILE,0.999434838004061,,,,False
2026-04-21,BULL_CALM,BULL_CALM,BULL_CALM,0.5,,,,True
2026-04-22,BULL_CALM,BULL_CALM,BULL_CALM,0.5,,,,True
2026-04-23,BULL_CALM,BULL_CALM,BULL_CALM,0.5,,,,True
2026-04-24,BULL_CALM,BULL_CALM,BULL_CALM,0.5399919728595332,,,,False
2026-04-27,BULL_CALM,BULL_CALM,BULL_CALM,0.5650981126591603,,,,False
2026-04-28,BULL_CALM,BULL_CALM,BULL_CALM,0.6132298899218823,,,,False
2026-04-29,BULL_CALM,BULL_CALM,BULL_CALM,0.6174564842401818,,,,False
2026-04-30,BULL_CALM,BULL_CALM,BULL_CALM,0.6389980079773153,,,,False
2026-05-01,BULL_CALM,BULL_CALM,BULL_CALM,0.6337607126557775,,,,False
2026-05-04,BULL_CALM,BULL_CALM,BULL_CALM,0.6652269553490382,,,,False
2026-05-05,BULL_CALM,BULL_CALM,BULL_CALM,0.6505226527829879,,,,False
2026-05-06,BULL_CALM,BULL_CALM,BULL_CALM,0.6417169778646806,,,,False
2026-05-07,BULL_CALM,BULL_CALM,BULL_CALM,0.639943333848157,,,,False
2026-05-08,BULL_CALM,BULL_CALM,BULL_CALM,0.6495499506960415,,,,False
2026-05-11,BULL_CALM,BULL_CALM,BULL_CALM,0.6651153577966846,,,,False
2026-05-12,BULL_CALM,BULL_CALM,BULL_CALM,0.6444924215442264,,,,False
2026-05-13,BULL_CALM,BULL_CALM,BULL_CALM,0.6361020823680891,,,,False
2026-05-14,BULL_CALM,BULL_CALM,BULL_CALM,0.6780412069701495,,,,False
2026-05-15,BULL_CALM,BULL_CALM,BULL_CALM,0.6301108492453018,,,,False
2026-05-18,BULL_CALM,BULL_CALM,BULL_CALM,0.6290754365064231,,,,False
2026-05-19,BULL_CALM,BULL_CALM,BULL_CALM,0.5837100933925412,,,,False
2026-05-20,BULL_CALM,BULL_CALM,BULL_CALM,0.5873868775769393,,,,False
2026-05-21,BULL_CALM,BULL_CALM,BULL_CALM,0.5914434592501538,,,,False
2026-05-22,BULL_CALM,BULL_CALM,BULL_CALM,0.5957885847284969,,,,False
2026-05-26,BULL_CALM,BULL_CALM,BULL_CALM,0.5621855274028356,,,,False
2026-05-27,BULL_CALM,BULL_CALM,BULL_CALM,0.5599969130601484,,,,False
2026-05-28,BULL_CALM,BULL_CALM,BULL_CALM,0.5906651416573911,,,,False
2026-05-29,BULL_CALM,BULL_CALM,BULL_CALM,0.5932538217786296,,,,False
2026-06-01,BULL_CALM,BULL_CALM,BULL_CALM,0.6148619384278411,,,,False
2026-06-02,BULL_CALM,BULL_CALM,BULL_CALM,0.6303235983780311,,,,False
2026-06-03,BULL_CALM,BULL_CALM,BULL_CALM,0.6225830578088757,,,,False
2026-06-04,BULL_CALM,BULL_CALM,BULL_CALM,0.6376071509046894,,,,False
2026-06-05,BULL_CALM,BULL_CALM,BULL_CALM,0.6821995051575815,,,,False
2026-06-08,BULL_CALM,BULL_CALM,BULL_CALM,0.6768642894178301,,,,False
2026-06-09,BULL_CALM,BULL_CALM,BULL_CALM,0.6918662051229616,,,,False
2026-06-10,BULL_CALM,BULL_CALM,BULL_CALM,0.6858126778134642,,,,False
2026-06-11,BEAR,BULL_CALM,BULL_CALM,0.5,,,,True
2026-06-12,BULL_CALM,BEAR,BEAR,0.5,,,,True
2026-06-15,BULL_CALM,BULL_VOLATILE,BULL_VOLATILE,0.5,,,,True
2026-06-16,CHOPPY,BULL_CALM,BULL_VOLATILE,0.5,,,,True
2026-06-17,BULL_CALM,CHOPPY,CHOPPY,0.5,,,,True
2026-06-18,BULL_CALM,BULL_CALM,BULL_VOLATILE,0.5,,,,True
2026-06-22,BULL_CALM,BULL_CALM,BULL_VOLATILE,0.6729839573432149,,,,False
2026-06-23,BULL_CALM,BULL_CALM,BULL_VOLATILE,0.7051943564427979,,,,False
2026-06-24,BULL_CALM,BULL_VOLATILE,BULL_VOLATILE,0.6827742968308487,,,,False
2026-06-25,BULL_CALM,BULL_VOLATILE,BULL_VOLATILE,0.6821622071117395,,,,False
2026-06-26,BULL_CALM,BULL_VOLATILE,BULL_VOLATILE,0.6614580013609963,,,,False
2026-06-29,BULL_CALM,BULL_VOLATILE,BULL_VOLATILE,0.6102293184254788,,,,False
2026-06-30,BULL_CALM,BULL_VOLATILE,BULL_VOLATILE,0.5914539387395321,,,,False
2026-07-01,BULL_CALM,BULL_VOLATILE,BULL_VOLATILE,0.6075739319054944,,,,False
2026-07-02,BULL_CALM,BULL_VOLATILE,BULL_VOLATILE,0.6132695050000758,,,,False
2026-07-06,BULL_CALM,BULL_VOLATILE,BULL_VOLATILE,0.6091575219473822,,,,False
2026-07-07,BULL_CALM,BULL_VOLATILE,BULL_VOLATILE,0.60962521062075,,,,False
2026-07-08,BULL_CALM,BULL_CALM,BULL_VOLATILE,0.6058810314862461,,,,False
2026-07-09,BULL_CALM,BULL_CALM,BULL_VOLATILE,0.5571382803176412,,,,False
2026-07-10,BULL_CALM,BULL_CALM,BULL_VOLATILE,0.5427390564158354,,,,False
2026-07-13,BULL_CALM,BULL_CALM,BULL_VOLATILE,0.5578760932911959,,,,False
2026-07-14,BULL_CALM,BULL_CALM,BULL_VOLATILE,0.5187596986438083,,,,False
2026-07-15,BULL_CALM,BULL_CALM,BULL_VOLATILE,0.8904792071162093,,,,False
2026-07-16,BULL_CALM,BULL_VOLATILE,BULL_VOLATILE,0.8143597699285718,,,,False
2026-07-17,BULL_CALM,BULL_VOLATILE,BULL_VOLATILE,0.6968979254340012,,,,False
2026-07-20,BULL_CALM,BULL_CALM,BULL_VOLATILE,0.505341327718028,,,,False
2026-07-21,BULL_CALM,BULL_VOLATILE,BULL_VOLATILE,0.5028079545786867,,,,False
2026-07-22,BULL_CALM,BULL_CALM,BULL_VOLATILE,0.5022300092018283,,,,False
2026-07-23,BULL_CALM,BULL_CALM,BULL_VOLATILE,0.5169293875768627,,,,False
2026-07-24,BULL_CALM,BULL_CALM,BULL_VOLATILE,0.5055372490857108,,,,False
2026-07-27,BULL_CALM,BULL_CALM,BULL_VOLATILE,0.510463794645457,,,,False
2026-07-28,BULL_CALM,BULL_CALM,BULL_VOLATILE,0.5102458443343534,,,,False
2026-07-29,BULL_CALM,BULL_VOLATILE,BULL_VOLATILE,0.520624431807114,,,,False
2026-07-30,BULL_CALM,BULL_VOLATILE,BULL_VOLATILE,0.521641349550791,,,,False
2026-07-31,BULL_CALM,BULL_VOLATILE,BULL_VOLATILE,0.5246465116611728,,,,False
2026-08-03,BULL_CALM,BULL_CALM,BULL_VOLATILE,0.5387863831261234,,,,False
2026-08-04,BULL_CALM,BULL_CALM,BULL_VOLATILE,0.572417837007284,,,,False
2026-08-05,BULL_CALM,BULL_CALM,BULL_VOLATILE,0.571721488931804,,,,False
2026-08-06,BULL_CALM,BULL_CALM,BULL_VOLATILE,0.5673856035389894,,,,False
2026-08-07,BULL_CALM,BULL_CALM,BULL_VOLATILE,0.5921682593353756,,,,False
2026-08-10,BULL_CALM,BULL_CALM,BULL_VOLATILE,0.582454836889682,,,,False
2026-08-11,BULL_CALM,BULL_CALM,BULL_VOLATILE,0.5876349793106708,,,,False
2026-08-12,BULL_CALM,BULL_CALM,BULL_VOLATILE,0.5985073957006117,,,,False
2026-08-13,BULL_CALM,BULL_CALM,BULL_VOLATILE,0.6103075529823394,,,,False
2026-08-14,BULL_CALM,BULL_CALM,BULL_VOLATILE,0.6168533132020776,,,,False
