date,day_pos,block,on_fixed,spy_vol20,n_panel_usable,n_mom_scored,n_common,n_topdec,frac_flagged_unadjusted,refit_cutoff,spread_A_prod,spread_w50_A_prod,spread_B_3leg,spread_w50_B_3leg,spread_C_2leg_certified,spread_w50_C_2leg_certified,spread_D_solo_xgb,spread_w50_D_solo_xgb,diff_primary,diff_control,diff_primary_w50
2017-01-03,0,0,False,0.08909001728111732,264,263,263,26,0.28136882129277563,2016-09-30,0.03821256630818229,0.003222339567372022,0.7095240751464968,0.22361896497528055,0.6229625435235275,0.23321619044089809,0.6860699367360175,0.2334521917633148,0.6713115088383146,-0.06310739321248993,0.22039662540790853
2017-01-10,5,0,False,0.07555856421959617,264,263,263,26,0.2547528517110266,2016-09-30,0.21444650502902526,0.021022022712649892,0.28270961412012585,0.07274059640137776,-0.15831807105943094,-0.017640421517577158,0.2594226474031922,0.05774695578998198,0.06826310909110059,-0.4177407184626232,0.05171857368872786
2017-01-18,10,0,False,0.06011688683613572,264,263,263,26,0.3079847908745247,2016-09-30,0.2689493868990239,0.027285106328626036,0.34400505310171886,0.026826652086095908,0.30245047279285103,0.021779036755057383,0.16959436863866428,0.021779036755057393,0.07505566620269494,0.13285610415418675,-0.0004584542425301284
2017-01-25,15,0,False,0.07083162454414882,264,263,263,26,0.2737642585551331,2016-09-30,0.16576017048344444,-0.04912422303164528,0.16036814827520063,-0.04774209068278582,0.1615529985703874,-0.024221214235728924,0.2729420240561771,0.023715919834351295,-0.005392022208243807,-0.11138902548578972,0.0013821323488594564
2017-02-01,20,0,False,0.061276725378293914,264,263,263,26,0.34980988593155893,2016-09-30,-0.20019223872557476,-0.08547888067079232,-0.2705188876951682,-0.08810216713375937,0.27491046229708743,0.06993635692292144,-0.0831494152799527,-0.009155547321985407,-0.07032664896959342,0.35805987757704016,-0.002623286462967056
2017-02-08,25,0,False,0.06031697196875427,264,263,263,26,0.311787072243346,2016-09-30,-0.48366102728990623,-0.12125772588307357,-0.5816872564387633,-0.16131239713063802,-0.15687854628674625,-0.03841786606464751,-0.4342824470848801,-0.12500745794948076,-0.09802622914885706,0.2774039007981339,-0.040054671247564455
2017-02-15,30,0,False,0.06364105269882778,264,263,263,26,0.3422053231939164,2016-09-30,0.22092510867032072,0.07126061631166147,0.16622285174656173,0.05569991885766881,0.1241669692241967,0.07937751733296144,-0.04819964719784089,0.010482037879880661,-0.05470225692375899,0.1723666164220376,-0.015560697453992661
2017-02-23,35,0,False,0.053364918360088685,264,263,263,26,0.30418250950570347,2016-09-30,0.07377452946171434,0.01707408731669548,0.017330237220959083,0.03196344935533209,0.26006980810996483,0.07031279754412442,0.20688263845906057,0.07675342243212951,-0.056444292240755256,0.053187169650904254,0.014889362038636608
2017-03-02,40,0,False,0.06887934849750045,265,263,263,26,0.2775665399239544,2016-09-30,0.16740925762365394,0.10063138103563048,0.37088787838122783,0.10471077613441838,0.5014751173956344,0.11584831580716608,0.23288876521407553,0.027811274015343362,0.2034786207575739,0.2685863521815589,0.004079395098787908
2017-03-09,45,0,False,0.07094828963996247,265,263,263,26,0.20912547528517111,2016-09-30,0.2559339164494952,0.10165085544032561,0.6579838043736703,0.14281902602298444,0.5062417406012463,0.07204297757681372,0.33711661856388675,0.025139061434916923,0.4020498879241751,0.16912512203735952,0.04116817058265883
2017-03-16,50,0,False,0.07323606059687437,265,263,263,26,0.20152091254752846,2016-09-30,0.34215343641100954,0.09518895017587768,0.3544922222570639,0.05159177403625338,0.07984677671348309,-0.01071772256648636,-0.12196899441104876,-0.06960318634267616,0.012338785846054356,0.20181577112453186,-0.0435971761396243
2017-03-23,55,0,False,0.08777136592817623,265,263,263,26,0.26615969581749055,2016-09-30,0.2107799671051062,0.04560805323340516,0.7565527552665439,0.16432385465796556,0.4202837823519833,0.047042597772447015,0.35280886854656723,0.025529902796857084,0.5457727881614377,0.06747491380541609,0.1187158014245604
2017-03-30,60,1,False,0.0729373647660016,265,263,263,26,0.24714828897338403,2016-12-30,0.0070607760055809085,0.035465223790364445,0.6345820901959375,0.18231077842619245,0.4168171800988245,0.09879706811201626,0.2662900083548165,0.03893779274683626,0.6275213141903566,0.15052717174400804,0.146845554635828
2017-04-06,65,1,False,0.07329785297223995,265,263,263,26,0.26996197718631176,2016-12-30,0.0813544105637218,0.005921803122429422,0.8466174011048171,0.1742664722943512,0.46496575589031836,0.04588760482050698,0.3234356088897247,-0.033327204578422864,0.7652629905410953,0.14153014700059363,0.16834466917192176
2017-04-13,70,1,False,0.06649306970379797,266,263,263,26,0.2395437262357415,2016-12-30,0.5034612138197175,0.21760456120562355,0.6280943560268567,0.17355444630252712,0.45625292672823553,0.04742291694680319,0.537058379035299,0.08588445540834166,0.12463314220713917,-0.08080545230706343,-0.04405011490309643
2017-04-21,75,1,False,0.06536987396197093,266,263,263,26,0.30038022813688214,2016-12-30,0.40534017147062995,0.10964588756185385,0.7151302144037789,0.16054446499325253,0.22780388658849116,0.01986634759058846,0.28746682522994854,0.06646526028991606,0.30979004293314893,-0.059662938641457386,0.05089857743139868
2017-04-28,80,1,False,0.0741563412704829,266,263,263,26,0.2965779467680608,2016-12-30,0.5466891277451345,0.12265234372733197,0.19051820372022416,0.050684405322064086,0.3881419592802641,0.06089341211701198,0.4295893614711403,0.07512855695128555,-0.3561709240249103,-0.04144740219087617,-0.07196793840526788
2017-05-05,85,1,False,0.07287665967684347,266,263,263,26,0.37262357414448666,2016-12-30,0.3820120742684203,-0.016119621180542082,0.13629647001175238,-0.039976278609890656,-0.04854468472648328,-0.030836353239077838,0.10525550737612835,-0.026648334352820657,-0.24571560425666794,-0.15380019210261164,-0.023856657429348574
2017-05-12,90,1,False,0.06571399375587718,266,263,263,26,0.31558935361216733,2016-12-30,0.04434521593844274,-0.05228724845508001,-0.014536288213523707,-0.02931802863597899,0.07996808175579366,0.04657664512817471,0.09393059621719409,-0.010958133304640832,-0.05888150415196645,-0.013962514461400427,0.02296921981910102
2017-05-19,95,1,False,0.08834376180020707,266,263,263,26,0.19771863117870725,2016-12-30,0.2351664267077787,0.003698925506534575,0.09718041221863005,-0.021675635482800965,0.005433538809825021,0.009518387791487882,0.11298528955187649,0.006697263468315214,-0.13798601448914866,-0.10755175074205148,-0.02537456098933554
2017-05-26,100,1,False,0.08043590002775756,266,263,263,26,0.19391634980988592,2016-12-30,0.17397791746953262,0.013047048165056266,0.15644037260359703,0.0005408302968315307,0.14132207811294034,0.032052694370659225,0.1392630531040275,-0.0075024847051935045,-0.01753754486593559,0.002059025008912835,-0.012506217868224735
2017-06-05,105,1,False,0.08417714578226196,266,263,263,26,0.16730038022813687,2016-12-30,0.04133772360346966,-0.012164785933379968,0.21270199924416583,0.06486085517034548,0.04437466281127215,-0.012960286797392015,-0.1565272631362077,-0.07269153302821807,0.17136427564069617,0.20090192594747985,0.07702564110372545
2017-06-12,110,1,False,0.08452271145320786,266,263,263,26,0.15209125475285168,2016-12-30,0.2225835612617455,0.05831497214603319,0.21377411772942229,0.06582106742482183,0.02642184854543204,-0.003646471487002645,-0.23463130434036544,-0.059512100210178054,-0.008809443532323213,0.2610531528857975,0.007506095278788635
2017-06-19,115,1,False,0.055947008805495635,266,263,263,26,0.14448669201520914,2016-12-30,0.3060641299501226,0.0885744083771354,0.07472590556077899,0.016630494343472618,0.12238770484523381,-0.027783436295770986,0.21587393102854308,0.019229290777851345,-0.23133822438934362,-0.09348622618330926,-0.07194391403366278
2017-06-26,120,2,False,0.058420409546769234,266,263,263,26,0.14828897338403046,2016-12-30,0.1795413952097859,0.025155121855385845,0.06259785700887438,0.028975446149987514,0.3393873797063081,0.06495325210366024,0.14048205020074117,-0.004270710058974922,-0.11694353820091152,0.19890532950556694,0.0038203242946016694
2017-07-03,125,2,False,0.07373596856035004,266,263,263,26,0.22053231939163498,2017-03-31,0.7991112343988015,0.1941028415336205,0.730671191766049,0.19367201275425527,0.7369651435215477,0.1552104742927168,0.9099547846240132,0.21934611217778377,-0.0684400426327525,-0.1729896411024655,-0.00043082877936523323
2017-07-11,130,2,False,0.08367753948372454,266,264,264,26,0.2537878787878788,2017-03-31,0.3661050711712803,0.13611035465660426,0.2000970336722855,0.0468688938669594,0.0744208684717811,0.007074362337124412,0.14909003276417368,0.10705089939555973,-0.16600803749899481,-0.07466916429239258,-0.08924146078964486
2017-07-18,135,2,False,0.0805627705441245,267,264,264,26,0.3257575757575758,2017-03-31,0.37576963577478634,0.125583183432873,0.45191263834720957,0.14294792546647989,-0.0075886939979137695,-0.004869868741159574,0.07218005128127984,0.06841080430664101,0.07614300257242324,-0.07976874527919361,0.017364742033606884
2017-07-25,140,2,False,0.07847991279183553,267,264,264,26,0.38636363636363635,2017-03-31,0.7794049750753826,0.18971625840220147,0.5911179867389592,0.17461227853839514,0.23102447666384165,0.051434958374368546,0.2523841038291747,0.08754439724840554,-0.18828698833642343,-0.021359627165333045,-0.015103979863806322
2017-08-01,145,2,False,0.055924720078996806,267,264,264,26,0.28787878787878785,2017-03-31,0.7341839212071593,0.20379429876632452,0.39715297178564196,0.06222892527612164,0.21020113584271133,0.03447019819814804,0.2644352726687216,0.06459519621797039,-0.3370309494215173,-0.05423413682601025,-0.14156537349020287
2017-08-08,150,2,False,0.03995582061277345,267,264,264,26,0.3484848484848485,2017-03-31,0.37905856768752166,0.0988309475790207,0.18103474849722992,0.03182354563107865,-0.07082777876478534,-0.021789783046324843,-0.03348625253474753,-0.029132407831495732,-0.19802381919029174,-0.03734152623003781,-0.06700740194794205
2017-08-15,155,2,False,0.06906896854843993,267,264,264,26,0.36363636363636365,2017-03-31,0.11675174300279909,0.09560642092467743,0.2081729524939283,0.05965604459392567,-0.12797546737961882,-0.04608432563831781,-0.1132804771475589,-0.05652301245051581,0.09142120949112922,-0.014694990232059918,-0.03595037633075176
2017-08-22,160,2,False,0.09494278229665269,267,264,264,26,0.36363636363636365,2017-03-31,0.09516661301703065,0.04714571532387277,0.012548262491478102,-0.015352820917831501,0.0492440766030806,-0.015352820917831494,-0.04324642466058265,-0.027296675070073155,-0.08261835052555255,0.09249050126366325,-0.06249853624170427
2017-08-29,165,2,False,0.09603962340689833,267,264,264,26,0.30681818181818177,2017-03-31,0.18308490374017306,0.055777422782317614,0.13140318157601077,0.04714479508547893,0.07231473496976669,0.02723754753075974,-0.20777805213543235,-0.08701564183708212,-0.05168172216416228,0.280092787105199,-0.00863262769683868
2017-09-06,170,2,False,0.10346396669570924,267,264,264,26,0.4015151515151515,2017-03-31,-0.09880809001567108,-0.023950717098044805,-0.18420770054561295,-0.10839052361477688,-0.32173052377383654,-0.13010084734838331,-0.4326744278999136,-0.15932984995088265,-0.08539961052994187,0.11094390412607708,-0.08443980651673208
2017-09-13,175,2,False,0.09089109215751796,267,264,264,26,0.3257575757575758,2017-03-31,-0.1493283906725693,-0.007550618312565939,-0.3815719699014179,-0.16430223777521624,-0.2329063944267598,-0.13305989502739776,-0.316676996644244,-0.09331415400902564,-0.23224357922884858,0.08377060221748417,-0.15675161946265032
2017-09-20,180,3,False,0.06058242029439595,267,264,264,26,0.375,2017-03-31,-0.41728285032705,-0.14847776409091498,-0.24335481492516126,-0.11096022656401608,-0.40679003603075187,-0.18064167609228415,-0.10416442048971308,-0.06725983754521853,0.17392803540188873,-0.3026256155410388,0.0375175375268989
2017-09-27,185,3,False,0.06026865477129526,267,264,264,26,0.30681818181818177,2017-06-30,-0.32770873144439094,-0.13034726942137032,-0.3688999652217647,-0.1441659382359529,-0.45756808638229557,-0.22292246559620396,-0.505588227510692,-0.22919189428597267,-0.04119123377737377,0.04802014112839642,-0.013818668814582574
2017-10-04,190,3,False,0.04877682523142067,267,264,264,26,0.2234848484848485,2017-06-30,-0.6414390326168928,-0.2261799456334552,-0.1861104515012665,-0.1307075693254946,-0.16441578858621184,-0.1787990189760223,-0.39211636239462033,-0.15360953842733555,0.45532858111562635,0.2277005738084085,0.0954723763079606
2017-10-11,195,3,False,0.03892544751310545,267,264,264,26,0.25757575757575757,2017-06-30,-0.37176294362847345,-0.11503195033247714,-0.30047249711561946,-0.11352653854847804,-0.26662455516032363,-0.13462069694469575,-0.3963691997805973,-0.17936216453546674,0.07129044651285399,0.12974464462027369,0.0015054117839991
2017-10-18,200,3,False,0.035654266424757594,267,264,264,26,0.2537878787878788,2017-06-30,-0.31500868274700555,-0.1556139422895863,-0.03209764605744278,-0.0601191473811816,-0.061100998886512936,-0.043142037381554386,-0.1628443801723757,-0.046631495085495196,0.28291103668956274,0.10174338128586277,0.0954947949084047
2017-10-25,205,3,False,0.04337481036612148,268,264,264,26,0.19318181818181823,2017-06-30,-0.027621802946044972,-0.03438689035006638,-0.21590426203318908,-0.0876814140859633,-0.1493427768786611,-0.001472025836560198,-0.04170712818404235,0.04414419913468066,-0.1882824590871441,-0.10763564869461875,-0.05329452373589692
2017-11-01,210,3,False,0.051106939236531014,268,264,264,26,0.26136363636363635,2017-06-30,-0.0015274435795194358,-0.004386047506798669,0.14152786672957032,0.08632655125075729,0.2656401191449953,0.12617471384163953,0.1972100448817648,0.12634252607556418,0.14305531030908974,0.0684300742632305,0.09071259875755595
2017-11-08,215,3,False,0.04709149535736496,268,264,264,26,0.26136363636363635,2017-06-30,-0.05356324525907053,-0.020080620520788958,0.20940206293815922,0.04738955734932296,0.2328471114371219,0.05084281495789385,0.2640670831582333,0.07156631960487386,0.26296530819722974,-0.031219971721111406,0.06747017787011192
2017-11-15,220,3,False,0.053673558568829924,268,264,264,26,0.1515151515151515,2017-06-30,-0.04445128568201006,-0.05310866844311637,0.12499891951216234,0.07692002611261238,0.13143764613287348,0.02645340484497178,0.13601613455324163,0.0142131130051547,0.1694502051941724,-0.004578488420368149,0.13002869455572874
2017-11-22,225,3,False,0.05875828529514665,268,264,264,26,0.2272727272727273,2017-06-30,0.03777157681345364,-0.018470687455204575,0.27432681870252623,0.04160389084617998,0.060351117057163006,-0.02202208608244336,0.15648115970261595,-0.017362937087347242,0.2365552418890726,-0.09613004264545294,0.06007457830138455
2017-11-30,230,3,False,0.06641693935615688,268,264,264,26,0.26515151515151514,2017-06-30,0.18227688795878275,0.09961990965777032,0.41793683247696023,0.16499278434235287,0.3130952588858345,0.10424877367317091,0.3204781748263918,0.07503288936614916,0.23565994451817748,-0.007382915940557289,0.06537287468458255
2017-12-07,235,3,False,0.06984740743376931,268,264,264,26,0.3560606060606061,2017-06-30,0.3255157108538425,0.11240949043047346,0.4262419122368396,0.09849342597550405,0.5108352628486226,0.1283502688641906,0.4816040713109019,0.07389918347934228,0.1007262013829971,0.02923119153772069,-0.013916064454969415
2017-12-14,240,4,False,0.06687163241439974,268,264,264,26,0.25757575757575757,2017-06-30,0.552125110852175,0.1948685677947152,0.7721512380139545,0.17953808230761084,0.6519829041675914,0.18195865334630892,0.5867708712793611,0.16790817407829234,0.2200261271617795,0.0652120328882303,-0.015330485487104362
2017-12-21,245,4,False,0.06287519733761696,268,264,264,26,0.25757575757575757,2017-06-30,0.47953194378082026,0.12362034702461072,0.7524908358926962,0.20270798714017485,0.7446697638486421,0.20811946874481146,0.385570359440031,0.10706602858818534,0.2729588921118759,0.35909940440861116,0.07908764011556413
2017-12-29,250,4,False,0.04814190489311771,268,264,264,26,0.23106060606060608,2017-09-29,0.6234533836025553,0.2510950979793426,0.7067781240150542,0.25073623723339034,0.5220507411311538,0.13550490847245297,0.42930861688407973,0.16026150442256126,0.08332474041249893,0.09274212424707406,-0.0003588607459522608
2018-01-08,255,4,False,0.05614568320641659,268,264,264,26,0.25,2017-09-29,0.5032184401620237,0.21779978220794272,0.5661531671705591,0.20318701530220862,0.38569637415935015,0.1655850355570292,0.19396163256350898,0.015497423944402608,0.06293472700853542,0.19173474159584117,-0.014612766905734098
2018-01-16,260,4,False,0.06026905839470166,268,265,265,26,0.2716981132075472,2017-09-29,0.7633798263167827,0.31651030738012814,0.32987680658781965,0.1427692438763633,0.34925574451545405,0.10721466194744035,0.05743447273261944,-0.03032461793915884,-0.43350301972896305,0.2918212717828346,-0.17374106350376484
2018-01-23,265,4,False,0.0644007079662259,268,265,265,26,0.3735849056603774,2017-09-29,0.722452805728447,0.25489281738355635,0.28823495889492884,0.10035698372847987,0.21623106362616654,0.013708097664516528,0.1334297005811548,-0.014785430955499092,-0.4342178468335181,0.08280136304501173,-0.15453583365507648
2018-01-30,270,4,False,0.08850232292338502,269,265,265,26,0.25283018867924534,2017-09-29,0.6033752489062029,0.23237770523248732,0.25292214432769805,0.12697824965599402,0.23901150373333746,0.048368981571313516,0.20105503866092947,0.06198019717114625,-0.3504531045785048,0.03795646507240799,-0.1053994555764933
2018-02-06,275,4,True,0.20547818883671737,269,265,265,26,0.19999999999999996,2017-09-29,0.44114618242015524,0.20346317067505695,0.0012010972252808408,0.03409260598414162,-0.2519879015325042,-0.11478753782443928,0.06274004505151144,0.05499298200357092,-0.4399450851948744,-0.31472794658401565,-0.16937056469091533
2018-02-13,280,4,True,0.2547569895159713,269,265,265,26,0.2754716981132076,2017-09-29,0.32770345809471335,0.17684895055502742,0.26699287237261765,0.16044180439759426,0.43597239544728633,0.22705963093743445,0.23747378007130787,0.14770236477214332,-0.0607105857220957,0.19849861537597846,-0.01640714615743316
2018-02-21,285,4,True,0.2597451958307621,269,265,265,26,0.2264150943396226,2017-09-29,4.230760937438266e-05,0.09631343122767178,0.2145373865388401,0.14559383148448762,0.5774611149878439,0.26325695578023234,0.16437884804683456,0.11823064513204887,0.21449507892946573,0.41308226694100936,0.04928040025681585
2018-02-28,290,4,True,0.2700345700047686,269,266,266,27,0.27819548872180455,2017-09-29,-0.01319664780181332,0.03726037317451265,0.22578552932226195,0.1339321578205441,0.14488742531123225,0.07990208093812866,0.1555294362479138,0.05314850344214785,0.23898217712407527,-0.010642010936681545,0.09667178464603146
2018-03-07,295,4,True,0.20948198517352584,269,266,266,27,0.2857142857142857,2017-09-29,0.16170976479682142,0.14068471306905783,0.20022417261655714,0.1039749616410909,0.2510830537261783,0.13625933910671423,0.13387718627710252,0.10561620389385079,0.038514407819735724,0.11720586744907577,-0.03670975142796694
2018-03-14,300,5,True,0.15321719215439886,269,266,266,27,0.3834586466165414,2017-09-29,-0.011984244973109869,0.06513359370790751,0.15907704657424615,0.09307135137748579,0.24456155687835546,0.03976145587752183,0.07888756073213185,0.01086280006266625,0.17106129154735603,0.1656739961462236,0.027937757669578275
2018-03-21,305,5,True,0.1466841095213887,270,266,266,27,0.3007518796992481,2017-09-29,0.2410482494916633,0.167361136220916,0.0933890663709366,0.07602753749903947,0.5331173840064074,0.13789148813301608,0.43051668684515365,0.12158537420429226,-0.14765918312072673,0.10260069716125375,-0.09133359872187653
2018-03-28,310,5,True,0.1997066518954912,270,266,266,27,0.21804511278195493,2017-12-29,0.009431297375915988,0.06724841613545321,0.1454682109832447,0.07385511755852803,0.2519611784473678,0.07003489670821736,0.4112622844207112,0.1647434950476611,0.1360369136073287,-0.1593011059733434,0.006606701423074818
2018-04-05,315,5,True,0.22034921109319155,271,266,266,27,0.24812030075187974,2017-12-29,0.08296279844921566,0.0648191726930969,-0.03358313544910317,-0.011154106365360239,0.28202717772435615,0.060416954500189066,0.2750760321972926,0.0903260886298918,-0.11654593389831883,0.006951145527063551,-0.07597327905845713
2018-04-12,320,5,True,0.23351423826712378,271,266,266,27,0.18796992481203012,2017-12-29,-0.09157725434138018,-0.000637166605964426,0.2893166212532059,0.050546498624277084,0.591522715398355,0.12628733466414008,0.2851587518965191,0.0542425296380511,0.3808938755945861,0.30636396350183587,0.05118366523024151
2018-04-19,325,5,True,0.23563364373576318,271,266,266,27,0.26315789473684215,2017-12-29,0.07668668715001375,0.05304347456415186,0.2787707964860784,0.06392017075903675,0.21070843490575325,0.012944744449420058,0.15963861082557462,0.10885607842875202,0.20208410933606463,0.05106982408017863,0.010876696194884891
2018-04-26,330,5,True,0.17805851601876163,271,266,266,27,0.25187969924812026,2017-12-29,0.16459113331827857,0.14674711525308562,0.42894188979527736,0.20601458586016463,0.33438814618708157,0.046991171167359534,0.11285056423567912,0.12321848229089521,0.2643507564769988,0.22153758195140244,0.059267470607079015
2018-05-03,335,5,True,0.14389525833157002,272,266,266,27,0.25187969924812026,2017-12-29,-0.03992695993630704,0.014993041847190998,-0.24287371487559378,-0.08473261807347415,0.12422259865294696,-0.03191629056257831,0.0033890601027613647,-0.00010236221110562424,-0.20294675493928674,0.1208335385501856,-0.09972565992066515
2018-05-10,340,5,False,0.1169350861337092,272,266,266,27,0.26315789473684215,2017-12-29,-0.12867173183113137,-0.043794174396553955,-0.35592468520793535,-0.12583318602342253,-0.2345261930812344,-0.02768397404546573,-0.38267004257645165,-0.1180666557078355,-0.22725295337680398,0.14814384949521725,-0.08203901162686858
2018-05-17,345,5,False,0.10949834518697986,272,266,266,27,0.3270676691729323,2017-12-29,0.05997036076587324,-0.01611279049481737,-0.14636276742834176,-0.1147694444671711,0.0681876058585909,-0.010296575053712106,-0.29113521719415236,-0.07195053868800347,-0.206333128194215,0.35932282305274327,-0.09865665397235374
2018-05-24,350,5,False,0.08927912584205214,272,266,266,27,0.2969924812030075,2017-12-29,-0.2100892829066748,-0.08534720781891418,-0.3223528600520017,-0.11716749987073828,-0.4047135235346614,-0.1024127918079942,-0.06363228685807339,-0.010190780130678942,-0.11226357714532689,-0.341081236676588,-0.0318202920518241
2018-06-01,355,5,False,0.1081352979141112,272,267,267,27,0.3146067415730337,2017-12-29,-0.22713081488419873,-0.08926276107295533,-0.09679157623219914,-0.014930990967450965,-0.3477140687736987,-0.10162051018950816,0.009692803225512848,0.12669246320547556,0.1303392386519996,-0.35740687199921156,0.07433177010550437
2018-06-08,360,6,False,0.09520434001626883,272,267,267,27,0.29588014981273403,2017-12-29,0.10730951239200501,0.03598621311202545,0.08145986154519637,-0.008234249991440394,-0.0626976405580312,-0.07567518450853175,-0.1795177097940995,-0.019598492281796866,-0.02584965084680864,0.1168200692360683,-0.04422046310346584
2018-06-15,365,6,False,0.09418670568670484,272,267,267,27,0.24344569288389517,2017-12-29,0.06500525094250799,-0.010744867074589774,-0.26815254237783603,-0.09429799776776929,-0.3129815295255203,-0.07215441344685788,-0.04637004054625969,0.004087305812483507,-0.333157793320344,-0.26661148897926057,-0.08355313069317952
2018-06-22,370,6,False,0.09400763862099501,272,267,267,27,0.22846441947565543,2017-12-29,0.05213583826410208,-0.024972397400367125,-0.1818356789873712,-0.12503763867389275,-0.41165025014840606,-0.19023053277908333,-0.238745352606109,-0.10308997889228981,-0.2339715172514733,-0.17290489754229707,-0.10006524127352563
2018-06-29,375,6,False,0.0821894738452426,272,267,267,27,0.2471910112359551,2018-03-29,-0.030193293788065567,-0.008240667330812218,-0.027460413555097735,-0.011750213788775957,-0.17035371821164652,-0.021977989948195747,-0.10693774691967801,-0.012844540552431873,0.0027328802329678326,-0.0634159712919685,-0.0035095464579637387
2018-07-09,380,6,False,0.09264619350929049,272,267,267,27,0.32209737827715357,2018-03-29,0.04405050460630045,0.026784714775574182,0.09054878478091007,0.002490073412835487,0.24173757707546326,0.0764220450438608,0.11704181785995987,0.02159907564791602,0.046498280174609614,0.12469575921550338,-0.024294641362738695
2018-07-16,385,6,False,0.09912780698195878,272,267,267,27,0.2471910112359551,2018-03-29,-0.37256623003011746,-0.12545870613569907,-0.3811258604778832,-0.13331319935570732,-0.24394999440481058,-0.08964109008636384,-0.3755760611065824,-0.16845353787801676,-0.008559630447765754,0.13162606670177185,-0.007854493220008252
2018-07-23,390,6,False,0.09632543663974051,272,267,267,27,0.32209737827715357,2018-03-29,-0.2185809409242159,-0.11433616776766956,-0.10363679312257199,-0.10091809898520844,-0.4626729309729601,-0.15295365705030178,-0.2339414695278117,-0.11762950846071743,0.11494414780164391,-0.2287314614451484,0.013418068782461115
2018-07-30,395,6,False,0.08559060891410507,272,267,267,27,0.32209737827715357,2018-03-29,-0.018995067299749813,-0.0025099768743298,0.1779504092122363,0.020023596483245507,0.32526331986884316,0.14915452568837745,0.12137550057919708,0.008306804222562844,0.1969454765119861,0.20388781928964608,0.022533573357575307
2018-08-06,400,6,False,0.07515613342870628,273,267,267,27,0.24344569288389517,2018-03-29,-0.24322252152118629,-0.15099448083688102,-0.027669896797424716,-0.0014438385683357789,-0.14165335764792622,-0.007624930714863011,-0.46676566001045405,-0.1507592869177015,0.21555262472376158,0.32511230236252786,0.14955064226854525
2018-08-13,405,6,False,0.07023284567463348,273,267,267,27,0.26591760299625467,2018-03-29,-0.23786988069176934,-0.060848514439253286,0.08006758400247616,0.04338642967653702,-0.01259521415880074,0.043384223917761124,-0.3076404783951885,-0.0569751128041094,0.3179374646942455,0.29504526423638777,0.1042349441157903
2018-08-20,410,6,False,0.0811798462639041,273,267,267,27,0.30711610486891383,2018-03-29,-0.23130895011079727,-0.1296887453825592,-0.18549726673238853,-0.10886730592525301,-0.24392391125995544,-0.09699942067510559,-0.4566220063476859,-0.19706033021728497,0.04581168337840874,0.21269809508773047,0.02082143945730619
2018-08-27,415,6,False,0.0714770513815575,273,267,267,27,0.27715355805243447,2018-03-29,-0.8221209376015293,-0.34818869229648913,-0.5578326483053778,-0.26900358364529964,-0.5158252649043762,-0.20540546609667623,-0.56593985731392,-0.18112949733976502,0.26428828929615145,0.05011459240954386,0.0791851086511895
2018-09-04,420,7,False,0.07182154564582549,273,267,267,27,0.29962546816479396,2018-03-29,-0.9162073023677572,-0.3878245948290946,-0.371761483617309,-0.13165237769685803,-0.19721242803646388,-0.054805999002259465,-0.37706813400897254,-0.1506774204559522,0.5444458187504482,0.17985570597250866,0.2561722171322366
2018-09-11,425,7,False,0.06690990495691626,273,268,268,27,0.2350746268656716,2018-03-29,-0.3035161008558621,-0.17137374724188237,-0.3729907995730234,-0.19452417500827263,-0.229151398064406,-0.13774496433858713,-0.21236883366727108,-0.16589152130291657,-0.06947469871716128,-0.016782564397134908,-0.023150427766390258
2018-09-18,430,7,False,0.05922476868638363,273,268,268,27,0.2947761194029851,2018-03-29,0.03444139847648649,0.0114488593294132,-0.0038723552793185623,-0.005727215723806002,0.11184437808597508,0.03851460978780907,0.1178146183048766,0.012869167267190385,-0.03831375375580505,-0.0059702402189015236,-0.017176075053219202
2018-09-25,435,7,False,0.061210400993798035,274,268,268,27,0.2276119402985075,2018-06-29,-0.204569770432419,-0.0633476701235145,-0.40091957113750043,-0.13665119882991808,-0.28981394025589374,-0.11321244960706611,-0.10344173412845395,-0.07270705179501061,-0.19634980070508143,-0.1863722061274398,-0.07330352870640358
2018-10-02,440,7,False,0.058930997933352464,274,268,268,27,0.1977611940298507,2018-06-29,0.005902983512858044,-0.0063229150950218395,-0.3017331488789492,-0.1114986536141835,-0.24302774440052086,-0.07869965716838362,-0.02620481866524838,-0.03520734968195954,-0.30763613239180726,-0.21682292573527248,-0.10517573851916166
2018-10-09,445,7,False,0.06545778969259777,275,268,268,27,0.332089552238806,2018-06-29,0.29569019311437733,0.04865686786513703,0.29649228664110816,0.05553553073419266,0.4371729847157441,0.06931731507755352,0.38160074786769,0.04176430978163115,0.0008020935267308293,0.055572236848054124,0.006878662869055627
2018-10-16,450,7,True,0.176885777983899,275,268,268,27,0.2873134328358209,2018-06-29,0.18536243560870017,0.03146995366295449,0.2246159272687006,0.05374788181218066,0.21210783710424935,0.004003106983338611,0.18852556943654158,0.010841040107886073,0.039253491660000445,0.023582267667707768,0.02227792814922617
2018-10-23,455,7,True,0.17813296692209202,275,268,268,27,0.332089552238806,2018-06-29,0.25893861442234783,0.03303256399888127,0.1258035826505654,0.01725349377516041,0.05035922944510944,0.016939459556887436,0.2956915522327886,0.05970158366483052,-0.13313503177178243,-0.24533232278767914,-0.01577907022372086
2018-10-30,460,7,True,0.23020687345669352,275,268,268,27,0.3843283582089553,2018-06-29,0.38392977580609855,0.1043363506872052,0.19915288825701882,0.029890896915524552,0.23958934813795243,0.11302295530512549,0.41561837639814403,0.0968157700929891,-0.18477688754907973,-0.1760290282601916,-0.07444545377168066
2018-11-06,465,7,True,0.2440872565487637,275,268,268,27,0.2947761194029851,2018-06-29,0.7970525799860021,0.1942101605300182,0.8811933418897729,0.19759357278310635,0.7586533113222985,0.13507512645872863,0.4532498332813017,0.060767319346936514,0.08414076190377084,0.3054034780409968,0.003383412253088164
2018-11-13,470,7,True,0.20781787033445476,275,268,268,27,0.2350746268656716,2018-06-29,0.8133110588943618,0.24614055313383115,0.872714761430359,0.18905325756653665,0.6994801751928392,0.11223132495182699,0.5346106648967036,0.09758691056709998,0.05940370253599714,0.1648695102961356,-0.0570872955672945
2018-11-20,475,7,True,0.22382962401038364,275,268,268,27,0.31343283582089554,2018-06-29,0.8469808949087869,0.27575015342243514,0.8181914517349764,0.22835316352697355,0.8243743360679047,0.18270806804805434,0.6110643774968967,0.14502562578268602,-0.02878944317381049,0.21330995857100798,-0.047396989895461594
2018-11-28,480,8,True,0.19464938869775322,275,268,268,27,0.2649253731343284,2018-06-29,0.7854351108551547,0.22860166015368355,0.7710019943251051,0.2222020398293425,0.4557502946118227,0.06372751455592293,0.30239147556246,-0.007287454991684349,-0.014433116530049639,0.15335881904936272,-0.006399620324341049
2018-12-06,485,8,True,0.2248913913154031,275,268,268,27,0.25,2018-06-29,0.3001696299141735,0.11122468649663636,0.10734334403901433,0.015915741763779356,0.22097332930611555,0.04134482129424289,0.17553077211231558,-0.01940856594825015,-0.19282628587515918,0.04544255719379997,-0.095308944732857
2018-12-13,490,8,True,0.214254161194454,275,269,269,27,0.3048327137546468,2018-06-29,0.08546098741604263,0.08318193109890765,0.11781137870004668,0.12673562661068355,0.18379247019131786,0.16461739950946738,0.02013770959771018,0.05365649191342902,0.03235039128400405,0.16365476059360767,0.0435536955117759
2018-12-20,495,8,True,0.22170694952382966,275,269,269,27,0.27137546468401486,2018-06-29,0.8018899101299094,0.2736080681467873,0.639243108375154,0.19984917384104472,0.6374563601628488,0.22731236959738782,0.537498956917809,0.24187811648917246,-0.16264680175475543,0.09995740324503977,-0.07375889430574256
2018-12-28,500,8,True,0.2949337336352933,275,269,269,27,0.2193308550185874,2018-09-28,0.45068329985397926,0.12411258178207142,0.3448324603795223,0.12990854049763462,0.35646521901211603,0.07483354964648432,0.42040475778250264,0.11360744380279107,-0.10585083947445695,-0.0639395387703866,0.005795958715563196
2019-01-07,505,8,True,0.3145723158233734,275,269,269,27,0.2565055762081785,2018-09-28,0.489828491870734,0.161019814509434,0.6495046571219459,0.18997548398393366,0.4256782085890833,0.1384968713092569,0.6916205933086436,0.16687197641551782,0.15967616525121192,-0.2659423847195603,0.02895566947449965
2019-01-14,510,8,True,0.30833613820469646,275,269,269,27,0.33457249070631967,2018-09-28,0.6026997664958634,0.18607964787529296,0.7976637049303456,0.24462461055683854,0.5579043260913193,0.15569925582108585,0.7610800289218812,0.19076754361487575,0.19496393843448212,-0.20317570283056186,0.058544962681545576
2019-01-22,515,8,True,0.2898123878772965,275,269,269,27,0.38661710037174724,2018-09-28,0.17206397464671486,0.05273815761825013,0.08862263041623293,0.053916585520690764,0.3415177791639791,0.10463147153455529,0.41200409463457155,0.09158949722857893,-0.08344134423048193,-0.07048631547059248,0.0011784279024406319
2019-01-29,520,8,True,0.18156206509416484,275,269,269,27,0.3011152416356877,2018-09-28,0.2604627055646099,0.1143405967459934,0.4049211301300729,0.13526533054662157,0.6428417443194626,0.19428343688348004,0.6828822593357015,0.16875524218549462,0.14445842456546304,-0.04004051501623884,0.020924733800628176
2019-02-05,525,8,False,0.11451172459834326,275,270,270,27,0.31481481481481477,2018-09-28,-0.1994381431851997,-0.05849831440193684,-0.03160158404882267,0.009316258995377379,0.409212098268687,0.1278263353435259,0.5231048994784234,0.13258813808767425,0.16783655913637702,-0.11389280120973644,0.06781457339731423
2019-02-12,530,8,False,0.12313821100202434,275,270,270,27,0.28888888888888886,2018-09-28,-0.0164216841458407,-0.03548396431300835,0.17022092966768526,0.08201289934351894,0.05128524692761412,0.02196791521924167,0.43640952154654,0.1049818434343408,0.18664261381352595,-0.3851242746189259,0.11749686365652728
2019-02-20,535,8,False,0.10066568914249836,275,271,271,27,0.2656826568265682,2018-09-28,0.17695276785811592,-2.2456530096703203e-05,0.5396977768354501,0.11444469237474202,0.47994421550909144,0.07892555933625973,0.654317840350459,0.09799886444638568,0.36274500897733414,-0.1743736248413676,0.11446714890483872
2019-02-27,540,9,False,0.09481433633641073,275,271,271,27,0.2767527675276753,2018-09-28,0.3067185464486493,0.059179791864406445,0.31946168082163195,0.07050398414050149,0.3494312150502192,0.053806309673886395,0.3881258765277452,0.04048638300682137,0.012743134372982634,-0.03869466147752604,0.011324192276095046
2019-03-06,545,9,False,0.08436748283761371,275,271,271,27,0.30996309963099633,2018-09-28,0.5770881838178543,0.12270980838286882,0.6209955712065801,0.15974684541990583,0.39476463911024784,0.06368963826414689,0.2503597693055141,-0.018979228924788927,0.043907387388725794,0.14440486980473372,0.03703703703703701
2019-03-13,550,9,False,0.08895515012354299,275,271,271,27,0.27306273062730624,2018-09-28,0.30272017640772897,0.06172917526866209,0.24573249562905475,0.00806360575861064,0.1497438640408101,-0.015874923395132964,0.010464876366875951,-0.08931302273297737,-0.05698768077867422,0.13927898767393415,-0.05366556951005145
2019-03-20,555,9,False,0.08196520291877656,276,272,272,27,0.2867647058823529,2018-09-28,0.2536870506341927,0.07524731366840848,0.05145865050624264,-0.012901654791658803,-0.19519704452679337,-0.0965450199379428,0.09282315716900456,-0.02389512665335708,-0.20222840012795007,-0.28802020169579795,-0.08814896846006728
2019-03-27,560,9,False,0.11748718437532232,276,272,272,27,0.2720588235294118,2018-09-28,0.35921224219193315,0.10786732691223826,0.10328828085873124,0.0002699277711548393,-0.18098481006952352,-0.09258057896286966,0.11430083910514208,0.029567551231364238,-0.25592396133320194,-0.2952856491746656,-0.10759739914108342
2019-04-03,565,9,False,0.1202553441399305,276,272,272,27,0.3602941176470589,2018-12-31,0.11788255374095019,0.04361543067898756,0.20092786720182015,0.04311499292612925,-0.2405594583381735,-0.15722570116999746,-0.09387388329917687,-0.02568410266702287,0.08304531346086996,-0.14668557503899662,-0.0005004377528583098
2019-04-10,570,9,False,0.10555162111285725,276,272,272,27,0.3897058823529411,2018-12-31,0.2764051639926366,0.12000920697558445,0.13583059794982338,0.04260894226705444,-0.21894149234773894,-0.09049803766554072,-0.017081898091753575,-0.008795820273079447,-0.1405745660428132,-0.20185959425598538,-0.07740026470853001
2019-04-17,575,9,False,0.1068654074531942,276,272,272,27,0.2904411764705882,2018-12-31,0.7192807009923464,0.25330546777017954,0.6301175861125169,0.15920296883871882,0.1941293942705731,0.0007759808213579386,0.07772050889657305,-0.004829780592043019,-0.08916311487982953,0.11640888537400006,-0.09410249893146072
2019-04-25,580,9,False,0.06462666020277906,277,272,272,27,0.25735294117647056,2018-12-31,0.5714136589515826,0.1737544133033323,0.3021325759066059,0.11800985267393381,0.0476102405410133,-0.014298341711451591,0.041135929079872575,0.012215020658277993,-0.26928108304497667,0.006474311461140726,-0.05574456062939849
2019-05-02,585,9,False,0.06139078354744837,277,272,272,27,0.23897058823529416,2018-12-31,0.41328281120850335,0.18968876478566718,0.29370198860859065,0.14630828073697333,-0.10678345996427549,-0.025238065986134005,-0.07110383721462651,0.019739515021069538,-0.1195808225999127,-0.035679622749648976,-0.04338048404869385
2019-05-09,590,9,False,0.09143231425603421,277,272,272,27,0.23897058823529416,2018-12-31,0.07709698851317381,0.06962897355272046,-0.02951510711006551,0.022229115999784936,-0.2350002304791345,-0.06263349364383454,-0.2661394833242119,-0.07830102197633007,-0.10661209562323933,0.031139252845077403,-0.04739985755293553
2019-05-16,595,9,True,0.13801870147055026,277,272,272,27,0.25,2018-12-31,-0.2734325237064387,-0.02943224150461229,0.07628579671376581,0.0433122798125793,0.029647005219672923,0.032666167628583084,-0.2545444732919956,-0.03579980257972051,0.34971832042020456,0.2841914785116685,0.07274452131719158
2019-05-23,600,10,True,0.14638789740372718,277,272,272,27,0.30514705882352944,2018-12-31,-0.04621473097050324,0.0070128913570924635,-0.02187137549943729,-0.05027769194728977,0.10601454898490129,0.012974230536158548,0.047758282640188165,0.016130199184952464,0.024343355471065954,0.05825626634471312,-0.057290583304382234
2019-05-31,605,10,True,0.15278862458879094,277,272,272,27,0.22058823529411764,2018-12-31,-0.2031598146939384,-0.05351095550440997,0.07010820696163578,-0.02519879410532685,-0.08773533678194981,-0.07071923605766045,-0.030069501076456326,-0.05740680334058118,0.2732680216555742,-0.05766583570549348,0.02831216139908312
2019-06-07,610,10,True,0.1709716094178084,277,272,272,27,0.3088235294117647,2018-12-31,-0.08728066172860108,-0.1092578870718203,0.1252587818965121,-0.060527745559521215,-0.005250301702294416,-0.08554586008402787,0.047197054960207985,-0.09925031788698711,0.21253944362511318,-0.0524473566625024,0.04873014151229908
2019-06-14,615,10,True,0.13563041704418635,278,272,272,27,0.25735294117647056,2018-12-31,-0.4629992507704912,-0.1276904300587223,-0.34183961121847256,-0.14712621160471812,-0.10121148848726697,-0.130378645201001,-0.4175104591698488,-0.19102430255489677,0.12115963955201864,0.31629897068258184,-0.019435781545995817
2019-06-21,620,10,False,0.12728385908374407,278,273,273,27,0.3626373626373627,2018-12-31,-0.6509177522279844,-0.16338550851779893,-0.41385363348314963,-0.12970966445911464,-0.33397921502662986,-0.10178517431622669,-0.2738461621279302,-0.10742083259272303,0.2370641187448348,-0.060133052898699635,0.03367584405868429
2019-06-28,625,10,False,0.11062597470467506,278,273,273,27,0.3992673992673993,2019-03-29,-0.35125150738209926,-0.07179692466891427,-0.3421625267688394,-0.10831527642620034,-0.2400817296847938,-0.13623546707450196,-0.2222243363331755,-0.06916454255626234,0.009088980613259856,-0.01785739335161829,-0.03651835175728607
2019-07-08,630,10,False,0.08620711066228494,278,273,273,27,0.2344322344322345,2019-03-29,-0.18267393533289536,-0.05915762329256979,-0.3493820968010763,-0.13273160018134647,-0.1265222295200147,-0.10781925881122227,0.03138583022037756,0.0047449208081094965,-0.16670816146818093,-0.15790805974039226,-0.07357397688877668
2019-07-15,635,10,False,0.08470776193164795,278,273,273,27,0.22710622710622708,2019-03-29,-0.21308292226439288,-0.06185098750141846,-0.2880624755365321,-0.11849249211015167,-0.18897437903804115,-0.08615851305111483,-0.11909969598352553,-0.05224791887383903,-0.0749795532721392,-0.06987468305451562,-0.05664150460873321
2019-07-22,640,10,False,0.07898638477900666,278,273,273,27,0.2637362637362637,2019-03-29,-0.16996902320416996,-0.0674795051475989,-0.34686128440960434,-0.17967747237005546,-0.1298218372079189,-0.07051888615719477,0.03753396895551215,-0.028106730116323128,-0.1768922612054344,-0.16735580616343104,-0.11219796722245656
2019-07-29,645,10,False,0.07679753181419045,278,273,273,27,0.29670329670329665,2019-03-29,-0.48771737885682487,-0.12343957454706564,-0.34136623124250653,-0.12799613316394637,-0.4640499170655632,-0.1998732515642089,-0.14966005104757885,-0.12400846483554731,0.14635114761431833,-0.31438986601798435,-0.004556558616880729
2019-08-05,650,10,False,0.13464607281058,278,273,273,27,0.20512820512820518,2019-03-29,-0.44951912986803405,-0.14349271847959813,-0.279400690833929,-0.12641653358930297,-0.215895007223237,-0.09551895304740604,-0.03139483600863244,-0.13134258442238708,0.17011843903410506,-0.18450017121460457,0.017076184890295165
2019-08-12,655,10,True,0.1669828040119631,278,274,274,27,0.22627737226277367,2019-03-29,-0.597679046905612,-0.1640906766532035,-0.2586311747703614,-0.10231192864109459,-0.25905341422782574,-0.07781021234315935,0.010640782221295782,-0.014526653374019914,0.3390478721352506,-0.2696941964491215,0.06177874801210892
2019-08-19,660,11,True,0.2171339497977515,278,274,274,27,0.33941605839416056,2019-03-29,-0.3305490434884552,-0.07482889849398851,0.036030942438567165,0.01187102264781538,0.3124039150188873,0.1386132427788973,0.17463101971818804,0.0682533737293544,0.36657998592702234,0.13777289530069928,0.08669992114180389
2019-08-26,665,11,True,0.23707485626014876,278,275,275,28,0.2909090909090909,2019-03-29,-0.4942823389447489,-0.2073793094427591,-0.2901759838287055,-0.09829804046769361,0.18530204202265463,0.08788973506830813,0.1870045124172189,0.05376790679257926,0.20410635511604336,-0.0017024703945642816,0.10908126897506548
2019-09-03,670,11,True,0.21231728674495623,278,275,275,28,0.1963636363636364,2019-03-29,-0.32766606715203933,-0.1766412223935921,-0.028855547734444188,-0.03530633910799209,0.19326499467800778,0.06899855417500801,0.03756774907807588,-0.007540616271424782,0.2988105194175951,0.15569724559993192,0.1413348832856
2019-09-10,675,11,True,0.19566165749144135,278,275,275,28,0.40727272727272723,2019-03-29,-0.22097316465587918,-0.12146176434566809,0.32492352795519286,0.10521429771849444,0.14963298565535604,0.09796368733736782,0.013525262831124325,-0.028557158220718346,0.545896692611072,0.13610772282423172,0.22667606206416252
2019-09-17,680,11,True,0.14101972855771394,279,275,275,28,0.3054545454545454,2019-03-29,-0.30835926150011583,-0.19239340874223299,0.06621857958315983,0.017089740848420992,-0.03258701120572291,0.02058984304351069,-0.04337094059247594,-0.005995357662993634,0.37457784108327563,0.01078392938675303,0.20948314959065398
2019-09-24,685,11,False,0.09957288032723198,280,275,275,28,0.2218181818181818,2019-06-28,-0.14831118757380823,-0.08156371970323431,0.039208292688712246,0.02666029845870306,0.10296249937655931,0.03571078980345825,0.07697775629436454,0.005695638490654586,0.18751948026252047,0.02598474308219477,0.10822401816193737
2019-10-01,690,11,False,0.09972151946566196,280,275,275,28,0.2472727272727273,2019-06-28,-0.3254097761007285,-0.1500040483412188,-0.21754339616590276,-0.15660005501515178,0.16608737954479566,-0.05573987243597292,0.16688912479911877,-0.033637664723316515,0.10786637993482576,-0.0008017452543231107,-0.00659600667393298
2019-10-08,695,11,False,0.1276838345900588,280,275,275,28,0.22909090909090912,2019-06-28,-0.410394391434056,-0.17325600132744123,-0.22034247184321135,-0.1066056960066181,-0.1468627975000191,-0.09537481659839088,-0.01783353093545627,-0.054422141288004,0.19005191959084464,-0.12902926656456282,0.06665030532082314
2019-10-15,700,11,True,0.1430361596415281,280,275,275,28,0.21818181818181814,2019-06-28,-0.20554213628081044,-0.1498609744777935,-0.0030413220306828442,-0.08837450723922849,0.08737599066436572,-0.04628663400042767,0.15632134556482025,-0.015172760907025648,0.20250081425012761,-0.06894535490045453,0.06148646723856502
2019-10-22,705,11,True,0.13994374007847485,280,275,275,28,0.3345454545454546,2019-06-28,0.17630596669545506,0.06169791372185236,0.25792249429157504,0.09584520400520563,0.40721587485600363,0.18780420716340943,0.2965164372322185,0.08971429032688694,0.08161652759611998,0.11069943762378515,0.03414729028335327
2019-10-29,710,11,False,0.1289285341268555,280,275,275,28,0.2654545454545455,2019-06-28,0.20763794370198485,0.038553991272317886,0.7402756533934218,0.16071654736084726,0.5273451453594011,0.13964986218258094,0.40130626946020465,0.10343336768780967,0.532637709691437,0.1260388758991965,0.12216255608852937
2019-11-05,715,11,False,0.07411654215713538,280,275,275,28,0.23636363636363633,2019-06-28,0.2676230539292679,0.07915203874614501,0.9759803570719289,0.2645413806369808,0.7840819313779865,0.21178738129331043,0.5422949166984696,0.2378151069536358,0.708357303142661,0.2417870146795169,0.18538934189083578
2019-11-12,720,12,False,0.05608676795672716,280,275,275,28,0.18181818181818177,2019-06-28,0.33568711491119313,0.05152793775499653,0.4392947437933568,0.16631257593657328,0.6870285232632953,0.19567398384776324,0.4148776539529159,0.16155483749105184,0.10360762888216368,0.2721508693103794,0.11478463818157675
2019-11-19,725,12,False,0.04765633490851109,280,275,275,28,0.14909090909090905,2019-06-28,0.26728814751085034,0.07006031241441416,0.3102326450261177,0.1245599162476161,0.5431729170781119,0.12219779429414952,0.6008816844228723,0.21205648780445344,0.042944497515267355,-0.05770876734476038,0.054499603833201946
2019-11-26,730,12,False,0.054691280621717075,280,275,275,28,0.17454545454545456,2019-06-28,0.44019103082888184,0.18621980170303723,0.6208049199298407,0.1300533006862139,0.4709337122285476,0.053697984746635855,0.3909718872697731,0.146086191594499,0.18061388910095882,0.07996182495877446,-0.05616650101682333
2019-12-04,735,12,False,0.06780976837030173,280,275,275,28,0.23636363636363633,2019-06-28,0.4563472501548317,0.27288758049755235,0.1890314799432705,0.16155534234408458,0.2083007718316578,0.1643882198862725,0.42448887884342634,0.25580464856372886,-0.26731577021156117,-0.21618810701176855,-0.11133223815346777
2019-12-11,740,12,False,0.0747216488524013,280,275,275,28,0.19999999999999996,2019-06-28,0.5230324539310169,0.23987357067254012,0.4232873049879375,0.1433838892340599,0.48452276146416084,0.18439005408468281,0.4446647236627682,0.20430221482613245,-0.09974514894307945,0.03985803780139263,-0.09648968143848022
2019-12-18,745,12,False,0.0792138990076513,280,275,275,28,0.16000000000000003,2019-06-28,0.40814984686499106,0.21739019160451376,0.4309088339563938,0.21556594433259105,0.29902041398783824,0.15996218661824277,0.367297573593768,0.19867767318087312,0.022758987091402727,-0.06827715960592978,-0.0018242472719227076
2019-12-26,750,12,False,0.07507829886846591,280,275,275,28,0.19272727272727275,2019-09-30,0.5998628505698758,0.26627141484096895,0.7458985115378161,0.29504785835945035,0.7051756609706664,0.3190991647785122,0.7672426205436693,0.28498435424265595,0.1460356609679403,-0.0620669595730029,0.02877644351848141
2020-01-03,755,12,False,0.07248779533023174,280,275,275,28,0.28,2019-09-30,0.4973652325513409,0.21542907232052977,0.6366099484003312,0.23826741845229346,0.5793730334496207,0.20436038790012678,0.5905423713987114,0.2432605113537875,0.13924471584899034,-0.011169337949090696,0.022838346131763693
2020-01-10,760,12,False,0.0721877527473196,280,275,275,28,0.26181818181818184,2019-09-30,0.46730734208190533,0.21598325332482837,0.49006254595922616,0.14422407959382114,0.5681486549729322,0.2005172759379674,0.7125300627011136,0.22183268029002196,0.02275520387732083,-0.14438140772818142,-0.07175917373100724
2020-01-17,765,12,False,0.07235906280421672,280,275,275,28,0.2909090909090909,2019-09-30,0.4113907748428121,0.22363435425713107,0.6604898367086651,0.2584223355711324,0.562199131550547,0.20854631412842387,0.7880842292303702,0.2872673279094373,0.249099061865853,-0.22588509767982323,0.03478798131400135
2020-01-27,770,12,False,0.1004560754647,280,275,275,28,0.1963636363636364,2019-09-30,0.27547188961184693,0.13088837798282188,0.6128050801121687,0.16748229840495,0.6393965841020008,0.1793675696935464,0.8717021014723213,0.28463629763798914,0.3373331905003218,-0.23230551737032046,0.03659392042212811
2020-02-03,775,12,False,0.11991335697961537,280,276,276,28,0.18840579710144922,2019-09-30,-0.01564329871993627,0.00725530867061612,0.642848351188835,0.10699751160909114,0.6397059305693357,0.13297032052495428,0.7544580987275152,0.20685417991812238,0.6584916499087713,-0.11475216815817957,0.09974220293847502
2020-02-10,780,13,True,0.13640934633983115,280,276,276,28,0.21376811594202894,2019-09-30,0.06051732198511297,0.04525311724132823,0.4712859588324977,0.14928711841357417,0.6363100730584972,0.17387835047900263,0.6137967608255297,0.17389092342867146,0.41076863684738474,0.022513312232967486,0.10403400117224594
2020-02-18,785,13,False,0.13390291749356129,280,276,276,28,0.19927536231884058,2019-09-30,0.169823676360139,0.10068094888115628,0.6392359150947191,0.18731090679548507,0.7831105706340261,0.23753279587140075,0.44222920353561224,0.11841470923508186,0.4694122387345801,0.3408813670984139,0.08662995791432879
2020-02-25,790,13,True,0.20384782753287323,280,276,276,28,0.26449275362318836,2019-09-30,0.36118286091955126,0.1127401219544388,0.8203088492988245,0.1791364689535348,0.731406716669102,0.1554594923138451,0.552754166105338,0.11108539785672479,0.45912598837927326,0.17865255056376395,0.066396346999096
2020-03-03,795,13,True,0.3081313522398667,280,276,276,28,0.28985507246376807,2019-09-30,0.17324509824120465,0.05347036236716539,0.15291427531396545,0.038819254278156384,0.32106716311740036,0.042017125976119604,0.24333734003632904,0.031291365360771664,-0.0203308229272392,0.07772982308107132,-0.014651108089009005
2020-03-10,800,13,True,0.48745634449778086,280,277,277,28,0.3212996389891697,2019-09-30,0.30286322490711326,0.16092403926908763,1.002359820382566,0.2721066031328571,0.8559587211638615,0.18538439000693505,0.7515116054061577,0.21078769874045628,0.6994965954754528,0.10444711575770382,0.11118256386376948
2020-03-17,805,13,True,0.8076768494486449,280,277,277,28,0.23465703971119134,2019-09-30,0.4109152674539785,0.16294733602079692,0.5348616164196153,0.1953950052766172,0.8370745383790745,0.33319967939552825,0.801988066800556,0.2967447128367684,0.12394634896563678,0.03508647157851852,0.032447669255820294
2020-03-24,810,13,True,0.9053604827926556,281,277,277,28,0.2707581227436823,2019-09-30,0.13239378160490872,0.08816953878501275,0.38060075249091424,0.18358399586458796,0.5353267915426225,0.24099757099390323,0.6007003843581792,0.25942542460620516,0.24820697088600552,-0.06537359281555666,0.0954144570795752
2020-03-31,815,13,True,0.9251596383000477,281,277,277,28,0.20216606498194944,2019-12-31,0.32207534982436015,0.11668608155369342,0.7164728813584319,0.28121432026145543,0.7386455587979026,0.2643154485614786,0.6678109546580976,0.24954038036258264,0.39439753153407175,0.07083460413980502,0.164528238707762
2020-04-07,820,13,True,0.8954958120090492,281,277,277,28,0.15523465703971118,2019-12-31,0.5902603050600012,0.10657033522047282,0.9608646172756341,0.2885608016739314,0.9602073218079067,0.3064640714886048,0.8311478505066252,0.28377302015038147,0.37060431221563295,0.12905947130128148,0.18199046645345857
2020-04-15,825,13,True,0.6207270688144647,281,277,277,28,0.1660649819494585,2019-12-31,0.4009354891163424,0.22546132265070656,0.6168103625154653,0.25640488101923237,0.5865122481657064,0.27506921265513234,0.3855317812515855,0.14682803018892235,0.21587487339912287,0.20098046691412086,0.030943558368525803
2020-04-22,830,13,True,0.47816411986035096,281,277,277,28,0.19494584837545126,2019-12-31,0.45998191885778783,0.27454695551151814,0.5958511608916789,0.28828798613910384,0.3838744476814781,0.18543407590981476,0.49581949279682636,0.19819460747886747,0.13586924203389106,-0.11194504511534825,0.013741030627585693
2020-04-29,835,13,True,0.4105667450089811,281,278,278,28,0.302158273381295,2019-12-31,0.5668240349626958,0.26858513438020876,0.5561945701413862,0.2870829257156848,0.44121475339291183,0.2304669229679717,0.2947172014864631,0.16943264989144594,-0.010629464821309664,0.14649755190644875,0.01849779133547602
2020-05-06,840,14,True,0.3048718318809565,281,278,278,28,0.1762589928057554,2019-12-31,0.1747442756426194,0.11065300533756617,0.3336625124522072,0.13815443841406674,0.3709782210750682,0.17881955276682068,0.5143576272262551,0.16742914113128254,0.15891823680958778,-0.14337940615118688,0.027501433076500575
2020-05-13,845,14,True,0.2732344667246684,281,278,278,28,0.2302158273381295,2019-12-31,-0.049237532355374175,0.017079055928208558,0.08737515547484438,0.05488328867060034,0.0281363728447123,0.02466233436674874,0.11926215332041254,0.07037702879699306,0.13661268783021857,-0.09112578047570025,0.03780423274239178
2020-05-20,850,14,True,0.24279132266181766,281,278,278,28,0.26618705035971224,2019-12-31,-0.006956943271572234,0.04309502163920671,0.20916285302777626,0.12617963457400078,0.17835534540822157,0.06937171528366685,0.08041523910634507,0.06795008985660836,0.2161197962993485,0.0979401063018765,0.08308461293479406
2020-05-28,855,14,True,0.2277177847922311,281,278,278,28,0.2230215827338129,2019-12-31,0.011265175922724175,0.011166249942163614,0.1688491718889354,0.03823303774022313,0.13095610174495462,0.078891424228143,0.07946687276696085,0.10555780431150308,0.15758399596621123,0.05148922897799377,0.027066787798059516
2020-06-04,860,14,True,0.19619459110944168,281,278,278,28,0.1546762589928058,2019-12-31,0.3944721094676471,0.15709971484682084,0.25693727038778097,0.10039796132945415,0.1714337599195979,0.08834117058545668,0.1402830872255699,0.07950366797120022,-0.13753483907986613,0.031150672694027992,-0.056701753517366685
2020-06-11,865,14,True,0.2863160981130035,281,278,278,28,0.29496402877697847,2019-12-31,0.23272241898171467,0.09919848143647271,0.11559749206876885,0.014298564063843503,-0.07082478970985254,-0.013096003873786965,-0.4788028104356238,-0.11486152904523647,-0.11712492691294582,0.4079780207257713,-0.08489991737262921
2020-06-18,870,14,True,0.26799000483574337,281,278,278,28,0.2697841726618705,2019-12-31,0.2540934993157966,0.05247490899867095,0.09294919943053999,0.02363290608881204,-0.46525320448312296,-0.135159476900651,-0.4173974507068341,-0.13590645706509488,-0.16114429988525664,-0.04785575377628887,-0.028842002909858912
2020-06-25,875,14,True,0.2829077511074232,281,278,278,28,0.3093525179856115,2020-03-31,0.2766135226455561,0.058038120936712706,0.3798142003409001,0.07903120359680013,-0.199155799332381,-0.06780326431612169,-0.03199697517845807,0.01235848882662893,0.10320067769534397,-0.16715882415392294,0.020993082660087425
2020-07-02,880,14,True,0.2999321566408159,281,278,278,28,0.237410071942446,2020-03-31,0.34886087435213586,-0.0441499779028383,0.34527840841961893,0.035096426936769516,-0.04068840288205235,-0.05344826931739023,0.16770291372502857,0.0067541349834888895,-0.0035824659325169317,-0.20839131660708093,0.07924640483960782
2020-07-10,885,14,True,0.19785992225644422,281,278,278,28,0.2841726618705036,2020-03-31,0.23605602618198196,0.028894824564165422,0.5123186664609328,0.1008685210422182,0.16118220962322996,0.022553304403520807,0.13209299678347447,0.042775471527644875,0.27626264027895087,0.02908921283975549,0.07197369647805278
2020-07-17,890,14,True,0.19221398159045852,281,278,278,28,0.3309352517985612,2020-03-31,0.49401549506962333,0.12833295404375053,0.70539816075248,0.14464886493959953,0.40352347041455083,0.06457174554548073,0.18200133769473803,0.0486698456918636,0.21138266568285663,0.2215221327198128,0.016315910895848995
2020-07-24,895,14,True,0.1668331373219245,281,278,278,28,0.302158273381295,2020-03-31,0.35647248633655476,0.0988276566419049,0.5512392462513214,0.08074532750618889,0.501843704990065,0.06665557394572841,0.1083679911991848,0.020626871086105645,0.1947667599147666,0.3934757137908802,-0.018082329135716016
2020-07-31,900,15,True,0.13572239997197683,281,279,279,28,0.27956989247311825,2020-03-31,0.2578417170468707,0.06318927394103732,0.534711112285632,0.02624184625776982,0.4656916532616233,0.04083298317257242,0.29754645052399303,0.09638272700400957,0.27686939523876125,0.16814520273763028,-0.0369474276832675
2020-08-07,905,15,False,0.11289802405575247,281,280,280,28,0.2857142857142857,2020-03-31,0.2043481877378456,0.05382159931128446,0.5779649994683199,0.10445387960385061,0.5653615295868716,0.13578150420164325,0.49979742032070257,0.11631921406091462,0.37361681173047434,0.06556410926616901,0.05063228029256615
2020-08-14,910,15,False,0.11045416308767202,281,280,280,28,0.2607142857142857,2020-03-31,0.13560435386423986,-0.02218661524616933,0.1925017852664084,0.08682261465960708,0.5926869329450107,0.1543094518542733,0.42921243354648175,0.19225717093942107,0.05689743140216855,0.16347449939852898,0.10900922990577641
2020-08-21,915,15,False,0.09177029773021741,281,280,280,28,0.2142857142857143,2020-03-31,-0.03802705597829669,-0.06583488496443543,0.20215072782028526,-0.03281903083313305,0.5182191663937399,0.09112296989848666,0.2276464671461363,0.07882658470699833,0.24017778379858196,0.2905726992476036,0.03301585413130238
2020-08-28,920,15,False,0.08001432690578297,281,280,280,28,0.1964285714285714,2020-03-31,0.20409353712173714,0.07699766051708488,0.441923348435277,0.06002659383765428,0.4608086190632076,0.1154241894081672,0.24297060290790884,0.0780501860495405,0.23782981131353984,0.21783801615529874,-0.016971066679430602
2020-09-04,925,15,True,0.16778456984725842,281,280,280,28,0.2678571428571429,2020-03-31,0.4219706834430768,0.0885279171160116,0.6459977262188328,0.19411463822323918,0.6770590723008829,0.17969001373933216,0.4224992418682155,0.06555026585704819,0.22402704277575597,0.2545598304326674,0.10558672110722758
2020-09-14,930,15,True,0.21508422795772494,281,280,280,28,0.21785714285714286,2020-03-31,0.34868331163307886,0.11077390728000239,0.776778068201763,0.1801854459298834,0.8775857459256375,0.21650772121879616,0.7357017243748026,0.2213306867824028,0.4280947565686841,0.1418840215508349,0.069411538649881
2020-09-21,935,15,True,0.22608284454233565,282,280,280,28,0.30000000000000004,2020-03-31,0.16508329108526984,0.08701008952091772,0.3835602571048002,0.167794739314488,0.6483988800402694,0.23237350671827356,0.6592202114674455,0.2533428369468069,0.21847696601953034,-0.010821331427176117,0.08078464979357027
2020-09-28,940,15,True,0.2506745317668109,282,280,280,28,0.22142857142857142,2020-06-30,-0.07752513502691988,-0.06550833758370059,0.5956020133777592,0.1315164291410403,0.7143926488336347,0.15454635148146265,0.029655328100926824,-0.021593905837632106,0.673127148404679,0.6847373207327079,0.1970247667247409
2020-10-05,945,15,True,0.22479215236509612,283,280,280,28,0.3035714285714286,2020-06-30,-0.09892190930453507,-0.09032743317540054,0.21553150393740994,0.011976998402529929,0.364269950684472,0.09171239371624865,-0.025073546136198013,-0.030908022863022223,0.314453413241945,0.38934349682067,0.10230443157793047
2020-10-12,950,15,True,0.20060481609026287,283,280,280,28,0.2678571428571429,2020-06-30,-0.1340224095216246,-0.092812094131114,0.07929955521014155,-0.001744952465627933,0.4424567907467755,0.15555573397050632,-0.03990878827082634,0.022129414651064827,0.21332196473176618,0.48236557901760185,0.09106714166548607
2020-10-19,955,15,True,0.194363685598877,283,280,280,28,0.18571428571428572,2020-06-30,-0.06906529658907254,-0.09963608789072739,0.1386421660768437,-0.022356832480137104,0.4285229428219072,0.05111748075193118,0.29376114858077196,0.01949035035216847,0.20770746266591625,0.13476179424113527,0.07727925541059029
2020-10-26,960,16,True,0.16923345528250852,283,280,280,28,0.275,2020-06-30,0.16483006421516644,-0.07370397459210627,0.3483378758639574,-0.005140126900542871,0.6566786938782468,0.10748390698866085,0.2808183521893586,-0.04168769094523282,0.18350781164879099,0.37586034168888827,0.0685638476915634
2020-11-02,965,16,True,0.20346982439656877,283,280,280,28,0.275,2020-06-30,0.42549491567586334,-0.08194700339189195,0.413970180161377,-0.08982529459391334,0.4654042030993903,-0.04244613558581291,0.46016773972347563,-0.05278964724861822,-0.01152473551448635,0.005236463375914657,-0.007878291202021381
2020-11-09,970,16,True,0.2179650678828376,283,280,280,28,0.375,2020-06-30,0.4062537891879133,-0.013713707196760266,0.49265575986323273,0.03534821361527342,0.47461966973791997,-0.00546983793669735,0.4785113591866825,-0.019210539719665798,0.08640197067531946,-0.003891689448762503,0.049061920812033685
2020-11-16,975,16,True,0.21812542805152993,283,280,280,28,0.2928571428571428,2020-06-30,0.6128208966068752,0.16294649763612107,0.688337294792154,0.17265879959642258,0.6613364691864324,0.10294943744381671,0.5464687000142482,0.09122492818403109,0.07551639818527878,0.11486776917218422,0.009712301960301511
2020-11-23,980,16,True,0.21534097165492116,283,280,280,28,0.3464285714285714,2020-06-30,0.32058767049373615,-0.021916439909996727,0.3143544924726535,-0.009925692456358853,0.5302598310995149,0.05130246190213149,0.2784285652853454,-0.05137918621546128,-0.0062331780210826415,0.25183126581416954,0.011990747453637873
2020-12-01,985,16,True,0.1623974152125038,283,280,280,28,0.36071428571428577,2020-06-30,0.4239908399059471,-0.03254777892677949,0.44818723108698505,-0.010903910914846833,0.635756926472125,0.10144188943128465,0.5385336459029425,0.019618681951455358,0.024196391181037946,0.0972232805691825,0.02164386801193266
2020-12-08,990,16,False,0.12500836675191712,283,280,280,28,0.3107142857142857,2020-06-30,0.2755933360509888,-0.19764005960569875,0.2777473306644145,-0.18273262943991958,0.3982288764953297,-0.07686192162576642,0.38279600271597614,-0.10090640024064619,0.0021539946134256915,0.01543287377935354,0.014907430165779167
2020-12-15,995,16,False,0.11745801067651311,284,280,280,28,0.22142857142857142,2020-06-30,0.42234127435345364,-0.08421898395743761,0.41642955787721164,-0.09013070043367939,0.4232885012345671,-0.08345397005284284,0.4644478324571508,-0.042294638830259246,-0.005911716476242002,-0.041159331222583695,-0.0059117164762417795
2020-12-22,1000,16,False,0.10708480028572953,284,280,280,28,0.1785714285714286,2020-06-30,0.23148546180702922,-0.20053657637263222,0.24709243856102883,-0.16973206041463829,0.295484343880065,-0.12614590023290767,0.263197048337316,-0.15830436008115,0.015606976753999607,0.032287295542749006,0.03080451595799394
2020-12-30,1005,16,False,0.08733478064360012,284,280,280,28,0.22142857142857142,2020-09-30,0.25851209336017095,-0.18076057805590912,0.21704558919787953,-0.20440379063323239,0.2949476252489108,-0.12674212736918022,0.24203488694404718,-0.19265322088391063,-0.04146650416229142,0.05291273830486365,-0.02364321257732327
2021-01-07,1010,16,False,0.11415638738684765,285,280,280,28,0.20357142857142863,2020-09-30,0.3501142798634801,-0.13756157117881812,0.31849492618767145,-0.14962063946442508,0.3555814448145705,-0.11825530410913213,0.4043245915128727,-0.08666995739731306,-0.03161935367580865,-0.04874314669830221,-0.012059068285606961
2021-01-14,1015,16,False,0.1027359084718029,286,280,280,28,0.35357142857142854,2020-09-30,-0.30617191255015874,-0.1411916376184587,0.15421960053921757,-0.13254889840011308,0.11920974989888533,-0.15430676705364907,-0.31983537138188267,-0.15066886607624125,0.4603915130893763,0.439045121280768,0.00864273921834563
2021-01-22,1020,17,False,0.11157102078559744,286,280,280,28,0.3285714285714286,2020-09-30,-0.430257823450527,-0.30382738889155764,-0.3749783041977879,-0.24655306815217778,-0.3182881564316042,-0.15275445459976755,-0.41676356854016056,-0.2664100297768136,0.05527951925273911,0.09847541210855637,0.05727432073937985
2021-01-29,1025,17,True,0.16374029140748875,286,280,280,28,0.24642857142857144,2020-09-30,-0.753285480568296,-0.2764312919856704,-0.7506789376879406,-0.2608240940160733,-0.827225533794092,-0.2586080914862935,-0.6415768659779294,-0.24161290784784628,0.0026065428803554447,-0.18564866781616263,0.015607197969597086
2021-02-05,1030,17,True,0.16696557053169422,286,281,281,28,0.24199288256227758,2020-09-30,-0.6181474556581804,-0.29306473009082956,-0.5476357911780846,-0.2309635409346532,-0.563862202560716,-0.24228934239016123,-0.4900160056267523,-0.2320295394270099,0.07051166448009583,-0.07384619693396366,0.06210118915617635
2021-02-12,1035,17,True,0.16450106109770007,286,281,281,28,0.19928825622775803,2020-09-30,-0.561576441088279,-0.3421386799319938,-0.6520289625645138,-0.3517744864341608,-0.5228630545421973,-0.2820792631440998,-0.40104999006138653,-0.31021454833747614,-0.09045252147623484,-0.12181306448081075,-0.009635806502167
2021-02-22,1040,17,True,0.15733973492918504,286,281,281,28,0.24555160142348753,2020-09-30,-0.21110503041500417,-0.3264978584089782,-0.1898803789131069,-0.2949506974760859,-0.072949093511501,-0.21269175301552384,-0.028094302800149715,-0.2516786304974468,0.021224651501897257,-0.04485479071135129,0.03154716093289234
2021-03-01,1045,17,True,0.16137733967329523,286,281,281,28,0.24911032028469748,2020-09-30,-0.5534172754986143,-0.23911186232408482,-0.5621756877848137,-0.20805185185536454,-0.4536519744608572,-0.17694781085697636,-0.36547430122226715,-0.13716136092699482,-0.008758412286199446,-0.08817767323859005,0.031060010468720284
2021-03-08,1050,17,True,0.17162753499625158,286,281,281,28,0.22775800711743777,2020-09-30,0.2825595625087371,0.038655726018918535,0.3533407747411761,0.03620602375650213,0.3151463619221369,0.037961554499797885,0.48845792572500135,0.12324706236744126,0.070781212232439,-0.17331156380286444,-0.002449702262416406
2021-03-15,1055,17,True,0.1831265165595344,288,281,281,28,0.21352313167259784,2020-09-30,0.24757934193969192,0.08195123381165789,0.16221865727381576,0.023842298171235,0.1792514134016886,0.03320965379235534,0.13038572784515373,0.06550242945639065,-0.08536068466587615,0.048865685556534866,-0.058108935640422896
2021-03-22,1060,17,True,0.19117674316131184,288,281,281,28,0.23487544483985767,2020-09-30,0.28151804394711843,0.13817072665202587,0.3509212111258199,0.16878493711825215,0.5562702358652551,0.24172709338486031,0.1332814756680041,0.04796068372030894,0.06940316717870149,0.42298876019725107,0.030614210466226283
2021-03-29,1065,17,True,0.15518258198957074,288,281,281,28,0.2099644128113879,2020-09-30,0.481696219150436,0.10617335137462633,0.6214756172036797,0.14906761017728937,0.8591121736446582,0.27466730627181596,0.5879519238055578,0.17040859837171193,0.13977939805324374,0.27116024983910036,0.04289425880266304
2021-04-06,1070,17,False,0.12756930011840764,288,281,281,28,0.2846975088967971,2020-12-31,0.36217071212557,0.09956606903603224,0.7821807132649432,0.25556220193160073,0.8618605338641034,0.27325857448048063,0.6233981811242992,0.1770576202793265,0.4200100011393732,0.2384623527398042,0.1559961328955685
2021-04-13,1075,17,False,0.1175193126083814,288,281,281,28,0.29181494661921703,2020-12-31,0.22009348107613022,0.0060723893026712866,0.6136480974819861,0.178221509010506,0.6931298113554424,0.23990203848702527,0.522247076834036,0.18573554279559457,0.3935546164058559,0.17088273452140634,0.17214911970783472
2021-04-20,1080,18,False,0.10965071525867895,290,281,281,28,0.2882562277580071,2020-12-31,0.13575989615822195,0.023849553472873652,0.3465561005477006,0.11801774355632315,0.4774876299879309,0.17262865710008096,0.398716635348113,0.12384841609883146,0.21079620438947863,0.07877099463981785,0.0941681900834495
2021-04-27,1085,18,False,0.10284530824481977,291,281,281,28,0.2953736654804271,2020-12-31,0.17945766632955057,0.003556552718549411,0.3487537898644831,0.10084095127381855,0.35137707951202235,0.13495019746450732,0.37913890565328967,0.10168642077068316,0.1692961235349325,-0.02776182614126732,0.09728439855526914
2021-05-04,1090,18,False,0.09604676047374934,292,281,281,28,0.402135231316726,2020-12-31,0.27130441230332175,0.12419200637311191,0.5159471263928406,0.19485107652762856,0.49961550154440837,0.19761591818053514,0.7155920253113801,0.32914939077365774,0.24464271408951882,-0.21597652376697174,0.07065907015451665
2021-05-11,1095,18,False,0.11114031894056133,292,281,281,28,0.37010676156583633,2020-12-31,0.4892360295183023,0.14472201357175868,0.2710283451482213,0.07523246364049038,0.4816537426934214,0.16386974050812791,0.5447434711199372,0.2478488795465988,-0.21820768437008103,-0.06308972842651572,-0.0694895499312683
2021-05-18,1100,18,True,0.146951719235983,292,281,281,28,0.402135231316726,2020-12-31,0.3309413538808563,0.0471333667410571,0.3563404828874465,0.04418003592143988,0.4525632789112857,0.09431558473924406,0.37576020296754326,0.14037338201625088,0.025399129006590193,0.07680307594374247,-0.0029533308196172184
2021-05-25,1105,18,True,0.14407625368125893,292,281,281,28,0.23843416370106763,2020-12-31,0.1448464952591083,0.02060426781573861,0.18249711372158645,0.027577680335201367,0.17328489884397127,-0.00804772468845117,0.24954826190159454,0.0772477720729895,0.037650618462478136,-0.07626336305762327,0.006973412519462756
2021-06-02,1110,18,True,0.1383087313102464,292,281,281,28,0.22064056939501775,2020-12-31,0.20498078665429484,0.05866870344498603,0.49787964573627985,0.15299156124777485,0.5908185129363305,0.1278001660977316,0.708230231160584,0.24277358203177152,0.292898859081985,-0.11741171822425356,0.09432285780278882
2021-06-09,1115,18,False,0.12817006130324243,292,281,281,28,0.24199288256227758,2020-12-31,0.18867508380164233,0.05311096899443281,0.3597376249700608,0.11233965567195482,0.5833394369054885,0.13608050428157326,0.5777725246983518,0.16063281956722228,0.17106254116841846,0.005566912207136676,0.05922868667752201
2021-06-16,1120,18,False,0.07071906573198503,292,281,281,28,0.2704626334519573,2020-12-31,0.33418343272345247,0.135991336434919,0.347179782129027,0.11258850997827062,0.4948383377838291,0.13215572282844595,0.6407234870870485,0.2131708180035124,0.012996349405574537,-0.14588514930321944,-0.023402826456648387
2021-06-23,1125,18,False,0.0952240388255449,292,281,281,28,0.302491103202847,2020-12-31,0.44945952370079606,0.22592097481303103,0.36699524563475167,0.18078075413204833,0.4424036300246077,0.1737802873269083,0.36502039110695983,0.17087134561854134,-0.0824642780660444,0.07738323891764787,-0.045140220680982696
2021-06-30,1130,18,False,0.09732330458803076,292,281,281,28,0.23131672597864772,2021-03-31,0.2677638534496238,0.12936390764688033,0.08846028040894736,0.02127093526818538,0.1912350547435524,0.09097975541035412,0.24556038742266018,0.11770095705010367,-0.1793035730406764,-0.054325332679107774,-0.10809297237869495
2021-07-08,1135,18,False,0.10155095209118238,292,281,281,28,0.26690391459074736,2021-03-31,-0.013372196287505023,0.00523741662814093,0.0732696524979426,-0.0004302773143424511,0.19311672429502497,0.05022343001599197,0.2739094510369689,0.09780724015137433,0.08664184878544762,-0.08079272674194393,-0.005667693942483381
2021-07-15,1140,19,False,0.10590358138010576,292,281,281,28,0.28113879003558717,2021-03-31,-0.12453883957868525,-0.05550558701531029,0.0958104730056587,-0.009764149634831853,0.5413161731320216,0.18323235228326992,0.4046157725912472,0.1106145090745308,0.22034931258434395,0.13670040054077442,0.045741437380478436
2021-07-22,1145,19,False,0.10833046270186521,292,281,281,28,0.2704626334519573,2021-03-31,0.13619397106656883,0.024369537443393558,0.3294234313954731,0.14718066605770058,0.5096674048435634,0.20928634052188927,0.48955707926076414,0.16656205564358545,0.19322946032890426,0.020110325582799293,0.12281112861430703
2021-07-29,1150,19,False,0.11429721710284346,292,281,281,28,0.2633451957295374,2021-03-31,-0.062119437078431844,-0.07308436300880439,0.32965867619778505,0.14836821078770016,0.3934739857792375,0.19110891164504926,0.42106641371157166,0.09062329973629094,0.3917781132762169,-0.027592427932334185,0.22145257379650454
2021-08-05,1155,19,False,0.11421479440392625,292,282,282,28,0.22695035460992907,2021-03-31,-0.1904932773792703,-0.13513218879713015,0.13053793385294854,0.062416431365997976,0.45309138995141757,0.18857628330208834,0.23079574624155494,0.13953173209618655,0.32103121123221884,0.22229564370986263,0.19754862016312813
2021-08-12,1160,19,False,0.10647132869405879,292,282,282,28,0.17375886524822692,2021-03-31,-0.026566704270185634,-0.060478043539618345,0.34011898608622815,0.16755617786860738,0.5020252972101988,0.21012719241459976,0.2381254778166472,0.09989831965220017,0.3666856903564138,0.26389981939355167,0.2280342214082257
2021-08-19,1165,19,False,0.08121330159162853,292,283,283,28,0.20848056537102477,2021-03-31,-0.08813911187996935,-0.03802265986636261,0.2921286449269083,0.15775141331964299,0.28549375700865864,0.10880485762099318,0.19393902899279103,0.10410746724839655,0.3802677568068777,0.09155472801586761,0.1957740731860056
2021-08-26,1170,19,False,0.08358109473087577,292,283,283,28,0.24734982332155475,2021-03-31,0.05682395548195085,0.011143329051997795,0.1982147948371774,0.0673179120361705,0.3215059419834777,0.05853045583180815,0.16180540362426477,0.009076231528843175,0.14139083935522656,0.15970053835921294,0.05617458298417271
2021-09-02,1175,19,False,0.0776449823081393,292,283,283,28,0.2826855123674912,2021-03-31,0.03690350217216758,0.004793792071826397,-0.0182921447598276,0.007209207693538125,0.3253389942054066,0.0952071501323054,0.04296812538595942,-0.03654465065036866,-0.055195646931995176,0.2823708688194472,0.002415415621711728
2021-09-10,1180,19,False,0.08637172035173915,292,283,283,28,0.22261484098939932,2021-03-31,-0.17960212974043088,-0.05095878949363423,-0.12166925616793574,-0.0070351729739770025,-0.0920462319127963,0.006947353624879193,-0.04068210118214945,-0.027092286263819286,0.057932873572495144,-0.051364130730646856,0.043923616519657226
2021-09-17,1185,19,False,0.09371820839483627,292,283,283,28,0.16961130742049468,2021-03-31,-0.3560056172407529,-0.12318550863983413,-0.4421336806866821,-0.11612983528269769,-0.32900377923773017,-0.07646302532101126,-0.1635342204617691,-0.04250010031884352,-0.08612806344592916,-0.16546955877596106,0.007055673357136444
2021-09-24,1190,19,False,0.11538201928196273,292,283,283,28,0.19787985865724378,2021-06-30,-0.2635236341799343,-0.055035431828757614,-0.6906252435024315,-0.18302990021350884,-0.49452121521265313,-0.13113279224503666,-0.3230863272976291,-0.11797906054796113,-0.4271016093224972,-0.17143488791502404,-0.12799446838475123
2021-10-01,1195,19,True,0.14168631647102845,292,283,283,28,0.36042402826855124,2021-06-30,-0.10893227267098506,-0.024450267380264793,-0.45209797075227404,-0.11076855472649422,-0.3866021342366013,-0.13294683873604432,-0.33927889667056726,-0.13093385461874105,-0.343165698081289,-0.047323237566034015,-0.08631828734622943
2021-10-08,1200,20,True,0.15720696895448757,292,283,283,28,0.3992932862190812,2021-06-30,-0.2292233008794958,-0.0823476030288146,-0.641213373007972,-0.18848985585006567,-0.6054936750531574,-0.19431520039625444,-0.375495822764366,-0.1405741622153966,-0.41199007212847616,-0.22999785228879144,-0.10614225282125107
2021-10-15,1205,20,True,0.1632054754653141,292,283,283,28,0.36042402826855124,2021-06-30,-0.38453383857437706,-0.1248253771750097,-0.9233403141006811,-0.27081386673325647,-0.7012891489851784,-0.19839158293768516,-0.6661523050698879,-0.23506765344906505,-0.538806475526304,-0.03513684391529048,-0.14598848955824678
2021-10-22,1210,20,True,0.14378888354061667,292,283,283,28,0.3074204946996466,2021-06-30,-0.4860234355841438,-0.17568146046486402,-0.5352150795076591,-0.10734691056518164,-0.6957210306845015,-0.13011821798283124,-0.5625317805347149,-0.1389926503595663,-0.04919164392351533,-0.13318925014978666,0.06833454989968238
2021-10-29,1215,20,False,0.1068392456420242,292,284,284,28,0.33098591549295775,2021-06-30,-0.25922006790684454,-0.14351106900202867,-0.46340110927762546,-0.1495886141551081,-0.7650223617106474,-0.20504416490213112,-0.7164819079956295,-0.24513626607128763,-0.2041810413707809,-0.04854045371501792,-0.006077545153079428
2021-11-05,1220,20,False,0.08220498723813431,292,284,284,28,0.33098591549295775,2021-06-30,-0.03151920542895999,-0.001053827376031406,-0.35063576674538566,-0.08212728086346771,-0.6709678609873919,-0.17685947172343489,-0.5291561212009003,-0.14366500459965603,-0.3191165613164257,-0.14181173978649164,-0.0810734534874363
2021-11-12,1225,20,False,0.06825862677341167,292,284,284,28,0.23943661971830987,2021-06-30,-0.1338320452484463,-0.030319931779939323,-0.2853735387051297,-0.0698337563440697,-0.7080985146848384,-0.2128134873287708,-0.3290454734687877,-0.07430309100136766,-0.1515414934566834,-0.3790530412160507,-0.03951382456413038
2021-11-19,1230,20,False,0.06792560011123662,292,285,285,28,0.256140350877193,2021-06-30,0.04856783380373476,-0.036490345859933854,-0.3976952546021438,-0.13986048103472212,-0.22386012761000698,-0.07049974005000285,-0.4046137047112296,-0.09290296161000969,-0.4462630884058785,0.1807535771012226,-0.10337013517478827
2021-11-29,1235,20,False,0.11035086945900123,292,286,286,29,0.2272727272727273,2021-06-30,-0.3728352775826932,-0.1695101193361242,-0.5312927340392347,-0.17345878753937097,-0.3830498111935416,-0.11358851613102025,-0.45972999327988284,-0.11295498882016977,-0.15845745645654152,0.07668018208634125,-0.003948668203246769
2021-12-06,1240,20,True,0.15308293155057975,292,286,286,29,0.2902097902097902,2021-06-30,-0.6335684647544877,-0.22429117635582183,-0.5276016819246565,-0.19017224413483075,-0.33910270680054455,-0.13398355438756107,-0.23935384289457143,-0.09381345455159965,0.10596678282983119,-0.09974886390597312,0.03411893222099108
2021-12-13,1245,20,True,0.1747030815972672,292,286,286,29,0.3496503496503497,2021-06-30,-0.4982293989444182,-0.22358278620271638,-0.6977949168825603,-0.24269273183927703,-0.3014519375911902,-0.14007381594742352,-0.19111730162510512,-0.07622379755159675,-0.19956551793814215,-0.11033463596608509,-0.019109945636560655
2021-12-20,1250,20,True,0.19629216982704048,292,286,286,29,0.3601398601398601,2021-06-30,-0.5475987565357443,-0.21214151394929603,-0.5174200774945732,-0.15973522083750383,-0.31353442007157084,-0.12364728784245199,-0.26849420330714346,-0.08029116039566327,0.030178679041171108,-0.04504021676442738,0.05240629311179221
2021-12-28,1255,20,True,0.1960698074356805,292,286,286,29,0.31818181818181823,2021-09-30,-0.42916245582540047,-0.16877907568771147,-0.5142002356547557,-0.18485022899823297,-0.3938802239233904,-0.10300709138194572,-0.610557153193379,-0.22142971173358073,-0.08503777982935523,0.2166769292699886,-0.016071153310521502
2022-01-04,1260,21,True,0.16076788033416162,292,286,286,29,0.32167832167832167,2021-09-30,-0.2822870734445292,-0.12428356549589134,-0.2961420412953568,-0.0831821294723788,-0.14842470149693165,-0.04428697578108179,-0.34372373087219155,-0.14361626714781953,-0.013854967850827626,0.1952990293752599,0.041101436023512544
2022-01-11,1265,21,True,0.15674230701281922,292,286,286,29,0.2797202797202797,2021-09-30,0.02697282987450266,0.01311217655897185,-0.07751378913122531,0.0037620519058536115,0.00939034757185278,-0.016661447894715263,-0.18804865764619721,-0.09747210969613551,-0.10448661900572798,0.19743900521805,-0.009350124653118238
2022-01-19,1270,21,True,0.15411867939623425,292,286,286,29,0.2272727272727273,2021-09-30,0.04641563323138054,0.02127073719876816,0.16042837263123727,0.02249301826368795,0.16102257873073234,0.012971213766953354,0.1551476104142801,-0.0032827049959032444,0.11401273939985673,0.005874968316452234,0.0012222810649197904
2022-01-26,1275,21,False,0.13482426795750693,292,288,288,29,0.17708333333333337,2021-09-30,0.1246218578184488,0.06374498744546842,0.26648034581754804,0.0653312179093471,0.08683517143107468,-0.025369610461144387,0.09317153214215772,6.687817598397244e-05,0.14185848799909923,-0.006336360711083039,0.0015862304638786795
2022-02-02,1280,21,True,0.1922988906762129,292,288,288,29,0.2465277777777778,2021-09-30,-0.01443764189214866,0.007416483111362882,0.005347864455935112,-0.02182752553803444,0.06542645876977514,0.0003999139198768006,-0.0514382170112424,-0.0032364152010896695,0.01978550634808377,0.11686467578101753,-0.029244008649397323
2022-02-09,1285,21,True,0.20736029584467192,292,288,288,29,0.1875,2021-09-30,0.005345020168159617,-0.09517299012495789,-0.2605961973429781,-0.19050554420908916,-0.23942517822694184,-0.17216058416195074,-0.13443159776851396,-0.11032742839740757,-0.26594121751113775,-0.10499358045842788,-0.09533255408413127
2022-02-16,1290,21,True,0.21949948155512303,292,288,288,29,0.1597222222222222,2021-09-30,0.05921762778104202,0.006494656901115681,-0.25896576205528316,-0.20140730352766859,-0.4201602237733933,-0.24409643351725185,-0.4959640523660978,-0.2180590490546544,-0.31818338983632516,0.07580382859270451,-0.20790196042878425
2022-02-24,1295,21,True,0.23335850728845428,292,288,288,29,0.2881944444444444,2021-09-30,0.23714335566668676,0.09031451975774622,-0.12301165196078162,-0.10928026483636874,-0.3237392303949191,-0.21064604708972764,-0.5646283504147023,-0.23868563222574332,-0.3601550076274684,0.2408891200197832,-0.19959478459411495
2022-03-03,1300,21,True,0.22992118257183589,292,290,290,29,0.31034482758620685,2021-09-30,0.06506190644013067,0.03136280553521996,-0.17409905177264923,-0.13408283358234205,-0.28030403701439466,-0.20238456770577112,-0.48425288870364375,-0.2111423629637384,-0.23916095821277988,0.2039488516892491,-0.165445639117562
2022-03-10,1305,21,True,0.24999951373360668,292,291,291,29,0.23711340206185572,2021-09-30,-0.21054566429612387,-0.08876211577513902,-0.24437507425612007,-0.14936156733533473,-0.5038219861890997,-0.2284540312974947,-0.3402880207590827,-0.17762776005939623,-0.0338294099599962,-0.16353396543001697,-0.06059945156019571
2022-03-17,1310,21,True,0.26555332485521005,292,292,292,29,0.26712328767123283,2021-09-30,-0.0344211391632995,-0.08341022670652003,-0.08973621495779589,-0.15320970156873756,-0.32597150155995325,-0.23413857494915208,-0.4152026063349154,-0.19658868036088156,-0.05531507579449639,0.08923110477496216,-0.06979947486221753
2022-03-24,1315,21,True,0.24750185769589367,292,292,292,29,0.2534246575342466,2021-09-30,-0.2875544900057916,-0.08491155851245057,-0.6284151953934186,-0.2255935898716689,-0.7793801476923546,-0.24312625051222,-0.7181238040155702,-0.2215792427267768,-0.340860705387627,-0.06125634367678445,-0.1406820313592183
2022-03-31,1320,22,True,0.23319939655460492,292,292,292,29,0.18835616438356162,2021-12-31,-0.3358655601812748,-0.07911134425862926,-0.6350749190413358,-0.18800493332916857,-0.600211471715085,-0.17699161262490481,-0.7818001076651551,-0.23813803002556425,-0.29920935886006106,0.18158863595007002,-0.10889358907053931
2022-04-07,1325,22,True,0.1877402261454251,292,292,292,29,0.2534246575342466,2021-12-31,-0.5957768109072523,-0.24177405142855155,-0.7068634370896134,-0.2183033167725431,-0.5909354883785787,-0.21350358739676353,-0.6278256828714563,-0.20208673742016245,-0.11108662618236109,0.03689019449287767,0.023470734656008435
2022-04-14,1330,22,True,0.16518629140399035,292,292,292,29,0.25,2021-12-31,-0.4461357601119721,-0.1656440770633806,-0.6110213765899599,-0.18645780406331502,-0.45170875648471814,-0.11758501029035319,-0.40132703656612295,-0.0749257539673328,-0.16488561647798783,-0.05038171991859519,-0.020813726999934418
2022-04-22,1335,22,True,0.1841839534213318,292,292,292,29,0.226027397260274,2021-12-31,-0.10881681716484932,-0.07559346021839938,-0.1787398231192629,-0.07233501984314104,0.015881093109719788,0.028514729606600127,0.11746471423487462,0.052490989162772714,-0.06992300595441357,-0.10158362112515483,0.0032584403752583396
2022-04-29,1340,22,True,0.24937596956995967,292,292,292,29,0.20890410958904104,2021-12-31,-0.16410699913810786,-0.05877380684372968,-0.23057713785216802,-0.054941142267802036,-0.342061179946533,-0.0661495555319001,-0.10201958990959178,-0.03411612200283913,-0.06647013871406016,-0.24004159003694123,0.0038326645759276454
2022-05-06,1345,22,True,0.29710931844124566,292,292,292,29,0.1917808219178082,2021-12-31,0.007550386698685311,-0.04275876568703275,0.34836474486465935,0.03053547838586358,0.4794212668819708,0.04660158607593316,0.8004137848235096,0.1835170911301745,0.34081435816597405,-0.32099251794153877,0.07329424407289632
2022-05-13,1350,22,True,0.32423208676948123,292,292,292,29,0.2842465753424658,2021-12-31,0.3629150921109454,0.10618611968873279,0.8557657719477517,0.19158329781483383,0.631449916524978,0.20274029052987744,0.9944502918911435,0.3291655365224721,0.4928506798368063,-0.3630003753661656,0.08539717812610104
2022-05-20,1355,22,True,0.3409862205293429,292,292,292,29,0.26712328767123283,2021-12-31,0.4161024425326738,0.10142467108605532,0.7129215114655063,0.19895831767242,0.4748896750545928,0.14568092259505327,0.7296270543876883,0.20547258627652534,0.2968190689328325,-0.2547373793330955,0.09753364658636468
2022-05-27,1360,22,True,0.32004386418322134,292,292,292,29,0.2705479452054794,2021-12-31,0.42410781802263964,0.1431782041646059,0.36703940308826005,0.08242886449479123,0.2990975798890197,0.08437914625848544,0.5063039346404787,0.12045422226809986,-0.057068414934379585,-0.20720635475145904,-0.06074933966981466
2022-06-06,1365,22,True,0.28637675924816275,292,292,292,29,0.2705479452054794,2021-12-31,0.41466989632061424,0.12434049479597889,0.38559836149347143,0.12096280942154064,0.3903312311087002,0.12157417351398536,0.32999712388379787,0.11917116277896592,-0.02907153482714281,0.060334107224902345,-0.0033776853744382496
2022-06-13,1370,22,True,0.3084877885244336,292,292,292,29,0.24315068493150682,2021-12-31,0.09635948220266739,-0.027470322982906054,0.2179873372869151,0.036077639076698,0.23612456793855574,0.06599046621811003,0.13445331105661423,0.04763970103384126,0.12162785508424771,0.10167125688194151,0.06354796205960406
2022-06-21,1375,22,True,0.3084071314839975,292,292,292,29,0.20890410958904104,2021-12-31,0.2933425498693387,0.13529129389578964,0.09457407333956494,0.034476354811758106,0.0068492098299973506,-0.025135810868251902,0.24888924167442006,0.06692292380510532,-0.19876847652977378,-0.24204003184442272,-0.10081493908403154
2022-06-28,1380,23,True,0.30333234458560004,292,292,292,29,0.26027397260273977,2022-03-31,0.2690475407782836,0.09995265430907312,0.043059866812651774,0.041992969507982085,-0.023358398288489544,0.008019398984907547,0.11118863947218398,0.036383798982562644,-0.2259876739656318,-0.13454703776067353,-0.05795968480109103
2022-07-06,1385,23,True,0.2937497418665129,292,292,292,29,0.32191780821917804,2022-03-31,0.6439977395320585,0.22544834188874002,0.2435380808481816,0.06118365798090876,-0.13763030691215042,-0.03594006047720639,-0.11576107097198768,-0.05125877845313073,-0.4004596586838769,-0.02186923594016274,-0.16426468390783128
2022-07-13,1390,23,True,0.2342071396906638,292,292,292,29,0.34246575342465757,2022-03-31,0.6126590761810244,0.18195962570507107,0.4720153011693132,0.17317504704251047,0.1405582189006907,0.06623033694461636,0.04830309636357221,0.06353320043436196,-0.14064377501171127,0.09225512253711848,-0.008784578662560605
2022-07-20,1395,23,True,0.2081644574164293,292,292,292,29,0.3116438356164384,2022-03-31,0.5746309989656246,0.18289786932325672,-0.12529885745999722,-0.053018826391338425,-0.4616609280023947,-0.13940768635433756,-0.33029186014968775,-0.11474354048606401,-0.6999298564256219,-0.13136906785270697,-0.23591669571459514
2022-07-27,1400,23,True,0.19016079470604064,292,292,292,29,0.29109589041095896,2022-03-31,0.49048148566239136,0.1764428495411622,0.3169139213096808,0.11177402217545442,-0.2963086902342121,-0.03861794717467194,0.011021893631942545,0.030540081290316205,-0.17356756435271053,-0.30733058386615464,-0.0646688273657078
2022-08-03,1405,23,True,0.20028892217771901,292,292,292,29,0.36986301369863017,2022-03-31,0.6151616563107558,0.17070345725962513,0.4993801886142433,0.1280304956734,-0.5814822479001075,-0.18535872118814709,-0.3284208555987464,-0.13536969026376713,-0.11578146769651249,-0.2530613923013611,-0.04267296158622513
2022-08-10,1410,23,True,0.19253940304160547,292,292,292,29,0.3013698630136986,2022-03-31,0.6771720979021573,0.21014815090407585,0.5347331172709817,0.15974567128894704,-0.47489183707313876,-0.12598668426515214,-0.21438525053139648,-0.054327892724771384,-0.14243898063117555,-0.2605065865417423,-0.05040247961512881
2022-08-17,1415,23,True,0.1700799600043567,292,292,292,29,0.3253424657534246,2022-03-31,0.2884907799734927,0.07251435866285154,0.12467315371704357,0.03531626110015451,-0.6349061009969604,-0.24225829832354565,-0.487323939480746,-0.17635261978805158,-0.16381762625644913,-0.14758216151621445,-0.03719809756269703
2022-08-24,1420,23,True,0.16585644001114022,292,292,292,29,0.3321917808219178,2022-03-31,0.10756344445347124,0.04532797642604813,-0.26136312173832593,-0.09684428142663963,-0.7967282474727689,-0.2564873156792373,-0.553562331424584,-0.1523724520933038,-0.3689265661917972,-0.24316591604818494,-0.14217225785268778
2022-08-31,1425,23,True,0.1967647153541006,292,292,292,29,0.1404109589041096,2022-03-31,0.049282402350857096,0.03776449481312394,-0.11449276284129206,-0.03735757542770056,-0.8037201583612179,-0.24969733607352848,-0.3602113523189118,-0.1339489046740763,-0.16377516519214916,-0.4435088060423061,-0.0751220702408245
2022-09-08,1430,23,True,0.19805070664052957,292,292,292,29,0.3253424657534246,2022-03-31,0.18594475586855358,0.08677021366645081,0.04546199065639049,0.02960534223363449,-0.5738055037740128,-0.15194902883928543,-0.2150402857023089,-0.040719498761506975,-0.14048276521216307,-0.3587652180717039,-0.05716487143281632
2022-09-15,1435,23,True,0.2502022646966946,292,292,292,29,0.2568493150684932,2022-03-31,-0.13670887261741133,0.006318461956576173,-0.39780965708306465,-0.13810659411049234,-0.6175048870885553,-0.15776836939670158,-0.34538619799777315,-0.08208393607144682,-0.2611007844656533,-0.2721186890907822,-0.1444250560670685
2022-09-22,1440,24,True,0.24930190261370488,292,292,292,29,0.3116438356164384,2022-03-31,-0.2509662771205604,-0.07106068922176047,-0.4769302186237781,-0.11523886048574185,-0.5977496795518432,-0.1644546333439149,-0.4304711264572472,-0.15582712517732045,-0.2259639415032177,-0.167278553094596,-0.04417817126398138
2022-09-29,1445,24,True,0.24317709396282797,292,292,292,29,0.23972602739726023,2022-06-30,-0.013300200648693717,0.01918406402144512,-0.49258232040739763,-0.11167607768174463,-0.8228997886614392,-0.24220005919340196,-0.6412362563021508,-0.2048561409995606,-0.47928211975870394,-0.18166353235928845,-0.13086014170318974
2022-10-06,1450,24,True,0.28410914049523356,292,292,292,29,0.3356164383561644,2022-06-30,-0.39014611658206055,-0.19386067896766135,-0.6269352143057558,-0.2597370931532989,-0.9005483413442122,-0.2543126308346251,-0.7801499454322479,-0.23848036020950522,-0.23678909772369527,-0.12039839591196433,-0.06587641418563756
2022-10-13,1455,24,True,0.26555545110022344,292,292,292,29,0.24315068493150682,2022-06-30,-0.3458519140346983,-0.14251585956548987,-0.48245301439652233,-0.1526845444150649,-0.7502180250751168,-0.1815763758861331,-0.6634217379452654,-0.21044506005387814,-0.13660110036182405,-0.08679628712985143,-0.010168684849575033
2022-10-20,1460,24,True,0.2871626103809366,292,292,292,29,0.26027397260273977,2022-06-30,-0.35654228280961925,-0.1429901407727561,-0.56495003730549,-0.1177484200996751,-0.7221514375597631,-0.11983931021416011,-0.4916223825712574,-0.1046549061429177,-0.20840775449587073,-0.23052905498850568,0.025241720673081003
2022-10-27,1465,24,True,0.2818420610986965,292,292,292,29,0.2568493150684932,2022-06-30,-0.48497992268098694,-0.1544965519496376,-0.5248090317893478,-0.09888754284035625,-1.0010899485196307,-0.2289222879528316,-0.30482326049172737,-0.054878724361007165,-0.03982910910836085,-0.6962666880279034,0.05560900910928135
2022-11-03,1470,24,True,0.26948114915401705,292,292,292,29,0.15753424657534243,2022-06-30,-0.3814377164923418,-0.12086085909001065,-0.4096734695267413,-0.1805893141424901,-0.4193941742878631,-0.10089361402595506,-0.10424111325511616,0.015455772895636842,-0.028235753034399458,-0.31515306103274693,-0.05972845505247945
2022-11-10,1475,24,True,0.3122150045180449,292,292,292,29,0.226027397260274,2022-06-30,-0.3672231356884194,-0.11719368797943785,-0.16520525240120346,-0.03617356488646344,-0.04274165704968657,0.014316879500823693,0.012815552980541961,0.010699330527037705,0.20201788328721595,-0.05555721003022853,0.0810201230929744
2022-11-17,1480,24,True,0.2872000392833618,292,292,292,29,0.20890410958904104,2022-06-30,-0.6845215804741136,-0.20514780619177408,-0.2256658721504307,-0.04126338862314174,0.5296772559612514,0.16891531244989658,-0.02881424901520778,0.014118050490784326,0.4588557083236829,0.5584915049764592,0.16388441756863234
2022-11-25,1485,24,True,0.2707409333119832,292,292,292,29,0.26027397260273977,2022-06-30,-0.23135798740676786,-0.10751900109046525,-0.047709950352992414,-0.05708509538463419,0.2495789971229199,0.070349786196088,0.33536078384661294,0.16785145993648637,0.18364803705377544,-0.08578178672369305,0.05043390570583106
2022-12-02,1490,24,True,0.2609159584743614,292,292,292,29,0.24315068493150682,2022-06-30,-0.129249134864004,-0.04881890797676309,0.2509901887336604,0.149900320784787,0.450523749095972,0.19965322106240366,0.14011764193218912,0.12692122321290478,0.38023932359766444,0.31040610716378286,0.19871922876155007
2022-12-09,1495,24,True,0.18077572538028508,292,292,292,29,0.2191780821917808,2022-06-30,-0.09084877008295744,-0.0023115279984566237,0.19643235002075254,0.10540784613345933,0.20457388258948575,0.1520586568863321,0.1409229729298099,0.11078391491568199,0.28728112010371,0.06365090965967585,0.10771937413191596
2022-12-16,1500,25,True,0.20900242758185542,292,292,292,29,0.297945205479452,2022-06-30,-0.5908264153174512,-0.23291009657429354,-0.08288161265803,-0.011673486511435032,0.0904957726160864,0.05893075589534872,0.11798726572818125,0.06773804574801197,0.5079448026594212,-0.02749149311209484,0.2212366100628585
2022-12-23,1505,25,True,0.21528328204379218,292,292,292,29,0.2534246575342466,2022-06-30,-0.4238977774581557,-0.1790382323241661,-0.05633472854155984,-0.032872846668994295,0.1862097339773866,0.031352640176420934,0.11542922279763504,0.047069115354960715,0.36756304891659586,0.07078051117975157,0.14616538565517181
2023-01-03,1510,25,True,0.1880019241712765,292,292,292,29,0.31506849315068497,2022-09-30,-0.06089354611945598,-0.026393999019362343,-0.025966606965713908,-0.0006644900561148699,0.5770241773251941,0.18357341888234263,0.5085025612251224,0.16093693383785415,0.03492693915374207,0.06852161610007168,0.025729508963247473
2023-01-10,1515,25,True,0.19905005682582266,292,292,292,29,0.3253424657534246,2022-09-30,-0.04706834516268222,-0.02147609857615452,0.22361036960778427,0.09697163314645313,0.5113348258621093,0.1507662205786886,0.5433825964043403,0.17997388702273195,0.2706787147704665,-0.03204777054223096,0.11844773172260764
2023-01-18,1520,25,True,0.17212625373386403,292,292,292,29,0.3047945205479452,2022-09-30,-0.14816193575628644,-0.029843696828376676,0.07179189939469055,0.07027545066692586,0.2786687990992156,0.12235689757964416,0.2110955748907813,0.08458264332656698,0.219953835150977,0.06757322420843431,0.10011914749530254
2023-01-25,1525,25,True,0.16948699407753293,292,292,292,29,0.29109589041095896,2022-09-30,-0.15715720809204248,-0.02856607977504516,-0.007675289895369635,0.06222960584397504,0.28833683667865073,0.09636802458531221,0.07370971817052381,0.04877053866223146,0.14948191819667284,0.21462711850812694,0.09079568561902021
2023-02-01,1530,25,True,0.16561317587839552,292,292,292,29,0.23287671232876717,2022-09-30,-0.034239192676643826,0.01283852378566779,-0.2766930732229703,-0.07509104969892096,-0.1624190897942835,-0.09413170614749368,0.025893719393187676,-0.06832853542429318,-0.2424538805463265,-0.18831280918747118,-0.08792957348458874
2023-02-08,1535,25,True,0.16770132563556162,292,292,292,29,0.2808219178082192,2022-09-30,0.2678852329885939,0.08364182639965687,-0.1820044210539286,-0.09101235102617472,0.037902819371633846,-0.04126557421130126,0.010988244830286903,-0.10975622597067075,-0.4498896540425225,0.026914574541346943,-0.17465417742583159
2023-02-15,1540,25,True,0.1578322669639558,292,292,292,29,0.28767123287671237,2022-09-30,0.32704893832056814,0.045930405003218884,-0.05150699717136588,-0.10758250065468983,0.13777264929302085,0.0033180784270310376,-0.08648081725964053,-0.11831961355645357,-0.378555935491934,0.22425346655266137,-0.1535129056579087
2023-02-23,1545,25,True,0.16779979325001923,292,292,292,29,0.23287671232876717,2022-09-30,0.15875127945817621,0.017494694731002916,-0.0839824606174372,-0.05640434535878216,0.367104440007301,0.04706008926352788,0.19537598688692837,-0.043224728939035416,-0.2427337400756134,0.17172845312037266,-0.07389904008978507
2023-03-02,1550,25,True,0.14910141713899933,292,292,292,29,0.20890410958904104,2022-09-30,0.027128663579893054,0.0038116636184416935,0.32947856411486365,0.05150417728369609,0.6276707670928368,0.08498973640313523,0.00550210855628227,-0.0184464285294912,0.3023499005349706,0.6221686585365545,0.0476925136652544
2023-03-09,1555,25,True,0.15447404605519485,292,292,292,29,0.2465753424657534,2022-09-30,-0.04790255991578902,-0.0406174880843786,0.2559711258127328,0.02097370336530502,0.7861579385331865,0.20685069132225647,0.20482161941368868,0.07108874220318095,0.3038736857285218,0.5813363191194978,0.06159119144968362
2023-03-16,1560,26,True,0.17905614867563727,292,292,292,29,0.28767123287671237,2022-09-30,0.3104482044639346,0.06881048439431456,0.49527117833153306,0.07497673590333295,0.7084764129482503,0.17212004019932395,0.5174103277960747,0.1057197752906526,0.18482297386759844,0.1910660851521756,0.0061662515090183945
2023-03-23,1565,26,True,0.18807105758189177,292,292,292,29,0.226027397260274,2022-09-30,0.16348652592981178,0.0038823399193137,0.40063210831918,0.0368640501271659,0.714663772998907,0.15587781921001165,0.4799115708272208,0.08467807739668023,0.23714558238936823,0.23475220217168624,0.0329817102078522
2023-03-30,1570,26,True,0.191044758873371,292,292,292,29,0.297945205479452,2022-12-30,0.09773047812223222,-0.01151441967004864,0.13085894400553785,-0.037345282378688206,0.2765680952720739,0.009945223335568631,0.2303915438244527,0.017159440631577802,0.03312846588330563,0.04617655144762117,-0.025830862708639567
2023-04-06,1575,26,True,0.16662133009467162,292,292,292,29,0.26027397260273977,2022-12-30,0.18983422594188518,0.014195946327637071,0.5328068430115184,0.1444547688911728,0.784725193093692,0.16939043787831137,0.4415814350321926,0.07359878430573602,0.3429726170696332,0.34314375806149944,0.13025882256353574
2023-04-14,1580,26,True,0.1400954365112189,292,292,292,29,0.22945205479452058,2022-12-30,0.2481243046413378,0.023606641404112345,0.6948844399689913,0.12255302087831679,0.6090304336518779,0.10505082562921386,0.3926803415448535,0.03128058871599955,0.44676013532765346,0.21635009210702444,0.09894637947420445
2023-04-21,1585,26,False,0.09590038516355542,292,292,292,29,0.2465753424657534,2022-12-30,0.4019680703113478,0.05160224699265782,0.9073060708489282,0.19847455185369794,0.9601673130597361,0.22396171878529064,0.4500449017865319,0.03890037065385289,0.5053380005375805,0.5101224112732042,0.14687230486104014
2023-04-28,1590,26,False,0.12634992825458194,292,292,292,29,0.3013698630136986,2022-12-30,0.41056587608144285,0.11270715824484377,0.7850916740919927,0.17778759948524256,1.0141942369617212,0.24198251918230868,0.8467344672934197,0.1535600567685768,0.3745257980105498,0.16745976966830145,0.06508044124039879
2023-05-05,1595,26,True,0.14325042548119477,292,292,292,29,0.21232876712328763,2022-12-30,0.33602102116967114,0.11430508385946567,0.7022618239834135,0.24189303058049938,0.910371430822971,0.23105443461309103,0.8120926546331111,0.20625366033274573,0.3662408028137424,0.09827877618985992,0.1275879467210337
2023-05-12,1600,26,True,0.13612133695912892,292,292,292,29,0.18835616438356162,2022-12-30,0.3161335883159024,0.154393398760765,0.5301251711969825,0.21365746253280551,0.5180071765690869,0.174272228612193,0.3091752519835615,0.1177384051127473,0.21399158288108017,0.2088319245855254,0.05926406377204052
2023-05-19,1605,26,True,0.1474391977487547,292,292,292,29,0.22945205479452058,2022-12-30,0.4450115413776413,0.21829053619243768,0.3712581705515629,0.12915207333923673,0.4734277885031251,0.1270921106248098,0.23309792083595973,0.048089104660258376,-0.07375337082607841,0.24032986766716538,-0.08913846285320096
2023-05-26,1610,26,False,0.1327117328328235,292,292,292,29,0.3904109589041096,2022-12-30,0.22839106293520517,0.11564060181642588,0.20846287031971783,0.10191428665627908,0.38756008354335625,0.06721958617723639,0.32246300125375793,0.11361442918058404,-0.01992819261548734,0.06509708228959832,-0.013726315160146801
2023-06-05,1615,26,False,0.11737315131861104,292,292,292,29,0.37328767123287676,2022-12-30,0.2817316272550644,0.11595973496128742,0.32242442509783253,0.09848799089055056,0.13007505227678579,0.024010940743176785,0.2539225561910674,0.10100732597718048,0.040692797842768136,-0.12384750391428162,-0.017471744070736858
2023-06-12,1620,27,False,0.1181034434647522,292,292,292,29,0.34931506849315064,2022-12-30,0.1761828416830098,-0.001686102492023167,0.3742377612395221,-0.03235566441875106,0.2567954261046479,-0.04683542667116001,0.31589441893874914,-0.006310293911254511,0.19805491955651233,-0.05909899283410125,-0.030669561926727894
2023-06-20,1625,27,False,0.11931052953203422,292,292,292,29,0.20205479452054798,2022-12-30,-0.11949029630948825,-0.1258042660353024,0.10030301355520702,-0.04449917355262669,0.07233672481095475,-0.06917368606733168,0.35696298242166624,0.004446684648635443,0.21979330986469525,-0.2846262576107115,0.0813050924826757
2023-06-27,1630,27,False,0.10979407174369686,292,292,292,29,0.23287671232876717,2022-12-30,-0.06266456518967249,-0.12859712785157804,0.14164480582074773,-0.01966644988978431,0.33472393797530553,-0.000484244703021032,0.16631707813489108,0.0016947925182620727,0.20430937101042024,0.16840685984041445,0.10893067796179373
2023-07-05,1635,27,False,0.09888014914961686,292,292,292,29,0.1986301369863014,2023-03-31,-0.13171883649961263,-0.09990155411690455,-0.05142162123957018,-0.05367860450239318,0.11828491127344203,0.007786130111427557,-0.1413683946923175,-0.0919790471962611,0.08029721526004246,0.25965330596575953,0.046222949614511365
2023-07-12,1640,27,False,0.1034806340172872,292,292,292,29,0.23287671232876717,2023-03-31,0.09856602252434069,-0.0072232594695692855,0.026820008546345482,-0.0024686551716060663,0.2588610183482505,0.033787732786241725,-0.024310850430285677,-0.014385893768373157,-0.07174601397799521,0.2831718687785362,0.004754604297963219
2023-07-19,1645,27,False,0.09096586420955359,292,292,292,29,0.2568493150684932,2023-03-31,-0.001692633197411796,-0.0034460930065330977,-0.16014979518006264,-0.024979830050793572,-0.21487161784869468,-0.04559320122937008,-0.11039600526347171,-0.008285849535304798,-0.15845716198265083,-0.10447561258522298,-0.021533737044260474
2023-07-26,1650,27,False,0.07723200876862299,292,292,292,29,0.3013698630136986,2023-03-31,0.0492358601710155,-0.013871125015416208,-0.06437318041218462,-0.04270178869825384,0.20299423838459474,0.04139176808593685,-0.024928385899974544,0.009006792963183222,-0.11360904058320012,0.22792262428456928,-0.028830663682837633
2023-08-02,1655,27,False,0.0976338538922751,292,292,292,29,0.3321917808219178,2023-03-31,-0.23735957623966972,-0.07020947507638511,-0.23494052776945823,-0.06253428656451993,-0.030967867507815452,-0.03849460312565312,-0.0655313434920515,-0.03879455399241318,0.002419048470211488,0.03456347598423605,0.007675188511865189
2023-08-09,1660,27,False,0.09776447083890831,292,292,292,29,0.37671232876712324,2023-03-31,0.03111780706615095,0.014474483483184121,0.17824111510387605,0.03444588296603451,0.2226905267850125,0.020822397161152247,-0.04525290203296761,-0.060391871985498356,0.1471233080377251,0.2679434288179801,0.019971399482850392
2023-08-16,1665,27,False,0.09949931166865227,292,292,292,29,0.23287671232876717,2023-03-31,0.2248968379242319,0.11647683678911108,0.8140680254198679,0.20981269934601254,0.5408543243095646,0.10676179284619194,0.5114888569117804,0.12157867348621404,0.589171187495636,0.02936546739778423,0.09333586255690146
2023-08-23,1670,27,False,0.11099212103545594,292,292,292,29,0.24315068493150682,2023-03-31,0.17716022787109353,0.09246551959330987,0.3216991874977655,0.05444310413526093,0.4784984064594476,0.06731824075748205,0.3546920911421995,0.05410494400295382,0.14453895962667196,0.12380631531724806,-0.03802241545804894
2023-08-30,1675,27,False,0.12234324094794674,292,292,292,29,0.2465753424657534,2023-03-31,-0.016055121120722986,0.04588337204151823,0.05047477897215274,0.08321473363879386,0.4962107391096911,0.15328576276594993,0.2932172923086156,0.09388506637683879,0.06652990009287572,0.2029934468010755,0.03733136159727563
2023-09-07,1680,-1,False,0.11740087555897065,292,292,292,29,0.226027397260274,2023-03-31,-0.026927511200387177,0.014497978085296402,0.1315043167251254,-0.017696810093169348,0.5662346578328404,0.09714296202449177,0.3385814862093676,0.07981630132493349,0.15843182792551255,0.22765317162347282,-0.03219478817846575
2023-09-14,1685,-1,False,0.11165385064307433,292,292,292,29,0.24315068493150682,2023-03-31,0.18508599868623854,0.06330812329884225,0.32690009583924606,0.11561863422456045,0.5856306127048159,0.10211001153886066,0.38998478891310645,0.05840721957764278,0.14181409715300752,0.19564582379170942,0.0523105109257182
2023-09-21,1690,-1,False,0.13169740603302124,292,292,292,29,0.25,2023-03-31,0.3040958270495934,0.13827641860233136,0.35714912013740435,0.10732885234614375,1.024567216449087,0.24904241161990348,0.48079765571189037,0.1025525274006918,0.05305329308781093,0.5437695607371967,-0.03094756625618761
2023-09-28,1695,-1,False,0.1138819757949677,292,292,292,29,0.21575342465753422,2023-06-30,0.09554108164942704,0.09129305405259111,0.45185069807661965,0.14701622267063247,0.5857900774578321,0.1734468928943035,0.0582047113882259,0.025733480765377847,0.3563096164271926,0.5275853660696062,0.05572316861804136
