date,gmm_dom,gmm_max,gmm_bear_p,hurst,hurst_regime,src,vol20,final
2016-11-01,BULL_CALM,0.9995951825373063,6.468273607360541e-23,0.5569029342478433,AMBIGUOUS,dominant_gmm,0.07103305961873235,BULL_CALM
2016-11-02,BULL_CALM,0.9933694392951368,5.822572690634463e-21,0.550124883785231,AMBIGUOUS,dominant_gmm,0.07041285992087196,BULL_CALM
2016-11-03,BULL_CALM,0.9323265022367876,1.2823045056930038e-15,0.5387581886394833,AMBIGUOUS,dominant_gmm,0.07084309072813909,BULL_CALM
2016-11-04,BULL_CALM,0.9813415145064203,1.3489865733785774e-22,0.5355973067028541,AMBIGUOUS,dominant_gmm,0.07054364096521515,BULL_CALM
2016-11-07,BULL_CALM,0.914554279215333,1.6602861855914566e-12,0.5439469093509222,AMBIGUOUS,vol_cluster_choppy,0.10752269973892302,CHOPPY
2016-11-08,BULL_CALM,0.9633506636864931,4.823897931710024e-10,0.5569796696189773,AMBIGUOUS,vol_cluster_choppy,0.09913956862593938,CHOPPY
2016-11-09,BULL_CALM,0.9821860992345662,1.3232652654319692e-09,0.5465954968498699,AMBIGUOUS,vol_cluster_choppy,0.10580969427529992,CHOPPY
2016-11-10,BULL_CALM,0.9814104216509125,1.3192515175711944e-08,0.553532414778352,AMBIGUOUS,dominant_gmm,0.10495539435283378,BULL_CALM
2016-11-11,BULL_CALM,0.9238031094902843,6.414441472333306e-05,0.5604685111387854,AMBIGUOUS,dominant_gmm,0.10557899881272213,BULL_CALM
2016-11-14,BULL_CALM,0.9315300304455708,6.068411246379857e-05,0.5616707120730435,AMBIGUOUS,dominant_gmm,0.1043744672840429,BULL_CALM
2016-11-15,BULL_CALM,0.9395789946651086,4.436946366124277e-06,0.5603691533070974,AMBIGUOUS,dominant_gmm,0.10554079924866736,BULL_CALM
2016-11-16,BULL_CALM,0.9246621240625783,3.402861373817978e-06,0.5642591421546571,AMBIGUOUS,dominant_gmm,0.10586662725308953,BULL_CALM
2016-11-17,BULL_CALM,0.8816712827545619,8.274993090135928e-07,0.5725399287376947,AMBIGUOUS,dominant_gmm,0.10640061653922656,BULL_CALM
2016-11-18,BULL_CALM,0.9115927341389166,2.635786119300972e-07,0.5876682659651046,AMBIGUOUS,dominant_gmm,0.10707952583773277,BULL_CALM
2016-11-21,BULL_CALM,0.9964138051849931,7.550249831840046e-13,0.5966116669729946,AMBIGUOUS,dominant_gmm,0.10900403124374657,BULL_CALM
2016-11-22,BULL_CALM,0.999317703091801,1.0070546735438196e-16,0.6163247073642966,AMBIGUOUS,dominant_gmm,0.10766422737219808,BULL_CALM
2016-11-23,BULL_CALM,0.999482910151328,2.042383432505124e-18,0.6224917296069369,AMBIGUOUS,dominant_gmm,0.10694102275581212,BULL_CALM
2016-11-25,BULL_CALM,0.9998878808263152,3.8248147731350893e-22,0.6351094767054096,AMBIGUOUS,dominant_gmm,0.10593888955350071,BULL_CALM
2016-11-28,BULL_CALM,0.9636505136133997,2.7424905800552714e-07,0.6522421261916672,MOMENTUM,hurst_momentum_bull,0.10717853536563705,BULL_CALM
2016-11-29,BULL_CALM,0.96652572237977,1.8966243406395044e-07,0.6540204435465697,MOMENTUM,hurst_momentum_bull,0.10696496737969191,BULL_CALM
2016-11-30,BULL_CALM,0.9940457428702448,8.945581393787572e-13,0.6643691504223384,MOMENTUM,hurst_momentum_bull,0.1027377973469639,BULL_CALM
2016-12-01,BULL_CALM,0.9944913028624444,6.201556325889977e-13,0.669696893719901,MOMENTUM,hurst_momentum_bull,0.10056711552180206,BULL_CALM
2016-12-02,BULL_CALM,0.9942377858465093,1.371433847822696e-13,0.6903836098187891,MOMENTUM,hurst_momentum_bull,0.09752294649077264,BULL_CALM
2016-12-05,BULL_CALM,0.9992619895310524,1.4313942811847665e-17,0.7072673516601109,MOMENTUM,hurst_momentum_bull,0.09724236959548141,BULL_CALM
2016-12-06,BULL_CALM,0.9999163191221544,5.776147415492484e-21,0.7213240490834887,MOMENTUM,hurst_momentum_bull,0.06605674569527441,BULL_CALM
2016-12-07,BULL_CALM,0.9999984732707455,1.717814885048692e-29,0.7162556837242072,MOMENTUM,hurst_momentum_bull,0.07658578637684624,BULL_CALM
2016-12-08,BULL_CALM,0.9999996485137689,2.3960879646447826e-32,0.6879710586263446,MOMENTUM,hurst_momentum_bull,0.07021569930551941,BULL_CALM
2016-12-09,BULL_CALM,0.9999999999732541,2.4841904884126624e-56,0.7159952723276137,MOMENTUM,hurst_momentum_bull,0.07166160018835262,BULL_CALM
2016-12-12,BULL_CALM,0.9999999999987355,9.555352667526128e-63,0.7338995941516396,MOMENTUM,hurst_momentum_bull,0.07081483697439268,BULL_CALM
2016-12-13,BULL_CALM,0.9999999999999876,2.53594573705883e-73,0.7370557205721272,MOMENTUM,hurst_momentum_bull,0.07228804247709766,BULL_CALM
2016-12-14,BULL_CALM,0.9999999999998819,5.4513826006407816e-70,0.6955619299764337,MOMENTUM,hurst_momentum_bull,0.07891255117284388,BULL_CALM
2016-12-15,BULL_CALM,0.9999999999995586,2.460631361208573e-64,0.7323203468141679,MOMENTUM,hurst_momentum_bull,0.07814814147285433,BULL_CALM
2016-12-16,BULL_CALM,0.9999999958648069,9.280849097831525e-44,0.7176746280849302,MOMENTUM,hurst_momentum_bull,0.08454765534623027,BULL_CALM
2016-12-19,BULL_CALM,0.9999993943175178,7.475486834440324e-32,0.7094740393382495,MOMENTUM,hurst_momentum_bull,0.08349008285522096,BULL_CALM
2016-12-20,BULL_CALM,0.9999982245185939,1.1182285496127118e-28,0.6603881476625255,MOMENTUM,hurst_momentum_bull,0.08098852080455232,BULL_CALM
2016-12-21,BULL_CALM,0.9985394825874312,2.874318487262846e-14,0.7092036794671381,MOMENTUM,hurst_momentum_bull,0.08230356728949495,BULL_CALM
2016-12-22,BULL_CALM,0.993800027300161,1.70133655484031e-11,0.6947892564758604,MOMENTUM,hurst_momentum_bull,0.08292755370482637,BULL_CALM
2016-12-23,BULL_CALM,0.9910090958301504,5.0164516820041085e-12,0.6856905556605734,MOMENTUM,hurst_momentum_bull,0.08235543874372966,BULL_CALM
2016-12-27,BULL_CALM,0.9959060815719791,6.635154781336656e-13,0.6996186139388757,MOMENTUM,hurst_momentum_bull,0.07972900232221049,BULL_CALM
2016-12-28,BULL_CALM,0.9611832215612416,8.551195039519332e-14,0.7115412695828741,MOMENTUM,hurst_momentum_bull,0.08658887507550762,BULL_CALM
2016-12-29,BULL_CALM,0.9901978541533794,1.1986150469665994e-13,0.7362053524288786,MOMENTUM,hurst_momentum_bull,0.08586459291951622,BULL_CALM
2016-12-30,BULL_CALM,0.9319971690055675,2.8648203543560904e-11,0.7237309561368093,MOMENTUM,hurst_momentum_bull,0.08585016655428318,BULL_CALM
2017-01-03,BULL_CALM,0.9923167046954746,1.9632342629382925e-11,0.749932451887008,MOMENTUM,hurst_momentum_bull,0.0890900172811174,BULL_CALM
2017-01-04,BULL_CALM,0.9931408609671197,4.708311345863063e-11,0.7669172623306209,MOMENTUM,hurst_momentum_bull,0.08904818566325112,BULL_CALM
2017-01-05,BULL_CALM,0.9525802412240122,1.2498781953401228e-05,0.7837663894497394,MOMENTUM,hurst_momentum_bull,0.08903458857237347,BULL_CALM
2017-01-06,BULL_CALM,0.9867154516997034,3.9091227718550667e-07,0.7825334600072349,MOMENTUM,hurst_momentum_bull,0.07769131292418328,BULL_CALM
2017-01-09,BULL_CALM,0.9779102930488378,9.138180001188621e-06,0.793273351016082,MOMENTUM,hurst_momentum_bull,0.07854216194386646,BULL_CALM
2017-01-10,BULL_CALM,0.9751943105608649,1.5086970191711609e-05,0.7900174683615462,MOMENTUM,hurst_momentum_bull,0.07555856421959628,BULL_CALM
2017-01-11,BULL_CALM,0.9840117060756675,1.6034341944648779e-06,0.806402656158601,MOMENTUM,hurst_momentum_bull,0.07607304728718783,BULL_CALM
2017-01-12,BULL_CALM,0.9736171624055375,1.2844891342681788e-05,0.8031618056094617,MOMENTUM,hurst_momentum_bull,0.07261059249948913,BULL_CALM
2017-01-13,BULL_CALM,0.9315473442010468,0.0001527729137468738,0.8107502282024976,MOMENTUM,hurst_momentum_bull,0.06661604905874856,BULL_CALM
2017-01-17,BULL_CALM,0.916005346771747,0.0002158955661105151,0.8123362026040304,MOMENTUM,hurst_momentum_bull,0.06627875794998363,BULL_CALM
2017-01-18,BULL_CALM,0.9191447961250153,0.0002592470358813954,0.8318478732723453,MOMENTUM,hurst_momentum_bull,0.060116886836135856,BULL_CALM
2017-01-19,BULL_CALM,0.9376174792391387,0.0001487353541064861,0.8354163027103166,MOMENTUM,hurst_momentum_bull,0.061403248593490486,BULL_CALM
2017-01-20,BULL_CALM,0.9656192794570716,1.560321632045169e-05,0.8395209964896105,MOMENTUM,hurst_momentum_bull,0.06125723308345117,BULL_CALM
2017-01-23,BULL_CALM,0.9785586354335185,2.449026693755109e-07,0.8501042521911186,MOMENTUM,hurst_momentum_bull,0.061148535975099866,BULL_CALM
2017-01-24,BULL_CALM,0.9877942082286391,3.094118920317649e-07,0.8550174948770993,MOMENTUM,hurst_momentum_bull,0.06466228197054104,BULL_CALM
2017-01-25,BULL_CALM,0.9189565493228036,0.0003550730056861831,0.855271855341148,MOMENTUM,hurst_momentum_bull,0.07083162454414893,BULL_CALM
2017-01-26,BULL_CALM,0.9306970749744526,0.0002948248695879253,0.8395975929934482,MOMENTUM,hurst_momentum_bull,0.07086575607327182,BULL_CALM
2017-01-27,BULL_CALM,0.9231743601750307,0.0002900116554415537,0.8187130508476572,MOMENTUM,hurst_momentum_bull,0.06322989683110383,BULL_CALM
2017-01-30,BULL_CALM,0.9262848859570609,0.00033193296849002814,0.7971275520750162,MOMENTUM,hurst_momentum_bull,0.06815360985608523,BULL_CALM
2017-01-31,BULL_CALM,0.9037841752109647,0.000533050393088603,0.7637695553852654,MOMENTUM,hurst_momentum_bull,0.06626866707122407,BULL_CALM
2017-02-01,BULL_CALM,0.9211271250154104,0.0003077552782597606,0.7450330794408774,MOMENTUM,hurst_momentum_bull,0.061276725378294046,BULL_CALM
2017-02-02,BULL_CALM,0.9054882105044123,0.0004718342215750539,0.7357638065235481,MOMENTUM,hurst_momentum_bull,0.05785652834778318,BULL_CALM
2017-02-03,BULL_CALM,0.8912199959237492,0.00031365168590141924,0.7231542683473463,MOMENTUM,hurst_momentum_bull,0.06225169780543887,BULL_CALM
2017-02-06,BULL_CALM,0.9213867024179374,0.0004075822410139459,0.7391627940662662,MOMENTUM,hurst_momentum_bull,0.06181974694612858,BULL_CALM
2017-02-07,BULL_CALM,0.9119733501325599,0.00047022953728894095,0.7431081205536915,MOMENTUM,hurst_momentum_bull,0.06029654758412157,BULL_CALM
2017-02-08,BULL_CALM,0.9088752137119119,0.0005541672605036651,0.6925367162846904,MOMENTUM,hurst_momentum_bull,0.0603169719687544,BULL_CALM
2017-02-09,BULL_CALM,0.90756196242235,0.0005730114045879262,0.6921996296785903,MOMENTUM,hurst_momentum_bull,0.06278351123775701,BULL_CALM
2017-02-10,BULL_CALM,0.9304633379974331,0.0003675700468831858,0.70109478919932,MOMENTUM,hurst_momentum_bull,0.062488630037593196,BULL_CALM
2017-02-13,BULL_CALM,0.7970546989393181,0.0037457433180679935,0.7033779746440351,MOMENTUM,hurst_momentum_bull,0.0642636667699781,BULL_CALM
2017-02-14,BULL_CALM,0.924972831208335,0.00016900411726243647,0.6852051197510312,MOMENTUM,hurst_momentum_bull,0.06236636465692621,BULL_CALM
2017-02-15,BULL_CALM,0.8974489602871322,0.0002946537254285604,0.6926224177156806,MOMENTUM,hurst_momentum_bull,0.06364105269882786,BULL_CALM
2017-02-16,BULL_CALM,0.9094095478078599,0.00024372044701824556,0.7040382197304345,MOMENTUM,hurst_momentum_bull,0.06113704730487864,BULL_CALM
2017-02-17,BULL_CALM,0.9739385674623489,5.02348473126227e-06,0.7207646053783638,MOMENTUM,hurst_momentum_bull,0.060792065174064824,BULL_CALM
2017-02-21,BULL_CALM,0.980299170793463,8.4158579484574e-07,0.7273341105872152,MOMENTUM,hurst_momentum_bull,0.06012711463927958,BULL_CALM
2017-02-22,BULL_CALM,0.9649950692524575,3.3552890172857366e-06,0.7226928536786571,MOMENTUM,hurst_momentum_bull,0.058989732817859936,BULL_CALM
2017-02-23,BULL_CALM,0.9854173525313523,1.6875056175667097e-07,0.7315782354328546,MOMENTUM,hurst_momentum_bull,0.05336491836008882,BULL_CALM
2017-02-24,BULL_CALM,0.9995171781413058,2.4352589930523508e-14,0.7452110118364816,MOMENTUM,hurst_momentum_bull,0.05253775028107322,BULL_CALM
2017-02-27,BULL_CALM,0.9998261808981295,7.962386676263595e-17,0.7459234673872932,MOMENTUM,hurst_momentum_bull,0.05119330771495588,BULL_CALM
2017-02-28,BULL_CALM,0.9999791707273524,1.6636855841559892e-22,0.7485935628139311,MOMENTUM,hurst_momentum_bull,0.04512489644208887,BULL_CALM
2017-03-01,BULL_CALM,0.9999956109748384,2.45847009200094e-24,0.7361155381350366,MOMENTUM,hurst_momentum_bull,0.061504370542952984,BULL_CALM
2017-03-02,BULL_CALM,0.999999993311772,2.810663719007437e-40,0.7335630720172156,MOMENTUM,hurst_momentum_bull,0.06887934849750055,BULL_CALM
2017-03-03,BULL_CALM,0.9999999871776227,1.910597654889014e-39,0.745483591920777,MOMENTUM,hurst_momentum_bull,0.06888874346495912,BULL_CALM
2017-03-06,BULL_CALM,0.9999999568688321,2.870201699506856e-38,0.7664901411209797,MOMENTUM,hurst_momentum_bull,0.06906361494431293,BULL_CALM
2017-03-07,BULL_CALM,0.9999995921082664,2.58346359211241e-36,0.7636841234949798,MOMENTUM,hurst_momentum_bull,0.07001506638961025,BULL_CALM
2017-03-08,BULL_CALM,0.9999997287958506,1.1504242644535975e-38,0.7445028646184303,MOMENTUM,hurst_momentum_bull,0.07094546833570219,BULL_CALM
2017-03-09,BULL_CALM,0.9999999997644125,1.0988238564938698e-58,0.733387575623414,MOMENTUM,hurst_momentum_bull,0.07094828963996257,BULL_CALM
2017-03-10,BULL_CALM,0.9999999997631452,1.119526514063493e-56,0.700877179940351,MOMENTUM,hurst_momentum_bull,0.06951125718294895,BULL_CALM
2017-03-13,BULL_CALM,0.9999999992162507,2.5884110537180424e-53,0.694334097592716,MOMENTUM,hurst_momentum_bull,0.0689924308487775,BULL_CALM
2017-03-14,BULL_CALM,0.9999999961771624,3.630989007841681e-49,0.6884389574854799,MOMENTUM,hurst_momentum_bull,0.0695471728595659,BULL_CALM
2017-03-15,BULL_CALM,0.999999963670722,7.729952083817471e-45,0.7049125746705021,MOMENTUM,hurst_momentum_bull,0.07412188605730406,BULL_CALM
2017-03-16,BULL_CALM,0.9999999318630546,2.213425374731451e-40,0.7090281682153954,MOMENTUM,hurst_momentum_bull,0.07323606059687449,BULL_CALM
2017-03-17,BULL_CALM,0.9999966478375484,3.648188764874338e-34,0.7073441588447997,MOMENTUM,hurst_momentum_bull,0.07701840822112585,BULL_CALM
2017-03-20,BULL_CALM,0.9999860385378181,4.844345060156087e-29,0.7329080729988441,MOMENTUM,hurst_momentum_bull,0.07710783637057002,BULL_CALM
2017-03-21,BULL_CALM,0.9986748760976075,1.3410160482272053e-23,0.7176809203420182,MOMENTUM,hurst_momentum_vol_cluster_choppy,0.0872385416176641,CHOPPY
2017-03-22,BULL_CALM,0.9984388718758594,5.3787607270451084e-20,0.7110566422909568,MOMENTUM,hurst_momentum_bull,0.0878396213665888,BULL_CALM
2017-03-23,BULL_CALM,0.9828987990519742,5.170160039020805e-13,0.7379851182484324,MOMENTUM,hurst_momentum_bull,0.08777136592817633,BULL_CALM
2017-03-24,BULL_CALM,0.8919771691104341,6.352868096234374e-08,0.72471098361169,MOMENTUM,hurst_momentum_bull,0.08752417249517598,BULL_CALM
2017-03-27,BULL_CALM,0.81803475123553,4.636634045614328e-06,0.7202061894850937,MOMENTUM,hurst_momentum_bull,0.08715835753399385,BULL_CALM
2017-03-28,BULL_CALM,0.9358955203251177,1.0852067488973537e-05,0.7115029983495486,MOMENTUM,hurst_momentum_bull,0.0912612096469675,BULL_CALM
2017-03-29,BULL_CALM,0.8064592234013642,0.0008728119247726698,0.7245053041779808,MOMENTUM,hurst_momentum_bull,0.07449402012404435,BULL_CALM
2017-03-30,BULL_CALM,0.8664190620137675,0.0006451154048532552,0.67750682350601,MOMENTUM,hurst_momentum_bull,0.07293736476600172,BULL_CALM
2017-03-31,BULL_CALM,0.9006250916553183,0.0004667006989947629,0.6825445595496631,MOMENTUM,hurst_momentum_bull,0.0731349893634335,BULL_CALM
2017-04-03,BULL_CALM,0.9002127426876396,0.0005006836134114133,0.7093720674971522,MOMENTUM,hurst_momentum_bull,0.07272170833351348,BULL_CALM
2017-04-04,BULL_CALM,0.9580053251992917,4.4573122183057456e-05,0.7008138411828648,MOMENTUM,hurst_momentum_bull,0.07220939818181109,BULL_CALM
2017-04-05,BULL_CALM,0.9440564387645656,0.0001061422064699026,0.7009950987635509,MOMENTUM,hurst_momentum_bull,0.07263350168464898,BULL_CALM
2017-04-06,BULL_CALM,0.9374288523608908,0.0002132165455034933,0.703996329616635,MOMENTUM,hurst_momentum_bull,0.07329785297224006,BULL_CALM
2017-04-07,BULL_CALM,0.9771920164873926,2.04313497006585e-06,0.6918082154117402,MOMENTUM,hurst_momentum_bull,0.07193796606082344,BULL_CALM
2017-04-10,BULL_CALM,0.9926014370325539,4.65206468737257e-09,0.6913340729665909,MOMENTUM,hurst_momentum_bull,0.071955703950167,BULL_CALM
2017-04-11,BULL_CALM,0.9769665095517387,9.561855140594995e-08,0.6801180250848301,MOMENTUM,hurst_momentum_bull,0.07094643854516847,BULL_CALM
2017-04-12,BULL_CALM,0.9126313608360445,6.494595273966698e-05,0.679311764642756,MOMENTUM,hurst_momentum_bull,0.0636451588914748,BULL_CALM
2017-04-13,BULL_CALM,0.724133868798896,0.00022423791892909177,0.6720527771483562,MOMENTUM,hurst_momentum_bull,0.06649306970379809,BULL_CALM
2017-04-17,BULL_CALM,0.9629140784587904,7.747094163608478e-07,0.6649450767389066,MOMENTUM,hurst_momentum_bull,0.07295783330484878,BULL_CALM
2017-04-18,BULL_CALM,0.950105291135564,5.405459372092811e-05,0.6815120423643062,MOMENTUM,hurst_momentum_bull,0.07346453297552732,BULL_CALM
2017-04-19,BULL_CALM,0.9271125570514116,6.761685016363289e-05,0.6704469037783958,MOMENTUM,hurst_momentum_bull,0.0578958832199059,BULL_CALM
2017-04-20,BULL_CALM,0.9556955638475739,7.840726536857544e-05,0.6847757962123109,MOMENTUM,hurst_momentum_vol_cluster_choppy,0.06436977859270639,CHOPPY
2017-04-21,BULL_CALM,0.9556303122081701,6.479521116504859e-05,0.6730253827398921,MOMENTUM,hurst_momentum_bull,0.06536987396197105,BULL_CALM
2017-04-24,BULL_CALM,0.9939854683312201,1.6239127153684038e-08,0.6946817296434271,MOMENTUM,hurst_momentum_bull,0.07576037054424113,BULL_CALM
2017-04-25,BULL_CALM,0.9858728200955016,2.727719600189508e-07,0.7046491534412999,MOMENTUM,hurst_momentum_bull,0.07755024253300255,BULL_CALM
2017-04-26,BULL_CALM,0.9436822628358458,0.00012744021212736248,0.7532718993395735,MOMENTUM,hurst_momentum_bull,0.07414160006537977,BULL_CALM
2017-04-27,BULL_CALM,0.9283088119946233,0.0001614624481145308,0.7445952990941662,MOMENTUM,hurst_momentum_bull,0.0741376801257366,BULL_CALM
2017-04-28,BULL_CALM,0.9442565559591618,4.29408726835762e-05,0.7342958495884647,MOMENTUM,hurst_momentum_bull,0.074156341270483,BULL_CALM
2017-05-01,BULL_CALM,0.9818423926817573,1.2057615176508614e-06,0.7085787081572584,MOMENTUM,hurst_momentum_bull,0.07379766742112935,BULL_CALM
2017-05-02,BULL_CALM,0.9700187838710811,6.963761781215153e-06,0.7160088031030253,MOMENTUM,hurst_momentum_bull,0.0732769901527884,BULL_CALM
2017-05-03,BULL_CALM,0.9682285807221259,7.998166217330237e-06,0.7121764162061155,MOMENTUM,hurst_momentum_bull,0.07360417987020444,BULL_CALM
2017-05-04,BULL_CALM,0.9911430166966514,4.407360488049098e-08,0.7044751999679999,MOMENTUM,hurst_momentum_bull,0.072363575310953,BULL_CALM
2017-05-05,BULL_CALM,0.997379045287959,9.121153597293842e-11,0.7310497855396775,MOMENTUM,hurst_momentum_bull,0.07287665967684358,BULL_CALM
2017-05-08,BULL_CALM,0.9969860366430663,8.282344087767667e-11,0.7301278819272069,MOMENTUM,hurst_momentum_bull,0.07264021562035529,BULL_CALM
2017-05-09,BULL_CALM,0.9928941573849986,1.4782268270641107e-09,0.7474443385924061,MOMENTUM,hurst_momentum_bull,0.07293611533286333,BULL_CALM
2017-05-10,BULL_CALM,0.984639838003515,4.767428460021419e-07,0.7552035328816792,MOMENTUM,hurst_momentum_bull,0.07258478403388252,BULL_CALM
2017-05-11,BULL_CALM,0.9985189976037357,4.489227805816426e-12,0.7357381508416702,MOMENTUM,hurst_momentum_bull,0.07072563477706051,BULL_CALM
2017-05-12,BULL_CALM,0.9997106251779194,1.624960925032469e-17,0.7347097443681223,MOMENTUM,hurst_momentum_bull,0.06571399375587729,BULL_CALM
2017-05-15,BULL_CALM,0.9996952888397826,7.521487320815933e-17,0.7274605142497756,MOMENTUM,hurst_momentum_bull,0.06161755049600366,BULL_CALM
2017-05-16,BULL_CALM,0.999898798643358,2.630162493408278e-19,0.7342614732264885,MOMENTUM,hurst_momentum_bull,0.060168389159915486,BULL_CALM
2017-05-17,BULL_CALM,0.9209985247852039,2.2344217071745185e-10,0.7047565897242759,MOMENTUM,hurst_momentum_vol_cluster_choppy,0.09021995491731215,CHOPPY
2017-05-18,BULL_CALM,0.960452729557479,3.8681800296106206e-10,0.7199194784976976,MOMENTUM,hurst_momentum_vol_cluster_choppy,0.08672978973694188,CHOPPY
2017-05-19,BULL_CALM,0.989782686639028,1.1536631262840203e-14,0.7168036225428518,MOMENTUM,hurst_momentum_vol_cluster_choppy,0.08834376180020717,CHOPPY
2017-05-22,BULL_CALM,0.9956991083003107,9.662424668326603e-14,0.6920356755834863,MOMENTUM,hurst_momentum_vol_cluster_choppy,0.08151676768643569,CHOPPY
2017-05-23,BULL_CALM,0.9970184570161906,1.0686133811936103e-13,0.6853266874138266,MOMENTUM,hurst_momentum_vol_cluster_choppy,0.07937650576442122,CHOPPY
2017-05-24,BULL_CALM,0.9952640752988564,2.9954356769966548e-12,0.6714031006904883,MOMENTUM,hurst_momentum_bull,0.07960013542159519,BULL_CALM
2017-05-25,BULL_CALM,0.9982107629006504,1.6447950450419227e-13,0.6725470043488011,MOMENTUM,hurst_momentum_bull,0.08105573040432351,BULL_CALM
2017-05-26,BULL_CALM,0.997791912285442,1.1920395505729696e-12,0.6674803745602059,MOMENTUM,hurst_momentum_bull,0.08043590002775768,BULL_CALM
2017-05-30,BULL_CALM,0.9927602855332045,1.0851362110870584e-10,0.6613036246568578,MOMENTUM,hurst_momentum_bull,0.08035695817156106,BULL_CALM
2017-05-31,BULL_CALM,0.9900983130869716,1.1349333695380492e-09,0.6679807454551909,MOMENTUM,hurst_momentum_bull,0.08041060349932164,BULL_CALM
2017-06-01,BULL_CALM,0.7278721719524084,0.002555871727065911,0.6880294629839554,MOMENTUM,hurst_momentum_bull,0.08420863215748157,BULL_CALM
2017-06-02,BULL_CALM,0.7093794303360833,0.0034123500299498327,0.685353595331813,MOMENTUM,hurst_momentum_bull,0.08460489565366708,BULL_CALM
2017-06-05,BULL_CALM,0.890963223361558,0.0006528249758842129,0.6870063870058934,MOMENTUM,hurst_momentum_bull,0.08417714578226206,BULL_CALM
2017-06-06,BULL_CALM,0.9444385323599034,9.235426456491439e-05,0.7009285780822072,MOMENTUM,hurst_momentum_bull,0.08536558080052492,BULL_CALM
2017-06-07,BULL_CALM,0.9692529897025035,4.485840992753295e-06,0.7096535605750354,MOMENTUM,hurst_momentum_bull,0.08521389691804972,BULL_CALM
2017-06-08,BULL_CALM,0.9720582511162175,2.3026573342079957e-06,0.7009333076050767,MOMENTUM,hurst_momentum_bull,0.08515524366689284,BULL_CALM
2017-06-09,BULL_CALM,0.9135228087047217,0.0006708770508840413,0.6860873159655587,MOMENTUM,hurst_momentum_bull,0.0849410759333545,BULL_CALM
2017-06-12,BULL_CALM,0.9039326350018257,0.0009896071330829173,0.6867172200656634,MOMENTUM,hurst_momentum_bull,0.08452271145320796,BULL_CALM
2017-06-13,BULL_CALM,0.8944899638443352,0.0008441148853287918,0.7116164613852386,MOMENTUM,hurst_momentum_bull,0.08409404298698636,BULL_CALM
2017-06-14,BULL_CALM,0.9067653618170195,0.0003871485407508133,0.7251874598189407,MOMENTUM,hurst_momentum_bull,0.08420354519452762,BULL_CALM
2017-06-15,BULL_CALM,0.7977050205252223,0.01826561934964587,0.7010154230168509,MOMENTUM,hurst_momentum_bull,0.04930727753553867,BULL_CALM
2017-06-16,BULL_CALM,0.7662784204933524,0.020307138789995457,0.6762613637589386,MOMENTUM,hurst_momentum_bull,0.05323118562835729,BULL_CALM
2017-06-19,BULL_CALM,0.8858935279538386,0.001045413189912671,0.6928229865456219,MOMENTUM,hurst_momentum_bull,0.055947008805495795,BULL_CALM
2017-06-20,BULL_CALM,0.9480153666550194,0.00010748974587221172,0.7312438850168022,MOMENTUM,hurst_momentum_bull,0.0609355341992806,BULL_CALM
2017-06-21,BULL_CALM,0.9443439703100709,8.979520201208183e-05,0.7201529782728604,MOMENTUM,hurst_momentum_bull,0.06076725697830636,BULL_CALM
2017-06-22,BULL_CALM,0.9483868477551062,7.096692904908666e-05,0.7298115963363963,MOMENTUM,hurst_momentum_bull,0.0605222756281636,BULL_CALM
2017-06-23,BULL_CALM,0.9502434204172896,8.659762662586423e-05,0.7406740793532847,MOMENTUM,hurst_momentum_bull,0.05843709407351984,BULL_CALM
2017-06-26,BULL_CALM,0.9890540603417651,2.3510358493240952e-08,0.7444682761111348,MOMENTUM,hurst_momentum_bull,0.058420409546769386,BULL_CALM
2017-06-27,BULL_CALM,0.9256755902613859,2.4789762605934027e-06,0.7315463578313607,MOMENTUM,hurst_momentum_bull,0.06551967599733313,BULL_CALM
2017-06-28,BULL_CALM,0.9865506005331932,3.980537504008242e-07,0.7296382923689922,MOMENTUM,hurst_momentum_bull,0.07283558266367433,BULL_CALM
2017-06-29,BULL_CALM,0.9920791613675622,1.30520010518079e-06,0.7409859145145091,MOMENTUM,hurst_momentum_vol_cluster_choppy,0.07414259306525668,CHOPPY
2017-06-30,BULL_CALM,0.9936039250916852,1.082228590620866e-06,0.7338723993572348,MOMENTUM,hurst_momentum_vol_cluster_choppy,0.07334290331190749,CHOPPY
2017-07-03,BULL_CALM,0.9917458419232665,5.721550606104768e-07,0.7283262696680336,MOMENTUM,hurst_momentum_vol_cluster_choppy,0.07373596856035017,CHOPPY
2017-07-05,BULL_CALM,0.9929841520138363,1.107796279857274e-06,0.7185773690489092,MOMENTUM,hurst_momentum_bull,0.07351333456373606,BULL_CALM
2017-07-06,BULL_CALM,0.9887417631438354,1.4661369178818477e-06,0.7217032457681181,MOMENTUM,hurst_momentum_bull,0.07977649278075086,BULL_CALM
2017-07-07,BULL_CALM,0.995499545248531,8.175217962887666e-08,0.7131784911614247,MOMENTUM,hurst_momentum_bull,0.08363745373729484,BULL_CALM
2017-07-10,BULL_CALM,0.9928909629712801,3.251305536435675e-07,0.6952100583652292,MOMENTUM,hurst_momentum_bull,0.08365542043320912,BULL_CALM
2017-07-11,BULL_CALM,0.992524815081983,5.115892642103872e-07,0.6598812139543809,MOMENTUM,hurst_momentum_bull,0.08367753948372468,BULL_CALM
2017-07-12,BULL_CALM,0.9974510163766319,4.506437390125638e-09,0.6761142343898281,MOMENTUM,hurst_momentum_bull,0.08628480940221343,BULL_CALM
2017-07-13,BULL_CALM,0.9947397559577166,3.875874850520793e-08,0.6544204050085449,MOMENTUM,hurst_momentum_bull,0.08638856577164901,BULL_CALM
2017-07-14,BULL_CALM,0.9932164745192879,1.354624048629055e-07,0.6889426677310004,MOMENTUM,hurst_momentum_bull,0.08754833449707217,BULL_CALM
2017-07-17,BULL_CALM,0.9859505528687978,2.490582961642149e-06,0.660969425916525,MOMENTUM,hurst_momentum_bull,0.0855620482224362,BULL_CALM
2017-07-18,BULL_CALM,0.9927506826661602,1.4328550461179022e-07,0.6856891662851718,MOMENTUM,hurst_momentum_bull,0.08056277054412464,BULL_CALM
2017-07-19,BULL_CALM,0.9846633428048698,2.8546926650379e-06,0.7008743927725359,MOMENTUM,hurst_momentum_bull,0.07815443761504934,BULL_CALM
2017-07-20,BULL_CALM,0.9941613731007382,1.2422816963423442e-08,0.6625057633287457,MOMENTUM,hurst_momentum_bull,0.07806719656908605,BULL_CALM
2017-07-21,BULL_CALM,0.9980921996068959,2.9881165296417203e-10,0.6805397000640545,MOMENTUM,hurst_momentum_bull,0.07818006216107189,BULL_CALM
2017-07-24,BULL_CALM,0.9929436275979365,1.1581458728710837e-07,0.6552023679110324,MOMENTUM,hurst_momentum_bull,0.07825934433087257,BULL_CALM
2017-07-25,BULL_CALM,0.9950879219180808,2.794465345827172e-08,0.6522541757253112,MOMENTUM,hurst_momentum_bull,0.07847991279183567,BULL_CALM
2017-07-26,BULL_CALM,0.9969866995977952,3.1021915968270226e-09,0.6519893414879603,MOMENTUM,hurst_momentum_bull,0.07121445308924189,BULL_CALM
2017-07-27,BULL_CALM,0.994731295390257,8.058476512700248e-09,0.6476156560490515,AMBIGUOUS,dominant_gmm,0.06546397300044948,BULL_CALM
2017-07-28,BULL_CALM,0.9810769037749464,2.3842448600448505e-06,0.6658248473969904,MOMENTUM,hurst_momentum_bull,0.055555245700670684,BULL_CALM
2017-07-31,BULL_CALM,0.9835507557356804,9.702179182858984e-07,0.6624467847097693,MOMENTUM,hurst_momentum_bull,0.05580760583078103,BULL_CALM
2017-08-01,BULL_CALM,0.9483213921811324,9.515138247133109e-05,0.6746312157387467,MOMENTUM,hurst_momentum_bull,0.05592472007899699,BULL_CALM
2017-08-02,BULL_CALM,0.9542103742489624,5.790298544774374e-05,0.6712906586230909,MOMENTUM,hurst_momentum_bull,0.05575378164485579,BULL_CALM
2017-08-03,BULL_CALM,0.8156505011016854,0.000955524850528122,0.6846793294506683,MOMENTUM,hurst_momentum_bull,0.042797364992673934,BULL_CALM
2017-08-04,BULL_CALM,0.8131201494369195,0.0026438623801585694,0.7028817463537241,MOMENTUM,hurst_momentum_bull,0.03829624172222462,BULL_CALM
2017-08-07,BULL_CALM,0.7750711070802431,0.0024314694223475,0.7059447860437402,MOMENTUM,hurst_momentum_bull,0.03839426127098469,BULL_CALM
2017-08-08,BULL_CALM,0.9240402383683616,2.075583674146289e-05,0.7040450862625697,MOMENTUM,hurst_momentum_bull,0.03995582061277371,BULL_CALM
2017-08-09,BULL_CALM,0.9233205879042452,7.693632577985257e-06,0.7207650228461877,MOMENTUM,hurst_momentum_bull,0.031905528969963265,BULL_CALM
2017-08-10,BULL_CALM,0.7269280628367971,0.0010579724872392272,0.7041031620354793,MOMENTUM,hurst_momentum_bull,0.06111357182494853,BULL_CALM
2017-08-11,BULL_CALM,0.8724236973732458,3.518465137000382e-05,0.6957932823197425,MOMENTUM,hurst_momentum_vol_cluster_choppy,0.05880225652764889,CHOPPY
2017-08-14,BULL_CALM,0.9854837466461983,1.91503133838908e-09,0.7184825436375627,MOMENTUM,hurst_momentum_vol_cluster_choppy,0.06906970439773658,CHOPPY
2017-08-15,BULL_CALM,0.9716611356171637,4.529289580418949e-08,0.7296989940497453,MOMENTUM,hurst_momentum_vol_cluster_choppy,0.06906896854844007,CHOPPY
2017-08-16,BULL_CALM,0.9041096826417891,0.0006302759034416684,0.7470223913334169,MOMENTUM,hurst_momentum_vol_cluster_choppy,0.06656485825783394,CHOPPY
2017-08-17,BULL_CALM,0.6925723549350116,0.00042377913757413594,0.7286066232416148,MOMENTUM,hurst_momentum_vol_cluster_choppy,0.0864922578424331,CHOPPY
2017-08-18,BULL_CALM,0.5540613163925092,0.0021786227202886675,0.6984617946166958,MOMENTUM,hurst_momentum_vol_cluster_choppy,0.086534175684596,CHOPPY
2017-08-21,BULL_CALM,0.5199420963827257,0.0025087997759886535,0.6702551068877739,MOMENTUM,hurst_momentum_vol_cluster_choppy,0.0867040356137108,CHOPPY
2017-08-22,BULL_CALM,0.8555279298620546,0.0006376158037864562,0.6435710245177054,AMBIGUOUS,vol_cluster_choppy,0.0949427822966528,CHOPPY
2017-08-23,BULL_CALM,0.8368695282138462,0.0005185992177109959,0.6435040100810588,AMBIGUOUS,vol_cluster_choppy,0.09559760729282654,CHOPPY
2017-08-24,BULL_CALM,0.8909896080167761,0.0004857504452507496,0.6153551111337758,AMBIGUOUS,dominant_gmm,0.09579746782679714,BULL_CALM
2017-08-25,BULL_CALM,0.9040438363474086,0.00031604576537091805,0.6339966393731545,AMBIGUOUS,dominant_gmm,0.09634478478924816,BULL_CALM
2017-08-28,BULL_CALM,0.8028293571009216,0.0006181220015750769,0.6258246771644984,AMBIGUOUS,dominant_gmm,0.0963600358806293,BULL_CALM
2017-08-29,BULL_CALM,0.8659634326481849,0.0004743078655291333,0.6381670123648745,AMBIGUOUS,dominant_gmm,0.09603962340689841,BULL_CALM
2017-08-30,BULL_CALM,0.8487247078624384,0.0003159499000194536,0.5908995808456694,AMBIGUOUS,dominant_gmm,0.09777937114552895,BULL_CALM
2017-08-31,BULL_CALM,0.9278544487756876,5.4442213304002626e-05,0.5881437971066419,AMBIGUOUS,dominant_gmm,0.10003142626742305,BULL_CALM
2017-09-01,BULL_CALM,0.8158948861515211,0.0004847002497043237,0.5844784716906822,AMBIGUOUS,dominant_gmm,0.09995013125529585,BULL_CALM
2017-09-05,BULL_CALM,0.8691870008833787,0.0005347775536037842,0.6216861815769149,AMBIGUOUS,dominant_gmm,0.10295371494566306,BULL_CALM
2017-09-06,BULL_CALM,0.8762468833496482,0.0005843139892716275,0.6052482597178785,AMBIGUOUS,dominant_gmm,0.10346396669570933,BULL_CALM
2017-09-07,BULL_CALM,0.8815141691684102,0.000508898166988248,0.6113971983189541,AMBIGUOUS,dominant_gmm,0.10346424046284712,BULL_CALM
2017-09-08,BULL_CALM,0.9242747173057346,0.0002852727211680661,0.6181366304500598,AMBIGUOUS,dominant_gmm,0.08938105984354563,BULL_CALM
2017-09-11,BULL_CALM,0.9044378678190079,0.00026415880255787114,0.6261004246907136,AMBIGUOUS,dominant_gmm,0.09627557419499763,BULL_CALM
2017-09-12,BULL_CALM,0.8145350802316862,0.0004594418409924928,0.5947608446130924,AMBIGUOUS,dominant_gmm,0.09094011814944006,BULL_CALM
2017-09-13,BULL_CALM,0.8273981910417244,0.0006594741979069079,0.5985600254325087,AMBIGUOUS,dominant_gmm,0.09089109215751805,BULL_CALM
2017-09-14,BULL_CALM,0.8752361968996533,0.0007667305220609907,0.6169093096025894,AMBIGUOUS,dominant_gmm,0.09088774448025433,BULL_CALM
2017-09-15,BULL_CALM,0.9208049179536971,0.0003784553813966704,0.6533493627020687,MOMENTUM,hurst_momentum_bull,0.07004570340394893,BULL_CALM
2017-09-18,BULL_CALM,0.9216308817690864,0.00036673654216802623,0.6222639389142082,AMBIGUOUS,dominant_gmm,0.0693014101050048,BULL_CALM
2017-09-19,BULL_CALM,0.9071066358725586,0.0005139750426489837,0.6077235834974184,AMBIGUOUS,dominant_gmm,0.06927853989548231,BULL_CALM
2017-09-20,BULL_CALM,0.8555432610110786,0.001270030134466467,0.6027664763268705,AMBIGUOUS,dominant_gmm,0.06058242029439608,BULL_CALM
2017-09-21,BULL_CALM,0.8781959742330647,0.00111456408743577,0.6102000610194995,AMBIGUOUS,dominant_gmm,0.059764644713344535,BULL_CALM
2017-09-22,BULL_CALM,0.8665807267194242,0.0017257667501080962,0.6114073574954417,AMBIGUOUS,dominant_gmm,0.058565437955632134,BULL_CALM
2017-09-25,BULL_CALM,0.8741837720910189,0.0016614748964743182,0.6187558741984163,AMBIGUOUS,dominant_gmm,0.05940894227541789,BULL_CALM
2017-09-26,BULL_CALM,0.8709507193852138,0.0011221858603260295,0.6042234611714794,AMBIGUOUS,dominant_gmm,0.059335557895974764,BULL_CALM
2017-09-27,BULL_CALM,0.8857999073819621,0.0008256385139997624,0.6666675426308465,MOMENTUM,hurst_momentum_bull,0.06026865477129538,BULL_CALM
2017-09-28,BULL_CALM,0.8938999023401815,0.000700441651883935,0.6505033696350364,MOMENTUM,hurst_momentum_bull,0.05869173569188745,BULL_CALM
2017-09-29,BULL_CALM,0.8960987844864197,0.0009654268055853875,0.6616758046813273,MOMENTUM,hurst_momentum_bull,0.05641698435202631,BULL_CALM
2017-10-02,BULL_CALM,0.9085888895218664,0.0008871144450140405,0.665014265141409,MOMENTUM,hurst_momentum_bull,0.057807315358312954,BULL_CALM
2017-10-03,BULL_CALM,0.898721196901067,0.0012389604158727788,0.6705167852183276,MOMENTUM,hurst_momentum_bull,0.04937113825669281,BULL_CALM
2017-10-04,BULL_CALM,0.9020722017672824,0.001116556237286528,0.6892621532458532,MOMENTUM,hurst_momentum_bull,0.048776825231420816,BULL_CALM
2017-10-05,BULL_CALM,0.8400540742743489,0.0032066644788859336,0.662414500653949,MOMENTUM,hurst_momentum_bull,0.05117345378396537,BULL_CALM
2017-10-06,BULL_CALM,0.9685842414046721,1.4227035992284934e-05,0.6606981889635171,MOMENTUM,hurst_momentum_bull,0.051148184468686894,BULL_CALM
2017-10-09,BULL_CALM,0.9449552250983463,3.498945903010063e-05,0.6506114994944185,MOMENTUM,hurst_momentum_bull,0.03940760039499664,BULL_CALM
2017-10-10,BULL_CALM,0.7839495544056325,0.004182511669517429,0.6306572251324846,AMBIGUOUS,dominant_gmm,0.03889221746732248,BULL_CALM
2017-10-11,BULL_CALM,0.8403439167887533,0.00194823496674661,0.6067579973529698,AMBIGUOUS,dominant_gmm,0.03892544751310565,BULL_CALM
2017-10-12,BULL_CALM,0.9964587840415887,8.249718101680708e-11,0.5918677069683683,AMBIGUOUS,dominant_gmm,0.03965201607457878,BULL_CALM
2017-10-13,BULL_CALM,0.984603590170316,6.251053587388358e-08,0.5884217861008258,AMBIGUOUS,dominant_gmm,0.03590534776952808,BULL_CALM
2017-10-16,BULL_CALM,0.9861826485205454,2.5677923215046368e-08,0.5925584078290754,AMBIGUOUS,dominant_gmm,0.03572779538135545,BULL_CALM
2017-10-17,BULL_CALM,0.9984686896195634,1.7385685078117177e-13,0.5974764401519512,AMBIGUOUS,dominant_gmm,0.03575476094962506,BULL_CALM
2017-10-18,BULL_CALM,0.9915233936506951,1.506729370787264e-09,0.6042146146056406,AMBIGUOUS,dominant_gmm,0.03565426642475781,BULL_CALM
2017-10-19,BULL_CALM,0.9919313371563627,1.5446348126012487e-10,0.6119782000107755,AMBIGUOUS,dominant_gmm,0.032913850530323946,BULL_CALM
2017-10-20,BULL_CALM,0.999646888798437,1.16028574513126e-16,0.6136006657399908,AMBIGUOUS,dominant_gmm,0.03539224534611366,BULL_CALM
2017-10-23,BULL_CALM,0.9999684682686972,1.3759249544624389e-21,0.6137262508975576,AMBIGUOUS,dominant_gmm,0.03833818583528967,BULL_CALM
2017-10-24,BULL_CALM,0.9999996518203067,2.251349689140423e-33,0.6245891172333563,AMBIGUOUS,dominant_gmm,0.03822837643216667,BULL_CALM
2017-10-25,BULL_CALM,0.9999960504007256,2.4311885305201102e-29,0.6316062234560095,AMBIGUOUS,dominant_gmm,0.04337481036612166,BULL_CALM
2017-10-26,BULL_CALM,0.9999870279627588,2.3282048195495506e-25,0.653227429697673,MOMENTUM,hurst_momentum_bull,0.043380571196034494,BULL_CALM
2017-10-27,BULL_CALM,0.9999980682406424,2.591542164749417e-28,0.6644076237270798,MOMENTUM,hurst_momentum_bull,0.04960789516252524,BULL_CALM
2017-10-30,BULL_CALM,0.9999982666777586,1.4450814001220176e-28,0.6685560965387176,MOMENTUM,hurst_momentum_bull,0.051241794164556334,BULL_CALM
2017-10-31,BULL_CALM,0.9999982397928698,2.630617735546531e-28,0.6743016152354617,MOMENTUM,hurst_momentum_bull,0.051092689989529656,BULL_CALM
2017-11-01,BULL_CALM,0.9999999864456113,1.715473285403809e-40,0.691751139723296,MOMENTUM,hurst_momentum_bull,0.051106939236531174,BULL_CALM
2017-11-02,BULL_CALM,0.9999999382628801,1.5892367998405975e-36,0.693625509504295,MOMENTUM,hurst_momentum_bull,0.04746868048556187,BULL_CALM
2017-11-03,BULL_CALM,0.9999997102394835,1.0054341415122714e-32,0.706802199509888,MOMENTUM,hurst_momentum_bull,0.04798086698661639,BULL_CALM
2017-11-06,BULL_CALM,0.9999996329420071,5.413232221358965e-31,0.6925986951176415,MOMENTUM,hurst_momentum_bull,0.04714958551409424,BULL_CALM
2017-11-07,BULL_CALM,0.9999986063887608,4.63657101888614e-28,0.683791865454642,MOMENTUM,hurst_momentum_bull,0.04706078429590977,BULL_CALM
2017-11-08,BULL_CALM,0.9954991200516643,6.6961590577501325e-09,0.6775745096645714,MOMENTUM,hurst_momentum_bull,0.04709149535736512,BULL_CALM
2017-11-09,BULL_CALM,0.998372181555478,5.836528039325737e-11,0.680210006487309,MOMENTUM,hurst_momentum_bull,0.04904118776942118,BULL_CALM
2017-11-10,BULL_CALM,0.9944240325083942,3.6273692869918237e-09,0.7140366058738201,MOMENTUM,hurst_momentum_bull,0.04912423977242143,BULL_CALM
2017-11-13,BULL_CALM,0.9880120308549427,3.8457701108648146e-07,0.7106035907560057,MOMENTUM,hurst_momentum_bull,0.049066977642938145,BULL_CALM
2017-11-14,BULL_CALM,0.966206566381153,2.835906697505773e-05,0.7050038641214735,MOMENTUM,hurst_momentum_bull,0.05014330573521321,BULL_CALM
2017-11-15,BULL_CALM,0.9378618297324834,0.00012283523685363397,0.6432231001033999,AMBIGUOUS,dominant_gmm,0.05367355856883007,BULL_CALM
2017-11-16,BULL_CALM,0.9732329202475494,2.2295378201157216e-05,0.6268086672875022,AMBIGUOUS,vol_cluster_choppy,0.0613317865765554,CHOPPY
2017-11-17,BULL_CALM,0.9692353870219498,2.8187510838701323e-05,0.6322846851431138,AMBIGUOUS,vol_cluster_choppy,0.05999312516069177,CHOPPY
2017-11-20,BULL_CALM,0.9678406166893835,3.013255916522655e-05,0.6374332306983495,AMBIGUOUS,vol_cluster_choppy,0.05825604756892594,CHOPPY
2017-11-21,BULL_CALM,0.972597922944675,1.9116476950333857e-05,0.6435764377564537,AMBIGUOUS,vol_cluster_choppy,0.062052662559526774,CHOPPY
2017-11-22,BULL_CALM,0.9629371030752825,4.182165690519027e-05,0.65350631730651,MOMENTUM,hurst_momentum_bull,0.05875828529514679,BULL_CALM
2017-11-24,BULL_CALM,0.9799028388622019,8.9772134066136e-06,0.6527898111441512,MOMENTUM,hurst_momentum_bull,0.05896477123580928,BULL_CALM
2017-11-27,BULL_CALM,0.9733114210185357,1.2540349870911499e-05,0.6540422229773595,MOMENTUM,hurst_momentum_bull,0.05250340303507844,BULL_CALM
2017-11-28,BULL_CALM,0.993223134856229,3.307242442840829e-08,0.6472305689912466,AMBIGUOUS,dominant_gmm,0.06024146940240593,BULL_CALM
2017-11-29,BULL_CALM,0.9914400433581352,7.569957619871169e-08,0.6290200552419744,AMBIGUOUS,dominant_gmm,0.06055385050664222,BULL_CALM
2017-11-30,BULL_CALM,0.953878494685897,3.1599745552645025e-06,0.618853583625856,AMBIGUOUS,dominant_gmm,0.06641693935615697,BULL_CALM
2017-12-01,BULL_CALM,0.9849069352306153,6.887598156201367e-07,0.6310353936511282,AMBIGUOUS,dominant_gmm,0.06750551834796141,BULL_CALM
2017-12-04,BULL_CALM,0.993845268885237,1.122493243251033e-08,0.7002239342457242,MOMENTUM,hurst_momentum_bull,0.06763708912408165,BULL_CALM
2017-12-05,BULL_CALM,0.9879477815699422,3.121421408086386e-07,0.6915444875290593,MOMENTUM,hurst_momentum_bull,0.06961941352006581,BULL_CALM
2017-12-06,BULL_CALM,0.9977005902716977,9.150045531634262e-11,0.6951691560171581,MOMENTUM,hurst_momentum_bull,0.06943099538138661,BULL_CALM
2017-12-07,BULL_CALM,0.9806613248568167,2.592429925983924e-06,0.7324329838237648,MOMENTUM,hurst_momentum_bull,0.06984740743376941,BULL_CALM
2017-12-08,BULL_CALM,0.9810981190171792,1.6513789317090982e-06,0.7697049676717359,MOMENTUM,hurst_momentum_bull,0.06937678781616077,BULL_CALM
2017-12-11,BULL_CALM,0.9750223275821872,2.7232549301944576e-06,0.7933002431635079,MOMENTUM,hurst_momentum_bull,0.06928571389196109,BULL_CALM
2017-12-12,BULL_CALM,0.9988008817873363,3.5334836772688414e-12,0.7776952301211687,MOMENTUM,hurst_momentum_bull,0.06924551967622837,BULL_CALM
2017-12-13,BULL_CALM,0.9992171015818608,1.835707656630235e-12,0.7695177948431356,MOMENTUM,hurst_momentum_bull,0.06801012426212204,BULL_CALM
2017-12-14,BULL_CALM,0.9951694324280845,2.39273115215488e-10,0.7500432864572515,MOMENTUM,hurst_momentum_bull,0.06687163241439983,BULL_CALM
2017-12-15,BULL_CALM,0.9956895302453317,4.1099209334234083e-10,0.7603458523816622,MOMENTUM,hurst_momentum_bull,0.062291554900734986,BULL_CALM
2017-12-18,BULL_CALM,0.9996417565027744,2.2330796623644966e-15,0.7501390971536197,MOMENTUM,hurst_momentum_bull,0.06220898883478804,BULL_CALM
2017-12-19,BULL_CALM,0.9999934529002923,6.0350817738612605e-25,0.7399820693061099,MOMENTUM,hurst_momentum_bull,0.06555263382048984,BULL_CALM
2017-12-20,BULL_CALM,0.999991192691215,1.1883642945085218e-24,0.7290079457998632,MOMENTUM,hurst_momentum_bull,0.06338883674618921,BULL_CALM
2017-12-21,BULL_CALM,0.9951810079959165,1.5687311288338642e-09,0.7341163541860753,MOMENTUM,hurst_momentum_bull,0.06287519733761705,BULL_CALM
2017-12-22,BULL_CALM,0.9978512932735663,5.2438584424583784e-12,0.7398369512565934,MOMENTUM,hurst_momentum_bull,0.06309348861764669,BULL_CALM
2017-12-26,BULL_CALM,0.992119823594043,1.1788857867646535e-09,0.7394075919562548,MOMENTUM,hurst_momentum_bull,0.06341404917509234,BULL_CALM
2017-12-27,BULL_CALM,0.9699739335696423,1.3145510348761822e-06,0.7139702027649207,MOMENTUM,hurst_momentum_bull,0.05420220707950561,BULL_CALM
2017-12-28,BULL_CALM,0.9755026070838932,6.07267146656514e-07,0.701989426763094,MOMENTUM,hurst_momentum_bull,0.05407974132709582,BULL_CALM
2017-12-29,BULL_CALM,0.9712171772451685,9.140271664916439e-07,0.6714612690368912,MOMENTUM,hurst_momentum_bull,0.04814190489311784,BULL_CALM
2018-01-02,BULL_CALM,0.982375767034103,3.653695955132923e-07,0.6353393274784538,AMBIGUOUS,dominant_gmm,0.05288805180809331,BULL_CALM
2018-01-03,BULL_CALM,0.9815258567349763,3.6201994011744784e-07,0.6209125582894981,AMBIGUOUS,dominant_gmm,0.055749669478797524,BULL_CALM
2018-01-04,BULL_CALM,0.9860988756278007,1.8846816768019016e-07,0.6258092403857733,AMBIGUOUS,dominant_gmm,0.053711234876736166,BULL_CALM
2018-01-05,BULL_CALM,0.954214896883857,3.610521170770356e-05,0.6297197553418061,AMBIGUOUS,dominant_gmm,0.05633903129123066,BULL_CALM
2018-01-08,BULL_CALM,0.9011367303153146,0.0006256012377719223,0.6340921495677508,AMBIGUOUS,dominant_gmm,0.05614568320641669,BULL_CALM
2018-01-09,BULL_CALM,0.9599343616310438,1.0976461915509624e-05,0.6442348750086819,AMBIGUOUS,dominant_gmm,0.05454094207531996,BULL_CALM
2018-01-10,BULL_CALM,0.8082495586104527,0.0031473486482714043,0.6462293701891689,AMBIGUOUS,dominant_gmm,0.055443854214089816,BULL_CALM
2018-01-11,BULL_CALM,0.9771377140036239,2.6664445896571273e-07,0.6562432086597314,MOMENTUM,hurst_momentum_bull,0.059206437387294086,BULL_CALM
2018-01-12,BULL_CALM,0.9317112155543285,8.843436329359435e-06,0.6588059609645166,MOMENTUM,hurst_momentum_bull,0.06111985406724835,BULL_CALM
2018-01-16,BULL_CALM,0.9877597849191712,5.710948366736077e-09,0.6652693827421184,MOMENTUM,hurst_momentum_bull,0.06026905839470175,BULL_CALM
2018-01-17,BULL_CALM,0.9983030530872105,5.366103612702834e-13,0.6822154727069832,MOMENTUM,hurst_momentum_bull,0.06575200781484616,BULL_CALM
2018-01-18,BULL_CALM,0.999394660475811,3.391129951509767e-14,0.6875520769759739,MOMENTUM,hurst_momentum_bull,0.06555663380750766,BULL_CALM
2018-01-19,BULL_CALM,0.9996502960238808,4.047875957783341e-15,0.6911318047846182,MOMENTUM,hurst_momentum_bull,0.06231189630274441,BULL_CALM
2018-01-22,BULL_CALM,0.9998953929380548,8.006863032877896e-18,0.7091623522151684,MOMENTUM,hurst_momentum_bull,0.06441069638913972,BULL_CALM
2018-01-23,BULL_CALM,0.9999739815952519,9.7369030028059e-21,0.7204279341859311,MOMENTUM,hurst_momentum_bull,0.06440070796622599,BULL_CALM
2018-01-24,BULL_CALM,0.9999937173037526,1.3915146379208315e-23,0.7223417191084806,MOMENTUM,hurst_momentum_bull,0.0644838826051701,BULL_CALM
2018-01-25,BULL_CALM,0.9999999971117217,5.435572453809015e-41,0.7226191755506313,MOMENTUM,hurst_momentum_bull,0.06337989575149518,BULL_CALM
2018-01-26,BULL_CALM,0.9999999999610669,5.3140591808384465e-51,0.7553903880368763,MOMENTUM,hurst_momentum_bull,0.06960916895130936,BULL_CALM
2018-01-29,BULL_CALM,0.9999999999711007,7.737569938854878e-53,0.7666754288397412,MOMENTUM,hurst_momentum_bull,0.07827729265506954,BULL_CALM
2018-01-30,BULL_CALM,0.9999999992653916,7.539243175702016e-52,0.7667951065152148,MOMENTUM,hurst_momentum_bull,0.08850232292338507,BULL_CALM
2018-01-31,BULL_CALM,0.9999992372922482,3.717840727804799e-36,0.7539842104753234,MOMENTUM,hurst_momentum_bull,0.08723703833067578,BULL_CALM
2018-02-01,BULL_CALM,0.99999965819024,4.2464218974904837e-38,0.7739013545140679,MOMENTUM,hurst_momentum_bull,0.08680553416034001,BULL_CALM
2018-02-02,BULL_CALM,0.9631238937341533,1.323982967088298e-29,0.7783609177016414,MOMENTUM,hurst_momentum_vol_cluster_choppy,0.1205659785768344,CHOPPY
2018-02-05,BULL_VOLATILE,1.0,4.445538345824684e-18,0.777729661220503,MOMENTUM,hard_bear,0.19111669188704997,BEAR
2018-02-06,BULL_VOLATILE,0.9999999999992324,8.824493169577895e-23,0.7965171752806374,MOMENTUM,hard_bear,0.2054781888367174,BEAR
2018-02-07,BULL_VOLATILE,0.9999999999999492,4.405275220477765e-21,0.8000651171219784,MOMENTUM,hard_bear,0.20576958890676822,BEAR
2018-02-08,BULL_VOLATILE,1.0,2.204347891360789e-19,0.8045272680285004,MOMENTUM,hard_bear,0.2428591055133806,BEAR
2018-02-09,BULL_VOLATILE,1.0,8.954123768116901e-22,0.8010459159942345,MOMENTUM,hard_bear,0.24867503397031152,BEAR
2018-02-12,BULL_VOLATILE,1.0,1.43778142581626e-21,0.7718380712292053,MOMENTUM,hard_bear,0.25427177536424866,BEAR
2018-02-13,BULL_VOLATILE,1.0,1.2506154148019355e-21,0.7725464242935984,MOMENTUM,hard_bear,0.2547569895159713,BEAR
2018-02-14,BULL_VOLATILE,1.0,2.1892101586010224e-20,0.7716655336019799,MOMENTUM,hard_bear,0.257489411606819,BEAR
2018-02-15,BULL_VOLATILE,0.9999999999999987,2.922251852835685e-19,0.7653071757625155,MOMENTUM,hurst_momentum_bull,0.26255343817747223,BULL_CALM
2018-02-16,BULL_VOLATILE,0.9999999999948566,5.185187037728351e-18,0.7422758544899338,MOMENTUM,hurst_momentum_bull,0.2617993415763101,BULL_CALM
2018-02-20,BULL_VOLATILE,0.9999995556653951,4.435341415461093e-07,0.7598976122660155,MOMENTUM,hurst_momentum_bull,0.25998358266331045,BULL_CALM
2018-02-21,BULL_VOLATILE,0.9999140584061726,8.594152679820782e-05,0.7647759702165843,MOMENTUM,hurst_momentum_bull,0.25974519583076217,BULL_CALM
2018-02-22,BULL_VOLATILE,0.9997119087101837,0.00028809112072486265,0.7754774814829282,MOMENTUM,hurst_momentum_bull,0.25997501717715,BULL_CALM
2018-02-23,BULL_VOLATILE,0.9999937060295714,6.293960148327238e-06,0.7589907407400239,MOMENTUM,hurst_momentum_bull,0.26775125864000315,BULL_CALM
2018-02-26,BULL_VOLATILE,0.9999999996332438,2.4500622611460944e-10,0.7809348619573945,MOMENTUM,hurst_momentum_bull,0.26777341922033676,BULL_CALM
2018-02-27,BULL_VOLATILE,0.9999999960859522,3.822810471100262e-09,0.783564508566137,MOMENTUM,hurst_momentum_bull,0.270087607047277,BULL_CALM
2018-02-28,BULL_VOLATILE,0.9999726888065604,2.7311169027371472e-05,0.8043014594490258,MOMENTUM,hurst_momentum_bull,0.27003457000476866,BULL_CALM
2018-03-01,BULL_VOLATILE,0.9999993903108206,6.096891036571927e-07,0.7712531649957064,MOMENTUM,hurst_momentum_bull,0.27367332003896055,BULL_CALM
2018-03-02,BULL_VOLATILE,0.999999710247435,2.8975255905560594e-07,0.7944624704108798,MOMENTUM,hurst_momentum_bull,0.2749781867363436,BULL_CALM
2018-03-05,BULL_VOLATILE,0.9999890419601098,1.0958038522435104e-05,0.7895489889258477,MOMENTUM,hurst_momentum_bull,0.26877453889708314,BULL_CALM
2018-03-06,BULL_VOLATILE,0.999985774556474,1.2672174040979597e-05,0.782972593057306,MOMENTUM,hurst_momentum_bull,0.2199071868275916,BULL_CALM
2018-03-07,BULL_VOLATILE,0.9997758725244554,0.0002004750288224441,0.7802860733255463,MOMENTUM,hurst_momentum_bull,0.20948198517352587,BULL_CALM
2018-03-08,BULL_VOLATILE,0.9975548049582378,0.0024049924012511863,0.8168651712355435,MOMENTUM,hurst_momentum_bull,0.20863106392566053,BULL_CALM
2018-03-09,BULL_VOLATILE,0.8448482817390064,0.02487668977778486,0.818658161274731,MOMENTUM,hurst_momentum_bull,0.15821902233095403,BULL_CALM
2018-03-12,BULL_VOLATILE,0.877346232262575,0.016910804268096675,0.8234631114422717,MOMENTUM,hurst_momentum_bull,0.15368681155091346,BULL_CALM
2018-03-13,BULL_VOLATILE,0.7669569101652856,0.013918472739958993,0.8153686602163411,MOMENTUM,hurst_momentum_bull,0.1510408005758256,BULL_CALM
2018-03-14,BULL_VOLATILE,0.7245622020290787,0.00657580476285183,0.8174477570527825,MOMENTUM,hurst_momentum_bull,0.1532171921543989,BULL_CALM
2018-03-15,BULL_VOLATILE,0.6836465201313645,0.0003678587875981019,0.8081624289011932,MOMENTUM,hurst_momentum_bull,0.14702645305065232,BULL_CALM
2018-03-16,BULL_VOLATILE,0.5555637054284075,0.008220308232537839,0.8011234560751527,MOMENTUM,hurst_momentum_bull,0.14084283230096584,BULL_CALM
2018-03-19,BULL_VOLATILE,0.827748258758974,0.009034200378508548,0.8033713518562414,MOMENTUM,hurst_momentum_bull,0.149094010503639,BULL_CALM
2018-03-20,BULL_VOLATILE,0.8943071023329696,0.018759508205585747,0.8158483112863598,MOMENTUM,hurst_momentum_bull,0.1476425880667748,BULL_CALM
2018-03-21,BULL_VOLATILE,0.8020932260695094,0.004838511313916422,0.83277953276198,MOMENTUM,hurst_momentum_bull,0.14668410952138872,BULL_CALM
2018-03-22,BULL_VOLATILE,0.9968285098203381,0.0030678590326126266,0.8128817207594923,MOMENTUM,hard_bear,0.1714653225963947,BEAR
2018-03-23,BULL_VOLATILE,0.9145889600121629,0.08541103997797851,0.7818063342339381,MOMENTUM,hard_bear,0.17304994991837447,BEAR
2018-03-26,BULL_VOLATILE,0.9828503743583457,0.017149610482956934,0.7889666448631948,MOMENTUM,hard_bear,0.19799491508074724,BEAR
2018-03-27,BULL_VOLATILE,0.9808467175178324,0.019153282298630815,0.7809887960394506,MOMENTUM,hard_bear,0.2017058800495234,BEAR
2018-03-28,BULL_VOLATILE,0.979752473314748,0.020247526296176287,0.7724245740833697,MOMENTUM,hard_bear,0.19970665189549125,BEAR
2018-03-29,BULL_VOLATILE,0.993421823696383,0.006578172596141694,0.7787675467151768,MOMENTUM,hard_bear,0.20076016045587536,BEAR
2018-04-02,BULL_VOLATILE,0.9919255951696729,0.008074404830144594,0.7884081803385106,MOMENTUM,hard_bear,0.21237577948093808,BEAR
2018-04-03,BULL_VOLATILE,0.9966646134673108,0.003335377566783945,0.7801676265578307,MOMENTUM,hard_bear,0.21349513927867644,BEAR
2018-04-04,BULL_VOLATILE,0.9931655115480883,0.006834424533539825,0.7816163014935871,MOMENTUM,hurst_momentum_bull,0.21774753227154423,BULL_CALM
2018-04-05,BULL_VOLATILE,0.9962296893775181,0.0037701601569707557,0.7712890990935175,MOMENTUM,hurst_momentum_bull,0.22034921109319164,BULL_CALM
2018-04-06,BULL_VOLATILE,0.9987557823895076,0.0012441994527243809,0.7801800989148219,MOMENTUM,hard_bear,0.23120309009957854,BEAR
2018-04-09,BULL_VOLATILE,0.9999903868677027,2.6949019418424107e-06,0.7822580258204933,MOMENTUM,hurst_momentum_bull,0.22090767976400427,BULL_CALM
2018-04-10,BULL_VOLATILE,0.9994136085554945,0.0005862099393171344,0.7820721407134243,MOMENTUM,hurst_momentum_bull,0.23108391759403316,BULL_CALM
2018-04-11,BULL_VOLATILE,0.9962794318662559,0.003719797737855366,0.7754236357709039,MOMENTUM,hurst_momentum_bull,0.23083672017446827,BULL_CALM
2018-04-12,BULL_VOLATILE,0.9999989655539667,2.0375495252657224e-07,0.788169020452981,MOMENTUM,hurst_momentum_bull,0.2335142382671238,BULL_CALM
2018-04-13,BULL_VOLATILE,0.9999997243987864,5.155451484078596e-09,0.772527754508402,MOMENTUM,hurst_momentum_bull,0.23354966697266719,BULL_CALM
2018-04-16,BULL_VOLATILE,0.9999993209596693,1.9289790272057432e-07,0.7658596691157008,MOMENTUM,hurst_momentum_bull,0.2361253160214516,BULL_CALM
2018-04-17,BULL_VOLATILE,0.9999912175676967,8.403903187769624e-06,0.768591160359968,MOMENTUM,hurst_momentum_bull,0.23495318053531675,BULL_CALM
2018-04-18,BULL_VOLATILE,0.9999991861382052,1.6083779932678063e-08,0.7556668848657978,MOMENTUM,hurst_momentum_bull,0.23488835082973716,BULL_CALM
2018-04-19,BULL_VOLATILE,0.9999805253311681,1.9290332894506e-05,0.7543552582781453,MOMENTUM,hurst_momentum_bull,0.23563364373576323,BULL_CALM
2018-04-20,BULL_VOLATILE,0.9999546886992502,8.732175384103718e-08,0.7526971236466303,MOMENTUM,hurst_momentum_bull,0.21928844914584783,BULL_CALM
2018-04-23,BULL_VOLATILE,0.9994824518138319,7.9947144449236e-07,0.7384169710026502,MOMENTUM,hurst_momentum_bull,0.20347659435392185,BULL_CALM
2018-04-24,BULL_VOLATILE,0.9991349402101204,0.00041454106249897885,0.7369671258729211,MOMENTUM,hurst_momentum_bull,0.18606494832476209,BULL_CALM
2018-04-25,BULL_VOLATILE,0.990240280416325,0.0007712441778456689,0.7453439865492354,MOMENTUM,hurst_momentum_bull,0.17545841955941496,BULL_CALM
2018-04-26,BULL_VOLATILE,0.9931919520988832,0.0005275556641073049,0.732224230029933,MOMENTUM,hurst_momentum_bull,0.17805851601876174,BULL_CALM
2018-04-27,BULL_VOLATILE,0.9847030437990381,0.0009652578212643831,0.7559115808419069,MOMENTUM,hurst_momentum_bull,0.17281210011332762,BULL_CALM
2018-04-30,BULL_VOLATILE,0.9769562351722647,0.002441967796234568,0.7533859532974605,MOMENTUM,hurst_momentum_bull,0.15518701016459344,BULL_CALM
2018-05-01,BULL_VOLATILE,0.9714442658895867,0.003691647083173445,0.7288866054907301,MOMENTUM,hurst_momentum_bull,0.14924425368048716,BULL_CALM
2018-05-02,BULL_VOLATILE,0.9638384669718147,0.0009918356468633267,0.7341629110987101,MOMENTUM,hurst_momentum_bull,0.1467736326826218,BULL_CALM
2018-05-03,BULL_VOLATILE,0.9612553478084531,0.003067928548718603,0.7257427956392222,MOMENTUM,hurst_momentum_bull,0.14389525833157016,BULL_CALM
2018-05-04,BULL_CALM,0.6108175293890992,0.0015898135791967865,0.703647542991023,MOMENTUM,hurst_momentum_bull,0.12655433117600373,BULL_CALM
2018-05-07,BULL_CALM,0.63292566226878,0.0015315765647283316,0.6636995393137697,MOMENTUM,hurst_momentum_bull,0.12607326069033212,BULL_CALM
2018-05-08,BULL_CALM,0.8039209852072742,0.0013212808497105673,0.7025289435532364,MOMENTUM,hurst_momentum_bull,0.11339960138032328,BULL_CALM
2018-05-09,BULL_CALM,0.7061651956799572,0.0020111656319188238,0.6940338381257279,MOMENTUM,hurst_momentum_bull,0.11595506080807148,BULL_CALM
2018-05-10,BULL_CALM,0.7201114371107671,0.002397780992738293,0.6967956384178442,MOMENTUM,hurst_momentum_bull,0.11693508613370936,BULL_CALM
2018-05-11,BULL_CALM,0.7306155189939394,0.00484863925769042,0.6860170419776694,MOMENTUM,hurst_momentum_bull,0.11608418606460293,BULL_CALM
2018-05-14,BULL_CALM,0.8926718352681693,1.3988147930962216e-05,0.6635489440303401,MOMENTUM,hurst_momentum_bull,0.1133212996315905,BULL_CALM
2018-05-15,BULL_CALM,0.8383207464857363,0.0007622765929757858,0.6550243373795701,MOMENTUM,hurst_momentum_bull,0.11066620610977657,BULL_CALM
2018-05-16,BULL_VOLATILE,0.5345965003356121,0.005906385348479628,0.6574074190133479,MOMENTUM,hurst_momentum_bull,0.1115738746606496,BULL_CALM
2018-05-17,BULL_VOLATILE,0.5446477600210332,0.005960502769726039,0.6645406244839336,MOMENTUM,hurst_momentum_bull,0.10949834518698003,BULL_CALM
2018-05-18,BULL_CALM,0.8229560885861881,0.001709861287585717,0.663178777659535,MOMENTUM,hurst_momentum_bull,0.10488252118239497,BULL_CALM
2018-05-21,BULL_CALM,0.8614624118984606,0.0002635518124487257,0.6752244214674357,MOMENTUM,hurst_momentum_bull,0.10736858671061485,BULL_CALM
2018-05-22,BULL_CALM,0.8978591545263872,0.00039989483634364834,0.6774949713227492,MOMENTUM,hurst_momentum_bull,0.0937326646073864,BULL_CALM
2018-05-23,BULL_CALM,0.9508021644551203,1.8941999515231432e-05,0.687934667394645,MOMENTUM,hurst_momentum_bull,0.09376383146111417,BULL_CALM
2018-05-24,BULL_CALM,0.9009209890439447,0.0006913615701528462,0.6777877331627865,MOMENTUM,hurst_momentum_bull,0.08927912584205233,BULL_CALM
2018-05-25,BULL_CALM,0.8837234430285698,0.0007603728664160485,0.6918654456301673,MOMENTUM,hurst_momentum_bull,0.09019151112771345,BULL_CALM
2018-05-29,BULL_CALM,0.6567712803890616,0.004212353630917541,0.7082704927014088,MOMENTUM,hurst_momentum_bull,0.09592338647864183,BULL_CALM
2018-05-30,BULL_CALM,0.8972712157573195,0.00016529504001235187,0.7240250703373388,MOMENTUM,hurst_momentum_bull,0.10567775260170865,BULL_CALM
2018-05-31,BULL_CALM,0.8908882134143776,0.00015559500039650611,0.7473404841482123,MOMENTUM,hurst_momentum_bull,0.10509122027209135,BULL_CALM
2018-06-01,BULL_CALM,0.9409744734786057,8.650802100006713e-06,0.7513972237146529,MOMENTUM,hurst_momentum_bull,0.10813529791411133,BULL_CALM
2018-06-04,BULL_CALM,0.9724943565659298,1.120530300844902e-06,0.7477625179172218,MOMENTUM,hurst_momentum_bull,0.1008737962037453,BULL_CALM
2018-06-05,BULL_CALM,0.939184098253372,7.319308587151177e-05,0.752794073301398,MOMENTUM,hurst_momentum_bull,0.10071320839270205,BULL_CALM
2018-06-06,BULL_CALM,0.9245926006975419,7.033087169532699e-05,0.7399876221278341,MOMENTUM,hurst_momentum_bull,0.10336666935132524,BULL_CALM
2018-06-07,BULL_CALM,0.9757351648038662,2.451554171915655e-06,0.7413384798678536,MOMENTUM,hurst_momentum_bull,0.09943472959979116,BULL_CALM
2018-06-08,BULL_CALM,0.993237522455495,1.068878262787322e-08,0.7274414404807236,MOMENTUM,hurst_momentum_bull,0.09520434001626903,BULL_CALM
2018-06-11,BULL_CALM,0.9967297028222074,2.0856843853471398e-10,0.7513672249892759,MOMENTUM,hurst_momentum_bull,0.09494150346907233,BULL_CALM
2018-06-12,BULL_CALM,0.9998303232896237,1.717546389228747e-17,0.7292511664119649,MOMENTUM,hurst_momentum_bull,0.09491995500087792,BULL_CALM
2018-06-13,BULL_CALM,0.9972277671767008,2.6186301990581843e-10,0.7259484987174023,MOMENTUM,hurst_momentum_bull,0.09164858734167738,BULL_CALM
2018-06-14,BULL_CALM,0.9931840292930132,4.759011201213395e-09,0.7143934742627974,MOMENTUM,hurst_momentum_bull,0.09112825385109115,BULL_CALM
2018-06-15,BULL_CALM,0.9963320611170271,8.504932983082411e-10,0.7160181402039486,MOMENTUM,hurst_momentum_bull,0.09418670568670501,BULL_CALM
2018-06-18,BULL_CALM,0.9842650040559766,4.520145879840968e-07,0.6817285712610975,MOMENTUM,hurst_momentum_bull,0.09398435370533426,BULL_CALM
2018-06-19,BULL_CALM,0.9651488844794562,1.7001281692732388e-05,0.7022348703987414,MOMENTUM,hurst_momentum_bull,0.09211559976265836,BULL_CALM
2018-06-20,BULL_CALM,0.9503947182539146,2.567176089872404e-05,0.698669053115434,MOMENTUM,hurst_momentum_bull,0.09143267661298957,BULL_CALM
2018-06-21,BULL_CALM,0.9169109859542998,8.162120896531795e-05,0.6709866860133438,MOMENTUM,hurst_momentum_bull,0.09421874388279879,BULL_CALM
2018-06-22,BULL_CALM,0.9018273325847154,2.932753171169598e-05,0.6353199254168215,AMBIGUOUS,dominant_gmm,0.09400763862099519,BULL_CALM
2018-06-25,BULL_VOLATILE,0.6321898944137271,0.00012132503649847904,0.7094176657150131,MOMENTUM,hurst_momentum_bull,0.10605099215455425,BULL_CALM
2018-06-26,BULL_VOLATILE,0.7178868603508404,1.5104808798679e-05,0.6921674434159456,MOMENTUM,hurst_momentum_bull,0.09747832940086165,BULL_CALM
2018-06-27,BULL_VOLATILE,0.896395870570482,2.825510163539191e-06,0.7071934176564018,MOMENTUM,hurst_momentum_bull,0.0895781670704529,BULL_CALM
2018-06-28,BULL_VOLATILE,0.7948956949599371,9.365618574343324e-07,0.7172103625204568,MOMENTUM,hurst_momentum_bull,0.08972867612798678,BULL_CALM
2018-06-29,BULL_CALM,0.8546067003367761,3.8913769923751877e-10,0.7562158732605548,MOMENTUM,hurst_momentum_bull,0.08218947384524279,BULL_CALM
2018-07-02,BULL_CALM,0.9626762901725524,2.573461277613274e-12,0.7514070305539701,MOMENTUM,hurst_momentum_bull,0.0805180100305575,BULL_CALM
2018-07-03,BULL_CALM,0.9687739407888737,1.2321456294669811e-11,0.7567913886750622,MOMENTUM,hurst_momentum_bull,0.08104365617270216,BULL_CALM
2018-07-05,BULL_CALM,0.9945370665410109,5.830467392517246e-13,0.7510154100047765,MOMENTUM,hurst_momentum_bull,0.08074401636848014,BULL_CALM
2018-07-06,BULL_CALM,0.975461065839918,7.573885316462785e-07,0.8331795422398286,MOMENTUM,hurst_momentum_bull,0.08714274579737805,BULL_CALM
2018-07-09,BULL_CALM,0.935870985144351,9.243682447710533e-05,0.8255014121483516,MOMENTUM,hurst_momentum_bull,0.09264619350929067,BULL_CALM
2018-07-10,BULL_CALM,0.9018126713566419,9.750532341029599e-05,0.7929324427296752,MOMENTUM,hurst_momentum_bull,0.09343631820538965,BULL_CALM
2018-07-11,BULL_CALM,0.9170237496276952,0.00013937393362689954,0.8158438816310992,MOMENTUM,hurst_momentum_bull,0.09688319992832396,BULL_CALM
2018-07-12,BULL_CALM,0.9604193457872362,8.636794246932816e-08,0.7890324016311114,MOMENTUM,hurst_momentum_bull,0.10176707410461704,BULL_CALM
2018-07-13,BULL_CALM,0.9646275545602201,1.9564187165478e-07,0.8174966753118024,MOMENTUM,hurst_momentum_bull,0.10144275613191044,BULL_CALM
2018-07-16,BULL_CALM,0.9993480495497447,7.828348858047237e-16,0.7962826741187619,MOMENTUM,hurst_momentum_bull,0.09912780698195894,BULL_CALM
2018-07-17,BULL_CALM,0.9994092244991761,4.317889245289022e-16,0.8088698504157558,MOMENTUM,hurst_momentum_bull,0.09947492409768957,BULL_CALM
2018-07-18,BULL_CALM,0.9990797727708235,2.65481291277156e-15,0.8155397957362129,MOMENTUM,hurst_momentum_bull,0.09809293930408834,BULL_CALM
2018-07-19,BULL_CALM,0.9992735429340925,1.2411575371482884e-15,0.8176990528621023,MOMENTUM,hurst_momentum_bull,0.09949997502242706,BULL_CALM
2018-07-20,BULL_CALM,0.9801468737818579,1.097038847300778e-07,0.8032792825267828,MOMENTUM,hurst_momentum_bull,0.09632125797376762,BULL_CALM
2018-07-23,BULL_CALM,0.9735588343083257,1.694909328008516e-07,0.8055459071180268,MOMENTUM,hurst_momentum_bull,0.0963254366397407,BULL_CALM
2018-07-24,BULL_CALM,0.9727097609729037,3.633712273198513e-06,0.7979695531000505,MOMENTUM,hurst_momentum_bull,0.0801908731012403,BULL_CALM
2018-07-25,BULL_CALM,0.9610242085324368,6.465563119439821e-06,0.8010174260019359,MOMENTUM,hurst_momentum_bull,0.0835395079320736,BULL_CALM
2018-07-26,BULL_CALM,0.922566703428553,0.00041376872592674484,0.816976151907154,MOMENTUM,hurst_momentum_bull,0.07593140309652704,BULL_CALM
2018-07-27,BULL_CALM,0.9077294717305427,0.0009172341447415828,0.8006102246057214,MOMENTUM,hurst_momentum_bull,0.08173881385044254,BULL_CALM
2018-07-30,BULL_CALM,0.8897384712266826,0.0018203549309615498,0.8035855237071854,MOMENTUM,hurst_momentum_bull,0.08559060891410528,BULL_CALM
2018-07-31,BULL_CALM,0.8951352010196414,0.0012903613110374845,0.8054960016977323,MOMENTUM,hurst_momentum_bull,0.0863982181087521,BULL_CALM
2018-08-01,BULL_CALM,0.8713571387250537,0.002667369747469003,0.8452324217613482,MOMENTUM,hurst_momentum_bull,0.08513946821122423,BULL_CALM
2018-08-02,BULL_CALM,0.978079938253452,2.934289941693741e-07,0.8454158079502412,MOMENTUM,hurst_momentum_bull,0.08297990904358438,BULL_CALM
2018-08-03,BULL_CALM,0.9847845418034434,1.829027509301317e-07,0.8136261735601392,MOMENTUM,hurst_momentum_bull,0.07972014532593935,BULL_CALM
2018-08-06,BULL_CALM,0.9978402438478299,9.82114204497429e-12,0.7985331161773632,MOMENTUM,hurst_momentum_bull,0.07515613342870653,BULL_CALM
2018-08-07,BULL_CALM,0.9984274636328477,8.618761400110937e-13,0.7872371969686008,MOMENTUM,hurst_momentum_bull,0.07503856363235444,BULL_CALM
2018-08-08,BULL_CALM,0.9725107264722208,1.3230840105868156e-06,0.7745932085854651,MOMENTUM,hurst_momentum_bull,0.06836307080838387,BULL_CALM
2018-08-09,BULL_CALM,0.9947166156573113,1.0270372347697523e-10,0.7810585552456385,MOMENTUM,hurst_momentum_bull,0.06294423226640769,BULL_CALM
2018-08-10,BULL_CALM,0.971562971517856,2.9871979522192174e-06,0.7762139389648799,MOMENTUM,hurst_momentum_bull,0.06865961557238785,BULL_CALM
2018-08-13,BULL_CALM,0.9798169582674314,9.539412634247834e-07,0.7710015808892882,MOMENTUM,hurst_momentum_bull,0.07023284567463371,BULL_CALM
2018-08-14,BULL_CALM,0.9762453302544569,2.0176295004785328e-06,0.7441628519484977,MOMENTUM,hurst_momentum_bull,0.0722560713998946,BULL_CALM
2018-08-15,BULL_CALM,0.9551523289226795,7.711447953733585e-06,0.76065810423029,MOMENTUM,hurst_momentum_bull,0.07744628814867213,BULL_CALM
2018-08-16,BULL_CALM,0.9175212963192864,0.0003963422993571307,0.7566796171476937,MOMENTUM,hurst_momentum_bull,0.08087329724574778,BULL_CALM
2018-08-17,BULL_CALM,0.9185484745786808,0.0002675727135032672,0.7412100459992429,MOMENTUM,hurst_momentum_bull,0.08113274316567562,BULL_CALM
2018-08-20,BULL_CALM,0.9245311491683353,0.00015525359772756026,0.7723671644344917,MOMENTUM,hurst_momentum_bull,0.08117984626390433,BULL_CALM
2018-08-21,BULL_CALM,0.9253298282655674,0.0002033912945451894,0.7549930232100024,MOMENTUM,hurst_momentum_bull,0.07995190293874153,BULL_CALM
2018-08-22,BULL_CALM,0.9105776218683809,0.000731449469873416,0.7510710812621505,MOMENTUM,hurst_momentum_bull,0.07471892119740195,BULL_CALM
2018-08-23,BULL_CALM,0.9216835983993126,0.0002983782115304488,0.7417632535395536,MOMENTUM,hurst_momentum_bull,0.07430431448314787,BULL_CALM
2018-08-24,BULL_CALM,0.923031895195997,0.00018628109014453076,0.7416933199226106,MOMENTUM,hurst_momentum_bull,0.07165400424717977,BULL_CALM
2018-08-27,BULL_CALM,0.8567146134958346,0.0006829333971246258,0.7729449943582676,MOMENTUM,hurst_momentum_bull,0.07147705138155774,BULL_CALM
2018-08-28,BULL_CALM,0.8994926769100938,0.000540529262471224,0.7597424322542222,MOMENTUM,hurst_momentum_bull,0.07057976634348033,BULL_CALM
2018-08-29,BULL_CALM,0.8144998909828103,0.0005195438489528957,0.7946281734706183,MOMENTUM,hurst_momentum_bull,0.07079731630784784,BULL_CALM
2018-08-30,BULL_CALM,0.9547404655584038,2.854825333557552e-05,0.7865818525410787,MOMENTUM,hurst_momentum_bull,0.07243268945526359,BULL_CALM
2018-08-31,BULL_CALM,0.9873826937334732,1.5587818457201519e-07,0.7665261531306726,MOMENTUM,hurst_momentum_bull,0.07174941612546124,BULL_CALM
2018-09-04,BULL_CALM,0.9865927851835774,2.1942989351727715e-07,0.769983298852672,MOMENTUM,hurst_momentum_bull,0.07182154564582573,BULL_CALM
2018-09-05,BULL_CALM,0.9930230508585882,2.7486941548842923e-09,0.7604240700805404,MOMENTUM,hurst_momentum_bull,0.07232323353305237,BULL_CALM
2018-09-06,BULL_CALM,0.9417537392278459,0.00017234337194246268,0.7627168465630192,MOMENTUM,hurst_momentum_bull,0.07338915214168235,BULL_CALM
2018-09-07,BULL_CALM,0.933466378823552,0.0003044984172034046,0.7636080936907099,MOMENTUM,hurst_momentum_bull,0.0736100969025561,BULL_CALM
2018-09-10,BULL_CALM,0.9489438208207369,0.00010912445344289744,0.7727131287041196,MOMENTUM,hurst_momentum_bull,0.06866371265062071,BULL_CALM
2018-09-11,BULL_CALM,0.9458639202957349,2.646688751653455e-05,0.7785974566210399,MOMENTUM,hurst_momentum_bull,0.06690990495691654,BULL_CALM
2018-09-12,BULL_CALM,0.8896798271047053,0.0009233719289901635,0.7827149074052016,MOMENTUM,hurst_momentum_bull,0.06412787765435662,BULL_CALM
2018-09-13,BULL_CALM,0.8248798710246066,0.011862932981380584,0.7909760672052504,MOMENTUM,hurst_momentum_bull,0.05823860960093997,BULL_CALM
2018-09-14,BULL_CALM,0.8413234642397438,0.007078463968694263,0.7784851847424317,MOMENTUM,hurst_momentum_bull,0.053064406116472625,BULL_CALM
2018-09-17,BULL_CALM,0.8605449840256072,0.0015564949910214447,0.7739433395863268,MOMENTUM,hurst_momentum_bull,0.05701292148217379,BULL_CALM
2018-09-18,BULL_CALM,0.9368344138857969,0.00013201576635394957,0.7564539608232247,MOMENTUM,hurst_momentum_bull,0.05922476868638393,BULL_CALM
2018-09-19,BULL_CALM,0.993684428062065,7.622952727731257e-10,0.7644638014931567,MOMENTUM,hurst_momentum_bull,0.05898884148828724,BULL_CALM
2018-09-20,BULL_CALM,0.9974833929583317,4.7038810566650907e-11,0.7277014842629025,MOMENTUM,hurst_momentum_bull,0.06402594299462054,BULL_CALM
2018-09-21,BULL_CALM,0.9963089049293247,2.8484862379241286e-10,0.7299547616913024,MOMENTUM,hurst_momentum_bull,0.06777475111951109,BULL_CALM
2018-09-24,BULL_CALM,0.9992176597687301,2.1745860218546473e-14,0.6928018046709644,MOMENTUM,hurst_momentum_bull,0.06685574198202193,BULL_CALM
2018-09-25,BULL_CALM,0.9778789148021401,1.2930742424949318e-06,0.6999547733304745,MOMENTUM,hurst_momentum_bull,0.06121040099379833,BULL_CALM
2018-09-26,BULL_CALM,0.9315153873994483,0.0002745246724312419,0.7106896416411893,MOMENTUM,hurst_momentum_bull,0.06221265410912426,BULL_CALM
2018-09-27,BULL_CALM,0.900048945985463,0.000782878636264095,0.7124748321636365,MOMENTUM,hurst_momentum_bull,0.05987949903321593,BULL_CALM
2018-09-28,BULL_CALM,0.8972973621462845,0.0005336854530920121,0.7203389319233473,MOMENTUM,hurst_momentum_bull,0.05806108949797845,BULL_CALM
2018-10-01,BULL_CALM,0.8943265436069224,0.0006750983126848821,0.7251784245334347,MOMENTUM,hurst_momentum_bull,0.0592970259954042,BULL_CALM
2018-10-02,BULL_CALM,0.9082640631358837,0.0004054108340563891,0.7482630417020679,MOMENTUM,hurst_momentum_bull,0.058930997933352776,BULL_CALM
2018-10-03,BULL_CALM,0.9194238558974974,0.00037578622425988656,0.7138178893614439,MOMENTUM,hurst_momentum_bull,0.05785656231053444,BULL_CALM
2018-10-04,BULL_CALM,0.887309693716911,0.00019881793252618095,0.6899922978919332,MOMENTUM,hurst_momentum_bull,0.063890101438835,BULL_CALM
2018-10-05,BULL_CALM,0.7404076137528521,0.003576480033186628,0.6752274740086622,MOMENTUM,hurst_momentum_bull,0.066788583295608,BULL_CALM
2018-10-08,BULL_CALM,0.8090617185203427,0.0021877868894012316,0.6707185645995544,MOMENTUM,hurst_momentum_bull,0.0664889011582035,BULL_CALM
2018-10-09,BULL_CALM,0.804101826453505,0.002264400406295218,0.6980898525107156,MOMENTUM,hurst_momentum_bull,0.06545778969259806,BULL_CALM
2018-10-10,BULL_VOLATILE,0.9922730570081991,0.007407789899106277,0.6681029756218827,MOMENTUM,hard_bear,0.12911465663228408,BEAR
2018-10-11,BULL_VOLATILE,0.8552602231855886,0.1447397760262105,0.6671998826629882,MOMENTUM,hard_bear,0.14399740118396084,BEAR
2018-10-12,BULL_VOLATILE,0.971533707418081,0.028466069514411666,0.6693388373842594,MOMENTUM,hard_bear,0.15607150852595028,BEAR
2018-10-15,BULL_VOLATILE,0.9950232051251071,0.004976793524315152,0.6719220089923437,MOMENTUM,hard_bear,0.15615000578873442,BEAR
2018-10-16,BULL_VOLATILE,0.9931085736631075,0.006890597092622321,0.6768868717345826,MOMENTUM,hard_bear,0.17688577798389912,BEAR
2018-10-17,BULL_VOLATILE,0.9953400973049712,0.004659306142106723,0.7101322718915751,MOMENTUM,hard_bear,0.17672451579327,BEAR
2018-10-18,BULL_VOLATILE,0.9972098868357631,0.002790081093674814,0.7232401396650894,MOMENTUM,hurst_momentum_spy_bearish,0.17804261219435896,BEAR
2018-10-19,BULL_VOLATILE,0.9999976924132753,2.2538845563415402e-06,0.7233900998220334,MOMENTUM,hurst_momentum_spy_bearish,0.17798788329165077,BEAR
2018-10-22,BULL_VOLATILE,0.999996374733227,3.6158306041047367e-06,0.7145017031213584,MOMENTUM,hurst_momentum_spy_bearish,0.17808951930705574,BEAR
2018-10-23,BULL_VOLATILE,0.9999999843834937,1.4455889452728868e-08,0.7342117968890329,MOMENTUM,hurst_momentum_spy_bearish,0.1781329669220921,BEAR
2018-10-24,BULL_VOLATILE,0.9999991728381837,8.271460567806532e-07,0.7322918967198201,MOMENTUM,hard_bear,0.2028302785736947,BEAR
2018-10-25,BULL_VOLATILE,0.9999989200173192,4.749991464860341e-14,0.7502462591703164,MOMENTUM,hard_bear,0.21655587297244397,BEAR
2018-10-26,BULL_VOLATILE,0.9999999999899238,1.0635182125586748e-15,0.7516535471704572,MOMENTUM,hard_bear,0.22160942542415876,BEAR
2018-10-29,BULL_VOLATILE,0.9999999999783169,2.5774382623385122e-20,0.7546761995314608,MOMENTUM,hard_bear,0.21962702076637164,BEAR
2018-10-30,BULL_VOLATILE,0.9999999999999201,7.639335826078658e-31,0.7469121978016793,MOMENTUM,hard_bear,0.23020687345669358,BEAR
2018-10-31,BULL_VOLATILE,0.9999999999979969,3.208339912484878e-31,0.7499329337305263,MOMENTUM,hurst_momentum_spy_bearish,0.23569178191376425,BEAR
2018-11-01,BULL_VOLATILE,0.9999999879611902,2.8750343344491042e-30,0.7607042376032611,MOMENTUM,hurst_momentum_spy_bearish,0.24041344569739595,BEAR
2018-11-02,BULL_VOLATILE,0.9999999990589912,6.795158450928425e-27,0.7606813094466012,MOMENTUM,hurst_momentum_spy_bearish,0.24046801970248277,BEAR
2018-11-05,BULL_VOLATILE,0.9999999974967131,1.367633452883217e-15,0.7693546612178166,MOMENTUM,hurst_momentum_spy_bearish,0.24209163076564397,BEAR
2018-11-06,BULL_VOLATILE,0.9999999852257055,8.432909807689404e-14,0.751959986707319,MOMENTUM,hurst_momentum_spy_bearish,0.24408725654876376,BEAR
2018-11-07,BULL_VOLATILE,0.99995235737709,2.738021119430177e-18,0.7309439159332981,MOMENTUM,hurst_momentum_bull,0.231093055649469,BULL_CALM
2018-11-08,BULL_VOLATILE,0.999298467806802,5.355718489505062e-15,0.7171491758876753,MOMENTUM,hurst_momentum_bull,0.2154715175297192,BULL_CALM
2018-11-09,BULL_VOLATILE,0.9991560651120358,6.50928632826219e-15,0.7059277416066819,MOMENTUM,hurst_momentum_bull,0.2139293128338289,BULL_CALM
2018-11-12,BULL_VOLATILE,0.9999507187951063,2.309273918305877e-13,0.7329701649498025,MOMENTUM,hurst_momentum_spy_bearish,0.22362464028642912,BEAR
2018-11-13,BULL_VOLATILE,0.999616936539914,5.090162810615545e-13,0.7364571639792171,MOMENTUM,hurst_momentum_spy_bearish,0.2078178703344548,BEAR
2018-11-14,BULL_VOLATILE,0.9999869989585186,1.6689439070916852e-11,0.6989620319954114,MOMENTUM,hurst_momentum_spy_bearish,0.20858956923872551,BEAR
2018-11-15,BULL_VOLATILE,0.9999785064428761,9.806944619867765e-13,0.6821026415874748,MOMENTUM,hurst_momentum_spy_bearish,0.20724613589979934,BEAR
2018-11-16,BULL_VOLATILE,0.999935819015433,1.35621208487231e-10,0.6813464103799396,MOMENTUM,hurst_momentum_spy_bearish,0.20754447791591962,BEAR
2018-11-19,BULL_VOLATILE,0.999999815193708,1.0057406754375262e-07,0.670829102837869,MOMENTUM,hurst_momentum_spy_bearish,0.21534983090328136,BEAR
2018-11-20,BULL_VOLATILE,0.9848073842784937,0.015192615666961016,0.6701717676228665,MOMENTUM,hurst_momentum_spy_bearish,0.22382962401038375,BEAR
2018-11-21,BULL_VOLATILE,0.9469593950519781,0.05304060493478972,0.6758059038842628,MOMENTUM,hurst_momentum_spy_bearish,0.19701942388093252,BEAR
2018-11-23,BULL_VOLATILE,0.9419923057699948,0.05800769422676768,0.6589989728939176,MOMENTUM,hurst_momentum_spy_bearish,0.18640887246460522,BEAR
2018-11-26,BULL_VOLATILE,0.9958321703399412,0.004167734343969213,0.709117228915618,MOMENTUM,hurst_momentum_spy_bearish,0.1855657837135303,BEAR
2018-11-27,BULL_VOLATILE,0.9862480068966089,0.013658450918372592,0.7098498037643715,MOMENTUM,hurst_momentum_spy_bearish,0.18442762250624017,BEAR
2018-11-28,BULL_VOLATILE,0.9914873346610267,0.008058519586383664,0.7575698755023095,MOMENTUM,hurst_momentum_spy_bearish,0.19464938869775333,BEAR
2018-11-29,BULL_VOLATILE,0.9928865185031508,0.006192986148268062,0.748918842845355,MOMENTUM,hurst_momentum_spy_bearish,0.19178643248730093,BEAR
2018-11-30,BULL_VOLATILE,0.9873604535895685,0.011023931236804646,0.7525440368392171,MOMENTUM,hurst_momentum_spy_bearish,0.18931878843109975,BEAR
2018-12-03,BULL_VOLATILE,0.9931206456493415,0.005115616512267136,0.7494339710366691,MOMENTUM,hurst_momentum_bull,0.1929399185744283,BULL_CALM
2018-12-04,BULL_VOLATILE,0.9949600044945974,0.0050365825500928605,0.7420082553894531,MOMENTUM,hard_bear,0.22631285230677078,BEAR
2018-12-06,BULL_VOLATILE,0.9909010334411985,0.009095321861516726,0.7462364787848106,MOMENTUM,hard_bear,0.22489139131540314,BEAR
2018-12-07,BULL_VOLATILE,0.9917170009662537,0.008280850147020558,0.7532071159166202,MOMENTUM,hard_bear,0.2220419151928525,BEAR
2018-12-10,BULL_VOLATILE,0.9944164065651421,0.005578193579612946,0.7431787433103195,MOMENTUM,hard_bear,0.222717873507827,BEAR
2018-12-11,BULL_VOLATILE,0.996632837178704,0.0033670029593323553,0.7465577007253196,MOMENTUM,hard_bear,0.22146375297787718,BEAR
2018-12-12,BULL_VOLATILE,0.9997597119947488,0.00023968798242038794,0.7310848114370732,MOMENTUM,hurst_momentum_spy_bearish,0.21424560080375818,BEAR
2018-12-13,BULL_VOLATILE,0.9994460486812161,0.0005539499384628457,0.7280045818592572,MOMENTUM,hurst_momentum_spy_bearish,0.21425416119445412,BEAR
2018-12-14,BULL_VOLATILE,0.9987311864975973,0.0012688135019623288,0.7178580446550413,MOMENTUM,hurst_momentum_spy_bearish,0.22217203446401818,BEAR
2018-12-17,BULL_VOLATILE,0.886386918071949,0.11361308192805097,0.7175262364113123,MOMENTUM,hurst_momentum_spy_bearish,0.22591036597620354,BEAR
2018-12-18,BULL_VOLATILE,0.9772845836784119,0.022715416321588033,0.7015506168855481,MOMENTUM,hurst_momentum_spy_bearish,0.2250217960274184,BEAR
2018-12-19,BULL_VOLATILE,0.8827292110376308,0.11727078896236875,0.7052400821912848,MOMENTUM,hard_bear,0.22358103412750557,BEAR
2018-12-20,BULL_VOLATILE,0.7248304172716112,0.27516958272838876,0.6869360016652207,MOMENTUM,hard_bear,0.22170694952382972,BEAR
2018-12-21,BULL_VOLATILE,0.5070268108602419,0.492973189139758,0.6884940026858645,MOMENTUM,hard_bear,0.2344832780218373,BEAR
2018-12-24,BEAR,0.846016854323933,0.846016854323933,0.7036501863683094,MOMENTUM,hard_bear,0.24684467094372026,BEAR
2018-12-26,BEAR,0.6597391027221198,0.6597391027221198,0.7124770078952349,MOMENTUM,hard_bear,0.30940753119795994,BEAR
2018-12-27,BULL_VOLATILE,0.7446117574315796,0.2553882425684203,0.7127434008150005,MOMENTUM,hard_bear,0.3111365179967448,BEAR
2018-12-28,BULL_VOLATILE,0.8308613740824048,0.16913862591759524,0.7224013623363804,MOMENTUM,hard_bear,0.2949337336352933,BEAR
2018-12-31,BULL_VOLATILE,0.9820802551461114,0.017919744853888548,0.7212974921220641,MOMENTUM,hard_bear,0.29883450742758894,BEAR
2019-01-02,BULL_VOLATILE,0.9212001954969927,0.07879980450300725,0.7335208735172732,MOMENTUM,hard_bear,0.29700893640767956,BEAR
2019-01-03,BULL_VOLATILE,0.7621363118582536,0.23786368814174644,0.7394346812700758,MOMENTUM,hard_bear,0.2965319244432901,BEAR
2019-01-04,BULL_VOLATILE,0.8972209115230539,0.10277908847694602,0.756453616385939,MOMENTUM,hard_bear,0.31211303520844025,BEAR
2019-01-07,BULL_VOLATILE,0.9920530782991815,0.00794692170081846,0.770910771497468,MOMENTUM,hard_bear,0.3145723158233734,BEAR
2019-01-08,BULL_VOLATILE,0.9997154537533898,0.0002845462466102734,0.7635793388753123,MOMENTUM,hard_bear,0.3076512927929834,BEAR
2019-01-09,BULL_VOLATILE,0.9999987937515549,1.2062484451590737e-06,0.7697515033920835,MOMENTUM,hard_bear,0.3081709611210306,BEAR
2019-01-10,BULL_VOLATILE,0.9999988283977685,1.171602231195582e-06,0.7769709236478491,MOMENTUM,hurst_momentum_spy_bearish,0.3085663546838444,BEAR
2019-01-11,BULL_VOLATILE,0.9999988083203636,1.191679635981813e-06,0.7930353060099721,MOMENTUM,hurst_momentum_spy_bearish,0.3078355888628565,BEAR
2019-01-14,BULL_VOLATILE,0.9999999895012336,1.0498765807812721e-08,0.8067145172028793,MOMENTUM,hurst_momentum_spy_bearish,0.30833613820469646,BEAR
2019-01-15,BULL_VOLATILE,0.9999984643914459,1.5356085526746559e-06,0.8230115887978093,MOMENTUM,hurst_momentum_spy_bearish,0.3045749739590937,BEAR
2019-01-16,BULL_VOLATILE,0.9656117051543802,0.034388294845606744,0.8199414576344918,MOMENTUM,hurst_momentum_spy_bearish,0.2955147333419021,BEAR
2019-01-17,BULL_VOLATILE,0.8638351935644241,0.13616480643557582,0.8523037554912276,MOMENTUM,hurst_momentum_bull,0.2962060336745205,BULL_CALM
2019-01-18,BULL_VOLATILE,0.8849199891419324,0.11508001085805793,0.8400851318282875,MOMENTUM,hurst_momentum_bull,0.2920912525974049,BULL_CALM
2019-01-22,BULL_VOLATILE,0.9407984227802475,0.05920157721957944,0.8317990794461445,MOMENTUM,hurst_momentum_bull,0.2898123878772965,BULL_CALM
2019-01-23,BULL_VOLATILE,0.9904927086508563,0.009507291235187091,0.8260561702202869,MOMENTUM,hurst_momentum_bull,0.26833314725838103,BULL_CALM
2019-01-24,BULL_VOLATILE,0.9940357958207026,0.005964156349613971,0.8234991612354106,MOMENTUM,hurst_momentum_bull,0.2427719505565141,BULL_CALM
2019-01-25,BULL_VOLATILE,0.9871287931956062,0.0015970619761539854,0.8071255707945625,MOMENTUM,hurst_momentum_bull,0.17762766563079455,BULL_CALM
2019-01-28,BULL_VOLATILE,0.9882733241107514,0.0015440999157957077,0.8273926005273999,MOMENTUM,hurst_momentum_bull,0.18155006273003088,BULL_CALM
2019-01-29,BULL_VOLATILE,0.9910845305052978,0.0014739941142634396,0.8130767532434715,MOMENTUM,hurst_momentum_bull,0.18156206509416484,BULL_CALM
2019-01-30,BULL_VOLATILE,0.9947388913835057,4.942396427539772e-05,0.8265331573025008,MOMENTUM,hurst_momentum_bull,0.18614683974389026,BULL_CALM
2019-01-31,BULL_VOLATILE,0.9848277067655711,3.872254043015466e-08,0.8254710450297733,MOMENTUM,hurst_momentum_bull,0.18682579695192672,BULL_CALM
2019-02-01,BULL_CALM,0.8289532990043982,6.036582858433632e-13,0.805855360914098,MOMENTUM,hurst_momentum_bull,0.15640059190226915,BULL_CALM
2019-02-04,BULL_CALM,0.9999867635217389,4.7711508517321724e-29,0.7847338588133728,MOMENTUM,hurst_momentum_bull,0.11551861817557028,BULL_CALM
2019-02-05,BULL_CALM,0.9999958111431337,9.16865767693922e-30,0.7756075056265553,MOMENTUM,hurst_momentum_bull,0.11451172459834323,BULL_CALM
2019-02-06,BULL_CALM,0.999996685518881,3.303260448258123e-30,0.7719548471567657,MOMENTUM,hurst_momentum_bull,0.1136086031803257,BULL_CALM
2019-02-07,BULL_CALM,0.9999416800300164,9.202367515849496e-26,0.7650525586937434,MOMENTUM,hurst_momentum_bull,0.1218049112026266,BULL_CALM
2019-02-08,BULL_CALM,0.9998936227726105,1.0115165065801212e-25,0.7732040924856497,MOMENTUM,hurst_momentum_bull,0.12178061519238616,BULL_CALM
2019-02-11,BULL_CALM,0.9997658053997048,5.710394214683416e-22,0.7950223319371109,MOMENTUM,hurst_momentum_bull,0.12174846906567573,BULL_CALM
2019-02-12,BULL_CALM,0.9999659498426884,1.6147648925029224e-26,0.7773713358663552,MOMENTUM,hurst_momentum_bull,0.12313821100202431,BULL_CALM
2019-02-13,BULL_CALM,0.999775730573579,1.412207754983118e-21,0.7751314243696357,MOMENTUM,hurst_momentum_bull,0.11919778651649549,BULL_CALM
2019-02-14,BULL_CALM,0.9992032024384527,3.4222423817416554e-20,0.7674875200089277,MOMENTUM,hurst_momentum_bull,0.12050614545248164,BULL_CALM
2019-02-15,BULL_CALM,0.9935662984031861,1.6869802561762487e-13,0.7703920220729703,MOMENTUM,hurst_momentum_bull,0.12289644972289378,BULL_CALM
2019-02-19,BULL_CALM,0.9909571086367626,4.587542621608556e-12,0.775024296240719,MOMENTUM,hurst_momentum_bull,0.11633515481486681,BULL_CALM
2019-02-20,BULL_CALM,0.9997488073147855,3.266287080622095e-19,0.778241066717496,MOMENTUM,hurst_momentum_bull,0.10066568914249831,BULL_CALM
2019-02-21,BULL_CALM,0.999736834506747,6.831134142288645e-20,0.767162862688969,MOMENTUM,hurst_momentum_bull,0.1032283184775368,BULL_CALM
2019-02-22,BULL_CALM,0.9999534094614876,1.072374823329433e-22,0.7743124233223525,MOMENTUM,hurst_momentum_bull,0.10367133309665534,BULL_CALM
2019-02-25,BULL_CALM,0.9999006526258067,1.1918520433452577e-20,0.7905943374650248,MOMENTUM,hurst_momentum_bull,0.10166164099085072,BULL_CALM
2019-02-26,BULL_CALM,0.999942355361272,3.3016324825376814e-21,0.7827700150722616,MOMENTUM,hurst_momentum_bull,0.09528864007642525,BULL_CALM
2019-02-27,BULL_CALM,0.9994009157060855,1.7722367902463224e-16,0.7899853719911958,MOMENTUM,hurst_momentum_bull,0.09481433633641069,BULL_CALM
2019-02-28,BULL_CALM,0.9752297257519605,1.7516235083534313e-06,0.7723700661980564,MOMENTUM,hurst_momentum_bull,0.08294767181915765,BULL_CALM
2019-03-01,BULL_CALM,0.9904458330950687,1.8441945738436418e-08,0.7608282346968346,MOMENTUM,hurst_momentum_bull,0.080671974205685,BULL_CALM
2019-03-04,BULL_CALM,0.9901906766083599,2.9631580585105215e-09,0.7488143417265013,MOMENTUM,hurst_momentum_bull,0.08293944932560218,BULL_CALM
2019-03-05,BULL_CALM,0.99477178628367,1.855903859233565e-11,0.7505474233431498,MOMENTUM,hurst_momentum_bull,0.0811298302513277,BULL_CALM
2019-03-06,BULL_CALM,0.9636374387307222,1.4683933894568006e-08,0.7502307142872049,MOMENTUM,hurst_momentum_bull,0.08436748283761364,BULL_CALM
2019-03-07,BULL_CALM,0.841301301554035,3.341767202737038e-06,0.743640431093712,MOMENTUM,hurst_momentum_bull,0.09020122576454996,BULL_CALM
2019-03-08,BULL_CALM,0.5918286518915752,1.1577217485336877e-05,0.7499709060684652,MOMENTUM,hurst_momentum_bull,0.0828282447054364,BULL_CALM
2019-03-11,BULL_CALM,0.8662452845816799,2.3200741336314854e-05,0.7505760894211744,MOMENTUM,hurst_momentum_bull,0.09606638604512943,BULL_CALM
2019-03-12,BULL_CALM,0.8769109293629072,0.00019056855771102467,0.7662323146610465,MOMENTUM,hurst_momentum_bull,0.09633772971515685,BULL_CALM
2019-03-13,BULL_CALM,0.9114170153084258,0.0006089747988138222,0.7646371081960613,MOMENTUM,hurst_momentum_bull,0.08895515012354292,BULL_CALM
2019-03-14,BULL_CALM,0.9222550603401121,0.0003239553465943167,0.7683473020153024,MOMENTUM,hurst_momentum_bull,0.08890791326511678,BULL_CALM
2019-03-15,BULL_CALM,0.9050254808228874,0.0004116597827069363,0.7887989874709811,MOMENTUM,hurst_momentum_bull,0.08806815020173607,BULL_CALM
2019-03-18,BULL_CALM,0.9256415094957368,0.0006032889802655273,0.7929036625099314,MOMENTUM,hurst_momentum_bull,0.08101738969802966,BULL_CALM
2019-03-19,BULL_CALM,0.9474599146363136,0.00010976778315832715,0.7712768252146329,MOMENTUM,hurst_momentum_bull,0.08098646195830483,BULL_CALM
2019-03-20,BULL_CALM,0.9545053508043367,5.847816507508064e-05,0.7409552998497166,MOMENTUM,hurst_momentum_bull,0.08196520291877649,BULL_CALM
2019-03-21,BULL_CALM,0.9366636529822256,9.44334213665337e-06,0.7343901167329788,MOMENTUM,hurst_momentum_bull,0.08871522305049306,BULL_CALM
2019-03-22,BULL_CALM,0.8532335453731884,0.00025859169602707383,0.7026605338942065,MOMENTUM,hurst_momentum_bull,0.1128381713646804,BULL_CALM
2019-03-25,BULL_CALM,0.8533602139819558,0.00032100009971801867,0.6699058948865731,MOMENTUM,hurst_momentum_bull,0.11276022285621995,BULL_CALM
2019-03-26,BULL_CALM,0.8334826269029311,0.00040606891875357115,0.6249743588216591,AMBIGUOUS,dominant_gmm,0.11581960457062392,BULL_CALM
2019-03-27,BULL_CALM,0.6990563146303183,8.442495997812618e-05,0.6104849339959482,AMBIGUOUS,dominant_gmm,0.1174871843753223,BULL_CALM
2019-03-28,BULL_CALM,0.8081881661089105,8.719586567321792e-06,0.679331444649554,MOMENTUM,hurst_momentum_bull,0.11794325219240119,BULL_CALM
2019-03-29,BULL_CALM,0.8230714790029462,0.0003619106128978555,0.6776127020293573,MOMENTUM,hurst_momentum_bull,0.11798407935487037,BULL_CALM
2019-04-01,BULL_CALM,0.747983610978648,0.0005761159879209432,0.676214616231866,MOMENTUM,hurst_momentum_bull,0.12365094117060145,BULL_CALM
2019-04-02,BULL_CALM,0.7457506011670579,0.0007352256517219577,0.6961097557875198,MOMENTUM,hurst_momentum_bull,0.12332339487306562,BULL_CALM
2019-04-03,BULL_CALM,0.7816941414227199,0.00044076804801078417,0.6889710127575951,MOMENTUM,hurst_momentum_bull,0.12025534413993043,BULL_CALM
2019-04-04,BULL_CALM,0.884898904119039,0.00011659672046938724,0.6997875273975513,MOMENTUM,hurst_momentum_bull,0.11430817050964429,BULL_CALM
2019-04-05,BULL_CALM,0.8516575172623544,1.5154140207941575e-05,0.6860898876570226,MOMENTUM,hurst_momentum_bull,0.11355726605513644,BULL_CALM
2019-04-08,BULL_CALM,0.9685383209358917,4.5223276745846626e-08,0.6608855703855657,MOMENTUM,hurst_momentum_bull,0.10446181515258228,BULL_CALM
2019-04-09,BULL_CALM,0.9464752744752808,4.779984825138489e-06,0.652982629480785,MOMENTUM,hurst_momentum_bull,0.10703000275522581,BULL_CALM
2019-04-10,BULL_CALM,0.991328482857272,2.1947172606887022e-10,0.6352551865782515,AMBIGUOUS,dominant_gmm,0.1055516211128572,BULL_CALM
2019-04-11,BULL_CALM,0.9787058181598243,3.812857880106003e-08,0.6335265692057526,AMBIGUOUS,dominant_gmm,0.10547377715085605,BULL_CALM
2019-04-12,BULL_CALM,0.9780543870777186,2.9599767344971504e-08,0.6267090691206113,AMBIGUOUS,dominant_gmm,0.10721016779800545,BULL_CALM
2019-04-15,BULL_CALM,0.9991653709007428,1.226983472628976e-16,0.6497470930868918,AMBIGUOUS,dominant_gmm,0.10719914289448672,BULL_CALM
2019-04-16,BULL_CALM,0.9993007497043039,4.933900075061885e-17,0.6221331294372036,AMBIGUOUS,dominant_gmm,0.10715296151192097,BULL_CALM
2019-04-17,BULL_CALM,0.9950942750835464,1.3852837438407302e-12,0.6132931519142168,AMBIGUOUS,dominant_gmm,0.10686540745319414,BULL_CALM
2019-04-18,BULL_CALM,0.9937571388542374,2.7936055888987028e-12,0.609926674342948,AMBIGUOUS,dominant_gmm,0.10034860483514667,BULL_CALM
2019-04-22,BULL_CALM,0.9997316062387125,8.050602080666479e-18,0.6370899946200522,AMBIGUOUS,dominant_gmm,0.06631166268514169,BULL_CALM
2019-04-23,BULL_CALM,0.9999036993700042,4.111823188464168e-19,0.6229132265513303,AMBIGUOUS,dominant_gmm,0.06997362788907616,BULL_CALM
2019-04-24,BULL_CALM,0.9999730856882381,6.613587320350688e-22,0.6283269200813141,AMBIGUOUS,dominant_gmm,0.06918684493204093,BULL_CALM
2019-04-25,BULL_CALM,0.9999125891500907,1.1707909156875618e-19,0.6248987496719205,AMBIGUOUS,dominant_gmm,0.06462666020277895,BULL_CALM
2019-04-26,BULL_CALM,0.9999430062777825,7.629575824891864e-20,0.6517343406177463,MOMENTUM,hurst_momentum_bull,0.06498525380325872,BULL_CALM
2019-04-29,BULL_CALM,0.9999969081210546,7.552235298215925e-27,0.6458750915452357,AMBIGUOUS,dominant_gmm,0.06318872308202908,BULL_CALM
2019-04-30,BULL_CALM,0.9999568245368694,9.176599108509083e-20,0.6578270903731199,MOMENTUM,hurst_momentum_bull,0.05141381248918022,BULL_CALM
2019-05-01,BULL_CALM,0.9999771213804608,9.457965131568593e-24,0.6373249243978644,AMBIGUOUS,dominant_gmm,0.060400981678651065,BULL_CALM
2019-05-02,BULL_CALM,0.999994083353291,3.301596053598259e-28,0.6426839195924196,AMBIGUOUS,dominant_gmm,0.06139078354744825,BULL_CALM
2019-05-03,BULL_CALM,0.9999962192929835,4.483182249325349e-27,0.6402490439595465,AMBIGUOUS,dominant_gmm,0.06895610408600257,BULL_CALM
2019-05-06,BULL_CALM,0.9999996833321937,2.406665191515495e-34,0.6534281188990445,MOMENTUM,hurst_momentum_bull,0.06998515838147217,BULL_CALM
2019-05-07,BULL_CALM,0.9875468261290037,7.159399522806465e-23,0.651741207420315,MOMENTUM,hurst_momentum_vol_cluster_choppy,0.09343364630926126,CHOPPY
2019-05-08,BULL_CALM,0.898145251810894,4.1894198943824376e-14,0.6572626593320375,MOMENTUM,hurst_momentum_vol_cluster_choppy,0.09171140082428011,CHOPPY
2019-05-09,BULL_CALM,0.5789607064244942,2.1318787614963177e-08,0.7057932633959088,MOMENTUM,hurst_momentum_vol_cluster_choppy,0.09143231425603414,CHOPPY
2019-05-10,BULL_CALM,0.5810960078067821,2.9276341275030532e-08,0.7076872119672014,MOMENTUM,hurst_momentum_bull,0.09334096307204044,BULL_CALM
2019-05-13,BULL_VOLATILE,0.9999534634451784,5.711044447327238e-10,0.6955048815695021,MOMENTUM,hard_bear,0.12571617405225588,BEAR
2019-05-14,BULL_VOLATILE,0.9984815790386102,1.2916109795916025e-10,0.6900302631838232,MOMENTUM,hurst_momentum_bull,0.13127156116452002,BULL_CALM
2019-05-15,BULL_VOLATILE,0.9664534906516875,5.9410540406372214e-05,0.6841123446771631,MOMENTUM,hurst_momentum_vol_cluster_choppy,0.13348092336748246,CHOPPY
2019-05-16,BULL_VOLATILE,0.8682948613777463,5.5015653665954224e-05,0.6765476143735075,MOMENTUM,hurst_momentum_vol_cluster_choppy,0.13801870147055023,CHOPPY
2019-05-17,BULL_VOLATILE,0.995731949937605,1.512079419877098e-05,0.7007986923798175,MOMENTUM,hurst_momentum_vol_cluster_choppy,0.1394460367257985,CHOPPY
2019-05-20,BULL_VOLATILE,0.9918597279063815,0.002635896727668385,0.7050071625402692,MOMENTUM,hurst_momentum_bull,0.14086024990973692,BULL_CALM
2019-05-21,BULL_VOLATILE,0.7171434299768911,0.0006006952064878491,0.689434680764896,MOMENTUM,hurst_momentum_bull,0.14088297437906813,BULL_CALM
2019-05-22,BULL_VOLATILE,0.7083543320414074,0.0011808275358655492,0.688804980133495,MOMENTUM,hurst_momentum_bull,0.14100829943966017,BULL_CALM
2019-05-23,BULL_VOLATILE,0.9203303711571812,0.002064370473139239,0.6807863196489972,MOMENTUM,hurst_momentum_bull,0.14638789740372712,BULL_CALM
2019-05-24,BULL_VOLATILE,0.960641233305756,0.0009046413761950885,0.6828252850275923,MOMENTUM,hurst_momentum_bull,0.14525689613100992,BULL_CALM
2019-05-28,BULL_VOLATILE,0.7667372360793727,1.8711127275474893e-05,0.6732967703509137,MOMENTUM,hurst_momentum_bull,0.1470238072051351,BULL_CALM
2019-05-29,BULL_VOLATILE,0.9803221598831791,4.4445812932086114e-05,0.6615883148439144,MOMENTUM,hurst_momentum_bull,0.1473965069752023,BULL_CALM
2019-05-30,BULL_VOLATILE,0.9902994148375512,4.053444264242334e-07,0.6486926024859756,AMBIGUOUS,dominant_gmm,0.14745089642358927,BULL_VOLATILE
2019-05-31,BULL_VOLATILE,0.9999945357045769,4.7259386263145523e-07,0.6651588654919524,MOMENTUM,hurst_momentum_spy_bearish,0.1527886245887909,BEAR
2019-06-03,BULL_VOLATILE,0.999946779865802,3.306369868014508e-09,0.6286106066992647,AMBIGUOUS,dominant_gmm,0.14544932565948723,BULL_VOLATILE
2019-06-04,BULL_VOLATILE,0.997311874450335,3.1489563744953412e-06,0.6225445155473371,AMBIGUOUS,dominant_gmm,0.17044552792111156,BULL_VOLATILE
2019-06-05,BULL_VOLATILE,0.9966841669334002,4.3200168259978534e-05,0.6095381769221923,AMBIGUOUS,vol_cluster_choppy,0.16530362676705487,CHOPPY
2019-06-06,BULL_VOLATILE,0.9837175983686975,0.0024477463110397944,0.6462503820299181,AMBIGUOUS,vol_cluster_choppy,0.16730387839023508,CHOPPY
2019-06-07,BULL_VOLATILE,0.9741769145697114,0.0034630079174046207,0.6429411739632791,AMBIGUOUS,dominant_gmm,0.17097160941780837,BULL_VOLATILE
2019-06-10,BULL_VOLATILE,0.9753441025895089,0.0019248284236755562,0.6329549400802763,AMBIGUOUS,dominant_gmm,0.1708168669359898,BULL_VOLATILE
2019-06-11,BULL_VOLATILE,0.7725950294120753,0.010227200084351616,0.6343850372554025,AMBIGUOUS,dominant_gmm,0.14232501677668183,BULL_VOLATILE
2019-06-12,BULL_VOLATILE,0.7810512427409627,0.005928654257751559,0.6380272991093948,AMBIGUOUS,dominant_gmm,0.1398260516381468,BULL_VOLATILE
2019-06-13,BULL_VOLATILE,0.6708453448422568,0.0005351031711274321,0.6446742771277741,AMBIGUOUS,dominant_gmm,0.1391469809409871,BULL_VOLATILE
2019-06-14,BULL_VOLATILE,0.9373884294505535,0.010348731794189452,0.6516623709622547,MOMENTUM,hurst_momentum_bull,0.13563041704418627,BULL_CALM
2019-06-17,BULL_VOLATILE,0.9355818861440153,0.003165803707826995,0.6335081827471518,AMBIGUOUS,dominant_gmm,0.13325427270914866,BULL_VOLATILE
2019-06-18,BULL_VOLATILE,0.6192220986554746,0.00037989245658162846,0.6503207321893789,MOMENTUM,hurst_momentum_bull,0.13470047057852655,BULL_CALM
2019-06-19,BULL_CALM,0.5767528782946838,0.00033908342547113056,0.6580612403541193,MOMENTUM,hurst_momentum_bull,0.13180520055605546,BULL_CALM
2019-06-20,BULL_CALM,0.6644986455150251,1.1705261204809068e-05,0.6943636663721657,MOMENTUM,hurst_momentum_bull,0.1340254858997589,BULL_CALM
2019-06-21,BULL_CALM,0.9241944979996025,3.400963716078375e-08,0.6944528827454196,MOMENTUM,hurst_momentum_bull,0.127283859083744,BULL_CALM
2019-06-24,BULL_CALM,0.7000561986484588,0.0005263006141814144,0.7014844261729075,MOMENTUM,hurst_momentum_bull,0.12782213532534514,BULL_CALM
2019-06-25,BULL_CALM,0.5766850900466601,0.002492580331930143,0.7248628774745484,MOMENTUM,hurst_momentum_bull,0.12842399982779154,BULL_CALM
2019-06-26,BULL_CALM,0.6645307423393291,0.004081745687240752,0.7306092143962212,MOMENTUM,hurst_momentum_bull,0.1249013350256024,BULL_CALM
2019-06-27,BULL_CALM,0.6361408227662853,0.00263961321066629,0.7194462850755892,MOMENTUM,hurst_momentum_bull,0.1249827407348392,BULL_CALM
2019-06-28,BULL_CALM,0.8640404419213832,0.00028818692392140445,0.709294614916076,MOMENTUM,hurst_momentum_bull,0.11062597470467496,BULL_CALM
2019-07-01,BULL_CALM,0.8690577441527941,0.0011441997629901785,0.7155096435890164,MOMENTUM,hurst_momentum_bull,0.11038670317062839,BULL_CALM
2019-07-02,BULL_CALM,0.9836680177635997,1.1932619243033604e-07,0.7330293999581657,MOMENTUM,hurst_momentum_bull,0.0876006472055267,BULL_CALM
2019-07-03,BULL_CALM,0.9908625500569407,9.941666687919355e-09,0.7510137156888768,MOMENTUM,hurst_momentum_bull,0.08703625723112697,BULL_CALM
2019-07-05,BULL_CALM,0.9948403122051507,1.491933374745015e-11,0.7682277685654026,MOMENTUM,hurst_momentum_bull,0.0868824385422271,BULL_CALM
2019-07-08,BULL_CALM,0.9997384047126348,1.2283283720796342e-19,0.782731709499773,MOMENTUM,hurst_momentum_bull,0.08620711066228483,BULL_CALM
2019-07-09,BULL_CALM,0.9999213323596884,3.520488368888112e-22,0.7930401724915151,MOMENTUM,hurst_momentum_bull,0.08547533476574956,BULL_CALM
2019-07-10,BULL_CALM,0.9999995085422482,2.29863181402915e-32,0.8080473203535222,MOMENTUM,hurst_momentum_bull,0.0860384053758848,BULL_CALM
2019-07-11,BULL_CALM,0.9999999951275396,2.3226140123556353e-43,0.8105717642210997,MOMENTUM,hurst_momentum_bull,0.08509475208007392,BULL_CALM
2019-07-12,BULL_CALM,0.9999999714082722,9.224839040263847e-39,0.8030433187028202,MOMENTUM,hurst_momentum_bull,0.08522688159736531,BULL_CALM
2019-07-15,BULL_CALM,0.9999996736454518,2.406036186370415e-33,0.7872820590845103,MOMENTUM,hurst_momentum_bull,0.08470776193164783,BULL_CALM
2019-07-16,BULL_CALM,0.9980919931659746,2.800621342183561e-13,0.7815810498357407,MOMENTUM,hurst_momentum_bull,0.08654817074996676,BULL_CALM
2019-07-17,BULL_CALM,0.9718691875771139,1.5545572489274688e-07,0.7715456965827433,MOMENTUM,hurst_momentum_bull,0.08526228325269582,BULL_CALM
2019-07-18,BULL_CALM,0.9227516313175061,2.1087911575767392e-05,0.7742251526720568,MOMENTUM,hurst_momentum_bull,0.08569895855864242,BULL_CALM
2019-07-19,BULL_CALM,0.9300937924399777,3.2122498609580223e-07,0.7561525855298263,MOMENTUM,hurst_momentum_bull,0.08238880066682666,BULL_CALM
2019-07-22,BULL_CALM,0.995256988018754,1.462311171692195e-12,0.7338828220676448,MOMENTUM,hurst_momentum_bull,0.07898638477900652,BULL_CALM
2019-07-23,BULL_CALM,0.9959993368443488,1.1032123857473426e-11,0.7108832707815408,MOMENTUM,hurst_momentum_bull,0.08186256606352933,BULL_CALM
2019-07-24,BULL_CALM,0.9989769188844598,1.0302582322031048e-14,0.7121312208307767,MOMENTUM,hurst_momentum_bull,0.07183075572210094,BULL_CALM
2019-07-25,BULL_CALM,0.9904181258282208,1.572380200351559e-10,0.7043609672949614,MOMENTUM,hurst_momentum_bull,0.07497754389108081,BULL_CALM
2019-07-26,BULL_CALM,0.9856510460747497,9.77629851569592e-09,0.6989439949182585,MOMENTUM,hurst_momentum_bull,0.07686100051690406,BULL_CALM
2019-07-29,BULL_CALM,0.9791631404956408,8.374445202969513e-08,0.6983150394017487,MOMENTUM,hurst_momentum_bull,0.07679753181419033,BULL_CALM
2019-07-30,BULL_CALM,0.9818748746135166,8.293448195840696e-08,0.6911577265348218,MOMENTUM,hurst_momentum_bull,0.07235710569614069,BULL_CALM
2019-07-31,BULL_CALM,0.9479700938585339,1.9453489920033137e-06,0.7139712274040443,MOMENTUM,hurst_momentum_bull,0.08318632296099629,BULL_CALM
2019-08-01,BULL_CALM,0.6803267650058492,3.0486840685109552e-05,0.7207702166396366,MOMENTUM,hurst_momentum_bull,0.08350602970906619,BULL_CALM
2019-08-02,BULL_CALM,0.7617393857627568,6.147222631122665e-10,0.7017731382242419,MOMENTUM,hurst_momentum_bull,0.08700630193439943,BULL_CALM
2019-08-05,BULL_VOLATILE,0.9999745380133872,2.4786925223575126e-05,0.7027211741519096,MOMENTUM,hard_bear,0.13464607281057991,BEAR
2019-08-06,BULL_VOLATILE,0.9999372246935904,4.483137339674649e-05,0.7135049860060388,MOMENTUM,hard_bear,0.14613398026684432,BEAR
2019-08-07,BULL_VOLATILE,0.9990277990204991,0.0009629952615048588,0.719923881357037,MOMENTUM,hard_bear,0.1444704120089082,BEAR
2019-08-08,BULL_VOLATILE,0.9981688960060732,0.0009663381029912416,0.753291612594531,MOMENTUM,hard_bear,0.16284621691560675,BEAR
2019-08-09,BULL_VOLATILE,0.9990775851083744,0.0008912950148229007,0.7569123687318631,MOMENTUM,hard_bear,0.16282427218447226,BEAR
2019-08-12,BULL_VOLATILE,0.9997395204088536,0.00026020971661607075,0.831845639852058,MOMENTUM,hurst_momentum_bull,0.16698280401196303,BULL_CALM
2019-08-13,BULL_VOLATILE,0.999989388488458,9.957141196790599e-08,0.8298822885199654,MOMENTUM,hurst_momentum_bull,0.17822613637104837,BULL_CALM
2019-08-14,BULL_VOLATILE,0.9999996382477071,3.6160022904873816e-07,0.8363085654683724,MOMENTUM,hard_bear,0.20420983396317735,BEAR
2019-08-15,BULL_VOLATILE,0.9999999913562162,1.990823020454664e-10,0.8447441902633255,MOMENTUM,hard_bear,0.2038471332234653,BEAR
2019-08-16,BULL_VOLATILE,0.9999990975632344,1.3077783649254256e-09,0.8312161362279425,MOMENTUM,hard_bear,0.2121881994783515,BEAR
2019-08-19,BULL_VOLATILE,0.9999577387226088,2.6541414245672434e-05,0.8265731638982233,MOMENTUM,hard_bear,0.21713394979775144,BEAR
2019-08-20,BULL_VOLATILE,0.9999891150368536,1.588037208981611e-07,0.8375628162583407,MOMENTUM,hard_bear,0.21625640754860442,BEAR
2019-08-21,BULL_VOLATILE,0.9999804994889883,1.8507037983453936e-08,0.8286141201879561,MOMENTUM,hurst_momentum_bull,0.21792024725595177,BULL_CALM
2019-08-22,BULL_VOLATILE,0.9999987025968614,5.8054921278452985e-09,0.8033058881615619,MOMENTUM,hurst_momentum_bull,0.2175850065782801,BULL_CALM
2019-08-23,BULL_VOLATILE,0.9999999996208948,1.0800020900945646e-10,0.7863606521518458,MOMENTUM,hurst_momentum_bull,0.23189131527164705,BULL_CALM
2019-08-26,BULL_VOLATILE,0.9999999627068555,7.695838621951596e-11,0.7749471360740052,MOMENTUM,hurst_momentum_bull,0.2370748562601487,BULL_CALM
2019-08-27,BULL_VOLATILE,0.999999999636809,7.497433272690138e-11,0.7497413274675535,MOMENTUM,hurst_momentum_bull,0.23715520057709757,BULL_CALM
2019-08-28,BULL_VOLATILE,0.999977347908249,2.2462054343970465e-05,0.7484334776179974,MOMENTUM,hurst_momentum_bull,0.23700337200110408,BULL_CALM
2019-08-29,BULL_VOLATILE,0.999987734859508,1.2149931487547743e-05,0.7247293379659827,MOMENTUM,hard_bear,0.2403983765549613,BEAR
2019-08-30,BULL_VOLATILE,0.9999990632995633,8.152049776492097e-07,0.72341646939131,MOMENTUM,hurst_momentum_bull,0.23887326783686594,BULL_CALM
2019-09-03,BULL_VOLATILE,0.9997861244760828,0.00020874132088310996,0.6946428274516424,MOMENTUM,hurst_momentum_bull,0.21231728674495617,BULL_CALM
2019-09-04,BULL_VOLATILE,0.999927345333804,1.0433214913199941e-05,0.683028058816372,MOMENTUM,hurst_momentum_bull,0.21039490280219245,BULL_CALM
2019-09-05,BULL_VOLATILE,0.999948420770474,2.173582224166888e-05,0.677130570093896,MOMENTUM,hurst_momentum_bull,0.21442270122845222,BULL_CALM
2019-09-06,BULL_VOLATILE,0.997825411180573,0.0019901995350552443,0.6677270642723395,MOMENTUM,hurst_momentum_bull,0.20378633106908894,BULL_CALM
2019-09-09,BULL_VOLATILE,0.9965891282648791,0.0033887046055842193,0.6528618355652226,MOMENTUM,hurst_momentum_bull,0.20179380610027,BULL_CALM
2019-09-10,BULL_VOLATILE,0.996908472357166,0.002778992198048738,0.6408799957407315,AMBIGUOUS,dominant_gmm,0.19566165749144127,BULL_VOLATILE
2019-09-11,BULL_VOLATILE,0.9970876373295003,0.0027868235387209627,0.633893850954243,AMBIGUOUS,dominant_gmm,0.1900000947860314,BULL_VOLATILE
2019-09-12,BULL_VOLATILE,0.9695072398762992,0.0034868367483201212,0.6268422490637561,AMBIGUOUS,dominant_gmm,0.1508022873984339,BULL_VOLATILE
2019-09-13,BULL_VOLATILE,0.8340065660611706,0.000920139043965134,0.6376182683651468,AMBIGUOUS,dominant_gmm,0.15136770920312886,BULL_VOLATILE
2019-09-16,BULL_VOLATILE,0.6628720776587358,0.0003548592837126964,0.6257499655305598,AMBIGUOUS,dominant_gmm,0.1459153842960038,BULL_VOLATILE
2019-09-17,BULL_VOLATILE,0.7514588947277552,0.0007567849961077565,0.6271858304907575,AMBIGUOUS,dominant_gmm,0.14101972855771386,BULL_VOLATILE
2019-09-18,BULL_CALM,0.5123016169611029,0.0004615771191575883,0.6314993686042322,AMBIGUOUS,dominant_gmm,0.13689966048721722,BULL_CALM
2019-09-19,BULL_CALM,0.5745350957374575,0.0009090496682249326,0.6867103325179875,MOMENTUM,hurst_momentum_bull,0.13502769088481453,BULL_CALM
2019-09-20,BULL_VOLATILE,0.5408837660583987,0.0008685032574808624,0.6740568402577177,MOMENTUM,hurst_momentum_bull,0.14028551747115536,BULL_CALM
2019-09-23,BULL_CALM,0.8525237407312889,0.0013161806782123256,0.6722498418957771,MOMENTUM,hurst_momentum_bull,0.09898099204487194,BULL_CALM
2019-09-24,BULL_CALM,0.6965927800767393,0.0036044107945693467,0.6821923507524303,MOMENTUM,hurst_momentum_bull,0.0995728803272319,BULL_CALM
2019-09-25,BULL_CALM,0.6717906589780053,0.0020377686442812582,0.6949114287345473,MOMENTUM,hurst_momentum_bull,0.09875978846561306,BULL_CALM
2019-09-26,BULL_CALM,0.5807627106374298,0.0033316013855018522,0.6862558753739554,MOMENTUM,hurst_momentum_bull,0.09771525174587412,BULL_CALM
2019-09-27,BULL_VOLATILE,0.5996206593656049,0.0045591656645838545,0.6766218218889993,MOMENTUM,hurst_momentum_bull,0.09070057917663796,BULL_CALM
2019-09-30,BULL_CALM,0.71493533281326,0.0024202812503344726,0.6845212273926748,MOMENTUM,hurst_momentum_bull,0.09178981032930386,BULL_CALM
2019-10-01,BULL_VOLATILE,0.9020759301713497,0.0032350775081814104,0.68597592294992,MOMENTUM,hurst_momentum_bull,0.09972151946566186,BULL_CALM
2019-10-02,BULL_VOLATILE,0.999918252124155,6.073352894677746e-07,0.6686598504968762,MOMENTUM,hurst_momentum_bull,0.1102723976881854,BULL_CALM
2019-10-03,BULL_VOLATILE,0.9893722331019579,1.0477522161948712e-09,0.682972687451155,MOMENTUM,hurst_momentum_bull,0.10353643902015999,BULL_CALM
2019-10-04,BULL_VOLATILE,0.6302062904517021,9.972312369840557e-07,0.6832231015980191,MOMENTUM,hurst_momentum_bull,0.11597978157600565,BULL_CALM
2019-10-07,BULL_VOLATILE,0.7739910104901051,4.5886346751939075e-07,0.6797810585823252,MOMENTUM,hurst_momentum_bull,0.11663153816791841,BULL_CALM
2019-10-08,BULL_VOLATILE,0.9854954861623805,0.00027369162561191086,0.680149140630796,MOMENTUM,hurst_momentum_bull,0.12768383459005872,BULL_CALM
2019-10-09,BULL_VOLATILE,0.955060401158753,2.6549876517095957e-06,0.6865510905749521,MOMENTUM,hurst_momentum_bull,0.1301012261603248,BULL_CALM
2019-10-10,BULL_VOLATILE,0.841812521789981,0.0010077184339780953,0.7013436615455116,MOMENTUM,hurst_momentum_bull,0.13227503788597475,BULL_CALM
2019-10-11,BULL_VOLATILE,0.649604147589889,0.0016222921891184455,0.697139594791719,MOMENTUM,hurst_momentum_bull,0.13864294196841165,BULL_CALM
2019-10-14,BULL_VOLATILE,0.5799893914011571,6.892543810020276e-09,0.6949421035561989,MOMENTUM,hurst_momentum_bull,0.13838157438025456,BULL_CALM
2019-10-15,BULL_CALM,0.7849845970329671,7.2180845361695966e-09,0.6952532650076796,MOMENTUM,hurst_momentum_bull,0.14303615964152808,BULL_CALM
2019-10-16,BULL_CALM,0.7622406912544092,1.6242391199353614e-08,0.6932666792051587,MOMENTUM,hurst_momentum_bull,0.1430662900656545,BULL_CALM
2019-10-17,BULL_CALM,0.7640081555918391,2.4870343155543304e-08,0.7086575827655378,MOMENTUM,hurst_momentum_bull,0.14356235736749334,BULL_CALM
2019-10-18,BULL_CALM,0.8200423841680325,5.318804441139305e-10,0.7007312292008417,MOMENTUM,hurst_momentum_bull,0.14048192784190916,BULL_CALM
2019-10-21,BULL_CALM,0.9783406539745967,2.482751012879156e-15,0.7034740244786978,MOMENTUM,hurst_momentum_bull,0.14252750615865004,BULL_CALM
2019-10-22,BULL_CALM,0.9841260621813523,6.1198103131513284e-15,0.7069314152426179,MOMENTUM,hurst_momentum_bull,0.1399437400784748,BULL_CALM
2019-10-23,BULL_CALM,0.9622219384686664,1.9994906185934288e-12,0.690967353245751,MOMENTUM,hurst_momentum_bull,0.13882211267926095,BULL_CALM
2019-10-24,BULL_CALM,0.5289036986128244,0.00014814489867208782,0.691876338994547,MOMENTUM,hurst_momentum_bull,0.13856181004213677,BULL_CALM
2019-10-25,BULL_CALM,0.5071694309567852,0.0007218764246940332,0.6900494169491915,MOMENTUM,hurst_momentum_bull,0.1372084751389024,BULL_CALM
2019-10-28,BULL_CALM,0.5856840006192272,6.904300599354166e-05,0.6902906102678638,MOMENTUM,hurst_momentum_bull,0.13759772735798825,BULL_CALM
2019-10-29,BULL_CALM,0.8277714538635611,6.7080991710564436e-06,0.6546130673167486,MOMENTUM,hurst_momentum_bull,0.12892853412685545,BULL_CALM
2019-10-30,BULL_CALM,0.8999461507569958,9.297290552902799e-05,0.6275521396993531,AMBIGUOUS,dominant_gmm,0.10670642873028119,BULL_CALM
2019-10-31,BULL_CALM,0.8959093702476106,0.00016631633011593704,0.6049586279150108,AMBIGUOUS,dominant_gmm,0.10630763317116596,BULL_CALM
2019-11-01,BULL_CALM,0.7978127741348251,0.0005156021491045729,0.6853869237333251,MOMENTUM,hurst_momentum_bull,0.10123070207605164,BULL_CALM
2019-11-04,BULL_CALM,0.9483850886528484,1.6350527569728783e-05,0.6675343364949872,MOMENTUM,hurst_momentum_bull,0.09864113747974984,BULL_CALM
2019-11-05,BULL_CALM,0.9676402061317647,4.267051792475897e-06,0.6711009153633805,MOMENTUM,hurst_momentum_bull,0.07411654215713528,BULL_CALM
2019-11-06,BULL_CALM,0.9882883178399982,1.9960517675410798e-07,0.6616210218162004,MOMENTUM,hurst_momentum_bull,0.07077127966091064,BULL_CALM
2019-11-07,BULL_CALM,0.9982297231374997,2.0866310652365292e-10,0.6497864577621333,AMBIGUOUS,dominant_gmm,0.06919467886425426,BULL_CALM
2019-11-08,BULL_CALM,0.9999958693084509,4.7462134292228416e-23,0.6445627293288724,AMBIGUOUS,dominant_gmm,0.0626497314384542,BULL_CALM
2019-11-11,BULL_CALM,0.9999994616852688,1.0468395465398753e-28,0.6466377931117029,AMBIGUOUS,dominant_gmm,0.06325238304019094,BULL_CALM
2019-11-12,BULL_CALM,0.9999921587093901,2.7931987442138883e-22,0.6631211576017091,MOMENTUM,hurst_momentum_bull,0.056086767956727034,BULL_CALM
2019-11-13,BULL_CALM,0.9999947855999115,1.7440635800128587e-23,0.6473044582991435,AMBIGUOUS,dominant_gmm,0.05499851750276011,BULL_CALM
2019-11-14,BULL_CALM,0.9999999994897917,3.240120177235881e-45,0.6862790268875837,MOMENTUM,hurst_momentum_bull,0.054828633891398686,BULL_CALM
2019-11-15,BULL_CALM,0.9999999990454094,5.5396327609595264e-45,0.7182552799372405,MOMENTUM,hurst_momentum_bull,0.05324717760285496,BULL_CALM
2019-11-18,BULL_CALM,0.9999999936074178,1.5106737667280288e-41,0.691669838722352,MOMENTUM,hurst_momentum_bull,0.050727592242326765,BULL_CALM
2019-11-19,BULL_CALM,0.9999987060828386,2.921387415077829e-28,0.7251728894014418,MOMENTUM,hurst_momentum_bull,0.047656334908510935,BULL_CALM
2019-11-20,BULL_CALM,0.9999944400481642,5.015426836659604e-26,0.7133576431054884,MOMENTUM,hurst_momentum_bull,0.05182820107609311,BULL_CALM
2019-11-21,BULL_CALM,0.9999591777511216,9.904325003124259e-23,0.7226149367893918,MOMENTUM,hurst_momentum_bull,0.05321751580767821,BULL_CALM
2019-11-22,BULL_CALM,0.9999863057890144,2.493296125009102e-25,0.7375626973101842,MOMENTUM,hurst_momentum_bull,0.0524764061372238,BULL_CALM
2019-11-25,BULL_CALM,0.9999734981351502,8.042538143353606e-22,0.7361652378392471,MOMENTUM,hurst_momentum_bull,0.055136719722970816,BULL_CALM
2019-11-26,BULL_CALM,0.9999900798022665,2.850445620498026e-24,0.7082297618155311,MOMENTUM,hurst_momentum_bull,0.05469128062171695,BULL_CALM
2019-11-27,BULL_CALM,0.9999977993767841,2.2567049060279994e-27,0.6949694635536238,MOMENTUM,hurst_momentum_bull,0.05534795211608392,BULL_CALM
2019-11-29,BULL_CALM,0.9999486428718554,1.2684201251983394e-20,0.6922008660294862,MOMENTUM,hurst_momentum_bull,0.05658600388569414,BULL_CALM
2019-12-02,BULL_CALM,0.998921614371275,3.12017980014572e-17,0.7060472221404189,MOMENTUM,hurst_momentum_bull,0.06043818926696139,BULL_CALM
2019-12-03,BULL_CALM,0.9843397514502891,7.838420370680013e-13,0.6901707968899548,MOMENTUM,hurst_momentum_bull,0.06491764094480523,BULL_CALM
2019-12-04,BULL_CALM,0.9830775809942613,9.67395468702557e-10,0.6547961227393991,MOMENTUM,hurst_momentum_bull,0.06780976837030164,BULL_CALM
2019-12-05,BULL_CALM,0.9781552279396332,2.5019375118888135e-07,0.6404234863004725,AMBIGUOUS,dominant_gmm,0.067886048238694,BULL_CALM
2019-12-06,BULL_CALM,0.9949021678257375,1.2869734994681713e-09,0.6721622516893991,MOMENTUM,hurst_momentum_bull,0.07355515096645898,BULL_CALM
2019-12-09,BULL_CALM,0.9967857877874368,7.980384969483253e-12,0.6779164420028134,MOMENTUM,hurst_momentum_bull,0.07484210619043763,BULL_CALM
2019-12-10,BULL_CALM,0.9885006653347449,1.4329048676196227e-10,0.6653596406453112,MOMENTUM,hurst_momentum_bull,0.07451236802406788,BULL_CALM
2019-12-11,BULL_CALM,0.8951390507519085,0.0015861185375586632,0.6721148671628269,MOMENTUM,hurst_momentum_bull,0.07472164885240122,BULL_CALM
2019-12-12,BULL_CALM,0.8979626090265612,0.002884530199531173,0.675317727971646,MOMENTUM,hurst_momentum_bull,0.07954795751705147,BULL_CALM
2019-12-13,BULL_CALM,0.9186615995425809,0.0012450467697114026,0.6702538597804056,MOMENTUM,hurst_momentum_bull,0.07958311675304282,BULL_CALM
2019-12-16,BULL_CALM,0.9787053614157983,1.5851933613669468e-06,0.6867727194186849,MOMENTUM,hurst_momentum_bull,0.0792275717631881,BULL_CALM
2019-12-17,BULL_CALM,0.9705061284357616,2.034150139085861e-06,0.6966796533368608,MOMENTUM,hurst_momentum_bull,0.07929200376932014,BULL_CALM
2019-12-18,BULL_CALM,0.9932469256426102,4.812522217227681e-09,0.7062258731254288,MOMENTUM,hurst_momentum_bull,0.07921389900765122,BULL_CALM
2019-12-19,BULL_CALM,0.9901691457114908,2.180700209352469e-08,0.68141167871068,MOMENTUM,hurst_momentum_bull,0.07758595333002688,BULL_CALM
2019-12-20,BULL_CALM,0.8945097438979496,0.0016719805718439422,0.6826368247010561,MOMENTUM,hurst_momentum_bull,0.07708386398579754,BULL_CALM
2019-12-23,BULL_CALM,0.96802473515566,8.762863400484354e-06,0.6877712606672471,MOMENTUM,hurst_momentum_bull,0.07705717256016692,BULL_CALM
2019-12-24,BULL_CALM,0.9097530639425266,0.0005369433042086153,0.6911988870653344,MOMENTUM,hurst_momentum_bull,0.07373295856256279,BULL_CALM
2019-12-26,BULL_CALM,0.9327949302164172,0.0001068439682186057,0.68539584419775,MOMENTUM,hurst_momentum_bull,0.07507829886846581,BULL_CALM
2019-12-27,BULL_CALM,0.9570093513963076,5.3141058987444756e-05,0.6743844313114347,MOMENTUM,hurst_momentum_bull,0.07439358024866094,BULL_CALM
2019-12-30,BULL_CALM,0.9576206000560736,3.914161447456064e-05,0.6863701263492362,MOMENTUM,hurst_momentum_bull,0.0762157230817218,BULL_CALM
2019-12-31,BULL_CALM,0.9907779233814279,6.035758068103274e-08,0.6427273606524938,AMBIGUOUS,dominant_gmm,0.06737057724474449,BULL_CALM
2020-01-02,BULL_CALM,0.9903739044434382,5.764235292769978e-08,0.649285284401628,AMBIGUOUS,dominant_gmm,0.06511342380786725,BULL_CALM
2020-01-03,BULL_CALM,0.9988396616618954,1.1480987248382504e-12,0.6566137059463065,MOMENTUM,hurst_momentum_bull,0.07248779533023163,BULL_CALM
2020-01-06,BULL_CALM,0.9981276787174056,2.6943375434647807e-11,0.698941208433682,MOMENTUM,hurst_momentum_bull,0.07286218708574678,BULL_CALM
2020-01-07,BULL_CALM,0.9975649631951493,4.258598793274163e-11,0.677435692295589,MOMENTUM,hurst_momentum_bull,0.06925019468563207,BULL_CALM
2020-01-08,BULL_CALM,0.9983322181101103,4.5326382414621993e-11,0.7237307025235522,MOMENTUM,hurst_momentum_bull,0.0686606170969946,BULL_CALM
2020-01-09,BULL_CALM,0.998432342152304,2.220235409822438e-11,0.6679590237610565,MOMENTUM,hurst_momentum_bull,0.07012313103431818,BULL_CALM
2020-01-10,BULL_CALM,0.9999634118274894,7.361324694253098e-21,0.620751316656422,AMBIGUOUS,dominant_gmm,0.07218775274731952,BULL_CALM
2020-01-13,BULL_CALM,0.9999999986814896,4.9621867925278405e-45,0.5848922048732385,AMBIGUOUS,dominant_gmm,0.0702361025561504,BULL_CALM
2020-01-14,BULL_CALM,0.9999999970803621,7.545740787769748e-42,0.5828259615714817,AMBIGUOUS,dominant_gmm,0.07107243840119243,BULL_CALM
2020-01-15,BULL_CALM,0.9999999929996559,2.0840954139625144e-39,0.6380711929458501,AMBIGUOUS,dominant_gmm,0.06835502927666257,BULL_CALM
2020-01-16,BULL_CALM,0.9999999665397714,2.1031813549302333e-36,0.6269138510721172,AMBIGUOUS,dominant_gmm,0.072495981432764,BULL_CALM
2020-01-17,BULL_CALM,0.9999999963660009,9.09032750457924e-41,0.6328492451401364,AMBIGUOUS,dominant_gmm,0.07235906280421663,BULL_CALM
2020-01-21,BULL_CALM,0.9999995088991009,1.3219040997999786e-29,0.6187977780498182,AMBIGUOUS,dominant_gmm,0.07311795226371146,BULL_CALM
2020-01-22,BULL_CALM,0.999998930165512,1.1896703522365148e-27,0.6525220287859748,MOMENTUM,hurst_momentum_bull,0.07290208629134906,BULL_CALM
2020-01-23,BULL_CALM,0.999998959352093,4.762513964620516e-28,0.6521799886444197,MOMENTUM,hurst_momentum_bull,0.07292230058690369,BULL_CALM
2020-01-24,BULL_CALM,0.9993478564870891,2.5389362668281773e-15,0.6602728725124746,MOMENTUM,hurst_momentum_bull,0.08183622667437819,BULL_CALM
2020-01-27,BULL_CALM,0.8042384220439818,4.630741661928281e-06,0.6594091005761717,MOMENTUM,hurst_momentum_bull,0.10045607546469994,BULL_CALM
2020-01-28,BULL_CALM,0.8930557823622342,1.0783478028681206e-06,0.633971286843406,AMBIGUOUS,vol_cluster_choppy,0.10696116826620035,CHOPPY
2020-01-29,BULL_CALM,0.9519785496388252,4.0408134210017e-09,0.6449648419341896,AMBIGUOUS,vol_cluster_choppy,0.10465276069292562,CHOPPY
2020-01-30,BULL_CALM,0.9595756844730362,4.100147730454573e-09,0.6404105708879494,AMBIGUOUS,vol_cluster_choppy,0.10485326147795859,CHOPPY
2020-01-31,BULL_VOLATILE,0.9737628703390239,2.072237014379636e-06,0.6439605226067519,AMBIGUOUS,vol_cluster_choppy,0.11989443221193193,CHOPPY
2020-02-03,BULL_VOLATILE,0.891093295200299,4.024343460899268e-07,0.6611350418449865,MOMENTUM,hurst_momentum_vol_cluster_choppy,0.11991335697961535,CHOPPY
2020-02-04,BULL_VOLATILE,0.5746659874397938,9.232247891198718e-07,0.6690947066183404,MOMENTUM,hurst_momentum_vol_cluster_choppy,0.13073692609657656,CHOPPY
2020-02-05,BULL_CALM,0.5356976328772932,1.1518813085000074e-05,0.6658440349278582,MOMENTUM,hurst_momentum_bull,0.13524241194542272,BULL_CALM
2020-02-06,BULL_CALM,0.6439055804163083,1.7524748391683851e-06,0.6668770287437411,MOMENTUM,hurst_momentum_bull,0.13469889161432735,BULL_CALM
2020-02-07,BULL_CALM,0.8306031853677398,4.057302812750905e-09,0.6671553465398976,MOMENTUM,hurst_momentum_bull,0.13523986625601428,BULL_CALM
2020-02-10,BULL_CALM,0.9037167050673003,1.397538933300039e-09,0.6728193436352274,MOMENTUM,hurst_momentum_bull,0.1364093463398311,BULL_CALM
2020-02-11,BULL_CALM,0.8852715723935108,1.498329973746537e-08,0.6774839006800186,MOMENTUM,hurst_momentum_bull,0.13488055527934753,BULL_CALM
2020-02-12,BULL_CALM,0.5270774493350486,9.709359463384032e-05,0.6831501281026715,MOMENTUM,hurst_momentum_bull,0.13575723963688766,BULL_CALM
2020-02-13,BULL_VOLATILE,0.6554431821226065,0.0037458888404677607,0.6778082690808709,MOMENTUM,hurst_momentum_bull,0.13603517742451446,BULL_CALM
2020-02-14,BULL_VOLATILE,0.9463700934661968,0.006361064156100118,0.6898681595158004,MOMENTUM,hurst_momentum_bull,0.13355110033124126,BULL_CALM
2020-02-18,BULL_VOLATILE,0.8704296552689562,0.0048941096244738864,0.6950606134378562,MOMENTUM,hurst_momentum_bull,0.13390291749356123,BULL_CALM
2020-02-19,BULL_VOLATILE,0.6530794099171947,0.0023464824709282035,0.692712368195353,MOMENTUM,hurst_momentum_bull,0.1342323051595054,BULL_CALM
2020-02-20,BULL_CALM,0.510873195965055,0.002187019012613559,0.7000443101384352,MOMENTUM,hurst_momentum_bull,0.13546930694014991,BULL_CALM
2020-02-21,BULL_VOLATILE,0.7772047677591027,0.0029495749992467777,0.7003552397695062,MOMENTUM,hurst_momentum_bull,0.14113729256372495,BULL_CALM
2020-02-24,BULL_VOLATILE,0.9844694708852497,0.015523836914801442,0.713459054157752,MOMENTUM,hard_bear,0.1823826588237641,BEAR
2020-02-25,BULL_VOLATILE,0.9399233544287444,0.060076645564618364,0.7218520985502197,MOMENTUM,hard_bear,0.20384782753287317,BEAR
2020-02-26,BULL_VOLATILE,0.9155010599360335,0.08449894006291733,0.7128923712597468,MOMENTUM,hard_bear,0.19883091620199378,BEAR
2020-02-27,BEAR,0.9559907784404986,0.9559907784404986,0.7222650350117498,MOMENTUM,hard_bear,0.24952006453419798,BEAR
2020-02-28,BEAR,0.9821061448278718,0.9821061448278718,0.7313714733281311,MOMENTUM,hard_bear,0.24783394851551346,BEAR
2020-03-02,BEAR,0.8847302980764377,0.8847302980764377,0.7455339349841401,MOMENTUM,hard_bear,0.29567269963115606,BEAR
2020-03-03,BEAR,0.978984931649493,0.978984931649493,0.7296970332912298,MOMENTUM,hard_bear,0.3081313522398667,BEAR
2020-03-04,BEAR,0.5359364240227554,0.5359364240227554,0.698150737276043,MOMENTUM,hard_bear,0.3426475842953892,BEAR
2020-03-05,BEAR,0.7768858355913331,0.7768858355913331,0.7180923368413125,MOMENTUM,hard_bear,0.3552912299541989,BEAR
2020-03-06,BEAR,0.9419532276596903,0.9419532276596903,0.684748891839746,MOMENTUM,hard_bear,0.35643800933834285,BEAR
2020-03-09,BEAR,0.9999999712770814,0.9999999712770814,0.6991593016961792,MOMENTUM,hard_bear,0.43973520261870985,BEAR
2020-03-10,BEAR,0.9996233245966786,0.9996233245966786,0.6788375011466189,MOMENTUM,hard_bear,0.48745634449778086,BEAR
2020-03-11,BEAR,0.9999999981132688,0.9999999981132688,0.7013855717366232,MOMENTUM,hard_bear,0.5080205110637688,BEAR
2020-03-12,BEAR,0.9999999999999996,0.9999999999999996,0.7221251212466604,MOMENTUM,hard_bear,0.5885105527243012,BEAR
2020-03-13,BEAR,0.9999999999998463,0.9999999999998463,0.7164482411482752,MOMENTUM,hard_bear,0.6868634898292185,BEAR
2020-03-16,BEAR,1.0,1.0,0.6974604535802367,MOMENTUM,hard_bear,0.7695200775116309,BEAR
2020-03-17,BEAR,1.0,1.0,0.7163049723804156,MOMENTUM,hard_bear,0.8076768494486449,BEAR
2020-03-18,BEAR,1.0,1.0,0.7024406827586518,MOMENTUM,hard_bear,0.8154263048871478,BEAR
2020-03-19,BEAR,1.0,1.0,0.7077813787436286,MOMENTUM,hard_bear,0.8169058741269605,BEAR
2020-03-20,BEAR,1.0,1.0,0.7118107668738826,MOMENTUM,hard_bear,0.8250249851903404,BEAR
2020-03-23,BEAR,1.0,1.0,0.7086188300527088,MOMENTUM,hard_bear,0.8235342680661993,BEAR
2020-03-24,BEAR,1.0,1.0,0.7041610426049186,MOMENTUM,hard_bear,0.9053604827926556,BEAR
2020-03-25,BEAR,1.0,1.0,0.7008989468805881,MOMENTUM,hard_bear,0.9097527740939825,BEAR
2020-03-26,BEAR,1.0,1.0,0.692547423907565,MOMENTUM,hard_bear,0.9308352722841209,BEAR
2020-03-27,BEAR,1.0,1.0,0.6803571556702768,MOMENTUM,hard_bear,0.9350233587185398,BEAR
2020-03-30,BEAR,1.0,1.0,0.6807467764425963,MOMENTUM,hard_bear,0.9281954743548657,BEAR
2020-03-31,BEAR,1.0,1.0,0.7015644885468456,MOMENTUM,hard_bear,0.9251596383000475,BEAR
2020-04-01,BEAR,1.0,1.0,0.6901924921964825,MOMENTUM,hard_bear,0.9168068883516035,BEAR
2020-04-02,BEAR,1.0,1.0,0.6872078502052305,MOMENTUM,hard_bear,0.919925761522446,BEAR
2020-04-03,BEAR,1.0,1.0,0.6971985727693599,MOMENTUM,hard_bear,0.9196851368719378,BEAR
2020-04-06,BEAR,1.0,1.0,0.6958393152494593,MOMENTUM,hard_bear,0.9161387890074265,BEAR
2020-04-07,BEAR,1.0,1.0,0.7074296944653976,MOMENTUM,hard_bear,0.895495812009049,BEAR
2020-04-08,BEAR,1.0,1.0,0.6875598474283231,MOMENTUM,hard_bear,0.8869589719953727,BEAR
2020-04-09,BEAR,1.0,1.0,0.6703755307178535,MOMENTUM,hard_bear,0.8099221582412269,BEAR
2020-04-13,BEAR,1.0,1.0,0.6854218788621127,MOMENTUM,hard_bear,0.7561340207321976,BEAR
2020-04-14,BEAR,0.9999999999998552,0.9999999999998552,0.6864391651359703,MOMENTUM,hard_bear,0.6351203129785211,BEAR
2020-04-15,BEAR,0.9999999999622156,0.9999999999622156,0.7041297690282178,MOMENTUM,hard_bear,0.6207270688144645,BEAR
2020-04-16,BEAR,0.9999999997208671,0.9999999997208671,0.7099586355047359,MOMENTUM,hard_bear,0.5844435846002665,BEAR
2020-04-17,BEAR,0.9999999999740654,0.9999999999740654,0.7301111292934885,MOMENTUM,hard_bear,0.5876773509523879,BEAR
2020-04-20,BEAR,0.9999999998103992,0.9999999998103992,0.7480617993301785,MOMENTUM,hard_bear,0.55642662996834,BEAR
2020-04-21,BEAR,0.9999999928295251,0.9999999928295251,0.74861595834695,MOMENTUM,hard_bear,0.5608495758660441,BEAR
2020-04-22,BEAR,0.9999791279024237,0.9999791279024237,0.7561703360721255,MOMENTUM,hard_bear,0.4781641198603507,BEAR
2020-04-23,BEAR,0.9999700687102464,0.9999700687102464,0.7580019569960278,MOMENTUM,hard_bear,0.47796369676688993,BEAR
2020-04-24,BEAR,0.998793972467198,0.998793972467198,0.747914674353792,MOMENTUM,hard_bear,0.43848681433340786,BEAR
2020-04-27,BULL_VOLATILE,0.830191000270229,0.16980899972977104,0.7316555428140508,MOMENTUM,hard_bear,0.4205243583369014,BEAR
2020-04-28,BULL_VOLATILE,0.9868943739946785,0.01310562600532147,0.7268101734565866,MOMENTUM,hard_bear,0.41072252481561017,BEAR
2020-04-29,BULL_VOLATILE,0.9999896544099607,1.0345590039457984e-05,0.7237583341823021,MOMENTUM,hard_bear,0.4105667450089808,BEAR
2020-04-30,BULL_VOLATILE,0.9999999999999882,1.1701287670217735e-14,0.7272182383217396,MOMENTUM,hard_bear,0.36821956907884185,BEAR
2020-05-01,BULL_VOLATILE,0.9998465554088334,0.00015344459116669516,0.7086850317575274,MOMENTUM,hard_bear,0.38399092065078605,BEAR
2020-05-04,BULL_VOLATILE,0.9988542172426551,0.0011457827573448617,0.6871987202906752,MOMENTUM,hard_bear,0.37656693266087826,BEAR
2020-05-05,BULL_VOLATILE,0.9999860375381554,1.3962461842802486e-05,0.6814038968999772,MOMENTUM,hard_bear,0.3025775617859285,BEAR
2020-05-06,BULL_VOLATILE,0.9998958437894503,0.00010415621054940458,0.6546181726274216,MOMENTUM,hurst_momentum_bull,0.30487183188095607,BULL_CALM
2020-05-07,BULL_VOLATILE,0.9999987242299393,1.275769441760907e-06,0.6239582355332183,AMBIGUOUS,dominant_gmm,0.2858584809199194,BULL_VOLATILE
2020-05-08,BULL_VOLATILE,0.9999797343172804,2.026568234348784e-05,0.6089190215445478,AMBIGUOUS,dominant_gmm,0.28667491704274245,BULL_VOLATILE
2020-05-11,BULL_VOLATILE,0.9999492105519802,5.0789447490160085e-05,0.6038988287184215,AMBIGUOUS,dominant_gmm,0.2834826902112957,BULL_VOLATILE
2020-05-12,BULL_VOLATILE,0.999935097786611,6.490221283126782e-05,0.5861263474848459,AMBIGUOUS,dominant_gmm,0.27670627710518714,BULL_VOLATILE
2020-05-13,BULL_VOLATILE,0.9969571699071078,0.0030428300928921482,0.5774726449499742,AMBIGUOUS,hard_bear,0.2732344667246679,BEAR
2020-05-14,BULL_VOLATILE,0.97087078547973,0.029129214520235723,0.5687305792616979,AMBIGUOUS,hard_bear,0.2757847462201494,BEAR
2020-05-15,BULL_VOLATILE,0.9860069847877068,0.013993014723795775,0.5792117336209142,AMBIGUOUS,dominant_gmm,0.258899429561794,BULL_VOLATILE
2020-05-18,BULL_VOLATILE,0.98949102795803,0.01050897202589287,0.5769066258651767,AMBIGUOUS,hard_bear,0.27129908235121086,BEAR
2020-05-19,BULL_VOLATILE,0.9920847551812997,0.007915231843260859,0.5801695627285457,AMBIGUOUS,hard_bear,0.24736971850779355,BEAR
2020-05-20,BULL_VOLATILE,0.9939597693816928,0.006040217396117111,0.5876710024489411,AMBIGUOUS,dominant_gmm,0.2427913226618171,BULL_VOLATILE
2020-05-21,BULL_VOLATILE,0.9984511553111058,0.0015487376536076943,0.6072311140991931,AMBIGUOUS,hard_bear,0.24521607049822067,BEAR
2020-05-22,BULL_VOLATILE,0.9993146004973644,0.000684946109602516,0.6209501916609628,AMBIGUOUS,hard_bear,0.24170746176564173,BEAR
2020-05-26,BULL_VOLATILE,0.9955048880634881,0.004494894864203629,0.6444649800156889,AMBIGUOUS,dominant_gmm,0.24042008174802032,BULL_VOLATILE
2020-05-27,BULL_VOLATILE,0.9956708059402438,0.004329192862285424,0.6295533991495924,AMBIGUOUS,dominant_gmm,0.24308061023511549,BULL_VOLATILE
2020-05-28,BULL_VOLATILE,0.9720586345838034,0.02794136507863925,0.6611849932441074,MOMENTUM,hurst_momentum_bull,0.22771778479223054,BULL_CALM
2020-05-29,BULL_VOLATILE,0.9960804770009386,0.003919503407597746,0.6641976013270501,MOMENTUM,hurst_momentum_bull,0.22407416361612925,BULL_CALM
2020-06-01,BULL_VOLATILE,0.998167755023233,0.001829424639916463,0.6428908539023245,AMBIGUOUS,dominant_gmm,0.1963424649262788,BULL_VOLATILE
2020-06-02,BULL_VOLATILE,0.9930520840505294,0.006875568082476309,0.6503332091681299,MOMENTUM,hurst_momentum_bull,0.19687542910121095,BULL_CALM
2020-06-03,BULL_VOLATILE,0.9849954710335254,0.015004078194098056,0.655256084631592,MOMENTUM,hurst_momentum_bull,0.19877021087389493,BULL_CALM
2020-06-04,BULL_VOLATILE,0.9988044397511545,0.0011002719910883042,0.6384249881543475,AMBIGUOUS,dominant_gmm,0.196194591109441,BULL_VOLATILE
2020-06-05,BULL_VOLATILE,0.9990900597197296,0.0009099259848478783,0.6354308959145436,AMBIGUOUS,dominant_gmm,0.20852548870974433,BULL_VOLATILE
2020-06-08,BULL_VOLATILE,0.9451707559114977,0.054829244030919065,0.6458214729313986,AMBIGUOUS,dominant_gmm,0.2059249793872615,BULL_VOLATILE
2020-06-09,BULL_VOLATILE,0.9867686330166004,0.013231332479494635,0.6679035510164363,MOMENTUM,hurst_momentum_bull,0.21009074549037063,BULL_CALM
2020-06-10,BULL_VOLATILE,0.9997048601055,4.328565711524926e-05,0.6589062901013689,MOMENTUM,hurst_momentum_bull,0.19326805463087918,BULL_CALM
2020-06-11,BULL_VOLATILE,0.9423901696753043,0.05760983032467008,0.6743187816543099,MOMENTUM,hard_bear,0.286316098113003,BEAR
2020-06-12,BULL_VOLATILE,0.9434977439686532,0.056502256031151964,0.6911142909682715,MOMENTUM,hard_bear,0.28631940557882885,BEAR
2020-06-15,BULL_VOLATILE,0.9749230165757211,0.025076983424185753,0.6563686283176933,MOMENTUM,hard_bear,0.28706878720069634,BEAR
2020-06-16,BULL_VOLATILE,0.9765740846471712,0.0234259153459987,0.7033874506563184,MOMENTUM,hard_bear,0.2757240451282106,BEAR
2020-06-17,BULL_VOLATILE,0.9698867542970878,0.0301132456991321,0.6826263687558032,MOMENTUM,hard_bear,0.2726253354182435,BEAR
2020-06-18,BULL_VOLATILE,0.9691440432042366,0.030855956728705104,0.6741595649043105,MOMENTUM,hurst_momentum_bull,0.2679900048357428,BULL_CALM
2020-06-19,BULL_VOLATILE,0.9211100422628341,0.07888995773714634,0.6768488691506708,MOMENTUM,hurst_momentum_bull,0.26970716074081286,BULL_CALM
2020-06-22,BULL_VOLATILE,0.9674730563763282,0.032526943623671624,0.6772189105595913,MOMENTUM,hurst_momentum_bull,0.2700669314913754,BULL_CALM
2020-06-23,BULL_VOLATILE,0.9998829152494451,0.00011708475055079918,0.6298036374532954,AMBIGUOUS,dominant_gmm,0.2677810761040018,BULL_VOLATILE
2020-06-24,BULL_VOLATILE,0.9875161111856273,0.012483888814372693,0.6407552933001425,AMBIGUOUS,dominant_gmm,0.28061282506688606,BULL_VOLATILE
2020-06-25,BULL_VOLATILE,0.9998921463947481,0.00010785360463694125,0.6877891125285606,MOMENTUM,hurst_momentum_bull,0.28290775110742267,BULL_CALM
2020-06-26,BULL_VOLATILE,0.9994782617177654,0.0005217382822344657,0.675503542731215,MOMENTUM,hard_bear,0.2956018793823964,BEAR
2020-06-29,BULL_VOLATILE,0.9990679945722825,0.0009320054277175843,0.701514196140897,MOMENTUM,hard_bear,0.3001762236738339,BEAR
2020-06-30,BULL_VOLATILE,0.9895711538125893,0.010428846187410627,0.6867147933880374,MOMENTUM,hard_bear,0.3022577917477881,BEAR
2020-07-01,BULL_VOLATILE,0.9952372849017082,0.0047627150982469365,0.6926060698786725,MOMENTUM,hard_bear,0.2994530306731111,BEAR
2020-07-02,BULL_VOLATILE,0.954590015996206,0.045409984003782766,0.697925273060486,MOMENTUM,hurst_momentum_bull,0.29993215664081546,BULL_CALM
2020-07-06,BULL_VOLATILE,0.9406759350297836,0.05932406496998531,0.7032664150085081,MOMENTUM,hurst_momentum_bull,0.29055704699584495,BULL_CALM
2020-07-07,BULL_VOLATILE,0.994275393813999,0.005724606184056898,0.6288562715652762,AMBIGUOUS,dominant_gmm,0.28887100380340036,BULL_VOLATILE
2020-07-08,BULL_VOLATILE,0.9980441278533243,0.0019558721437090295,0.65912320614003,MOMENTUM,hurst_momentum_bull,0.28958834551451046,BULL_CALM
2020-07-09,BULL_VOLATILE,0.985418687816697,0.014581312182726314,0.6458689178509177,AMBIGUOUS,dominant_gmm,0.28961457366638194,BULL_VOLATILE
2020-07-10,BULL_VOLATILE,0.9967020717423232,0.0030288524723704503,0.6390775757310756,AMBIGUOUS,dominant_gmm,0.19785992225644347,BULL_VOLATILE
2020-07-13,BULL_VOLATILE,0.9976844285193558,0.00227671217841245,0.6446592354756251,AMBIGUOUS,dominant_gmm,0.19875851718579335,BULL_VOLATILE
2020-07-14,BULL_VOLATILE,0.9972187771339247,0.0027527977592681193,0.646797796249478,AMBIGUOUS,dominant_gmm,0.20098575085398057,BULL_VOLATILE
2020-07-15,BULL_VOLATILE,0.9992349503697565,4.474146576502882e-05,0.6579367214939968,MOMENTUM,hurst_momentum_bull,0.19251229842056902,BULL_CALM
2020-07-16,BULL_VOLATILE,0.9977859600418671,2.0741750206433945e-05,0.6445847177999129,AMBIGUOUS,dominant_gmm,0.19220280658669503,BULL_VOLATILE
2020-07-17,BULL_VOLATILE,0.9974483903648712,2.4685442606795847e-05,0.6546428949641806,MOMENTUM,hurst_momentum_bull,0.19221398159045777,BULL_CALM
2020-07-20,BULL_VOLATILE,0.9946642367746579,4.161515541074446e-05,0.6690867043308677,MOMENTUM,hurst_momentum_bull,0.18830492080116473,BULL_CALM
2020-07-21,BULL_VOLATILE,0.9968859005127314,0.0018226999707106845,0.7377345609749114,MOMENTUM,hurst_momentum_bull,0.18775132066291775,BULL_CALM
2020-07-22,BULL_VOLATILE,0.9966918474744871,0.0014760810410821468,0.7073604465729657,MOMENTUM,hurst_momentum_bull,0.18796547337474406,BULL_CALM
2020-07-23,BULL_VOLATILE,0.9153254981261799,0.00021321251848667618,0.7213274905542661,MOMENTUM,hurst_momentum_bull,0.166152469060774,BULL_CALM
2020-07-24,BULL_VOLATILE,0.9302055819175101,0.0012607184515348088,0.7160635874665885,MOMENTUM,hurst_momentum_bull,0.1668331373219237,BULL_CALM
2020-07-27,BULL_VOLATILE,0.6133257483358837,0.001213417657683212,0.7036907084481046,MOMENTUM,hurst_momentum_bull,0.13637560531964696,BULL_CALM
2020-07-28,BULL_CALM,0.709381859151569,0.0002858530755802715,0.6989532135428372,MOMENTUM,hurst_momentum_bull,0.13443333960713558,BULL_CALM
2020-07-29,BULL_CALM,0.778791606844745,0.00013916055359852563,0.6971887902226342,MOMENTUM,hurst_momentum_bull,0.13393561382172012,BULL_CALM
2020-07-30,BULL_CALM,0.796765573066284,9.920277603066558e-05,0.6829868007125047,MOMENTUM,hurst_momentum_bull,0.13466739285796042,BULL_CALM
2020-07-31,BULL_CALM,0.8562860082524442,1.7925187786889055e-05,0.6765027287001975,MOMENTUM,hurst_momentum_bull,0.13572239997197577,BULL_CALM
2020-08-03,BULL_CALM,0.9629918816418186,7.545194865986184e-09,0.6820110747209377,MOMENTUM,hurst_momentum_bull,0.12792626972797186,BULL_CALM
2020-08-04,BULL_CALM,0.9932045356465183,4.340447794631643e-12,0.6918374549805649,MOMENTUM,hurst_momentum_bull,0.11967876805850738,BULL_CALM
2020-08-05,BULL_CALM,0.9968487750028584,3.0795087257225743e-14,0.678918349782109,MOMENTUM,hurst_momentum_bull,0.11897461911650091,BULL_CALM
2020-08-06,BULL_CALM,0.9990963584774699,9.211657083799096e-17,0.7024396059928333,MOMENTUM,hurst_momentum_bull,0.11575603825797273,BULL_CALM
2020-08-07,BULL_CALM,0.9977752652828504,3.0493202418147922e-15,0.7304710544820173,MOMENTUM,hurst_momentum_bull,0.11289802405575122,BULL_CALM
2020-08-10,BULL_CALM,0.998823215780507,1.960113887746194e-15,0.722096876600613,MOMENTUM,hurst_momentum_bull,0.10472306584404939,BULL_CALM
2020-08-11,BULL_CALM,0.998413350617801,1.496079925871871e-14,0.6878806204834451,MOMENTUM,hurst_momentum_bull,0.1056100581235729,BULL_CALM
2020-08-12,BULL_CALM,0.9638562238331478,1.3659948643580905e-08,0.6929086727874282,MOMENTUM,hurst_momentum_bull,0.11102074880584888,BULL_CALM
2020-08-13,BULL_CALM,0.9715450179203006,3.544308228543809e-09,0.6989445009917165,MOMENTUM,hurst_momentum_bull,0.11013351583879437,BULL_CALM
2020-08-14,BULL_CALM,0.9964424639815782,1.1965333589695504e-12,0.7015319165668162,MOMENTUM,hurst_momentum_bull,0.11045416308767071,BULL_CALM
2020-08-17,BULL_CALM,0.9996598048397128,1.2381393989091851e-17,0.7115611183255244,MOMENTUM,hurst_momentum_bull,0.10841527102365553,BULL_CALM
2020-08-18,BULL_CALM,0.9999164048338953,4.401878186795252e-21,0.7132449212094384,MOMENTUM,hurst_momentum_bull,0.10841553790339235,BULL_CALM
2020-08-19,BULL_CALM,0.9952974003467474,6.039500057894939e-12,0.6987935487408152,MOMENTUM,hurst_momentum_bull,0.10969542062109847,BULL_CALM
2020-08-20,BULL_CALM,0.9999810819093303,7.4887768494386e-23,0.7041194203484599,MOMENTUM,hurst_momentum_bull,0.09741946033541254,BULL_CALM
2020-08-21,BULL_CALM,0.9999942869933908,6.117295857305387e-25,0.7006166481197654,MOMENTUM,hurst_momentum_bull,0.09177029773021585,BULL_CALM
2020-08-24,BULL_CALM,0.9999973564804838,8.523992899446713e-27,0.6811250026794765,MOMENTUM,hurst_momentum_bull,0.0941232396473931,BULL_CALM
2020-08-25,BULL_CALM,0.9999994109624982,7.894074902344938e-30,0.6686075995517425,MOMENTUM,hurst_momentum_bull,0.08744179207997246,BULL_CALM
2020-08-26,BULL_CALM,0.9999994343669723,2.4986481145321104e-30,0.6664346835941293,MOMENTUM,hurst_momentum_bull,0.08472840252435762,BULL_CALM
2020-08-27,BULL_CALM,0.9999995700040282,1.1796770554411727e-30,0.66399933311936,MOMENTUM,hurst_momentum_bull,0.08086397108578708,BULL_CALM
2020-08-28,BULL_CALM,0.9999999280796773,1.5812236802713829e-34,0.6657759162954758,MOMENTUM,hurst_momentum_bull,0.08001432690578118,BULL_CALM
2020-08-31,BULL_CALM,0.9999999999617282,7.794170343460944e-53,0.65003114551861,MOMENTUM,hurst_momentum_bull,0.08284603908986853,BULL_CALM
2020-09-01,BULL_CALM,0.999999999999982,1.1271939963136096e-70,0.6369696231748384,AMBIGUOUS,dominant_gmm,0.08586609286964625,BULL_CALM
2020-09-02,BULL_CALM,0.9999999999999334,6.372684058213498e-69,0.6533441978068245,MOMENTUM,hurst_momentum_bull,0.09414667589200881,BULL_CALM
2020-09-03,BULL_CALM,0.9999994698606435,1.7721773061278716e-51,0.6288099513626263,AMBIGUOUS,hard_bear,0.1641061113835685,BEAR
2020-09-04,BULL_CALM,0.9956757673537525,2.0219649394002091e-35,0.6408349170290177,AMBIGUOUS,hard_bear,0.16778456984725756,BEAR
2020-09-08,BULL_VOLATILE,0.9999972732434627,1.7706180181862788e-35,0.625397857300252,AMBIGUOUS,hard_bear,0.19575265316888557,BEAR
2020-09-09,BULL_VOLATILE,0.9998659232271933,7.264153776586598e-32,0.6194103033559294,AMBIGUOUS,hard_bear,0.2056093408080107,BEAR
2020-09-10,BULL_VOLATILE,0.9999999998287987,6.303600716671875e-16,0.70237982441392,MOMENTUM,hard_bear,0.20970516688879234,BEAR
2020-09-11,BULL_VOLATILE,0.9999999999201825,3.4459422005263893e-15,0.7011914083902097,MOMENTUM,hard_bear,0.20966671857198174,BEAR
2020-09-14,BULL_VOLATILE,0.9999999996660811,1.8921463537407264e-15,0.7020242981080133,MOMENTUM,hard_bear,0.2150842279577243,BEAR
2020-09-15,BULL_VOLATILE,0.9999999933621562,7.919486633224654e-14,0.7353157000033801,MOMENTUM,hurst_momentum_bull,0.21551634386336616,BULL_CALM
2020-09-16,BULL_VOLATILE,0.9999999999642843,1.0784080666674376e-12,0.7277688169155366,MOMENTUM,hurst_momentum_bull,0.21595822051765015,BULL_CALM
2020-09-17,BULL_VOLATILE,0.9999999998754026,1.2459696908748246e-10,0.7298249635588913,MOMENTUM,hurst_momentum_bull,0.2177933781499217,BULL_CALM
2020-09-18,BULL_VOLATILE,0.9999999999097775,8.964191708191713e-11,0.6933080569804575,MOMENTUM,hurst_momentum_bull,0.22402459964905558,BULL_CALM
2020-09-21,BULL_VOLATILE,0.9999999998029476,1.9697194546753424e-10,0.7207268027610938,MOMENTUM,hurst_momentum_bull,0.22608284454233504,BULL_CALM
2020-09-22,BULL_VOLATILE,0.9999999411232753,6.478005735784169e-12,0.7211893825570013,MOMENTUM,hurst_momentum_bull,0.22611871249201124,BULL_CALM
2020-09-23,BULL_VOLATILE,0.9999999999119997,8.79998476307464e-11,0.688498941762087,MOMENTUM,hard_bear,0.23742522961914594,BEAR
2020-09-24,BULL_VOLATILE,0.9901749611686964,0.009825038405560762,0.7152460275665475,MOMENTUM,hurst_momentum_bull,0.23342807152327288,BULL_CALM
2020-09-25,BULL_VOLATILE,0.9925911799832787,0.00740881888505379,0.7560516432616342,MOMENTUM,hard_bear,0.24300657285999777,BEAR
2020-09-28,BULL_VOLATILE,0.9905217857252359,0.009478214084872778,0.7264019628079352,MOMENTUM,hard_bear,0.2506745317668103,BEAR
2020-09-29,BULL_VOLATILE,0.9819415238677631,0.01805847610474723,0.7068981581859786,MOMENTUM,hard_bear,0.25088832051282284,BEAR
2020-09-30,BULL_VOLATILE,0.9958095242874586,0.0041904754588767005,0.6925823549076356,MOMENTUM,hurst_momentum_bull,0.24982686766065648,BULL_CALM
2020-10-01,BULL_VOLATILE,0.9990997322101528,0.0009002616994713965,0.6819052086944731,MOMENTUM,hurst_momentum_bull,0.24416930093023348,BULL_CALM
2020-10-02,BULL_VOLATILE,0.9985296949666554,0.0014600135223888288,0.6812566606873817,MOMENTUM,hurst_momentum_bull,0.21583073196249744,BULL_CALM
2020-10-05,BULL_VOLATILE,0.9992866635020669,0.0007118408938106113,0.7135104100229358,MOMENTUM,hurst_momentum_bull,0.22479215236509545,BULL_CALM
2020-10-06,BULL_VOLATILE,0.9988434495417945,0.0010901237106608996,0.7062131661909992,MOMENTUM,hurst_momentum_bull,0.20810192888615087,BULL_CALM
2020-10-07,BULL_VOLATILE,0.9998844440238979,0.00010325573860692519,0.7254981291903744,MOMENTUM,hurst_momentum_bull,0.20535431602251117,BULL_CALM
2020-10-08,BULL_VOLATILE,0.9999457785396695,2.5300498632313538e-05,0.703943732768209,MOMENTUM,hurst_momentum_bull,0.19647568814483493,BULL_CALM
2020-10-09,BULL_VOLATILE,0.999867787939407,2.9270552652599766e-06,0.7334562937604974,MOMENTUM,hurst_momentum_bull,0.19816003869643334,BULL_CALM
2020-10-12,BULL_VOLATILE,0.999918541953067,7.69297738283693e-06,0.7327122260421166,MOMENTUM,hurst_momentum_bull,0.20060481609026212,BULL_CALM
2020-10-13,BULL_VOLATILE,0.9999281090015157,2.924754625422054e-05,0.7326984163850504,MOMENTUM,hurst_momentum_bull,0.20254573337106394,BULL_CALM
2020-10-14,BULL_VOLATILE,0.9998098759326072,6.720682630250116e-05,0.7336827990059819,MOMENTUM,hurst_momentum_bull,0.2035421085844617,BULL_CALM
2020-10-15,BULL_VOLATILE,0.9985433031750278,0.0012367529389196357,0.7363932479102894,MOMENTUM,hurst_momentum_bull,0.20025957336854194,BULL_CALM
2020-10-16,BULL_VOLATILE,0.9964511484170336,0.0031483787616473804,0.7374086345285693,MOMENTUM,hurst_momentum_bull,0.1899801019862162,BULL_CALM
2020-10-19,BULL_VOLATILE,0.9962579532115329,0.0025460214437400797,0.7251129646794926,MOMENTUM,hurst_momentum_bull,0.1943636855988762,BULL_CALM
2020-10-20,BULL_VOLATILE,0.996327743628515,0.002420542616720814,0.7301248193556813,MOMENTUM,hurst_momentum_bull,0.192275061792189,BULL_CALM
2020-10-21,BULL_VOLATILE,0.9238065361967497,0.0005954272375678086,0.705423839217619,MOMENTUM,hurst_momentum_bull,0.16865852321130506,BULL_CALM
2020-10-22,BULL_VOLATILE,0.9532380042359173,0.0015601030217538335,0.7287393657190683,MOMENTUM,hurst_momentum_bull,0.1688638554322464,BULL_CALM
2020-10-23,BULL_VOLATILE,0.8264225806296971,0.00031114628413731783,0.723100158130174,MOMENTUM,hurst_momentum_bull,0.16181406892779937,BULL_CALM
2020-10-26,BULL_VOLATILE,0.9974271008708958,0.0024302549119085445,0.7445538653662457,MOMENTUM,hurst_momentum_bull,0.16923345528250763,BULL_CALM
2020-10-27,BULL_VOLATILE,0.9958945318807559,0.004038029750101944,0.7400585060337365,MOMENTUM,hurst_momentum_bull,0.16839762175325093,BULL_CALM
2020-10-28,BULL_VOLATILE,0.997937451023096,0.002062548976808737,0.760514016517176,MOMENTUM,hard_bear,0.20726510854192806,BEAR
2020-10-29,BULL_VOLATILE,0.9998816807996306,0.00011831919363455013,0.7600954025967617,MOMENTUM,hard_bear,0.20949530334057026,BEAR
2020-10-30,BULL_VOLATILE,0.999999972997991,2.7001999336448014e-08,0.7673717458591348,MOMENTUM,hard_bear,0.21002253372117324,BEAR
2020-11-02,BULL_VOLATILE,0.9999999963878641,6.240247745921791e-11,0.7840041832795959,MOMENTUM,hard_bear,0.20346982439656797,BEAR
2020-11-03,BULL_VOLATILE,0.9999983056793814,1.6074146748316696e-06,0.7815937918547828,MOMENTUM,hard_bear,0.20813365928892918,BEAR
2020-11-04,BULL_VOLATILE,0.9952836108617094,0.004710148279508145,0.7988771853968623,MOMENTUM,hurst_momentum_bull,0.2141898537736274,BULL_CALM
2020-11-05,BULL_VOLATILE,0.99665229985704,0.0033449492597218597,0.7955999205805169,MOMENTUM,hurst_momentum_bull,0.22285865876639543,BULL_CALM
2020-11-06,BULL_VOLATILE,0.9909042449562429,0.00908511821740698,0.8063367333937528,MOMENTUM,hurst_momentum_bull,0.2209127436879885,BULL_CALM
2020-11-09,BULL_VOLATILE,0.9807286928011751,0.019268956674046624,0.8140675888504142,MOMENTUM,hurst_momentum_bull,0.21796506788283693,BULL_CALM
2020-11-10,BULL_VOLATILE,0.9798543576770667,0.02014345133041784,0.8226773193427761,MOMENTUM,hurst_momentum_bull,0.21657084105309718,BULL_CALM
2020-11-11,BULL_VOLATILE,0.9324529194408825,0.067547080483272,0.8217159903819053,MOMENTUM,hurst_momentum_bull,0.21622247375863088,BULL_CALM
2020-11-12,BULL_VOLATILE,0.9708612900702556,0.029138691918824972,0.8325883217829491,MOMENTUM,hurst_momentum_bull,0.2196159487469785,BULL_CALM
2020-11-13,BULL_VOLATILE,0.999225189401729,0.0007748105525494301,0.8301178401645408,MOMENTUM,hurst_momentum_bull,0.22423768426712845,BULL_CALM
2020-11-16,BULL_VOLATILE,0.9997799530929238,0.00022004672793630368,0.8265761405932577,MOMENTUM,hurst_momentum_bull,0.2181254280515292,BULL_CALM
2020-11-17,BULL_VOLATILE,0.9999990995066665,1.4776971968474416e-08,0.8378578912314092,MOMENTUM,hurst_momentum_bull,0.2200937033950228,BULL_CALM
2020-11-18,BULL_VOLATILE,0.999988313541709,4.0302351626382125e-10,0.8425085394249453,MOMENTUM,hurst_momentum_bull,0.22567885865082563,BULL_CALM
2020-11-19,BULL_VOLATILE,0.9999961049588706,1.2358807367500016e-08,0.8325926846069507,MOMENTUM,hurst_momentum_bull,0.22546574148946846,BULL_CALM
2020-11-20,BULL_VOLATILE,0.9999432060791188,5.601771744520857e-05,0.8246082931436229,MOMENTUM,hurst_momentum_bull,0.2275312007878368,BULL_CALM
2020-11-23,BULL_VOLATILE,0.9914539354633247,0.008536126049682315,0.8147491989438764,MOMENTUM,hurst_momentum_bull,0.21534097165492044,BULL_CALM
2020-11-24,BULL_VOLATILE,0.99677663058472,0.003207990086552142,0.8120903764509729,MOMENTUM,hurst_momentum_bull,0.21911416446454632,BULL_CALM
2020-11-25,BULL_VOLATILE,0.966476341869987,0.006083009009560711,0.8203273297765227,MOMENTUM,hurst_momentum_bull,0.16932506500835093,BULL_CALM
2020-11-27,BULL_VOLATILE,0.9717796924651577,0.008560411959669625,0.8119165051766544,MOMENTUM,hurst_momentum_bull,0.1685349435700768,BULL_CALM
2020-11-30,BULL_VOLATILE,0.946481076003291,0.001615642884408681,0.8137077283159706,MOMENTUM,hurst_momentum_bull,0.16252695077308682,BULL_CALM
2020-12-01,BULL_VOLATILE,0.9489236772892113,0.002391095699539049,0.8187867270773443,MOMENTUM,hurst_momentum_bull,0.16239741521250284,BULL_CALM
2020-12-02,BULL_VOLATILE,0.8485736718730941,0.0004235761331118659,0.8198891148220457,MOMENTUM,hurst_momentum_bull,0.15584264528565123,BULL_CALM
2020-12-03,BULL_CALM,0.6645202323017484,2.1413413572365705e-06,0.8054537508040397,MOMENTUM,hurst_momentum_bull,0.14136779754678394,BULL_CALM
2020-12-04,BULL_CALM,0.8754445192335046,1.2724569729082494e-07,0.801224570535378,MOMENTUM,hurst_momentum_bull,0.12961622473902376,BULL_CALM
2020-12-07,BULL_CALM,0.9981474208341575,6.115571892189391e-18,0.8144525216464135,MOMENTUM,hurst_momentum_bull,0.1303347874669267,BULL_CALM
2020-12-08,BULL_CALM,0.9985834821845689,1.6473096697440355e-17,0.8234379939533009,MOMENTUM,hurst_momentum_bull,0.1250083667519159,BULL_CALM
2020-12-09,BULL_CALM,0.9853387882995975,4.461027510479698e-15,0.8114203349325821,MOMENTUM,hurst_momentum_bull,0.13062602625246572,BULL_CALM
2020-12-10,BULL_CALM,0.9500462212591453,7.212484915207529e-11,0.8109456859468623,MOMENTUM,hurst_momentum_bull,0.12909424369910702,BULL_CALM
2020-12-11,BULL_CALM,0.8747568631377316,1.4961936123145734e-07,0.828220413526401,MOMENTUM,hurst_momentum_bull,0.12274051364890493,BULL_CALM
2020-12-14,BULL_CALM,0.8998669152764254,3.64878310415518e-06,0.8439980685067734,MOMENTUM,hurst_momentum_bull,0.11603958389407508,BULL_CALM
2020-12-15,BULL_CALM,0.9161572004234666,1.0374890154891735e-06,0.8287594387361099,MOMENTUM,hurst_momentum_bull,0.11745801067651182,BULL_CALM
2020-12-16,BULL_CALM,0.9623532531387528,3.003004124698325e-08,0.8153030703745857,MOMENTUM,hurst_momentum_bull,0.11502961794477537,BULL_CALM
2020-12-17,BULL_CALM,0.9339596996668817,3.6389449206595444e-05,0.8078617104534656,MOMENTUM,hurst_momentum_bull,0.10438591032646105,BULL_CALM
2020-12-18,BULL_CALM,0.870387789439516,0.00014654101316089013,0.7879519939174835,MOMENTUM,hurst_momentum_bull,0.11038639501161793,BULL_CALM
2020-12-21,BULL_CALM,0.8288243663928093,0.00011130312727315483,0.8043056703606375,MOMENTUM,hurst_momentum_bull,0.10764499775838081,BULL_CALM
2020-12-22,BULL_CALM,0.8457694463477051,1.9644998890468095e-06,0.7949386975905414,MOMENTUM,hurst_momentum_bull,0.10708480028572813,BULL_CALM
2020-12-23,BULL_CALM,0.9733430585148363,1.9958949567507488e-07,0.7778344178927388,MOMENTUM,hurst_momentum_bull,0.09183842509780388,BULL_CALM
2020-12-24,BULL_CALM,0.9750405584703493,4.894062872116566e-07,0.7714621661374916,MOMENTUM,hurst_momentum_bull,0.09217297667208309,BULL_CALM
2020-12-28,BULL_CALM,0.986776946571267,1.624631103869032e-08,0.7556854161930321,MOMENTUM,hurst_momentum_bull,0.09598703272654235,BULL_CALM
2020-12-29,BULL_CALM,0.9978721307368589,7.475266332041502e-13,0.7604526631152899,MOMENTUM,hurst_momentum_bull,0.09444162469483534,BULL_CALM
2020-12-30,BULL_CALM,0.996712055127,1.4671669930735682e-12,0.7442081102828895,MOMENTUM,hurst_momentum_bull,0.0873347806435984,BULL_CALM
2020-12-31,BULL_CALM,0.994019325946298,1.8510430864397173e-10,0.7480751313372662,MOMENTUM,hurst_momentum_bull,0.08854450418816044,BULL_CALM
2021-01-04,BULL_CALM,0.8407815153560575,1.8411673562226217e-06,0.7550121286050514,MOMENTUM,hurst_momentum_bull,0.10258393648836889,BULL_CALM
2021-01-05,BULL_CALM,0.9754070384247554,1.2041540167368563e-07,0.7331004251347172,MOMENTUM,hurst_momentum_bull,0.10089433161309723,BULL_CALM
2021-01-06,BULL_CALM,0.9758577021428707,1.744989144610561e-07,0.7810191941556243,MOMENTUM,hurst_momentum_bull,0.10250988706521044,BULL_CALM
2021-01-07,BULL_CALM,0.9398094488706706,2.1093278033722597e-07,0.7534262530726822,MOMENTUM,hurst_momentum_bull,0.11415638738684633,BULL_CALM
2021-01-08,BULL_CALM,0.9975054915615296,3.5916143988172066e-14,0.7494061188393786,MOMENTUM,hurst_momentum_bull,0.10853193587501372,BULL_CALM
2021-01-11,BULL_CALM,0.8842605941555264,2.4209051215589066e-05,0.7570603193142683,MOMENTUM,hurst_momentum_bull,0.11262761966689484,BULL_CALM
2021-01-12,BULL_CALM,0.9892976377494138,3.9448812287782154e-11,0.7659668396076363,MOMENTUM,hurst_momentum_bull,0.11227752015385019,BULL_CALM
2021-01-13,BULL_CALM,0.9869039954480532,4.132695859240645e-10,0.753669579105856,MOMENTUM,hurst_momentum_bull,0.10990603122257891,BULL_CALM
2021-01-14,BULL_CALM,0.9908650327881932,2.2556254233075148e-10,0.7514565107911221,MOMENTUM,hurst_momentum_bull,0.10273590847180143,BULL_CALM
2021-01-15,BULL_CALM,0.9498836042600153,3.3933339487415364e-08,0.7388878680511733,MOMENTUM,hurst_momentum_bull,0.1070462037942767,BULL_CALM
2021-01-19,BULL_CALM,0.9881674721457241,3.5915401636686415e-10,0.7464951870834109,MOMENTUM,hurst_momentum_bull,0.10868634146505224,BULL_CALM
2021-01-20,BULL_CALM,0.9952300180021197,6.645197388328831e-13,0.7231669700382584,MOMENTUM,hurst_momentum_bull,0.11234320931297735,BULL_CALM
2021-01-21,BULL_CALM,0.9985571436666001,1.7873802972383875e-15,0.7283918367176616,MOMENTUM,hurst_momentum_bull,0.11051479505793255,BULL_CALM
2021-01-22,BULL_CALM,0.9969683776626791,2.22502105719296e-16,0.7120595130352992,MOMENTUM,hurst_momentum_bull,0.11157102078559608,BULL_CALM
2021-01-25,BULL_CALM,0.8565370782151482,0.00014468783256522285,0.7168214754498384,MOMENTUM,hurst_momentum_bull,0.11165576236879213,BULL_CALM
2021-01-26,BULL_CALM,0.8691754682029227,0.00013426571117606563,0.7148123721483656,MOMENTUM,hurst_momentum_bull,0.11227707447510026,BULL_CALM
2021-01-27,BULL_VOLATILE,0.9562221215242708,0.0007552153056294815,0.6937975556239419,MOMENTUM,hurst_momentum_bull,0.143424114082771,BULL_CALM
2021-01-28,BULL_VOLATILE,0.8956615312284678,7.035871749406329e-05,0.6769201449461346,MOMENTUM,hurst_momentum_bull,0.14606663552214624,BULL_CALM
2021-01-29,BULL_VOLATILE,0.9995111159354356,1.8953671079047798e-07,0.6878684711402092,MOMENTUM,hurst_momentum_vol_cluster_choppy,0.16374029140748786,CHOPPY
2021-02-01,BULL_VOLATILE,0.985104571692251,1.7574871968364474e-06,0.6896153656619999,MOMENTUM,hard_bear,0.17354664252087568,BEAR
2021-02-02,BULL_VOLATILE,0.9819261411315293,0.00021266800563684074,0.6901956847824645,MOMENTUM,hard_bear,0.17183904053209745,BEAR
2021-02-03,BULL_VOLATILE,0.9938866470690547,0.00037327017006409734,0.6787159172930651,MOMENTUM,hurst_momentum_bull,0.170785105192812,BULL_CALM
2021-02-04,BULL_VOLATILE,0.9871634141828362,0.00039134406805739827,0.641694647267814,AMBIGUOUS,dominant_gmm,0.1737237227065206,BULL_VOLATILE
2021-02-05,BULL_VOLATILE,0.9371779142002884,0.0017180097269997655,0.6235912869713334,AMBIGUOUS,dominant_gmm,0.16696557053169328,BULL_VOLATILE
2021-02-08,BULL_VOLATILE,0.9439887518722828,0.001580991182908152,0.5863314753457286,AMBIGUOUS,dominant_gmm,0.167599478162645,BULL_VOLATILE
2021-02-09,BULL_VOLATILE,0.9413822314780315,0.0015501528682821339,0.613866645915293,AMBIGUOUS,dominant_gmm,0.16512568080256873,BULL_VOLATILE
2021-02-10,BULL_VOLATILE,0.9883781629443055,0.0027274732527242072,0.5915359647103516,AMBIGUOUS,dominant_gmm,0.16521150864372697,BULL_VOLATILE
2021-02-11,BULL_VOLATILE,0.9740569013552443,0.0015255042676821198,0.6000891369706206,AMBIGUOUS,dominant_gmm,0.16515464102377012,BULL_VOLATILE
2021-02-12,BULL_VOLATILE,0.9947217194757785,0.005145353007560697,0.5945922491131205,AMBIGUOUS,dominant_gmm,0.1645010610976991,BULL_VOLATILE
2021-02-16,BULL_VOLATILE,0.9899617141852386,0.0022397225802939695,0.6119393172486862,AMBIGUOUS,dominant_gmm,0.16129235904524605,BULL_VOLATILE
2021-02-17,BULL_VOLATILE,0.9069033816773433,0.0004453645581214887,0.6264325671091849,AMBIGUOUS,dominant_gmm,0.160022577218233,BULL_VOLATILE
2021-02-18,BULL_VOLATILE,0.8326433935496622,0.0008712481667489711,0.6812371889164099,MOMENTUM,hurst_momentum_bull,0.1548218524019996,BULL_CALM
2021-02-19,BULL_VOLATILE,0.8190034067920271,0.0002813648463521348,0.667188022303618,MOMENTUM,hurst_momentum_bull,0.1551169745296887,BULL_CALM
2021-02-22,BULL_VOLATILE,0.9304665314090527,0.0011095367723328205,0.6609072063798108,MOMENTUM,hurst_momentum_bull,0.15733973492918407,BULL_CALM
2021-02-23,BULL_VOLATILE,0.9179938855018899,0.001760666792186769,0.6656299454099945,MOMENTUM,hurst_momentum_bull,0.15686476255391887,BULL_CALM
2021-02-24,BULL_VOLATILE,0.8829560174023017,0.0013368492884420968,0.6810769941475703,MOMENTUM,hurst_momentum_bull,0.16102711162640962,BULL_CALM
2021-02-25,BULL_VOLATILE,0.9592776710201337,0.0004944856650048115,0.675739058800236,MOMENTUM,hurst_momentum_bull,0.16030565052527174,BULL_CALM
2021-02-26,BULL_VOLATILE,0.9875296836195613,0.0006331860107073147,0.6600466614577457,MOMENTUM,hurst_momentum_vol_cluster_choppy,0.15919609488686198,CHOPPY
2021-03-01,BULL_VOLATILE,0.9383669990944865,0.0016580086588854745,0.6639468263302932,MOMENTUM,hard_bear,0.16137733967329423,BEAR
2021-03-02,BULL_VOLATILE,0.9320734531680819,0.0010634093439346455,0.6617948241823249,MOMENTUM,hard_bear,0.15645743870266884,BEAR
2021-03-03,BULL_VOLATILE,0.9928252774527018,0.002703551681999956,0.6890438184704071,MOMENTUM,hard_bear,0.15707576247418892,BEAR
2021-03-04,BULL_VOLATILE,0.9956914822260008,0.0039943500869028346,0.6598752257838792,MOMENTUM,hurst_momentum_vol_cluster_choppy,0.16306772754433646,CHOPPY
2021-03-05,BULL_VOLATILE,0.9939831352709738,0.0030148470824447717,0.6589261157330699,MOMENTUM,hard_bear,0.17161268588716777,BEAR
2021-03-08,BULL_VOLATILE,0.9982532575456297,4.812737589376824e-05,0.6503485614260087,MOMENTUM,hurst_momentum_bull,0.17162753499625066,BULL_CALM
2021-03-09,BULL_VOLATILE,0.9931286712251943,0.0009059271742938518,0.6654608091220878,MOMENTUM,hurst_momentum_vol_cluster_choppy,0.1776799671331424,CHOPPY
2021-03-10,BULL_VOLATILE,0.9972415621925479,0.0006616697135515468,0.6473716034354746,AMBIGUOUS,dominant_gmm,0.17920468239618786,BULL_VOLATILE
2021-03-11,BULL_VOLATILE,0.9951517805978936,0.0006019326083937824,0.6606608680956096,MOMENTUM,hurst_momentum_bull,0.18277929710172486,BULL_CALM
2021-03-12,BULL_VOLATILE,0.9943428405780848,0.0040150699361632056,0.6385976163453218,AMBIGUOUS,dominant_gmm,0.18276013287778012,BULL_VOLATILE
2021-03-15,BULL_VOLATILE,0.9943919868400833,0.00020229372373759292,0.6411766222691275,AMBIGUOUS,dominant_gmm,0.18312651655953355,BULL_VOLATILE
2021-03-16,BULL_VOLATILE,0.9939274177839842,0.0018175579617690438,0.643624891869964,AMBIGUOUS,dominant_gmm,0.18317217306264252,BULL_VOLATILE
2021-03-17,BULL_VOLATILE,0.997413620929674,9.421175506639726e-05,0.664310638446805,MOMENTUM,hurst_momentum_bull,0.1834526523644673,BULL_CALM
2021-03-18,BULL_VOLATILE,0.9983133933133804,8.24986834361565e-06,0.6744156239116709,MOMENTUM,hurst_momentum_bull,0.1906248580966541,BULL_CALM
2021-03-19,BULL_VOLATILE,0.9957275332901586,0.00297104771367733,0.6817493749946889,MOMENTUM,hurst_momentum_bull,0.19144168114565208,BULL_CALM
2021-03-22,BULL_VOLATILE,0.9953603997763225,0.003648876091999554,0.6908845753195794,MOMENTUM,hurst_momentum_bull,0.19117674316131103,BULL_CALM
2021-03-23,BULL_VOLATILE,0.9977488134541446,0.0016440653302824937,0.6899414767945294,MOMENTUM,hurst_momentum_bull,0.19360896177557765,BULL_CALM
2021-03-24,BULL_VOLATILE,0.9995904454244207,0.00023098581754046746,0.6858514080784203,MOMENTUM,hurst_momentum_bull,0.19022317452488322,BULL_CALM
2021-03-25,BULL_VOLATILE,0.9964702067142829,6.533933921311359e-05,0.6923161129926039,MOMENTUM,hurst_momentum_bull,0.1693937681556436,BULL_CALM
2021-03-26,BULL_VOLATILE,0.9894671304912259,0.0024405249053619103,0.6988195575920975,MOMENTUM,hurst_momentum_bull,0.1758331086989213,BULL_CALM
2021-03-29,BULL_VOLATILE,0.9038168804578518,0.004601189871616366,0.7005365325648467,MOMENTUM,hurst_momentum_bull,0.1551825819895697,BULL_CALM
2021-03-30,BULL_VOLATILE,0.8525948382230621,0.0025207196075911786,0.6912030767256798,MOMENTUM,hurst_momentum_bull,0.1524326299654247,BULL_CALM
2021-03-31,BULL_CALM,0.6217596716236398,5.996682390537196e-05,0.6825068956034582,MOMENTUM,hurst_momentum_bull,0.14292228712792274,BULL_CALM
2021-04-01,BULL_VOLATILE,0.5334052331819454,0.00029078877035402,0.7032064763563127,MOMENTUM,hurst_momentum_bull,0.13558385412436005,BULL_CALM
2021-04-05,BULL_VOLATILE,0.9162336637912215,0.006165363528435518,0.6910334442283244,MOMENTUM,hurst_momentum_bull,0.1301923355216988,BULL_CALM
2021-04-06,BULL_VOLATILE,0.6560025878329998,0.009324079343601448,0.7420137357742443,MOMENTUM,hurst_momentum_bull,0.12756930011840634,BULL_CALM
2021-04-07,BULL_VOLATILE,0.8093436878510957,0.012586065020668093,0.7211111119670885,MOMENTUM,hurst_momentum_bull,0.12068316381998194,BULL_CALM
2021-04-08,BULL_VOLATILE,0.9581510143468105,0.017863466938345382,0.7034602177470844,MOMENTUM,hurst_momentum_bull,0.12018757760921873,BULL_CALM
2021-04-09,BULL_VOLATILE,0.9286749721388904,0.00639382031523938,0.6883338562052683,MOMENTUM,hurst_momentum_bull,0.11815268923740332,BULL_CALM
2021-04-12,BULL_VOLATILE,0.6396566264254554,0.007495639461275471,0.694832838137415,MOMENTUM,hurst_momentum_bull,0.11830473285328673,BULL_CALM
2021-04-13,BULL_CALM,0.7707316173087072,1.213041811134874e-05,0.6926564106281206,MOMENTUM,hurst_momentum_bull,0.11751931260838003,BULL_CALM
2021-04-14,BULL_CALM,0.7310595959347379,2.9165485222179103e-05,0.6899284510884439,MOMENTUM,hurst_momentum_bull,0.11857088483029543,BULL_CALM
2021-04-15,BULL_CALM,0.8843265645609336,1.3449716538088329e-08,0.6921767445684829,MOMENTUM,hurst_momentum_bull,0.12255537394477356,BULL_CALM
2021-04-16,BULL_CALM,0.9570735852284715,2.5075797283067575e-08,0.680948209553396,MOMENTUM,hurst_momentum_bull,0.10510423651890766,BULL_CALM
2021-04-19,BULL_CALM,0.9783764352611758,2.7039730050026625e-08,0.6784789670859931,MOMENTUM,hurst_momentum_bull,0.10490071293169444,BULL_CALM
2021-04-20,BULL_CALM,0.9359054570773042,3.58244592962995e-06,0.681465058695573,MOMENTUM,hurst_momentum_bull,0.10965071525867745,BULL_CALM
2021-04-21,BULL_CALM,0.9847941057947739,3.6784078443887e-09,0.7163677174829894,MOMENTUM,hurst_momentum_bull,0.10516300656095846,BULL_CALM
2021-04-22,BULL_CALM,0.9768782265061623,6.803952985714795e-10,0.717432503641211,MOMENTUM,hurst_momentum_bull,0.11031421276118124,BULL_CALM
2021-04-23,BULL_CALM,0.9975962426092662,1.4848400854202091e-15,0.7067215221395611,MOMENTUM,hurst_momentum_bull,0.11339500198429725,BULL_CALM
2021-04-26,BULL_CALM,0.9996146754014863,1.2762989985888153e-18,0.7142757662470226,MOMENTUM,hurst_momentum_bull,0.1029591646393373,BULL_CALM
2021-04-27,BULL_CALM,0.9998949472787226,8.468050641271453e-23,0.7135404854046248,MOMENTUM,hurst_momentum_bull,0.10284530824481818,BULL_CALM
2021-04-28,BULL_CALM,0.9999979607234288,8.708702214618753e-33,0.7283597327963762,MOMENTUM,hurst_momentum_bull,0.10154776218967325,BULL_CALM
2021-04-29,BULL_CALM,0.9999962652461847,1.789528930039162e-32,0.7293348574186272,MOMENTUM,hurst_momentum_bull,0.10225408649192447,BULL_CALM
2021-04-30,BULL_CALM,0.9999985485380845,1.4830329150303757e-37,0.7728915881783331,MOMENTUM,hurst_momentum_bull,0.10311310783844135,BULL_CALM
2021-05-03,BULL_CALM,0.9999999784361049,5.232255217100487e-44,0.7722594786323557,MOMENTUM,hurst_momentum_bull,0.09236018112765192,BULL_CALM
2021-05-04,BULL_CALM,0.9999999991813526,1.0863587192788018e-53,0.7331002508457953,MOMENTUM,hurst_momentum_bull,0.09604676047374762,BULL_CALM
2021-05-05,BULL_CALM,0.9999997895102682,9.183129423359174e-43,0.7467116823227911,MOMENTUM,hurst_momentum_bull,0.09609549587128109,BULL_CALM
2021-05-06,BULL_CALM,0.9999999739475669,3.7190348444356873e-41,0.7120852434121842,MOMENTUM,hurst_momentum_bull,0.0983721497122716,BULL_CALM
2021-05-07,BULL_CALM,0.999990351325246,6.3582640689179394e-27,0.7233095655528867,MOMENTUM,hurst_momentum_bull,0.09837847223349827,BULL_CALM
2021-05-10,BULL_CALM,0.9948850442695472,4.1640312837449266e-13,0.7038641700026654,MOMENTUM,hurst_momentum_bull,0.10611171011642434,BULL_CALM
2021-05-11,BULL_CALM,0.8827602404970283,7.4435371864891975e-09,0.7135598796448482,MOMENTUM,hurst_momentum_bull,0.11114031894055984,BULL_CALM
2021-05-12,BULL_VOLATILE,0.9960831887549783,0.0008444347162199352,0.70343016472285,MOMENTUM,hurst_momentum_bull,0.13439243177353707,BULL_CALM
2021-05-13,BULL_VOLATILE,0.9767940358021019,1.0659227853131339e-05,0.6950834552919,MOMENTUM,hurst_momentum_bull,0.13589450408622078,BULL_CALM
2021-05-14,BULL_VOLATILE,0.8517300806179647,7.156843612161113e-05,0.6857272949500783,MOMENTUM,hurst_momentum_vol_cluster_choppy,0.14681665671922695,CHOPPY
2021-05-17,BULL_VOLATILE,0.8908440097407452,0.0006987122342481122,0.6852353482791134,MOMENTUM,hurst_momentum_vol_cluster_choppy,0.1460126832971947,CHOPPY
2021-05-18,BULL_VOLATILE,0.9291148373116871,0.0019987269994642975,0.6822789712637805,MOMENTUM,hurst_momentum_vol_cluster_choppy,0.14695171923598188,CHOPPY
2021-05-19,BULL_VOLATILE,0.9492787008010254,0.0006699489736985826,0.6707922017225944,MOMENTUM,hurst_momentum_bull,0.14284886931283275,BULL_CALM
2021-05-20,BULL_VOLATILE,0.932600053663698,0.00252893586890373,0.6640684929572779,MOMENTUM,hurst_momentum_bull,0.14451325480709049,BULL_CALM
2021-05-21,BULL_VOLATILE,0.9691627927509946,0.0016056801658148414,0.6570745416112812,MOMENTUM,hurst_momentum_bull,0.13917016817724132,BULL_CALM
2021-05-24,BULL_VOLATILE,0.7421940771120178,0.0042447248704204415,0.6395724861974933,AMBIGUOUS,dominant_gmm,0.1438192257908216,BULL_VOLATILE
2021-05-25,BULL_VOLATILE,0.6810442318983002,0.0037747036754089748,0.6553252580927276,MOMENTUM,hurst_momentum_bull,0.14407625368125776,BULL_CALM
2021-05-26,BULL_VOLATILE,0.8786683968771057,0.0026012840933314547,0.6330929822891056,AMBIGUOUS,dominant_gmm,0.14421556763178067,BULL_VOLATILE
2021-05-27,BULL_VOLATILE,0.6719530319062684,0.0036024391988615278,0.6452600098146486,AMBIGUOUS,dominant_gmm,0.14239916819736614,BULL_VOLATILE
2021-05-28,BULL_VOLATILE,0.5751714758220522,0.0031553591042406846,0.6455205991005567,AMBIGUOUS,dominant_gmm,0.14040255883697708,BULL_VOLATILE
2021-06-01,BULL_VOLATILE,0.6001467286080913,0.004254947275009618,0.6386818907701202,AMBIGUOUS,dominant_gmm,0.14030226684202712,BULL_VOLATILE
2021-06-02,BULL_VOLATILE,0.5320429433712863,0.001113274796669675,0.6750788397787604,MOMENTUM,hurst_momentum_bull,0.13830873131024518,BULL_CALM
2021-06-03,BULL_VOLATILE,0.5683854566341733,0.0019452703960947022,0.7189612667049385,MOMENTUM,hurst_momentum_bull,0.13915450874725724,BULL_CALM
2021-06-04,BULL_VOLATILE,0.5685313709413393,0.001658935398272257,0.7048744391252652,MOMENTUM,hurst_momentum_bull,0.14005161857333948,BULL_CALM
2021-06-07,BULL_VOLATILE,0.5268157983771916,0.0019583140229932614,0.7233575126134245,MOMENTUM,hurst_momentum_bull,0.13776492185231393,BULL_CALM
2021-06-08,BULL_CALM,0.5805631969335907,0.0017343782168287665,0.7181273806537232,MOMENTUM,hurst_momentum_bull,0.13266322215452692,BULL_CALM
2021-06-09,BULL_CALM,0.7487478084913318,0.00022653630208301252,0.7222672695296646,MOMENTUM,hurst_momentum_bull,0.12817006130324116,BULL_CALM
2021-06-10,BULL_CALM,0.8923485035925488,0.00035241636928759495,0.7268231361426131,MOMENTUM,hurst_momentum_bull,0.0982348132922978,BULL_CALM
2021-06-11,BULL_CALM,0.9410174851071009,4.2569041923769495e-05,0.7230579577188408,MOMENTUM,hurst_momentum_bull,0.09116078070510059,BULL_CALM
2021-06-14,BULL_CALM,0.9307830636045268,4.598704833704083e-05,0.7359651072442225,MOMENTUM,hurst_momentum_bull,0.07567217146098704,BULL_CALM
2021-06-15,BULL_CALM,0.9569781293715182,2.0064208851505974e-05,0.7262129934936472,MOMENTUM,hurst_momentum_bull,0.07526650409287972,BULL_CALM
2021-06-16,BULL_CALM,0.9764656583228962,9.200591286683439e-06,0.7266166487100063,MOMENTUM,hurst_momentum_bull,0.07071906573198267,BULL_CALM
2021-06-17,BULL_CALM,0.9575903576572743,1.6864818641758843e-05,0.694173410832473,MOMENTUM,hurst_momentum_bull,0.06952197695221077,BULL_CALM
2021-06-18,BULL_CALM,0.70898530407729,0.0008743334738937092,0.6704306740603587,MOMENTUM,hurst_momentum_bull,0.08648400114794667,BULL_CALM
2021-06-21,BULL_CALM,0.9875441203204154,2.5350288627806305e-09,0.7085498798768713,MOMENTUM,hurst_momentum_bull,0.10024297024077858,BULL_CALM
2021-06-22,BULL_CALM,0.9779309807407707,9.986087750288689e-08,0.6863538999982928,MOMENTUM,hurst_momentum_vol_cluster_choppy,0.0955372301926687,CHOPPY
2021-06-23,BULL_CALM,0.9481212632240622,6.0110925319250515e-05,0.6935187619780735,MOMENTUM,hurst_momentum_vol_cluster_choppy,0.09522403882554314,CHOPPY
2021-06-24,BULL_CALM,0.9518695064920872,3.3195673246515425e-05,0.6877258039533207,MOMENTUM,hurst_momentum_vol_cluster_choppy,0.09702278522335932,CHOPPY
2021-06-25,BULL_CALM,0.9558595353027131,1.4884990073710415e-05,0.7032137025874281,MOMENTUM,hurst_momentum_bull,0.0975306409643916,BULL_CALM
2021-06-28,BULL_CALM,0.9896519535999602,7.852224339677905e-10,0.6871344127512825,MOMENTUM,hurst_momentum_bull,0.09756193185121008,BULL_CALM
2021-06-29,BULL_CALM,0.9751103357686454,5.374237131743423e-07,0.7006078005047072,MOMENTUM,hurst_momentum_bull,0.09734914022848604,BULL_CALM
2021-06-30,BULL_CALM,0.9840874630379033,8.797251974307068e-08,0.6941611032509373,MOMENTUM,hurst_momentum_bull,0.09732330458802906,BULL_CALM
2021-07-01,BULL_CALM,0.9740755526132292,7.520599858401004e-07,0.6975666831567362,MOMENTUM,hurst_momentum_bull,0.09701018743865106,BULL_CALM
2021-07-02,BULL_CALM,0.9297235610185645,1.418543647712426e-07,0.6478987149832738,AMBIGUOUS,dominant_gmm,0.09555316154005665,BULL_CALM
2021-07-06,BULL_CALM,0.9873626628890338,8.080753027976809e-09,0.6574440993203453,MOMENTUM,hurst_momentum_bull,0.09587063953426962,BULL_CALM
2021-07-07,BULL_CALM,0.9428725623842202,1.0450475611007665e-05,0.6626484607359593,MOMENTUM,hurst_momentum_bull,0.09610759834048212,BULL_CALM
2021-07-08,BULL_CALM,0.9605678555380563,2.722400362346752e-06,0.6592878467835012,MOMENTUM,hurst_momentum_bull,0.10155095209118074,BULL_CALM
2021-07-09,BULL_CALM,0.9965843200505251,3.6291230667919614e-12,0.6717950664298289,MOMENTUM,hurst_momentum_bull,0.10647181265045023,BULL_CALM
2021-07-12,BULL_CALM,0.9546259958609532,1.531979004530809e-06,0.6893606604862428,MOMENTUM,hurst_momentum_bull,0.10675030757031265,BULL_CALM
2021-07-13,BULL_CALM,0.9525749371165161,2.970883335835617e-06,0.7030780943492704,MOMENTUM,hurst_momentum_bull,0.10810932925074272,BULL_CALM
2021-07-14,BULL_CALM,0.9418217437756241,1.0322827921666781e-05,0.6930479002592216,MOMENTUM,hurst_momentum_bull,0.10750491006635125,BULL_CALM
2021-07-15,BULL_CALM,0.9682844426982533,1.0760611937968489e-06,0.6943315672837286,MOMENTUM,hurst_momentum_bull,0.1059035813801042,BULL_CALM
2021-07-16,BULL_CALM,0.9622651259129036,9.064808137543276e-08,0.7024888200859892,MOMENTUM,hurst_momentum_bull,0.1108650914349248,BULL_CALM
2021-07-19,BULL_VOLATILE,0.8670941057889345,0.0016466740411602402,0.7056065804066074,MOMENTUM,hurst_momentum_bull,0.10687016910579752,BULL_CALM
2021-07-20,BULL_CALM,0.8783936614536147,2.2732880782279794e-06,0.7103952362380083,MOMENTUM,hurst_momentum_bull,0.10689369870376768,BULL_CALM
2021-07-21,BULL_CALM,0.8542442372717707,1.8960177142602742e-05,0.7152084332959375,MOMENTUM,hurst_momentum_bull,0.10873174026203239,BULL_CALM
2021-07-22,BULL_CALM,0.9288035218556213,4.5781789070623e-06,0.7235789463249545,MOMENTUM,hurst_momentum_bull,0.10833046270186367,BULL_CALM
2021-07-23,BULL_CALM,0.9411723278762235,3.15736331204025e-07,0.7246779649772163,MOMENTUM,hurst_momentum_bull,0.11174046039415178,BULL_CALM
2021-07-26,BULL_CALM,0.9649566465943245,4.8584936149868755e-09,0.7243068013698138,MOMENTUM,hurst_momentum_bull,0.11157230922859902,BULL_CALM
2021-07-27,BULL_CALM,0.9516335145261776,1.1636494726327723e-08,0.7206754726672447,MOMENTUM,hurst_momentum_bull,0.11373337744542245,BULL_CALM
2021-07-28,BULL_CALM,0.8571199756594016,2.7711011722430074e-05,0.719627529303679,MOMENTUM,hurst_momentum_bull,0.11387365420806542,BULL_CALM
2021-07-29,BULL_CALM,0.9132630936676144,4.234051636078949e-06,0.7194482454469745,MOMENTUM,hurst_momentum_bull,0.114297217102842,BULL_CALM
2021-07-30,BULL_CALM,0.9008506818578954,1.1357004646668399e-05,0.7263602276260928,MOMENTUM,hurst_momentum_bull,0.11534782634070516,BULL_CALM
2021-08-02,BULL_CALM,0.8576270717493963,3.674135576345457e-05,0.7126566581731748,MOMENTUM,hurst_momentum_bull,0.11301580203002802,BULL_CALM
2021-08-03,BULL_CALM,0.8077979036167929,0.00028605974580767134,0.7147861378756406,MOMENTUM,hurst_momentum_bull,0.11583160156815056,BULL_CALM
2021-08-04,BULL_CALM,0.8071875045598798,0.00058141190435468,0.7233141871625492,MOMENTUM,hurst_momentum_bull,0.11722405164542324,BULL_CALM
2021-08-05,BULL_CALM,0.8433501981383437,8.76886942757456e-05,0.7320113664444851,MOMENTUM,hurst_momentum_bull,0.11421479440392478,BULL_CALM
2021-08-06,BULL_CALM,0.8439829748142065,0.0007588708148686886,0.7644198813100038,MOMENTUM,hurst_momentum_bull,0.10871646174874351,BULL_CALM
2021-08-09,BULL_CALM,0.8419373811330976,0.0007659276322163345,0.7146413174897451,MOMENTUM,hurst_momentum_bull,0.10835248437886333,BULL_CALM
2021-08-10,BULL_CALM,0.8724206894864002,0.0003283448831883002,0.6839143442679817,MOMENTUM,hurst_momentum_bull,0.10732497983359165,BULL_CALM
2021-08-11,BULL_CALM,0.8593540045810212,0.0004909191339027047,0.7275374023186996,MOMENTUM,hurst_momentum_bull,0.10746405101225293,BULL_CALM
2021-08-12,BULL_CALM,0.9181325942046268,1.0382089433660449e-05,0.6837451095863616,MOMENTUM,hurst_momentum_bull,0.10647132869405722,BULL_CALM
2021-08-13,BULL_CALM,0.9170853343120685,2.1602169197276528e-05,0.7168403979541726,MOMENTUM,hurst_momentum_bull,0.10096866729839804,BULL_CALM
2021-08-16,BULL_CALM,0.8205686195602183,0.00022886394440070043,0.715427613153787,MOMENTUM,hurst_momentum_bull,0.080105536664241,BULL_CALM
2021-08-17,BULL_CALM,0.9424058901966772,8.214049719282272e-05,0.7380484734310728,MOMENTUM,hurst_momentum_bull,0.07335126276831867,BULL_CALM
2021-08-18,BULL_CALM,0.9209796021952621,0.00020189345490027747,0.7534291390469733,MOMENTUM,hurst_momentum_bull,0.0813284152633167,BULL_CALM
2021-08-19,BULL_CALM,0.890424970981379,0.0007377184016000086,0.7256135570788917,MOMENTUM,hurst_momentum_bull,0.0812133015916265,BULL_CALM
2021-08-20,BULL_CALM,0.920480524771248,0.000394715161987211,0.7388881825144777,MOMENTUM,hurst_momentum_bull,0.0778447307950899,BULL_CALM
2021-08-23,BULL_CALM,0.8958991086138064,0.0010056442230975504,0.7235050435407852,MOMENTUM,hurst_momentum_bull,0.08314097722547684,BULL_CALM
2021-08-24,BULL_CALM,0.8956557901220636,0.0007779305603454338,0.7255563544758906,MOMENTUM,hurst_momentum_bull,0.08079995722359447,BULL_CALM
2021-08-25,BULL_CALM,0.9341350982970691,0.00031813703080652657,0.7257225123990589,MOMENTUM,hurst_momentum_bull,0.08070041988537259,BULL_CALM
2021-08-26,BULL_CALM,0.9060807096482012,0.0005835972935878488,0.7331844761540625,MOMENTUM,hurst_momentum_bull,0.08358109473087379,BULL_CALM
2021-08-27,BULL_CALM,0.920306509662347,0.0004504125766871259,0.7343092068638016,MOMENTUM,hurst_momentum_bull,0.08585224909211099,BULL_CALM
2021-08-30,BULL_CALM,0.9129522982301378,0.0007736519609195661,0.7272141862107093,MOMENTUM,hurst_momentum_bull,0.0855019047920472,BULL_CALM
2021-08-31,BULL_CALM,0.8732465420343477,0.0020076064040530483,0.7361214470031202,MOMENTUM,hurst_momentum_bull,0.08260836703950082,BULL_CALM
2021-09-01,BULL_CALM,0.8100657234056429,0.005768145386346361,0.7493414086329162,MOMENTUM,hurst_momentum_bull,0.07947775344734553,BULL_CALM
2021-09-02,BULL_CALM,0.9708811868237612,4.030781220638648e-06,0.7607400352053421,MOMENTUM,hurst_momentum_bull,0.07764498230813716,BULL_CALM
2021-09-03,BULL_CALM,0.8689424420463411,0.00396501196553959,0.746937961784707,MOMENTUM,hurst_momentum_bull,0.07781869972076462,BULL_CALM
2021-09-07,BULL_CALM,0.9168504414792417,0.0015518924630763713,0.7453700423453675,MOMENTUM,hurst_momentum_bull,0.07936624236196979,BULL_CALM
2021-09-08,BULL_CALM,0.9276067285625159,0.0005252584436662912,0.7458289355761286,MOMENTUM,hurst_momentum_bull,0.07976934276051752,BULL_CALM
2021-09-09,BULL_CALM,0.9265192395524121,3.049118028859167e-05,0.7357123267498676,MOMENTUM,hurst_momentum_bull,0.08161739330537189,BULL_CALM
2021-09-10,BULL_CALM,0.8452044626739237,0.006748816173756811,0.7351548455530228,MOMENTUM,hurst_momentum_bull,0.08637172035173724,BULL_CALM
2021-09-13,BULL_CALM,0.7737149828521163,0.007738328506195116,0.7147762145754802,MOMENTUM,hurst_momentum_bull,0.08661208312015432,BULL_CALM
2021-09-14,BULL_CALM,0.5028577693025884,0.01959033608494852,0.69948027257148,MOMENTUM,hurst_momentum_bull,0.08827593812119003,BULL_CALM
2021-09-15,BULL_CALM,0.8012033190906108,0.0017538004511718952,0.6802366640116974,MOMENTUM,hurst_momentum_bull,0.09010589829828064,BULL_CALM
2021-09-16,BULL_CALM,0.826924948927331,0.001608934395065081,0.6721382702239973,MOMENTUM,hurst_momentum_bull,0.07996722913805139,BULL_CALM
2021-09-17,BULL_VOLATILE,0.8039222372245803,0.011585584618694519,0.7248081175679125,MOMENTUM,hurst_momentum_bull,0.09371820839483451,BULL_CALM
2021-09-20,BULL_VOLATILE,0.9702610073567048,0.029232168956612056,0.7203114659988106,MOMENTUM,hurst_momentum_bull,0.10655306560720806,BULL_CALM
2021-09-21,BULL_VOLATILE,0.9909755052955888,0.007366260419277915,0.6990461356517434,MOMENTUM,hurst_momentum_bull,0.10003692100700919,BULL_CALM
2021-09-22,BULL_VOLATILE,0.9787987704539214,0.001274491390735642,0.6928810380863312,MOMENTUM,hurst_momentum_bull,0.1073437891161982,BULL_CALM
2021-09-23,BULL_VOLATILE,0.7643926919391064,0.00020009548037245987,0.7100982768994677,MOMENTUM,hurst_momentum_vol_cluster_choppy,0.11684851126145272,CHOPPY
2021-09-24,BULL_CALM,0.6379214139948965,8.650130309789745e-05,0.7110633170966639,MOMENTUM,hurst_momentum_vol_cluster_choppy,0.11538201928196132,CHOPPY
2021-09-27,BULL_VOLATILE,0.5016070421455584,0.00033110540484019294,0.7103843308208537,MOMENTUM,hurst_momentum_bull,0.11042721993313262,BULL_CALM
2021-09-28,BULL_VOLATILE,0.9786830417253307,0.007758623062585293,0.7058399382202943,MOMENTUM,hurst_momentum_bull,0.12800135792105263,BULL_CALM
2021-09-29,BULL_VOLATILE,0.9967812079182302,0.0011422647568158635,0.71142211904642,MOMENTUM,hurst_momentum_bull,0.12868098405057518,BULL_CALM
2021-09-30,BULL_VOLATILE,0.999392370565008,0.0005634938793048328,0.715367508851369,MOMENTUM,hurst_momentum_bull,0.1333654459194674,BULL_CALM
2021-10-01,BULL_VOLATILE,0.9765457461775464,3.363718288206197e-07,0.7158646805446794,MOMENTUM,hurst_momentum_bull,0.14168631647102725,BULL_CALM
2021-10-04,BULL_VOLATILE,0.9355241011429153,8.939324024560423e-11,0.7118532284214399,MOMENTUM,hurst_momentum_bull,0.14652813024580263,BULL_CALM
2021-10-05,BULL_VOLATILE,0.7767766702314435,1.5677851207800649e-10,0.716476757890889,MOMENTUM,hurst_momentum_bull,0.15368461081809312,BULL_CALM
2021-10-06,BULL_VOLATILE,0.8724249869410362,9.404203499288771e-14,0.7386573553060595,MOMENTUM,hurst_momentum_bull,0.15523685736580412,BULL_CALM
2021-10-07,BULL_VOLATILE,0.8224921812132916,8.559431517484774e-22,0.7471135414684774,MOMENTUM,hurst_momentum_bull,0.15918443544692445,BULL_CALM
2021-10-08,BULL_VOLATILE,0.8348148897739894,2.882818385975513e-24,0.7514991067093207,MOMENTUM,hurst_momentum_bull,0.1572069689544865,BULL_CALM
2021-10-11,BULL_VOLATILE,0.9870787679033807,2.316036241517541e-19,0.7200252013586974,MOMENTUM,hurst_momentum_bull,0.15826509195064936,BULL_CALM
2021-10-12,BULL_VOLATILE,0.6619626510772585,1.1132621727008468e-15,0.7245075203041924,MOMENTUM,hurst_momentum_bull,0.15759925237973468,BULL_CALM
2021-10-13,BULL_VOLATILE,0.8514472545849774,1.9711243206106183e-08,0.6976538076201587,MOMENTUM,hurst_momentum_bull,0.15467152058393951,BULL_CALM
2021-10-14,BULL_VOLATILE,0.8731418102000466,2.0298666406963512e-07,0.6801822530725142,MOMENTUM,hurst_momentum_bull,0.1676231328072206,BULL_CALM
2021-10-15,BULL_VOLATILE,0.8675511255738625,4.654135848539409e-06,0.7345072521733575,MOMENTUM,hurst_momentum_bull,0.16320547546531308,BULL_CALM
2021-10-18,BULL_CALM,0.7251204585699303,2.8389620137833984e-10,0.6850707747445,MOMENTUM,hurst_momentum_bull,0.15006798337464572,BULL_CALM
2021-10-19,BULL_VOLATILE,0.5101146525394634,4.717317166307512e-08,0.6477611186215603,AMBIGUOUS,dominant_gmm,0.15131234196453397,BULL_VOLATILE
2021-10-20,BULL_CALM,0.6838390770894083,3.0493469382038944e-09,0.648511804582769,AMBIGUOUS,dominant_gmm,0.1487272317938678,BULL_CALM
2021-10-21,BULL_CALM,0.812198495492083,3.4394178850815944e-09,0.6114282459790574,AMBIGUOUS,dominant_gmm,0.14358381163040163,BULL_CALM
2021-10-22,BULL_CALM,0.7894216805517758,5.889769899673522e-09,0.6217878251009105,AMBIGUOUS,dominant_gmm,0.1437888835406155,BULL_CALM
2021-10-25,BULL_VOLATILE,0.5887982525344575,2.5381288542509296e-07,0.6153467220967097,AMBIGUOUS,dominant_gmm,0.14377294945448107,BULL_VOLATILE
2021-10-26,BULL_CALM,0.8735232734137509,4.45740746086097e-09,0.6099185896062848,AMBIGUOUS,dominant_gmm,0.11906417460926115,BULL_CALM
2021-10-27,BULL_VOLATILE,0.6882835779080718,0.0007331868502370043,0.62788698381138,AMBIGUOUS,dominant_gmm,0.12159163971028972,BULL_VOLATILE
2021-10-28,BULL_CALM,0.7543067428505035,0.00010723217674753411,0.6283471038190677,AMBIGUOUS,dominant_gmm,0.11149095968991794,BULL_CALM
2021-10-29,BULL_CALM,0.9239486455010527,5.3287007894939605e-06,0.6450798091228727,AMBIGUOUS,dominant_gmm,0.10683924564202261,BULL_CALM
2021-11-01,BULL_CALM,0.9862330697446097,5.4397027031155506e-08,0.6583041834893498,MOMENTUM,hurst_momentum_bull,0.08950435116442025,BULL_CALM
2021-11-02,BULL_CALM,0.9927519414558074,4.113122521024734e-09,0.6491541031643625,AMBIGUOUS,dominant_gmm,0.08582071275091392,BULL_CALM
2021-11-03,BULL_CALM,0.925329955839203,0.00020049645773759917,0.6812678290089825,MOMENTUM,hurst_momentum_bull,0.08637438144509332,BULL_CALM
2021-11-04,BULL_CALM,0.9962647321400628,2.3032203532941608e-10,0.6903819410257089,MOMENTUM,hurst_momentum_bull,0.08426994412018993,BULL_CALM
2021-11-05,BULL_CALM,0.9990263984175605,1.331822221584229e-13,0.6966419673092259,MOMENTUM,hurst_momentum_bull,0.08220498723813224,BULL_CALM
2021-11-08,BULL_CALM,0.9999986508052843,2.4347050105917375e-28,0.7047966010668605,MOMENTUM,hurst_momentum_bull,0.0727875803870914,BULL_CALM
2021-11-09,BULL_CALM,0.999999697906792,1.221365819783762e-32,0.7198399217069246,MOMENTUM,hurst_momentum_bull,0.07380611289937833,BULL_CALM
2021-11-10,BULL_CALM,0.999998010303163,1.3374376201433913e-29,0.729842408222638,MOMENTUM,hurst_momentum_bull,0.08489537519010314,BULL_CALM
2021-11-11,BULL_CALM,0.999995221501683,2.926695775941646e-28,0.7310642521943488,MOMENTUM,hurst_momentum_bull,0.0683285944503293,BULL_CALM
2021-11-12,BULL_CALM,0.9999996607292158,1.3836759380216786e-33,0.7359439170231294,MOMENTUM,hurst_momentum_bull,0.0682586267734092,BULL_CALM
2021-11-15,BULL_CALM,0.999998616461958,3.020523234736149e-30,0.7280969157036994,MOMENTUM,hurst_momentum_bull,0.0685827194608448,BULL_CALM
2021-11-16,BULL_CALM,0.9999949185604715,1.2530101455310554e-26,0.7352042783603363,MOMENTUM,hurst_momentum_bull,0.06583525800198144,BULL_CALM
2021-11-17,BULL_CALM,0.9999989462654953,1.7103092717311282e-33,0.7210000522354951,MOMENTUM,hurst_momentum_bull,0.0672650733047375,BULL_CALM
2021-11-18,BULL_CALM,0.9999997910396979,1.5886169945748398e-38,0.6815920736900815,MOMENTUM,hurst_momentum_bull,0.06746118069355068,BULL_CALM
2021-11-19,BULL_CALM,0.9999997374556834,1.0039485956677498e-40,0.6593927298657779,MOMENTUM,hurst_momentum_bull,0.06792560011123416,BULL_CALM
2021-11-22,BULL_CALM,0.9999957483190507,5.149455310277048e-35,0.6585226112932722,MOMENTUM,hurst_momentum_bull,0.0683116617217561,BULL_CALM
2021-11-23,BULL_CALM,0.9999952777369919,4.3333754556557195e-32,0.6485849387970853,AMBIGUOUS,dominant_gmm,0.06829433586596753,BULL_CALM
2021-11-24,BULL_CALM,0.9999965252002209,1.0908604450947294e-28,0.6783214408957496,MOMENTUM,hurst_momentum_bull,0.06491410173338853,BULL_CALM
2021-11-26,BULL_CALM,0.9905201290617824,2.66641022789194e-21,0.6567860950008156,MOMENTUM,hurst_momentum_bull,0.1016381082382383,BULL_CALM
2021-11-29,BULL_CALM,0.9974045563536736,5.473702741907957e-21,0.6575795322504653,MOMENTUM,hurst_momentum_vol_cluster_choppy,0.11035086945899975,CHOPPY
2021-11-30,BULL_VOLATILE,0.8986622326749616,3.988653334510093e-10,0.6538151327066862,MOMENTUM,hurst_momentum_vol_cluster_choppy,0.13115052955431813,CHOPPY
2021-12-01,BULL_VOLATILE,0.9991423828183189,0.00045980862826457245,0.6500840887093345,MOMENTUM,hurst_momentum_bull,0.13521928228993027,BULL_CALM
2021-12-02,BULL_VOLATILE,0.9782226950411941,9.892879147026293e-05,0.6601582255044304,MOMENTUM,hard_bear,0.14540164944918998,BEAR
2021-12-03,BULL_VOLATILE,0.9988712835887444,1.8006111196108995e-05,0.6647563394776638,MOMENTUM,hurst_momentum_bull,0.1465055146958075,BULL_CALM
2021-12-06,BULL_VOLATILE,0.9831955452635995,1.6189500294424415e-07,0.6681455068548248,MOMENTUM,hurst_momentum_bull,0.1530829315505787,BULL_CALM
2021-12-07,BULL_VOLATILE,0.9787375809714047,1.622265070138695e-06,0.654061191798816,MOMENTUM,hurst_momentum_vol_cluster_choppy,0.17136988686617882,CHOPPY
2021-12-08,BULL_VOLATILE,0.9804205720702301,1.9279176951859964e-05,0.661072120616906,MOMENTUM,hurst_momentum_bull,0.1711561358180228,BULL_CALM
2021-12-09,BULL_VOLATILE,0.9909868899011955,0.000652777162792863,0.6787528055019019,MOMENTUM,hurst_momentum_bull,0.17038124071998947,BULL_CALM
2021-12-10,BULL_VOLATILE,0.9778749640974964,0.00044439547197418043,0.685650762280227,MOMENTUM,hurst_momentum_bull,0.17339224880473295,BULL_CALM
2021-12-13,BULL_VOLATILE,0.9851522768104551,0.00022953558189471495,0.7030472043253766,MOMENTUM,hurst_momentum_bull,0.17470308159726622,BULL_CALM
2021-12-14,BULL_VOLATILE,0.9808962252733296,0.0020268733873142035,0.6988394691387956,MOMENTUM,hurst_momentum_bull,0.1763788756831682,BULL_CALM
2021-12-15,BULL_VOLATILE,0.9962093968190766,0.0033778711255349285,0.7013239910182187,MOMENTUM,hurst_momentum_bull,0.18484237018437555,BULL_CALM
2021-12-16,BULL_VOLATILE,0.9958350737731549,0.0001361795559902643,0.6896303569776382,MOMENTUM,hurst_momentum_bull,0.18742335734315554,BULL_CALM
2021-12-17,BULL_VOLATILE,0.9960544656242281,0.002613626027381785,0.7214233881421273,MOMENTUM,hurst_momentum_bull,0.19328081550590484,BULL_CALM
2021-12-20,BULL_VOLATILE,0.9977963232932363,0.0021109010400576105,0.7374862791973782,MOMENTUM,hurst_momentum_bull,0.19629216982703965,BULL_CALM
2021-12-21,BULL_VOLATILE,0.999004692127804,0.000989787691406573,0.7301571355024609,MOMENTUM,hurst_momentum_vol_cluster_choppy,0.20762769534867448,CHOPPY
2021-12-22,BULL_VOLATILE,0.9992840953487852,0.0007095237830844058,0.7168071063081407,MOMENTUM,hurst_momentum_vol_cluster_choppy,0.2108430896602612,CHOPPY
2021-12-23,BULL_VOLATILE,0.9996051849094636,0.0003753467634104687,0.7105035681979279,MOMENTUM,hurst_momentum_vol_cluster_choppy,0.21180772116811544,CHOPPY
2021-12-27,BULL_VOLATILE,0.9993939320921457,0.0003672631494035682,0.6870871026888916,MOMENTUM,hurst_momentum_bull,0.1995969372813765,BULL_CALM
2021-12-28,BULL_VOLATILE,0.9956230674924612,0.003523727693849977,0.6455084610377574,AMBIGUOUS,dominant_gmm,0.19606980743567962,BULL_VOLATILE
2021-12-29,BULL_VOLATILE,0.9932492399853569,0.0022961673186793576,0.630832159473155,AMBIGUOUS,dominant_gmm,0.1800035678974141,BULL_VOLATILE
2021-12-30,BULL_VOLATILE,0.9744578887193672,0.003196331831978501,0.6328078624202982,AMBIGUOUS,dominant_gmm,0.1740291146483308,BULL_VOLATILE
2021-12-31,BULL_VOLATILE,0.957118850167566,0.004464787769738324,0.6522386064106802,MOMENTUM,hurst_momentum_bull,0.1684850998823887,BULL_CALM
2022-01-03,BULL_VOLATILE,0.9805949977343179,0.007318875415210913,0.6351893326130722,AMBIGUOUS,dominant_gmm,0.1641437386537226,BULL_VOLATILE
2022-01-04,BULL_VOLATILE,0.9897085259576447,0.003168921076509133,0.6670744446595848,MOMENTUM,hurst_momentum_bull,0.16076788033416053,BULL_CALM
2022-01-05,BULL_VOLATILE,0.9126999010417551,0.003964245469305478,0.6633781388839547,MOMENTUM,hurst_momentum_bull,0.16180386262502222,BULL_CALM
2022-01-06,BULL_VOLATILE,0.9314220299506836,0.003979849493681206,0.7176255485028794,MOMENTUM,hurst_momentum_bull,0.16154371859308547,BULL_CALM
2022-01-07,BULL_VOLATILE,0.9646202855129357,0.005297411055333397,0.7191663479196584,MOMENTUM,hurst_momentum_bull,0.16032082953021387,BULL_CALM
2022-01-10,BULL_VOLATILE,0.9863647790269537,0.012466824640068933,0.69041932096087,MOMENTUM,hurst_momentum_bull,0.15645601453324265,BULL_CALM
2022-01-11,BULL_VOLATILE,0.9678139730730446,0.004649781897555995,0.6862184863239593,MOMENTUM,hurst_momentum_bull,0.1567423070128181,BULL_CALM
2022-01-12,BULL_VOLATILE,0.9663881380559743,0.012218567650472906,0.684891920630683,MOMENTUM,hurst_momentum_bull,0.15452589138151915,BULL_CALM
2022-01-13,BULL_VOLATILE,0.9735274004928887,0.023916612313843864,0.6881994743579068,MOMENTUM,hurst_momentum_bull,0.1525110138155523,BULL_CALM
2022-01-14,BULL_VOLATILE,0.9792714698590319,0.014833026782866802,0.687057495320406,MOMENTUM,hurst_momentum_bull,0.1494055863815744,BULL_CALM
2022-01-18,BULL_VOLATILE,0.981637376038782,0.018356472862494366,0.6769636399374381,MOMENTUM,hurst_momentum_bull,0.15433764318514578,BULL_CALM
2022-01-19,BULL_VOLATILE,0.8958661031238772,0.10413379826252812,0.6724782737249055,MOMENTUM,hurst_momentum_bull,0.15411867939623317,BULL_CALM
2022-01-20,BULL_VOLATILE,0.9584958339510687,0.04149885130070616,0.6840668793679069,MOMENTUM,hard_bear,0.14284692006827202,BEAR
2022-01-21,BULL_VOLATILE,0.8774898194052541,0.12251017939558716,0.6783199218940118,MOMENTUM,hard_bear,0.14909958154066402,BEAR
2022-01-24,BULL_VOLATILE,0.9991683600947168,0.0008316249052232106,0.6659238545710855,MOMENTUM,hard_bear,0.14759525307022708,BEAR
2022-01-25,BULL_VOLATILE,0.9999612079904906,3.8791660463084155e-05,0.6798450045061875,MOMENTUM,hard_bear,0.13532758806758113,BEAR
2022-01-26,BULL_VOLATILE,0.9721878075601872,0.02781219242546564,0.7157063381742419,MOMENTUM,hard_bear,0.13482426795750568,BEAR
2022-01-27,BULL_VOLATILE,0.9577742769689537,0.04222572303075897,0.7217126526613522,MOMENTUM,hard_bear,0.13293860023756388,BEAR
2022-01-28,BULL_VOLATILE,0.9991239705266002,0.0008759954751630922,0.7067714931886118,MOMENTUM,hurst_momentum_spy_bearish,0.17012175152664438,BEAR
2022-01-31,BULL_VOLATILE,0.9999920610295694,7.796195616855304e-06,0.720940249346987,MOMENTUM,hard_bear,0.18675374866489883,BEAR
2022-02-01,BULL_VOLATILE,0.9998710752491404,2.3442182868071085e-05,0.7237692326779791,MOMENTUM,hurst_momentum_bull,0.18736319823491596,BULL_CALM
2022-02-02,BULL_VOLATILE,0.9990428783378736,8.307771263693943e-05,0.715021368187356,MOMENTUM,hurst_momentum_bull,0.192298890676212,BULL_CALM
2022-02-03,BULL_VOLATILE,0.9999115427127152,1.932507184725831e-09,0.7285613293737868,MOMENTUM,hard_bear,0.1979025148880206,BEAR
2022-02-04,BULL_VOLATILE,0.996067614038399,1.4896303936159416e-12,0.7299023436749955,MOMENTUM,hurst_momentum_bull,0.19942586265966322,BULL_CALM
2022-02-07,BULL_VOLATILE,0.997676333858288,2.908007402808233e-13,0.7650748415606111,MOMENTUM,hurst_momentum_bull,0.19934774615840414,BULL_CALM
2022-02-08,BULL_VOLATILE,0.9922715270269911,2.086370549970991e-14,0.7634670483376685,MOMENTUM,hurst_momentum_bull,0.2026230438243855,BULL_CALM
2022-02-09,BULL_VOLATILE,0.9980213579593119,3.586083298189908e-14,0.7605226731874768,MOMENTUM,hurst_momentum_bull,0.20736029584467114,BULL_CALM
2022-02-10,BULL_VOLATILE,0.9992632687234108,7.316073496292638e-15,0.7507917668773394,MOMENTUM,hurst_momentum_bull,0.21499269767731788,BULL_CALM
2022-02-11,BULL_VOLATILE,0.999999239543992,3.723471955891111e-15,0.7558404756464259,MOMENTUM,hurst_momentum_spy_bearish,0.22018202094734135,BEAR
2022-02-14,BULL_VOLATILE,0.9999999991202628,2.34535464572236e-12,0.7526802221108323,MOMENTUM,hurst_momentum_spy_bearish,0.2199099493576855,BEAR
2022-02-15,BULL_VOLATILE,0.9999999596009167,2.8964289612568536e-08,0.7410806449635279,MOMENTUM,hard_bear,0.2221676058449242,BEAR
2022-02-16,BULL_VOLATILE,0.9999997431474679,2.549872876008645e-07,0.7318331083740963,MOMENTUM,hurst_momentum_bull,0.21949948155512225,BULL_CALM
2022-02-17,BULL_VOLATILE,0.9999967907644404,3.208724307823726e-06,0.7302368213951699,MOMENTUM,hurst_momentum_spy_bearish,0.22892234584622692,BEAR
2022-02-18,BULL_VOLATILE,0.9982149223225064,0.0017850772734103674,0.7272531438740816,MOMENTUM,hurst_momentum_spy_bearish,0.21927951627904935,BEAR
2022-02-22,BULL_VOLATILE,0.9956756223606585,0.00432437762056579,0.7203151782295596,MOMENTUM,hurst_momentum_spy_bearish,0.22155877313750946,BEAR
2022-02-23,BULL_VOLATILE,0.8304796863191383,0.169520313680861,0.7069782541610513,MOMENTUM,hard_bear,0.22606373010693281,BEAR
2022-02-24,BULL_VOLATILE,0.9624689218208781,0.03753107817912201,0.7101101754570345,MOMENTUM,hard_bear,0.2333585072884535,BEAR
2022-02-25,BULL_VOLATILE,0.9885614239147527,0.011438576078403727,0.7131106505167369,MOMENTUM,hard_bear,0.245875156239682,BEAR
2022-02-28,BULL_VOLATILE,0.997327876467986,0.0026720931723772656,0.6997671724599298,MOMENTUM,hard_bear,0.22910814178686267,BEAR
2022-03-01,BULL_VOLATILE,0.9888248004200565,0.011175183749753117,0.7139940121286865,MOMENTUM,hard_bear,0.2237976525137662,BEAR
2022-03-02,BULL_VOLATILE,0.988618271551101,0.011381724425155672,0.7129290044324716,MOMENTUM,hard_bear,0.23355509332222146,BEAR
2022-03-03,BULL_VOLATILE,0.9800502185164736,0.019949774076728002,0.7232572002436591,MOMENTUM,hard_bear,0.2299211825718351,BEAR
2022-03-04,BULL_VOLATILE,0.9880604071143174,0.011938887488897612,0.7032306677283331,MOMENTUM,hurst_momentum_spy_bearish,0.2172592844945744,BEAR
2022-03-07,BULL_VOLATILE,0.9905235388635554,0.00947646113036145,0.7007720080203776,MOMENTUM,hard_bear,0.23717582370450327,BEAR
2022-03-08,BULL_VOLATILE,0.9714197586148279,0.02858024134900685,0.7080354772507776,MOMENTUM,hard_bear,0.23767048886081832,BEAR
2022-03-09,BULL_VOLATILE,0.9841190631645971,0.015880936151970403,0.7551411166639155,MOMENTUM,hard_bear,0.2580880184872906,BEAR
2022-03-10,BULL_VOLATILE,0.9999490766371241,5.0923226632657336e-05,0.7534510843619442,MOMENTUM,hard_bear,0.24999951373360602,BEAR
2022-03-11,BULL_VOLATILE,0.9999985457558961,1.4542440999969817e-06,0.7500161305339276,MOMENTUM,hard_bear,0.24664445397689563,BEAR
2022-03-14,BULL_VOLATILE,0.999999999701261,2.987377683679063e-10,0.7792297576399508,MOMENTUM,hard_bear,0.23948089596693578,BEAR
2022-03-15,BULL_VOLATILE,0.9999999998931508,9.111548308841385e-11,0.7769370120888388,MOMENTUM,hard_bear,0.2548703037776886,BEAR
2022-03-16,BULL_VOLATILE,0.9999999997237974,2.7083863230433495e-10,0.7566109162919855,MOMENTUM,hard_bear,0.26119937159117185,BEAR
2022-03-17,BULL_VOLATILE,0.9997299861126505,0.0002700138431704328,0.8006522961931635,MOMENTUM,hard_bear,0.2655533248552094,BEAR
2022-03-18,BULL_VOLATILE,0.9995800267602724,0.0004199711089215507,0.7780558528771754,MOMENTUM,hurst_momentum_bull,0.255132422898442,BULL_CALM
2022-03-21,BULL_VOLATILE,0.9999912866573899,8.71223461553784e-06,0.7773391919929884,MOMENTUM,hurst_momentum_bull,0.25367959956479297,BULL_CALM
2022-03-22,BULL_VOLATILE,0.9986068399096205,0.0013931600779965366,0.7855975048756679,MOMENTUM,hurst_momentum_bull,0.25208640017641964,BULL_CALM
2022-03-23,BULL_VOLATILE,0.985239807908598,0.014760182379320273,0.7699231507877674,MOMENTUM,hurst_momentum_bull,0.24748505687842368,BULL_CALM
2022-03-24,BULL_VOLATILE,0.9952096377098936,0.0047903612489543345,0.7616000682318251,MOMENTUM,hurst_momentum_bull,0.24750185769589292,BULL_CALM
2022-03-25,BULL_VOLATILE,0.9999402263324011,5.977236230565712e-05,0.7579195111248314,MOMENTUM,hurst_momentum_bull,0.2369092027881849,BULL_CALM
2022-03-28,BULL_VOLATILE,0.9999895514021807,1.0448545766543946e-05,0.7337398511213755,MOMENTUM,hurst_momentum_bull,0.23704474542141005,BULL_CALM
2022-03-29,BULL_VOLATILE,0.9997284604745589,0.0002715381865295963,0.7396096100655021,MOMENTUM,hurst_momentum_bull,0.23016782105020178,BULL_CALM
2022-03-30,BULL_VOLATILE,0.9998979422976827,0.00010131303076886731,0.7327642941849954,MOMENTUM,hurst_momentum_bull,0.22577016752558918,BULL_CALM
2022-03-31,BULL_VOLATILE,0.9974356577368876,0.002563982066742119,0.739944581194957,MOMENTUM,hurst_momentum_bull,0.23319939655460414,BULL_CALM
2022-04-01,BULL_VOLATILE,0.9992969605185205,0.000702481929261852,0.7409705434853096,MOMENTUM,hurst_momentum_bull,0.23017641007556688,BULL_CALM
2022-04-04,BULL_VOLATILE,0.9992324813500099,0.0003239651205253344,0.7428838384907234,MOMENTUM,hurst_momentum_bull,0.19748070969266945,BULL_CALM
2022-04-05,BULL_VOLATILE,0.9905080148419626,0.00937066003047458,0.7410654980066431,MOMENTUM,hurst_momentum_bull,0.20228224017636934,BULL_CALM
2022-04-06,BULL_VOLATILE,0.9850494935901802,0.013714106954429648,0.7494110524685467,MOMENTUM,hurst_momentum_bull,0.18924208022152264,BULL_CALM
2022-04-07,BULL_VOLATILE,0.9938965618351745,0.005760752279213445,0.7391368078485026,MOMENTUM,hurst_momentum_bull,0.18774022614542407,BULL_CALM
2022-04-08,BULL_VOLATILE,0.9931861749681848,0.006349961813183797,0.7470451511611188,MOMENTUM,hurst_momentum_bull,0.18000481573821234,BULL_CALM
2022-04-11,BULL_VOLATILE,0.9682297880284316,0.031769977844875036,0.7440745597364805,MOMENTUM,hurst_momentum_spy_bearish,0.1906426225521828,BEAR
2022-04-12,BULL_VOLATILE,0.9793150879675665,0.020684905801397254,0.7689187945652382,MOMENTUM,hurst_momentum_spy_bearish,0.17761658485746665,BEAR
2022-04-13,BULL_VOLATILE,0.9999823102930077,9.448393371551888e-06,0.772329040657201,MOMENTUM,hurst_momentum_bull,0.1646384978657631,BULL_CALM
2022-04-14,BULL_VOLATILE,0.9999739577499783,3.961493015941418e-08,0.7606084723241012,MOMENTUM,hurst_momentum_spy_bearish,0.16518629140398924,BEAR
2022-04-18,BULL_VOLATILE,0.9999801261809538,1.268455895116443e-07,0.7635545209290286,MOMENTUM,hurst_momentum_spy_bearish,0.1624119807237581,BEAR
2022-04-19,BULL_VOLATILE,0.9999676866379675,1.8983324871678952e-08,0.7636688598105261,MOMENTUM,hurst_momentum_bull,0.17307610841931673,BULL_CALM
2022-04-20,BULL_VOLATILE,0.9986427476814913,1.0212544553530572e-06,0.7556155273045352,MOMENTUM,hurst_momentum_bull,0.16759088988243767,BULL_CALM
2022-04-21,BULL_VOLATILE,0.9982247559315922,0.0014002753375917498,0.7506865140468999,MOMENTUM,hurst_momentum_spy_bearish,0.16977264725733274,BEAR
2022-04-22,BULL_VOLATILE,0.9576680838953657,0.04233191121690587,0.7541497857696735,MOMENTUM,hard_bear,0.18418395342133084,BEAR
2022-04-25,BULL_VOLATILE,0.9910009366823082,0.008998997627059014,0.7496697964701661,MOMENTUM,hard_bear,0.18471233970458217,BEAR
2022-04-26,BULL_VOLATILE,0.9801396810840348,0.019860318803438807,0.7599780577078473,MOMENTUM,hard_bear,0.20284934232392318,BEAR
2022-04-27,BULL_VOLATILE,0.9889235954985107,0.011076392833820585,0.7742433964986511,MOMENTUM,hard_bear,0.1950035613432357,BEAR
2022-04-28,BULL_VOLATILE,0.9835585506789744,0.01644144681400678,0.7748628481593358,MOMENTUM,hard_bear,0.2224003855100543,BEAR
2022-04-29,BULL_VOLATILE,0.9716972336677367,0.028302766332262926,0.7600417518587934,MOMENTUM,hard_bear,0.24937596956995894,BEAR
2022-05-02,BULL_VOLATILE,0.9994741048908427,0.0005258951091569843,0.7387965867105141,MOMENTUM,hard_bear,0.25086432539958287,BEAR
2022-05-03,BULL_VOLATILE,0.9999604641012559,3.953589874391438e-05,0.7237695234972678,MOMENTUM,hard_bear,0.24854165875536346,BEAR
2022-05-04,BULL_VOLATILE,0.9999900928818612,9.90711813870062e-06,0.6910261617569582,MOMENTUM,hard_bear,0.2754517007394103,BEAR
2022-05-05,BULL_VOLATILE,0.9999644683170155,3.553168298465708e-05,0.7358158313677325,MOMENTUM,hard_bear,0.2987937184039336,BEAR
2022-05-06,BULL_VOLATILE,0.9999999999528162,4.718380552347932e-11,0.7156416795893997,MOMENTUM,hard_bear,0.29710931844124516,BEAR
2022-05-09,BULL_VOLATILE,0.9596699149015727,0.04033008509842732,0.7207709302381373,MOMENTUM,hard_bear,0.31297362689709085,BEAR
2022-05-10,BULL_VOLATILE,0.9319147547187799,0.06808524528122006,0.6846011244343209,MOMENTUM,hard_bear,0.3111336717956394,BEAR
2022-05-11,BULL_VOLATILE,0.9922608249791129,0.007739175020887001,0.6816218914156273,MOMENTUM,hard_bear,0.3136246740036219,BEAR
2022-05-12,BULL_VOLATILE,0.9999990628092551,9.371907448199283e-07,0.6481709665531141,AMBIGUOUS,hard_bear,0.3078632337065462,BEAR
2022-05-13,BULL_VOLATILE,0.999999996827958,3.1720418603581115e-09,0.6712416084746544,MOMENTUM,hard_bear,0.32423208676948073,BEAR
2022-05-16,BULL_VOLATILE,0.999999843627841,1.5637215894679922e-07,0.6684009685275326,MOMENTUM,hard_bear,0.3237968946511536,BEAR
2022-05-17,BULL_VOLATILE,0.9999999604720771,3.9527923026278853e-08,0.6653004323891089,MOMENTUM,hard_bear,0.32786295369194496,BEAR
2022-05-18,BEAR,0.7691843078968673,0.7691843078968673,0.6514904579338574,MOMENTUM,hard_bear,0.3517179819713955,BEAR
2022-05-19,BULL_VOLATILE,0.9133191097133625,0.0866808902866375,0.6389562427111195,AMBIGUOUS,hard_bear,0.3501534860310308,BEAR
2022-05-20,BULL_VOLATILE,0.9950451066888453,0.004954893311154769,0.6314697013748654,AMBIGUOUS,hard_bear,0.3409862205293424,BEAR
2022-05-23,BULL_VOLATILE,0.993987599932007,0.00601240006799296,0.6446045574753652,AMBIGUOUS,hard_bear,0.3490116405032306,BEAR
2022-05-24,BULL_VOLATILE,0.7448480656095108,0.2551519343904893,0.6598187020581601,MOMENTUM,hard_bear,0.3364332582013943,BEAR
2022-05-25,BULL_VOLATILE,0.9281242465975031,0.07187575340249679,0.6638334896255403,MOMENTUM,hurst_momentum_spy_bearish,0.33837396195818426,BEAR
2022-05-26,BULL_VOLATILE,0.997682780767764,0.0023172192322358925,0.6874023207823581,MOMENTUM,hurst_momentum_spy_bearish,0.333166964398129,BEAR
2022-05-27,BULL_VOLATILE,0.9998827103491905,0.00011728965080944602,0.6837034348267746,MOMENTUM,hurst_momentum_spy_bearish,0.32004386418322084,BEAR
2022-05-31,BULL_VOLATILE,0.9975750270991693,0.0024249729008306744,0.6836348639914729,MOMENTUM,hurst_momentum_spy_bearish,0.3200889461687378,BEAR
2022-06-01,BULL_VOLATILE,0.9435245551958676,0.05647544480413229,0.7158309374261308,MOMENTUM,hurst_momentum_spy_bearish,0.3208454753649182,BEAR
2022-06-02,BULL_VOLATILE,0.9526234573989604,0.04737654260103955,0.7126717156827932,MOMENTUM,hurst_momentum_spy_bearish,0.30850572260615483,BEAR
2022-06-03,BULL_VOLATILE,0.910793652539485,0.08920634746047078,0.7125242226702934,MOMENTUM,hard_bear,0.28698013998784855,BEAR
2022-06-06,BULL_VOLATILE,0.9190221767475834,0.08097782325238373,0.6951823194937359,MOMENTUM,hurst_momentum_spy_bearish,0.2863767592481621,BEAR
2022-06-07,BULL_VOLATILE,0.9779731210797091,0.022026878801681967,0.6803036101000007,MOMENTUM,hurst_momentum_spy_bearish,0.26125800674227617,BEAR
2022-06-08,BULL_VOLATILE,0.9706263167718261,0.029373683170619346,0.7517257745018204,MOMENTUM,hurst_momentum_spy_bearish,0.26540244153089826,BEAR
2022-06-09,BULL_VOLATILE,0.970612315081549,0.029387684895249868,0.7450979385112323,MOMENTUM,hurst_momentum_spy_bearish,0.27366699836908626,BEAR
2022-06-10,BULL_VOLATILE,0.7989070408250202,0.20109295917497969,0.7347953195576461,MOMENTUM,hard_bear,0.2939880080031357,BEAR
2022-06-13,BEAR,0.9647086489764305,0.9647086489764305,0.7379791976279828,MOMENTUM,hard_bear,0.3084877885244331,BEAR
2022-06-14,BEAR,0.9349691298045761,0.9349691298045761,0.719533470021054,MOMENTUM,hard_bear,0.308474012759688,BEAR
2022-06-15,BEAR,0.8486958025044151,0.8486958025044151,0.704056265009345,MOMENTUM,hard_bear,0.30278185064073154,BEAR
2022-06-16,BEAR,0.9574668498688347,0.9574668498688347,0.6783739127489794,MOMENTUM,hard_bear,0.29204545761287265,BEAR
2022-06-17,BEAR,0.9588739486581621,0.9588739486581621,0.6539225185860127,MOMENTUM,hard_bear,0.2918504128624641,BEAR
2022-06-21,BEAR,0.9312283412693604,0.9312283412693604,0.649430947376122,AMBIGUOUS,hard_bear,0.308407131483997,BEAR
2022-06-22,BEAR,0.9608208032836366,0.9608208032836366,0.669500892830671,MOMENTUM,hard_bear,0.29882893411560374,BEAR
2022-06-23,BEAR,0.8447040836823807,0.8447040836823807,0.6877226874712327,MOMENTUM,hard_bear,0.3014461691275504,BEAR
2022-06-24,BULL_VOLATILE,0.5962744972776629,0.40372550272233704,0.6570407552478488,MOMENTUM,hurst_momentum_spy_bearish,0.32254427023053145,BEAR
2022-06-27,BULL_VOLATILE,0.7957751338898212,0.20422486611017868,0.6478292575922591,AMBIGUOUS,hard_bear,0.3132049256668579,BEAR
2022-06-28,BULL_VOLATILE,0.8758971538038369,0.12410284619616081,0.6624471075566182,MOMENTUM,hard_bear,0.30333234458559954,BEAR
2022-06-29,BULL_VOLATILE,0.8920492354689012,0.10795076453109669,0.6745141084915236,MOMENTUM,hard_bear,0.30350742484695337,BEAR
2022-06-30,BULL_VOLATILE,0.9594085018290137,0.04059149817098334,0.6740005245650248,MOMENTUM,hard_bear,0.30351395529948416,BEAR
2022-07-01,BULL_VOLATILE,0.9299154270152035,0.07008457298477848,0.6605853921255975,MOMENTUM,hard_bear,0.2964191597267389,BEAR
2022-07-05,BULL_VOLATILE,0.9936484249886331,0.006351575011332155,0.6584238696953497,MOMENTUM,hurst_momentum_spy_bearish,0.2936500092309246,BEAR
2022-07-06,BULL_VOLATILE,0.9978724856209519,0.002127514379023604,0.6581755872728697,MOMENTUM,hurst_momentum_spy_bearish,0.2937497418665124,BEAR
2022-07-07,BULL_VOLATILE,0.9872932720585766,0.012706727941409746,0.6655679706151088,MOMENTUM,hurst_momentum_spy_bearish,0.2975116083746316,BEAR
2022-07-08,BULL_VOLATILE,0.9998863981231867,0.0001136018767974184,0.6674113201591308,MOMENTUM,hurst_momentum_spy_bearish,0.2961885742338136,BEAR
2022-07-11,BULL_VOLATILE,0.9995122904072844,0.00048770959271533494,0.6672571037055406,MOMENTUM,hurst_momentum_spy_bearish,0.2876175643583654,BEAR
2022-07-12,BULL_VOLATILE,0.9770172292674593,0.02298277073247556,0.6709937341159369,MOMENTUM,hurst_momentum_spy_bearish,0.27097602602826343,BEAR
2022-07-13,BULL_VOLATILE,0.9956640114401409,0.004335961484979103,0.6817976153487714,MOMENTUM,hurst_momentum_spy_bearish,0.23420713969066312,BEAR
2022-07-14,BULL_VOLATILE,0.9955604714619523,0.0044395082788110905,0.6787038024204056,MOMENTUM,hurst_momentum_spy_bearish,0.23409625563797387,BEAR
2022-07-15,BULL_VOLATILE,0.9830455470935544,0.01695424558690904,0.6800098127094109,MOMENTUM,hurst_momentum_spy_bearish,0.23842925354921773,BEAR
2022-07-18,BULL_VOLATILE,0.9949974393410469,0.0048840784261131075,0.6890311595228142,MOMENTUM,hurst_momentum_spy_bearish,0.20550882034024484,BEAR
2022-07-19,BULL_VOLATILE,0.9904022913550873,0.009593906513017923,0.6917565068543394,MOMENTUM,hard_bear,0.22281346089100407,BEAR
2022-07-20,BULL_VOLATILE,0.9930080701578261,0.006933784143665954,0.6953230904591842,MOMENTUM,hurst_momentum_bull,0.20816445741642853,BULL_CALM
2022-07-21,BULL_VOLATILE,0.9941649161264834,0.005760856792028106,0.6998307825158252,MOMENTUM,hurst_momentum_bull,0.20911111403411378,BULL_CALM
2022-07-22,BULL_VOLATILE,0.9987800530389539,0.0011160612426115045,0.6986655927494264,MOMENTUM,hurst_momentum_bull,0.2121203387499949,BULL_CALM
2022-07-25,BULL_VOLATILE,0.9932272489551115,0.0025775839390083893,0.7139482701761455,MOMENTUM,hurst_momentum_bull,0.18123099969131648,BULL_CALM
2022-07-26,BULL_VOLATILE,0.995006235010785,0.002113545671082748,0.705575347317092,MOMENTUM,hurst_momentum_spy_bearish,0.18608260366013657,BEAR
2022-07-27,BULL_VOLATILE,0.9986317436185058,0.0013340680974425884,0.7365042461854876,MOMENTUM,hurst_momentum_bull,0.19016079470603978,BULL_CALM
2022-07-28,BULL_VOLATILE,0.9994663107366432,0.0005322757637682772,0.7213324748280263,MOMENTUM,hurst_momentum_bull,0.19279756572522103,BULL_CALM
2022-07-29,BULL_VOLATILE,0.9933819219854068,0.006616319157024632,0.7080202080444921,MOMENTUM,hurst_momentum_bull,0.1917195910296355,BULL_CALM
2022-08-01,BULL_VOLATILE,0.9939688829567963,0.0060306801077123695,0.7189921343795382,MOMENTUM,hurst_momentum_bull,0.19203493140217515,BULL_CALM
2022-08-02,BULL_VOLATILE,0.9993159589427295,0.00036402077659216406,0.7192065126898599,MOMENTUM,hurst_momentum_bull,0.19549016437010686,BULL_CALM
2022-08-03,BULL_VOLATILE,0.9996402930868777,9.172832676985184e-08,0.705090701781775,MOMENTUM,hurst_momentum_bull,0.20028892217771818,BULL_CALM
2022-08-04,BULL_VOLATILE,0.9994843692241187,0.00016430558211667613,0.7494098459904642,MOMENTUM,hurst_momentum_bull,0.19657893146527053,BULL_CALM
2022-08-05,BULL_VOLATILE,0.9988385836419484,0.0010602051332807686,0.7272438653906935,MOMENTUM,hurst_momentum_bull,0.19683912514465166,BULL_CALM
2022-08-08,BULL_VOLATILE,0.9986282670031876,5.7135547961909345e-06,0.7254548319708088,MOMENTUM,hurst_momentum_bull,0.18999971475583982,BULL_CALM
2022-08-09,BULL_VOLATILE,0.9825228735245578,3.5112469052531545e-11,0.7027274476917288,MOMENTUM,hurst_momentum_bull,0.18648896706156604,BULL_CALM
2022-08-10,BULL_VOLATILE,0.9783637048288351,1.0453500602231581e-12,0.7138834894408045,MOMENTUM,hurst_momentum_bull,0.1925394030416046,BULL_CALM
2022-08-11,BULL_VOLATILE,0.9250247690704355,1.709413353485482e-14,0.7123467464083459,MOMENTUM,hurst_momentum_bull,0.19144646833988205,BULL_CALM
2022-08-12,BULL_VOLATILE,0.9302864938592491,1.2426052821779064e-13,0.7230976520831713,MOMENTUM,hurst_momentum_bull,0.1895206484609124,BULL_CALM
2022-08-15,BULL_VOLATILE,0.978359380815946,3.2442265066237606e-09,0.7157413399787513,MOMENTUM,hurst_momentum_bull,0.1827919695272037,BULL_CALM
2022-08-16,BULL_CALM,0.8337604555005048,1.3552740690955598e-16,0.7187390240434011,MOMENTUM,hurst_momentum_bull,0.16512943866202554,BULL_CALM
2022-08-17,BULL_CALM,0.9398964822804631,1.983889327752118e-20,0.7265084589260227,MOMENTUM,hurst_momentum_bull,0.17007996000435577,BULL_CALM
2022-08-18,BULL_CALM,0.9984038862873327,6.948344253497494e-30,0.7577172436638386,MOMENTUM,hurst_momentum_bull,0.1684938916068038,BULL_CALM
2022-08-19,BULL_CALM,0.9973583037127068,9.669776646658236e-34,0.760487025207352,MOMENTUM,hurst_momentum_bull,0.17328356515674426,BULL_CALM
2022-08-22,BULL_VOLATILE,0.9862506948310527,9.91257584780303e-26,0.7439849609548789,MOMENTUM,hurst_momentum_bull,0.19341104952533456,BULL_CALM
2022-08-23,BULL_VOLATILE,0.9890780581234289,1.39975689178782e-19,0.7259862275812081,MOMENTUM,hard_bear,0.1870915808125936,BEAR
2022-08-24,BULL_VOLATILE,0.9972948712970042,5.707271127103832e-16,0.7400698382364646,MOMENTUM,hurst_momentum_bull,0.16585644001113925,BULL_CALM
2022-08-25,BULL_VOLATILE,0.9800863769007772,1.2735237654989006e-09,0.7286552726039828,MOMENTUM,hurst_momentum_bull,0.1673220910036895,BULL_CALM
2022-08-26,BULL_VOLATILE,0.9999995552595558,4.447355418714694e-07,0.7261917709258231,MOMENTUM,hard_bear,0.2024343440134265,BEAR
2022-08-29,BULL_VOLATILE,0.9992325155945873,0.0007674844053346553,0.703697357780316,MOMENTUM,hard_bear,0.20337847304525333,BEAR
2022-08-30,BULL_VOLATILE,0.9997387410580549,0.00026125894194516347,0.7120713825473748,MOMENTUM,hard_bear,0.20558226720057796,BEAR
2022-08-31,BULL_VOLATILE,0.9999467047186091,5.3295281390899755e-05,0.7105191927792903,MOMENTUM,hard_bear,0.19676471535409978,BEAR
2022-09-01,BULL_VOLATILE,0.9999992467621137,7.532378862650266e-07,0.7132393030291232,MOMENTUM,hard_bear,0.1976470164699168,BEAR
2022-09-02,BULL_VOLATILE,0.999996967679918,3.0323200819955213e-06,0.7213593031797246,MOMENTUM,hurst_momentum_spy_bearish,0.19988171155422624,BEAR
2022-09-06,BULL_VOLATILE,0.9999995643852889,4.3561406090717814e-07,0.7339665079904923,MOMENTUM,hurst_momentum_spy_bearish,0.1998549113518778,BEAR
2022-09-07,BULL_VOLATILE,0.9999214551181259,7.854443156474938e-05,0.7513756735729008,MOMENTUM,hurst_momentum_spy_bearish,0.21273874402919135,BEAR
2022-09-08,BULL_VOLATILE,0.9998281713195242,0.00017179314974088533,0.7482976529871589,MOMENTUM,hurst_momentum_spy_bearish,0.19805070664052876,BEAR
2022-09-09,BULL_VOLATILE,0.9813050028530265,0.01869494670258024,0.7257913357576781,MOMENTUM,hurst_momentum_bull,0.20789037292489043,BULL_CALM
2022-09-12,BULL_VOLATILE,0.9889849271340905,0.010760987720410495,0.6990465281382804,MOMENTUM,hurst_momentum_bull,0.20167308001503034,BULL_CALM
2022-09-13,BULL_VOLATILE,0.9767377405747545,0.023262259258821263,0.6811955896258725,MOMENTUM,hard_bear,0.24837518254905636,BEAR
2022-09-14,BULL_VOLATILE,0.9847614855952517,0.015238511791323852,0.6943050050090942,MOMENTUM,hard_bear,0.24907499944121658,BEAR
2022-09-15,BULL_VOLATILE,0.9881482624077157,0.011851735758478603,0.7019823860667095,MOMENTUM,hard_bear,0.250202264696694,BEAR
2022-09-16,BULL_VOLATILE,0.9773619398589658,0.02263806013051256,0.7652698143353779,MOMENTUM,hard_bear,0.249954835667659,BEAR
2022-09-19,BULL_VOLATILE,0.9998871408640352,0.00011285904924700232,0.7659587229144894,MOMENTUM,hard_bear,0.25186410294888434,BEAR
2022-09-20,BULL_VOLATILE,0.9999998801216688,1.1983375408801183e-07,0.7287274520981697,MOMENTUM,hurst_momentum_spy_bearish,0.24570300142158494,BEAR
2022-09-21,BULL_VOLATILE,0.9999997163894738,2.83610526015082e-07,0.7400318562261089,MOMENTUM,hard_bear,0.25052755832966467,BEAR
2022-09-22,BULL_VOLATILE,0.9999999923405262,7.659473900914168e-09,0.721564760761006,MOMENTUM,hard_bear,0.24930190261370422,BEAR
2022-09-23,BULL_VOLATILE,0.9995632798332951,0.00043672016670500763,0.707283016049179,MOMENTUM,hard_bear,0.2420801520068212,BEAR
2022-09-26,BULL_VOLATILE,0.9991714334830687,0.0008285665169314208,0.7028094398343837,MOMENTUM,hard_bear,0.22001353055030726,BEAR
2022-09-27,BULL_VOLATILE,0.9993572370333065,0.0006427629666935138,0.6758941967668336,MOMENTUM,hard_bear,0.22014611281147775,BEAR
2022-09-28,BULL_VOLATILE,0.9956127090398524,0.004387290960147531,0.6680875102126606,MOMENTUM,hurst_momentum_spy_bearish,0.235503886321848,BEAR
2022-09-29,BULL_VOLATILE,0.9252035792391201,0.07479642076087982,0.6712028489497036,MOMENTUM,hard_bear,0.24317709396282738,BEAR
2022-09-30,BULL_VOLATILE,0.9845725290414186,0.015427470958581541,0.6649049542085473,MOMENTUM,hard_bear,0.24473811357404143,BEAR
2022-10-03,BULL_VOLATILE,0.9971569295136625,0.0028430704863374964,0.673953830669896,MOMENTUM,hard_bear,0.26785145489924417,BEAR
2022-10-04,BULL_VOLATILE,0.9996088366935534,0.00039116330644658494,0.6666400709745437,MOMENTUM,hard_bear,0.294064483374172,BEAR
2022-10-05,BULL_VOLATILE,0.9987414561298946,0.001258543870081664,0.6832942126897535,MOMENTUM,hard_bear,0.2849302428679643,BEAR
2022-10-06,BULL_VOLATILE,0.9993372321546528,0.0006627678453271829,0.678477296305271,MOMENTUM,hard_bear,0.284109140495233,BEAR
2022-10-07,BULL_VOLATILE,0.9832433009310517,0.016756699068946793,0.6552294685073394,MOMENTUM,hard_bear,0.287609846214289,BEAR
2022-10-10,BULL_VOLATILE,0.9839940500657943,0.016005949934189658,0.6500571178436935,MOMENTUM,hard_bear,0.28114227714141776,BEAR
2022-10-11,BULL_VOLATILE,0.9952039599877524,0.004796039861614199,0.6506687845271552,MOMENTUM,hard_bear,0.24481364457064436,BEAR
2022-10-12,BULL_VOLATILE,0.9998065118458894,0.00019348815405157942,0.6537056988238287,MOMENTUM,hard_bear,0.24286878159475675,BEAR
2022-10-13,BULL_VOLATILE,0.9999997383306353,2.6164377600777475e-07,0.6736292744898835,MOMENTUM,hard_bear,0.26555545110022283,BEAR
2022-10-14,BULL_VOLATILE,0.9999999990930937,9.061535797737446e-10,0.6769714725664392,MOMENTUM,hard_bear,0.2731545972772544,BEAR
2022-10-17,BULL_VOLATILE,0.9999999999754785,2.4518138711319538e-11,0.7197662466325991,MOMENTUM,hard_bear,0.2899654126548609,BEAR
2022-10-18,BULL_VOLATILE,0.9999999999911935,8.806443735192975e-12,0.7321132451340923,MOMENTUM,hard_bear,0.2923679387508551,BEAR
2022-10-19,BULL_VOLATILE,0.9999999999999927,7.383854608734523e-15,0.7590673379620314,MOMENTUM,hard_bear,0.2871675362637791,BEAR
2022-10-20,BULL_VOLATILE,0.9999999998608038,1.3919624825696903e-10,0.7648409879873652,MOMENTUM,hard_bear,0.28716261038093605,BEAR
2022-10-21,BULL_VOLATILE,0.9999998347923016,1.6520765914083893e-07,0.7701661720923018,MOMENTUM,hard_bear,0.2942482481957744,BEAR
2022-10-24,BULL_VOLATILE,0.9258639619180599,0.0741360380819322,0.7761502906796426,MOMENTUM,hurst_momentum_spy_bearish,0.2938506399922011,BEAR
2022-10-25,BULL_VOLATILE,0.748223387858304,0.25177661214169594,0.7649856297333721,MOMENTUM,hurst_momentum_spy_bearish,0.2972760719266603,BEAR
2022-10-26,BULL_VOLATILE,0.7918340621897031,0.2081659378102966,0.7692197759360667,MOMENTUM,hurst_momentum_spy_bearish,0.2927474821606773,BEAR
2022-10-27,BULL_VOLATILE,0.9864892619163502,0.013510738082662578,0.77460942191489,MOMENTUM,hurst_momentum_spy_bearish,0.2818420610986959,BEAR
2022-10-28,BULL_VOLATILE,0.9707166420401779,0.029283357959821742,0.7726706248895129,MOMENTUM,hurst_momentum_bull,0.2831611497340878,BULL_CALM
2022-10-31,BULL_VOLATILE,0.9941100970149764,0.005889902982180023,0.7551497725474783,MOMENTUM,hurst_momentum_bull,0.27354753497293827,BULL_CALM
2022-11-01,BULL_VOLATILE,0.9931483466103319,0.0068516510796104,0.7277538131937004,MOMENTUM,hurst_momentum_bull,0.25317126610052915,BULL_CALM
2022-11-02,BULL_VOLATILE,0.9962125673049561,0.003787432665572615,0.7069350733913736,MOMENTUM,hard_bear,0.26949060581292883,BEAR
2022-11-03,BULL_VOLATILE,0.9769009353655659,0.0230990645895157,0.7055026653649407,MOMENTUM,hard_bear,0.2694811491540164,BEAR
2022-11-04,BULL_VOLATILE,0.989287688988062,0.010712308998220624,0.6855691739975537,MOMENTUM,hurst_momentum_spy_bearish,0.2530593211285531,BEAR
2022-11-07,BULL_VOLATILE,0.9972641336339776,0.0027358461173486014,0.6726094379902218,MOMENTUM,hard_bear,0.25177444390839865,BEAR
2022-11-08,BULL_VOLATILE,0.9952548870344875,0.004745103576890191,0.6512228004566406,MOMENTUM,hard_bear,0.2495535613072695,BEAR
2022-11-09,BULL_VOLATILE,0.9901318922367298,0.009868107729794224,0.6453627542404446,AMBIGUOUS,dominant_gmm,0.26291762176437594,BULL_VOLATILE
2022-11-10,BULL_VOLATILE,0.8712653179953801,0.1287346820046197,0.6655874026339648,MOMENTUM,hard_bear,0.31221500451804435,BEAR
2022-11-11,BULL_VOLATILE,0.9941777221305687,0.0058222778691850025,0.6610742677248793,MOMENTUM,hard_bear,0.2961719979426115,BEAR
2022-11-14,BULL_VOLATILE,0.9566944959049882,0.04330550409462006,0.6557156666461595,MOMENTUM,hard_bear,0.29019830924536094,BEAR
2022-11-15,BULL_VOLATILE,0.9974148067872174,0.002585193212670145,0.6530054107206171,MOMENTUM,hard_bear,0.28926352588029525,BEAR
2022-11-16,BULL_VOLATILE,0.9988850769807327,0.0011149230192388686,0.6647660292945948,MOMENTUM,hard_bear,0.28953844589196964,BEAR
2022-11-17,BULL_VOLATILE,0.9999811408406729,1.885915928255721e-05,0.649901607154767,AMBIGUOUS,dominant_gmm,0.28720003928336113,BULL_VOLATILE
2022-11-18,BULL_VOLATILE,0.9999900736829728,9.926314311498269e-06,0.6472214110799062,AMBIGUOUS,dominant_gmm,0.2770199700950225,BULL_VOLATILE
2022-11-21,BULL_VOLATILE,0.9999999999463172,8.320369885540643e-12,0.6627745499618724,MOMENTUM,hurst_momentum_bull,0.27570397137818675,BULL_CALM
2022-11-22,BULL_VOLATILE,0.9983997933008756,0.0016002066944025538,0.6601304250682098,MOMENTUM,hurst_momentum_bull,0.2741773909600705,BULL_CALM
2022-11-23,BULL_VOLATILE,0.9644682646088226,0.03553173539114007,0.6468667443858913,AMBIGUOUS,dominant_gmm,0.27215378526424916,BULL_VOLATILE
2022-11-25,BULL_VOLATILE,0.9868372108780452,0.013162789091752683,0.6798987875726443,MOMENTUM,hurst_momentum_bull,0.2707409333119825,BULL_CALM
2022-11-28,BULL_VOLATILE,0.9921102642018611,0.007889735794287632,0.6741791641531663,MOMENTUM,hurst_momentum_bull,0.26699056522092285,BULL_CALM
2022-11-29,BULL_VOLATILE,0.9991790435753647,0.0008209564137313653,0.6879620159048851,MOMENTUM,hurst_momentum_bull,0.26544943492284234,BULL_CALM
2022-11-30,BULL_VOLATILE,0.9834492388261694,0.016550761173334996,0.6878495280235017,MOMENTUM,hard_bear,0.2851195742011106,BEAR
2022-12-01,BULL_VOLATILE,0.9999778604697791,2.2139366184484142e-05,0.6896030083292218,MOMENTUM,hard_bear,0.26563782639101763,BEAR
2022-12-02,BULL_VOLATILE,0.9999723051179166,2.769432478089128e-05,0.7118383687698772,MOMENTUM,hard_bear,0.2609159584743607,BEAR
2022-12-05,BULL_VOLATILE,0.9995681671161494,0.00043183287195664615,0.6936172923020335,MOMENTUM,hard_bear,0.27020449347563125,BEAR
2022-12-06,BULL_VOLATILE,0.999094494883173,0.0009055051164265217,0.6621965010017034,MOMENTUM,hard_bear,0.27598191338024536,BEAR
2022-12-07,BULL_VOLATILE,0.9838961466409388,0.016103853359021765,0.6477905611290385,AMBIGUOUS,dominant_gmm,0.27595191450478695,BULL_VOLATILE
2022-12-08,BULL_VOLATILE,0.9538248670551475,0.046175132932350156,0.6427986666423845,AMBIGUOUS,dominant_gmm,0.2638268205901249,BULL_VOLATILE
2022-12-09,BULL_VOLATILE,0.9917273480462238,0.008159670238461815,0.6360440344579757,AMBIGUOUS,dominant_gmm,0.1807757253802842,BULL_VOLATILE
2022-12-12,BULL_VOLATILE,0.9973598653226723,0.0006534310812252682,0.624026469303931,AMBIGUOUS,dominant_gmm,0.1849167327145764,BULL_VOLATILE
2022-12-13,BULL_VOLATILE,0.9927664595559024,6.584419878240748e-07,0.625801264229754,AMBIGUOUS,dominant_gmm,0.183772076477125,BULL_VOLATILE
2022-12-14,BULL_VOLATILE,0.9999637610543648,2.1487948963961447e-05,0.6143823230885287,AMBIGUOUS,dominant_gmm,0.1832136333287185,BULL_VOLATILE
2022-12-15,BULL_VOLATILE,0.9976738071397607,0.0023261925188587094,0.6114073812258919,AMBIGUOUS,dominant_gmm,0.2015509271969849,BULL_VOLATILE
2022-12-16,BULL_VOLATILE,0.9658032555960696,0.03419674436828038,0.6225046649839975,AMBIGUOUS,hard_bear,0.2090024275818546,BEAR
2022-12-19,BULL_VOLATILE,0.9646725077736112,0.03532749147270692,0.5991910385397548,AMBIGUOUS,hard_bear,0.20926358133687417,BEAR
2022-12-20,BULL_VOLATILE,0.9600464067504282,0.03995355882330182,0.5991772750137433,AMBIGUOUS,hard_bear,0.20949179921843,BEAR
2022-12-21,BULL_VOLATILE,0.975365919118698,0.02463279175590825,0.5999929269802607,AMBIGUOUS,dominant_gmm,0.21099143200050557,BULL_VOLATILE
2022-12-22,BULL_VOLATILE,0.9828559637282938,0.017144023762099968,0.6030984848180668,AMBIGUOUS,dominant_gmm,0.21332413615886783,BULL_VOLATILE
2022-12-23,BULL_VOLATILE,0.9982656305623964,0.001733086045901875,0.6008298065549642,AMBIGUOUS,dominant_gmm,0.21528328204379144,BULL_VOLATILE
2022-12-27,BULL_VOLATILE,0.9845265761813008,0.015473416651676964,0.608166579503954,AMBIGUOUS,dominant_gmm,0.20937965175549478,BULL_VOLATILE
2022-12-28,BULL_VOLATILE,0.9846814661379034,0.015318533856217374,0.6070157609678363,AMBIGUOUS,dominant_gmm,0.2127596423263899,BULL_VOLATILE
2022-12-29,BULL_VOLATILE,0.9912835061943563,0.008714950665552479,0.6102420647062339,AMBIGUOUS,dominant_gmm,0.1882873723863703,BULL_VOLATILE
2022-12-30,BULL_VOLATILE,0.9935483590792232,0.006266109530157568,0.6216443739550613,AMBIGUOUS,dominant_gmm,0.1881059953826538,BULL_VOLATILE
2023-01-03,BULL_VOLATILE,0.9914978652409902,0.007794877815037259,0.6236914348381849,AMBIGUOUS,dominant_gmm,0.18800192417127568,BULL_VOLATILE
2023-01-04,BULL_VOLATILE,0.9950776997098061,0.0019510476395018402,0.6349056245639578,AMBIGUOUS,dominant_gmm,0.18334412069991207,BULL_VOLATILE
2023-01-05,BULL_VOLATILE,0.9936377075030257,0.004281669928517278,0.6215670672861143,AMBIGUOUS,dominant_gmm,0.18093262636161087,BULL_VOLATILE
2023-01-06,BULL_VOLATILE,0.9969187326533414,0.002690286060312636,0.6011409664327639,AMBIGUOUS,dominant_gmm,0.20112293445047796,BULL_VOLATILE
2023-01-09,BULL_VOLATILE,0.994618167917664,0.004972096724400884,0.6048948340027325,AMBIGUOUS,dominant_gmm,0.19866066118291817,BULL_VOLATILE
2023-01-10,BULL_VOLATILE,0.9991389219287039,0.0005310982180238439,0.6047530797997304,AMBIGUOUS,dominant_gmm,0.19905005682582186,BULL_VOLATILE
2023-01-11,BULL_VOLATILE,0.9995039926890011,0.0001457459683841917,0.6001590982638543,AMBIGUOUS,dominant_gmm,0.19741083571253215,BULL_VOLATILE
2023-01-12,BULL_VOLATILE,0.9938631204084422,0.00611014473776458,0.6045675507665141,AMBIGUOUS,dominant_gmm,0.19580414855760622,BULL_VOLATILE
2023-01-13,BULL_VOLATILE,0.9990277007539141,0.0006441684392574761,0.6022224682546491,AMBIGUOUS,dominant_gmm,0.19513553073855192,BULL_VOLATILE
2023-01-17,BULL_VOLATILE,0.9861739732124172,8.942416607221195e-05,0.6397422137045065,AMBIGUOUS,dominant_gmm,0.17283246299676944,BULL_VOLATILE
2023-01-18,BULL_VOLATILE,0.959242122536016,9.027630548660952e-05,0.6138166403443877,AMBIGUOUS,dominant_gmm,0.1721262537338631,BULL_VOLATILE
2023-01-19,BULL_VOLATILE,0.9592505905577153,8.928381968279333e-05,0.5919913485905663,AMBIGUOUS,dominant_gmm,0.1712896394402822,BULL_VOLATILE
2023-01-20,BULL_VOLATILE,0.9976440898571781,0.00020602069192237184,0.6066080863027751,AMBIGUOUS,dominant_gmm,0.18215809026339314,BULL_VOLATILE
2023-01-23,BULL_VOLATILE,0.9931549220237991,0.00033768681628512404,0.6199597417968676,AMBIGUOUS,dominant_gmm,0.17966573844777994,BULL_VOLATILE
2023-01-24,BULL_VOLATILE,0.9716015443037838,0.0002031086671649282,0.613537649457442,AMBIGUOUS,dominant_gmm,0.1697585060266487,BULL_VOLATILE
2023-01-25,BULL_VOLATILE,0.965812284015993,0.0004342766860223152,0.5995778912502333,AMBIGUOUS,dominant_gmm,0.16948699407753196,BULL_VOLATILE
2023-01-26,BULL_VOLATILE,0.9610944453090081,0.00017732010808799517,0.6229300123029622,AMBIGUOUS,dominant_gmm,0.17049686662297336,BULL_VOLATILE
2023-01-27,BULL_VOLATILE,0.8834631638059182,0.00016140365492067754,0.614098252256801,AMBIGUOUS,dominant_gmm,0.16050947977565747,BULL_VOLATILE
2023-01-30,BULL_VOLATILE,0.9188925702877461,1.6451853117599424e-06,0.6146466342833125,AMBIGUOUS,dominant_gmm,0.16120443616979355,BULL_VOLATILE
2023-01-31,BULL_VOLATILE,0.8840077561651132,3.286141481262e-06,0.6596548170754375,MOMENTUM,hurst_momentum_bull,0.16593115251448282,BULL_CALM
2023-02-01,BULL_VOLATILE,0.9597510950247903,8.441832732179959e-07,0.663786939958101,MOMENTUM,hurst_momentum_bull,0.16561317587839453,BULL_CALM
2023-02-02,BULL_VOLATILE,0.8633985318528484,6.3907377605191626e-15,0.6583537611855048,MOMENTUM,hurst_momentum_bull,0.16946669294833286,BULL_CALM
2023-02-03,BULL_CALM,0.6501759326615794,3.838269286546072e-14,0.6292445690106097,AMBIGUOUS,dominant_gmm,0.16852921228866213,BULL_CALM
2023-02-06,BULL_CALM,0.7897263040829643,5.886752131227354e-13,0.6368586414831421,AMBIGUOUS,dominant_gmm,0.15691128394908208,BULL_CALM
2023-02-07,BULL_VOLATILE,0.7208968566393166,7.175233269210866e-08,0.6356374820758306,AMBIGUOUS,dominant_gmm,0.16048999643178324,BULL_VOLATILE
2023-02-08,BULL_VOLATILE,0.9438576513620015,3.938963106050088e-05,0.6377934211321084,AMBIGUOUS,dominant_gmm,0.1677013256355606,BULL_VOLATILE
2023-02-09,BULL_VOLATILE,0.9721478609469032,2.4787130742732053e-06,0.6506639978409171,MOMENTUM,hurst_momentum_bull,0.16776747860667282,BULL_CALM
2023-02-10,BULL_VOLATILE,0.9661571585448063,3.8308466307799505e-07,0.6399716813296686,AMBIGUOUS,dominant_gmm,0.16760989514753263,BULL_VOLATILE
2023-02-13,BULL_VOLATILE,0.9225107069223333,2.3190131537746314e-07,0.6228593818171859,AMBIGUOUS,dominant_gmm,0.1714118275406561,BULL_VOLATILE
2023-02-14,BULL_VOLATILE,0.9686949604991698,1.986637399951568e-05,0.6131874649358119,AMBIGUOUS,dominant_gmm,0.17109273131950256,BULL_VOLATILE
2023-02-15,BULL_VOLATILE,0.8669706146445862,8.09563349474405e-06,0.5965136187789173,AMBIGUOUS,dominant_gmm,0.15783226696395472,BULL_VOLATILE
2023-02-16,BULL_VOLATILE,0.999416689916173,0.00012136502720199254,0.589606962167774,AMBIGUOUS,dominant_gmm,0.164876056552685,BULL_VOLATILE
2023-02-17,BULL_VOLATILE,0.9838318257828399,0.0004197435057014714,0.5994827304849462,AMBIGUOUS,dominant_gmm,0.154207166583141,BULL_VOLATILE
2023-02-21,BULL_VOLATILE,0.9951526561318266,0.00462048100584083,0.6010284204156845,AMBIGUOUS,dominant_gmm,0.1666446968406304,BULL_VOLATILE
2023-02-22,BULL_VOLATILE,0.9961088137576568,0.003888945470046697,0.5980540061528897,AMBIGUOUS,dominant_gmm,0.1666708451785161,BULL_VOLATILE
2023-02-23,BULL_VOLATILE,0.9988368017506285,0.0010090031674076354,0.5995129238735424,AMBIGUOUS,dominant_gmm,0.16779979325001818,BULL_VOLATILE
2023-02-24,BULL_VOLATILE,0.9964919121691321,0.003296317194181663,0.584153086894099,AMBIGUOUS,dominant_gmm,0.16676193768002695,BULL_VOLATILE
2023-02-27,BULL_VOLATILE,0.9955210899949438,0.004163352325111172,0.5779759259400541,AMBIGUOUS,dominant_gmm,0.1670979079176743,BULL_VOLATILE
2023-02-28,BULL_VOLATILE,0.9969558607168436,0.0030408129121032063,0.6041551026469707,AMBIGUOUS,dominant_gmm,0.16181119039974642,BULL_VOLATILE
2023-03-01,BULL_VOLATILE,0.9963399111922653,0.003649948698631717,0.6447736963284301,AMBIGUOUS,dominant_gmm,0.15178893754395925,BULL_VOLATILE
2023-03-02,BULL_VOLATILE,0.9962451743526524,0.002984163445596573,0.6679464514236066,MOMENTUM,hurst_momentum_bull,0.14910141713899816,BULL_CALM
2023-03-03,BULL_VOLATILE,0.9009040172792114,0.0028003704175335715,0.6556258965632479,MOMENTUM,hurst_momentum_bull,0.1513013042009377,BULL_CALM
2023-03-06,BULL_VOLATILE,0.9059955108993267,0.0027939146262797167,0.6658272765321115,MOMENTUM,hurst_momentum_bull,0.14752043549920807,BULL_CALM
2023-03-07,BULL_VOLATILE,0.932420829437776,0.003755140645949123,0.6797011995673952,MOMENTUM,hurst_momentum_bull,0.15524591232411222,BULL_CALM
2023-03-08,BULL_VOLATILE,0.7983398407434807,0.004700982432703386,0.7129788175525634,MOMENTUM,hurst_momentum_bull,0.14615338606446862,BULL_CALM
2023-03-09,BULL_VOLATILE,0.9882426607887338,0.006102330185207758,0.7454792939065159,MOMENTUM,hurst_momentum_spy_bearish,0.15447404605519377,BEAR
2023-03-10,BULL_VOLATILE,0.9910636707084567,0.0018618134032879852,0.7436690304319874,MOMENTUM,hard_bear,0.15889807076482423,BEAR
2023-03-13,BULL_VOLATILE,0.9892767704145888,0.010468572180397573,0.7340086492711478,MOMENTUM,hard_bear,0.15790085607268137,BEAR
2023-03-14,BULL_VOLATILE,0.9964686817139179,0.00034548638638226336,0.7395130148062898,MOMENTUM,hurst_momentum_spy_bearish,0.16453173042739122,BEAR
2023-03-15,BULL_VOLATILE,0.9963610482666014,0.0010919874782492095,0.7301376160843425,MOMENTUM,hurst_momentum_spy_bearish,0.16483217977981568,BEAR
2023-03-16,BULL_VOLATILE,0.9975317841063508,0.0010493065363015098,0.7249745553656449,MOMENTUM,hurst_momentum_bull,0.1790561486756363,BULL_CALM
2023-03-17,BULL_VOLATILE,0.9956504207177204,0.004346708979934481,0.6995414190526292,MOMENTUM,hurst_momentum_spy_bearish,0.18059691872235686,BEAR
2023-03-20,BULL_VOLATILE,0.9979356171825412,0.0020491075557816877,0.6561561132213964,MOMENTUM,hurst_momentum_bull,0.1854109744260632,BULL_CALM
2023-03-21,BULL_VOLATILE,0.994345142259877,0.0014077174008176334,0.6215257566325219,AMBIGUOUS,dominant_gmm,0.17895136064896178,BULL_VOLATILE
2023-03-22,BULL_VOLATILE,0.9961831251693423,0.003617187076093204,0.5953352754434307,AMBIGUOUS,hard_bear,0.18895863001073435,BEAR
2023-03-23,BULL_VOLATILE,0.9946419040926534,0.0023949661742692415,0.6035300730381251,AMBIGUOUS,dominant_gmm,0.18807105758189085,BULL_VOLATILE
2023-03-24,BULL_VOLATILE,0.9944755287432504,0.0029621136090850673,0.6088867434543056,AMBIGUOUS,dominant_gmm,0.18609681526750763,BULL_VOLATILE
2023-03-27,BULL_VOLATILE,0.9944819559098441,0.0033818372715495202,0.5866797569817976,AMBIGUOUS,dominant_gmm,0.18580205943951328,BULL_VOLATILE
2023-03-28,BULL_VOLATILE,0.9933190973484278,0.0030133251970504912,0.5928532385674373,AMBIGUOUS,dominant_gmm,0.18549975543262057,BULL_VOLATILE
2023-03-29,BULL_VOLATILE,0.9963016323336926,0.0029349944565092646,0.5999951466524437,AMBIGUOUS,dominant_gmm,0.19183894754223088,BULL_VOLATILE
2023-03-30,BULL_VOLATILE,0.9966837105919165,0.0018589627251184803,0.5828445350436944,AMBIGUOUS,dominant_gmm,0.19104475887337008,BULL_VOLATILE
2023-03-31,BULL_VOLATILE,0.998601469265847,0.0011917858279186075,0.6111585975560122,AMBIGUOUS,dominant_gmm,0.18910431351776044,BULL_VOLATILE
2023-04-03,BULL_VOLATILE,0.996318811600656,0.003369255296583179,0.6011380094508718,AMBIGUOUS,dominant_gmm,0.18942479772560034,BULL_VOLATILE
2023-04-04,BULL_VOLATILE,0.9928270786749162,0.0014998979498410414,0.5963556518211348,AMBIGUOUS,dominant_gmm,0.18134579387929092,BULL_VOLATILE
2023-04-05,BULL_VOLATILE,0.9945263412503984,0.004213735976525939,0.615757265346961,AMBIGUOUS,dominant_gmm,0.18188545528338443,BULL_VOLATILE
2023-04-06,BULL_VOLATILE,0.9878935365044762,0.0015567536891408274,0.609342827937117,AMBIGUOUS,dominant_gmm,0.1666213300946706,BULL_VOLATILE
2023-04-10,BULL_VOLATILE,0.9021667506995217,0.0007673022054468846,0.6371520701121567,AMBIGUOUS,dominant_gmm,0.15469795850632287,BULL_VOLATILE
2023-04-11,BULL_VOLATILE,0.8960104028279285,0.0009060870374903822,0.6443478540274228,AMBIGUOUS,dominant_gmm,0.1541669457577383,BULL_VOLATILE
2023-04-12,BULL_VOLATILE,0.7705501785222826,0.0006158111402065447,0.6584196436490173,MOMENTUM,hurst_momentum_bull,0.14759547381256247,BULL_CALM
2023-04-13,BULL_VOLATILE,0.7385744313936393,0.0002912348727156635,0.691344416997494,MOMENTUM,hurst_momentum_bull,0.14923973695264017,BULL_CALM
2023-04-14,BULL_CALM,0.5261417549007256,0.00022024193834806725,0.7026136083646072,MOMENTUM,hurst_momentum_bull,0.1400954365112177,BULL_CALM
2023-04-17,BULL_CALM,0.7673863581138833,0.0004273466515478981,0.7112491823705791,MOMENTUM,hurst_momentum_bull,0.12389517133003679,BULL_CALM
2023-04-18,BULL_CALM,0.8480674752136028,5.080638040656387e-05,0.721478175239617,MOMENTUM,hurst_momentum_bull,0.12162456106650572,BULL_CALM
2023-04-19,BULL_CALM,0.9690359366938267,3.0409642354302127e-09,0.7172531230845897,MOMENTUM,hurst_momentum_bull,0.11529904017421944,BULL_CALM
2023-04-20,BULL_CALM,0.9981697229492952,9.018661378505476e-15,0.7174461419047489,MOMENTUM,hurst_momentum_bull,0.09571600877030961,BULL_CALM
2023-04-21,BULL_CALM,0.997760075809254,4.2825550315851955e-15,0.7059841706935073,MOMENTUM,hurst_momentum_bull,0.09590038516355365,BULL_CALM
2023-04-24,BULL_CALM,0.9996162443522397,4.627328804173107e-20,0.6853693371922277,MOMENTUM,hurst_momentum_bull,0.09470437617350425,BULL_CALM
2023-04-25,BULL_CALM,0.7294459588036255,2.9789833567055457e-09,0.6923444875372605,MOMENTUM,hurst_momentum_bull,0.11422652674073157,BULL_CALM
2023-04-26,BULL_VOLATILE,0.5245788003042838,9.794316027254936e-06,0.6767500642623258,MOMENTUM,hurst_momentum_bull,0.11524164386957356,BULL_CALM
2023-04-27,BULL_CALM,0.63960447786117,1.279145484445572e-06,0.6552387565919817,MOMENTUM,hurst_momentum_bull,0.1247250513653126,BULL_CALM
2023-04-28,BULL_CALM,0.7302375732583769,4.170982691024721e-05,0.6504032409347186,MOMENTUM,hurst_momentum_bull,0.1263499282545806,BULL_CALM
2023-05-01,BULL_CALM,0.9183272606574142,6.4850104918939765e-09,0.6606868581545259,MOMENTUM,hurst_momentum_bull,0.11748208932260235,BULL_CALM
2023-05-02,BULL_VOLATILE,0.6007014674947654,4.789783849027624e-06,0.6134466986273239,AMBIGUOUS,dominant_gmm,0.12426306433632478,BULL_VOLATILE
2023-05-03,BULL_VOLATILE,0.8649099862037348,5.994371438974897e-06,0.5937109226263523,AMBIGUOUS,dominant_gmm,0.1251292657872857,BULL_VOLATILE
2023-05-04,BULL_VOLATILE,0.9288627969020337,6.50173508807587e-05,0.5912751516704644,AMBIGUOUS,dominant_gmm,0.12732886109483016,BULL_VOLATILE
2023-05-05,BULL_VOLATILE,0.7021795913040898,1.4974529687568e-06,0.6015891738254866,AMBIGUOUS,dominant_gmm,0.1432504254811936,BULL_VOLATILE
2023-05-08,BULL_VOLATILE,0.7608362216422654,1.9857198009091816e-05,0.6044964689706581,AMBIGUOUS,dominant_gmm,0.14323577335119161,BULL_VOLATILE
2023-05-09,BULL_VOLATILE,0.662828093193377,0.0006436329144398114,0.5909582738678061,AMBIGUOUS,dominant_gmm,0.14424972163474106,BULL_VOLATILE
2023-05-10,BULL_VOLATILE,0.6811536259646873,0.001661244003311244,0.6092067686437646,AMBIGUOUS,dominant_gmm,0.14416360428393032,BULL_VOLATILE
2023-05-11,BULL_CALM,0.6350415262547838,0.00023085591771732108,0.6258115569146823,AMBIGUOUS,dominant_gmm,0.1363173250802507,BULL_CALM
2023-05-12,BULL_VOLATILE,0.6486413285966812,0.0017422851448285867,0.625605995185337,AMBIGUOUS,dominant_gmm,0.13612133695912768,BULL_VOLATILE
2023-05-15,BULL_VOLATILE,0.6844401563280444,0.004639614011169571,0.6255892813709872,AMBIGUOUS,dominant_gmm,0.13607294576928772,BULL_VOLATILE
2023-05-16,BULL_VOLATILE,0.7154768866720809,0.0036477321499234824,0.6319506919426888,AMBIGUOUS,dominant_gmm,0.13802795326213957,BULL_VOLATILE
2023-05-17,BULL_VOLATILE,0.5970307075398369,0.0003403278048945328,0.6351397598116106,AMBIGUOUS,dominant_gmm,0.14508744858319128,BULL_VOLATILE
2023-05-18,BULL_VOLATILE,0.9055578075868708,0.00584879266926406,0.621375713626786,AMBIGUOUS,dominant_gmm,0.14719629890751665,BULL_VOLATILE
2023-05-19,BULL_VOLATILE,0.7444035317369416,0.004008297374680591,0.6175454577666155,AMBIGUOUS,dominant_gmm,0.14743919774875358,BULL_VOLATILE
2023-05-22,BULL_VOLATILE,0.7397587656893228,0.0047036979380450025,0.6316228279600654,AMBIGUOUS,dominant_gmm,0.14744339803827888,BULL_VOLATILE
2023-05-23,BULL_VOLATILE,0.633136860150846,0.002938828349476728,0.6284177724585296,AMBIGUOUS,dominant_gmm,0.14127003285109113,BULL_VOLATILE
2023-05-24,BULL_VOLATILE,0.8540559977449477,0.008022727606577613,0.6212002275106713,AMBIGUOUS,dominant_gmm,0.14314468311846937,BULL_VOLATILE
2023-05-25,BULL_CALM,0.7010821434803312,0.0006887685303008931,0.6315052344470485,AMBIGUOUS,dominant_gmm,0.12807179673836694,BULL_CALM
2023-05-26,BULL_CALM,0.5172105309407443,0.002202161423028648,0.625885193270813,AMBIGUOUS,dominant_gmm,0.13271173283282223,BULL_CALM
2023-05-30,BULL_CALM,0.5437601690996975,0.00270337424907817,0.6215383742457735,AMBIGUOUS,dominant_gmm,0.13259053230995918,BULL_CALM
2023-05-31,BULL_CALM,0.6279392117726942,0.0018003951231020175,0.6310528689252803,AMBIGUOUS,dominant_gmm,0.1272861241496102,BULL_CALM
2023-06-01,BULL_CALM,0.6826507521467491,0.0008652735243714976,0.6273790688935074,AMBIGUOUS,dominant_gmm,0.1273418234260734,BULL_CALM
2023-06-02,BULL_CALM,0.675872302251169,0.0002321473012080418,0.6389951228832211,AMBIGUOUS,dominant_gmm,0.1305670732036496,BULL_CALM
2023-06-05,BULL_CALM,0.9205192584383383,1.5656277750974712e-06,0.631560044407478,AMBIGUOUS,dominant_gmm,0.11737315131860962,BULL_CALM
2023-06-06,BULL_CALM,0.8652090153489137,3.9934388404736746e-05,0.5729577944699042,AMBIGUOUS,dominant_gmm,0.11724860083402856,BULL_CALM
2023-06-07,BULL_CALM,0.9033786908443073,3.0532296632942033e-06,0.5762102704999224,AMBIGUOUS,dominant_gmm,0.1166393731878121,BULL_CALM
2023-06-08,BULL_CALM,0.9284620055760034,1.9268624835295845e-08,0.5224540061513511,AMBIGUOUS,dominant_gmm,0.11717543446439972,BULL_CALM
2023-06-09,BULL_CALM,0.9998972440014238,1.1268845469589411e-22,0.49591549851354255,REVERSION,hurst_reversion,0.11636169386348447,CHOPPY
2023-06-12,BULL_CALM,0.9998829184438988,8.398343389704532e-23,0.5066541246485833,REVERSION,hurst_reversion,0.11810344346475081,CHOPPY
2023-06-13,BULL_CALM,0.9993628183509604,1.0513346590282797e-18,0.5555544012553169,AMBIGUOUS,dominant_gmm,0.11890735136198421,BULL_CALM
2023-06-14,BULL_CALM,0.8553935025127476,1.3280481004861614e-06,0.5563918552147097,AMBIGUOUS,dominant_gmm,0.11373873482698503,BULL_CALM
2023-06-15,BULL_CALM,0.9904536055765808,5.717327333591637e-13,0.6084772388916135,AMBIGUOUS,dominant_gmm,0.1140115319925695,BULL_CALM
2023-06-16,BULL_CALM,0.9997402640201984,5.11599685656311e-21,0.6123694829798774,AMBIGUOUS,dominant_gmm,0.11695793116386134,BULL_CALM
2023-06-20,BULL_CALM,0.9994675878537508,4.6503250852915095e-20,0.6234463494012022,AMBIGUOUS,dominant_gmm,0.1193105295320328,BULL_CALM
2023-06-21,BULL_CALM,0.9901278881751308,8.307043943957899e-14,0.6541053279430188,MOMENTUM,hurst_momentum_bull,0.1219966149224627,BULL_CALM
2023-06-22,BULL_CALM,0.9994847160615705,1.3255744725321595e-18,0.6828923366458731,MOMENTUM,hurst_momentum_bull,0.11172946241849574,BULL_CALM
2023-06-23,BULL_CALM,0.9990177816760406,3.968760744170009e-20,0.692907648469043,MOMENTUM,hurst_momentum_bull,0.11210516741319654,BULL_CALM
2023-06-26,BULL_CALM,0.9962986102193683,2.198514715713795e-18,0.6766922361197962,MOMENTUM,hurst_momentum_bull,0.11216826920800084,BULL_CALM
2023-06-27,BULL_CALM,0.9952137420235405,5.462843505846447e-16,0.6771460776306114,MOMENTUM,hurst_momentum_bull,0.10979407174369536,BULL_CALM
2023-06-28,BULL_CALM,0.980093942147191,1.0551176684983147e-13,0.6996833795135664,MOMENTUM,hurst_momentum_bull,0.10977212770350046,BULL_CALM
2023-06-29,BULL_CALM,0.9803545696557888,4.056137701809034e-12,0.6456594458845059,AMBIGUOUS,dominant_gmm,0.10632974583782288,BULL_CALM
2023-06-30,BULL_CALM,0.9906129107116791,8.678243932036354e-15,0.6243714235694966,AMBIGUOUS,dominant_gmm,0.10865705345497262,BULL_CALM
2023-07-03,BULL_CALM,0.9998939562007738,1.1363041292283326e-23,0.6257760290043967,AMBIGUOUS,dominant_gmm,0.09908443980529073,BULL_CALM
2023-07-05,BULL_CALM,0.999998656869097,8.736263401086756e-35,0.6273205252238024,AMBIGUOUS,dominant_gmm,0.09888014914961521,BULL_CALM
2023-07-06,BULL_CALM,0.9999749254343661,8.211308763331976e-29,0.6279985849291032,AMBIGUOUS,dominant_gmm,0.10466934203867803,BULL_CALM
2023-07-07,BULL_CALM,0.9996665606581356,6.944645560503505e-24,0.6373990794085174,AMBIGUOUS,dominant_gmm,0.1041506417066129,BULL_CALM
2023-07-10,BULL_CALM,0.9998336115699107,6.785013015459075e-22,0.6478870636675904,AMBIGUOUS,dominant_gmm,0.10281203210167522,BULL_CALM
2023-07-11,BULL_CALM,0.9988392785196681,2.742504877506353e-15,0.6420805037418338,AMBIGUOUS,dominant_gmm,0.10441309285160709,BULL_CALM
2023-07-12,BULL_CALM,0.9951490701088092,8.955488160830581e-12,0.6448368055390361,AMBIGUOUS,dominant_gmm,0.1034806340172856,BULL_CALM
2023-07-13,BULL_CALM,0.9688874535198482,1.847337689518443e-07,0.6526002109154382,MOMENTUM,hurst_momentum_bull,0.10447854776711389,BULL_CALM
2023-07-14,BULL_CALM,0.9476368413683444,4.177026218287264e-06,0.6660514629101592,MOMENTUM,hurst_momentum_bull,0.10474251979918918,BULL_CALM
2023-07-17,BULL_CALM,0.9483848536457226,5.593606779580814e-05,0.6578424621227474,MOMENTUM,hurst_momentum_bull,0.09678734930149531,BULL_CALM
2023-07-18,BULL_CALM,0.9813397796616133,2.4936322024716425e-07,0.6745590897918318,MOMENTUM,hurst_momentum_bull,0.0945003436018785,BULL_CALM
2023-07-19,BULL_CALM,0.9937702031151858,8.18268114135815e-10,0.6652081116698924,MOMENTUM,hurst_momentum_bull,0.09096586420955181,BULL_CALM
2023-07-20,BULL_CALM,0.9917484171028002,2.7185030332064893e-09,0.679084748019813,MOMENTUM,hurst_momentum_bull,0.09268506421931612,BULL_CALM
2023-07-21,BULL_CALM,0.9987428897531896,2.0187010612381824e-13,0.6610194845142504,MOMENTUM,hurst_momentum_bull,0.09271944506188973,BULL_CALM
2023-07-24,BULL_CALM,0.9980498585665138,2.4936620708224847e-12,0.6581213397960223,MOMENTUM,hurst_momentum_bull,0.08625165189428854,BULL_CALM
2023-07-25,BULL_CALM,0.99390462283343,4.0163461822320965e-09,0.6482763684855273,AMBIGUOUS,dominant_gmm,0.0827962904075588,BULL_CALM
2023-07-26,BULL_CALM,0.96638373648428,6.492571058437084e-05,0.6988372913982429,MOMENTUM,hurst_momentum_bull,0.0772320087686209,BULL_CALM
2023-07-27,BULL_CALM,0.9328630715588566,0.0005367392361377538,0.7230521644994874,MOMENTUM,hurst_momentum_bull,0.08320913493359784,BULL_CALM
2023-07-28,BULL_CALM,0.9863999263194175,5.6125677399508895e-08,0.6920321390025359,MOMENTUM,hurst_momentum_bull,0.08765266718828842,BULL_CALM
2023-07-31,BULL_CALM,0.9982977351777631,8.588990006919529e-13,0.685206089746014,MOMENTUM,hurst_momentum_bull,0.07984554420213746,BULL_CALM
2023-08-01,BULL_CALM,0.9992403362429801,1.1696717120646305e-17,0.6913328663219885,MOMENTUM,hurst_momentum_bull,0.08141557518705728,BULL_CALM
2023-08-02,BULL_CALM,0.9531905956789255,7.278441559562037e-16,0.6692749100434495,MOMENTUM,hurst_momentum_bull,0.09763385389227341,BULL_CALM
2023-08-03,BULL_CALM,0.9842414149106107,3.4792886432913032e-16,0.6990081539823986,MOMENTUM,hurst_momentum_bull,0.09330621877862876,BULL_CALM
2023-08-04,BULL_CALM,0.8835277300010861,4.2767803343790145e-12,0.7238416942000756,MOMENTUM,hurst_momentum_bull,0.09458238117802258,BULL_CALM
2023-08-07,BULL_CALM,0.9424916385525255,2.0015934226095184e-12,0.7349735429105142,MOMENTUM,hurst_momentum_bull,0.09843598672002163,BULL_CALM
2023-08-08,BULL_CALM,0.7692773920519249,6.947526302234591e-11,0.7257744657992465,MOMENTUM,hurst_momentum_bull,0.09841045377927085,BULL_CALM
2023-08-09,BULL_VOLATILE,0.768965528766328,0.00013814315654285184,0.7266618740207192,MOMENTUM,hurst_momentum_bull,0.09776447083890664,BULL_CALM
2023-08-10,BULL_CALM,0.5925564814971012,0.00016690939233109954,0.731725412079718,MOMENTUM,hurst_momentum_bull,0.09318560764217675,BULL_CALM
2023-08-11,BULL_VOLATILE,0.8453218890882246,0.00043175779997706626,0.7460319434257936,MOMENTUM,hurst_momentum_bull,0.09318440420084163,BULL_CALM
2023-08-14,BULL_VOLATILE,0.6015978744954069,6.709174172178519e-08,0.7293447855012695,MOMENTUM,hurst_momentum_bull,0.09458288138330483,BULL_CALM
2023-08-15,BULL_VOLATILE,0.9233650648469235,5.596905925107865e-06,0.7239011547192997,MOMENTUM,hurst_momentum_bull,0.09811642628565095,BULL_CALM
2023-08-16,BULL_VOLATILE,0.8022368212688208,1.877935938784416e-06,0.6904691191955123,MOMENTUM,hurst_momentum_bull,0.09949931166865064,BULL_CALM
2023-08-17,BULL_VOLATILE,0.9495998104514987,1.6818680697747392e-05,0.7364620874622619,MOMENTUM,hurst_momentum_bull,0.1002039801794418,BULL_CALM
2023-08-18,BULL_VOLATILE,0.8186574004239682,3.096099493610639e-06,0.7710743051034777,MOMENTUM,hurst_momentum_bull,0.1003311050649342,BULL_CALM
2023-08-21,BULL_VOLATILE,0.8992469749127325,3.35041241000696e-05,0.7654237303632753,MOMENTUM,hurst_momentum_bull,0.10224807327639407,BULL_CALM
2023-08-22,BULL_VOLATILE,0.7847406145239939,0.0034520519549290033,0.7598255086229793,MOMENTUM,hurst_momentum_bull,0.10097824805487743,BULL_CALM
2023-08-23,BULL_CALM,0.689013497630796,0.00017948745907733586,0.7434042089548095,MOMENTUM,hurst_momentum_bull,0.1109921210354545,BULL_CALM
2023-08-24,BULL_VOLATILE,0.8363308019759182,0.00040602519988612373,0.7527090719415833,MOMENTUM,hurst_momentum_bull,0.1182682487449722,BULL_CALM
2023-08-25,BULL_CALM,0.6759855123406244,2.449472582409382e-06,0.7488108011603423,MOMENTUM,hurst_momentum_bull,0.11508605547204552,BULL_CALM
2023-08-28,BULL_CALM,0.5442360768149744,5.748637375988847e-06,0.7672688159390669,MOMENTUM,hurst_momentum_bull,0.11805222929833938,BULL_CALM
2023-08-29,BULL_CALM,0.7643796011504774,1.0336546493294808e-05,0.7630956487273965,MOMENTUM,hurst_momentum_vol_cluster_choppy,0.1309734792947791,CHOPPY
2023-08-30,BULL_CALM,0.7124954978770273,0.000411864946039677,0.7699676443584886,MOMENTUM,hurst_momentum_vol_cluster_choppy,0.12234324094794541,CHOPPY
2023-08-31,BULL_CALM,0.7947303062912826,1.8511524724973124e-05,0.7618540777126979,MOMENTUM,hurst_momentum_bull,0.12198914986340784,BULL_CALM
2023-09-01,BULL_CALM,0.6057924859423547,0.0005883004232819604,0.7548527782250525,MOMENTUM,hurst_momentum_bull,0.12081357607782128,BULL_CALM
2023-09-05,BULL_CALM,0.9025865101941195,4.1135346521851855e-06,0.759606589636848,MOMENTUM,hurst_momentum_bull,0.11789255027541266,BULL_CALM
2023-09-06,BULL_CALM,0.9178284153643484,8.912485600817726e-07,0.7639465630020605,MOMENTUM,hurst_momentum_bull,0.11930985106911239,BULL_CALM
2023-09-07,BULL_CALM,0.8771126778631049,3.290554901569131e-07,0.77481969143279,MOMENTUM,hurst_momentum_bull,0.11740087555896926,BULL_CALM
2023-09-08,BULL_CALM,0.9473164769621221,1.075543549440549e-07,0.7583285892264316,MOMENTUM,hurst_momentum_bull,0.1175276696865698,BULL_CALM
2023-09-11,BULL_CALM,0.7740467129211048,0.0005211919709765059,0.7475041302150366,MOMENTUM,hurst_momentum_bull,0.11979680020319103,BULL_CALM
2023-09-12,BULL_CALM,0.7421340868917301,0.0016285699561025726,0.7419914682351917,MOMENTUM,hurst_momentum_bull,0.11985519164947608,BULL_CALM
2023-09-13,BULL_CALM,0.7960615498531443,0.0005096443744700116,0.722131899024343,MOMENTUM,hurst_momentum_bull,0.11200904436046479,BULL_CALM
2023-09-14,BULL_CALM,0.8260933560082486,0.00045694843646777044,0.7223522405294162,MOMENTUM,hurst_momentum_bull,0.11165385064307286,BULL_CALM
2023-09-15,BULL_VOLATILE,0.5411903716395171,0.0008616044355625448,0.7559046281191103,MOMENTUM,hurst_momentum_bull,0.12291334545476079,BULL_CALM
2023-09-18,BULL_CALM,0.5581582587231674,0.00046211408512973867,0.7333365914977298,MOMENTUM,hurst_momentum_bull,0.12290991426181558,BULL_CALM
2023-09-19,BULL_CALM,0.6482743669729435,0.00033728056726878866,0.6995134686332699,MOMENTUM,hurst_momentum_bull,0.12142719002873463,BULL_CALM
2023-09-20,BULL_VOLATILE,0.680207860979061,0.0018308585736003184,0.6768990068069648,MOMENTUM,hurst_momentum_bull,0.12574121947187403,BULL_CALM
2023-09-21,BULL_VOLATILE,0.9750525640401644,0.014416271656422537,0.6854120784435386,MOMENTUM,hard_bear,0.13169740603302,BEAR
2023-09-22,BULL_VOLATILE,0.9648727526230821,0.03183486242398712,0.6847493346163358,MOMENTUM,hurst_momentum_bull,0.12318277910061735,BULL_CALM
2023-09-25,BULL_VOLATILE,0.9856234422177111,0.013058198479997788,0.6942697822913704,MOMENTUM,hurst_momentum_bull,0.12120185782309877,BULL_CALM
2023-09-26,BULL_VOLATILE,0.9852531986475979,0.014516429541179869,0.6970329196036159,MOMENTUM,hurst_momentum_bull,0.12746136498910296,BULL_CALM
2023-09-27,BULL_VOLATILE,0.9962954631340557,0.0030993210264585575,0.689935601186699,MOMENTUM,hurst_momentum_bull,0.11240024665304328,BULL_CALM
2023-09-28,BULL_VOLATILE,0.9978976596556787,0.001974017538641198,0.7042711128902287,MOMENTUM,hurst_momentum_bull,0.11388197579496627,BULL_CALM
2023-09-29,BULL_VOLATILE,0.9942782283753065,0.0002302413520848904,0.7698689479200204,MOMENTUM,hurst_momentum_bull,0.11381364939367938,BULL_CALM
2023-10-02,BULL_VOLATILE,0.9940969616940465,0.0007232941600320999,0.7790081817954863,MOMENTUM,hurst_momentum_bull,0.11292192172834349,BULL_CALM
2023-10-03,BULL_VOLATILE,0.9995537528682991,0.00037427384260578083,0.7745735377918259,MOMENTUM,hurst_momentum_bull,0.11907424485838619,BULL_CALM
2023-10-04,BULL_VOLATILE,0.9907555921635279,5.780586747722735e-08,0.771856576120684,MOMENTUM,hurst_momentum_bull,0.12377642778961688,BULL_CALM
2023-10-05,BULL_VOLATILE,0.7317962209468987,3.312008430850278e-05,0.7756603003819099,MOMENTUM,hurst_momentum_bull,0.12396481715486161,BULL_CALM
2023-10-06,BULL_CALM,0.7486009695797807,9.614406795306865e-10,0.7682309976072897,MOMENTUM,hurst_momentum_bull,0.1333064520096249,BULL_CALM
2023-10-09,BULL_CALM,0.8691345721168572,5.691787846827704e-13,0.7668195531221693,MOMENTUM,hurst_momentum_bull,0.1331625857752861,BULL_CALM
2023-10-10,BULL_CALM,0.9853498321318138,9.363430583122149e-15,0.7625796134981381,MOMENTUM,hurst_momentum_bull,0.1346367523840537,BULL_CALM
2023-10-11,BULL_CALM,0.9960796775564397,3.10937007103909e-18,0.7438902246614711,MOMENTUM,hurst_momentum_bull,0.1357358745884419,BULL_CALM
2023-10-12,BULL_CALM,0.9759931832721069,1.3943637791711844e-14,0.7500755335149534,MOMENTUM,hurst_momentum_bull,0.1317218756647888,BULL_CALM
2023-10-13,BULL_CALM,0.9643147444692779,1.5409213074657713e-11,0.7514127038765881,MOMENTUM,hurst_momentum_bull,0.12218635831880398,BULL_CALM
2023-10-16,BULL_CALM,0.9701828776475885,1.7302108102794423e-11,0.7322131010286157,MOMENTUM,hurst_momentum_bull,0.12914190758127986,BULL_CALM
2023-10-17,BULL_CALM,0.9868293980239222,4.320517132046897e-13,0.73537637525732,MOMENTUM,hurst_momentum_bull,0.12908365546468029,BULL_CALM
2023-10-18,BULL_CALM,0.8910299904934941,2.1945895609737228e-09,0.7580207778959859,MOMENTUM,hurst_momentum_bull,0.1334365746272131,BULL_CALM
2023-10-19,BULL_CALM,0.7955887770874459,1.198818866833075e-06,0.7627958610218348,MOMENTUM,hurst_momentum_bull,0.12392913220172623,BULL_CALM
2023-10-20,BULL_VOLATILE,0.9714632506898077,1.628288101612165e-05,0.7536282512305141,MOMENTUM,hurst_momentum_spy_bearish,0.13069430560004788,BEAR
2023-10-23,BULL_VOLATILE,0.9963547151912836,6.487951486944514e-09,0.7499069863742717,MOMENTUM,hurst_momentum_spy_bearish,0.1292182607299701,BEAR
2023-10-24,BULL_VOLATILE,0.9866667031758548,5.6785668806331336e-08,0.7406711896134626,MOMENTUM,hurst_momentum_bull,0.12270197147954809,BULL_CALM
2023-10-25,BULL_VOLATILE,0.9999887528961982,3.398619672633376e-08,0.7601635091664883,MOMENTUM,hurst_momentum_spy_bearish,0.13247215228183198,BEAR
2023-10-26,BULL_VOLATILE,0.9864048681994465,0.013591857872920811,0.7615218989847907,MOMENTUM,hurst_momentum_spy_bearish,0.1354116193464476,BEAR
2023-10-27,BULL_VOLATILE,0.9751846093768617,0.02481025169088213,0.7660714955287536,MOMENTUM,hurst_momentum_spy_bearish,0.13573396100007698,BEAR
2023-10-30,BULL_VOLATILE,0.9987930926382479,0.001205966674957255,0.7746415783290493,MOMENTUM,hurst_momentum_spy_bearish,0.1444337459901527,BEAR
2023-10-31,BULL_VOLATILE,0.9991522581991897,0.0008368098875992904,0.7655441458113906,MOMENTUM,hurst_momentum_spy_bearish,0.13948303216880995,BEAR
2023-11-01,BULL_VOLATILE,0.9860012099197278,0.003349164353128174,0.7656249214903231,MOMENTUM,hurst_momentum_spy_bearish,0.14242908931148726,BEAR
2023-11-02,BULL_VOLATILE,0.8915384149330337,0.006821615830650372,0.7542756580765221,MOMENTUM,hurst_momentum_bull,0.15812848406302893,BULL_CALM
2023-11-03,BULL_VOLATILE,0.7789596974840242,0.0012614468421735547,0.7816832191965875,MOMENTUM,hurst_momentum_bull,0.15585504591558763,BULL_CALM
2023-11-06,BULL_VOLATILE,0.8501704423295026,0.01007009187121149,0.7705837381672389,MOMENTUM,hurst_momentum_bull,0.15451871904585074,BULL_CALM
2023-11-07,BULL_VOLATILE,0.813982627923288,0.013868636948078697,0.777005553113293,MOMENTUM,hurst_momentum_bull,0.15377841478500423,BULL_CALM
2023-11-08,BULL_VOLATILE,0.894161150329837,0.0030674078001807657,0.7861786634841985,MOMENTUM,hurst_momentum_bull,0.15314474057260283,BULL_CALM
2023-11-09,BULL_VOLATILE,0.9063541030496918,0.0004358136229974996,0.7765621490203052,MOMENTUM,hurst_momentum_bull,0.1541814386777383,BULL_CALM
2023-11-10,BULL_VOLATILE,0.9974052629136501,3.3358946785584714e-05,0.8145532298768792,MOMENTUM,hurst_momentum_bull,0.16234461568258118,BULL_CALM
2023-11-13,BULL_VOLATILE,0.9748362313972468,9.703066941010303e-05,0.8078159871329471,MOMENTUM,hurst_momentum_bull,0.15857332814647976,BULL_CALM
2023-11-14,BULL_VOLATILE,0.9887817122976377,2.0768950462667492e-09,0.7933768676669399,MOMENTUM,hurst_momentum_bull,0.1720987742466498,BULL_CALM
2023-11-15,BULL_VOLATILE,0.5753334061636471,6.620709168762726e-13,0.8000027002850791,MOMENTUM,hurst_momentum_bull,0.16294965185305907,BULL_CALM
2023-11-16,BULL_CALM,0.9712514669126366,6.6517343983802085e-18,0.8094029038812997,MOMENTUM,hurst_momentum_bull,0.157735636457533,BULL_CALM
2023-11-17,BULL_CALM,0.9411740908767103,3.385361524694894e-13,0.8217715229612226,MOMENTUM,hurst_momentum_bull,0.14759431559423367,BULL_CALM
2023-11-20,BULL_CALM,0.8173692377737696,2.422939197946774e-10,0.8223172158042961,MOMENTUM,hurst_momentum_bull,0.14700315563748648,BULL_CALM
2023-11-21,BULL_VOLATILE,0.659523404454518,3.2277532338573704e-05,0.8463720664507973,MOMENTUM,hurst_momentum_bull,0.14786971915574998,BULL_CALM
2023-11-22,BULL_VOLATILE,0.6963476324928959,0.0007142264155244709,0.848607673949186,MOMENTUM,hurst_momentum_bull,0.13211707782089943,BULL_CALM
2023-11-24,BULL_CALM,0.8183548275606044,6.853042569587902e-08,0.8571763872888303,MOMENTUM,hurst_momentum_bull,0.1183384370780946,BULL_CALM
2023-11-27,BULL_CALM,0.9858963760648529,8.78965171105269e-11,0.8537113360051394,MOMENTUM,hurst_momentum_bull,0.11579948235199519,BULL_CALM
2023-11-28,BULL_CALM,0.9985795059841538,6.222233004432123e-16,0.8573673315372802,MOMENTUM,hurst_momentum_bull,0.11371828479768858,BULL_CALM
2023-11-29,BULL_CALM,0.9996639609333182,1.8839336772121082e-22,0.8477677291648076,MOMENTUM,hurst_momentum_bull,0.11500899752185015,BULL_CALM
2023-11-30,BULL_CALM,0.999971618686936,1.3006237023450116e-27,0.8475741518211058,MOMENTUM,hurst_momentum_bull,0.11244997906208705,BULL_CALM
2023-12-01,BULL_CALM,0.9999997117526529,1.2744058293368767e-34,0.8367265930976397,MOMENTUM,hurst_momentum_bull,0.09737564281165344,BULL_CALM
2023-12-04,BULL_CALM,0.9999999813614296,4.06887813771536e-44,0.8570841387417361,MOMENTUM,hurst_momentum_bull,0.09914564143241808,BULL_CALM
2023-12-05,BULL_CALM,0.9999999999451947,1.2693793301514472e-65,0.8732797384269839,MOMENTUM,hurst_momentum_bull,0.09960427248311357,BULL_CALM
2023-12-06,BULL_CALM,0.9999999999905524,2.668482896448075e-73,0.868140890177512,MOMENTUM,hurst_momentum_bull,0.1021224266065752,BULL_CALM
2023-12-07,BULL_CALM,0.9999999999892761,8.08895216448725e-70,0.8568850725568893,MOMENTUM,hurst_momentum_bull,0.10388780771495713,BULL_CALM
2023-12-08,BULL_CALM,0.9999999999887221,2.1368457584376663e-67,0.8428207860630769,MOMENTUM,hurst_momentum_bull,0.09682314603777539,BULL_CALM
2023-12-11,BULL_CALM,0.9999999999983724,1.1719195886730204e-67,0.8451677827101802,MOMENTUM,hurst_momentum_bull,0.08472290728358724,BULL_CALM
2023-12-12,BULL_CALM,0.9999999999938292,5.506025007528154e-63,0.8358297401873103,MOMENTUM,hurst_momentum_bull,0.08410152854025195,BULL_CALM
2023-12-13,BULL_CALM,0.9999999999995179,1.1326443680226728e-63,0.8569149112957226,MOMENTUM,hurst_momentum_bull,0.07055783018459424,BULL_CALM
2023-12-14,BULL_CALM,0.9999999999995779,3.118057835671442e-64,0.8312197035204815,MOMENTUM,hurst_momentum_bull,0.0706101739036591,BULL_CALM
2023-12-15,BULL_CALM,0.9999999999536777,5.565743376312984e-56,0.8361929834860764,MOMENTUM,hurst_momentum_bull,0.07620889498804752,BULL_CALM
2023-12-18,BULL_CALM,0.9999999999945388,1.5691810629534515e-58,0.8307653837775667,MOMENTUM,hurst_momentum_bull,0.0771444297389667,BULL_CALM
2023-12-19,BULL_CALM,0.9999999999999245,4.273166498342215e-68,0.8067325546882645,MOMENTUM,hurst_momentum_bull,0.07584936121315992,BULL_CALM
2023-12-20,BULL_CALM,0.9999999999015612,1.9894670400605675e-54,0.7919739265996588,MOMENTUM,hurst_momentum_bull,0.09400485743961581,BULL_CALM
2023-12-21,BULL_CALM,0.9999999999591613,3.7256789219094003e-56,0.7776181522710879,MOMENTUM,hurst_momentum_bull,0.09780315957069653,BULL_CALM
2023-12-22,BULL_CALM,0.9999999755542738,3.210300722756237e-40,0.771904798444947,MOMENTUM,hurst_momentum_bull,0.09768052185016966,BULL_CALM
2023-12-26,BULL_CALM,0.9999999426236981,7.60204164108895e-38,0.7870047820933592,MOMENTUM,hurst_momentum_bull,0.09691249778032282,BULL_CALM
2023-12-27,BULL_CALM,0.999999988696512,2.3510249274733678e-42,0.7743597565576117,MOMENTUM,hurst_momentum_bull,0.09680966676235328,BULL_CALM
2023-12-28,BULL_CALM,0.9999998398370641,6.38243632148269e-39,0.7751802996416428,MOMENTUM,hurst_momentum_bull,0.09643456553736003,BULL_CALM
2023-12-29,BULL_CALM,0.9999978712923782,2.174119835027166e-34,0.7754570276713432,MOMENTUM,hurst_momentum_bull,0.09801869831242381,BULL_CALM
2024-01-02,BULL_CALM,0.999989230475117,6.303187041500721e-31,0.7781995732008092,MOMENTUM,hurst_momentum_bull,0.10048397540928775,BULL_CALM
2024-01-03,BULL_CALM,0.9980266938866048,1.3430634900638356e-23,0.8211263659538824,MOMENTUM,hurst_momentum_bull,0.10355957520622418,BULL_CALM
2024-01-04,BULL_CALM,0.9578192422467191,7.553140125313669e-21,0.8138511576162392,MOMENTUM,hurst_momentum_bull,0.10470047781833691,BULL_CALM
2024-01-05,BULL_CALM,0.9985554598143465,1.9078219057392515e-21,0.8240090296061386,MOMENTUM,hurst_momentum_bull,0.10287721920351392,BULL_CALM
2024-01-08,BULL_CALM,0.9871832377493692,1.0590004064295288e-13,0.8167223548959509,MOMENTUM,hurst_momentum_bull,0.11058992642019022,BULL_CALM
2024-01-09,BULL_CALM,0.9735249485012711,1.8031988127682502e-12,0.8153517444327124,MOMENTUM,hurst_momentum_bull,0.1107594299492566,BULL_CALM
2024-01-10,BULL_CALM,0.9839652946359779,1.3584926899846857e-13,0.8173449798412343,MOMENTUM,hurst_momentum_bull,0.11144234543312156,BULL_CALM
2024-01-11,BULL_CALM,0.8516015600673783,1.5504258470126276e-05,0.812164877627148,MOMENTUM,hurst_momentum_bull,0.11107736361761898,BULL_CALM
2024-01-12,BULL_CALM,0.9338930039884468,2.478546184972422e-06,0.8146090349307811,MOMENTUM,hurst_momentum_bull,0.10084395635522965,BULL_CALM
2024-01-16,BULL_CALM,0.9261947601582328,2.122911403204587e-06,0.8263811831572659,MOMENTUM,hurst_momentum_bull,0.10150310586598661,BULL_CALM
2024-01-17,BULL_CALM,0.8968761253242679,1.291365428829767e-05,0.8223402224100578,MOMENTUM,hurst_momentum_bull,0.10141039198428906,BULL_CALM
2024-01-18,BULL_CALM,0.9568401137862369,2.671119049978416e-06,0.8230889050303785,MOMENTUM,hurst_momentum_bull,0.10429412544899914,BULL_CALM
2024-01-19,BULL_CALM,0.8229002838066706,0.00011426900592829221,0.8011640128979933,MOMENTUM,hurst_momentum_bull,0.1110709108364184,BULL_CALM
2024-01-22,BULL_CALM,0.6793896844866131,0.010803795032837508,0.7734331846877956,MOMENTUM,hurst_momentum_bull,0.09661330894622086,BULL_CALM
2024-01-23,BULL_CALM,0.8373447905989699,0.0018316476255523864,0.7524539786219994,MOMENTUM,hurst_momentum_bull,0.09223437093176749,BULL_CALM
2024-01-24,BULL_CALM,0.866259199757292,0.0033903789317423602,0.7309572692856064,MOMENTUM,hurst_momentum_bull,0.09219645909716262,BULL_CALM
2024-01-25,BULL_CALM,0.9355529614090038,0.00017011030782274994,0.7615315536852661,MOMENTUM,hurst_momentum_bull,0.09281720240612526,BULL_CALM
2024-01-26,BULL_CALM,0.9438971812126377,7.782834366824062e-05,0.7432496780593243,MOMENTUM,hurst_momentum_bull,0.09323677046319391,BULL_CALM
2024-01-29,BULL_CALM,0.7823911868029765,0.003829466963328239,0.737049824807224,MOMENTUM,hurst_momentum_bull,0.09620646020372939,BULL_CALM
2024-01-30,BULL_CALM,0.8242857554692966,0.0006983108718998986,0.732858081281156,MOMENTUM,hurst_momentum_bull,0.09520326033635404,BULL_CALM
2024-01-31,BULL_CALM,0.8327501765653095,0.00043933441380121816,0.7198518721945932,MOMENTUM,hurst_momentum_bull,0.11210377127274773,BULL_CALM
2024-02-01,BULL_CALM,0.7903979821216495,0.0002590273358798928,0.7181243549832373,MOMENTUM,hurst_momentum_bull,0.11418285204800803,BULL_CALM
2024-02-02,BULL_CALM,0.7585679989478961,0.0005555023521731801,0.6939467102480482,MOMENTUM,hurst_momentum_bull,0.11600763633113001,BULL_CALM
2024-02-05,BULL_CALM,0.8805582617882239,2.12853422198002e-05,0.6843764653355443,MOMENTUM,hurst_momentum_bull,0.11819581878311916,BULL_CALM
2024-02-06,BULL_CALM,0.9627573598230273,2.103349017201514e-07,0.6811406937176311,MOMENTUM,hurst_momentum_bull,0.1098905110770837,BULL_CALM
2024-02-07,BULL_CALM,0.8356282787767626,0.00016363405799166826,0.6703745239587143,MOMENTUM,hurst_momentum_bull,0.11123774920603213,BULL_CALM
2024-02-08,BULL_CALM,0.9624151362251792,1.5971360300520757e-07,0.6634942518189454,MOMENTUM,hurst_momentum_bull,0.11082663338183574,BULL_CALM
2024-02-09,BULL_CALM,0.9950634981637723,1.8326045259143523e-12,0.6625073811261342,MOMENTUM,hurst_momentum_bull,0.11101687916687698,BULL_CALM
2024-02-12,BULL_CALM,0.9987064525258682,3.62883120004381e-16,0.6859003830137568,MOMENTUM,hurst_momentum_bull,0.11134276828331867,BULL_CALM
2024-02-13,BULL_CALM,0.991331187252681,1.880463775672488e-16,0.6442272888903063,AMBIGUOUS,dominant_gmm,0.12385485680626382,BULL_CALM
2024-02-14,BULL_CALM,0.9988633346606339,9.331198129962701e-18,0.6582744007968535,MOMENTUM,hurst_momentum_bull,0.12289581093202359,BULL_CALM
2024-02-15,BULL_CALM,0.9968392622735467,5.52970725995479e-15,0.6649562276452159,MOMENTUM,hurst_momentum_bull,0.1217707986697113,BULL_CALM
2024-02-16,BULL_CALM,0.9951358739721597,5.616832737257493e-15,0.6558463794062563,MOMENTUM,hurst_momentum_bull,0.11881007418734899,BULL_CALM
2024-02-20,BULL_CALM,0.9750017820796583,1.7989472362276942e-11,0.6549819092244099,MOMENTUM,hurst_momentum_bull,0.1215621112093875,BULL_CALM
2024-02-21,BULL_CALM,0.806439711923521,0.00013401182094591055,0.6439837358394553,AMBIGUOUS,dominant_gmm,0.12143598737786228,BULL_CALM
2024-02-22,BULL_CALM,0.5110811889687392,0.00033419575443299375,0.6526554924544112,MOMENTUM,hurst_momentum_bull,0.13959892806403654,BULL_CALM
2024-02-23,BULL_CALM,0.8127555342891692,6.294389281607329e-08,0.6339656936382975,AMBIGUOUS,dominant_gmm,0.139184712199327,BULL_CALM
2024-02-26,BULL_CALM,0.8109646146230396,8.988373094692828e-10,0.641353786085407,AMBIGUOUS,dominant_gmm,0.1401921569629383,BULL_CALM
2024-02-27,BULL_CALM,0.7765975708923998,4.983812727918043e-08,0.6269088913422838,AMBIGUOUS,dominant_gmm,0.13838508594348367,BULL_CALM
2024-02-28,BULL_CALM,0.863312088761908,1.559077049447475e-08,0.6247566990155942,AMBIGUOUS,dominant_gmm,0.1385237268508821,BULL_CALM
2024-02-29,BULL_CALM,0.9264995159898414,2.1368863632329625e-07,0.6083974157135752,AMBIGUOUS,dominant_gmm,0.12137535480011231,BULL_CALM
2024-03-01,BULL_CALM,0.9785357444726743,7.394134760736216e-10,0.6103523304633124,AMBIGUOUS,dominant_gmm,0.11778199170588557,BULL_CALM
2024-03-04,BULL_CALM,0.9808291216606134,1.1847470833888474e-09,0.6126350600028612,AMBIGUOUS,dominant_gmm,0.11429764272025827,BULL_CALM
2024-03-05,BULL_CALM,0.6994674051510931,0.0012968614206427395,0.6085012979033674,AMBIGUOUS,dominant_gmm,0.12037869476275169,BULL_CALM
2024-03-06,BULL_CALM,0.662556579128383,0.0011108625595489952,0.6048914784254301,AMBIGUOUS,dominant_gmm,0.12095889328914952,BULL_CALM
2024-03-07,BULL_CALM,0.7503869599060438,0.0006972623161280945,0.6141588063010963,AMBIGUOUS,dominant_gmm,0.1222551694186934,BULL_CALM
2024-03-08,BULL_CALM,0.7194425063393901,0.00045604383620430876,0.6348542195779734,AMBIGUOUS,dominant_gmm,0.1252240976196328,BULL_CALM
2024-03-11,BULL_CALM,0.7473187269630589,0.000314406472281619,0.6137287255791544,AMBIGUOUS,dominant_gmm,0.12432876965244705,BULL_CALM
2024-03-12,BULL_CALM,0.6928866184779423,0.000314502088332279,0.5885021354235759,AMBIGUOUS,dominant_gmm,0.12884998418825552,BULL_CALM
2024-03-13,BULL_CALM,0.9185410525189704,2.7297861587710415e-06,0.580774039974404,AMBIGUOUS,dominant_gmm,0.11621950294219868,BULL_CALM
2024-03-14,BULL_CALM,0.9327781818289503,1.1358723958272515e-06,0.5707866724226853,AMBIGUOUS,dominant_gmm,0.1141340154030037,BULL_CALM
2024-03-15,BULL_CALM,0.5477295065024788,0.00026350911718436604,0.5365477803978067,AMBIGUOUS,dominant_gmm,0.11938099916533042,BULL_CALM
2024-03-18,BULL_CALM,0.7500802017434969,0.00040497671634213284,0.5366016426043585,AMBIGUOUS,dominant_gmm,0.1186611564490942,BULL_CALM
2024-03-19,BULL_CALM,0.823785914209626,0.00030715270859967247,0.5669985943387911,AMBIGUOUS,dominant_gmm,0.11667009241088634,BULL_CALM
2024-03-20,BULL_CALM,0.7813620770793659,0.00035705584126144603,0.5592615105092066,AMBIGUOUS,dominant_gmm,0.1194537270260042,BULL_CALM
2024-03-21,BULL_CALM,0.934656442617473,4.833595592482759e-05,0.5423148028103177,AMBIGUOUS,dominant_gmm,0.09798662727470814,BULL_CALM
2024-03-22,BULL_CALM,0.9953820944535214,1.6587633319017453e-11,0.585211336261057,AMBIGUOUS,dominant_gmm,0.09867893919868065,BULL_CALM
2024-03-25,BULL_CALM,0.9170664620024337,0.00015245893291441928,0.5578436003515806,AMBIGUOUS,dominant_gmm,0.09812684054525998,BULL_CALM
2024-03-26,BULL_CALM,0.8866076821194789,0.0003945583109553686,0.5576506709912307,AMBIGUOUS,dominant_gmm,0.09875802311686105,BULL_CALM
2024-03-27,BULL_CALM,0.9278277636029819,4.465508817260555e-05,0.5447145215159023,AMBIGUOUS,dominant_gmm,0.10149009100981429,BULL_CALM
2024-03-28,BULL_CALM,0.9795022415680825,3.585132174284566e-08,0.5424549949519637,AMBIGUOUS,dominant_gmm,0.10142425432878836,BULL_CALM
2024-04-01,BULL_CALM,0.9596301898920264,2.5664366580548444e-06,0.5311631012812107,AMBIGUOUS,dominant_gmm,0.0975247427395419,BULL_CALM
2024-04-02,BULL_CALM,0.9207344615251521,8.339601427536751e-05,0.5145361608354468,REVERSION,hurst_reversion,0.10070826705826288,CHOPPY
2024-04-03,BULL_CALM,0.9107435349608544,0.00039153548919652626,0.4883762980243154,REVERSION,hurst_reversion,0.09251751423730088,CHOPPY
2024-04-04,BULL_CALM,0.628997963388967,0.0022613683011485793,0.47504216193740306,REVERSION,hurst_reversion,0.10271670281378598,CHOPPY
2024-04-05,BULL_CALM,0.8621001321555473,0.0002608947456582421,0.4784097235033112,REVERSION,hurst_reversion,0.10337514444189967,CHOPPY
2024-04-08,BULL_CALM,0.8605982633212617,0.00043281341446398195,0.49055595090576887,REVERSION,hurst_reversion,0.10059670586098804,CHOPPY
2024-04-09,BULL_CALM,0.8948042170450069,0.00027298544017472897,0.5246286865603204,AMBIGUOUS,dominant_gmm,0.1004368941814716,BULL_CALM
2024-04-10,BULL_CALM,0.7930816237039705,0.0007431344582799764,0.5026563115916777,REVERSION,hurst_reversion,0.10018442907182269,CHOPPY
2024-04-11,BULL_CALM,0.7847801421413977,0.0002529807106152052,0.5138924316066287,REVERSION,hurst_reversion,0.10374222492821629,CHOPPY
2024-04-12,BULL_VOLATILE,0.7489518046541567,0.00011309007239208041,0.5169558541505164,REVERSION,hurst_reversion,0.1149469465687355,CHOPPY
2024-04-15,BULL_VOLATILE,0.9864637790580599,0.005096578136566292,0.5039405388174635,REVERSION,hurst_reversion,0.11812367617925373,CHOPPY
2024-04-16,BULL_VOLATILE,0.9546945065097585,0.004711830580979216,0.5065347962196648,REVERSION,hurst_reversion,0.1156936529033271,CHOPPY
2024-04-17,BULL_VOLATILE,0.9915802968084402,0.001409685297818093,0.5228812677858152,AMBIGUOUS,dominant_gmm,0.11437239432166559,BULL_VOLATILE
2024-04-18,BULL_VOLATILE,0.8530340681275026,1.623310739160761e-05,0.5236790054101262,AMBIGUOUS,dominant_gmm,0.10713564273591468,BULL_VOLATILE
2024-04-19,BULL_VOLATILE,0.9989574089662836,0.00021686945202194758,0.5309503392646968,AMBIGUOUS,dominant_gmm,0.10769963867299784,BULL_VOLATILE
2024-04-22,BULL_VOLATILE,0.9933114838764501,6.88345136443988e-06,0.5281627540162961,AMBIGUOUS,dominant_gmm,0.11562963950511608,BULL_VOLATILE
2024-04-23,BULL_VOLATILE,0.9739384231760879,0.0007626192082627432,0.5342238190289182,AMBIGUOUS,dominant_gmm,0.12570220358690495,BULL_VOLATILE
2024-04-24,BULL_VOLATILE,0.8648976786103442,8.244443644984663e-05,0.5303232768955954,AMBIGUOUS,dominant_gmm,0.12572409668339848,BULL_VOLATILE
2024-04-25,BULL_VOLATILE,0.9811999984247828,8.620047636372001e-07,0.546929977984426,AMBIGUOUS,dominant_gmm,0.12061892543897035,BULL_VOLATILE
2024-04-26,BULL_CALM,0.5822871614240808,7.751091667729306e-07,0.5302281658740922,AMBIGUOUS,dominant_gmm,0.12712564125446593,BULL_CALM
2024-04-29,BULL_CALM,0.9815944700176228,3.6075894706723815e-14,0.5654598835210646,AMBIGUOUS,dominant_gmm,0.12831759798614853,BULL_CALM
2024-04-30,BULL_CALM,0.9227994220530839,1.2776657181538976e-18,0.5662500616565935,AMBIGUOUS,dominant_gmm,0.13751734220582298,BULL_CALM
2024-05-01,BULL_CALM,0.6536938896314016,3.240614690744916e-10,0.5943640937966072,AMBIGUOUS,dominant_gmm,0.1372450575819948,BULL_CALM
2024-05-02,BULL_CALM,0.9044201647000238,1.3455669436797507e-11,0.5784702132996613,AMBIGUOUS,dominant_gmm,0.13696695782026924,BULL_CALM
2024-05-03,BULL_CALM,0.9657924356259927,1.0656336617004072e-12,0.579803042439034,AMBIGUOUS,dominant_gmm,0.13923612038623376,BULL_CALM
2024-05-06,BULL_CALM,0.9307911857120471,6.8767243659350835e-12,0.5749802610159049,AMBIGUOUS,vol_cluster_choppy,0.14458153527519474,CHOPPY
2024-05-07,BULL_CALM,0.9136429273460609,6.378889615329982e-12,0.5840996010609112,AMBIGUOUS,dominant_gmm,0.14457517849712592,BULL_CALM
2024-05-08,BULL_CALM,0.8869250760220111,1.6878155641364723e-09,0.6051728195292668,AMBIGUOUS,dominant_gmm,0.13982256860031458,BULL_CALM
2024-05-09,BULL_CALM,0.8792527115089993,3.081265279618224e-08,0.6022786233800077,AMBIGUOUS,dominant_gmm,0.13874075705470007,BULL_CALM
2024-05-10,BULL_CALM,0.8939903864552158,4.1467690876779414e-07,0.6186912445577127,AMBIGUOUS,dominant_gmm,0.12843202885435132,BULL_CALM
2024-05-13,BULL_CALM,0.7940193318683251,0.0009967852272272854,0.6023622864123804,AMBIGUOUS,dominant_gmm,0.11819951987478812,BULL_CALM
2024-05-14,BULL_VOLATILE,0.6190577028509548,0.006006119288030449,0.6217170986781402,AMBIGUOUS,dominant_gmm,0.11790331612196771,BULL_VOLATILE
2024-05-15,BULL_VOLATILE,0.8641883104184864,0.0005218816726698111,0.6137113399693823,AMBIGUOUS,dominant_gmm,0.11958203542577969,BULL_VOLATILE
2024-05-16,BULL_VOLATILE,0.8368158073271577,0.007339631675482862,0.6138803611243873,AMBIGUOUS,dominant_gmm,0.119581912098869,BULL_VOLATILE
2024-05-17,BULL_CALM,0.5430158607176951,0.006869491767172228,0.6140712772375895,AMBIGUOUS,dominant_gmm,0.1116900876887904,BULL_CALM
2024-05-20,BULL_CALM,0.8865741612550392,7.263103004657775e-05,0.633145311485639,AMBIGUOUS,dominant_gmm,0.10975497200842672,BULL_CALM
2024-05-21,BULL_CALM,0.9377532698146542,9.421993725837626e-06,0.6391899417705232,AMBIGUOUS,dominant_gmm,0.10460494457070416,BULL_CALM
2024-05-22,BULL_CALM,0.9523031364665535,2.185659505008958e-06,0.643650892945476,AMBIGUOUS,dominant_gmm,0.10585378610076689,BULL_CALM
2024-05-23,BULL_CALM,0.8505129643822426,0.0013041115159501495,0.64450497893053,AMBIGUOUS,dominant_gmm,0.10924593453009235,BULL_CALM
2024-05-24,BULL_CALM,0.9480758089849453,2.4408841571323466e-06,0.6541799622092296,MOMENTUM,hurst_momentum_bull,0.10717653045145263,BULL_CALM
2024-05-28,BULL_CALM,0.9596808989537681,8.709941530069493e-07,0.6537450994722298,MOMENTUM,hurst_momentum_bull,0.10713215039462075,BULL_CALM
2024-05-29,BULL_CALM,0.9798380845791261,6.767486800808869e-09,0.670790409135541,MOMENTUM,hurst_momentum_bull,0.09108612013835216,BULL_CALM
2024-05-30,BULL_CALM,0.5306597392153095,3.6318056956561206e-05,0.6708834072485542,MOMENTUM,hurst_momentum_bull,0.0945797665523392,BULL_CALM
2024-05-31,BULL_CALM,0.9090774651009573,1.0968077382218626e-06,0.6930237920256169,MOMENTUM,hurst_momentum_bull,0.09433725091141923,BULL_CALM
2024-06-03,BULL_CALM,0.9434840399321329,7.351293822697404e-07,0.696286967012858,MOMENTUM,hurst_momentum_bull,0.08632644754056695,BULL_CALM
2024-06-04,BULL_CALM,0.9844943487379262,1.4713010167445946e-10,0.692590882115974,MOMENTUM,hurst_momentum_bull,0.07993787231360432,BULL_CALM
2024-06-05,BULL_CALM,0.9938578476778448,2.0551087145799052e-11,0.6838314058829855,MOMENTUM,hurst_momentum_bull,0.08856173923539337,BULL_CALM
2024-06-06,BULL_CALM,0.9946753029612727,3.561097416437426e-11,0.7103237950980962,MOMENTUM,hurst_momentum_bull,0.0885900926422673,BULL_CALM
2024-06-07,BULL_CALM,0.9988725155240616,2.7415212452943262e-14,0.7010040829618702,MOMENTUM,hurst_momentum_bull,0.08778164638249839,BULL_CALM
2024-06-10,BULL_CALM,0.9994831601423514,6.117037039376961e-17,0.7019964913887434,MOMENTUM,hurst_momentum_bull,0.08800338653753316,BULL_CALM
2024-06-11,BULL_CALM,0.9994407716220046,2.0225963033219347e-16,0.733896937845943,MOMENTUM,hurst_momentum_bull,0.08793347119740039,BULL_CALM
2024-06-12,BULL_CALM,0.9974652758632218,5.112104989891677e-12,0.7305224380311779,MOMENTUM,hurst_momentum_bull,0.0905080531235216,BULL_CALM
2024-06-13,BULL_CALM,0.9191418687920283,9.616000753456932e-06,0.7416181091454119,MOMENTUM,hurst_momentum_bull,0.08131223623047241,BULL_CALM
2024-06-14,BULL_CALM,0.9557502090227824,7.423832447055877e-06,0.754821715268774,MOMENTUM,hurst_momentum_bull,0.08044397807164286,BULL_CALM
2024-06-17,BULL_CALM,0.9760995038804468,8.33467344125122e-08,0.7483648527426173,MOMENTUM,hurst_momentum_bull,0.08382134598573109,BULL_CALM
2024-06-18,BULL_CALM,0.8809084531303961,3.961997935436067e-05,0.7392735051403762,MOMENTUM,hurst_momentum_bull,0.08385594069698116,BULL_CALM
2024-06-20,BULL_CALM,0.988329903701433,2.986560066423371e-08,0.7463663900396419,MOMENTUM,hurst_momentum_bull,0.08525571745377955,BULL_CALM
2024-06-21,BULL_CALM,0.9958507592300272,1.0837905125444222e-10,0.747416947270782,MOMENTUM,hurst_momentum_bull,0.08658271570395155,BULL_CALM
2024-06-24,BULL_CALM,0.9844063627307191,1.8518016499289727e-07,0.7589169917859242,MOMENTUM,hurst_momentum_bull,0.0822779227200023,BULL_CALM
2024-06-25,BULL_CALM,0.9959332475813868,1.4933426734332044e-10,0.7717388112192894,MOMENTUM,hurst_momentum_bull,0.08060311430031755,BULL_CALM
2024-06-26,BULL_CALM,0.9394484290103762,0.00019224186509222543,0.772172544357932,MOMENTUM,hurst_momentum_bull,0.08055915987567874,BULL_CALM
2024-06-27,BULL_CALM,0.9614473381966322,2.9715343909426168e-05,0.761586021863276,MOMENTUM,hurst_momentum_bull,0.07408279653356256,BULL_CALM
2024-06-28,BULL_CALM,0.9360244956540641,0.0001341372675057965,0.7722693156080609,MOMENTUM,hurst_momentum_bull,0.07049096240790002,BULL_CALM
2024-07-01,BULL_CALM,0.9480723269327234,5.7562733309190716e-05,0.7681247754039029,MOMENTUM,hurst_momentum_bull,0.06536743276888393,BULL_CALM
2024-07-02,BULL_CALM,0.9784811034214592,1.6562605945892235e-07,0.7798942159387576,MOMENTUM,hurst_momentum_bull,0.0676553266616342,BULL_CALM
2024-07-03,BULL_CALM,0.9997039697842308,5.058620925247627e-19,0.7659801458970954,MOMENTUM,hurst_momentum_bull,0.06812978229502471,BULL_CALM
2024-07-05,BULL_CALM,0.9998402442170914,5.5470310292761845e-18,0.7982219358677752,MOMENTUM,hurst_momentum_bull,0.05943874622110712,BULL_CALM
2024-07-08,BULL_CALM,0.9999493910708481,6.240014132095743e-20,0.7981348193484288,MOMENTUM,hurst_momentum_bull,0.05909667612553109,BULL_CALM
2024-07-09,BULL_CALM,0.9999995077538283,1.4582444725590705e-30,0.8082203705451503,MOMENTUM,hurst_momentum_bull,0.05806787298060586,BULL_CALM
2024-07-10,BULL_CALM,0.9999999993411115,2.813690768336462e-46,0.8131832618786421,MOMENTUM,hurst_momentum_bull,0.06442361356562366,BULL_CALM
2024-07-11,BULL_CALM,0.999999999805149,1.558227601381631e-52,0.8060374559482916,MOMENTUM,hurst_momentum_bull,0.07527649338711039,BULL_CALM
2024-07-12,BULL_CALM,0.9999999971786444,1.7286774583262408e-43,0.8063386613392244,MOMENTUM,hurst_momentum_bull,0.07340353724793493,BULL_CALM
2024-07-15,BULL_CALM,0.9999999995470048,5.274451294793892e-47,0.768548152713644,MOMENTUM,hurst_momentum_bull,0.07349134187884876,BULL_CALM
2024-07-16,BULL_CALM,0.9999999967170814,5.0691710046457084e-42,0.7451885035818304,MOMENTUM,hurst_momentum_bull,0.07482017409031869,BULL_CALM
2024-07-17,BULL_CALM,0.9999999203111908,3.8276419787766393e-39,0.7361399834810066,MOMENTUM,hurst_momentum_vol_cluster_choppy,0.09063491954876719,CHOPPY
2024-07-18,BULL_CALM,0.999946436490846,2.3906841485681746e-28,0.7276573464940961,MOMENTUM,hurst_momentum_bull,0.09533679341800852,BULL_CALM
2024-07-19,BULL_CALM,0.9972605460695508,1.256280925698713e-24,0.7280546671871841,MOMENTUM,hurst_momentum_bull,0.09801581406071064,BULL_CALM
2024-07-22,BULL_CALM,0.9986225946121695,5.558811983014454e-21,0.7052735421223576,MOMENTUM,hurst_momentum_vol_cluster_choppy,0.1025516597543022,CHOPPY
2024-07-23,BULL_CALM,0.9936868452361133,4.9180465720066276e-17,0.7310522258832289,MOMENTUM,hurst_momentum_bull,0.10181050677266529,BULL_CALM
2024-07-24,BULL_VOLATILE,0.9995261505950248,2.5072341648281984e-14,0.7698073325016392,MOMENTUM,hurst_momentum_vol_cluster_choppy,0.1312882104180447,CHOPPY
2024-07-25,BULL_VOLATILE,0.9988874588299211,1.58877203112329e-14,0.7687315517466633,MOMENTUM,hurst_momentum_vol_cluster_choppy,0.13227683967363316,CHOPPY
2024-07-26,BULL_VOLATILE,0.9972713520683302,9.958078239139257e-14,0.7441484497534511,MOMENTUM,hurst_momentum_vol_cluster_choppy,0.13865466308203644,CHOPPY
2024-07-29,BULL_VOLATILE,0.9986635289974133,1.9166835805920027e-13,0.7814191394194875,MOMENTUM,hurst_momentum_vol_cluster_choppy,0.137940589472031,CHOPPY
2024-07-30,BULL_VOLATILE,0.9999758115393051,2.3924444085109795e-16,0.7747749008856379,MOMENTUM,hurst_momentum_vol_cluster_choppy,0.13890430683380267,CHOPPY
2024-07-31,BULL_VOLATILE,0.802752007917546,7.713977539070313e-17,0.788661656960596,MOMENTUM,hurst_momentum_bull,0.14901751174319045,BULL_CALM
2024-08-01,BULL_VOLATILE,0.9767912303974446,6.131845064397438e-17,0.7891661000836235,MOMENTUM,hurst_momentum_vol_cluster_choppy,0.15643968071283856,CHOPPY
2024-08-02,BULL_VOLATILE,0.9999638342968963,1.7822386202307523e-15,0.7903623216529416,MOMENTUM,hurst_momentum_bull,0.16663233661175292,BULL_CALM
2024-08-05,BULL_VOLATILE,0.9999999999949192,5.08035990438317e-12,0.7827394043821133,MOMENTUM,hard_bear,0.19190746683764576,BEAR
2024-08-06,BULL_VOLATILE,0.9997803331166585,0.00021966688127511298,0.7763650737795506,MOMENTUM,hard_bear,0.1966083248228579,BEAR
2024-08-07,BULL_VOLATILE,0.997061661562405,0.0029383226589735256,0.7656156010358803,MOMENTUM,hard_bear,0.19085778105872156,BEAR
2024-08-08,BULL_VOLATILE,0.9998956770946719,0.00010399157184714002,0.7712091628257969,MOMENTUM,hard_bear,0.21242232202783706,BEAR
2024-08-09,BULL_VOLATILE,0.9999510781631176,4.886255219965911e-05,0.7611815196404751,MOMENTUM,hard_bear,0.2115085826722594,BEAR
2024-08-12,BULL_VOLATILE,0.9999767356112597,2.320234071247604e-05,0.7661770885798063,MOMENTUM,hurst_momentum_bull,0.21093911468977866,BULL_CALM
2024-08-13,BULL_VOLATILE,0.999998261718579,5.720078605495666e-13,0.7714945140975769,MOMENTUM,hurst_momentum_bull,0.21963257549501083,BULL_CALM
2024-08-14,BULL_VOLATILE,0.9999998301874693,8.732531122401819e-13,0.7721756070069953,MOMENTUM,hurst_momentum_bull,0.21555583566559045,BULL_CALM
2024-08-15,BULL_VOLATILE,0.9999885751081935,6.013731283768378e-12,0.8078278118404458,MOMENTUM,hurst_momentum_bull,0.22338243974610353,BULL_CALM
2024-08-16,BULL_VOLATILE,0.9998860558413796,4.331566584702904e-14,0.8037774371387698,MOMENTUM,hurst_momentum_bull,0.22203201819975057,BULL_CALM
2024-08-19,BULL_VOLATILE,0.9999969622136664,1.5776273946703804e-13,0.8095286589319811,MOMENTUM,hurst_momentum_bull,0.221612283896448,BULL_CALM
2024-08-20,BULL_VOLATILE,0.9999939242175946,5.824937340295212e-06,0.814298771120574,MOMENTUM,hurst_momentum_bull,0.22161963228694254,BULL_CALM
2024-08-21,BULL_VOLATILE,0.9999975978000876,6.263410714879013e-08,0.8133077547983589,MOMENTUM,hurst_momentum_bull,0.20405336801960372,BULL_CALM
2024-08-22,BULL_VOLATILE,0.9997623202241641,3.40995396136951e-08,0.796521148038323,MOMENTUM,hurst_momentum_bull,0.20547230835452984,BULL_CALM
2024-08-23,BULL_VOLATILE,0.9998075915213529,8.577122512700942e-09,0.7657025552106804,MOMENTUM,hurst_momentum_bull,0.20513025760522297,BULL_CALM
2024-08-26,BULL_VOLATILE,0.9999294245899866,3.344424347631606e-05,0.7945306141032551,MOMENTUM,hurst_momentum_bull,0.20561067939697092,BULL_CALM
2024-08-27,BULL_VOLATILE,0.9994377295810993,0.0004569399151027007,0.7832902013810933,MOMENTUM,hurst_momentum_bull,0.2041354386757516,BULL_CALM
2024-08-28,BULL_VOLATILE,0.9979405819637632,0.001710606461194873,0.7588591299080082,MOMENTUM,hurst_momentum_bull,0.1984327936587365,BULL_CALM
2024-08-29,BULL_VOLATILE,0.9948497333370067,0.004221578876786908,0.7809094328674354,MOMENTUM,hurst_momentum_bull,0.19051982396096015,BULL_CALM
2024-08-30,BULL_VOLATILE,0.9800049470585737,0.00043960141798007554,0.7819106395343972,MOMENTUM,hurst_momentum_bull,0.176890124425097,BULL_CALM
2024-09-03,BULL_VOLATILE,0.935203273605369,0.0010408009371345515,0.7714107873619243,MOMENTUM,hurst_momentum_bull,0.15798173365258678,BULL_CALM
2024-09-04,BULL_VOLATILE,0.9329447840499336,0.0009899244876189904,0.7616893325612177,MOMENTUM,hurst_momentum_bull,0.15744163180096968,BULL_CALM
2024-09-05,BULL_VOLATILE,0.9755178101007052,0.002682064133668018,0.7632708818420852,MOMENTUM,hurst_momentum_bull,0.15476875622364591,BULL_CALM
2024-09-06,BULL_VOLATILE,0.991719530282375,0.005486172710275863,0.7729836293081532,MOMENTUM,hurst_momentum_bull,0.15062212360297397,BULL_CALM
2024-09-09,BULL_VOLATILE,0.9950418715271968,0.0030800695090495893,0.7679117888604384,MOMENTUM,hurst_momentum_bull,0.1545645049660934,BULL_CALM
2024-09-10,BULL_VOLATILE,0.9959899273210847,0.0005370872506835674,0.771822227081068,MOMENTUM,hurst_momentum_bull,0.15491106240360053,BULL_CALM
2024-09-11,BULL_VOLATILE,0.96130652453162,8.048809532728065e-05,0.7685571000291963,MOMENTUM,hurst_momentum_bull,0.14840423316023665,BULL_CALM
2024-09-12,BULL_CALM,0.7337233166534662,1.1835938238815635e-15,0.7729544696472381,MOMENTUM,hurst_momentum_bull,0.1505016393111005,BULL_CALM
2024-09-13,BULL_CALM,0.9387461710513099,1.3511945297407382e-14,0.771223168979868,MOMENTUM,hurst_momentum_bull,0.1395541784612109,BULL_CALM
2024-09-16,BULL_CALM,0.7559078516253552,1.1703583127815438e-12,0.7725168118072485,MOMENTUM,hurst_momentum_bull,0.13947855824105548,BULL_CALM
2024-09-17,BULL_CALM,0.9677531971887495,2.4426937251468085e-12,0.7929492279962701,MOMENTUM,hurst_momentum_bull,0.13558319001212682,BULL_CALM
2024-09-18,BULL_CALM,0.7809036390317139,1.2588576019110826e-06,0.7959967337818018,MOMENTUM,hurst_momentum_bull,0.13592424211099663,BULL_CALM
2024-09-19,BULL_VOLATILE,0.5268120929627461,3.608385394588851e-07,0.7854788579229186,MOMENTUM,hurst_momentum_bull,0.14818217868882233,BULL_CALM
2024-09-20,BULL_VOLATILE,0.8437153092153791,3.049410839996375e-06,0.7940329576896746,MOMENTUM,hurst_momentum_bull,0.1461506660212843,BULL_CALM
2024-09-23,BULL_VOLATILE,0.9074535686043929,0.0016757145768419687,0.8010345020187508,MOMENTUM,hurst_momentum_bull,0.1419193839836487,BULL_CALM
2024-09-24,BULL_VOLATILE,0.6576421964396336,2.1024048161023954e-05,0.8041998342826735,MOMENTUM,hurst_momentum_bull,0.14162649324984633,BULL_CALM
2024-09-25,BULL_CALM,0.7377901922244509,1.8791723533378726e-07,0.8198540577908958,MOMENTUM,hurst_momentum_bull,0.14205932579451297,BULL_CALM
2024-09-26,BULL_CALM,0.9768225372374894,4.232627023205376e-14,0.820776273578314,MOMENTUM,hurst_momentum_bull,0.1402671435948627,BULL_CALM
2024-09-27,BULL_CALM,0.9690546903914358,2.8188648875029524e-14,0.8274896664516426,MOMENTUM,hurst_momentum_bull,0.14054616436100517,BULL_CALM
2024-09-30,BULL_CALM,0.9129302357477156,2.711715613290474e-10,0.8269567959784532,MOMENTUM,hurst_momentum_bull,0.13752617247204244,BULL_CALM
2024-10-01,BULL_CALM,0.8736571997281696,2.558694505473585e-05,0.8200461634280704,MOMENTUM,hurst_momentum_bull,0.11826709549670891,BULL_CALM
2024-10-02,BULL_CALM,0.8299428168717518,0.0003154521497391115,0.8219409587673789,MOMENTUM,hurst_momentum_bull,0.11760698118374512,BULL_CALM
2024-10-03,BULL_CALM,0.7980102720762351,0.00017489215272116626,0.8158777618625357,MOMENTUM,hurst_momentum_bull,0.11734974086540653,BULL_CALM
2024-10-04,BULL_CALM,0.9329814695742623,8.396424221287362e-05,0.8189400429778991,MOMENTUM,hurst_momentum_bull,0.097594709140503,BULL_CALM
2024-10-07,BULL_CALM,0.9446183764445579,7.466906638480576e-07,0.8170416659246402,MOMENTUM,hurst_momentum_bull,0.10129009645225023,BULL_CALM
2024-10-08,BULL_CALM,0.9804192773818798,4.97615474663258e-08,0.8028748938947485,MOMENTUM,hurst_momentum_bull,0.1044721078541861,BULL_CALM
2024-10-09,BULL_CALM,0.9955376155577437,2.0024146424132818e-10,0.8155873721214721,MOMENTUM,hurst_momentum_bull,0.10169372468712125,BULL_CALM
2024-10-10,BULL_CALM,0.9991329146334559,1.1496624160611615e-14,0.8127533825574843,MOMENTUM,hurst_momentum_bull,0.099600470781194,BULL_CALM
2024-10-11,BULL_CALM,0.9997165035475272,1.9429423491524747e-16,0.8149047713140448,MOMENTUM,hurst_momentum_bull,0.10001403733339874,BULL_CALM
2024-10-14,BULL_CALM,0.9999424009614734,5.4955436293787354e-21,0.8162033505454238,MOMENTUM,hurst_momentum_bull,0.1027328302773676,BULL_CALM
2024-10-15,BULL_CALM,0.9999999338717617,4.573461622245585e-39,0.7992253742767758,MOMENTUM,hurst_momentum_bull,0.10825466625192372,BULL_CALM
2024-10-16,BULL_CALM,0.9999999712406779,3.235999396454183e-40,0.8050875398717872,MOMENTUM,hurst_momentum_bull,0.10737503479989616,BULL_CALM
2024-10-17,BULL_CALM,0.9999999882824065,8.187388647533902e-40,0.7947947639120363,MOMENTUM,hurst_momentum_bull,0.09115813460374401,BULL_CALM
2024-10-18,BULL_CALM,0.9999963060652232,8.987678886038758e-26,0.7969299269549761,MOMENTUM,hurst_momentum_bull,0.0890177557580424,BULL_CALM
2024-10-21,BULL_CALM,0.9998677058589133,4.941844922298829e-17,0.7978135419204107,MOMENTUM,hurst_momentum_bull,0.08957228895850061,BULL_CALM
2024-10-22,BULL_CALM,0.9989947395871026,1.8796096850297965e-12,0.7943722070426946,MOMENTUM,hurst_momentum_bull,0.08956046705793032,BULL_CALM
2024-10-23,BULL_CALM,0.9911780461374312,9.305921007970832e-10,0.7890833310103361,MOMENTUM,hurst_momentum_bull,0.09605399240196731,BULL_CALM
2024-10-24,BULL_CALM,0.9943535878943477,2.360036836129848e-10,0.7959654646791129,MOMENTUM,hurst_momentum_bull,0.09545531926766325,BULL_CALM
2024-10-25,BULL_CALM,0.973541047936778,6.236526466954356e-07,0.7936492538946761,MOMENTUM,hurst_momentum_bull,0.09521773399942852,BULL_CALM
2024-10-28,BULL_CALM,0.9491332062180322,4.707888821861993e-06,0.7688005379718299,MOMENTUM,hurst_momentum_bull,0.09484743255155227,BULL_CALM
2024-10-29,BULL_CALM,0.9975010923253688,4.966846081471977e-12,0.8147331017329906,MOMENTUM,hurst_momentum_bull,0.0878381787466047,BULL_CALM
2024-10-30,BULL_CALM,0.9903638899358492,5.206595380737432e-10,0.7817890458419325,MOMENTUM,hurst_momentum_bull,0.08906522373170517,BULL_CALM
2024-10-31,BULL_VOLATILE,0.8803098442094675,6.860344346033647e-07,0.7525783095852092,MOMENTUM,hurst_momentum_bull,0.1150671125692322,BULL_CALM
2024-11-01,BULL_VOLATILE,0.8168676519348154,1.963379176858545e-08,0.8013510669785666,MOMENTUM,hurst_momentum_bull,0.11125768411090145,BULL_CALM
2024-11-04,BULL_VOLATILE,0.8661788380928258,5.3069417719266454e-05,0.790325585893713,MOMENTUM,hurst_momentum_bull,0.10654132465616252,BULL_CALM
2024-11-05,BULL_CALM,0.6952060057537457,5.320245851112574e-06,0.8089468153223325,MOMENTUM,hurst_momentum_vol_cluster_choppy,0.10993405230942598,CHOPPY
2024-11-06,BULL_CALM,0.7588370201045841,4.708916652679135e-07,0.7892484188289962,MOMENTUM,hard_bear,0.13885003336575896,BEAR
2024-11-07,BULL_CALM,0.8401522039591475,2.35541633224849e-08,0.7746256594629636,MOMENTUM,hurst_momentum_bull,0.14022640537360867,BULL_CALM
2024-11-08,BULL_CALM,0.6440036195420882,7.127586784520449e-06,0.7880967914793477,MOMENTUM,hurst_momentum_bull,0.13967688049231264,BULL_CALM
2024-11-11,BULL_CALM,0.6857178483218969,1.58673485126777e-05,0.7582619979001264,MOMENTUM,hurst_momentum_bull,0.13751396784271844,BULL_CALM
2024-11-12,BULL_VOLATILE,0.5477914974572587,0.011933298806726033,0.7545038496251157,MOMENTUM,hurst_momentum_bull,0.13441543636233197,BULL_CALM
2024-11-13,BULL_VOLATILE,0.591931970877886,0.014176847846960338,0.7436297622992116,MOMENTUM,hurst_momentum_bull,0.13402533857035978,BULL_CALM
2024-11-14,BULL_VOLATILE,0.7917038002601783,0.006767336445336956,0.7513589089972416,MOMENTUM,hurst_momentum_bull,0.13677395047239863,BULL_CALM
2024-11-15,BULL_VOLATILE,0.6885615393472649,0.017443488163912464,0.7484713526886718,MOMENTUM,hurst_momentum_bull,0.1446787984269178,BULL_CALM
2024-11-18,BULL_VOLATILE,0.8126692776466697,0.013701825366433093,0.7521536265071365,MOMENTUM,hurst_momentum_bull,0.14517549276836383,BULL_CALM
2024-11-19,BULL_VOLATILE,0.7020450234373786,0.011829439705326798,0.7618680379240209,MOMENTUM,hurst_momentum_bull,0.14556970175230574,BULL_CALM
2024-11-20,BULL_VOLATILE,0.8101399661397417,0.00020987640173857105,0.7651903528214892,MOMENTUM,hurst_momentum_bull,0.1409453179684054,BULL_CALM
2024-11-21,BULL_VOLATILE,0.8700641293012541,0.0009628888219233276,0.7750464759798966,MOMENTUM,hurst_momentum_bull,0.1417204775282466,BULL_CALM
2024-11-22,BULL_VOLATILE,0.8895971186246062,0.0008364784395298063,0.7729748200068277,MOMENTUM,hurst_momentum_bull,0.1417275911587893,BULL_CALM
2024-11-25,BULL_VOLATILE,0.815000663191907,0.013673974379657098,0.77440986682371,MOMENTUM,hurst_momentum_bull,0.141778039303319,BULL_CALM
2024-11-26,BULL_VOLATILE,0.5981594253612112,0.01056092047193202,0.7666151032457331,MOMENTUM,hurst_momentum_bull,0.1424082047817829,BULL_CALM
2024-11-27,BULL_VOLATILE,0.7273794004855044,0.014490736556937675,0.7644265061807204,MOMENTUM,hurst_momentum_bull,0.14241028782697596,BULL_CALM
2024-11-29,BULL_CALM,0.7922735560597177,0.004277964886916726,0.7791958937102554,MOMENTUM,hurst_momentum_bull,0.11888414742331206,BULL_CALM
2024-12-02,BULL_CALM,0.848404728178156,0.0002664059892839978,0.7681141258331529,MOMENTUM,hurst_momentum_bull,0.11884611917400774,BULL_CALM
2024-12-03,BULL_CALM,0.8264454102894541,0.003035689776458404,0.7591120230298712,MOMENTUM,hurst_momentum_bull,0.11775555579951483,BULL_CALM
2024-12-04,BULL_CALM,0.8114723950313858,0.0018858322595661024,0.7519646828125129,MOMENTUM,hurst_momentum_bull,0.1134626484914581,BULL_CALM
2024-12-05,BULL_CALM,0.9051964895786154,0.0005327582842676101,0.7929797401492679,MOMENTUM,hurst_momentum_bull,0.07810980330970768,BULL_CALM
2024-12-06,BULL_CALM,0.8944004540495819,0.0009695293628424564,0.7714894455168237,MOMENTUM,hurst_momentum_bull,0.07441169757319889,BULL_CALM
2024-12-09,BULL_CALM,0.9277911848771214,0.00048512196771787993,0.7595647165509767,MOMENTUM,hurst_momentum_bull,0.07640735512253681,BULL_CALM
2024-12-10,BULL_CALM,0.9699663339406095,3.696087746700814e-06,0.7290807194737369,MOMENTUM,hurst_momentum_bull,0.07747675493628223,BULL_CALM
2024-12-11,BULL_CALM,0.9766341168723441,1.0665916424057638e-06,0.7047737228814148,MOMENTUM,hurst_momentum_bull,0.08055738526207251,BULL_CALM
2024-12-12,BULL_CALM,0.9954270863288357,3.1669972921949315e-11,0.6942322151406739,MOMENTUM,hurst_momentum_bull,0.08336932802903144,BULL_CALM
2024-12-13,BULL_CALM,0.9965454217316676,2.2379058636869282e-11,0.6861704551835851,MOMENTUM,hurst_momentum_bull,0.079223692078197,BULL_CALM
2024-12-16,BULL_CALM,0.988552398035839,1.5537539612387016e-07,0.6883244212190843,MOMENTUM,hurst_momentum_bull,0.06109365226259017,BULL_CALM
2024-12-17,BULL_CALM,0.9773174124121211,5.436182275812251e-06,0.6930369945109994,MOMENTUM,hurst_momentum_bull,0.06384838275983033,BULL_CALM
2024-12-18,BULL_VOLATILE,0.9777925684180231,0.017221677498601904,0.7282736901727049,MOMENTUM,hurst_momentum_vol_cluster_choppy,0.1270707064292686,CHOPPY
2024-12-19,BULL_VOLATILE,0.9887473734930992,0.008466220445396855,0.7221398486426527,MOMENTUM,hurst_momentum_vol_cluster_choppy,0.12704759537256766,CHOPPY
2024-12-20,BULL_VOLATILE,0.9937607869091276,0.00019774569060395744,0.723567827069237,MOMENTUM,hurst_momentum_vol_cluster_choppy,0.12948399117757048,CHOPPY
2024-12-23,BULL_VOLATILE,0.9401852103574533,5.6928053802914124e-05,0.7203704177739386,MOMENTUM,hurst_momentum_vol_cluster_choppy,0.1308534052450052,CHOPPY
2024-12-24,BULL_VOLATILE,0.5642569603730637,1.5071694220468663e-08,0.7164851146141111,MOMENTUM,hard_bear,0.1362954265337509,BEAR
2024-12-26,BULL_CALM,0.7573778411451367,3.43233482231013e-20,0.7293661500601185,MOMENTUM,hurst_momentum_bull,0.1350745219679652,BULL_CALM
2024-12-27,BULL_VOLATILE,0.8148395882016755,4.927931796646573e-18,0.7303504656369795,MOMENTUM,hurst_momentum_bull,0.13990739817736453,BULL_CALM
2024-12-30,BULL_VOLATILE,0.9990796828610657,4.121553706933712e-08,0.7265816698028335,MOMENTUM,hurst_momentum_bull,0.14300826536393035,BULL_CALM
2024-12-31,BULL_VOLATILE,0.9998797182206723,3.28945274640029e-05,0.7514377655299141,MOMENTUM,hurst_momentum_bull,0.1428183870849497,BULL_CALM
2025-01-02,BULL_VOLATILE,0.9998664147469889,1.3290776356889105e-06,0.7424163609917916,MOMENTUM,hurst_momentum_bull,0.14267950935903242,BULL_CALM
2025-01-03,BULL_VOLATILE,0.6655867811227325,1.2333051455683943e-06,0.7540535041497717,MOMENTUM,hurst_momentum_bull,0.14885322835467923,BULL_CALM
2025-01-06,BULL_VOLATILE,0.757899693257564,0.00031653599836690044,0.740506368804604,MOMENTUM,hurst_momentum_bull,0.15091046019935378,BULL_CALM
2025-01-07,BULL_VOLATILE,0.9705068750131957,0.000186306879053695,0.7708924103752575,MOMENTUM,hurst_momentum_bull,0.15489253561114627,BULL_CALM
2025-01-08,BULL_VOLATILE,0.9850991463980286,8.247535857749768e-05,0.7555997468368523,MOMENTUM,hurst_momentum_bull,0.1546357608661672,BULL_CALM
2025-01-10,BULL_VOLATILE,0.9999962301248977,3.54600622430929e-15,0.7440135530327692,MOMENTUM,hurst_momentum_bull,0.1624259975054208,BULL_CALM
2025-01-13,BULL_VOLATILE,0.9999851907735001,2.019784331758581e-16,0.7405683764768494,MOMENTUM,hurst_momentum_bull,0.15904557961484866,BULL_CALM
2025-01-14,BULL_VOLATILE,0.9986254754934589,1.2726105487889042e-17,0.7379358973173069,MOMENTUM,hurst_momentum_bull,0.15909523325107428,BULL_CALM
2025-01-15,BULL_VOLATILE,0.6492696904283829,8.202526613822423e-21,0.7274802327249397,MOMENTUM,hurst_momentum_bull,0.17424392678408643,BULL_CALM
2025-01-16,BULL_VOLATILE,0.957698815995553,2.9266977762895697e-10,0.7149006636797103,MOMENTUM,hurst_momentum_bull,0.17319180842474013,BULL_CALM
2025-01-17,BULL_VOLATILE,0.9582494420601883,1.8657623556993867e-08,0.711869331850886,MOMENTUM,hurst_momentum_bull,0.17727776761525238,BULL_CALM
2025-01-21,BULL_CALM,0.8278017697095089,1.3721058377691464e-09,0.7044484937358756,MOMENTUM,hurst_momentum_bull,0.14236033627699654,BULL_CALM
2025-01-22,BULL_CALM,0.8084447938148973,2.3154694159283887e-09,0.6967547817214931,MOMENTUM,hurst_momentum_bull,0.142944424291946,BULL_CALM
2025-01-23,BULL_CALM,0.9102016511122474,1.643617188745248e-10,0.6888066814489051,MOMENTUM,hurst_momentum_bull,0.14136189687943937,BULL_CALM
2025-01-24,BULL_CALM,0.9019637821426926,3.0993984925203984e-10,0.6799677938727443,MOMENTUM,hurst_momentum_bull,0.14122027233703008,BULL_CALM
2025-01-27,BULL_CALM,0.6106932520821241,6.362061148087156e-07,0.6717251509528315,MOMENTUM,hurst_momentum_bull,0.14594794361733807,BULL_CALM
2025-01-28,BULL_VOLATILE,0.9077733659780969,0.002236904470381576,0.6710021791802832,MOMENTUM,hurst_momentum_bull,0.14919456309875848,BULL_CALM
2025-01-29,BULL_VOLATILE,0.734473482978676,0.0003158179322378178,0.6686769620821743,MOMENTUM,hurst_momentum_bull,0.14485396929649222,BULL_CALM
2025-01-30,BULL_VOLATILE,0.5123821613536759,0.0005832742171675449,0.6713578051281853,MOMENTUM,hurst_momentum_bull,0.13849285763622476,BULL_CALM
2025-01-31,BULL_CALM,0.5657121553566327,7.730653321815676e-05,0.6742669298901126,MOMENTUM,hurst_momentum_bull,0.13943861374329072,BULL_CALM
2025-02-03,BULL_VOLATILE,0.7405190816790074,0.00043506337056772296,0.6833686797350981,MOMENTUM,hurst_momentum_bull,0.14179575892460003,BULL_CALM
2025-02-04,BULL_VOLATILE,0.6205950515717958,0.001307161470000288,0.7027426625866862,MOMENTUM,hurst_momentum_bull,0.13705382192943522,BULL_CALM
2025-02-05,BULL_CALM,0.541735827104337,0.0005293703586636569,0.7073405413181523,MOMENTUM,hurst_momentum_bull,0.13637673703363418,BULL_CALM
2025-02-06,BULL_CALM,0.6565528495519288,0.000384752229111815,0.7052503306466347,MOMENTUM,hurst_momentum_bull,0.12890212788578143,BULL_CALM
2025-02-07,BULL_VOLATILE,0.5867161365793567,0.0008091820005895905,0.6645385047049067,MOMENTUM,hurst_momentum_bull,0.1343503234343579,BULL_CALM
2025-02-10,BULL_CALM,0.796445715369874,0.00034856152632586717,0.6944393261526026,MOMENTUM,hurst_momentum_bull,0.12113108533091069,BULL_CALM
2025-02-11,BULL_CALM,0.7502096686631222,0.00028340848636519445,0.7363080491660265,MOMENTUM,hurst_momentum_bull,0.12120975522230776,BULL_CALM
2025-02-12,BULL_CALM,0.7617035510585565,8.564635379352898e-05,0.7465237255959388,MOMENTUM,hurst_momentum_bull,0.12263685513891259,BULL_CALM
2025-02-13,BULL_CALM,0.8962438872823374,4.502482960460284e-05,0.7516166547854547,MOMENTUM,hurst_momentum_bull,0.11161839499771163,BULL_CALM
2025-02-14,BULL_CALM,0.8886013148450713,2.709372531163862e-05,0.7344352029988591,MOMENTUM,hurst_momentum_bull,0.11106764645011212,BULL_CALM
2025-02-18,BULL_CALM,0.8499163546757235,0.00023809015626625384,0.722533931698471,MOMENTUM,hurst_momentum_bull,0.10662019406961035,BULL_CALM
2025-02-19,BULL_CALM,0.9228591463732263,7.649866795503312e-05,0.7136408447233872,MOMENTUM,hurst_momentum_bull,0.10252297154721766,BULL_CALM
2025-02-20,BULL_CALM,0.9703536208075931,2.7105505967982518e-06,0.721481361912905,MOMENTUM,hurst_momentum_bull,0.10234261872195484,BULL_CALM
2025-02-21,BULL_CALM,0.6034270928105722,3.846169548453034e-05,0.7078208577821727,MOMENTUM,hurst_momentum_bull,0.11758872394270005,BULL_CALM
2025-02-24,BULL_CALM,0.785178141082928,0.00031201886139513426,0.7116621746203495,MOMENTUM,hurst_momentum_bull,0.11812282028896823,BULL_CALM
2025-02-25,BULL_CALM,0.6517594115295808,0.000670600894530576,0.7074792364688371,MOMENTUM,hurst_momentum_bull,0.108545377812665,BULL_CALM
2025-02-26,BULL_CALM,0.5780794189883117,0.0023430181483741898,0.6899564911712256,MOMENTUM,hurst_momentum_bull,0.10332224045880688,BULL_CALM
2025-02-27,BULL_VOLATILE,0.9331742875708124,0.007503646018502823,0.6891588926009284,MOMENTUM,hard_bear,0.11598958661526784,BEAR
2025-02-28,BULL_VOLATILE,0.9068288807818953,0.0024672787237049474,0.6709743619371357,MOMENTUM,hurst_momentum_bull,0.12887346635758323,BULL_CALM
2025-03-03,BULL_VOLATILE,0.9982293465667603,0.0013315961643189048,0.6548064598181939,MOMENTUM,hurst_momentum_bull,0.1411466864288723,BULL_CALM
2025-03-04,BULL_VOLATILE,0.9950957994723392,0.004903814474345861,0.6594573667065948,MOMENTUM,hurst_momentum_bull,0.1447817577697954,BULL_CALM
2025-03-05,BULL_VOLATILE,0.9999546088300821,4.292424569406629e-05,0.6525621104857248,MOMENTUM,hurst_momentum_bull,0.14856832997882768,BULL_CALM
2025-03-06,BULL_VOLATILE,0.9997204718864126,0.0002795197165522964,0.6513562304099225,MOMENTUM,hard_bear,0.15757326419824963,BEAR
2025-03-07,BULL_VOLATILE,0.9999599634135936,1.0711791581624713e-05,0.6452688331249724,AMBIGUOUS,dominant_gmm,0.15884320444555472,BULL_VOLATILE
2025-03-10,BULL_VOLATILE,0.9999633350493344,3.666480406180826e-05,0.6560428490025243,MOMENTUM,hard_bear,0.17932583668445637,BEAR
2025-03-11,BULL_VOLATILE,0.9999988926682852,1.107318207983936e-06,0.6520316745435041,MOMENTUM,hard_bear,0.17592911314088397,BEAR
2025-03-12,BULL_VOLATILE,0.9999999954615508,4.490545813481018e-09,0.6562923950124674,MOMENTUM,hard_bear,0.17833572358899918,BEAR
2025-03-13,BULL_VOLATILE,0.9999999999149414,1.9975739675976833e-12,0.6687155704727578,MOMENTUM,hard_bear,0.18139224891002842,BEAR
2025-03-14,BULL_VOLATILE,0.999999999931787,1.3526114853431147e-17,0.6736763723947585,MOMENTUM,hard_bear,0.1954540986272058,BEAR
2025-03-17,BULL_VOLATILE,0.9999990621154019,1.5212560151669767e-23,0.6825190845827418,MOMENTUM,hurst_momentum_spy_bearish,0.19939585651822903,BEAR
2025-03-18,BULL_VOLATILE,0.9999985331607604,2.1159691146024847e-22,0.6821707979942799,MOMENTUM,hard_bear,0.19944816809994517,BEAR
2025-03-19,BULL_VOLATILE,0.9999995473029732,6.465356914248944e-23,0.6911469316020887,MOMENTUM,hurst_momentum_spy_bearish,0.20539469683954972,BEAR
2025-03-20,BULL_VOLATILE,0.9999389394796098,2.2433412375531903e-22,0.7082162208202215,MOMENTUM,hurst_momentum_spy_bearish,0.20541420137008767,BEAR
2025-03-21,BULL_VOLATILE,0.9999907330214984,2.2577909946804778e-17,0.6882972615621724,MOMENTUM,hurst_momentum_spy_bearish,0.19924942603320886,BEAR
2025-03-24,BULL_VOLATILE,0.9966136361971634,8.252973195020449e-18,0.7535367201655776,MOMENTUM,hurst_momentum_bull,0.21245837263528056,BULL_CALM
2025-03-25,BULL_VOLATILE,0.9861461917251135,1.9764493699954184e-20,0.7498202643268267,MOMENTUM,hurst_momentum_bull,0.21265112188717322,BULL_CALM
2025-03-26,BULL_VOLATILE,0.9988379802887467,2.095019503502654e-19,0.7400750979555527,MOMENTUM,hurst_momentum_spy_bearish,0.21564640632509588,BEAR
2025-03-27,BULL_VOLATILE,0.9918668836380989,1.903902647750325e-18,0.7413310552361273,MOMENTUM,hurst_momentum_spy_bearish,0.209418289384978,BEAR
2025-03-28,BULL_VOLATILE,0.999996302490704,3.853507484624817e-18,0.7656748104016042,MOMENTUM,hurst_momentum_spy_bearish,0.20918499202815552,BEAR
2025-03-31,BULL_VOLATILE,0.9999877747563655,3.0207740946555122e-18,0.7615339786661146,MOMENTUM,hurst_momentum_spy_bearish,0.20492191231736964,BEAR
2025-04-01,BULL_VOLATILE,0.9996248127365586,2.6571837117498125e-16,0.7531223595170313,MOMENTUM,hurst_momentum_spy_bearish,0.20222688429043822,BEAR
2025-04-02,BULL_VOLATILE,0.9998702293496731,2.9154911465404786e-14,0.7354379752024218,MOMENTUM,hurst_momentum_spy_bearish,0.19931701505967703,BEAR
2025-04-03,BULL_VOLATILE,0.9999535448008706,4.645519912925225e-05,0.7281316156380345,MOMENTUM,hard_bear,0.25653898228938476,BEAR
2025-04-04,BEAR,0.9924727680349872,0.9924727680349872,0.7034447793498166,MOMENTUM,hard_bear,0.32065790795827986,BEAR
2025-04-07,BEAR,0.9974030084553068,0.9974030084553068,0.7417394199929878,MOMENTUM,hard_bear,0.3117902064575565,BEAR
2025-04-08,BEAR,0.9997889727402787,0.9997889727402787,0.7465021446674908,MOMENTUM,hard_bear,0.3138853541654929,BEAR
2025-04-09,BEAR,0.9999958717088231,0.9999958717088231,0.7380099353026727,MOMENTUM,hard_bear,0.5022418781763758,BEAR
2025-04-10,BEAR,0.9999999744603436,0.9999999744603436,0.7218744697487484,MOMENTUM,hard_bear,0.5237999168063382,BEAR
2025-04-11,BEAR,0.99999978382057,0.99999978382057,0.7437460438509557,MOMENTUM,hard_bear,0.5222801177139703,BEAR
2025-04-14,BEAR,0.9999997801518757,0.9999997801518757,0.7392718789995885,MOMENTUM,hard_bear,0.5228248355742292,BEAR
2025-04-15,BEAR,0.9999993251723016,0.9999993251723016,0.732517035005434,MOMENTUM,hard_bear,0.5218128409860567,BEAR
2025-04-16,BEAR,0.9999998570020374,0.9999998570020374,0.6801719123448613,MOMENTUM,hard_bear,0.524510682708615,BEAR
2025-04-17,BEAR,0.9999996979621231,0.9999996979621231,0.6774675460478823,MOMENTUM,hard_bear,0.5247773910894703,BEAR
2025-04-21,BEAR,0.9999992685640228,0.9999992685640228,0.6551635410671391,MOMENTUM,hard_bear,0.5299014369123642,BEAR
2025-04-22,BEAR,0.9999998573268846,0.9999998573268846,0.6733093975467491,MOMENTUM,hard_bear,0.5351294238460548,BEAR
2025-04-23,BEAR,0.9999999710265339,0.9999999710265339,0.6883597200846628,MOMENTUM,hard_bear,0.5391189044140032,BEAR
2025-04-24,BEAR,0.9999996582367527,0.9999996582367527,0.7104736489157657,MOMENTUM,hard_bear,0.5446051543455284,BEAR
2025-04-25,BEAR,0.9999817735845515,0.9999817735845515,0.7111721980926521,MOMENTUM,hard_bear,0.545435329095442,BEAR
2025-04-28,BEAR,0.9998388388655093,0.9998388388655093,0.6927096019892685,MOMENTUM,hard_bear,0.540689024516435,BEAR
2025-04-29,BEAR,0.999993940478355,0.999993940478355,0.7054486290819093,MOMENTUM,hard_bear,0.5406240070686038,BEAR
2025-04-30,BEAR,0.9999998921298837,0.9999998921298837,0.7052970449978208,MOMENTUM,hard_bear,0.5405295026952291,BEAR
2025-05-01,BEAR,0.9999999452220828,0.9999999452220828,0.7172102910346219,MOMENTUM,hard_bear,0.5406546643075023,BEAR
2025-05-02,BEAR,0.9999996499231856,0.9999996499231856,0.7210084037546156,MOMENTUM,hard_bear,0.5101863987540566,BEAR
2025-05-05,BEAR,0.999979138840879,0.999979138840879,0.7249600479173991,MOMENTUM,hard_bear,0.457085667529345,BEAR
2025-05-06,BEAR,0.999848466625998,0.999848466625998,0.7165130977420381,MOMENTUM,hard_bear,0.4591333204698439,BEAR
2025-05-07,BEAR,0.9998252414031166,0.9998252414031166,0.6994223787297527,MOMENTUM,hard_bear,0.4523425074120692,BEAR
2025-05-08,BULL_VOLATILE,0.9795439109884545,0.02045608866727859,0.6971353330272845,MOMENTUM,hurst_momentum_bull,0.2637051593022789,BULL_CALM
2025-05-09,BULL_VOLATILE,0.9900859245817885,0.0097413058291548,0.7131654655762505,MOMENTUM,hurst_momentum_bull,0.20267736968453226,BULL_CALM
2025-05-12,BULL_VOLATILE,0.9789457763883584,0.021054144247868573,0.6910141142406344,MOMENTUM,hurst_momentum_bull,0.22289034416257422,BULL_CALM
2025-05-13,BULL_VOLATILE,0.9955699633990517,0.004429956873473199,0.6900517004749606,MOMENTUM,hurst_momentum_bull,0.22220125623292095,BULL_CALM
2025-05-14,BULL_VOLATILE,0.9843030496358929,0.015696842299410835,0.6958917474190114,MOMENTUM,hurst_momentum_bull,0.22093015451818337,BULL_CALM
2025-05-15,BULL_VOLATILE,0.999822210461608,6.838114256493086e-07,0.6680901107061685,MOMENTUM,hurst_momentum_bull,0.19701829779725866,BULL_CALM
2025-05-16,BULL_VOLATILE,0.9990652576019118,5.065757069224074e-08,0.6675245070982435,MOMENTUM,hurst_momentum_bull,0.19630864399070028,BULL_CALM
2025-05-19,BULL_VOLATILE,0.9885501813183746,6.526854456814242e-05,0.6645767988377599,MOMENTUM,hurst_momentum_bull,0.16299575515278408,BULL_CALM
2025-05-20,BULL_VOLATILE,0.9928976465196232,0.0004780018665702248,0.654555135417582,MOMENTUM,hurst_momentum_bull,0.15142008959297312,BULL_CALM
2025-05-21,BULL_VOLATILE,0.9681268676570676,0.00012213366197399465,0.654677957668843,MOMENTUM,hurst_momentum_bull,0.16702671376527145,BULL_CALM
2025-05-22,BULL_VOLATILE,0.8482049266200373,0.00017277072682178712,0.6578758038123366,MOMENTUM,hurst_momentum_bull,0.15524131525801665,BULL_CALM
2025-05-23,BULL_VOLATILE,0.8936828061004181,0.0006983924089374196,0.654217953191628,MOMENTUM,hurst_momentum_bull,0.15847545735782412,BULL_CALM
2025-05-27,BULL_VOLATILE,0.9637436863302415,3.493654357897455e-06,0.6613237894341776,MOMENTUM,hurst_momentum_bull,0.17081451052759078,BULL_CALM
2025-05-28,BULL_VOLATILE,0.9925310094367348,8.082462278843738e-06,0.6773698948054058,MOMENTUM,hurst_momentum_bull,0.17363623936278388,BULL_CALM
2025-05-29,BULL_VOLATILE,0.919238884500216,5.6480303392972665e-15,0.6797948265891128,MOMENTUM,hurst_momentum_bull,0.17339102766200645,BULL_CALM
2025-05-30,BULL_VOLATILE,0.9851944180955906,4.9824465843406734e-12,0.6974726629272873,MOMENTUM,hurst_momentum_bull,0.17337535318086675,BULL_CALM
2025-06-02,BULL_VOLATILE,0.972278544147131,8.047327717945452e-12,0.6900964852549738,MOMENTUM,hurst_momentum_bull,0.167851092196513,BULL_CALM
2025-06-03,BULL_VOLATILE,0.8859657685235758,1.4703735879743218e-12,0.678755140078677,MOMENTUM,hurst_momentum_bull,0.1654890160053507,BULL_CALM
2025-06-04,BULL_VOLATILE,0.7520899931354893,1.6155433450004224e-11,0.7037986367877167,MOMENTUM,hurst_momentum_bull,0.16063211062248836,BULL_CALM
2025-06-05,BULL_VOLATILE,0.6248090926151909,1.4202560712520594e-10,0.6791129027364211,MOMENTUM,hurst_momentum_bull,0.16311855571785416,BULL_CALM
2025-06-06,BULL_VOLATILE,0.5861287403800902,2.503348559701941e-10,0.6853035067574345,MOMENTUM,hurst_momentum_bull,0.16464620206160507,BULL_CALM
2025-06-09,BULL_CALM,0.7208093960140073,2.229683344687151e-13,0.676039164322305,MOMENTUM,hurst_momentum_bull,0.1640802759177343,BULL_CALM
2025-06-10,BULL_CALM,0.9956321932266202,2.8722831826649745e-14,0.6716617723778546,MOMENTUM,hurst_momentum_bull,0.12087969423449473,BULL_CALM
2025-06-11,BULL_CALM,0.8923890101690638,6.439050990752286e-06,0.6578045838927284,MOMENTUM,hurst_momentum_bull,0.12047498977413414,BULL_CALM
2025-06-12,BULL_CALM,0.8989777662925971,4.287549266773934e-06,0.663684772098212,MOMENTUM,hurst_momentum_bull,0.1208628265346803,BULL_CALM
2025-06-13,BULL_CALM,0.8116071361642861,5.0538558802433494e-05,0.6542709637747893,MOMENTUM,hurst_momentum_bull,0.12793851262952155,BULL_CALM
2025-06-16,BULL_CALM,0.9273090448167992,6.319910737818359e-08,0.6297672583014255,AMBIGUOUS,dominant_gmm,0.13031098938188126,BULL_CALM
2025-06-17,BULL_CALM,0.763134970075349,4.885586975294272e-06,0.6402708546678374,AMBIGUOUS,dominant_gmm,0.1343924259182364,BULL_CALM
2025-06-18,BULL_CALM,0.8336313861732387,6.030753623402728e-06,0.6304751848806484,AMBIGUOUS,dominant_gmm,0.13372662009610628,BULL_CALM
2025-06-20,BULL_CALM,0.9582773673871495,6.816147265250433e-06,0.6351294565891336,AMBIGUOUS,dominant_gmm,0.11945934664124698,BULL_CALM
2025-06-23,BULL_CALM,0.9597834484686486,4.540832013858978e-06,0.645500479180855,AMBIGUOUS,dominant_gmm,0.12349880360082487,BULL_CALM
2025-06-24,BULL_CALM,0.8843894062926836,6.075043366300947e-05,0.6299235910699268,AMBIGUOUS,dominant_gmm,0.1238674338551398,BULL_CALM
2025-06-25,BULL_CALM,0.9467835792321935,4.121844612466986e-05,0.6320551805895948,AMBIGUOUS,dominant_gmm,0.10301543233786915,BULL_CALM
2025-06-26,BULL_CALM,0.9183210962545316,6.673016389866664e-05,0.6233053007468664,AMBIGUOUS,dominant_gmm,0.10182631572520154,BULL_CALM
2025-06-27,BULL_CALM,0.8992940365421221,8.218375687073884e-05,0.6351860327855154,AMBIGUOUS,dominant_gmm,0.10214472673220111,BULL_CALM
2025-06-30,BULL_CALM,0.6081137020670851,0.0006728484636258912,0.6292052447391446,AMBIGUOUS,dominant_gmm,0.10183679228464658,BULL_CALM
2025-07-01,BULL_CALM,0.9645032764985018,1.4268065686669812e-06,0.6191651414015897,AMBIGUOUS,dominant_gmm,0.10150781413503263,BULL_CALM
2025-07-02,BULL_CALM,0.9605861798827507,8.297955378056159e-08,0.6245752729123194,AMBIGUOUS,dominant_gmm,0.1010384641041253,BULL_CALM
2025-07-03,BULL_CALM,0.9968407747073744,5.424376069894918e-14,0.6238259308673121,AMBIGUOUS,dominant_gmm,0.1027136193990781,BULL_CALM
2025-07-07,BULL_CALM,0.6539850489381478,5.516031549282685e-05,0.5763814117266867,AMBIGUOUS,dominant_gmm,0.10555201740527113,BULL_CALM
2025-07-08,BULL_CALM,0.9492572456836497,7.868288922759472e-07,0.598179470166551,AMBIGUOUS,dominant_gmm,0.10163192428784702,BULL_CALM
2025-07-09,BULL_CALM,0.9501922306313942,2.2594439963396846e-06,0.6157899072895886,AMBIGUOUS,dominant_gmm,0.10266531819261578,BULL_CALM
2025-07-10,BULL_CALM,0.9528403057301125,1.1011007215265708e-06,0.6371277282096003,AMBIGUOUS,dominant_gmm,0.10181443615238964,BULL_CALM
2025-07-11,BULL_CALM,0.993293286029174,2.33882329689777e-10,0.7134903966251608,MOMENTUM,hurst_momentum_bull,0.10224893657088965,BULL_CALM
2025-07-14,BULL_CALM,0.9935105109566867,1.364140987693442e-10,0.6994578045241835,MOMENTUM,hurst_momentum_bull,0.10193913323604992,BULL_CALM
2025-07-15,BULL_CALM,0.9751712389181895,1.5363642724634235e-07,0.7400936912114207,MOMENTUM,hurst_momentum_bull,0.09287821710455138,BULL_CALM
2025-07-16,BULL_CALM,0.9934019204831652,1.352049088311847e-10,0.7571103932875383,MOMENTUM,hurst_momentum_bull,0.08882215899714423,BULL_CALM
2025-07-17,BULL_CALM,0.9982460494912097,4.2142644730910874e-13,0.7484005101107442,MOMENTUM,hurst_momentum_bull,0.08115176912388006,BULL_CALM
2025-07-18,BULL_CALM,0.9986582397723028,1.7309748762705432e-15,0.7236026554487422,MOMENTUM,hurst_momentum_bull,0.08143008645254143,BULL_CALM
2025-07-21,BULL_CALM,0.9994330585544456,1.0975479498882896e-15,0.7237686394206394,MOMENTUM,hurst_momentum_bull,0.07616603039720424,BULL_CALM
2025-07-22,BULL_CALM,0.9996567175262517,4.360471508414869e-16,0.7242469290738422,MOMENTUM,hurst_momentum_bull,0.07195062223285807,BULL_CALM
2025-07-23,BULL_CALM,0.9998318392529594,2.3933734271725037e-17,0.7071274891557079,MOMENTUM,hurst_momentum_bull,0.0683532127407587,BULL_CALM
2025-07-24,BULL_CALM,0.9999953950158669,8.854360704394743e-27,0.7032619135582594,MOMENTUM,hurst_momentum_bull,0.06843191631155696,BULL_CALM
2025-07-25,BULL_CALM,0.9998890592769134,1.5530304198006592e-17,0.6979006974004042,MOMENTUM,hurst_momentum_bull,0.06565216408953198,BULL_CALM
2025-07-28,BULL_CALM,0.9999914320724052,1.8750673059408262e-23,0.6836173104252213,MOMENTUM,hurst_momentum_bull,0.06516679500993351,BULL_CALM
2025-07-29,BULL_CALM,0.9999954012539459,4.639954021699032e-25,0.7009381117319055,MOMENTUM,hurst_momentum_bull,0.06593573200364106,BULL_CALM
2025-07-30,BULL_CALM,0.9999992613810107,1.2215107509401532e-30,0.6935106826841625,MOMENTUM,hurst_momentum_bull,0.06634227767813597,BULL_CALM
2025-07-31,BULL_CALM,0.9999785833949627,3.615916818105072e-24,0.7029160041722029,MOMENTUM,hurst_momentum_bull,0.06757899314256657,BULL_CALM
2025-08-01,BULL_CALM,0.9475573234572874,1.58852896977264e-11,0.6997891657744291,MOMENTUM,hurst_momentum_bull,0.08671284009526063,BULL_CALM
2025-08-04,BULL_CALM,0.9987958958083304,2.494465872930256e-16,0.7307186543409129,MOMENTUM,hurst_momentum_bull,0.09834834135026418,BULL_CALM
2025-08-05,BULL_CALM,0.973080370041501,6.671182901854156e-08,0.7310854297859286,MOMENTUM,hurst_momentum_bull,0.1004914556226134,BULL_CALM
2025-08-06,BULL_CALM,0.9772306375584762,3.490265064520501e-08,0.746980799362006,MOMENTUM,hurst_momentum_vol_cluster_choppy,0.10183371312195383,CHOPPY
2025-08-07,BULL_CALM,0.9686075397560923,1.9223926612840177e-07,0.7450768892674929,MOMENTUM,hurst_momentum_vol_cluster_choppy,0.10165769326153902,CHOPPY
2025-08-08,BULL_CALM,0.9788734929198308,3.3344617823336194e-08,0.7373922851758234,MOMENTUM,hurst_momentum_bull,0.10359856464166768,BULL_CALM
2025-08-11,BULL_CALM,0.9595462927591576,3.273010817298238e-06,0.7404046645808249,MOMENTUM,hurst_momentum_bull,0.10411160192501893,BULL_CALM
2025-08-12,BULL_CALM,0.9760467512393882,6.150872364254251e-07,0.7284038112302847,MOMENTUM,hurst_momentum_bull,0.10768302396067422,BULL_CALM
2025-08-13,BULL_CALM,0.995134349019829,5.5833049676836754e-11,0.7268603461888532,MOMENTUM,hurst_momentum_bull,0.10770007928741142,BULL_CALM
2025-08-14,BULL_CALM,0.9970781114917491,5.297772453135847e-12,0.715347996221585,MOMENTUM,hurst_momentum_bull,0.10650226075508618,BULL_CALM
2025-08-15,BULL_CALM,0.9943119333753692,2.0349082437693295e-11,0.7111262517394982,MOMENTUM,hurst_momentum_bull,0.10707124038472407,BULL_CALM
2025-08-18,BULL_CALM,0.9875763466024967,9.28937028023139e-09,0.7136097684659224,MOMENTUM,hurst_momentum_bull,0.10717020579149018,BULL_CALM
2025-08-19,BULL_CALM,0.9602505005287562,1.991464345121102e-06,0.6959032653773632,MOMENTUM,hurst_momentum_bull,0.10966766344910522,BULL_CALM
2025-08-20,BULL_CALM,0.9660393273774784,1.2237084620677163e-06,0.6688278362065032,MOMENTUM,hurst_momentum_bull,0.10649158362463282,BULL_CALM
2025-08-21,BULL_CALM,0.9426495519364566,1.299119388160019e-05,0.6843145579338067,MOMENTUM,hurst_momentum_bull,0.10759992680255356,BULL_CALM
2025-08-22,BULL_CALM,0.8763077615388597,0.0001052459339081838,0.6864749646023243,MOMENTUM,hurst_momentum_bull,0.11980828547927368,BULL_CALM
2025-08-25,BULL_CALM,0.8843264361350391,8.486048698901558e-05,0.7267041025524225,MOMENTUM,hurst_momentum_bull,0.12112858412755287,BULL_CALM
2025-08-26,BULL_CALM,0.8899108006723129,7.363028742291034e-05,0.7204167339653648,MOMENTUM,hurst_momentum_bull,0.12123625369103948,BULL_CALM
2025-08-27,BULL_CALM,0.8900491857491861,4.7377338760670425e-05,0.7246647532834543,MOMENTUM,hurst_momentum_bull,0.12108909934184163,BULL_CALM
2025-08-28,BULL_CALM,0.969533750616697,8.060964127238131e-07,0.7229549373786411,MOMENTUM,hurst_momentum_bull,0.12007417392440126,BULL_CALM
2025-08-29,BULL_CALM,0.9649599252296365,5.905767297981058e-06,0.713195579582407,MOMENTUM,hurst_momentum_bull,0.10432156878290746,BULL_CALM
2025-09-02,BULL_CALM,0.9129135390318888,3.329233320472859e-05,0.7194944804875393,MOMENTUM,hurst_momentum_bull,0.09657120893297136,BULL_CALM
2025-09-03,BULL_CALM,0.9585461963246755,8.77545743189488e-06,0.7329884772348627,MOMENTUM,hurst_momentum_bull,0.09538117369785314,BULL_CALM
2025-09-04,BULL_CALM,0.9418896958749622,3.896215140731337e-05,0.7296747884465915,MOMENTUM,hurst_momentum_bull,0.09603221009925907,BULL_CALM
2025-09-05,BULL_CALM,0.9537059323656124,1.1655968025712223e-05,0.7134568680160137,MOMENTUM,hurst_momentum_bull,0.09691193746450363,BULL_CALM
2025-09-08,BULL_CALM,0.959673492540237,3.7706933127269864e-06,0.7509819314421559,MOMENTUM,hurst_momentum_bull,0.09388936752055753,BULL_CALM
2025-09-09,BULL_CALM,0.9203709140084034,0.0002457080358021618,0.740378234486007,MOMENTUM,hurst_momentum_bull,0.09336502566928569,BULL_CALM
2025-09-10,BULL_CALM,0.9558582292276785,3.78409355480077e-05,0.7572992917409793,MOMENTUM,hurst_momentum_bull,0.08671066751350666,BULL_CALM
2025-09-11,BULL_CALM,0.931296762724277,0.00012914309675627996,0.7382124647159298,MOMENTUM,hurst_momentum_bull,0.09036732279631116,BULL_CALM
2025-09-12,BULL_CALM,0.985902455031622,4.970144499702629e-08,0.7476592038221485,MOMENTUM,hurst_momentum_bull,0.09043658697839863,BULL_CALM
2025-09-15,BULL_CALM,0.9894337625272528,1.1169743854638045e-08,0.7196056242727565,MOMENTUM,hurst_momentum_bull,0.09080357421523207,BULL_CALM
2025-09-16,BULL_CALM,0.9762972718917575,1.727162184825968e-07,0.7591755949087914,MOMENTUM,hurst_momentum_bull,0.091162522794137,BULL_CALM
2025-09-17,BULL_CALM,0.9913814685836417,9.354573731866514e-09,0.7488200657272204,MOMENTUM,hurst_momentum_bull,0.08823329152345803,BULL_CALM
2025-09-18,BULL_CALM,0.9964447457076494,3.061940815663161e-10,0.7508440455977269,MOMENTUM,hurst_momentum_bull,0.08747807280059638,BULL_CALM
2025-09-19,BULL_CALM,0.9691762066384352,2.67485538244838e-06,0.7579783102140433,MOMENTUM,hurst_momentum_bull,0.08466899363329979,BULL_CALM
2025-09-22,BULL_CALM,0.9829551570044338,2.1911433895253566e-07,0.7367112265758221,MOMENTUM,hurst_momentum_bull,0.06984421239918842,BULL_CALM
2025-09-23,BULL_CALM,0.962530646931924,1.7995355300097523e-05,0.693212786885164,MOMENTUM,hurst_momentum_bull,0.07112871942122115,BULL_CALM
2025-09-24,BULL_CALM,0.9497901775613274,9.914089451541617e-05,0.7002448582285885,MOMENTUM,hurst_momentum_bull,0.07237157679330264,BULL_CALM
2025-09-25,BULL_CALM,0.9249955093717728,0.00013082951849724338,0.6737079698633699,MOMENTUM,hurst_momentum_bull,0.07513073746616376,BULL_CALM
2025-09-26,BULL_CALM,0.9663425778403226,4.948530973134481e-06,0.6678275632327917,MOMENTUM,hurst_momentum_bull,0.0765441408158591,BULL_CALM
2025-09-29,BULL_CALM,0.9952580074336598,4.793585150935441e-11,0.6799751234635937,MOMENTUM,hurst_momentum_bull,0.07217503069448679,BULL_CALM
2025-09-30,BULL_CALM,0.9978009908716559,3.4671251389472648e-12,0.6855153589931635,MOMENTUM,hurst_momentum_bull,0.06450573721364987,BULL_CALM
2025-10-01,BULL_CALM,0.9976223555420854,2.7895878890868163e-11,0.6765320209544388,MOMENTUM,hurst_momentum_bull,0.06347545768131362,BULL_CALM
2025-10-02,BULL_CALM,0.9959747402669312,1.5562026826815184e-10,0.6795815627678544,MOMENTUM,hurst_momentum_bull,0.05871694275992674,BULL_CALM
2025-10-03,BULL_CALM,0.9975272804277036,4.595895821336617e-12,0.6766181234012275,MOMENTUM,hurst_momentum_bull,0.05669035903444079,BULL_CALM
2025-10-06,BULL_CALM,0.9969609675993714,1.0370439717921555e-11,0.679965023338556,MOMENTUM,hurst_momentum_bull,0.057037289555512696,BULL_CALM
2025-10-07,BULL_CALM,0.9696464072741776,6.787709367106125e-06,0.6717656041281157,MOMENTUM,hurst_momentum_bull,0.06014441949219968,BULL_CALM
2025-10-08,BULL_CALM,0.9964466145037014,4.455258250123645e-10,0.6604359098264541,MOMENTUM,hurst_momentum_bull,0.062089950750060185,BULL_CALM
2025-10-09,BULL_CALM,0.9999756555946159,4.000112784116851e-21,0.6558929927714906,MOMENTUM,hurst_momentum_bull,0.058639747100074004,BULL_CALM
2025-10-10,BULL_CALM,0.5211391347226111,9.099020427085456e-11,0.6648317241013889,MOMENTUM,hurst_momentum_vol_cluster_choppy,0.11566895086384206,CHOPPY
2025-10-13,BULL_CALM,0.9435655244864317,4.636931875908357e-12,0.6598027079974323,MOMENTUM,hard_bear,0.1270499827322235,BEAR
2025-10-14,BULL_CALM,0.7120099575229719,4.64775890772134e-07,0.662530306314482,MOMENTUM,hurst_momentum_vol_cluster_choppy,0.12702576213731268,CHOPPY
2025-10-15,BULL_CALM,0.6526431343154704,0.00013931393198269795,0.6560617080207474,MOMENTUM,hurst_momentum_vol_cluster_choppy,0.12776941968215821,CHOPPY
2025-10-16,BULL_VOLATILE,0.593393982328432,9.362772594870979e-05,0.6530930670939369,MOMENTUM,hurst_momentum_vol_cluster_choppy,0.12926877430925793,CHOPPY
2025-10-17,BULL_CALM,0.608435718009163,1.2365414638722828e-05,0.6550775174352317,MOMENTUM,hurst_momentum_bull,0.13067266751049925,BULL_CALM
2025-10-20,BULL_CALM,0.5881091900176255,4.91547946087886e-05,0.6661291060300876,MOMENTUM,hurst_momentum_bull,0.13483004161675954,BULL_CALM
2025-10-21,BULL_CALM,0.7314658493172126,7.702972124129443e-06,0.6640664252763336,MOMENTUM,hurst_momentum_bull,0.13309244796081462,BULL_CALM
2025-10-22,BULL_VOLATILE,0.5484892957512122,1.5196702948465117e-05,0.6748596198701206,MOMENTUM,hurst_momentum_bull,0.1340497921490793,BULL_CALM
2025-10-23,BULL_CALM,0.7250304921638636,1.4267418166909543e-06,0.675680637170063,MOMENTUM,hurst_momentum_bull,0.13389968212225492,BULL_CALM
2025-10-24,BULL_CALM,0.8637610635326375,1.6258212535810223e-08,0.6661683920435902,MOMENTUM,hurst_momentum_bull,0.13530196294959956,BULL_CALM
2025-10-27,BULL_VOLATILE,0.5337933127312662,4.442688765791614e-05,0.6497446377548439,AMBIGUOUS,dominant_gmm,0.1403964740753833,BULL_VOLATILE
2025-10-28,BULL_VOLATILE,0.6248789372051579,6.0193042911694236e-05,0.6434600477639708,AMBIGUOUS,dominant_gmm,0.14022825007038917,BULL_VOLATILE
2025-10-29,BULL_VOLATILE,0.5593391172333968,7.349814071099683e-05,0.619632922990593,AMBIGUOUS,dominant_gmm,0.14010762952848055,BULL_VOLATILE
2025-10-30,BULL_VOLATILE,0.5366583607923329,9.317880853124945e-06,0.6739849844310551,MOMENTUM,hurst_momentum_bull,0.14690651232720406,BULL_CALM
2025-10-31,BULL_VOLATILE,0.6072403961005549,5.628944608804125e-05,0.6390657067799931,AMBIGUOUS,dominant_gmm,0.14712129988245082,BULL_VOLATILE
2025-11-03,BULL_VOLATILE,0.540262945717417,2.641919818464917e-05,0.6813068102113571,MOMENTUM,hurst_momentum_bull,0.14684644909501568,BULL_CALM
2025-11-04,BULL_VOLATILE,0.8225781075395829,0.0009848181565058525,0.6578915899625426,MOMENTUM,hurst_momentum_bull,0.15296123246121132,BULL_CALM
2025-11-05,BULL_VOLATILE,0.7509452166979703,0.0003376804650814442,0.664614713591157,MOMENTUM,hurst_momentum_bull,0.152032181967839,BULL_CALM
2025-11-06,BULL_VOLATILE,0.8940780398154534,0.00014986542644955956,0.6315033215000039,AMBIGUOUS,dominant_gmm,0.15673710895880846,BULL_VOLATILE
2025-11-07,BULL_CALM,0.5508246292997017,0.0019776427232794736,0.6633925777390911,MOMENTUM,hurst_momentum_bull,0.11992799539742176,BULL_CALM
2025-11-10,BULL_CALM,0.6350245579966795,0.001726872338906141,0.6457419253928682,AMBIGUOUS,dominant_gmm,0.12033273589854258,BULL_CALM
2025-11-11,BULL_CALM,0.5419096756533024,0.0015635306476058848,0.6634565691572337,MOMENTUM,hurst_momentum_bull,0.11996422528670644,BULL_CALM
2025-11-12,BULL_CALM,0.569086545347229,0.0025599724845588004,0.6539680074084595,MOMENTUM,hurst_momentum_bull,0.11952438292076731,BULL_CALM
2025-11-13,BULL_VOLATILE,0.5570719238483037,0.0009680926738484423,0.6382593974016326,AMBIGUOUS,vol_cluster_choppy,0.13273026612291014,CHOPPY
2025-11-14,BULL_VOLATILE,0.6641973499113951,0.0016379697471556132,0.632708498652107,AMBIGUOUS,vol_cluster_choppy,0.13155015447848303,CHOPPY
2025-11-17,BULL_VOLATILE,0.9468441486613882,0.007041999099024863,0.6210634822428432,AMBIGUOUS,dominant_gmm,0.1306768217549211,BULL_VOLATILE
2025-11-18,BULL_VOLATILE,0.97014309946051,0.007786714542041568,0.6108175791665093,AMBIGUOUS,dominant_gmm,0.1337111559088846,BULL_VOLATILE
2025-11-19,BULL_VOLATILE,0.9507583993027519,0.010578798920449517,0.6131799121158633,AMBIGUOUS,dominant_gmm,0.1336333503020336,BULL_VOLATILE
2025-11-20,BULL_VOLATILE,0.9885059491204561,0.005677476567382098,0.7001411572477301,MOMENTUM,hurst_momentum_bull,0.14133763735093147,BULL_CALM
2025-11-21,BULL_VOLATILE,0.9435411464345302,0.0013527360550801325,0.6776937077762736,MOMENTUM,hurst_momentum_bull,0.14307853121313271,BULL_CALM
2025-11-24,BULL_VOLATILE,0.9163782034199641,0.0015301913650260473,0.6923966748779861,MOMENTUM,hurst_momentum_bull,0.14695445745850463,BULL_CALM
2025-11-25,BULL_VOLATILE,0.9030845148292794,0.0024240358452705104,0.713470592923113,MOMENTUM,hurst_momentum_bull,0.15118254445981308,BULL_CALM
2025-11-26,BULL_VOLATILE,0.9317256894498023,0.006187036492280104,0.7264714312078363,MOMENTUM,hurst_momentum_bull,0.1536262701807001,BULL_CALM
2025-11-28,BULL_VOLATILE,0.7689209468376046,0.0011928961587567722,0.6946251335782412,MOMENTUM,hurst_momentum_bull,0.1497965422157796,BULL_CALM
2025-12-01,BULL_VOLATILE,0.7348212343903575,0.0024707113280353307,0.7101849752872869,MOMENTUM,hurst_momentum_bull,0.15031666024224274,BULL_CALM
2025-12-02,BULL_VOLATILE,0.8236804510623558,0.004737142948043069,0.7150758498696241,MOMENTUM,hurst_momentum_bull,0.15031243811996264,BULL_CALM
2025-12-03,BULL_VOLATILE,0.8909628171978986,0.007859366683826547,0.7169660979477434,MOMENTUM,hurst_momentum_bull,0.14411894360297806,BULL_CALM
2025-12-04,BULL_VOLATILE,0.7558375805881464,0.0023815910138418233,0.720872380037996,MOMENTUM,hurst_momentum_bull,0.14374330719452724,BULL_CALM
2025-12-05,BULL_VOLATILE,0.8030765594975559,0.00011973814952263501,0.7101827351825367,MOMENTUM,hurst_momentum_bull,0.1374655079950694,BULL_CALM
2025-12-08,BULL_VOLATILE,0.5655254878512723,0.00017050787936309685,0.7190162110954594,MOMENTUM,hurst_momentum_bull,0.13826396423325293,BULL_CALM
2025-12-09,BULL_CALM,0.8113190742826861,1.9025072715112135e-05,0.7249012032002579,MOMENTUM,hurst_momentum_bull,0.12704987751309027,BULL_CALM
2025-12-10,BULL_CALM,0.7117713769037118,0.00020805627475938598,0.7217247043348551,MOMENTUM,hurst_momentum_bull,0.128941922023297,BULL_CALM
2025-12-11,BULL_CALM,0.609016471179726,0.004672724125377629,0.7104378133516595,MOMENTUM,hurst_momentum_bull,0.1291298356487741,BULL_CALM
2025-12-12,BULL_CALM,0.5831979401577628,0.004937230025083313,0.7130418964824973,MOMENTUM,hurst_momentum_bull,0.1202611658421964,BULL_CALM
2025-12-15,BULL_CALM,0.703321842229272,0.0028722448336830826,0.7170030727941025,MOMENTUM,hurst_momentum_bull,0.1204911057782614,BULL_CALM
2025-12-16,BULL_CALM,0.6339840847712316,0.0029974552611782192,0.7235363252663606,MOMENTUM,hurst_momentum_bull,0.11540682593318269,BULL_CALM
2025-12-17,BULL_VOLATILE,0.9000354960260227,0.0017061322898991214,0.7152160872106321,MOMENTUM,hurst_momentum_bull,0.11855147777409801,BULL_CALM
2025-12-18,BULL_VOLATILE,0.7018113607248371,0.005862604522790182,0.7222498001452784,MOMENTUM,hurst_momentum_bull,0.1204905816723306,BULL_CALM
2025-12-19,BULL_CALM,0.6747350224770122,0.01766510795786252,0.7110074724599674,MOMENTUM,hurst_momentum_bull,0.10500531377692879,BULL_CALM
2025-12-22,BULL_CALM,0.830544495756902,0.005903904750040065,0.7272541456498943,MOMENTUM,hurst_momentum_bull,0.10210892928768606,BULL_CALM
2025-12-23,BULL_CALM,0.9381938104827617,4.582363461497572e-05,0.725980166743556,MOMENTUM,hurst_momentum_bull,0.09101859048723761,BULL_CALM
2025-12-24,BULL_CALM,0.9836319303366126,2.446641949411685e-09,0.7279160030614232,MOMENTUM,hurst_momentum_bull,0.08646443373278376,BULL_CALM
2025-12-26,BULL_CALM,0.9906629936815676,2.0825901585785764e-11,0.7299720057925457,MOMENTUM,hurst_momentum_bull,0.08380562407345846,BULL_CALM
2025-12-29,BULL_CALM,0.9970407004062071,9.069794896106572e-13,0.7381350150515413,MOMENTUM,hurst_momentum_bull,0.08325629007010218,BULL_CALM
2025-12-30,BULL_CALM,0.9943759812908518,8.617438540909268e-11,0.738473802979613,MOMENTUM,hurst_momentum_bull,0.08147085430106316,BULL_CALM
2025-12-31,BULL_CALM,0.9713462596917826,1.628196601951065e-07,0.7487482624136503,MOMENTUM,hurst_momentum_bull,0.08594987117478223,BULL_CALM
2026-01-02,BULL_CALM,0.9888507970425979,2.5687029041565693e-08,0.7544515175892107,MOMENTUM,hurst_momentum_bull,0.08528181679536831,BULL_CALM
2026-01-05,BULL_CALM,0.9155396551211594,0.0007382458418353971,0.7612408602628866,MOMENTUM,hurst_momentum_bull,0.08852697077126694,BULL_CALM
2026-01-06,BULL_CALM,0.8832846732643506,0.0030291306256198997,0.7641637041429494,MOMENTUM,hurst_momentum_bull,0.09066292732097073,BULL_CALM
2026-01-07,BULL_CALM,0.889514882627222,0.0020219994486398545,0.767351133716756,MOMENTUM,hurst_momentum_bull,0.09077724239179659,BULL_CALM
2026-01-08,BULL_CALM,0.8765577912882353,0.0016516775197221332,0.7781614300972693,MOMENTUM,hurst_momentum_bull,0.09067144340888539,BULL_CALM
2026-01-09,BULL_CALM,0.8900101378939811,0.0016279844645806104,0.779452909870429,MOMENTUM,hurst_momentum_bull,0.09065459423474255,BULL_CALM
2026-01-12,BULL_CALM,0.8916625174405366,0.0026233642552540705,0.7689623167429895,MOMENTUM,hurst_momentum_bull,0.09049044933601681,BULL_CALM
2026-01-13,BULL_CALM,0.9059039294392839,0.0009090939656956756,0.766445031582113,MOMENTUM,hurst_momentum_bull,0.08095287882344152,BULL_CALM
2026-01-14,BULL_CALM,0.9093129542639781,0.0008999886444038383,0.7774677806734994,MOMENTUM,hurst_momentum_bull,0.08316152091725433,BULL_CALM
2026-01-15,BULL_CALM,0.8815648241759898,0.0014963637524546016,0.786346383580063,MOMENTUM,hurst_momentum_bull,0.08241281949857994,BULL_CALM
2026-01-16,BULL_CALM,0.888570354398071,0.010664704436795819,0.7889858816115781,MOMENTUM,hurst_momentum_bull,0.06971540370013242,BULL_CALM
2026-01-20,BULL_CALM,0.753145810065574,0.00144136034972938,0.7824224007601052,MOMENTUM,hurst_momentum_bull,0.10095386327638937,BULL_CALM
2026-01-21,BULL_CALM,0.8696561152774988,0.00011442920441087249,0.7640960667346969,MOMENTUM,hurst_momentum_vol_cluster_choppy,0.10692029194132492,CHOPPY
2026-01-22,BULL_CALM,0.8551056922514276,0.0003803914610181092,0.7768634691402129,MOMENTUM,hurst_momentum_vol_cluster_choppy,0.10624658742019158,CHOPPY
2026-01-23,BULL_CALM,0.8700107368868137,0.00028054869687890857,0.7984443201473975,MOMENTUM,hurst_momentum_vol_cluster_choppy,0.10505899873031445,CHOPPY
2026-01-26,BULL_CALM,0.8816254269113571,0.00022894010052377196,0.7893034163325406,MOMENTUM,hurst_momentum_vol_cluster_choppy,0.10587258289480411,CHOPPY
2026-01-27,BULL_CALM,0.8807320805443395,0.000255290390468522,0.7701257433130695,MOMENTUM,hurst_momentum_bull,0.10671280516041663,BULL_CALM
2026-01-28,BULL_CALM,0.8776946531981483,0.0002675556837762751,0.7429516438938131,MOMENTUM,hurst_momentum_bull,0.10571207182476608,BULL_CALM
2026-01-29,BULL_CALM,0.8916942125155114,0.0002653119295231189,0.743507516862084,MOMENTUM,hurst_momentum_bull,0.10591798348671409,BULL_CALM
2026-01-30,BULL_CALM,0.8790560074720377,0.0002218838955615821,0.7360956533146943,MOMENTUM,hurst_momentum_bull,0.10263176340504261,BULL_CALM
2026-02-02,BULL_CALM,0.9033780569456095,0.0001956251197474016,0.7408704383222641,MOMENTUM,hurst_momentum_bull,0.10366960574017489,BULL_CALM
2026-02-03,BULL_CALM,0.902681266001006,0.0001231821970062001,0.7456103409027721,MOMENTUM,hurst_momentum_bull,0.10639603495662457,BULL_CALM
2026-02-04,BULL_CALM,0.8907460829255764,0.0002374787464022499,0.7439764578280268,MOMENTUM,hurst_momentum_bull,0.10549287185366527,BULL_CALM
2026-02-05,BULL_CALM,0.5459915960869051,0.0013682226156956003,0.7578859203585974,MOMENTUM,hurst_momentum_bull,0.11361237795588804,BULL_CALM
2026-02-06,BULL_CALM,0.6805188842798916,0.0003455104353742026,0.7588629870726726,MOMENTUM,hurst_momentum_vol_cluster_choppy,0.13407979357152477,CHOPPY
2026-02-09,BULL_CALM,0.5620535242942242,0.00025508789526969657,0.7639555251140489,MOMENTUM,hurst_momentum_vol_cluster_choppy,0.13307505431983088,CHOPPY
2026-02-10,BULL_CALM,0.5454160645947335,0.0007849207547239436,0.7510402065502884,MOMENTUM,hurst_momentum_vol_cluster_choppy,0.13326485797270302,CHOPPY
2026-02-11,BULL_CALM,0.6710057378707904,0.00019029794613841758,0.7694919038461009,MOMENTUM,hurst_momentum_vol_cluster_choppy,0.13309334548936444,CHOPPY
2026-02-12,BULL_VOLATILE,0.8595466629598231,0.001123895287465871,0.7804600613688393,MOMENTUM,hurst_momentum_vol_cluster_choppy,0.14303201737484497,CHOPPY
2026-02-13,BULL_VOLATILE,0.7693014782935284,0.0008155137900801836,0.7630658340047288,MOMENTUM,hurst_momentum_bull,0.14258426685173262,BULL_CALM
2026-02-17,BULL_VOLATILE,0.8789234738327594,0.0015665843043537405,0.7361083494610046,MOMENTUM,hurst_momentum_bull,0.14282378768267537,BULL_CALM
2026-02-18,BULL_CALM,0.5957042557895011,0.0019019892231058166,0.7091279329866628,MOMENTUM,hurst_momentum_bull,0.12335733925903267,BULL_CALM
2026-02-19,BULL_CALM,0.719872032444331,0.00026627587074290704,0.6970829908584102,MOMENTUM,hurst_momentum_bull,0.11687776063728156,BULL_CALM
2026-02-20,BULL_CALM,0.847481938399692,8.499307697500091e-05,0.678584051859851,MOMENTUM,hurst_momentum_bull,0.11828673279807539,BULL_CALM
2026-02-23,BULL_VOLATILE,0.5568277608182156,0.001096386899997974,0.6845546462161115,MOMENTUM,hurst_momentum_bull,0.12375525358345663,BULL_CALM
2026-02-24,BULL_CALM,0.5387795593967915,0.00039242196908019787,0.7407314669777695,MOMENTUM,hurst_momentum_bull,0.12529229695658933,BULL_CALM
2026-02-25,BULL_CALM,0.6694047311955109,9.406494213713003e-05,0.7129801357061658,MOMENTUM,hurst_momentum_bull,0.12830204054519773,BULL_CALM
2026-02-26,BULL_CALM,0.5624456287766472,3.238698195186655e-05,0.6805486186666022,MOMENTUM,hurst_momentum_bull,0.1297337728945302,BULL_CALM
2026-02-27,BULL_CALM,0.7582374067901338,0.00014477337059108945,0.662216491207964,MOMENTUM,hurst_momentum_bull,0.1305700416814826,BULL_CALM
2026-03-02,BULL_CALM,0.719196428773355,0.0003690438292701013,0.6622756666069406,MOMENTUM,hurst_momentum_bull,0.13030113027130513,BULL_CALM
2026-03-03,BULL_CALM,0.5627745655264104,0.00087537372834087,0.6446198691625996,AMBIGUOUS,dominant_gmm,0.13197892547721463,BULL_CALM
2026-03-04,BULL_CALM,0.6180911405182752,0.0005878139079788624,0.6410602425202436,AMBIGUOUS,dominant_gmm,0.13193998613877844,BULL_CALM
2026-03-05,BULL_CALM,0.5985127750639739,1.2897960059700512e-05,0.6475590267704094,AMBIGUOUS,dominant_gmm,0.13230020574801732,BULL_CALM
2026-03-06,BULL_VOLATILE,0.9886859512985184,3.738719154646321e-05,0.6566920244603391,MOMENTUM,hurst_momentum_bull,0.13306964332827353,BULL_CALM
2026-03-09,BULL_CALM,0.9212066984274806,1.0114747595508551e-09,0.6564366403308205,MOMENTUM,hurst_momentum_bull,0.11693395583267395,BULL_CALM
2026-03-10,BULL_CALM,0.6129781002231447,2.608594053984146e-05,0.6524313361640306,MOMENTUM,hurst_momentum_bull,0.11498979292530953,BULL_CALM
2026-03-11,BULL_VOLATILE,0.8002484198841775,2.366105122229179e-05,0.6377722484066056,AMBIGUOUS,dominant_gmm,0.11486487427792161,BULL_VOLATILE
2026-03-12,BULL_VOLATILE,0.990737505659157,0.0001177384377337402,0.6172725677874441,AMBIGUOUS,dominant_gmm,0.12512241062871965,BULL_VOLATILE
2026-03-13,BULL_VOLATILE,0.9892335972210897,0.00021506411108604284,0.6379516442932202,AMBIGUOUS,dominant_gmm,0.11549296822661823,BULL_VOLATILE
2026-03-16,BULL_VOLATILE,0.9313552619311871,5.353071166426963e-05,0.6606914182358951,MOMENTUM,hurst_momentum_bull,0.12245239795939068,BULL_CALM
2026-03-17,BULL_VOLATILE,0.6039971190105188,2.080930289299728e-06,0.6248365742245867,AMBIGUOUS,dominant_gmm,0.12278350915550869,BULL_VOLATILE
2026-03-18,BULL_VOLATILE,0.9978497926410802,3.1800759637406017e-07,0.6165735172277036,AMBIGUOUS,dominant_gmm,0.12902757645005816,BULL_VOLATILE
2026-03-19,BULL_VOLATILE,0.9935372799250883,1.5500323478299444e-11,0.6268795311141933,AMBIGUOUS,dominant_gmm,0.1290143533183854,BULL_VOLATILE
2026-03-20,BULL_VOLATILE,0.999279550154644,2.050894504191865e-14,0.6843899813067323,MOMENTUM,hurst_momentum_spy_bearish,0.13506779246129513,BEAR
2026-03-23,BULL_VOLATILE,0.9982981847530058,2.656949704445813e-18,0.6587495735646489,MOMENTUM,hurst_momentum_spy_bearish,0.14033856459028415,BEAR
2026-03-24,BULL_VOLATILE,0.9986899029951859,4.439668538855262e-12,0.6348448328875673,AMBIGUOUS,dominant_gmm,0.13605406867976508,BULL_VOLATILE
2026-03-25,BULL_VOLATILE,0.9800176039184662,1.5844569476190032e-13,0.6184870766129177,AMBIGUOUS,dominant_gmm,0.13334869578644157,BULL_VOLATILE
2026-03-26,BULL_VOLATILE,0.9957147073923749,4.57194039817698e-16,0.605983577671302,AMBIGUOUS,dominant_gmm,0.14365215373682516,BULL_VOLATILE
2026-03-27,BULL_VOLATILE,0.9999924870125524,1.4363344385499418e-20,0.6048110527653747,AMBIGUOUS,dominant_gmm,0.15173849643054563,BULL_VOLATILE
2026-03-30,BULL_VOLATILE,0.9999999910594389,5.443108572786548e-16,0.5934475677262354,AMBIGUOUS,dominant_gmm,0.15084936210304897,BULL_VOLATILE
2026-03-31,BULL_VOLATILE,0.9999995475146013,1.7158396679639511e-18,0.5980283837108484,AMBIGUOUS,hard_bear,0.1899416344006336,BEAR
2026-04-01,BULL_VOLATILE,0.9996680770777437,1.0443654759676311e-18,0.5891082376900537,AMBIGUOUS,hard_bear,0.19025806282080343,BEAR
2026-04-02,BULL_VOLATILE,0.9991412458996691,1.1309781310895194e-18,0.5897275961538709,AMBIGUOUS,hard_bear,0.19010467406840667,BEAR
2026-04-06,BULL_VOLATILE,0.6926120986975381,1.5477024086658063e-22,0.6005524557714145,AMBIGUOUS,dominant_gmm,0.1865883588415615,BULL_VOLATILE
2026-04-07,BULL_VOLATILE,0.977312936402912,3.120378984913977e-16,0.5934806209818161,AMBIGUOUS,dominant_gmm,0.18315484778704158,BULL_VOLATILE
2026-04-08,BULL_VOLATILE,0.9947540331106668,1.0643739532416135e-15,0.6015289107036208,AMBIGUOUS,dominant_gmm,0.20641242322415435,BULL_VOLATILE
2026-04-09,BULL_VOLATILE,0.9981194480226032,2.2026068120108926e-13,0.5830377931734952,AMBIGUOUS,dominant_gmm,0.20735263074413196,BULL_VOLATILE
2026-04-10,BULL_VOLATILE,0.9964020586499703,3.5341336860019667e-12,0.5914419790691048,AMBIGUOUS,dominant_gmm,0.19917330154063898,BULL_VOLATILE
2026-04-13,BULL_VOLATILE,0.9999942828559368,2.8946303676047462e-08,0.6089108849963092,AMBIGUOUS,dominant_gmm,0.19978836192678445,BULL_VOLATILE
2026-04-14,BULL_VOLATILE,0.9999997681248964,1.9216294054857553e-07,0.6272454556331676,AMBIGUOUS,dominant_gmm,0.20102268861898,BULL_VOLATILE
2026-04-15,BULL_VOLATILE,0.9998347220632583,0.00016414664283153689,0.6213637331606795,AMBIGUOUS,dominant_gmm,0.2021255708751385,BULL_VOLATILE
2026-04-16,BULL_VOLATILE,0.9999564959643273,1.551936655035921e-05,0.6155448260493694,AMBIGUOUS,dominant_gmm,0.19290811553253845,BULL_VOLATILE
2026-04-17,BULL_VOLATILE,0.9999900246431302,5.028293805055499e-08,0.6212298154395619,AMBIGUOUS,dominant_gmm,0.19432388662167258,BULL_VOLATILE
2026-04-20,BULL_VOLATILE,0.999434838004061,2.2202567562266206e-08,0.6226773690488818,AMBIGUOUS,dominant_gmm,0.17979779121020492,BULL_VOLATILE
2026-04-21,BULL_VOLATILE,0.998850025964418,0.0010907772609943219,0.6596053942403474,MOMENTUM,hurst_momentum_bull,0.18242228039831948,BULL_CALM
2026-04-22,BULL_VOLATILE,0.992275197192639,0.007283279988115704,0.6595294445669597,MOMENTUM,hurst_momentum_bull,0.18182839043490812,BULL_CALM
2026-04-23,BULL_VOLATILE,0.9961870625562598,0.002244693093875859,0.6632307927790935,MOMENTUM,hurst_momentum_bull,0.18405208006928167,BULL_CALM
2026-04-24,BULL_VOLATILE,0.993053060982741,0.00035850919179236337,0.6779943810016732,MOMENTUM,hurst_momentum_bull,0.16549501949960493,BULL_CALM
2026-04-27,BULL_VOLATILE,0.6570119711116736,5.897883299070986e-06,0.6955686788614123,MOMENTUM,hurst_momentum_bull,0.14415476457218246,BULL_CALM
2026-04-28,BULL_VOLATILE,0.6977001740942007,0.0007859538459815981,0.7292609229453176,MOMENTUM,hurst_momentum_bull,0.1455682216959107,BULL_CALM
2026-04-29,BULL_CALM,0.9261099845401434,7.055949661512929e-07,0.7322195389681273,MOMENTUM,hurst_momentum_bull,0.11860135215173771,BULL_CALM
2026-04-30,BULL_CALM,0.9082948106330284,1.722083556509298e-06,0.7472986055841208,MOMENTUM,hurst_momentum_bull,0.1197157949263823,BULL_CALM
2026-05-01,BULL_CALM,0.9600280219185533,8.689588425648346e-09,0.7436324988590443,MOMENTUM,hurst_momentum_bull,0.11912041895397593,BULL_CALM
2026-05-04,BULL_CALM,0.9521250974978709,2.8709218827430723e-09,0.7656588687443268,MOMENTUM,hurst_momentum_bull,0.1228082595143616,BULL_CALM
2026-05-05,BULL_CALM,0.9963701423857521,4.338243585533634e-15,0.7553658569480916,MOMENTUM,hurst_momentum_bull,0.12257125760108147,BULL_CALM
2026-05-06,BULL_CALM,0.9999909642860736,2.3161914031749116e-26,0.7492018845052765,MOMENTUM,hurst_momentum_bull,0.10168099991489575,BULL_CALM
2026-05-07,BULL_CALM,0.9999992635798666,1.0223006712516395e-32,0.74796033369371,MOMENTUM,hurst_momentum_bull,0.10458850573832289,BULL_CALM
2026-05-08,BULL_CALM,0.9999972141595153,2.287536835191858e-29,0.7546849654872291,MOMENTUM,hurst_momentum_bull,0.10445795575520365,BULL_CALM
2026-05-11,BULL_CALM,0.9999744303717261,1.9448803217927373e-23,0.7655807504576793,MOMENTUM,hurst_momentum_bull,0.10246246191425736,BULL_CALM
2026-05-12,BULL_CALM,0.9999996540024343,7.296355773778316e-33,0.7511446950809585,MOMENTUM,hurst_momentum_bull,0.09900504674255439,BULL_CALM
2026-05-13,BULL_CALM,0.9999677109836549,1.2304544057896377e-22,0.7452714576576623,MOMENTUM,hurst_momentum_bull,0.09785264611024905,BULL_CALM
2026-05-14,BULL_CALM,0.9999977897917629,1.1528969468433142e-28,0.7746288448791047,MOMENTUM,hurst_momentum_bull,0.099372880595493,BULL_CALM
2026-05-15,BULL_CALM,0.9998974973639867,1.3776254156670204e-20,0.7410775944717113,MOMENTUM,hurst_momentum_bull,0.10742089735780383,BULL_CALM
2026-05-18,BULL_CALM,0.9979055782666885,1.8582097109901963e-13,0.7403528055544961,MOMENTUM,hurst_momentum_bull,0.10687359540874966,BULL_CALM
2026-05-19,BULL_CALM,0.9879741811401971,4.986270897920301e-10,0.7085970653747788,MOMENTUM,hurst_momentum_bull,0.1069964110471905,BULL_CALM
2026-05-20,BULL_CALM,0.9928241049770972,7.367229915721777e-12,0.7111708143038575,MOMENTUM,hurst_momentum_bull,0.10711914978167172,BULL_CALM
2026-05-21,BULL_CALM,0.9932883780715069,3.439752731747948e-11,0.7140104214751077,MOMENTUM,hurst_momentum_bull,0.10477922601348857,BULL_CALM
2026-05-22,BULL_CALM,0.9533373273935084,3.7522745064754236e-06,0.7170520093099478,MOMENTUM,hurst_momentum_bull,0.1030491716927745,BULL_CALM
2026-05-26,BULL_CALM,0.9651182472618908,7.233375637827008e-07,0.6935298691819849,MOMENTUM,hurst_momentum_bull,0.10422138626493987,BULL_CALM
2026-05-27,BULL_CALM,0.9849791322279048,1.9460741296497578e-08,0.6919978391421039,MOMENTUM,hurst_momentum_bull,0.10114384075772899,BULL_CALM
2026-05-28,BULL_CALM,0.988641406607801,3.710028590524953e-09,0.7134655991601738,MOMENTUM,hurst_momentum_bull,0.10104283789855457,BULL_CALM
2026-05-29,BULL_CALM,0.9965782077950208,2.479738388129775e-12,0.7152776752450407,MOMENTUM,hurst_momentum_bull,0.09760849987708439,BULL_CALM
2026-06-01,BULL_CALM,0.9990560131387152,1.6027355038609294e-14,0.7304033568994888,MOMENTUM,hurst_momentum_bull,0.097607489944553,BULL_CALM
2026-06-02,BULL_CALM,0.9989980650679298,2.8286532868040043e-14,0.7412265188646218,MOMENTUM,hurst_momentum_bull,0.09493614878944698,BULL_CALM
2026-06-03,BULL_CALM,0.999605822134254,1.686285611346569e-16,0.735808140466213,MOMENTUM,hurst_momentum_bull,0.09896034870439283,BULL_CALM
2026-06-04,BULL_CALM,0.9997905123988343,2.2148278220289352e-17,0.7463250056332826,MOMENTUM,hurst_momentum_bull,0.08894545097842314,BULL_CALM
2026-06-05,BULL_CALM,0.5430659316138092,2.117165673609307e-08,0.7775396536103071,MOMENTUM,hurst_momentum_bull,0.13126130983697668,BULL_CALM
2026-06-08,BULL_VOLATILE,0.5566439435312786,7.124854515032874e-06,0.7738050025924811,MOMENTUM,hurst_momentum_bull,0.128216521555119,BULL_CALM
2026-06-09,BULL_VOLATILE,0.8642504482215618,0.0002810314804363977,0.7843063435860731,MOMENTUM,hurst_momentum_bull,0.1283988015895794,BULL_CALM
2026-06-10,BULL_VOLATILE,0.9986175759621495,0.0004786820398597598,0.780068874469425,MOMENTUM,hurst_momentum_bull,0.1398998880112996,BULL_CALM
2026-06-11,BULL_VOLATILE,0.9935399694917998,3.808630559642294e-07,0.7813291247606108,MOMENTUM,hard_bear,0.15216548937852525,BEAR
2026-06-12,BULL_VOLATILE,0.9921440148286376,6.255119824685329e-07,0.802132912223398,MOMENTUM,hurst_momentum_bull,0.15064610802589926,BULL_CALM
2026-06-15,BULL_VOLATILE,0.9561437101640374,5.487098762351063e-06,0.8137864526841092,MOMENTUM,hurst_momentum_bull,0.15691039637819548,BULL_CALM
2026-06-16,BULL_VOLATILE,0.9873300244755363,3.694306288043309e-05,0.8074939423271031,MOMENTUM,hurst_momentum_vol_cluster_choppy,0.15880851572114055,CHOPPY
2026-06-17,BULL_VOLATILE,0.9984759980638286,4.880259476998926e-05,0.7909265205464666,MOMENTUM,hurst_momentum_bull,0.1637259743249148,BULL_CALM
2026-06-18,BULL_VOLATILE,0.9948078801908319,1.2730717938158578e-05,0.793557718825197,MOMENTUM,hurst_momentum_bull,0.16202232392487315,BULL_CALM
2026-06-22,BULL_VOLATILE,0.8541812635120062,1.3584231038064342e-07,0.7710887701402505,MOMENTUM,hurst_momentum_bull,0.1623882830680594,BULL_CALM
2026-06-23,BULL_VOLATILE,0.995036718093921,9.281859321034836e-07,0.7936360495099586,MOMENTUM,hurst_momentum_bull,0.1697514628475905,BULL_CALM
2026-06-24,BULL_VOLATILE,0.990024069268165,0.00011628104215930092,0.7779420077815941,MOMENTUM,hurst_momentum_bull,0.16750275731604708,BULL_CALM
2026-06-25,BULL_VOLATILE,0.9525428923350598,6.84772219597459e-05,0.7775135449782177,MOMENTUM,hurst_momentum_bull,0.1677219721604308,BULL_CALM
2026-06-26,BULL_VOLATILE,0.9957254640147789,0.0002690294727563298,0.7630206009526974,MOMENTUM,hurst_momentum_bull,0.1672213170768889,BULL_CALM
2026-06-29,BULL_VOLATILE,0.9960773601212609,0.0002048979038391131,0.7271605228978352,MOMENTUM,hurst_momentum_bull,0.17880455801976955,BULL_CALM
2026-06-30,BULL_VOLATILE,0.9995978397077777,6.079046424091849e-08,0.7140177571176725,MOMENTUM,hurst_momentum_bull,0.18108171324258432,BULL_CALM
2026-07-01,BULL_VOLATILE,0.9988730633984799,1.0802869903142002e-08,0.7253017523338461,MOMENTUM,hurst_momentum_bull,0.18092479053143407,BULL_CALM
2026-07-02,BULL_VOLATILE,0.9903533917115795,3.766465247620835e-09,0.7292886535000531,MOMENTUM,hurst_momentum_bull,0.17947535088923428,BULL_CALM
2026-07-06,BULL_VOLATILE,0.9958236323667097,8.454136865548352e-07,0.7264102653631676,MOMENTUM,hurst_momentum_bull,0.18190886183508792,BULL_CALM
2026-07-07,BULL_VOLATILE,0.897681188167622,0.0011561543709857412,0.7267376474345251,MOMENTUM,hurst_momentum_bull,0.15633787459059992,BULL_CALM
2026-07-08,BULL_VOLATILE,0.8360729904036485,0.00012582033352062026,0.7241167220403723,MOMENTUM,hurst_momentum_bull,0.156795502114012,BULL_CALM
2026-07-09,BULL_VOLATILE,0.6398089983363082,1.0728303113714937e-07,0.6899967962223489,MOMENTUM,hurst_momentum_bull,0.15872896432067832,BULL_CALM
2026-07-10,BULL_CALM,0.6476808517584338,1.864608719735277e-07,0.6799173394910848,MOMENTUM,hurst_momentum_bull,0.1460393567964622,BULL_CALM
2026-07-13,BULL_CALM,0.7240865747215828,1.1364619994899308e-06,0.6905132653038372,MOMENTUM,hurst_momentum_bull,0.13857127513148443,BULL_CALM
2026-07-14,BULL_CALM,0.8187759186584529,3.740493248600584e-08,0.6631317890506658,MOMENTUM,hurst_momentum_bull,0.13790790357258145,BULL_CALM
2026-07-15,BULL_CALM,0.8904792071162093,2.93031725725745e-07,0.6460724573810134,AMBIGUOUS,dominant_gmm,0.12343636896955726,BULL_CALM
2026-07-16,BULL_CALM,0.8143597699285718,2.7741429018580716e-05,0.6333474221398359,AMBIGUOUS,dominant_gmm,0.12310154200598832,BULL_CALM
2026-07-17,BULL_CALM,0.6968979254340012,1.0143909871211885e-05,0.635775832909347,AMBIGUOUS,dominant_gmm,0.11990258869801125,BULL_CALM
2026-07-20,BULL_VOLATILE,0.5424562485048546,0.003666400930769738,0.6537389294026196,MOMENTUM,hurst_momentum_bull,0.11658181271997921,BULL_CALM
2026-07-21,BULL_CALM,0.7756848423644448,0.0005555599607579014,0.6519655682050807,MOMENTUM,hurst_momentum_bull,0.11992758000416918,BULL_CALM
2026-07-22,BULL_CALM,0.8799769022076942,0.00028969190163259786,0.6515610064412798,MOMENTUM,hurst_momentum_bull,0.10669212633350475,BULL_CALM
2026-07-23,BULL_VOLATILE,0.6973639845165758,0.0035414761395042,0.6618505713038039,MOMENTUM,hurst_momentum_bull,0.11666485113469967,BULL_CALM
2026-07-24,BULL_VOLATILE,0.8931944606800011,0.0002153877745699943,0.6538760743599976,MOMENTUM,hurst_momentum_bull,0.1166218543146334,BULL_CALM
2026-07-27,BULL_VOLATILE,0.6762684126065934,0.00031790211722343393,0.6573246562518199,MOMENTUM,hurst_momentum_bull,0.1131537353387267,BULL_CALM
2026-07-28,BULL_CALM,0.6335578157810879,9.5994014942109e-05,0.6571720910340474,MOMENTUM,hurst_momentum_bull,0.09702838246430226,BULL_CALM
2026-07-29,BULL_VOLATILE,0.9654239570554725,0.003992063596813862,0.6644371022649799,MOMENTUM,hurst_momentum_bull,0.10676912280782158,BULL_CALM
2026-07-30,BULL_CALM,0.5797637474074565,0.0002062587410478842,0.6651489446855537,MOMENTUM,hurst_momentum_bull,0.12425276576365911,BULL_CALM
2026-07-31,BULL_CALM,0.7264802995947842,0.0005450608699064352,0.667252558162821,MOMENTUM,hurst_momentum_bull,0.12692721413871458,BULL_CALM
2026-08-03,BULL_CALM,0.5039433794953884,0.001950303146189137,0.6771504681882864,MOMENTUM,hurst_momentum_bull,0.13320740888981353,BULL_CALM
2026-08-04,BULL_VOLATILE,0.8204374942854419,0.00629580709929535,0.7006924859050988,MOMENTUM,hurst_momentum_bull,0.1453806426853641,BULL_CALM
2026-08-05,BULL_VOLATILE,0.7564680017575344,0.0018335352808780331,0.7002050422522628,MOMENTUM,hurst_momentum_bull,0.14496466316517737,BULL_CALM
2026-08-06,BULL_VOLATILE,0.9045282266298316,0.0050862419627145765,0.6971699224772926,MOMENTUM,hurst_momentum_bull,0.14307914227485452,BULL_CALM
2026-08-07,BULL_VOLATILE,0.9068587463737184,0.0009199966333047288,0.714517781534763,MOMENTUM,hurst_momentum_bull,0.14375028162764814,BULL_CALM
2026-08-10,BULL_VOLATILE,0.8247209742570751,0.00032586448936710417,0.7077183858227775,MOMENTUM,hurst_momentum_bull,0.14003693357586783,BULL_CALM
2026-08-11,BULL_VOLATILE,0.8115826162908336,0.0014149701428521392,0.7113444855174695,MOMENTUM,hurst_momentum_bull,0.1408392762777744,BULL_CALM
2026-08-12,BULL_VOLATILE,0.6553221009913094,5.365928218559091e-08,0.7189551769904282,MOMENTUM,hurst_momentum_bull,0.14056391550266017,BULL_CALM
2026-08-13,BULL_CALM,0.5167309309270653,2.720059968014873e-07,0.7272152870876376,MOMENTUM,hurst_momentum_bull,0.13971221238915335,BULL_CALM
2026-08-14,BULL_CALM,0.6544880174926982,3.393683517981326e-06,0.7317973192414543,MOMENTUM,hurst_momentum_bull,0.13360198870214357,BULL_CALM
