date,ticker,blocked_by,kelly_target_pct,selected,run_id,is_canonical,run_created_at,commit_sha,training_cutoff,model_content_sha256,blocked
2026-05-20,AAPL,kelly_zero:mu_le_min_edge,0.0,0,2026-05-20-live-2858f63b,0,2026-05-21 03:41:27,32a644c,,,True
2026-05-20,AEP,qp_delta_below_min_dw,0.08750083846630899,0,2026-05-20-live-2858f63b,0,2026-05-21 03:41:27,32a644c,,,True
2026-05-20,AFRM,qp_delta_below_min_dw,0.08750083846630899,0,2026-05-20-live-2858f63b,0,2026-05-21 03:41:27,32a644c,,,True
2026-05-20,AMAT,qp_delta_below_min_dw,0.08750083846630899,0,2026-05-20-live-2858f63b,0,2026-05-21 03:41:27,32a644c,,,True
2026-05-20,AMZN,qp_delta_below_min_dw,0.08750083846630899,0,2026-05-20-live-2858f63b,0,2026-05-21 03:41:27,32a644c,,,True
2026-05-20,ASML,kelly_zero:mu_le_min_edge,0.0,0,2026-05-20-live-2858f63b,0,2026-05-21 03:41:27,32a644c,,,True
2026-05-20,AVGO,qp_delta_below_min_dw,0.08750083846630899,0,2026-05-20-live-2858f63b,0,2026-05-21 03:41:27,32a644c,,,True
2026-05-20,AXP,qp_delta_below_min_dw,0.08750083846630899,0,2026-05-20-live-2858f63b,0,2026-05-21 03:41:27,32a644c,,,True
2026-05-20,BAC,qp_no_trade_band,0.08750083846630899,0,2026-05-20-live-2858f63b,0,2026-05-21 03:41:27,32a644c,,,True
2026-05-20,BLK,qp_delta_below_min_dw,0.08750083846630899,0,2026-05-20-live-2858f63b,0,2026-05-21 03:41:27,32a644c,,,True
2026-05-20,BMY,kelly_zero:mu_le_min_edge,0.0,0,2026-05-20-live-2858f63b,0,2026-05-21 03:41:27,32a644c,,,True
2026-05-20,C,qp_delta_below_min_dw,0.08750083846630899,0,2026-05-20-live-2858f63b,0,2026-05-21 03:41:27,32a644c,,,True
2026-05-20,CAT,qp_delta_below_min_dw,0.08750083846630899,0,2026-05-20-live-2858f63b,0,2026-05-21 03:41:27,32a644c,,,True
2026-05-20,CME,qp_delta_below_min_dw,0.08750083846630899,0,2026-05-20-live-2858f63b,0,2026-05-21 03:41:27,32a644c,,,True
2026-05-20,COST,qp_delta_below_min_dw,0.08750083846630899,0,2026-05-20-live-2858f63b,0,2026-05-21 03:41:27,32a644c,,,True
2026-05-20,CRWD,qp_delta_below_min_dw,0.08750083846630899,0,2026-05-20-live-2858f63b,0,2026-05-21 03:41:27,32a644c,,,True
2026-05-20,CVS,qp_delta_below_min_dw,0.08750083846630899,0,2026-05-20-live-2858f63b,0,2026-05-21 03:41:27,32a644c,,,True
2026-05-20,D,qp_no_trade_band,0.08750083846630899,0,2026-05-20-live-2858f63b,0,2026-05-21 03:41:27,32a644c,,,True
2026-05-20,DLR,qp_delta_below_min_dw,0.08750083846630899,0,2026-05-20-live-2858f63b,0,2026-05-21 03:41:27,32a644c,,,True
2026-05-20,EMR,qp_delta_below_min_dw,0.08750083846630899,0,2026-05-20-live-2858f63b,0,2026-05-21 03:41:27,32a644c,,,True
2026-05-20,EOG,qp_delta_below_min_dw,0.08750083846630899,0,2026-05-20-live-2858f63b,0,2026-05-21 03:41:27,32a644c,,,True
2026-05-20,ETN,kelly_zero:mu_le_min_edge,0.0,0,2026-05-20-live-2858f63b,0,2026-05-21 03:41:27,32a644c,,,True
2026-05-20,FDX,qp_delta_below_min_dw,0.08750083846630899,0,2026-05-20-live-2858f63b,0,2026-05-21 03:41:27,32a644c,,,True
2026-05-20,GILD,qp_delta_below_min_dw,0.08750083846630899,0,2026-05-20-live-2858f63b,0,2026-05-21 03:41:27,32a644c,,,True
2026-05-20,GLD,kelly_zero:mu_le_min_edge,0.0,0,2026-05-20-live-2858f63b,0,2026-05-21 03:41:27,32a644c,,,True
2026-05-20,GM,qp_delta_below_min_dw,0.08750083846630899,0,2026-05-20-live-2858f63b,0,2026-05-21 03:41:27,32a644c,,,True
2026-05-20,GOOG,qp_delta_below_min_dw,0.08750083846630899,0,2026-05-20-live-2858f63b,0,2026-05-21 03:41:27,32a644c,,,True
2026-05-20,HLT,qp_delta_below_min_dw,0.02087474110695475,0,2026-05-20-live-2858f63b,0,2026-05-21 03:41:27,32a644c,,,True
2026-05-20,HPE,qp_delta_below_min_dw,0.08750083846630899,0,2026-05-20-live-2858f63b,0,2026-05-21 03:41:27,32a644c,,,True
2026-05-20,IBM,qp_delta_below_min_dw,0.08750083846630899,0,2026-05-20-live-2858f63b,0,2026-05-21 03:41:27,32a644c,,,True
2026-05-20,JNJ,qp_delta_below_min_dw,0.08750083846630899,0,2026-05-20-live-2858f63b,0,2026-05-21 03:41:27,32a644c,,,True
2026-05-20,JPM,qp_no_trade_band,0.08750083846630899,0,2026-05-20-live-2858f63b,0,2026-05-21 03:41:27,32a644c,,,True
2026-05-20,KLAC,qp_delta_below_min_dw,0.08750083846630899,0,2026-05-20-live-2858f63b,0,2026-05-21 03:41:27,32a644c,,,True
2026-05-20,KMI,kelly_zero:mu_le_min_edge,0.0,0,2026-05-20-live-2858f63b,0,2026-05-21 03:41:27,32a644c,,,True
2026-05-20,KO,kelly_zero:mu_le_min_edge,0.0,0,2026-05-20-live-2858f63b,0,2026-05-21 03:41:27,32a644c,,,True
2026-05-20,LHX,qp_delta_below_min_dw,0.08750083846630899,0,2026-05-20-live-2858f63b,0,2026-05-21 03:41:27,32a644c,,,True
2026-05-20,LRCX,qp_delta_below_min_dw,0.08750083846630899,0,2026-05-20-live-2858f63b,0,2026-05-21 03:41:27,32a644c,,,True
2026-05-20,MCD,qp_delta_below_min_dw,0.08750083846630899,0,2026-05-20-live-2858f63b,0,2026-05-21 03:41:27,32a644c,,,True
2026-05-20,MMM,kelly_zero:mu_le_min_edge,0.0,0,2026-05-20-live-2858f63b,0,2026-05-21 03:41:27,32a644c,,,True
2026-05-20,MO,qp_no_trade_band,0.08750083846630899,0,2026-05-20-live-2858f63b,0,2026-05-21 03:41:27,32a644c,,,True
2026-05-20,MPWR,qp_delta_below_min_dw,0.08750083846630899,0,2026-05-20-live-2858f63b,0,2026-05-21 03:41:27,32a644c,,,True
2026-05-20,MRK,qp_delta_below_min_dw,0.08750083846630899,0,2026-05-20-live-2858f63b,0,2026-05-21 03:41:27,32a644c,,,True
2026-05-20,MS,qp_delta_below_min_dw,0.08750083846630899,0,2026-05-20-live-2858f63b,0,2026-05-21 03:41:27,32a644c,,,True
2026-05-20,MSFT,qp_delta_below_min_dw,0.08750083846630899,0,2026-05-20-live-2858f63b,0,2026-05-21 03:41:27,32a644c,,,True
2026-05-20,NEE,qp_delta_below_min_dw,0.08750083846630899,0,2026-05-20-live-2858f63b,0,2026-05-21 03:41:27,32a644c,,,True
2026-05-20,NEM,qp_delta_below_min_dw,0.08750083846630899,0,2026-05-20-live-2858f63b,0,2026-05-21 03:41:27,32a644c,,,True
2026-05-20,PG,kelly_zero:mu_le_min_edge,0.0,0,2026-05-20-live-2858f63b,0,2026-05-21 03:41:27,32a644c,,,True
2026-05-20,PH,qp_delta_below_min_dw,0.08750083846630899,0,2026-05-20-live-2858f63b,0,2026-05-21 03:41:27,32a644c,,,True
2026-05-20,PM,qp_delta_below_min_dw,0.08750083846630899,0,2026-05-20-live-2858f63b,0,2026-05-21 03:41:27,32a644c,,,True
2026-05-20,PNC,qp_delta_below_min_dw,0.08750083846630899,0,2026-05-20-live-2858f63b,0,2026-05-21 03:41:27,32a644c,,,True
2026-05-20,PYPL,qp_delta_below_min_dw,0.08750083846630899,0,2026-05-20-live-2858f63b,0,2026-05-21 03:41:27,32a644c,,,True
2026-05-20,ROST,kelly_zero:mu_le_min_edge,0.0,0,2026-05-20-live-2858f63b,0,2026-05-21 03:41:27,32a644c,,,True
2026-05-20,SCHW,kelly_zero:mu_le_min_edge,0.0,0,2026-05-20-live-2858f63b,0,2026-05-21 03:41:27,32a644c,,,True
2026-05-20,SO,kelly_zero:mu_le_min_edge,0.0,0,2026-05-20-live-2858f63b,0,2026-05-21 03:41:27,32a644c,,,True
2026-05-20,SPG,kelly_zero:mu_le_min_edge,0.0,0,2026-05-20-live-2858f63b,0,2026-05-21 03:41:27,32a644c,,,True
2026-05-20,T,qp_delta_below_min_dw,0.08750083846630899,0,2026-05-20-live-2858f63b,0,2026-05-21 03:41:27,32a644c,,,True
2026-05-20,TJX,qp_delta_below_min_dw,0.08750083846630899,0,2026-05-20-live-2858f63b,0,2026-05-21 03:41:27,32a644c,,,True
2026-05-20,TXN,qp_delta_below_min_dw,0.08750083846630899,0,2026-05-20-live-2858f63b,0,2026-05-21 03:41:27,32a644c,,,True
2026-05-20,UNH,qp_delta_below_min_dw,0.08750083846630899,0,2026-05-20-live-2858f63b,0,2026-05-21 03:41:27,32a644c,,,True
2026-05-20,UNP,qp_delta_below_min_dw,0.08750083846630899,0,2026-05-20-live-2858f63b,0,2026-05-21 03:41:27,32a644c,,,True
2026-05-20,V,kelly_zero:mu_le_min_edge,0.0,0,2026-05-20-live-2858f63b,0,2026-05-21 03:41:27,32a644c,,,True
2026-05-20,VLO,kelly_zero:mu_le_min_edge,0.0,0,2026-05-20-live-2858f63b,0,2026-05-21 03:41:27,32a644c,,,True
2026-05-20,VTR,kelly_zero:mu_le_min_edge,0.0,0,2026-05-20-live-2858f63b,0,2026-05-21 03:41:27,32a644c,,,True
2026-05-20,WELL,qp_no_trade_band,0.08750083846630899,0,2026-05-20-live-2858f63b,0,2026-05-21 03:41:27,32a644c,,,True
2026-05-20,WFC,qp_delta_below_min_dw,0.08750083846630899,0,2026-05-20-live-2858f63b,0,2026-05-21 03:41:27,32a644c,,,True
2026-05-20,WMB,kelly_zero:mu_le_min_edge,0.0,0,2026-05-20-live-2858f63b,0,2026-05-21 03:41:27,32a644c,,,True
2026-05-20,XLE,kelly_zero:mu_le_min_edge,0.0,0,2026-05-20-live-2858f63b,0,2026-05-21 03:41:27,32a644c,,,True
2026-05-20,XLF,kelly_zero:mu_le_min_edge,0.0,0,2026-05-20-live-2858f63b,0,2026-05-21 03:41:27,32a644c,,,True
2026-05-20,XLK,qp_delta_below_min_dw,0.08750083846630899,0,2026-05-20-live-2858f63b,0,2026-05-21 03:41:27,32a644c,,,True
2026-05-20,XLU,kelly_zero:mu_le_min_edge,0.0,0,2026-05-20-live-2858f63b,0,2026-05-21 03:41:27,32a644c,,,True
2026-05-20,AAPL,kelly_zero:mu_le_min_edge,0.0,0,2026-05-20-live-9694f79f,1,2026-05-21 04:45:30,32a644c,,,True
2026-05-20,AEP,qp_delta_below_min_dw,0.08750083846630899,0,2026-05-20-live-9694f79f,1,2026-05-21 04:45:30,32a644c,,,True
2026-05-20,AFRM,qp_delta_below_min_dw,0.08750083846630899,0,2026-05-20-live-9694f79f,1,2026-05-21 04:45:30,32a644c,,,True
2026-05-20,AMAT,qp_delta_below_min_dw,0.08750083846630899,0,2026-05-20-live-9694f79f,1,2026-05-21 04:45:30,32a644c,,,True
2026-05-20,AMZN,qp_delta_below_min_dw,0.08750083846630899,0,2026-05-20-live-9694f79f,1,2026-05-21 04:45:30,32a644c,,,True
2026-05-20,ASML,kelly_zero:mu_le_min_edge,0.0,0,2026-05-20-live-9694f79f,1,2026-05-21 04:45:30,32a644c,,,True
2026-05-20,AVGO,qp_delta_below_min_dw,0.08750083846630899,0,2026-05-20-live-9694f79f,1,2026-05-21 04:45:30,32a644c,,,True
2026-05-20,AXP,qp_delta_below_min_dw,0.08750083846630899,0,2026-05-20-live-9694f79f,1,2026-05-21 04:45:30,32a644c,,,True
2026-05-20,BAC,qp_no_trade_band,0.08750083846630899,0,2026-05-20-live-9694f79f,1,2026-05-21 04:45:30,32a644c,,,True
2026-05-20,BLK,qp_delta_below_min_dw,0.08750083846630899,0,2026-05-20-live-9694f79f,1,2026-05-21 04:45:30,32a644c,,,True
2026-05-20,BMY,kelly_zero:mu_le_min_edge,0.0,0,2026-05-20-live-9694f79f,1,2026-05-21 04:45:30,32a644c,,,True
2026-05-20,C,qp_delta_below_min_dw,0.08750083846630899,0,2026-05-20-live-9694f79f,1,2026-05-21 04:45:30,32a644c,,,True
2026-05-20,CAT,qp_delta_below_min_dw,0.08750083846630899,0,2026-05-20-live-9694f79f,1,2026-05-21 04:45:30,32a644c,,,True
2026-05-20,CME,qp_delta_below_min_dw,0.08750083846630899,0,2026-05-20-live-9694f79f,1,2026-05-21 04:45:30,32a644c,,,True
2026-05-20,COST,qp_delta_below_min_dw,0.08750083846630899,0,2026-05-20-live-9694f79f,1,2026-05-21 04:45:30,32a644c,,,True
2026-05-20,CRWD,qp_delta_below_min_dw,0.08750083846630899,0,2026-05-20-live-9694f79f,1,2026-05-21 04:45:30,32a644c,,,True
2026-05-20,CVS,qp_delta_below_min_dw,0.08750083846630899,0,2026-05-20-live-9694f79f,1,2026-05-21 04:45:30,32a644c,,,True
2026-05-20,D,qp_no_trade_band,0.08750083846630899,0,2026-05-20-live-9694f79f,1,2026-05-21 04:45:30,32a644c,,,True
2026-05-20,DLR,qp_delta_below_min_dw,0.08750083846630899,0,2026-05-20-live-9694f79f,1,2026-05-21 04:45:30,32a644c,,,True
2026-05-20,EMR,qp_delta_below_min_dw,0.08750083846630899,0,2026-05-20-live-9694f79f,1,2026-05-21 04:45:30,32a644c,,,True
2026-05-20,EOG,qp_delta_below_min_dw,0.08750083846630899,0,2026-05-20-live-9694f79f,1,2026-05-21 04:45:30,32a644c,,,True
2026-05-20,ETN,kelly_zero:mu_le_min_edge,0.0,0,2026-05-20-live-9694f79f,1,2026-05-21 04:45:30,32a644c,,,True
2026-05-20,FDX,qp_delta_below_min_dw,0.08750083846630899,0,2026-05-20-live-9694f79f,1,2026-05-21 04:45:30,32a644c,,,True
2026-05-20,GILD,qp_delta_below_min_dw,0.08750083846630899,0,2026-05-20-live-9694f79f,1,2026-05-21 04:45:30,32a644c,,,True
2026-05-20,GLD,kelly_zero:mu_le_min_edge,0.0,0,2026-05-20-live-9694f79f,1,2026-05-21 04:45:30,32a644c,,,True
2026-05-20,GM,qp_delta_below_min_dw,0.08750083846630899,0,2026-05-20-live-9694f79f,1,2026-05-21 04:45:30,32a644c,,,True
2026-05-20,GOOG,qp_delta_below_min_dw,0.08750083846630899,0,2026-05-20-live-9694f79f,1,2026-05-21 04:45:30,32a644c,,,True
2026-05-20,HLT,qp_delta_below_min_dw,0.02087474110695475,0,2026-05-20-live-9694f79f,1,2026-05-21 04:45:30,32a644c,,,True
2026-05-20,HPE,qp_delta_below_min_dw,0.08750083846630899,0,2026-05-20-live-9694f79f,1,2026-05-21 04:45:30,32a644c,,,True
2026-05-20,IBM,qp_delta_below_min_dw,0.08750083846630899,0,2026-05-20-live-9694f79f,1,2026-05-21 04:45:30,32a644c,,,True
2026-05-20,JNJ,qp_delta_below_min_dw,0.08750083846630899,0,2026-05-20-live-9694f79f,1,2026-05-21 04:45:30,32a644c,,,True
2026-05-20,JPM,qp_no_trade_band,0.08750083846630899,0,2026-05-20-live-9694f79f,1,2026-05-21 04:45:30,32a644c,,,True
2026-05-20,KLAC,qp_delta_below_min_dw,0.08750083846630899,0,2026-05-20-live-9694f79f,1,2026-05-21 04:45:30,32a644c,,,True
2026-05-20,KMI,kelly_zero:mu_le_min_edge,0.0,0,2026-05-20-live-9694f79f,1,2026-05-21 04:45:30,32a644c,,,True
2026-05-20,KO,kelly_zero:mu_le_min_edge,0.0,0,2026-05-20-live-9694f79f,1,2026-05-21 04:45:30,32a644c,,,True
2026-05-20,LHX,qp_delta_below_min_dw,0.08750083846630899,0,2026-05-20-live-9694f79f,1,2026-05-21 04:45:30,32a644c,,,True
2026-05-20,LRCX,qp_delta_below_min_dw,0.08750083846630899,0,2026-05-20-live-9694f79f,1,2026-05-21 04:45:30,32a644c,,,True
2026-05-20,MCD,qp_delta_below_min_dw,0.08750083846630899,0,2026-05-20-live-9694f79f,1,2026-05-21 04:45:30,32a644c,,,True
2026-05-20,MMM,kelly_zero:mu_le_min_edge,0.0,0,2026-05-20-live-9694f79f,1,2026-05-21 04:45:30,32a644c,,,True
2026-05-20,MO,qp_no_trade_band,0.08750083846630899,0,2026-05-20-live-9694f79f,1,2026-05-21 04:45:30,32a644c,,,True
2026-05-20,MPWR,qp_delta_below_min_dw,0.08750083846630899,0,2026-05-20-live-9694f79f,1,2026-05-21 04:45:30,32a644c,,,True
2026-05-20,MRK,qp_delta_below_min_dw,0.08750083846630899,0,2026-05-20-live-9694f79f,1,2026-05-21 04:45:30,32a644c,,,True
2026-05-20,MS,qp_delta_below_min_dw,0.08750083846630899,0,2026-05-20-live-9694f79f,1,2026-05-21 04:45:30,32a644c,,,True
2026-05-20,MSFT,qp_delta_below_min_dw,0.08750083846630899,0,2026-05-20-live-9694f79f,1,2026-05-21 04:45:30,32a644c,,,True
2026-05-20,NEE,qp_delta_below_min_dw,0.08750083846630899,0,2026-05-20-live-9694f79f,1,2026-05-21 04:45:30,32a644c,,,True
2026-05-20,NEM,qp_delta_below_min_dw,0.08750083846630899,0,2026-05-20-live-9694f79f,1,2026-05-21 04:45:30,32a644c,,,True
2026-05-20,PG,kelly_zero:mu_le_min_edge,0.0,0,2026-05-20-live-9694f79f,1,2026-05-21 04:45:30,32a644c,,,True
2026-05-20,PH,qp_delta_below_min_dw,0.08750083846630899,0,2026-05-20-live-9694f79f,1,2026-05-21 04:45:30,32a644c,,,True
2026-05-20,PM,qp_delta_below_min_dw,0.08750083846630899,0,2026-05-20-live-9694f79f,1,2026-05-21 04:45:30,32a644c,,,True
2026-05-20,PNC,qp_delta_below_min_dw,0.08750083846630899,0,2026-05-20-live-9694f79f,1,2026-05-21 04:45:30,32a644c,,,True
2026-05-20,PYPL,qp_delta_below_min_dw,0.08750083846630899,0,2026-05-20-live-9694f79f,1,2026-05-21 04:45:30,32a644c,,,True
2026-05-20,ROST,kelly_zero:mu_le_min_edge,0.0,0,2026-05-20-live-9694f79f,1,2026-05-21 04:45:30,32a644c,,,True
2026-05-20,SCHW,kelly_zero:mu_le_min_edge,0.0,0,2026-05-20-live-9694f79f,1,2026-05-21 04:45:30,32a644c,,,True
2026-05-20,SO,kelly_zero:mu_le_min_edge,0.0,0,2026-05-20-live-9694f79f,1,2026-05-21 04:45:30,32a644c,,,True
2026-05-20,SPG,kelly_zero:mu_le_min_edge,0.0,0,2026-05-20-live-9694f79f,1,2026-05-21 04:45:30,32a644c,,,True
2026-05-20,T,qp_delta_below_min_dw,0.08750083846630899,0,2026-05-20-live-9694f79f,1,2026-05-21 04:45:30,32a644c,,,True
2026-05-20,TJX,qp_delta_below_min_dw,0.08750083846630899,0,2026-05-20-live-9694f79f,1,2026-05-21 04:45:30,32a644c,,,True
2026-05-20,TXN,qp_delta_below_min_dw,0.08750083846630899,0,2026-05-20-live-9694f79f,1,2026-05-21 04:45:30,32a644c,,,True
2026-05-20,UNH,qp_delta_below_min_dw,0.08750083846630899,0,2026-05-20-live-9694f79f,1,2026-05-21 04:45:30,32a644c,,,True
2026-05-20,UNP,qp_delta_below_min_dw,0.08750083846630899,0,2026-05-20-live-9694f79f,1,2026-05-21 04:45:30,32a644c,,,True
2026-05-20,V,kelly_zero:mu_le_min_edge,0.0,0,2026-05-20-live-9694f79f,1,2026-05-21 04:45:30,32a644c,,,True
2026-05-20,VLO,kelly_zero:mu_le_min_edge,0.0,0,2026-05-20-live-9694f79f,1,2026-05-21 04:45:30,32a644c,,,True
2026-05-20,VTR,kelly_zero:mu_le_min_edge,0.0,0,2026-05-20-live-9694f79f,1,2026-05-21 04:45:30,32a644c,,,True
2026-05-20,WELL,qp_no_trade_band,0.08750083846630899,0,2026-05-20-live-9694f79f,1,2026-05-21 04:45:30,32a644c,,,True
2026-05-20,WFC,qp_delta_below_min_dw,0.08750083846630899,0,2026-05-20-live-9694f79f,1,2026-05-21 04:45:30,32a644c,,,True
2026-05-20,WMB,kelly_zero:mu_le_min_edge,0.0,0,2026-05-20-live-9694f79f,1,2026-05-21 04:45:30,32a644c,,,True
2026-05-20,XLE,kelly_zero:mu_le_min_edge,0.0,0,2026-05-20-live-9694f79f,1,2026-05-21 04:45:30,32a644c,,,True
2026-05-20,XLF,kelly_zero:mu_le_min_edge,0.0,0,2026-05-20-live-9694f79f,1,2026-05-21 04:45:30,32a644c,,,True
2026-05-20,XLK,qp_delta_below_min_dw,0.08750083846630899,0,2026-05-20-live-9694f79f,1,2026-05-21 04:45:30,32a644c,,,True
2026-05-20,XLU,kelly_zero:mu_le_min_edge,0.0,0,2026-05-20-live-9694f79f,1,2026-05-21 04:45:30,32a644c,,,True
2026-05-21,AAPL,kelly_zero:mu_le_min_edge,0.0,0,2026-05-21-live-b2d754d0,1,2026-05-21 21:20:05,296cc58,,,True
2026-05-21,AEP,qp_delta_below_min_dw,0.08870894265722645,0,2026-05-21-live-b2d754d0,1,2026-05-21 21:20:05,296cc58,,,True
2026-05-21,AFRM,qp_delta_below_min_dw,0.08870894265722645,0,2026-05-21-live-b2d754d0,1,2026-05-21 21:20:05,296cc58,,,True
2026-05-21,AMAT,kelly_zero:mu_le_min_edge,0.0,0,2026-05-21-live-b2d754d0,1,2026-05-21 21:20:05,296cc58,,,True
2026-05-21,AMZN,qp_delta_below_min_dw,0.08870894265722645,0,2026-05-21-live-b2d754d0,1,2026-05-21 21:20:05,296cc58,,,True
2026-05-21,ASML,qp_delta_below_min_dw,0.043599671072288314,0,2026-05-21-live-b2d754d0,1,2026-05-21 21:20:05,296cc58,,,True
2026-05-21,AVGO,qp_delta_below_min_dw,0.08870894265722645,0,2026-05-21-live-b2d754d0,1,2026-05-21 21:20:05,296cc58,,,True
2026-05-21,AXP,qp_delta_below_min_dw,0.08870894265722645,0,2026-05-21-live-b2d754d0,1,2026-05-21 21:20:05,296cc58,,,True
2026-05-21,BAC,qp_no_trade_band,0.08870894265722645,0,2026-05-21-live-b2d754d0,1,2026-05-21 21:20:05,296cc58,,,True
2026-05-21,BLK,qp_delta_below_min_dw,0.08870894265722645,0,2026-05-21-live-b2d754d0,1,2026-05-21 21:20:05,296cc58,,,True
2026-05-21,BMY,kelly_zero:mu_le_min_edge,0.0,0,2026-05-21-live-b2d754d0,1,2026-05-21 21:20:05,296cc58,,,True
2026-05-21,C,qp_delta_below_min_dw,0.08870894265722645,0,2026-05-21-live-b2d754d0,1,2026-05-21 21:20:05,296cc58,,,True
2026-05-21,CAT,qp_delta_below_min_dw,0.08870894265722645,0,2026-05-21-live-b2d754d0,1,2026-05-21 21:20:05,296cc58,,,True
2026-05-21,CME,qp_no_trade_band,0.08870894265722645,0,2026-05-21-live-b2d754d0,1,2026-05-21 21:20:05,296cc58,,,True
2026-05-21,COST,qp_delta_below_min_dw,0.08870894265722645,0,2026-05-21-live-b2d754d0,1,2026-05-21 21:20:05,296cc58,,,True
2026-05-21,CRWD,qp_delta_below_min_dw,0.08870894265722645,0,2026-05-21-live-b2d754d0,1,2026-05-21 21:20:05,296cc58,,,True
2026-05-21,CVS,qp_delta_below_min_dw,0.08870894265722645,0,2026-05-21-live-b2d754d0,1,2026-05-21 21:20:05,296cc58,,,True
2026-05-21,D,qp_no_trade_band,0.08870894265722645,0,2026-05-21-live-b2d754d0,1,2026-05-21 21:20:05,296cc58,,,True
2026-05-21,DLR,qp_delta_below_min_dw,0.08870894265722645,0,2026-05-21-live-b2d754d0,1,2026-05-21 21:20:05,296cc58,,,True
2026-05-21,EMR,qp_delta_below_min_dw,0.08870894265722645,0,2026-05-21-live-b2d754d0,1,2026-05-21 21:20:05,296cc58,,,True
2026-05-21,EOG,qp_no_trade_band,0.08870894265722645,0,2026-05-21-live-b2d754d0,1,2026-05-21 21:20:05,296cc58,,,True
2026-05-21,ETN,kelly_zero:mu_le_min_edge,0.0,0,2026-05-21-live-b2d754d0,1,2026-05-21 21:20:05,296cc58,,,True
2026-05-21,FDX,qp_delta_below_min_dw,0.08870894265722645,0,2026-05-21-live-b2d754d0,1,2026-05-21 21:20:05,296cc58,,,True
2026-05-21,GILD,qp_delta_below_min_dw,0.08870894265722645,0,2026-05-21-live-b2d754d0,1,2026-05-21 21:20:05,296cc58,,,True
2026-05-21,GLD,qp_delta_below_min_dw,0.08870894265722645,0,2026-05-21-live-b2d754d0,1,2026-05-21 21:20:05,296cc58,,,True
2026-05-21,GM,qp_delta_below_min_dw,0.08870894265722645,0,2026-05-21-live-b2d754d0,1,2026-05-21 21:20:05,296cc58,,,True
2026-05-21,GOOG,qp_delta_below_min_dw,0.08870894265722645,0,2026-05-21-live-b2d754d0,1,2026-05-21 21:20:05,296cc58,,,True
2026-05-21,HLT,qp_delta_below_min_dw,0.08870894265722645,0,2026-05-21-live-b2d754d0,1,2026-05-21 21:20:05,296cc58,,,True
2026-05-21,HPE,qp_delta_below_min_dw,0.08870894265722645,0,2026-05-21-live-b2d754d0,1,2026-05-21 21:20:05,296cc58,,,True
2026-05-21,IBM,kelly_zero:mu_le_min_edge,0.0,0,2026-05-21-live-b2d754d0,1,2026-05-21 21:20:05,296cc58,,,True
2026-05-21,JNJ,qp_delta_below_min_dw,0.08870894265722645,0,2026-05-21-live-b2d754d0,1,2026-05-21 21:20:05,296cc58,,,True
2026-05-21,JPM,qp_delta_below_min_dw,0.08870894265722645,0,2026-05-21-live-b2d754d0,1,2026-05-21 21:20:05,296cc58,,,True
2026-05-21,KLAC,qp_delta_below_min_dw,0.030431290968714293,0,2026-05-21-live-b2d754d0,1,2026-05-21 21:20:05,296cc58,,,True
2026-05-21,KMI,qp_delta_below_min_dw,0.08870894265722645,0,2026-05-21-live-b2d754d0,1,2026-05-21 21:20:05,296cc58,,,True
2026-05-21,KO,kelly_zero:mu_le_min_edge,0.0,0,2026-05-21-live-b2d754d0,1,2026-05-21 21:20:05,296cc58,,,True
2026-05-21,LHX,qp_no_trade_band,0.08870894265722645,0,2026-05-21-live-b2d754d0,1,2026-05-21 21:20:05,296cc58,,,True
2026-05-21,MCD,qp_delta_below_min_dw,0.08870894265722645,0,2026-05-21-live-b2d754d0,1,2026-05-21 21:20:05,296cc58,,,True
2026-05-21,MMM,kelly_zero:mu_le_min_edge,0.0,0,2026-05-21-live-b2d754d0,1,2026-05-21 21:20:05,296cc58,,,True
2026-05-21,MO,qp_no_trade_band,0.08870894265722645,0,2026-05-21-live-b2d754d0,1,2026-05-21 21:20:05,296cc58,,,True
2026-05-21,MPWR,qp_delta_below_min_dw,0.08870894265722645,0,2026-05-21-live-b2d754d0,1,2026-05-21 21:20:05,296cc58,,,True
2026-05-21,MRK,qp_delta_below_min_dw,0.08870894265722645,0,2026-05-21-live-b2d754d0,1,2026-05-21 21:20:05,296cc58,,,True
2026-05-21,MS,qp_delta_below_min_dw,0.08870894265722645,0,2026-05-21-live-b2d754d0,1,2026-05-21 21:20:05,296cc58,,,True
2026-05-21,MSFT,qp_delta_below_min_dw,0.08870894265722645,0,2026-05-21-live-b2d754d0,1,2026-05-21 21:20:05,296cc58,,,True
2026-05-21,NEE,qp_no_trade_band,0.08870894265722645,0,2026-05-21-live-b2d754d0,1,2026-05-21 21:20:05,296cc58,,,True
2026-05-21,NEM,qp_delta_below_min_dw,0.08870894265722645,0,2026-05-21-live-b2d754d0,1,2026-05-21 21:20:05,296cc58,,,True
2026-05-21,PG,kelly_zero:mu_le_min_edge,0.0,0,2026-05-21-live-b2d754d0,1,2026-05-21 21:20:05,296cc58,,,True
2026-05-21,PH,qp_delta_below_min_dw,0.08870894265722645,0,2026-05-21-live-b2d754d0,1,2026-05-21 21:20:05,296cc58,,,True
2026-05-21,PM,qp_delta_below_min_dw,0.08870894265722645,0,2026-05-21-live-b2d754d0,1,2026-05-21 21:20:05,296cc58,,,True
2026-05-21,PNC,qp_delta_below_min_dw,0.08870894265722645,0,2026-05-21-live-b2d754d0,1,2026-05-21 21:20:05,296cc58,,,True
2026-05-21,PYPL,qp_delta_below_min_dw,0.08870894265722645,0,2026-05-21-live-b2d754d0,1,2026-05-21 21:20:05,296cc58,,,True
2026-05-21,ROST,kelly_zero:mu_le_min_edge,0.0,0,2026-05-21-live-b2d754d0,1,2026-05-21 21:20:05,296cc58,,,True
2026-05-21,SCHW,kelly_zero:mu_le_min_edge,0.0,0,2026-05-21-live-b2d754d0,1,2026-05-21 21:20:05,296cc58,,,True
2026-05-21,SO,kelly_zero:mu_le_min_edge,0.0,0,2026-05-21-live-b2d754d0,1,2026-05-21 21:20:05,296cc58,,,True
2026-05-21,SPG,qp_delta_below_min_dw,0.08870894265722645,0,2026-05-21-live-b2d754d0,1,2026-05-21 21:20:05,296cc58,,,True
2026-05-21,T,qp_delta_below_min_dw,0.08870894265722645,0,2026-05-21-live-b2d754d0,1,2026-05-21 21:20:05,296cc58,,,True
2026-05-21,TJX,qp_delta_below_min_dw,0.006914618960333305,0,2026-05-21-live-b2d754d0,1,2026-05-21 21:20:05,296cc58,,,True
2026-05-21,TXN,qp_delta_below_min_dw,0.08870894265722645,0,2026-05-21-live-b2d754d0,1,2026-05-21 21:20:05,296cc58,,,True
2026-05-21,UNH,qp_delta_below_min_dw,0.08870894265722645,0,2026-05-21-live-b2d754d0,1,2026-05-21 21:20:05,296cc58,,,True
2026-05-21,UNP,qp_delta_below_min_dw,0.08870894265722645,0,2026-05-21-live-b2d754d0,1,2026-05-21 21:20:05,296cc58,,,True
2026-05-21,V,kelly_zero:mu_le_min_edge,0.0,0,2026-05-21-live-b2d754d0,1,2026-05-21 21:20:05,296cc58,,,True
2026-05-21,VLO,qp_delta_below_min_dw,0.06946308288474422,0,2026-05-21-live-b2d754d0,1,2026-05-21 21:20:05,296cc58,,,True
2026-05-21,VTR,kelly_zero:mu_le_min_edge,0.0,0,2026-05-21-live-b2d754d0,1,2026-05-21 21:20:05,296cc58,,,True
2026-05-21,WELL,qp_delta_below_min_dw,0.08870894265722645,0,2026-05-21-live-b2d754d0,1,2026-05-21 21:20:05,296cc58,,,True
2026-05-21,WFC,qp_no_trade_band,0.08870894265722645,0,2026-05-21-live-b2d754d0,1,2026-05-21 21:20:05,296cc58,,,True
2026-05-21,WMB,kelly_zero:mu_le_min_edge,0.0,0,2026-05-21-live-b2d754d0,1,2026-05-21 21:20:05,296cc58,,,True
2026-05-21,XLE,kelly_zero:mu_le_min_edge,0.0,0,2026-05-21-live-b2d754d0,1,2026-05-21 21:20:05,296cc58,,,True
2026-05-21,XLF,kelly_zero:mu_le_min_edge,0.0,0,2026-05-21-live-b2d754d0,1,2026-05-21 21:20:05,296cc58,,,True
2026-05-21,XLK,qp_delta_below_min_dw,0.08870894265722645,0,2026-05-21-live-b2d754d0,1,2026-05-21 21:20:05,296cc58,,,True
2026-05-21,XLU,kelly_zero:mu_le_min_edge,0.0,0,2026-05-21-live-b2d754d0,1,2026-05-21 21:20:05,296cc58,,,True
2026-05-22,AAPL,veto:rank_score_below_floor,,0,2026-05-22-live-ff554178,0,2026-05-23 01:25:41,d315b65,,,True
2026-05-22,AEP,veto:rank_score_below_floor,,0,2026-05-22-live-ff554178,0,2026-05-23 01:25:41,d315b65,,,True
2026-05-22,AFRM,qp_delta_below_min_dw,0.05718805145597226,0,2026-05-22-live-ff554178,0,2026-05-23 01:25:41,d315b65,,,True
2026-05-22,AMAT,veto:rank_score_below_floor,,0,2026-05-22-live-ff554178,0,2026-05-23 01:25:41,d315b65,,,True
2026-05-22,ASML,veto:rank_score_below_floor,,0,2026-05-22-live-ff554178,0,2026-05-23 01:25:41,d315b65,,,True
2026-05-22,AVGO,veto:rank_score_below_floor,,0,2026-05-22-live-ff554178,0,2026-05-23 01:25:41,d315b65,,,True
2026-05-22,AXP,veto:rank_score_below_floor,,0,2026-05-22-live-ff554178,0,2026-05-23 01:25:41,d315b65,,,True
2026-05-22,BAC,,0.08936828770927453,1,2026-05-22-live-ff554178,0,2026-05-23 01:25:41,d315b65,,,False
2026-05-22,BLK,veto:rank_score_below_floor,,0,2026-05-22-live-ff554178,0,2026-05-23 01:25:41,d315b65,,,True
2026-05-22,BMY,veto:rank_score_below_floor,,0,2026-05-22-live-ff554178,0,2026-05-23 01:25:41,d315b65,,,True
2026-05-22,C,veto:rank_score_below_floor,,0,2026-05-22-live-ff554178,0,2026-05-23 01:25:41,d315b65,,,True
2026-05-22,CAT,veto:rank_score_below_floor,,0,2026-05-22-live-ff554178,0,2026-05-23 01:25:41,d315b65,,,True
2026-05-22,CME,veto:rank_score_below_floor,,0,2026-05-22-live-ff554178,0,2026-05-23 01:25:41,d315b65,,,True
2026-05-22,COST,veto:rank_score_below_floor,,0,2026-05-22-live-ff554178,0,2026-05-23 01:25:41,d315b65,,,True
2026-05-22,CRWD,qp_delta_below_min_dw,0.08936828770927453,0,2026-05-22-live-ff554178,0,2026-05-23 01:25:41,d315b65,,,True
2026-05-22,CVS,qp_no_trade_band,0.08936828770927453,0,2026-05-22-live-ff554178,0,2026-05-23 01:25:41,d315b65,,,True
2026-05-22,D,,0.08936828770927453,1,2026-05-22-live-ff554178,0,2026-05-23 01:25:41,d315b65,,,False
2026-05-22,DLR,veto:rank_score_below_floor,,0,2026-05-22-live-ff554178,0,2026-05-23 01:25:41,d315b65,,,True
2026-05-22,EMR,veto:rank_score_below_floor,,0,2026-05-22-live-ff554178,0,2026-05-23 01:25:41,d315b65,,,True
2026-05-22,EOG,veto:rank_score_below_floor,,0,2026-05-22-live-ff554178,0,2026-05-23 01:25:41,d315b65,,,True
2026-05-22,ETN,veto:rank_score_below_floor,,0,2026-05-22-live-ff554178,0,2026-05-23 01:25:41,d315b65,,,True
2026-05-22,FDX,veto:rank_score_below_floor,,0,2026-05-22-live-ff554178,0,2026-05-23 01:25:41,d315b65,,,True
2026-05-22,GILD,veto:rank_score_below_floor,,0,2026-05-22-live-ff554178,0,2026-05-23 01:25:41,d315b65,,,True
2026-05-22,GLD,veto:rank_score_below_floor,,0,2026-05-22-live-ff554178,0,2026-05-23 01:25:41,d315b65,,,True
2026-05-22,GM,veto:rank_score_below_floor,,0,2026-05-22-live-ff554178,0,2026-05-23 01:25:41,d315b65,,,True
2026-05-22,GOOG,veto:rank_score_below_floor,,0,2026-05-22-live-ff554178,0,2026-05-23 01:25:41,d315b65,,,True
2026-05-22,HLT,veto:rank_score_below_floor,,0,2026-05-22-live-ff554178,0,2026-05-23 01:25:41,d315b65,,,True
2026-05-22,HPE,qp_delta_below_min_dw,0.08936828770927453,0,2026-05-22-live-ff554178,0,2026-05-23 01:25:41,d315b65,,,True
2026-05-22,IBM,veto:rank_score_below_floor,,0,2026-05-22-live-ff554178,0,2026-05-23 01:25:41,d315b65,,,True
2026-05-22,JNJ,veto:rank_score_below_floor,,0,2026-05-22-live-ff554178,0,2026-05-23 01:25:41,d315b65,,,True
2026-05-22,JPM,qp_delta_below_min_dw,0.08936828770927453,0,2026-05-22-live-ff554178,0,2026-05-23 01:25:41,d315b65,,,True
2026-05-22,KLAC,veto:rank_score_below_floor,,0,2026-05-22-live-ff554178,0,2026-05-23 01:25:41,d315b65,,,True
2026-05-22,KMI,veto:rank_score_below_floor,,0,2026-05-22-live-ff554178,0,2026-05-23 01:25:41,d315b65,,,True
2026-05-22,KO,veto:rank_score_below_floor,,0,2026-05-22-live-ff554178,0,2026-05-23 01:25:41,d315b65,,,True
2026-05-22,LHX,veto:rank_score_below_floor,,0,2026-05-22-live-ff554178,0,2026-05-23 01:25:41,d315b65,,,True
2026-05-22,MCD,qp_delta_below_min_dw,0.08936828770927453,0,2026-05-22-live-ff554178,0,2026-05-23 01:25:41,d315b65,,,True
2026-05-22,MMM,veto:rank_score_below_floor,,0,2026-05-22-live-ff554178,0,2026-05-23 01:25:41,d315b65,,,True
2026-05-22,MO,veto:rank_score_below_floor,,0,2026-05-22-live-ff554178,0,2026-05-23 01:25:41,d315b65,,,True
2026-05-22,MPWR,qp_delta_below_min_dw,0.07172277233495943,0,2026-05-22-live-ff554178,0,2026-05-23 01:25:41,d315b65,,,True
2026-05-22,MRK,veto:rank_score_below_floor,,0,2026-05-22-live-ff554178,0,2026-05-23 01:25:41,d315b65,,,True
2026-05-22,MS,veto:rank_score_below_floor,,0,2026-05-22-live-ff554178,0,2026-05-23 01:25:41,d315b65,,,True
2026-05-22,MSFT,veto:rank_score_below_floor,,0,2026-05-22-live-ff554178,0,2026-05-23 01:25:41,d315b65,,,True
2026-05-22,NEE,veto:rank_score_below_floor,,0,2026-05-22-live-ff554178,0,2026-05-23 01:25:41,d315b65,,,True
2026-05-22,NEM,veto:rank_score_below_floor,,0,2026-05-22-live-ff554178,0,2026-05-23 01:25:41,d315b65,,,True
2026-05-22,PG,veto:rank_score_below_floor,,0,2026-05-22-live-ff554178,0,2026-05-23 01:25:41,d315b65,,,True
2026-05-22,PH,veto:rank_score_below_floor,,0,2026-05-22-live-ff554178,0,2026-05-23 01:25:41,d315b65,,,True
2026-05-22,PM,veto:rank_score_below_floor,,0,2026-05-22-live-ff554178,0,2026-05-23 01:25:41,d315b65,,,True
2026-05-22,PNC,veto:rank_score_below_floor,,0,2026-05-22-live-ff554178,0,2026-05-23 01:25:41,d315b65,,,True
2026-05-22,PYPL,veto:rank_score_below_floor,,0,2026-05-22-live-ff554178,0,2026-05-23 01:25:41,d315b65,,,True
2026-05-22,ROST,veto:rank_score_below_floor,,0,2026-05-22-live-ff554178,0,2026-05-23 01:25:41,d315b65,,,True
2026-05-22,SCHW,veto:rank_score_below_floor,,0,2026-05-22-live-ff554178,0,2026-05-23 01:25:41,d315b65,,,True
2026-05-22,SO,veto:rank_score_below_floor,,0,2026-05-22-live-ff554178,0,2026-05-23 01:25:41,d315b65,,,True
2026-05-22,SPG,veto:rank_score_below_floor,,0,2026-05-22-live-ff554178,0,2026-05-23 01:25:41,d315b65,,,True
2026-05-22,T,veto:rank_score_below_floor,,0,2026-05-22-live-ff554178,0,2026-05-23 01:25:41,d315b65,,,True
2026-05-22,TJX,veto:rank_score_below_floor,,0,2026-05-22-live-ff554178,0,2026-05-23 01:25:41,d315b65,,,True
2026-05-22,TXN,qp_delta_below_min_dw,0.08936828770927453,0,2026-05-22-live-ff554178,0,2026-05-23 01:25:41,d315b65,,,True
2026-05-22,UNH,veto:rank_score_below_floor,,0,2026-05-22-live-ff554178,0,2026-05-23 01:25:41,d315b65,,,True
2026-05-22,UNP,veto:rank_score_below_floor,,0,2026-05-22-live-ff554178,0,2026-05-23 01:25:41,d315b65,,,True
2026-05-22,V,veto:rank_score_below_floor,,0,2026-05-22-live-ff554178,0,2026-05-23 01:25:41,d315b65,,,True
2026-05-22,VLO,veto:rank_score_below_floor,,0,2026-05-22-live-ff554178,0,2026-05-23 01:25:41,d315b65,,,True
2026-05-22,VTR,veto:rank_score_below_floor,,0,2026-05-22-live-ff554178,0,2026-05-23 01:25:41,d315b65,,,True
2026-05-22,WELL,veto:rank_score_below_floor,,0,2026-05-22-live-ff554178,0,2026-05-23 01:25:41,d315b65,,,True
2026-05-22,WFC,,0.08936828770927453,1,2026-05-22-live-ff554178,0,2026-05-23 01:25:41,d315b65,,,False
2026-05-22,WMB,veto:rank_score_below_floor,,0,2026-05-22-live-ff554178,0,2026-05-23 01:25:41,d315b65,,,True
2026-05-22,XLE,veto:rank_score_below_floor,,0,2026-05-22-live-ff554178,0,2026-05-23 01:25:41,d315b65,,,True
2026-05-22,XLF,veto:rank_score_below_floor,,0,2026-05-22-live-ff554178,0,2026-05-23 01:25:41,d315b65,,,True
2026-05-22,XLK,veto:rank_score_below_floor,,0,2026-05-22-live-ff554178,0,2026-05-23 01:25:41,d315b65,,,True
2026-05-22,XLU,veto:rank_score_below_floor,,0,2026-05-22-live-ff554178,0,2026-05-23 01:25:41,d315b65,,,True
2026-05-30,AAPL,regime_admission:failed:BULL_CALM,,0,2026-05-30-live-0a4b06a7,0,2026-05-30 17:01:20,36a60ad,,,True
2026-05-30,ADI,regime_admission:failed:BULL_CALM,,0,2026-05-30-live-0a4b06a7,0,2026-05-30 17:01:20,36a60ad,,,True
2026-05-30,AEP,regime_admission:failed:BULL_CALM,,0,2026-05-30-live-0a4b06a7,0,2026-05-30 17:01:20,36a60ad,,,True
2026-05-30,AFRM,regime_admission:failed:BULL_CALM,,0,2026-05-30-live-0a4b06a7,0,2026-05-30 17:01:20,36a60ad,,,True
2026-05-30,AMAT,regime_admission:failed:BULL_CALM,,0,2026-05-30-live-0a4b06a7,0,2026-05-30 17:01:20,36a60ad,,,True
2026-05-30,AMZN,regime_admission:failed:BULL_CALM,,0,2026-05-30-live-0a4b06a7,0,2026-05-30 17:01:20,36a60ad,,,True
2026-05-30,ANET,regime_admission:failed:BULL_CALM,,0,2026-05-30-live-0a4b06a7,0,2026-05-30 17:01:20,36a60ad,,,True
2026-05-30,ASML,regime_admission:failed:BULL_CALM,,0,2026-05-30-live-0a4b06a7,0,2026-05-30 17:01:20,36a60ad,,,True
2026-05-30,AVGO,regime_admission:failed:BULL_CALM,,0,2026-05-30-live-0a4b06a7,0,2026-05-30 17:01:20,36a60ad,,,True
2026-05-30,AXP,regime_admission:failed:BULL_CALM,,0,2026-05-30-live-0a4b06a7,0,2026-05-30 17:01:20,36a60ad,,,True
2026-05-30,BLK,regime_admission:failed:BULL_CALM,,0,2026-05-30-live-0a4b06a7,0,2026-05-30 17:01:20,36a60ad,,,True
2026-05-30,BMY,regime_admission:failed:BULL_CALM,,0,2026-05-30-live-0a4b06a7,0,2026-05-30 17:01:20,36a60ad,,,True
2026-05-30,C,regime_admission:failed:BULL_CALM,,0,2026-05-30-live-0a4b06a7,0,2026-05-30 17:01:20,36a60ad,,,True
2026-05-30,CME,regime_admission:failed:BULL_CALM,,0,2026-05-30-live-0a4b06a7,0,2026-05-30 17:01:20,36a60ad,,,True
2026-05-30,CRWD,regime_admission:failed:BULL_CALM,,0,2026-05-30-live-0a4b06a7,0,2026-05-30 17:01:20,36a60ad,,,True
2026-05-30,CVS,regime_admission:failed:BULL_CALM,,0,2026-05-30-live-0a4b06a7,0,2026-05-30 17:01:20,36a60ad,,,True
2026-05-30,DLR,regime_admission:failed:BULL_CALM,,0,2026-05-30-live-0a4b06a7,0,2026-05-30 17:01:20,36a60ad,,,True
2026-05-30,EMR,regime_admission:failed:BULL_CALM,,0,2026-05-30-live-0a4b06a7,0,2026-05-30 17:01:20,36a60ad,,,True
2026-05-30,EOG,regime_admission:failed:BULL_CALM,,0,2026-05-30-live-0a4b06a7,0,2026-05-30 17:01:20,36a60ad,,,True
2026-05-30,ETN,regime_admission:failed:BULL_CALM,,0,2026-05-30-live-0a4b06a7,0,2026-05-30 17:01:20,36a60ad,,,True
2026-05-30,FDX,regime_admission:failed:BULL_CALM,,0,2026-05-30-live-0a4b06a7,0,2026-05-30 17:01:20,36a60ad,,,True
2026-05-30,FTNT,regime_admission:failed:BULL_CALM,,0,2026-05-30-live-0a4b06a7,0,2026-05-30 17:01:20,36a60ad,,,True
2026-05-30,GILD,regime_admission:failed:BULL_CALM,,0,2026-05-30-live-0a4b06a7,0,2026-05-30 17:01:20,36a60ad,,,True
2026-05-30,GLD,regime_admission:failed:BULL_CALM,,0,2026-05-30-live-0a4b06a7,0,2026-05-30 17:01:20,36a60ad,,,True
2026-05-30,GM,regime_admission:failed:BULL_CALM,,0,2026-05-30-live-0a4b06a7,0,2026-05-30 17:01:20,36a60ad,,,True
2026-05-30,GOOG,regime_admission:failed:BULL_CALM,,0,2026-05-30-live-0a4b06a7,0,2026-05-30 17:01:20,36a60ad,,,True
2026-05-30,HLT,regime_admission:failed:BULL_CALM,,0,2026-05-30-live-0a4b06a7,0,2026-05-30 17:01:20,36a60ad,,,True
2026-05-30,IBM,regime_admission:failed:BULL_CALM,,0,2026-05-30-live-0a4b06a7,0,2026-05-30 17:01:20,36a60ad,,,True
2026-05-30,JNJ,regime_admission:failed:BULL_CALM,,0,2026-05-30-live-0a4b06a7,0,2026-05-30 17:01:20,36a60ad,,,True
2026-05-30,JPM,regime_admission:failed:BULL_CALM,,0,2026-05-30-live-0a4b06a7,0,2026-05-30 17:01:20,36a60ad,,,True
2026-05-30,KLAC,regime_admission:failed:BULL_CALM,,0,2026-05-30-live-0a4b06a7,0,2026-05-30 17:01:20,36a60ad,,,True
2026-05-30,KMI,regime_admission:failed:BULL_CALM,,0,2026-05-30-live-0a4b06a7,0,2026-05-30 17:01:20,36a60ad,,,True
2026-05-30,KO,regime_admission:failed:BULL_CALM,,0,2026-05-30-live-0a4b06a7,0,2026-05-30 17:01:20,36a60ad,,,True
2026-05-30,LHX,regime_admission:failed:BULL_CALM,,0,2026-05-30-live-0a4b06a7,0,2026-05-30 17:01:20,36a60ad,,,True
2026-05-30,LRCX,regime_admission:failed:BULL_CALM,,0,2026-05-30-live-0a4b06a7,0,2026-05-30 17:01:20,36a60ad,,,True
2026-05-30,MCD,regime_admission:failed:BULL_CALM,,0,2026-05-30-live-0a4b06a7,0,2026-05-30 17:01:20,36a60ad,,,True
2026-05-30,MMM,regime_admission:failed:BULL_CALM,,0,2026-05-30-live-0a4b06a7,0,2026-05-30 17:01:20,36a60ad,,,True
2026-05-30,MO,regime_admission:failed:BULL_CALM,,0,2026-05-30-live-0a4b06a7,0,2026-05-30 17:01:20,36a60ad,,,True
2026-05-30,MPWR,regime_admission:failed:BULL_CALM,,0,2026-05-30-live-0a4b06a7,0,2026-05-30 17:01:20,36a60ad,,,True
2026-05-30,MRK,regime_admission:failed:BULL_CALM,,0,2026-05-30-live-0a4b06a7,0,2026-05-30 17:01:20,36a60ad,,,True
2026-05-30,MS,regime_admission:failed:BULL_CALM,,0,2026-05-30-live-0a4b06a7,0,2026-05-30 17:01:20,36a60ad,,,True
2026-05-30,MSFT,regime_admission:failed:BULL_CALM,,0,2026-05-30-live-0a4b06a7,0,2026-05-30 17:01:20,36a60ad,,,True
2026-05-30,NEE,regime_admission:failed:BULL_CALM,,0,2026-05-30-live-0a4b06a7,0,2026-05-30 17:01:20,36a60ad,,,True
2026-05-30,NEM,regime_admission:failed:BULL_CALM,,0,2026-05-30-live-0a4b06a7,0,2026-05-30 17:01:20,36a60ad,,,True
2026-05-30,NVDA,regime_admission:failed:BULL_CALM,,0,2026-05-30-live-0a4b06a7,0,2026-05-30 17:01:20,36a60ad,,,True
2026-05-30,PG,regime_admission:failed:BULL_CALM,,0,2026-05-30-live-0a4b06a7,0,2026-05-30 17:01:20,36a60ad,,,True
2026-05-30,PH,regime_admission:failed:BULL_CALM,,0,2026-05-30-live-0a4b06a7,0,2026-05-30 17:01:20,36a60ad,,,True
2026-05-30,PLTR,regime_admission:failed:BULL_CALM,,0,2026-05-30-live-0a4b06a7,0,2026-05-30 17:01:20,36a60ad,,,True
2026-05-30,PM,regime_admission:failed:BULL_CALM,,0,2026-05-30-live-0a4b06a7,0,2026-05-30 17:01:20,36a60ad,,,True
2026-05-30,PNC,regime_admission:failed:BULL_CALM,,0,2026-05-30-live-0a4b06a7,0,2026-05-30 17:01:20,36a60ad,,,True
2026-05-30,PYPL,regime_admission:failed:BULL_CALM,,0,2026-05-30-live-0a4b06a7,0,2026-05-30 17:01:20,36a60ad,,,True
2026-05-30,ROST,regime_admission:failed:BULL_CALM,,0,2026-05-30-live-0a4b06a7,0,2026-05-30 17:01:20,36a60ad,,,True
2026-05-30,SCHW,regime_admission:failed:BULL_CALM,,0,2026-05-30-live-0a4b06a7,0,2026-05-30 17:01:20,36a60ad,,,True
2026-05-30,SO,regime_admission:failed:BULL_CALM,,0,2026-05-30-live-0a4b06a7,0,2026-05-30 17:01:20,36a60ad,,,True
2026-05-30,SPG,regime_admission:failed:BULL_CALM,,0,2026-05-30-live-0a4b06a7,0,2026-05-30 17:01:20,36a60ad,,,True
2026-05-30,T,regime_admission:failed:BULL_CALM,,0,2026-05-30-live-0a4b06a7,0,2026-05-30 17:01:20,36a60ad,,,True
2026-05-30,TJX,regime_admission:failed:BULL_CALM,,0,2026-05-30-live-0a4b06a7,0,2026-05-30 17:01:20,36a60ad,,,True
2026-05-30,TSM,regime_admission:failed:BULL_CALM,,0,2026-05-30-live-0a4b06a7,0,2026-05-30 17:01:20,36a60ad,,,True
2026-05-30,TXN,regime_admission:failed:BULL_CALM,,0,2026-05-30-live-0a4b06a7,0,2026-05-30 17:01:20,36a60ad,,,True
2026-05-30,UNH,regime_admission:failed:BULL_CALM,,0,2026-05-30-live-0a4b06a7,0,2026-05-30 17:01:20,36a60ad,,,True
2026-05-30,UNP,regime_admission:failed:BULL_CALM,,0,2026-05-30-live-0a4b06a7,0,2026-05-30 17:01:20,36a60ad,,,True
2026-05-30,V,regime_admission:failed:BULL_CALM,,0,2026-05-30-live-0a4b06a7,0,2026-05-30 17:01:20,36a60ad,,,True
2026-05-30,VLO,regime_admission:failed:BULL_CALM,,0,2026-05-30-live-0a4b06a7,0,2026-05-30 17:01:20,36a60ad,,,True
2026-05-30,VTR,regime_admission:failed:BULL_CALM,,0,2026-05-30-live-0a4b06a7,0,2026-05-30 17:01:20,36a60ad,,,True
2026-05-30,WELL,regime_admission:failed:BULL_CALM,,0,2026-05-30-live-0a4b06a7,0,2026-05-30 17:01:20,36a60ad,,,True
2026-05-30,WMB,regime_admission:failed:BULL_CALM,,0,2026-05-30-live-0a4b06a7,0,2026-05-30 17:01:20,36a60ad,,,True
2026-05-30,XLE,regime_admission:failed:BULL_CALM,,0,2026-05-30-live-0a4b06a7,0,2026-05-30 17:01:20,36a60ad,,,True
2026-05-30,XLF,regime_admission:failed:BULL_CALM,,0,2026-05-30-live-0a4b06a7,0,2026-05-30 17:01:20,36a60ad,,,True
2026-05-30,XLK,regime_admission:failed:BULL_CALM,,0,2026-05-30-live-0a4b06a7,0,2026-05-30 17:01:20,36a60ad,,,True
2026-05-30,XLU,regime_admission:failed:BULL_CALM,,0,2026-05-30-live-0a4b06a7,0,2026-05-30 17:01:20,36a60ad,,,True
2026-05-30,ZM,regime_admission:failed:BULL_CALM,,0,2026-05-30-live-0a4b06a7,0,2026-05-30 17:01:20,36a60ad,,,True
2026-05-30,AAPL,veto:rank_score_below_floor,,0,2026-05-30-live-cb1fd5de,0,2026-05-30 17:19:39,36a60ad,,,True
2026-05-30,ADI,veto:rank_score_below_floor,,0,2026-05-30-live-cb1fd5de,0,2026-05-30 17:19:39,36a60ad,,,True
2026-05-30,AEP,veto:rank_score_below_floor,,0,2026-05-30-live-cb1fd5de,0,2026-05-30 17:19:39,36a60ad,,,True
2026-05-30,AFRM,qp_admission_no_slot,0.062460489290851934,0,2026-05-30-live-cb1fd5de,0,2026-05-30 17:19:39,36a60ad,,,True
2026-05-30,AMAT,veto:rank_score_below_floor,,0,2026-05-30-live-cb1fd5de,0,2026-05-30 17:19:39,36a60ad,,,True
2026-05-30,AMZN,veto:rank_score_below_floor,,0,2026-05-30-live-cb1fd5de,0,2026-05-30 17:19:39,36a60ad,,,True
2026-05-30,ANET,veto:rank_score_below_floor,,0,2026-05-30-live-cb1fd5de,0,2026-05-30 17:19:39,36a60ad,,,True
2026-05-30,ASML,veto:rank_score_below_floor,,0,2026-05-30-live-cb1fd5de,0,2026-05-30 17:19:39,36a60ad,,,True
2026-05-30,AVGO,veto:rank_score_below_floor,,0,2026-05-30-live-cb1fd5de,0,2026-05-30 17:19:39,36a60ad,,,True
2026-05-30,AXP,veto:rank_score_below_floor,,0,2026-05-30-live-cb1fd5de,0,2026-05-30 17:19:39,36a60ad,,,True
2026-05-30,BLK,veto:rank_score_below_floor,,0,2026-05-30-live-cb1fd5de,0,2026-05-30 17:19:39,36a60ad,,,True
2026-05-30,BMY,veto:rank_score_below_floor,,0,2026-05-30-live-cb1fd5de,0,2026-05-30 17:19:39,36a60ad,,,True
2026-05-30,C,veto:rank_score_below_floor,,0,2026-05-30-live-cb1fd5de,0,2026-05-30 17:19:39,36a60ad,,,True
2026-05-30,CME,veto:rank_score_below_floor,,0,2026-05-30-live-cb1fd5de,0,2026-05-30 17:19:39,36a60ad,,,True
2026-05-30,CRWD,qp_global:infeasible:infeasible,0.08898386573500403,0,2026-05-30-live-cb1fd5de,0,2026-05-30 17:19:39,36a60ad,,,True
2026-05-30,CVS,qp_admission_no_slot,0.08898386573500403,0,2026-05-30-live-cb1fd5de,0,2026-05-30 17:19:39,36a60ad,,,True
2026-05-30,DLR,veto:rank_score_below_floor,,0,2026-05-30-live-cb1fd5de,0,2026-05-30 17:19:39,36a60ad,,,True
2026-05-30,EMR,veto:rank_score_below_floor,,0,2026-05-30-live-cb1fd5de,0,2026-05-30 17:19:39,36a60ad,,,True
2026-05-30,EOG,veto:rank_score_below_floor,,0,2026-05-30-live-cb1fd5de,0,2026-05-30 17:19:39,36a60ad,,,True
2026-05-30,ETN,veto:rank_score_below_floor,,0,2026-05-30-live-cb1fd5de,0,2026-05-30 17:19:39,36a60ad,,,True
2026-05-30,FDX,veto:rank_score_below_floor,,0,2026-05-30-live-cb1fd5de,0,2026-05-30 17:19:39,36a60ad,,,True
2026-05-30,FTNT,qp_global:infeasible:infeasible,0.07218222381913317,0,2026-05-30-live-cb1fd5de,0,2026-05-30 17:19:39,36a60ad,,,True
2026-05-30,GILD,qp_admission_expected_return,0.08898386573500403,0,2026-05-30-live-cb1fd5de,0,2026-05-30 17:19:39,36a60ad,,,True
2026-05-30,GLD,veto:rank_score_below_floor,,0,2026-05-30-live-cb1fd5de,0,2026-05-30 17:19:39,36a60ad,,,True
2026-05-30,GM,qp_admission_expected_return,0.08898386573500403,0,2026-05-30-live-cb1fd5de,0,2026-05-30 17:19:39,36a60ad,,,True
2026-05-30,GOOG,veto:rank_score_below_floor,,0,2026-05-30-live-cb1fd5de,0,2026-05-30 17:19:39,36a60ad,,,True
2026-05-30,HLT,veto:rank_score_below_floor,,0,2026-05-30-live-cb1fd5de,0,2026-05-30 17:19:39,36a60ad,,,True
2026-05-30,IBM,veto:rank_score_below_floor,,0,2026-05-30-live-cb1fd5de,0,2026-05-30 17:19:39,36a60ad,,,True
2026-05-30,JNJ,veto:rank_score_below_floor,,0,2026-05-30-live-cb1fd5de,0,2026-05-30 17:19:39,36a60ad,,,True
2026-05-30,JPM,veto:rank_score_below_floor,,0,2026-05-30-live-cb1fd5de,0,2026-05-30 17:19:39,36a60ad,,,True
2026-05-30,KLAC,veto:rank_score_below_floor,,0,2026-05-30-live-cb1fd5de,0,2026-05-30 17:19:39,36a60ad,,,True
2026-05-30,KMI,veto:rank_score_below_floor,,0,2026-05-30-live-cb1fd5de,0,2026-05-30 17:19:39,36a60ad,,,True
2026-05-30,KO,veto:rank_score_below_floor,,0,2026-05-30-live-cb1fd5de,0,2026-05-30 17:19:39,36a60ad,,,True
2026-05-30,LHX,veto:rank_score_below_floor,,0,2026-05-30-live-cb1fd5de,0,2026-05-30 17:19:39,36a60ad,,,True
2026-05-30,LRCX,qp_admission_no_slot,0.058661471668054646,0,2026-05-30-live-cb1fd5de,0,2026-05-30 17:19:39,36a60ad,,,True
2026-05-30,MCD,qp_admission_expected_return,0.08898386573500403,0,2026-05-30-live-cb1fd5de,0,2026-05-30 17:19:39,36a60ad,,,True
2026-05-30,MMM,veto:rank_score_below_floor,,0,2026-05-30-live-cb1fd5de,0,2026-05-30 17:19:39,36a60ad,,,True
2026-05-30,MO,veto:rank_score_below_floor,,0,2026-05-30-live-cb1fd5de,0,2026-05-30 17:19:39,36a60ad,,,True
2026-05-30,MPWR,qp_admission_no_slot,0.07322154344021345,0,2026-05-30-live-cb1fd5de,0,2026-05-30 17:19:39,36a60ad,,,True
2026-05-30,MRK,veto:rank_score_below_floor,,0,2026-05-30-live-cb1fd5de,0,2026-05-30 17:19:39,36a60ad,,,True
2026-05-30,MS,veto:rank_score_below_floor,,0,2026-05-30-live-cb1fd5de,0,2026-05-30 17:19:39,36a60ad,,,True
2026-05-30,MSFT,veto:rank_score_below_floor,,0,2026-05-30-live-cb1fd5de,0,2026-05-30 17:19:39,36a60ad,,,True
2026-05-30,NEE,veto:rank_score_below_floor,,0,2026-05-30-live-cb1fd5de,0,2026-05-30 17:19:39,36a60ad,,,True
2026-05-30,NEM,veto:rank_score_below_floor,,0,2026-05-30-live-cb1fd5de,0,2026-05-30 17:19:39,36a60ad,,,True
2026-05-30,NVDA,veto:rank_score_below_floor,,0,2026-05-30-live-cb1fd5de,0,2026-05-30 17:19:39,36a60ad,,,True
2026-05-30,PG,veto:rank_score_below_floor,,0,2026-05-30-live-cb1fd5de,0,2026-05-30 17:19:39,36a60ad,,,True
2026-05-30,PH,veto:rank_score_below_floor,,0,2026-05-30-live-cb1fd5de,0,2026-05-30 17:19:39,36a60ad,,,True
2026-05-30,PLTR,veto:rank_score_below_floor,,0,2026-05-30-live-cb1fd5de,0,2026-05-30 17:19:39,36a60ad,,,True
2026-05-30,PM,qp_admission_expected_return,0.08898386573500403,0,2026-05-30-live-cb1fd5de,0,2026-05-30 17:19:39,36a60ad,,,True
2026-05-30,PNC,veto:rank_score_below_floor,,0,2026-05-30-live-cb1fd5de,0,2026-05-30 17:19:39,36a60ad,,,True
2026-05-30,PYPL,veto:rank_score_below_floor,,0,2026-05-30-live-cb1fd5de,0,2026-05-30 17:19:39,36a60ad,,,True
2026-05-30,ROST,veto:rank_score_below_floor,,0,2026-05-30-live-cb1fd5de,0,2026-05-30 17:19:39,36a60ad,,,True
2026-05-30,SCHW,veto:rank_score_below_floor,,0,2026-05-30-live-cb1fd5de,0,2026-05-30 17:19:39,36a60ad,,,True
2026-05-30,SO,veto:rank_score_below_floor,,0,2026-05-30-live-cb1fd5de,0,2026-05-30 17:19:39,36a60ad,,,True
2026-05-30,SPG,veto:rank_score_below_floor,,0,2026-05-30-live-cb1fd5de,0,2026-05-30 17:19:39,36a60ad,,,True
2026-05-30,T,veto:rank_score_below_floor,,0,2026-05-30-live-cb1fd5de,0,2026-05-30 17:19:39,36a60ad,,,True
2026-05-30,TJX,veto:rank_score_below_floor,,0,2026-05-30-live-cb1fd5de,0,2026-05-30 17:19:39,36a60ad,,,True
2026-05-30,TSM,veto:rank_score_below_floor,,0,2026-05-30-live-cb1fd5de,0,2026-05-30 17:19:39,36a60ad,,,True
2026-05-30,TXN,qp_global:infeasible:infeasible,0.08594267513458875,0,2026-05-30-live-cb1fd5de,0,2026-05-30 17:19:39,36a60ad,,,True
2026-05-30,UNH,veto:rank_score_below_floor,,0,2026-05-30-live-cb1fd5de,0,2026-05-30 17:19:39,36a60ad,,,True
2026-05-30,UNP,veto:rank_score_below_floor,,0,2026-05-30-live-cb1fd5de,0,2026-05-30 17:19:39,36a60ad,,,True
2026-05-30,V,veto:rank_score_below_floor,,0,2026-05-30-live-cb1fd5de,0,2026-05-30 17:19:39,36a60ad,,,True
2026-05-30,VLO,veto:rank_score_below_floor,,0,2026-05-30-live-cb1fd5de,0,2026-05-30 17:19:39,36a60ad,,,True
2026-05-30,VTR,veto:rank_score_below_floor,,0,2026-05-30-live-cb1fd5de,0,2026-05-30 17:19:39,36a60ad,,,True
2026-05-30,WELL,veto:rank_score_below_floor,,0,2026-05-30-live-cb1fd5de,0,2026-05-30 17:19:39,36a60ad,,,True
2026-05-30,WMB,veto:rank_score_below_floor,,0,2026-05-30-live-cb1fd5de,0,2026-05-30 17:19:39,36a60ad,,,True
2026-05-30,XLE,veto:rank_score_below_floor,,0,2026-05-30-live-cb1fd5de,0,2026-05-30 17:19:39,36a60ad,,,True
2026-05-30,XLF,veto:rank_score_below_floor,,0,2026-05-30-live-cb1fd5de,0,2026-05-30 17:19:39,36a60ad,,,True
2026-05-30,XLK,qp_admission_expected_return,0.08898386573500403,0,2026-05-30-live-cb1fd5de,0,2026-05-30 17:19:39,36a60ad,,,True
2026-05-30,XLU,veto:rank_score_below_floor,,0,2026-05-30-live-cb1fd5de,0,2026-05-30 17:19:39,36a60ad,,,True
2026-05-30,ZM,veto:rank_score_below_floor,,0,2026-05-30-live-cb1fd5de,0,2026-05-30 17:19:39,36a60ad,,,True
2026-05-30,AAPL,veto:rank_score_below_floor,,0,2026-05-30-live-f8a0736f,0,2026-05-30 17:21:10,36a60ad,,,True
2026-05-30,ADI,veto:rank_score_below_floor,,0,2026-05-30-live-f8a0736f,0,2026-05-30 17:21:10,36a60ad,,,True
2026-05-30,AEP,veto:rank_score_below_floor,,0,2026-05-30-live-f8a0736f,0,2026-05-30 17:21:10,36a60ad,,,True
2026-05-30,AFRM,qp_admission_no_slot,0.062460489290851934,0,2026-05-30-live-f8a0736f,0,2026-05-30 17:21:10,36a60ad,,,True
2026-05-30,AMAT,veto:rank_score_below_floor,,0,2026-05-30-live-f8a0736f,0,2026-05-30 17:21:10,36a60ad,,,True
2026-05-30,AMZN,veto:rank_score_below_floor,,0,2026-05-30-live-f8a0736f,0,2026-05-30 17:21:10,36a60ad,,,True
2026-05-30,ANET,veto:rank_score_below_floor,,0,2026-05-30-live-f8a0736f,0,2026-05-30 17:21:10,36a60ad,,,True
2026-05-30,ASML,veto:rank_score_below_floor,,0,2026-05-30-live-f8a0736f,0,2026-05-30 17:21:10,36a60ad,,,True
2026-05-30,AVGO,veto:rank_score_below_floor,,0,2026-05-30-live-f8a0736f,0,2026-05-30 17:21:10,36a60ad,,,True
2026-05-30,AXP,veto:rank_score_below_floor,,0,2026-05-30-live-f8a0736f,0,2026-05-30 17:21:10,36a60ad,,,True
2026-05-30,BLK,veto:rank_score_below_floor,,0,2026-05-30-live-f8a0736f,0,2026-05-30 17:21:10,36a60ad,,,True
2026-05-30,BMY,veto:rank_score_below_floor,,0,2026-05-30-live-f8a0736f,0,2026-05-30 17:21:10,36a60ad,,,True
2026-05-30,C,veto:rank_score_below_floor,,0,2026-05-30-live-f8a0736f,0,2026-05-30 17:21:10,36a60ad,,,True
2026-05-30,CME,veto:rank_score_below_floor,,0,2026-05-30-live-f8a0736f,0,2026-05-30 17:21:10,36a60ad,,,True
2026-05-30,CRWD,qp_no_trade_band,0.08898386573500403,0,2026-05-30-live-f8a0736f,0,2026-05-30 17:21:10,36a60ad,,,True
2026-05-30,CVS,qp_admission_no_slot,0.08898386573500403,0,2026-05-30-live-f8a0736f,0,2026-05-30 17:21:10,36a60ad,,,True
2026-05-30,DLR,veto:rank_score_below_floor,,0,2026-05-30-live-f8a0736f,0,2026-05-30 17:21:10,36a60ad,,,True
2026-05-30,EMR,veto:rank_score_below_floor,,0,2026-05-30-live-f8a0736f,0,2026-05-30 17:21:10,36a60ad,,,True
2026-05-30,EOG,veto:rank_score_below_floor,,0,2026-05-30-live-f8a0736f,0,2026-05-30 17:21:10,36a60ad,,,True
2026-05-30,ETN,veto:rank_score_below_floor,,0,2026-05-30-live-f8a0736f,0,2026-05-30 17:21:10,36a60ad,,,True
2026-05-30,FDX,veto:rank_score_below_floor,,0,2026-05-30-live-f8a0736f,0,2026-05-30 17:21:10,36a60ad,,,True
2026-05-30,FTNT,qp_delta_below_min_dw,0.07218222381913317,0,2026-05-30-live-f8a0736f,0,2026-05-30 17:21:10,36a60ad,,,True
2026-05-30,GILD,qp_admission_expected_return,0.08898386573500403,0,2026-05-30-live-f8a0736f,0,2026-05-30 17:21:10,36a60ad,,,True
2026-05-30,GLD,veto:rank_score_below_floor,,0,2026-05-30-live-f8a0736f,0,2026-05-30 17:21:10,36a60ad,,,True
2026-05-30,GM,qp_admission_expected_return,0.08898386573500403,0,2026-05-30-live-f8a0736f,0,2026-05-30 17:21:10,36a60ad,,,True
2026-05-30,GOOG,veto:rank_score_below_floor,,0,2026-05-30-live-f8a0736f,0,2026-05-30 17:21:10,36a60ad,,,True
2026-05-30,HLT,veto:rank_score_below_floor,,0,2026-05-30-live-f8a0736f,0,2026-05-30 17:21:10,36a60ad,,,True
2026-05-30,IBM,veto:rank_score_below_floor,,0,2026-05-30-live-f8a0736f,0,2026-05-30 17:21:10,36a60ad,,,True
2026-05-30,JNJ,veto:rank_score_below_floor,,0,2026-05-30-live-f8a0736f,0,2026-05-30 17:21:10,36a60ad,,,True
2026-05-30,JPM,veto:rank_score_below_floor,,0,2026-05-30-live-f8a0736f,0,2026-05-30 17:21:10,36a60ad,,,True
2026-05-30,KLAC,veto:rank_score_below_floor,,0,2026-05-30-live-f8a0736f,0,2026-05-30 17:21:10,36a60ad,,,True
2026-05-30,KMI,veto:rank_score_below_floor,,0,2026-05-30-live-f8a0736f,0,2026-05-30 17:21:10,36a60ad,,,True
2026-05-30,KO,veto:rank_score_below_floor,,0,2026-05-30-live-f8a0736f,0,2026-05-30 17:21:10,36a60ad,,,True
2026-05-30,LHX,veto:rank_score_below_floor,,0,2026-05-30-live-f8a0736f,0,2026-05-30 17:21:10,36a60ad,,,True
2026-05-30,LRCX,qp_admission_no_slot,0.058661471668054646,0,2026-05-30-live-f8a0736f,0,2026-05-30 17:21:10,36a60ad,,,True
2026-05-30,MCD,qp_admission_expected_return,0.08898386573500403,0,2026-05-30-live-f8a0736f,0,2026-05-30 17:21:10,36a60ad,,,True
2026-05-30,MMM,veto:rank_score_below_floor,,0,2026-05-30-live-f8a0736f,0,2026-05-30 17:21:10,36a60ad,,,True
2026-05-30,MO,veto:rank_score_below_floor,,0,2026-05-30-live-f8a0736f,0,2026-05-30 17:21:10,36a60ad,,,True
2026-05-30,MPWR,qp_admission_no_slot,0.07322154344021345,0,2026-05-30-live-f8a0736f,0,2026-05-30 17:21:10,36a60ad,,,True
2026-05-30,MRK,veto:rank_score_below_floor,,0,2026-05-30-live-f8a0736f,0,2026-05-30 17:21:10,36a60ad,,,True
2026-05-30,MS,veto:rank_score_below_floor,,0,2026-05-30-live-f8a0736f,0,2026-05-30 17:21:10,36a60ad,,,True
2026-05-30,MSFT,veto:rank_score_below_floor,,0,2026-05-30-live-f8a0736f,0,2026-05-30 17:21:10,36a60ad,,,True
2026-05-30,NEE,veto:rank_score_below_floor,,0,2026-05-30-live-f8a0736f,0,2026-05-30 17:21:10,36a60ad,,,True
2026-05-30,NEM,veto:rank_score_below_floor,,0,2026-05-30-live-f8a0736f,0,2026-05-30 17:21:10,36a60ad,,,True
2026-05-30,NVDA,veto:rank_score_below_floor,,0,2026-05-30-live-f8a0736f,0,2026-05-30 17:21:10,36a60ad,,,True
2026-05-30,PG,veto:rank_score_below_floor,,0,2026-05-30-live-f8a0736f,0,2026-05-30 17:21:10,36a60ad,,,True
2026-05-30,PH,veto:rank_score_below_floor,,0,2026-05-30-live-f8a0736f,0,2026-05-30 17:21:10,36a60ad,,,True
2026-05-30,PLTR,veto:rank_score_below_floor,,0,2026-05-30-live-f8a0736f,0,2026-05-30 17:21:10,36a60ad,,,True
2026-05-30,PM,qp_admission_expected_return,0.08898386573500403,0,2026-05-30-live-f8a0736f,0,2026-05-30 17:21:10,36a60ad,,,True
2026-05-30,PNC,veto:rank_score_below_floor,,0,2026-05-30-live-f8a0736f,0,2026-05-30 17:21:10,36a60ad,,,True
2026-05-30,PYPL,veto:rank_score_below_floor,,0,2026-05-30-live-f8a0736f,0,2026-05-30 17:21:10,36a60ad,,,True
2026-05-30,ROST,veto:rank_score_below_floor,,0,2026-05-30-live-f8a0736f,0,2026-05-30 17:21:10,36a60ad,,,True
2026-05-30,SCHW,veto:rank_score_below_floor,,0,2026-05-30-live-f8a0736f,0,2026-05-30 17:21:10,36a60ad,,,True
2026-05-30,SO,veto:rank_score_below_floor,,0,2026-05-30-live-f8a0736f,0,2026-05-30 17:21:10,36a60ad,,,True
2026-05-30,SPG,veto:rank_score_below_floor,,0,2026-05-30-live-f8a0736f,0,2026-05-30 17:21:10,36a60ad,,,True
2026-05-30,T,veto:rank_score_below_floor,,0,2026-05-30-live-f8a0736f,0,2026-05-30 17:21:10,36a60ad,,,True
2026-05-30,TJX,veto:rank_score_below_floor,,0,2026-05-30-live-f8a0736f,0,2026-05-30 17:21:10,36a60ad,,,True
2026-05-30,TSM,veto:rank_score_below_floor,,0,2026-05-30-live-f8a0736f,0,2026-05-30 17:21:10,36a60ad,,,True
2026-05-30,TXN,qp_delta_below_min_dw,0.08594267513458875,0,2026-05-30-live-f8a0736f,0,2026-05-30 17:21:10,36a60ad,,,True
2026-05-30,UNH,veto:rank_score_below_floor,,0,2026-05-30-live-f8a0736f,0,2026-05-30 17:21:10,36a60ad,,,True
2026-05-30,UNP,veto:rank_score_below_floor,,0,2026-05-30-live-f8a0736f,0,2026-05-30 17:21:10,36a60ad,,,True
2026-05-30,V,veto:rank_score_below_floor,,0,2026-05-30-live-f8a0736f,0,2026-05-30 17:21:10,36a60ad,,,True
2026-05-30,VLO,veto:rank_score_below_floor,,0,2026-05-30-live-f8a0736f,0,2026-05-30 17:21:10,36a60ad,,,True
2026-05-30,VTR,veto:rank_score_below_floor,,0,2026-05-30-live-f8a0736f,0,2026-05-30 17:21:10,36a60ad,,,True
2026-05-30,WELL,veto:rank_score_below_floor,,0,2026-05-30-live-f8a0736f,0,2026-05-30 17:21:10,36a60ad,,,True
2026-05-30,WMB,veto:rank_score_below_floor,,0,2026-05-30-live-f8a0736f,0,2026-05-30 17:21:10,36a60ad,,,True
2026-05-30,XLE,veto:rank_score_below_floor,,0,2026-05-30-live-f8a0736f,0,2026-05-30 17:21:10,36a60ad,,,True
2026-05-30,XLF,veto:rank_score_below_floor,,0,2026-05-30-live-f8a0736f,0,2026-05-30 17:21:10,36a60ad,,,True
2026-05-30,XLK,qp_admission_expected_return,0.08898386573500403,0,2026-05-30-live-f8a0736f,0,2026-05-30 17:21:10,36a60ad,,,True
2026-05-30,XLU,veto:rank_score_below_floor,,0,2026-05-30-live-f8a0736f,0,2026-05-30 17:21:10,36a60ad,,,True
2026-05-30,ZM,veto:rank_score_below_floor,,0,2026-05-30-live-f8a0736f,0,2026-05-30 17:21:10,36a60ad,,,True
2026-05-30,AAPL,veto:rank_score_below_floor,,0,2026-05-30-live-f113015b,0,2026-05-30 17:22:36,36a60ad,,,True
2026-05-30,ADI,veto:rank_score_below_floor,,0,2026-05-30-live-f113015b,0,2026-05-30 17:22:36,36a60ad,,,True
2026-05-30,AEP,veto:rank_score_below_floor,,0,2026-05-30-live-f113015b,0,2026-05-30 17:22:36,36a60ad,,,True
2026-05-30,AFRM,qp_admission_no_slot,0.062460489290851934,0,2026-05-30-live-f113015b,0,2026-05-30 17:22:36,36a60ad,,,True
2026-05-30,AMAT,veto:rank_score_below_floor,,0,2026-05-30-live-f113015b,0,2026-05-30 17:22:36,36a60ad,,,True
2026-05-30,AMZN,veto:rank_score_below_floor,,0,2026-05-30-live-f113015b,0,2026-05-30 17:22:36,36a60ad,,,True
2026-05-30,ANET,veto:rank_score_below_floor,,0,2026-05-30-live-f113015b,0,2026-05-30 17:22:36,36a60ad,,,True
2026-05-30,ASML,veto:rank_score_below_floor,,0,2026-05-30-live-f113015b,0,2026-05-30 17:22:36,36a60ad,,,True
2026-05-30,AVGO,veto:rank_score_below_floor,,0,2026-05-30-live-f113015b,0,2026-05-30 17:22:36,36a60ad,,,True
2026-05-30,AXP,veto:rank_score_below_floor,,0,2026-05-30-live-f113015b,0,2026-05-30 17:22:36,36a60ad,,,True
2026-05-30,BLK,veto:rank_score_below_floor,,0,2026-05-30-live-f113015b,0,2026-05-30 17:22:36,36a60ad,,,True
2026-05-30,BMY,veto:rank_score_below_floor,,0,2026-05-30-live-f113015b,0,2026-05-30 17:22:36,36a60ad,,,True
2026-05-30,C,veto:rank_score_below_floor,,0,2026-05-30-live-f113015b,0,2026-05-30 17:22:36,36a60ad,,,True
2026-05-30,CME,veto:rank_score_below_floor,,0,2026-05-30-live-f113015b,0,2026-05-30 17:22:36,36a60ad,,,True
2026-05-30,CRWD,qp_no_trade_band,0.08898386573500403,0,2026-05-30-live-f113015b,0,2026-05-30 17:22:36,36a60ad,,,True
2026-05-30,CVS,qp_admission_no_slot,0.08898386573500403,0,2026-05-30-live-f113015b,0,2026-05-30 17:22:36,36a60ad,,,True
2026-05-30,DLR,veto:rank_score_below_floor,,0,2026-05-30-live-f113015b,0,2026-05-30 17:22:36,36a60ad,,,True
2026-05-30,EMR,veto:rank_score_below_floor,,0,2026-05-30-live-f113015b,0,2026-05-30 17:22:36,36a60ad,,,True
2026-05-30,EOG,veto:rank_score_below_floor,,0,2026-05-30-live-f113015b,0,2026-05-30 17:22:36,36a60ad,,,True
2026-05-30,ETN,veto:rank_score_below_floor,,0,2026-05-30-live-f113015b,0,2026-05-30 17:22:36,36a60ad,,,True
2026-05-30,FDX,veto:rank_score_below_floor,,0,2026-05-30-live-f113015b,0,2026-05-30 17:22:36,36a60ad,,,True
2026-05-30,FTNT,qp_delta_below_min_dw,0.07218222381913317,0,2026-05-30-live-f113015b,0,2026-05-30 17:22:36,36a60ad,,,True
2026-05-30,GILD,qp_admission_expected_return,0.08898386573500403,0,2026-05-30-live-f113015b,0,2026-05-30 17:22:36,36a60ad,,,True
2026-05-30,GLD,veto:rank_score_below_floor,,0,2026-05-30-live-f113015b,0,2026-05-30 17:22:36,36a60ad,,,True
2026-05-30,GM,qp_admission_expected_return,0.08898386573500403,0,2026-05-30-live-f113015b,0,2026-05-30 17:22:36,36a60ad,,,True
2026-05-30,GOOG,veto:rank_score_below_floor,,0,2026-05-30-live-f113015b,0,2026-05-30 17:22:36,36a60ad,,,True
2026-05-30,HLT,veto:rank_score_below_floor,,0,2026-05-30-live-f113015b,0,2026-05-30 17:22:36,36a60ad,,,True
2026-05-30,IBM,veto:rank_score_below_floor,,0,2026-05-30-live-f113015b,0,2026-05-30 17:22:36,36a60ad,,,True
2026-05-30,JNJ,veto:rank_score_below_floor,,0,2026-05-30-live-f113015b,0,2026-05-30 17:22:36,36a60ad,,,True
2026-05-30,JPM,veto:rank_score_below_floor,,0,2026-05-30-live-f113015b,0,2026-05-30 17:22:36,36a60ad,,,True
2026-05-30,KLAC,veto:rank_score_below_floor,,0,2026-05-30-live-f113015b,0,2026-05-30 17:22:36,36a60ad,,,True
2026-05-30,KMI,veto:rank_score_below_floor,,0,2026-05-30-live-f113015b,0,2026-05-30 17:22:36,36a60ad,,,True
2026-05-30,KO,veto:rank_score_below_floor,,0,2026-05-30-live-f113015b,0,2026-05-30 17:22:36,36a60ad,,,True
2026-05-30,LHX,veto:rank_score_below_floor,,0,2026-05-30-live-f113015b,0,2026-05-30 17:22:36,36a60ad,,,True
2026-05-30,LRCX,qp_admission_no_slot,0.058661471668054646,0,2026-05-30-live-f113015b,0,2026-05-30 17:22:36,36a60ad,,,True
2026-05-30,MCD,qp_admission_expected_return,0.08898386573500403,0,2026-05-30-live-f113015b,0,2026-05-30 17:22:36,36a60ad,,,True
2026-05-30,MMM,veto:rank_score_below_floor,,0,2026-05-30-live-f113015b,0,2026-05-30 17:22:36,36a60ad,,,True
2026-05-30,MO,veto:rank_score_below_floor,,0,2026-05-30-live-f113015b,0,2026-05-30 17:22:36,36a60ad,,,True
2026-05-30,MPWR,qp_admission_no_slot,0.07322154344021345,0,2026-05-30-live-f113015b,0,2026-05-30 17:22:36,36a60ad,,,True
2026-05-30,MRK,veto:rank_score_below_floor,,0,2026-05-30-live-f113015b,0,2026-05-30 17:22:36,36a60ad,,,True
2026-05-30,MS,veto:rank_score_below_floor,,0,2026-05-30-live-f113015b,0,2026-05-30 17:22:36,36a60ad,,,True
2026-05-30,MSFT,veto:rank_score_below_floor,,0,2026-05-30-live-f113015b,0,2026-05-30 17:22:36,36a60ad,,,True
2026-05-30,NEE,veto:rank_score_below_floor,,0,2026-05-30-live-f113015b,0,2026-05-30 17:22:36,36a60ad,,,True
2026-05-30,NEM,veto:rank_score_below_floor,,0,2026-05-30-live-f113015b,0,2026-05-30 17:22:36,36a60ad,,,True
2026-05-30,NVDA,veto:rank_score_below_floor,,0,2026-05-30-live-f113015b,0,2026-05-30 17:22:36,36a60ad,,,True
2026-05-30,PG,veto:rank_score_below_floor,,0,2026-05-30-live-f113015b,0,2026-05-30 17:22:36,36a60ad,,,True
2026-05-30,PH,veto:rank_score_below_floor,,0,2026-05-30-live-f113015b,0,2026-05-30 17:22:36,36a60ad,,,True
2026-05-30,PLTR,veto:rank_score_below_floor,,0,2026-05-30-live-f113015b,0,2026-05-30 17:22:36,36a60ad,,,True
2026-05-30,PM,qp_admission_expected_return,0.08898386573500403,0,2026-05-30-live-f113015b,0,2026-05-30 17:22:36,36a60ad,,,True
2026-05-30,PNC,veto:rank_score_below_floor,,0,2026-05-30-live-f113015b,0,2026-05-30 17:22:36,36a60ad,,,True
2026-05-30,PYPL,veto:rank_score_below_floor,,0,2026-05-30-live-f113015b,0,2026-05-30 17:22:36,36a60ad,,,True
2026-05-30,ROST,veto:rank_score_below_floor,,0,2026-05-30-live-f113015b,0,2026-05-30 17:22:36,36a60ad,,,True
2026-05-30,SCHW,veto:rank_score_below_floor,,0,2026-05-30-live-f113015b,0,2026-05-30 17:22:36,36a60ad,,,True
2026-05-30,SO,veto:rank_score_below_floor,,0,2026-05-30-live-f113015b,0,2026-05-30 17:22:36,36a60ad,,,True
2026-05-30,SPG,veto:rank_score_below_floor,,0,2026-05-30-live-f113015b,0,2026-05-30 17:22:36,36a60ad,,,True
2026-05-30,T,veto:rank_score_below_floor,,0,2026-05-30-live-f113015b,0,2026-05-30 17:22:36,36a60ad,,,True
2026-05-30,TJX,veto:rank_score_below_floor,,0,2026-05-30-live-f113015b,0,2026-05-30 17:22:36,36a60ad,,,True
2026-05-30,TSM,veto:rank_score_below_floor,,0,2026-05-30-live-f113015b,0,2026-05-30 17:22:36,36a60ad,,,True
2026-05-30,TXN,qp_delta_below_min_dw,0.08594267513458875,0,2026-05-30-live-f113015b,0,2026-05-30 17:22:36,36a60ad,,,True
2026-05-30,UNH,veto:rank_score_below_floor,,0,2026-05-30-live-f113015b,0,2026-05-30 17:22:36,36a60ad,,,True
2026-05-30,UNP,veto:rank_score_below_floor,,0,2026-05-30-live-f113015b,0,2026-05-30 17:22:36,36a60ad,,,True
2026-05-30,V,veto:rank_score_below_floor,,0,2026-05-30-live-f113015b,0,2026-05-30 17:22:36,36a60ad,,,True
2026-05-30,VLO,veto:rank_score_below_floor,,0,2026-05-30-live-f113015b,0,2026-05-30 17:22:36,36a60ad,,,True
2026-05-30,VTR,veto:rank_score_below_floor,,0,2026-05-30-live-f113015b,0,2026-05-30 17:22:36,36a60ad,,,True
2026-05-30,WELL,veto:rank_score_below_floor,,0,2026-05-30-live-f113015b,0,2026-05-30 17:22:36,36a60ad,,,True
2026-05-30,WMB,veto:rank_score_below_floor,,0,2026-05-30-live-f113015b,0,2026-05-30 17:22:36,36a60ad,,,True
2026-05-30,XLE,veto:rank_score_below_floor,,0,2026-05-30-live-f113015b,0,2026-05-30 17:22:36,36a60ad,,,True
2026-05-30,XLF,veto:rank_score_below_floor,,0,2026-05-30-live-f113015b,0,2026-05-30 17:22:36,36a60ad,,,True
2026-05-30,XLK,qp_admission_expected_return,0.08898386573500403,0,2026-05-30-live-f113015b,0,2026-05-30 17:22:36,36a60ad,,,True
2026-05-30,XLU,veto:rank_score_below_floor,,0,2026-05-30-live-f113015b,0,2026-05-30 17:22:36,36a60ad,,,True
2026-05-30,ZM,veto:rank_score_below_floor,,0,2026-05-30-live-f113015b,0,2026-05-30 17:22:36,36a60ad,,,True
2026-05-30,AAPL,veto:rank_score_below_floor,,0,2026-05-30-live-87d2171f,0,2026-05-30 17:24:10,36a60ad,,,True
2026-05-30,ADI,veto:rank_score_below_floor,,0,2026-05-30-live-87d2171f,0,2026-05-30 17:24:10,36a60ad,,,True
2026-05-30,AEP,veto:rank_score_below_floor,,0,2026-05-30-live-87d2171f,0,2026-05-30 17:24:10,36a60ad,,,True
2026-05-30,AFRM,qp_admission_no_slot,0.062460489290851934,0,2026-05-30-live-87d2171f,0,2026-05-30 17:24:10,36a60ad,,,True
2026-05-30,AMAT,veto:rank_score_below_floor,,0,2026-05-30-live-87d2171f,0,2026-05-30 17:24:10,36a60ad,,,True
2026-05-30,AMZN,veto:rank_score_below_floor,,0,2026-05-30-live-87d2171f,0,2026-05-30 17:24:10,36a60ad,,,True
2026-05-30,ANET,veto:rank_score_below_floor,,0,2026-05-30-live-87d2171f,0,2026-05-30 17:24:10,36a60ad,,,True
2026-05-30,ASML,veto:rank_score_below_floor,,0,2026-05-30-live-87d2171f,0,2026-05-30 17:24:10,36a60ad,,,True
2026-05-30,AVGO,veto:rank_score_below_floor,,0,2026-05-30-live-87d2171f,0,2026-05-30 17:24:10,36a60ad,,,True
2026-05-30,AXP,veto:rank_score_below_floor,,0,2026-05-30-live-87d2171f,0,2026-05-30 17:24:10,36a60ad,,,True
2026-05-30,BLK,veto:rank_score_below_floor,,0,2026-05-30-live-87d2171f,0,2026-05-30 17:24:10,36a60ad,,,True
2026-05-30,BMY,veto:rank_score_below_floor,,0,2026-05-30-live-87d2171f,0,2026-05-30 17:24:10,36a60ad,,,True
2026-05-30,C,veto:rank_score_below_floor,,0,2026-05-30-live-87d2171f,0,2026-05-30 17:24:10,36a60ad,,,True
2026-05-30,CME,veto:rank_score_below_floor,,0,2026-05-30-live-87d2171f,0,2026-05-30 17:24:10,36a60ad,,,True
2026-05-30,CRWD,qp_no_trade_band,0.08898386573500403,0,2026-05-30-live-87d2171f,0,2026-05-30 17:24:10,36a60ad,,,True
2026-05-30,CVS,qp_admission_no_slot,0.08898386573500403,0,2026-05-30-live-87d2171f,0,2026-05-30 17:24:10,36a60ad,,,True
2026-05-30,DLR,veto:rank_score_below_floor,,0,2026-05-30-live-87d2171f,0,2026-05-30 17:24:10,36a60ad,,,True
2026-05-30,EMR,veto:rank_score_below_floor,,0,2026-05-30-live-87d2171f,0,2026-05-30 17:24:10,36a60ad,,,True
2026-05-30,EOG,veto:rank_score_below_floor,,0,2026-05-30-live-87d2171f,0,2026-05-30 17:24:10,36a60ad,,,True
2026-05-30,ETN,veto:rank_score_below_floor,,0,2026-05-30-live-87d2171f,0,2026-05-30 17:24:10,36a60ad,,,True
2026-05-30,FDX,veto:rank_score_below_floor,,0,2026-05-30-live-87d2171f,0,2026-05-30 17:24:10,36a60ad,,,True
2026-05-30,FTNT,qp_delta_below_min_dw,0.07218222381913317,0,2026-05-30-live-87d2171f,0,2026-05-30 17:24:10,36a60ad,,,True
2026-05-30,GILD,qp_admission_expected_return,0.08898386573500403,0,2026-05-30-live-87d2171f,0,2026-05-30 17:24:10,36a60ad,,,True
2026-05-30,GLD,veto:rank_score_below_floor,,0,2026-05-30-live-87d2171f,0,2026-05-30 17:24:10,36a60ad,,,True
2026-05-30,GM,qp_admission_expected_return,0.08898386573500403,0,2026-05-30-live-87d2171f,0,2026-05-30 17:24:10,36a60ad,,,True
2026-05-30,GOOG,veto:rank_score_below_floor,,0,2026-05-30-live-87d2171f,0,2026-05-30 17:24:10,36a60ad,,,True
2026-05-30,HLT,veto:rank_score_below_floor,,0,2026-05-30-live-87d2171f,0,2026-05-30 17:24:10,36a60ad,,,True
2026-05-30,IBM,veto:rank_score_below_floor,,0,2026-05-30-live-87d2171f,0,2026-05-30 17:24:10,36a60ad,,,True
2026-05-30,JNJ,veto:rank_score_below_floor,,0,2026-05-30-live-87d2171f,0,2026-05-30 17:24:10,36a60ad,,,True
2026-05-30,JPM,veto:rank_score_below_floor,,0,2026-05-30-live-87d2171f,0,2026-05-30 17:24:10,36a60ad,,,True
2026-05-30,KLAC,veto:rank_score_below_floor,,0,2026-05-30-live-87d2171f,0,2026-05-30 17:24:10,36a60ad,,,True
2026-05-30,KMI,veto:rank_score_below_floor,,0,2026-05-30-live-87d2171f,0,2026-05-30 17:24:10,36a60ad,,,True
2026-05-30,KO,veto:rank_score_below_floor,,0,2026-05-30-live-87d2171f,0,2026-05-30 17:24:10,36a60ad,,,True
2026-05-30,LHX,veto:rank_score_below_floor,,0,2026-05-30-live-87d2171f,0,2026-05-30 17:24:10,36a60ad,,,True
2026-05-30,LRCX,qp_admission_no_slot,0.058661471668054646,0,2026-05-30-live-87d2171f,0,2026-05-30 17:24:10,36a60ad,,,True
2026-05-30,MCD,qp_admission_expected_return,0.08898386573500403,0,2026-05-30-live-87d2171f,0,2026-05-30 17:24:10,36a60ad,,,True
2026-05-30,MMM,veto:rank_score_below_floor,,0,2026-05-30-live-87d2171f,0,2026-05-30 17:24:10,36a60ad,,,True
2026-05-30,MO,veto:rank_score_below_floor,,0,2026-05-30-live-87d2171f,0,2026-05-30 17:24:10,36a60ad,,,True
2026-05-30,MPWR,qp_admission_no_slot,0.07322154344021345,0,2026-05-30-live-87d2171f,0,2026-05-30 17:24:10,36a60ad,,,True
2026-05-30,MRK,veto:rank_score_below_floor,,0,2026-05-30-live-87d2171f,0,2026-05-30 17:24:10,36a60ad,,,True
2026-05-30,MS,veto:rank_score_below_floor,,0,2026-05-30-live-87d2171f,0,2026-05-30 17:24:10,36a60ad,,,True
2026-05-30,MSFT,veto:rank_score_below_floor,,0,2026-05-30-live-87d2171f,0,2026-05-30 17:24:10,36a60ad,,,True
2026-05-30,NEE,veto:rank_score_below_floor,,0,2026-05-30-live-87d2171f,0,2026-05-30 17:24:10,36a60ad,,,True
2026-05-30,NEM,veto:rank_score_below_floor,,0,2026-05-30-live-87d2171f,0,2026-05-30 17:24:10,36a60ad,,,True
2026-05-30,NVDA,veto:rank_score_below_floor,,0,2026-05-30-live-87d2171f,0,2026-05-30 17:24:10,36a60ad,,,True
2026-05-30,PG,veto:rank_score_below_floor,,0,2026-05-30-live-87d2171f,0,2026-05-30 17:24:10,36a60ad,,,True
2026-05-30,PH,veto:rank_score_below_floor,,0,2026-05-30-live-87d2171f,0,2026-05-30 17:24:10,36a60ad,,,True
2026-05-30,PLTR,veto:rank_score_below_floor,,0,2026-05-30-live-87d2171f,0,2026-05-30 17:24:10,36a60ad,,,True
2026-05-30,PM,qp_admission_expected_return,0.08898386573500403,0,2026-05-30-live-87d2171f,0,2026-05-30 17:24:10,36a60ad,,,True
2026-05-30,PNC,veto:rank_score_below_floor,,0,2026-05-30-live-87d2171f,0,2026-05-30 17:24:10,36a60ad,,,True
2026-05-30,PYPL,veto:rank_score_below_floor,,0,2026-05-30-live-87d2171f,0,2026-05-30 17:24:10,36a60ad,,,True
2026-05-30,ROST,veto:rank_score_below_floor,,0,2026-05-30-live-87d2171f,0,2026-05-30 17:24:10,36a60ad,,,True
2026-05-30,SCHW,veto:rank_score_below_floor,,0,2026-05-30-live-87d2171f,0,2026-05-30 17:24:10,36a60ad,,,True
2026-05-30,SO,veto:rank_score_below_floor,,0,2026-05-30-live-87d2171f,0,2026-05-30 17:24:10,36a60ad,,,True
2026-05-30,SPG,veto:rank_score_below_floor,,0,2026-05-30-live-87d2171f,0,2026-05-30 17:24:10,36a60ad,,,True
2026-05-30,T,veto:rank_score_below_floor,,0,2026-05-30-live-87d2171f,0,2026-05-30 17:24:10,36a60ad,,,True
2026-05-30,TJX,veto:rank_score_below_floor,,0,2026-05-30-live-87d2171f,0,2026-05-30 17:24:10,36a60ad,,,True
2026-05-30,TSM,veto:rank_score_below_floor,,0,2026-05-30-live-87d2171f,0,2026-05-30 17:24:10,36a60ad,,,True
2026-05-30,TXN,qp_delta_below_min_dw,0.08594267513458875,0,2026-05-30-live-87d2171f,0,2026-05-30 17:24:10,36a60ad,,,True
2026-05-30,UNH,veto:rank_score_below_floor,,0,2026-05-30-live-87d2171f,0,2026-05-30 17:24:10,36a60ad,,,True
2026-05-30,UNP,veto:rank_score_below_floor,,0,2026-05-30-live-87d2171f,0,2026-05-30 17:24:10,36a60ad,,,True
2026-05-30,V,veto:rank_score_below_floor,,0,2026-05-30-live-87d2171f,0,2026-05-30 17:24:10,36a60ad,,,True
2026-05-30,VLO,veto:rank_score_below_floor,,0,2026-05-30-live-87d2171f,0,2026-05-30 17:24:10,36a60ad,,,True
2026-05-30,VTR,veto:rank_score_below_floor,,0,2026-05-30-live-87d2171f,0,2026-05-30 17:24:10,36a60ad,,,True
2026-05-30,WELL,veto:rank_score_below_floor,,0,2026-05-30-live-87d2171f,0,2026-05-30 17:24:10,36a60ad,,,True
2026-05-30,WMB,veto:rank_score_below_floor,,0,2026-05-30-live-87d2171f,0,2026-05-30 17:24:10,36a60ad,,,True
2026-05-30,XLE,veto:rank_score_below_floor,,0,2026-05-30-live-87d2171f,0,2026-05-30 17:24:10,36a60ad,,,True
2026-05-30,XLF,veto:rank_score_below_floor,,0,2026-05-30-live-87d2171f,0,2026-05-30 17:24:10,36a60ad,,,True
2026-05-30,XLK,qp_admission_expected_return,0.08898386573500403,0,2026-05-30-live-87d2171f,0,2026-05-30 17:24:10,36a60ad,,,True
2026-05-30,XLU,veto:rank_score_below_floor,,0,2026-05-30-live-87d2171f,0,2026-05-30 17:24:10,36a60ad,,,True
2026-05-30,ZM,veto:rank_score_below_floor,,0,2026-05-30-live-87d2171f,0,2026-05-30 17:24:10,36a60ad,,,True
2026-05-30,AAPL,veto:rank_score_below_floor,,0,2026-05-30-live-43e5dcd7,0,2026-05-30 17:25:28,36a60ad,,,True
2026-05-30,ADI,veto:rank_score_below_floor,,0,2026-05-30-live-43e5dcd7,0,2026-05-30 17:25:28,36a60ad,,,True
2026-05-30,AEP,veto:rank_score_below_floor,,0,2026-05-30-live-43e5dcd7,0,2026-05-30 17:25:28,36a60ad,,,True
2026-05-30,AFRM,qp_admission_no_slot,0.062460489290851934,0,2026-05-30-live-43e5dcd7,0,2026-05-30 17:25:28,36a60ad,,,True
2026-05-30,AMAT,veto:rank_score_below_floor,,0,2026-05-30-live-43e5dcd7,0,2026-05-30 17:25:28,36a60ad,,,True
2026-05-30,AMZN,veto:rank_score_below_floor,,0,2026-05-30-live-43e5dcd7,0,2026-05-30 17:25:28,36a60ad,,,True
2026-05-30,ANET,veto:rank_score_below_floor,,0,2026-05-30-live-43e5dcd7,0,2026-05-30 17:25:28,36a60ad,,,True
2026-05-30,ASML,veto:rank_score_below_floor,,0,2026-05-30-live-43e5dcd7,0,2026-05-30 17:25:28,36a60ad,,,True
2026-05-30,AVGO,veto:rank_score_below_floor,,0,2026-05-30-live-43e5dcd7,0,2026-05-30 17:25:28,36a60ad,,,True
2026-05-30,AXP,veto:rank_score_below_floor,,0,2026-05-30-live-43e5dcd7,0,2026-05-30 17:25:28,36a60ad,,,True
2026-05-30,BLK,veto:rank_score_below_floor,,0,2026-05-30-live-43e5dcd7,0,2026-05-30 17:25:28,36a60ad,,,True
2026-05-30,BMY,veto:rank_score_below_floor,,0,2026-05-30-live-43e5dcd7,0,2026-05-30 17:25:28,36a60ad,,,True
2026-05-30,C,veto:rank_score_below_floor,,0,2026-05-30-live-43e5dcd7,0,2026-05-30 17:25:28,36a60ad,,,True
2026-05-30,CME,veto:rank_score_below_floor,,0,2026-05-30-live-43e5dcd7,0,2026-05-30 17:25:28,36a60ad,,,True
2026-05-30,CRWD,qp_no_trade_band,0.08898386573500403,0,2026-05-30-live-43e5dcd7,0,2026-05-30 17:25:28,36a60ad,,,True
2026-05-30,CVS,qp_admission_no_slot,0.08898386573500403,0,2026-05-30-live-43e5dcd7,0,2026-05-30 17:25:28,36a60ad,,,True
2026-05-30,DLR,veto:rank_score_below_floor,,0,2026-05-30-live-43e5dcd7,0,2026-05-30 17:25:28,36a60ad,,,True
2026-05-30,EMR,veto:rank_score_below_floor,,0,2026-05-30-live-43e5dcd7,0,2026-05-30 17:25:28,36a60ad,,,True
2026-05-30,EOG,veto:rank_score_below_floor,,0,2026-05-30-live-43e5dcd7,0,2026-05-30 17:25:28,36a60ad,,,True
2026-05-30,ETN,veto:rank_score_below_floor,,0,2026-05-30-live-43e5dcd7,0,2026-05-30 17:25:28,36a60ad,,,True
2026-05-30,FDX,veto:rank_score_below_floor,,0,2026-05-30-live-43e5dcd7,0,2026-05-30 17:25:28,36a60ad,,,True
2026-05-30,FTNT,qp_delta_below_min_dw,0.07218222381913317,0,2026-05-30-live-43e5dcd7,0,2026-05-30 17:25:28,36a60ad,,,True
2026-05-30,GILD,qp_admission_expected_return,0.08898386573500403,0,2026-05-30-live-43e5dcd7,0,2026-05-30 17:25:28,36a60ad,,,True
2026-05-30,GLD,veto:rank_score_below_floor,,0,2026-05-30-live-43e5dcd7,0,2026-05-30 17:25:28,36a60ad,,,True
2026-05-30,GM,qp_admission_expected_return,0.08898386573500403,0,2026-05-30-live-43e5dcd7,0,2026-05-30 17:25:28,36a60ad,,,True
2026-05-30,GOOG,veto:rank_score_below_floor,,0,2026-05-30-live-43e5dcd7,0,2026-05-30 17:25:28,36a60ad,,,True
2026-05-30,HLT,veto:rank_score_below_floor,,0,2026-05-30-live-43e5dcd7,0,2026-05-30 17:25:28,36a60ad,,,True
2026-05-30,IBM,veto:rank_score_below_floor,,0,2026-05-30-live-43e5dcd7,0,2026-05-30 17:25:28,36a60ad,,,True
2026-05-30,JNJ,veto:rank_score_below_floor,,0,2026-05-30-live-43e5dcd7,0,2026-05-30 17:25:28,36a60ad,,,True
2026-05-30,JPM,veto:rank_score_below_floor,,0,2026-05-30-live-43e5dcd7,0,2026-05-30 17:25:28,36a60ad,,,True
2026-05-30,KLAC,veto:rank_score_below_floor,,0,2026-05-30-live-43e5dcd7,0,2026-05-30 17:25:28,36a60ad,,,True
2026-05-30,KMI,veto:rank_score_below_floor,,0,2026-05-30-live-43e5dcd7,0,2026-05-30 17:25:28,36a60ad,,,True
2026-05-30,KO,veto:rank_score_below_floor,,0,2026-05-30-live-43e5dcd7,0,2026-05-30 17:25:28,36a60ad,,,True
2026-05-30,LHX,veto:rank_score_below_floor,,0,2026-05-30-live-43e5dcd7,0,2026-05-30 17:25:28,36a60ad,,,True
2026-05-30,LRCX,qp_admission_no_slot,0.058661471668054646,0,2026-05-30-live-43e5dcd7,0,2026-05-30 17:25:28,36a60ad,,,True
2026-05-30,MCD,qp_admission_expected_return,0.08898386573500403,0,2026-05-30-live-43e5dcd7,0,2026-05-30 17:25:28,36a60ad,,,True
2026-05-30,MMM,veto:rank_score_below_floor,,0,2026-05-30-live-43e5dcd7,0,2026-05-30 17:25:28,36a60ad,,,True
2026-05-30,MO,veto:rank_score_below_floor,,0,2026-05-30-live-43e5dcd7,0,2026-05-30 17:25:28,36a60ad,,,True
2026-05-30,MPWR,qp_admission_no_slot,0.07322154344021345,0,2026-05-30-live-43e5dcd7,0,2026-05-30 17:25:28,36a60ad,,,True
2026-05-30,MRK,veto:rank_score_below_floor,,0,2026-05-30-live-43e5dcd7,0,2026-05-30 17:25:28,36a60ad,,,True
2026-05-30,MS,veto:rank_score_below_floor,,0,2026-05-30-live-43e5dcd7,0,2026-05-30 17:25:28,36a60ad,,,True
2026-05-30,MSFT,veto:rank_score_below_floor,,0,2026-05-30-live-43e5dcd7,0,2026-05-30 17:25:28,36a60ad,,,True
2026-05-30,NEE,veto:rank_score_below_floor,,0,2026-05-30-live-43e5dcd7,0,2026-05-30 17:25:28,36a60ad,,,True
2026-05-30,NEM,veto:rank_score_below_floor,,0,2026-05-30-live-43e5dcd7,0,2026-05-30 17:25:28,36a60ad,,,True
2026-05-30,NVDA,veto:rank_score_below_floor,,0,2026-05-30-live-43e5dcd7,0,2026-05-30 17:25:28,36a60ad,,,True
2026-05-30,PG,veto:rank_score_below_floor,,0,2026-05-30-live-43e5dcd7,0,2026-05-30 17:25:28,36a60ad,,,True
2026-05-30,PH,veto:rank_score_below_floor,,0,2026-05-30-live-43e5dcd7,0,2026-05-30 17:25:28,36a60ad,,,True
2026-05-30,PLTR,veto:rank_score_below_floor,,0,2026-05-30-live-43e5dcd7,0,2026-05-30 17:25:28,36a60ad,,,True
2026-05-30,PM,qp_admission_expected_return,0.08898386573500403,0,2026-05-30-live-43e5dcd7,0,2026-05-30 17:25:28,36a60ad,,,True
2026-05-30,PNC,veto:rank_score_below_floor,,0,2026-05-30-live-43e5dcd7,0,2026-05-30 17:25:28,36a60ad,,,True
2026-05-30,PYPL,veto:rank_score_below_floor,,0,2026-05-30-live-43e5dcd7,0,2026-05-30 17:25:28,36a60ad,,,True
2026-05-30,ROST,veto:rank_score_below_floor,,0,2026-05-30-live-43e5dcd7,0,2026-05-30 17:25:28,36a60ad,,,True
2026-05-30,SCHW,veto:rank_score_below_floor,,0,2026-05-30-live-43e5dcd7,0,2026-05-30 17:25:28,36a60ad,,,True
2026-05-30,SO,veto:rank_score_below_floor,,0,2026-05-30-live-43e5dcd7,0,2026-05-30 17:25:28,36a60ad,,,True
2026-05-30,SPG,veto:rank_score_below_floor,,0,2026-05-30-live-43e5dcd7,0,2026-05-30 17:25:28,36a60ad,,,True
2026-05-30,T,veto:rank_score_below_floor,,0,2026-05-30-live-43e5dcd7,0,2026-05-30 17:25:28,36a60ad,,,True
2026-05-30,TJX,veto:rank_score_below_floor,,0,2026-05-30-live-43e5dcd7,0,2026-05-30 17:25:28,36a60ad,,,True
2026-05-30,TSM,veto:rank_score_below_floor,,0,2026-05-30-live-43e5dcd7,0,2026-05-30 17:25:28,36a60ad,,,True
2026-05-30,TXN,qp_delta_below_min_dw,0.08594267513458875,0,2026-05-30-live-43e5dcd7,0,2026-05-30 17:25:28,36a60ad,,,True
2026-05-30,UNH,veto:rank_score_below_floor,,0,2026-05-30-live-43e5dcd7,0,2026-05-30 17:25:28,36a60ad,,,True
2026-05-30,UNP,veto:rank_score_below_floor,,0,2026-05-30-live-43e5dcd7,0,2026-05-30 17:25:28,36a60ad,,,True
2026-05-30,V,veto:rank_score_below_floor,,0,2026-05-30-live-43e5dcd7,0,2026-05-30 17:25:28,36a60ad,,,True
2026-05-30,VLO,veto:rank_score_below_floor,,0,2026-05-30-live-43e5dcd7,0,2026-05-30 17:25:28,36a60ad,,,True
2026-05-30,VTR,veto:rank_score_below_floor,,0,2026-05-30-live-43e5dcd7,0,2026-05-30 17:25:28,36a60ad,,,True
2026-05-30,WELL,veto:rank_score_below_floor,,0,2026-05-30-live-43e5dcd7,0,2026-05-30 17:25:28,36a60ad,,,True
2026-05-30,WMB,veto:rank_score_below_floor,,0,2026-05-30-live-43e5dcd7,0,2026-05-30 17:25:28,36a60ad,,,True
2026-05-30,XLE,veto:rank_score_below_floor,,0,2026-05-30-live-43e5dcd7,0,2026-05-30 17:25:28,36a60ad,,,True
2026-05-30,XLF,veto:rank_score_below_floor,,0,2026-05-30-live-43e5dcd7,0,2026-05-30 17:25:28,36a60ad,,,True
2026-05-30,XLK,qp_admission_expected_return,0.08898386573500403,0,2026-05-30-live-43e5dcd7,0,2026-05-30 17:25:28,36a60ad,,,True
2026-05-30,XLU,veto:rank_score_below_floor,,0,2026-05-30-live-43e5dcd7,0,2026-05-30 17:25:28,36a60ad,,,True
2026-05-30,ZM,veto:rank_score_below_floor,,0,2026-05-30-live-43e5dcd7,0,2026-05-30 17:25:28,36a60ad,,,True
2026-05-30,AAPL,regime_admission:failed:BULL_CALM,,0,2026-05-30-live-de5d05b5,0,2026-05-30 18:11:29,bfc08b9,,,True
2026-05-30,ADI,regime_admission:failed:BULL_CALM,,0,2026-05-30-live-de5d05b5,0,2026-05-30 18:11:29,bfc08b9,,,True
2026-05-30,AEP,regime_admission:failed:BULL_CALM,,0,2026-05-30-live-de5d05b5,0,2026-05-30 18:11:29,bfc08b9,,,True
2026-05-30,AFRM,regime_admission:failed:BULL_CALM,,0,2026-05-30-live-de5d05b5,0,2026-05-30 18:11:29,bfc08b9,,,True
2026-05-30,AMAT,regime_admission:failed:BULL_CALM,,0,2026-05-30-live-de5d05b5,0,2026-05-30 18:11:29,bfc08b9,,,True
2026-05-30,AMZN,regime_admission:failed:BULL_CALM,,0,2026-05-30-live-de5d05b5,0,2026-05-30 18:11:29,bfc08b9,,,True
2026-05-30,ANET,regime_admission:failed:BULL_CALM,,0,2026-05-30-live-de5d05b5,0,2026-05-30 18:11:29,bfc08b9,,,True
2026-05-30,ASML,regime_admission:failed:BULL_CALM,,0,2026-05-30-live-de5d05b5,0,2026-05-30 18:11:29,bfc08b9,,,True
2026-05-30,AVGO,regime_admission:failed:BULL_CALM,,0,2026-05-30-live-de5d05b5,0,2026-05-30 18:11:29,bfc08b9,,,True
2026-05-30,AXP,regime_admission:failed:BULL_CALM,,0,2026-05-30-live-de5d05b5,0,2026-05-30 18:11:29,bfc08b9,,,True
2026-05-30,BLK,regime_admission:failed:BULL_CALM,,0,2026-05-30-live-de5d05b5,0,2026-05-30 18:11:29,bfc08b9,,,True
2026-05-30,BMY,regime_admission:failed:BULL_CALM,,0,2026-05-30-live-de5d05b5,0,2026-05-30 18:11:29,bfc08b9,,,True
2026-05-30,C,regime_admission:failed:BULL_CALM,,0,2026-05-30-live-de5d05b5,0,2026-05-30 18:11:29,bfc08b9,,,True
2026-05-30,CME,regime_admission:failed:BULL_CALM,,0,2026-05-30-live-de5d05b5,0,2026-05-30 18:11:29,bfc08b9,,,True
2026-05-30,CRWD,regime_admission:failed:BULL_CALM,,0,2026-05-30-live-de5d05b5,0,2026-05-30 18:11:29,bfc08b9,,,True
2026-05-30,CVS,regime_admission:failed:BULL_CALM,,0,2026-05-30-live-de5d05b5,0,2026-05-30 18:11:29,bfc08b9,,,True
2026-05-30,DLR,regime_admission:failed:BULL_CALM,,0,2026-05-30-live-de5d05b5,0,2026-05-30 18:11:29,bfc08b9,,,True
2026-05-30,EMR,regime_admission:failed:BULL_CALM,,0,2026-05-30-live-de5d05b5,0,2026-05-30 18:11:29,bfc08b9,,,True
2026-05-30,EOG,regime_admission:failed:BULL_CALM,,0,2026-05-30-live-de5d05b5,0,2026-05-30 18:11:29,bfc08b9,,,True
2026-05-30,ETN,regime_admission:failed:BULL_CALM,,0,2026-05-30-live-de5d05b5,0,2026-05-30 18:11:29,bfc08b9,,,True
2026-05-30,FDX,regime_admission:failed:BULL_CALM,,0,2026-05-30-live-de5d05b5,0,2026-05-30 18:11:29,bfc08b9,,,True
2026-05-30,FTNT,regime_admission:failed:BULL_CALM,,0,2026-05-30-live-de5d05b5,0,2026-05-30 18:11:29,bfc08b9,,,True
2026-05-30,GILD,regime_admission:failed:BULL_CALM,,0,2026-05-30-live-de5d05b5,0,2026-05-30 18:11:29,bfc08b9,,,True
2026-05-30,GLD,regime_admission:failed:BULL_CALM,,0,2026-05-30-live-de5d05b5,0,2026-05-30 18:11:29,bfc08b9,,,True
2026-05-30,GM,regime_admission:failed:BULL_CALM,,0,2026-05-30-live-de5d05b5,0,2026-05-30 18:11:29,bfc08b9,,,True
2026-05-30,GOOG,regime_admission:failed:BULL_CALM,,0,2026-05-30-live-de5d05b5,0,2026-05-30 18:11:29,bfc08b9,,,True
2026-05-30,HLT,regime_admission:failed:BULL_CALM,,0,2026-05-30-live-de5d05b5,0,2026-05-30 18:11:29,bfc08b9,,,True
2026-05-30,IBM,regime_admission:failed:BULL_CALM,,0,2026-05-30-live-de5d05b5,0,2026-05-30 18:11:29,bfc08b9,,,True
2026-05-30,JNJ,regime_admission:failed:BULL_CALM,,0,2026-05-30-live-de5d05b5,0,2026-05-30 18:11:29,bfc08b9,,,True
2026-05-30,JPM,regime_admission:failed:BULL_CALM,,0,2026-05-30-live-de5d05b5,0,2026-05-30 18:11:29,bfc08b9,,,True
2026-05-30,KLAC,regime_admission:failed:BULL_CALM,,0,2026-05-30-live-de5d05b5,0,2026-05-30 18:11:29,bfc08b9,,,True
2026-05-30,KMI,regime_admission:failed:BULL_CALM,,0,2026-05-30-live-de5d05b5,0,2026-05-30 18:11:29,bfc08b9,,,True
2026-05-30,KO,regime_admission:failed:BULL_CALM,,0,2026-05-30-live-de5d05b5,0,2026-05-30 18:11:29,bfc08b9,,,True
2026-05-30,LHX,regime_admission:failed:BULL_CALM,,0,2026-05-30-live-de5d05b5,0,2026-05-30 18:11:29,bfc08b9,,,True
2026-05-30,LRCX,regime_admission:failed:BULL_CALM,,0,2026-05-30-live-de5d05b5,0,2026-05-30 18:11:29,bfc08b9,,,True
2026-05-30,MCD,regime_admission:failed:BULL_CALM,,0,2026-05-30-live-de5d05b5,0,2026-05-30 18:11:29,bfc08b9,,,True
2026-05-30,MMM,regime_admission:failed:BULL_CALM,,0,2026-05-30-live-de5d05b5,0,2026-05-30 18:11:29,bfc08b9,,,True
2026-05-30,MO,regime_admission:failed:BULL_CALM,,0,2026-05-30-live-de5d05b5,0,2026-05-30 18:11:29,bfc08b9,,,True
2026-05-30,MPWR,regime_admission:failed:BULL_CALM,,0,2026-05-30-live-de5d05b5,0,2026-05-30 18:11:29,bfc08b9,,,True
2026-05-30,MRK,regime_admission:failed:BULL_CALM,,0,2026-05-30-live-de5d05b5,0,2026-05-30 18:11:29,bfc08b9,,,True
2026-05-30,MS,regime_admission:failed:BULL_CALM,,0,2026-05-30-live-de5d05b5,0,2026-05-30 18:11:29,bfc08b9,,,True
2026-05-30,MSFT,regime_admission:failed:BULL_CALM,,0,2026-05-30-live-de5d05b5,0,2026-05-30 18:11:29,bfc08b9,,,True
2026-05-30,NEE,regime_admission:failed:BULL_CALM,,0,2026-05-30-live-de5d05b5,0,2026-05-30 18:11:29,bfc08b9,,,True
2026-05-30,NEM,regime_admission:failed:BULL_CALM,,0,2026-05-30-live-de5d05b5,0,2026-05-30 18:11:29,bfc08b9,,,True
2026-05-30,NVDA,regime_admission:failed:BULL_CALM,,0,2026-05-30-live-de5d05b5,0,2026-05-30 18:11:29,bfc08b9,,,True
2026-05-30,PG,regime_admission:failed:BULL_CALM,,0,2026-05-30-live-de5d05b5,0,2026-05-30 18:11:29,bfc08b9,,,True
2026-05-30,PH,regime_admission:failed:BULL_CALM,,0,2026-05-30-live-de5d05b5,0,2026-05-30 18:11:29,bfc08b9,,,True
2026-05-30,PLTR,regime_admission:failed:BULL_CALM,,0,2026-05-30-live-de5d05b5,0,2026-05-30 18:11:29,bfc08b9,,,True
2026-05-30,PM,regime_admission:failed:BULL_CALM,,0,2026-05-30-live-de5d05b5,0,2026-05-30 18:11:29,bfc08b9,,,True
2026-05-30,PNC,regime_admission:failed:BULL_CALM,,0,2026-05-30-live-de5d05b5,0,2026-05-30 18:11:29,bfc08b9,,,True
2026-05-30,PYPL,regime_admission:failed:BULL_CALM,,0,2026-05-30-live-de5d05b5,0,2026-05-30 18:11:29,bfc08b9,,,True
2026-05-30,ROST,regime_admission:failed:BULL_CALM,,0,2026-05-30-live-de5d05b5,0,2026-05-30 18:11:29,bfc08b9,,,True
2026-05-30,SCHW,regime_admission:failed:BULL_CALM,,0,2026-05-30-live-de5d05b5,0,2026-05-30 18:11:29,bfc08b9,,,True
2026-05-30,SO,regime_admission:failed:BULL_CALM,,0,2026-05-30-live-de5d05b5,0,2026-05-30 18:11:29,bfc08b9,,,True
2026-05-30,SPG,regime_admission:failed:BULL_CALM,,0,2026-05-30-live-de5d05b5,0,2026-05-30 18:11:29,bfc08b9,,,True
2026-05-30,T,regime_admission:failed:BULL_CALM,,0,2026-05-30-live-de5d05b5,0,2026-05-30 18:11:29,bfc08b9,,,True
2026-05-30,TJX,regime_admission:failed:BULL_CALM,,0,2026-05-30-live-de5d05b5,0,2026-05-30 18:11:29,bfc08b9,,,True
2026-05-30,TSM,regime_admission:failed:BULL_CALM,,0,2026-05-30-live-de5d05b5,0,2026-05-30 18:11:29,bfc08b9,,,True
2026-05-30,TXN,regime_admission:failed:BULL_CALM,,0,2026-05-30-live-de5d05b5,0,2026-05-30 18:11:29,bfc08b9,,,True
2026-05-30,UNH,regime_admission:failed:BULL_CALM,,0,2026-05-30-live-de5d05b5,0,2026-05-30 18:11:29,bfc08b9,,,True
2026-05-30,UNP,regime_admission:failed:BULL_CALM,,0,2026-05-30-live-de5d05b5,0,2026-05-30 18:11:29,bfc08b9,,,True
2026-05-30,V,regime_admission:failed:BULL_CALM,,0,2026-05-30-live-de5d05b5,0,2026-05-30 18:11:29,bfc08b9,,,True
2026-05-30,VLO,regime_admission:failed:BULL_CALM,,0,2026-05-30-live-de5d05b5,0,2026-05-30 18:11:29,bfc08b9,,,True
2026-05-30,VTR,regime_admission:failed:BULL_CALM,,0,2026-05-30-live-de5d05b5,0,2026-05-30 18:11:29,bfc08b9,,,True
2026-05-30,WELL,regime_admission:failed:BULL_CALM,,0,2026-05-30-live-de5d05b5,0,2026-05-30 18:11:29,bfc08b9,,,True
2026-05-30,WMB,regime_admission:failed:BULL_CALM,,0,2026-05-30-live-de5d05b5,0,2026-05-30 18:11:29,bfc08b9,,,True
2026-05-30,XLE,regime_admission:failed:BULL_CALM,,0,2026-05-30-live-de5d05b5,0,2026-05-30 18:11:29,bfc08b9,,,True
2026-05-30,XLF,regime_admission:failed:BULL_CALM,,0,2026-05-30-live-de5d05b5,0,2026-05-30 18:11:29,bfc08b9,,,True
2026-05-30,XLK,regime_admission:failed:BULL_CALM,,0,2026-05-30-live-de5d05b5,0,2026-05-30 18:11:29,bfc08b9,,,True
2026-05-30,XLU,regime_admission:failed:BULL_CALM,,0,2026-05-30-live-de5d05b5,0,2026-05-30 18:11:29,bfc08b9,,,True
2026-05-30,ZM,regime_admission:failed:BULL_CALM,,0,2026-05-30-live-de5d05b5,0,2026-05-30 18:11:29,bfc08b9,,,True
2026-05-30,AAPL,regime_admission:failed:BULL_CALM,,0,2026-05-30-live-32f2b435,0,2026-05-30 18:54:00,2516327,,,True
2026-05-30,ADI,regime_admission:failed:BULL_CALM,,0,2026-05-30-live-32f2b435,0,2026-05-30 18:54:00,2516327,,,True
2026-05-30,AEP,regime_admission:failed:BULL_CALM,,0,2026-05-30-live-32f2b435,0,2026-05-30 18:54:00,2516327,,,True
2026-05-30,AFRM,regime_admission:failed:BULL_CALM,,0,2026-05-30-live-32f2b435,0,2026-05-30 18:54:00,2516327,,,True
2026-05-30,AMAT,regime_admission:failed:BULL_CALM,,0,2026-05-30-live-32f2b435,0,2026-05-30 18:54:00,2516327,,,True
2026-05-30,AMZN,regime_admission:failed:BULL_CALM,,0,2026-05-30-live-32f2b435,0,2026-05-30 18:54:00,2516327,,,True
2026-05-30,ANET,regime_admission:failed:BULL_CALM,,0,2026-05-30-live-32f2b435,0,2026-05-30 18:54:00,2516327,,,True
2026-05-30,ASML,regime_admission:failed:BULL_CALM,,0,2026-05-30-live-32f2b435,0,2026-05-30 18:54:00,2516327,,,True
2026-05-30,AVGO,regime_admission:failed:BULL_CALM,,0,2026-05-30-live-32f2b435,0,2026-05-30 18:54:00,2516327,,,True
2026-05-30,AXP,regime_admission:failed:BULL_CALM,,0,2026-05-30-live-32f2b435,0,2026-05-30 18:54:00,2516327,,,True
2026-05-30,BLK,regime_admission:failed:BULL_CALM,,0,2026-05-30-live-32f2b435,0,2026-05-30 18:54:00,2516327,,,True
2026-05-30,BMY,regime_admission:failed:BULL_CALM,,0,2026-05-30-live-32f2b435,0,2026-05-30 18:54:00,2516327,,,True
2026-05-30,C,regime_admission:failed:BULL_CALM,,0,2026-05-30-live-32f2b435,0,2026-05-30 18:54:00,2516327,,,True
2026-05-30,CME,regime_admission:failed:BULL_CALM,,0,2026-05-30-live-32f2b435,0,2026-05-30 18:54:00,2516327,,,True
2026-05-30,CRWD,regime_admission:failed:BULL_CALM,,0,2026-05-30-live-32f2b435,0,2026-05-30 18:54:00,2516327,,,True
2026-05-30,CVS,regime_admission:failed:BULL_CALM,,0,2026-05-30-live-32f2b435,0,2026-05-30 18:54:00,2516327,,,True
2026-05-30,DLR,regime_admission:failed:BULL_CALM,,0,2026-05-30-live-32f2b435,0,2026-05-30 18:54:00,2516327,,,True
2026-05-30,EMR,regime_admission:failed:BULL_CALM,,0,2026-05-30-live-32f2b435,0,2026-05-30 18:54:00,2516327,,,True
2026-05-30,EOG,regime_admission:failed:BULL_CALM,,0,2026-05-30-live-32f2b435,0,2026-05-30 18:54:00,2516327,,,True
2026-05-30,ETN,regime_admission:failed:BULL_CALM,,0,2026-05-30-live-32f2b435,0,2026-05-30 18:54:00,2516327,,,True
2026-05-30,FDX,regime_admission:failed:BULL_CALM,,0,2026-05-30-live-32f2b435,0,2026-05-30 18:54:00,2516327,,,True
2026-05-30,FTNT,regime_admission:failed:BULL_CALM,,0,2026-05-30-live-32f2b435,0,2026-05-30 18:54:00,2516327,,,True
2026-05-30,GILD,regime_admission:failed:BULL_CALM,,0,2026-05-30-live-32f2b435,0,2026-05-30 18:54:00,2516327,,,True
2026-05-30,GLD,regime_admission:failed:BULL_CALM,,0,2026-05-30-live-32f2b435,0,2026-05-30 18:54:00,2516327,,,True
2026-05-30,GM,regime_admission:failed:BULL_CALM,,0,2026-05-30-live-32f2b435,0,2026-05-30 18:54:00,2516327,,,True
2026-05-30,GOOG,regime_admission:failed:BULL_CALM,,0,2026-05-30-live-32f2b435,0,2026-05-30 18:54:00,2516327,,,True
2026-05-30,HLT,regime_admission:failed:BULL_CALM,,0,2026-05-30-live-32f2b435,0,2026-05-30 18:54:00,2516327,,,True
2026-05-30,IBM,regime_admission:failed:BULL_CALM,,0,2026-05-30-live-32f2b435,0,2026-05-30 18:54:00,2516327,,,True
2026-05-30,JNJ,regime_admission:failed:BULL_CALM,,0,2026-05-30-live-32f2b435,0,2026-05-30 18:54:00,2516327,,,True
2026-05-30,JPM,regime_admission:failed:BULL_CALM,,0,2026-05-30-live-32f2b435,0,2026-05-30 18:54:00,2516327,,,True
2026-05-30,KLAC,regime_admission:failed:BULL_CALM,,0,2026-05-30-live-32f2b435,0,2026-05-30 18:54:00,2516327,,,True
2026-05-30,KMI,regime_admission:failed:BULL_CALM,,0,2026-05-30-live-32f2b435,0,2026-05-30 18:54:00,2516327,,,True
2026-05-30,KO,regime_admission:failed:BULL_CALM,,0,2026-05-30-live-32f2b435,0,2026-05-30 18:54:00,2516327,,,True
2026-05-30,LHX,regime_admission:failed:BULL_CALM,,0,2026-05-30-live-32f2b435,0,2026-05-30 18:54:00,2516327,,,True
2026-05-30,LRCX,regime_admission:failed:BULL_CALM,,0,2026-05-30-live-32f2b435,0,2026-05-30 18:54:00,2516327,,,True
2026-05-30,MCD,regime_admission:failed:BULL_CALM,,0,2026-05-30-live-32f2b435,0,2026-05-30 18:54:00,2516327,,,True
2026-05-30,MMM,regime_admission:failed:BULL_CALM,,0,2026-05-30-live-32f2b435,0,2026-05-30 18:54:00,2516327,,,True
2026-05-30,MO,regime_admission:failed:BULL_CALM,,0,2026-05-30-live-32f2b435,0,2026-05-30 18:54:00,2516327,,,True
2026-05-30,MPWR,regime_admission:failed:BULL_CALM,,0,2026-05-30-live-32f2b435,0,2026-05-30 18:54:00,2516327,,,True
2026-05-30,MRK,regime_admission:failed:BULL_CALM,,0,2026-05-30-live-32f2b435,0,2026-05-30 18:54:00,2516327,,,True
2026-05-30,MS,regime_admission:failed:BULL_CALM,,0,2026-05-30-live-32f2b435,0,2026-05-30 18:54:00,2516327,,,True
2026-05-30,MSFT,regime_admission:failed:BULL_CALM,,0,2026-05-30-live-32f2b435,0,2026-05-30 18:54:00,2516327,,,True
2026-05-30,NEE,regime_admission:failed:BULL_CALM,,0,2026-05-30-live-32f2b435,0,2026-05-30 18:54:00,2516327,,,True
2026-05-30,NEM,regime_admission:failed:BULL_CALM,,0,2026-05-30-live-32f2b435,0,2026-05-30 18:54:00,2516327,,,True
2026-05-30,NVDA,regime_admission:failed:BULL_CALM,,0,2026-05-30-live-32f2b435,0,2026-05-30 18:54:00,2516327,,,True
2026-05-30,PG,regime_admission:failed:BULL_CALM,,0,2026-05-30-live-32f2b435,0,2026-05-30 18:54:00,2516327,,,True
2026-05-30,PH,regime_admission:failed:BULL_CALM,,0,2026-05-30-live-32f2b435,0,2026-05-30 18:54:00,2516327,,,True
2026-05-30,PLTR,regime_admission:failed:BULL_CALM,,0,2026-05-30-live-32f2b435,0,2026-05-30 18:54:00,2516327,,,True
2026-05-30,PM,regime_admission:failed:BULL_CALM,,0,2026-05-30-live-32f2b435,0,2026-05-30 18:54:00,2516327,,,True
2026-05-30,PNC,regime_admission:failed:BULL_CALM,,0,2026-05-30-live-32f2b435,0,2026-05-30 18:54:00,2516327,,,True
2026-05-30,PYPL,regime_admission:failed:BULL_CALM,,0,2026-05-30-live-32f2b435,0,2026-05-30 18:54:00,2516327,,,True
2026-05-30,ROST,regime_admission:failed:BULL_CALM,,0,2026-05-30-live-32f2b435,0,2026-05-30 18:54:00,2516327,,,True
2026-05-30,SCHW,regime_admission:failed:BULL_CALM,,0,2026-05-30-live-32f2b435,0,2026-05-30 18:54:00,2516327,,,True
2026-05-30,SO,regime_admission:failed:BULL_CALM,,0,2026-05-30-live-32f2b435,0,2026-05-30 18:54:00,2516327,,,True
2026-05-30,SPG,regime_admission:failed:BULL_CALM,,0,2026-05-30-live-32f2b435,0,2026-05-30 18:54:00,2516327,,,True
2026-05-30,T,regime_admission:failed:BULL_CALM,,0,2026-05-30-live-32f2b435,0,2026-05-30 18:54:00,2516327,,,True
2026-05-30,TJX,regime_admission:failed:BULL_CALM,,0,2026-05-30-live-32f2b435,0,2026-05-30 18:54:00,2516327,,,True
2026-05-30,TSM,regime_admission:failed:BULL_CALM,,0,2026-05-30-live-32f2b435,0,2026-05-30 18:54:00,2516327,,,True
2026-05-30,TXN,regime_admission:failed:BULL_CALM,,0,2026-05-30-live-32f2b435,0,2026-05-30 18:54:00,2516327,,,True
2026-05-30,UNH,regime_admission:failed:BULL_CALM,,0,2026-05-30-live-32f2b435,0,2026-05-30 18:54:00,2516327,,,True
2026-05-30,UNP,regime_admission:failed:BULL_CALM,,0,2026-05-30-live-32f2b435,0,2026-05-30 18:54:00,2516327,,,True
2026-05-30,V,regime_admission:failed:BULL_CALM,,0,2026-05-30-live-32f2b435,0,2026-05-30 18:54:00,2516327,,,True
2026-05-30,VLO,regime_admission:failed:BULL_CALM,,0,2026-05-30-live-32f2b435,0,2026-05-30 18:54:00,2516327,,,True
2026-05-30,VTR,regime_admission:failed:BULL_CALM,,0,2026-05-30-live-32f2b435,0,2026-05-30 18:54:00,2516327,,,True
2026-05-30,WELL,regime_admission:failed:BULL_CALM,,0,2026-05-30-live-32f2b435,0,2026-05-30 18:54:00,2516327,,,True
2026-05-30,WMB,regime_admission:failed:BULL_CALM,,0,2026-05-30-live-32f2b435,0,2026-05-30 18:54:00,2516327,,,True
2026-05-30,XLE,regime_admission:failed:BULL_CALM,,0,2026-05-30-live-32f2b435,0,2026-05-30 18:54:00,2516327,,,True
2026-05-30,XLF,regime_admission:failed:BULL_CALM,,0,2026-05-30-live-32f2b435,0,2026-05-30 18:54:00,2516327,,,True
2026-05-30,XLK,regime_admission:failed:BULL_CALM,,0,2026-05-30-live-32f2b435,0,2026-05-30 18:54:00,2516327,,,True
2026-05-30,XLU,regime_admission:failed:BULL_CALM,,0,2026-05-30-live-32f2b435,0,2026-05-30 18:54:00,2516327,,,True
2026-05-30,ZM,regime_admission:failed:BULL_CALM,,0,2026-05-30-live-32f2b435,0,2026-05-30 18:54:00,2516327,,,True
2026-05-30,AAPL,regime_admission:failed:BULL_CALM,,0,2026-05-30-live-4cbb2c2c,0,2026-05-30 19:23:23,3cfb595,,,True
2026-05-30,ADI,regime_admission:failed:BULL_CALM,,0,2026-05-30-live-4cbb2c2c,0,2026-05-30 19:23:23,3cfb595,,,True
2026-05-30,AEP,regime_admission:failed:BULL_CALM,,0,2026-05-30-live-4cbb2c2c,0,2026-05-30 19:23:23,3cfb595,,,True
2026-05-30,AFRM,regime_admission:failed:BULL_CALM,,0,2026-05-30-live-4cbb2c2c,0,2026-05-30 19:23:23,3cfb595,,,True
2026-05-30,AMAT,regime_admission:failed:BULL_CALM,,0,2026-05-30-live-4cbb2c2c,0,2026-05-30 19:23:23,3cfb595,,,True
2026-05-30,AMZN,regime_admission:failed:BULL_CALM,,0,2026-05-30-live-4cbb2c2c,0,2026-05-30 19:23:23,3cfb595,,,True
2026-05-30,ANET,regime_admission:failed:BULL_CALM,,0,2026-05-30-live-4cbb2c2c,0,2026-05-30 19:23:23,3cfb595,,,True
2026-05-30,ASML,regime_admission:failed:BULL_CALM,,0,2026-05-30-live-4cbb2c2c,0,2026-05-30 19:23:23,3cfb595,,,True
2026-05-30,AVGO,regime_admission:failed:BULL_CALM,,0,2026-05-30-live-4cbb2c2c,0,2026-05-30 19:23:23,3cfb595,,,True
2026-05-30,AXP,regime_admission:failed:BULL_CALM,,0,2026-05-30-live-4cbb2c2c,0,2026-05-30 19:23:23,3cfb595,,,True
2026-05-30,BLK,regime_admission:failed:BULL_CALM,,0,2026-05-30-live-4cbb2c2c,0,2026-05-30 19:23:23,3cfb595,,,True
2026-05-30,BMY,regime_admission:failed:BULL_CALM,,0,2026-05-30-live-4cbb2c2c,0,2026-05-30 19:23:23,3cfb595,,,True
2026-05-30,C,regime_admission:failed:BULL_CALM,,0,2026-05-30-live-4cbb2c2c,0,2026-05-30 19:23:23,3cfb595,,,True
2026-05-30,CME,regime_admission:failed:BULL_CALM,,0,2026-05-30-live-4cbb2c2c,0,2026-05-30 19:23:23,3cfb595,,,True
2026-05-30,CRWD,regime_admission:failed:BULL_CALM,,0,2026-05-30-live-4cbb2c2c,0,2026-05-30 19:23:23,3cfb595,,,True
2026-05-30,CVS,regime_admission:failed:BULL_CALM,,0,2026-05-30-live-4cbb2c2c,0,2026-05-30 19:23:23,3cfb595,,,True
2026-05-30,DLR,regime_admission:failed:BULL_CALM,,0,2026-05-30-live-4cbb2c2c,0,2026-05-30 19:23:23,3cfb595,,,True
2026-05-30,EMR,regime_admission:failed:BULL_CALM,,0,2026-05-30-live-4cbb2c2c,0,2026-05-30 19:23:23,3cfb595,,,True
2026-05-30,EOG,regime_admission:failed:BULL_CALM,,0,2026-05-30-live-4cbb2c2c,0,2026-05-30 19:23:23,3cfb595,,,True
2026-05-30,ETN,regime_admission:failed:BULL_CALM,,0,2026-05-30-live-4cbb2c2c,0,2026-05-30 19:23:23,3cfb595,,,True
2026-05-30,FDX,regime_admission:failed:BULL_CALM,,0,2026-05-30-live-4cbb2c2c,0,2026-05-30 19:23:23,3cfb595,,,True
2026-05-30,FTNT,regime_admission:failed:BULL_CALM,,0,2026-05-30-live-4cbb2c2c,0,2026-05-30 19:23:23,3cfb595,,,True
2026-05-30,GILD,regime_admission:failed:BULL_CALM,,0,2026-05-30-live-4cbb2c2c,0,2026-05-30 19:23:23,3cfb595,,,True
2026-05-30,GLD,regime_admission:failed:BULL_CALM,,0,2026-05-30-live-4cbb2c2c,0,2026-05-30 19:23:23,3cfb595,,,True
2026-05-30,GM,regime_admission:failed:BULL_CALM,,0,2026-05-30-live-4cbb2c2c,0,2026-05-30 19:23:23,3cfb595,,,True
2026-05-30,GOOG,regime_admission:failed:BULL_CALM,,0,2026-05-30-live-4cbb2c2c,0,2026-05-30 19:23:23,3cfb595,,,True
2026-05-30,HLT,regime_admission:failed:BULL_CALM,,0,2026-05-30-live-4cbb2c2c,0,2026-05-30 19:23:23,3cfb595,,,True
2026-05-30,IBM,regime_admission:failed:BULL_CALM,,0,2026-05-30-live-4cbb2c2c,0,2026-05-30 19:23:23,3cfb595,,,True
2026-05-30,JNJ,regime_admission:failed:BULL_CALM,,0,2026-05-30-live-4cbb2c2c,0,2026-05-30 19:23:23,3cfb595,,,True
2026-05-30,JPM,regime_admission:failed:BULL_CALM,,0,2026-05-30-live-4cbb2c2c,0,2026-05-30 19:23:23,3cfb595,,,True
2026-05-30,KLAC,regime_admission:failed:BULL_CALM,,0,2026-05-30-live-4cbb2c2c,0,2026-05-30 19:23:23,3cfb595,,,True
2026-05-30,KMI,regime_admission:failed:BULL_CALM,,0,2026-05-30-live-4cbb2c2c,0,2026-05-30 19:23:23,3cfb595,,,True
2026-05-30,KO,regime_admission:failed:BULL_CALM,,0,2026-05-30-live-4cbb2c2c,0,2026-05-30 19:23:23,3cfb595,,,True
2026-05-30,LHX,regime_admission:failed:BULL_CALM,,0,2026-05-30-live-4cbb2c2c,0,2026-05-30 19:23:23,3cfb595,,,True
2026-05-30,LRCX,regime_admission:failed:BULL_CALM,,0,2026-05-30-live-4cbb2c2c,0,2026-05-30 19:23:23,3cfb595,,,True
2026-05-30,MCD,regime_admission:failed:BULL_CALM,,0,2026-05-30-live-4cbb2c2c,0,2026-05-30 19:23:23,3cfb595,,,True
2026-05-30,MMM,regime_admission:failed:BULL_CALM,,0,2026-05-30-live-4cbb2c2c,0,2026-05-30 19:23:23,3cfb595,,,True
2026-05-30,MO,regime_admission:failed:BULL_CALM,,0,2026-05-30-live-4cbb2c2c,0,2026-05-30 19:23:23,3cfb595,,,True
2026-05-30,MPWR,regime_admission:failed:BULL_CALM,,0,2026-05-30-live-4cbb2c2c,0,2026-05-30 19:23:23,3cfb595,,,True
2026-05-30,MRK,regime_admission:failed:BULL_CALM,,0,2026-05-30-live-4cbb2c2c,0,2026-05-30 19:23:23,3cfb595,,,True
2026-05-30,MS,regime_admission:failed:BULL_CALM,,0,2026-05-30-live-4cbb2c2c,0,2026-05-30 19:23:23,3cfb595,,,True
2026-05-30,MSFT,regime_admission:failed:BULL_CALM,,0,2026-05-30-live-4cbb2c2c,0,2026-05-30 19:23:23,3cfb595,,,True
2026-05-30,NEE,regime_admission:failed:BULL_CALM,,0,2026-05-30-live-4cbb2c2c,0,2026-05-30 19:23:23,3cfb595,,,True
2026-05-30,NEM,regime_admission:failed:BULL_CALM,,0,2026-05-30-live-4cbb2c2c,0,2026-05-30 19:23:23,3cfb595,,,True
2026-05-30,NVDA,regime_admission:failed:BULL_CALM,,0,2026-05-30-live-4cbb2c2c,0,2026-05-30 19:23:23,3cfb595,,,True
2026-05-30,PG,regime_admission:failed:BULL_CALM,,0,2026-05-30-live-4cbb2c2c,0,2026-05-30 19:23:23,3cfb595,,,True
2026-05-30,PH,regime_admission:failed:BULL_CALM,,0,2026-05-30-live-4cbb2c2c,0,2026-05-30 19:23:23,3cfb595,,,True
2026-05-30,PLTR,regime_admission:failed:BULL_CALM,,0,2026-05-30-live-4cbb2c2c,0,2026-05-30 19:23:23,3cfb595,,,True
2026-05-30,PM,regime_admission:failed:BULL_CALM,,0,2026-05-30-live-4cbb2c2c,0,2026-05-30 19:23:23,3cfb595,,,True
2026-05-30,PNC,regime_admission:failed:BULL_CALM,,0,2026-05-30-live-4cbb2c2c,0,2026-05-30 19:23:23,3cfb595,,,True
2026-05-30,PYPL,regime_admission:failed:BULL_CALM,,0,2026-05-30-live-4cbb2c2c,0,2026-05-30 19:23:23,3cfb595,,,True
2026-05-30,ROST,regime_admission:failed:BULL_CALM,,0,2026-05-30-live-4cbb2c2c,0,2026-05-30 19:23:23,3cfb595,,,True
2026-05-30,SCHW,regime_admission:failed:BULL_CALM,,0,2026-05-30-live-4cbb2c2c,0,2026-05-30 19:23:23,3cfb595,,,True
2026-05-30,SO,regime_admission:failed:BULL_CALM,,0,2026-05-30-live-4cbb2c2c,0,2026-05-30 19:23:23,3cfb595,,,True
2026-05-30,SPG,regime_admission:failed:BULL_CALM,,0,2026-05-30-live-4cbb2c2c,0,2026-05-30 19:23:23,3cfb595,,,True
2026-05-30,T,regime_admission:failed:BULL_CALM,,0,2026-05-30-live-4cbb2c2c,0,2026-05-30 19:23:23,3cfb595,,,True
2026-05-30,TJX,regime_admission:failed:BULL_CALM,,0,2026-05-30-live-4cbb2c2c,0,2026-05-30 19:23:23,3cfb595,,,True
2026-05-30,TSM,regime_admission:failed:BULL_CALM,,0,2026-05-30-live-4cbb2c2c,0,2026-05-30 19:23:23,3cfb595,,,True
2026-05-30,TXN,regime_admission:failed:BULL_CALM,,0,2026-05-30-live-4cbb2c2c,0,2026-05-30 19:23:23,3cfb595,,,True
2026-05-30,UNH,regime_admission:failed:BULL_CALM,,0,2026-05-30-live-4cbb2c2c,0,2026-05-30 19:23:23,3cfb595,,,True
2026-05-30,UNP,regime_admission:failed:BULL_CALM,,0,2026-05-30-live-4cbb2c2c,0,2026-05-30 19:23:23,3cfb595,,,True
2026-05-30,V,regime_admission:failed:BULL_CALM,,0,2026-05-30-live-4cbb2c2c,0,2026-05-30 19:23:23,3cfb595,,,True
2026-05-30,VLO,regime_admission:failed:BULL_CALM,,0,2026-05-30-live-4cbb2c2c,0,2026-05-30 19:23:23,3cfb595,,,True
2026-05-30,VTR,regime_admission:failed:BULL_CALM,,0,2026-05-30-live-4cbb2c2c,0,2026-05-30 19:23:23,3cfb595,,,True
2026-05-30,WELL,regime_admission:failed:BULL_CALM,,0,2026-05-30-live-4cbb2c2c,0,2026-05-30 19:23:23,3cfb595,,,True
2026-05-30,WMB,regime_admission:failed:BULL_CALM,,0,2026-05-30-live-4cbb2c2c,0,2026-05-30 19:23:23,3cfb595,,,True
2026-05-30,XLE,regime_admission:failed:BULL_CALM,,0,2026-05-30-live-4cbb2c2c,0,2026-05-30 19:23:23,3cfb595,,,True
2026-05-30,XLF,regime_admission:failed:BULL_CALM,,0,2026-05-30-live-4cbb2c2c,0,2026-05-30 19:23:23,3cfb595,,,True
2026-05-30,XLK,regime_admission:failed:BULL_CALM,,0,2026-05-30-live-4cbb2c2c,0,2026-05-30 19:23:23,3cfb595,,,True
2026-05-30,XLU,regime_admission:failed:BULL_CALM,,0,2026-05-30-live-4cbb2c2c,0,2026-05-30 19:23:23,3cfb595,,,True
2026-05-30,ZM,regime_admission:failed:BULL_CALM,,0,2026-05-30-live-4cbb2c2c,0,2026-05-30 19:23:23,3cfb595,,,True
2026-05-30,AAPL,regime_admission:failed:BULL_CALM,,0,2026-05-30-live-91edfc9c,1,2026-05-30 23:12:24,4e427d3,,,True
2026-05-30,ADI,regime_admission:failed:BULL_CALM,,0,2026-05-30-live-91edfc9c,1,2026-05-30 23:12:24,4e427d3,,,True
2026-05-30,AEP,regime_admission:failed:BULL_CALM,,0,2026-05-30-live-91edfc9c,1,2026-05-30 23:12:24,4e427d3,,,True
2026-05-30,AFRM,regime_admission:failed:BULL_CALM,,0,2026-05-30-live-91edfc9c,1,2026-05-30 23:12:24,4e427d3,,,True
2026-05-30,AMAT,regime_admission:failed:BULL_CALM,,0,2026-05-30-live-91edfc9c,1,2026-05-30 23:12:24,4e427d3,,,True
2026-05-30,AMZN,regime_admission:failed:BULL_CALM,,0,2026-05-30-live-91edfc9c,1,2026-05-30 23:12:24,4e427d3,,,True
2026-05-30,ANET,regime_admission:failed:BULL_CALM,,0,2026-05-30-live-91edfc9c,1,2026-05-30 23:12:24,4e427d3,,,True
2026-05-30,ASML,regime_admission:failed:BULL_CALM,,0,2026-05-30-live-91edfc9c,1,2026-05-30 23:12:24,4e427d3,,,True
2026-05-30,AVGO,regime_admission:failed:BULL_CALM,,0,2026-05-30-live-91edfc9c,1,2026-05-30 23:12:24,4e427d3,,,True
2026-05-30,AXP,regime_admission:failed:BULL_CALM,,0,2026-05-30-live-91edfc9c,1,2026-05-30 23:12:24,4e427d3,,,True
2026-05-30,BLK,regime_admission:failed:BULL_CALM,,0,2026-05-30-live-91edfc9c,1,2026-05-30 23:12:24,4e427d3,,,True
2026-05-30,BMY,regime_admission:failed:BULL_CALM,,0,2026-05-30-live-91edfc9c,1,2026-05-30 23:12:24,4e427d3,,,True
2026-05-30,C,regime_admission:failed:BULL_CALM,,0,2026-05-30-live-91edfc9c,1,2026-05-30 23:12:24,4e427d3,,,True
2026-05-30,CME,regime_admission:failed:BULL_CALM,,0,2026-05-30-live-91edfc9c,1,2026-05-30 23:12:24,4e427d3,,,True
2026-05-30,CRWD,regime_admission:failed:BULL_CALM,,0,2026-05-30-live-91edfc9c,1,2026-05-30 23:12:24,4e427d3,,,True
2026-05-30,CVS,regime_admission:failed:BULL_CALM,,0,2026-05-30-live-91edfc9c,1,2026-05-30 23:12:24,4e427d3,,,True
2026-05-30,DLR,regime_admission:failed:BULL_CALM,,0,2026-05-30-live-91edfc9c,1,2026-05-30 23:12:24,4e427d3,,,True
2026-05-30,EMR,regime_admission:failed:BULL_CALM,,0,2026-05-30-live-91edfc9c,1,2026-05-30 23:12:24,4e427d3,,,True
2026-05-30,EOG,regime_admission:failed:BULL_CALM,,0,2026-05-30-live-91edfc9c,1,2026-05-30 23:12:24,4e427d3,,,True
2026-05-30,ETN,regime_admission:failed:BULL_CALM,,0,2026-05-30-live-91edfc9c,1,2026-05-30 23:12:24,4e427d3,,,True
2026-05-30,FDX,regime_admission:failed:BULL_CALM,,0,2026-05-30-live-91edfc9c,1,2026-05-30 23:12:24,4e427d3,,,True
2026-05-30,FTNT,regime_admission:failed:BULL_CALM,,0,2026-05-30-live-91edfc9c,1,2026-05-30 23:12:24,4e427d3,,,True
2026-05-30,GLD,regime_admission:failed:BULL_CALM,,0,2026-05-30-live-91edfc9c,1,2026-05-30 23:12:24,4e427d3,,,True
2026-05-30,GM,regime_admission:failed:BULL_CALM,,0,2026-05-30-live-91edfc9c,1,2026-05-30 23:12:24,4e427d3,,,True
2026-05-30,GOOG,regime_admission:failed:BULL_CALM,,0,2026-05-30-live-91edfc9c,1,2026-05-30 23:12:24,4e427d3,,,True
2026-05-30,HLT,regime_admission:failed:BULL_CALM,,0,2026-05-30-live-91edfc9c,1,2026-05-30 23:12:24,4e427d3,,,True
2026-05-30,IBM,regime_admission:failed:BULL_CALM,,0,2026-05-30-live-91edfc9c,1,2026-05-30 23:12:24,4e427d3,,,True
2026-05-30,JNJ,regime_admission:failed:BULL_CALM,,0,2026-05-30-live-91edfc9c,1,2026-05-30 23:12:24,4e427d3,,,True
2026-05-30,JPM,regime_admission:failed:BULL_CALM,,0,2026-05-30-live-91edfc9c,1,2026-05-30 23:12:24,4e427d3,,,True
2026-05-30,KLAC,regime_admission:failed:BULL_CALM,,0,2026-05-30-live-91edfc9c,1,2026-05-30 23:12:24,4e427d3,,,True
2026-05-30,KMI,regime_admission:failed:BULL_CALM,,0,2026-05-30-live-91edfc9c,1,2026-05-30 23:12:24,4e427d3,,,True
2026-05-30,KO,regime_admission:failed:BULL_CALM,,0,2026-05-30-live-91edfc9c,1,2026-05-30 23:12:24,4e427d3,,,True
2026-05-30,LHX,regime_admission:failed:BULL_CALM,,0,2026-05-30-live-91edfc9c,1,2026-05-30 23:12:24,4e427d3,,,True
2026-05-30,LRCX,regime_admission:failed:BULL_CALM,,0,2026-05-30-live-91edfc9c,1,2026-05-30 23:12:24,4e427d3,,,True
2026-05-30,MCD,regime_admission:failed:BULL_CALM,,0,2026-05-30-live-91edfc9c,1,2026-05-30 23:12:24,4e427d3,,,True
2026-05-30,MMM,regime_admission:failed:BULL_CALM,,0,2026-05-30-live-91edfc9c,1,2026-05-30 23:12:24,4e427d3,,,True
2026-05-30,MO,regime_admission:failed:BULL_CALM,,0,2026-05-30-live-91edfc9c,1,2026-05-30 23:12:24,4e427d3,,,True
2026-05-30,MPWR,regime_admission:failed:BULL_CALM,,0,2026-05-30-live-91edfc9c,1,2026-05-30 23:12:24,4e427d3,,,True
2026-05-30,MRK,regime_admission:failed:BULL_CALM,,0,2026-05-30-live-91edfc9c,1,2026-05-30 23:12:24,4e427d3,,,True
2026-05-30,MS,regime_admission:failed:BULL_CALM,,0,2026-05-30-live-91edfc9c,1,2026-05-30 23:12:24,4e427d3,,,True
2026-05-30,MSFT,regime_admission:failed:BULL_CALM,,0,2026-05-30-live-91edfc9c,1,2026-05-30 23:12:24,4e427d3,,,True
2026-05-30,NEE,regime_admission:failed:BULL_CALM,,0,2026-05-30-live-91edfc9c,1,2026-05-30 23:12:24,4e427d3,,,True
2026-05-30,NEM,regime_admission:failed:BULL_CALM,,0,2026-05-30-live-91edfc9c,1,2026-05-30 23:12:24,4e427d3,,,True
2026-05-30,NVDA,regime_admission:failed:BULL_CALM,,0,2026-05-30-live-91edfc9c,1,2026-05-30 23:12:24,4e427d3,,,True
2026-05-30,PG,regime_admission:failed:BULL_CALM,,0,2026-05-30-live-91edfc9c,1,2026-05-30 23:12:24,4e427d3,,,True
2026-05-30,PH,regime_admission:failed:BULL_CALM,,0,2026-05-30-live-91edfc9c,1,2026-05-30 23:12:24,4e427d3,,,True
2026-05-30,PLTR,regime_admission:failed:BULL_CALM,,0,2026-05-30-live-91edfc9c,1,2026-05-30 23:12:24,4e427d3,,,True
2026-05-30,PM,regime_admission:failed:BULL_CALM,,0,2026-05-30-live-91edfc9c,1,2026-05-30 23:12:24,4e427d3,,,True
2026-05-30,PNC,regime_admission:failed:BULL_CALM,,0,2026-05-30-live-91edfc9c,1,2026-05-30 23:12:24,4e427d3,,,True
2026-05-30,PYPL,regime_admission:failed:BULL_CALM,,0,2026-05-30-live-91edfc9c,1,2026-05-30 23:12:24,4e427d3,,,True
2026-05-30,ROST,regime_admission:failed:BULL_CALM,,0,2026-05-30-live-91edfc9c,1,2026-05-30 23:12:24,4e427d3,,,True
2026-05-30,SCHW,regime_admission:failed:BULL_CALM,,0,2026-05-30-live-91edfc9c,1,2026-05-30 23:12:24,4e427d3,,,True
2026-05-30,SO,regime_admission:failed:BULL_CALM,,0,2026-05-30-live-91edfc9c,1,2026-05-30 23:12:24,4e427d3,,,True
2026-05-30,SPG,regime_admission:failed:BULL_CALM,,0,2026-05-30-live-91edfc9c,1,2026-05-30 23:12:24,4e427d3,,,True
2026-05-30,T,regime_admission:failed:BULL_CALM,,0,2026-05-30-live-91edfc9c,1,2026-05-30 23:12:24,4e427d3,,,True
2026-05-30,TJX,regime_admission:failed:BULL_CALM,,0,2026-05-30-live-91edfc9c,1,2026-05-30 23:12:24,4e427d3,,,True
2026-05-30,TSM,regime_admission:failed:BULL_CALM,,0,2026-05-30-live-91edfc9c,1,2026-05-30 23:12:24,4e427d3,,,True
2026-05-30,TXN,regime_admission:failed:BULL_CALM,,0,2026-05-30-live-91edfc9c,1,2026-05-30 23:12:24,4e427d3,,,True
2026-05-30,UNH,regime_admission:failed:BULL_CALM,,0,2026-05-30-live-91edfc9c,1,2026-05-30 23:12:24,4e427d3,,,True
2026-05-30,UNP,regime_admission:failed:BULL_CALM,,0,2026-05-30-live-91edfc9c,1,2026-05-30 23:12:24,4e427d3,,,True
2026-05-30,V,regime_admission:failed:BULL_CALM,,0,2026-05-30-live-91edfc9c,1,2026-05-30 23:12:24,4e427d3,,,True
2026-05-30,VLO,regime_admission:failed:BULL_CALM,,0,2026-05-30-live-91edfc9c,1,2026-05-30 23:12:24,4e427d3,,,True
2026-05-30,VTR,regime_admission:failed:BULL_CALM,,0,2026-05-30-live-91edfc9c,1,2026-05-30 23:12:24,4e427d3,,,True
2026-05-30,WELL,regime_admission:failed:BULL_CALM,,0,2026-05-30-live-91edfc9c,1,2026-05-30 23:12:24,4e427d3,,,True
2026-05-30,WMB,regime_admission:failed:BULL_CALM,,0,2026-05-30-live-91edfc9c,1,2026-05-30 23:12:24,4e427d3,,,True
2026-05-30,XLE,regime_admission:failed:BULL_CALM,,0,2026-05-30-live-91edfc9c,1,2026-05-30 23:12:24,4e427d3,,,True
2026-05-30,XLF,regime_admission:failed:BULL_CALM,,0,2026-05-30-live-91edfc9c,1,2026-05-30 23:12:24,4e427d3,,,True
2026-05-30,XLK,regime_admission:failed:BULL_CALM,,0,2026-05-30-live-91edfc9c,1,2026-05-30 23:12:24,4e427d3,,,True
2026-05-30,XLU,regime_admission:failed:BULL_CALM,,0,2026-05-30-live-91edfc9c,1,2026-05-30 23:12:24,4e427d3,,,True
2026-05-30,ZM,regime_admission:failed:BULL_CALM,,0,2026-05-30-live-91edfc9c,1,2026-05-30 23:12:24,4e427d3,,,True
2026-06-01,AAPL,panel_fundamentals_missing,,0,2026-06-01-live-26309bd6,0,2026-06-01 20:56:15,706833f,,,True
2026-06-01,ADI,panel_fundamentals_missing,,0,2026-06-01-live-26309bd6,0,2026-06-01 20:56:15,706833f,,,True
2026-06-01,AEP,panel_fundamentals_missing,,0,2026-06-01-live-26309bd6,0,2026-06-01 20:56:15,706833f,,,True
2026-06-01,AFRM,panel_fundamentals_missing,,0,2026-06-01-live-26309bd6,0,2026-06-01 20:56:15,706833f,,,True
2026-06-01,AMAT,panel_fundamentals_missing,,0,2026-06-01-live-26309bd6,0,2026-06-01 20:56:15,706833f,,,True
2026-06-01,AMZN,panel_fundamentals_missing,,0,2026-06-01-live-26309bd6,0,2026-06-01 20:56:15,706833f,,,True
2026-06-01,ANET,panel_fundamentals_missing,,0,2026-06-01-live-26309bd6,0,2026-06-01 20:56:15,706833f,,,True
2026-06-01,ASML,panel_fundamentals_missing,,0,2026-06-01-live-26309bd6,0,2026-06-01 20:56:15,706833f,,,True
2026-06-01,AXP,panel_fundamentals_missing,,0,2026-06-01-live-26309bd6,0,2026-06-01 20:56:15,706833f,,,True
2026-06-01,BLK,panel_fundamentals_missing,,0,2026-06-01-live-26309bd6,0,2026-06-01 20:56:15,706833f,,,True
2026-06-01,BMY,panel_fundamentals_missing,,0,2026-06-01-live-26309bd6,0,2026-06-01 20:56:15,706833f,,,True
2026-06-01,C,panel_fundamentals_missing,,0,2026-06-01-live-26309bd6,0,2026-06-01 20:56:15,706833f,,,True
2026-06-01,CAT,panel_fundamentals_missing,,0,2026-06-01-live-26309bd6,0,2026-06-01 20:56:15,706833f,,,True
2026-06-01,CME,panel_fundamentals_missing,,0,2026-06-01-live-26309bd6,0,2026-06-01 20:56:15,706833f,,,True
2026-06-01,COST,panel_fundamentals_missing,,0,2026-06-01-live-26309bd6,0,2026-06-01 20:56:15,706833f,,,True
2026-06-01,CRWD,panel_fundamentals_missing,,0,2026-06-01-live-26309bd6,0,2026-06-01 20:56:15,706833f,,,True
2026-06-01,CVS,panel_fundamentals_missing,,0,2026-06-01-live-26309bd6,0,2026-06-01 20:56:15,706833f,,,True
2026-06-01,DLR,panel_fundamentals_missing,,0,2026-06-01-live-26309bd6,0,2026-06-01 20:56:15,706833f,,,True
2026-06-01,EMR,panel_fundamentals_missing,,0,2026-06-01-live-26309bd6,0,2026-06-01 20:56:15,706833f,,,True
2026-06-01,EOG,panel_fundamentals_missing,,0,2026-06-01-live-26309bd6,0,2026-06-01 20:56:15,706833f,,,True
2026-06-01,ETN,panel_fundamentals_missing,,0,2026-06-01-live-26309bd6,0,2026-06-01 20:56:15,706833f,,,True
2026-06-01,FDX,panel_fundamentals_missing,,0,2026-06-01-live-26309bd6,0,2026-06-01 20:56:15,706833f,,,True
2026-06-01,FTNT,panel_fundamentals_missing,,0,2026-06-01-live-26309bd6,0,2026-06-01 20:56:15,706833f,,,True
2026-06-01,GE,panel_fundamentals_missing,,0,2026-06-01-live-26309bd6,0,2026-06-01 20:56:15,706833f,,,True
2026-06-01,GLD,panel_fundamentals_missing,,0,2026-06-01-live-26309bd6,0,2026-06-01 20:56:15,706833f,,,True
2026-06-01,GM,panel_fundamentals_missing,,0,2026-06-01-live-26309bd6,0,2026-06-01 20:56:15,706833f,,,True
2026-06-01,GOOG,panel_fundamentals_missing,,0,2026-06-01-live-26309bd6,0,2026-06-01 20:56:15,706833f,,,True
2026-06-01,HLT,panel_fundamentals_missing,,0,2026-06-01-live-26309bd6,0,2026-06-01 20:56:15,706833f,,,True
2026-06-01,IBM,panel_fundamentals_missing,,0,2026-06-01-live-26309bd6,0,2026-06-01 20:56:15,706833f,,,True
2026-06-01,JNJ,panel_fundamentals_missing,,0,2026-06-01-live-26309bd6,0,2026-06-01 20:56:15,706833f,,,True
2026-06-01,JPM,panel_fundamentals_missing,,0,2026-06-01-live-26309bd6,0,2026-06-01 20:56:15,706833f,,,True
2026-06-01,KLAC,panel_fundamentals_missing,,0,2026-06-01-live-26309bd6,0,2026-06-01 20:56:15,706833f,,,True
2026-06-01,KMI,panel_fundamentals_missing,,0,2026-06-01-live-26309bd6,0,2026-06-01 20:56:15,706833f,,,True
2026-06-01,KO,panel_fundamentals_missing,,0,2026-06-01-live-26309bd6,0,2026-06-01 20:56:15,706833f,,,True
2026-06-01,LHX,panel_fundamentals_missing,,0,2026-06-01-live-26309bd6,0,2026-06-01 20:56:15,706833f,,,True
2026-06-01,LRCX,panel_fundamentals_missing,,0,2026-06-01-live-26309bd6,0,2026-06-01 20:56:15,706833f,,,True
2026-06-01,MCD,panel_fundamentals_missing,,0,2026-06-01-live-26309bd6,0,2026-06-01 20:56:15,706833f,,,True
2026-06-01,MMM,panel_fundamentals_missing,,0,2026-06-01-live-26309bd6,0,2026-06-01 20:56:15,706833f,,,True
2026-06-01,MO,panel_fundamentals_missing,,0,2026-06-01-live-26309bd6,0,2026-06-01 20:56:15,706833f,,,True
2026-06-01,MPWR,panel_fundamentals_missing,,0,2026-06-01-live-26309bd6,0,2026-06-01 20:56:15,706833f,,,True
2026-06-01,MRK,panel_fundamentals_missing,,0,2026-06-01-live-26309bd6,0,2026-06-01 20:56:15,706833f,,,True
2026-06-01,MS,panel_fundamentals_missing,,0,2026-06-01-live-26309bd6,0,2026-06-01 20:56:15,706833f,,,True
2026-06-01,MSFT,panel_fundamentals_missing,,0,2026-06-01-live-26309bd6,0,2026-06-01 20:56:15,706833f,,,True
2026-06-01,NEE,panel_fundamentals_missing,,0,2026-06-01-live-26309bd6,0,2026-06-01 20:56:15,706833f,,,True
2026-06-01,NEM,panel_fundamentals_missing,,0,2026-06-01-live-26309bd6,0,2026-06-01 20:56:15,706833f,,,True
2026-06-01,NVDA,panel_fundamentals_missing,,0,2026-06-01-live-26309bd6,0,2026-06-01 20:56:15,706833f,,,True
2026-06-01,PG,panel_fundamentals_missing,,0,2026-06-01-live-26309bd6,0,2026-06-01 20:56:15,706833f,,,True
2026-06-01,PH,panel_fundamentals_missing,,0,2026-06-01-live-26309bd6,0,2026-06-01 20:56:15,706833f,,,True
2026-06-01,PLTR,panel_fundamentals_missing,,0,2026-06-01-live-26309bd6,0,2026-06-01 20:56:15,706833f,,,True
2026-06-01,PM,panel_fundamentals_missing,,0,2026-06-01-live-26309bd6,0,2026-06-01 20:56:15,706833f,,,True
2026-06-01,PNC,panel_fundamentals_missing,,0,2026-06-01-live-26309bd6,0,2026-06-01 20:56:15,706833f,,,True
2026-06-01,PYPL,panel_fundamentals_missing,,0,2026-06-01-live-26309bd6,0,2026-06-01 20:56:15,706833f,,,True
2026-06-01,ROST,panel_fundamentals_missing,,0,2026-06-01-live-26309bd6,0,2026-06-01 20:56:15,706833f,,,True
2026-06-01,SCHW,panel_fundamentals_missing,,0,2026-06-01-live-26309bd6,0,2026-06-01 20:56:15,706833f,,,True
2026-06-01,SO,panel_fundamentals_missing,,0,2026-06-01-live-26309bd6,0,2026-06-01 20:56:15,706833f,,,True
2026-06-01,SPG,panel_fundamentals_missing,,0,2026-06-01-live-26309bd6,0,2026-06-01 20:56:15,706833f,,,True
2026-06-01,T,panel_fundamentals_missing,,0,2026-06-01-live-26309bd6,0,2026-06-01 20:56:15,706833f,,,True
2026-06-01,TJX,panel_fundamentals_missing,,0,2026-06-01-live-26309bd6,0,2026-06-01 20:56:15,706833f,,,True
2026-06-01,TSM,panel_fundamentals_missing,,0,2026-06-01-live-26309bd6,0,2026-06-01 20:56:15,706833f,,,True
2026-06-01,TXN,panel_fundamentals_missing,,0,2026-06-01-live-26309bd6,0,2026-06-01 20:56:15,706833f,,,True
2026-06-01,UNH,panel_fundamentals_missing,,0,2026-06-01-live-26309bd6,0,2026-06-01 20:56:15,706833f,,,True
2026-06-01,UNP,panel_fundamentals_missing,,0,2026-06-01-live-26309bd6,0,2026-06-01 20:56:15,706833f,,,True
2026-06-01,V,panel_fundamentals_missing,,0,2026-06-01-live-26309bd6,0,2026-06-01 20:56:15,706833f,,,True
2026-06-01,VLO,panel_fundamentals_missing,,0,2026-06-01-live-26309bd6,0,2026-06-01 20:56:15,706833f,,,True
2026-06-01,VTR,panel_fundamentals_missing,,0,2026-06-01-live-26309bd6,0,2026-06-01 20:56:15,706833f,,,True
2026-06-01,WELL,panel_fundamentals_missing,,0,2026-06-01-live-26309bd6,0,2026-06-01 20:56:15,706833f,,,True
2026-06-01,WMB,panel_fundamentals_missing,,0,2026-06-01-live-26309bd6,0,2026-06-01 20:56:15,706833f,,,True
2026-06-01,XLE,panel_fundamentals_missing,,0,2026-06-01-live-26309bd6,0,2026-06-01 20:56:15,706833f,,,True
2026-06-01,XLF,panel_fundamentals_missing,,0,2026-06-01-live-26309bd6,0,2026-06-01 20:56:15,706833f,,,True
2026-06-01,XLK,panel_fundamentals_missing,,0,2026-06-01-live-26309bd6,0,2026-06-01 20:56:15,706833f,,,True
2026-06-01,XLU,panel_fundamentals_missing,,0,2026-06-01-live-26309bd6,0,2026-06-01 20:56:15,706833f,,,True
2026-06-01,ZM,panel_fundamentals_missing,,0,2026-06-01-live-26309bd6,0,2026-06-01 20:56:15,706833f,,,True
2026-06-01,AAPL,regime_admission:failed:BULL_CALM,,0,2026-06-01-live-87e6abd6,0,2026-06-01 22:38:26,df55e94,,,True
2026-06-01,ADI,regime_admission:failed:BULL_CALM,,0,2026-06-01-live-87e6abd6,0,2026-06-01 22:38:26,df55e94,,,True
2026-06-01,AEP,regime_admission:failed:BULL_CALM,,0,2026-06-01-live-87e6abd6,0,2026-06-01 22:38:26,df55e94,,,True
2026-06-01,AFRM,regime_admission:failed:BULL_CALM,,0,2026-06-01-live-87e6abd6,0,2026-06-01 22:38:26,df55e94,,,True
2026-06-01,AMAT,regime_admission:failed:BULL_CALM,,0,2026-06-01-live-87e6abd6,0,2026-06-01 22:38:26,df55e94,,,True
2026-06-01,AMZN,regime_admission:failed:BULL_CALM,,0,2026-06-01-live-87e6abd6,0,2026-06-01 22:38:26,df55e94,,,True
2026-06-01,ANET,regime_admission:failed:BULL_CALM,,0,2026-06-01-live-87e6abd6,0,2026-06-01 22:38:26,df55e94,,,True
2026-06-01,ASML,regime_admission:failed:BULL_CALM,,0,2026-06-01-live-87e6abd6,0,2026-06-01 22:38:26,df55e94,,,True
2026-06-01,AXP,regime_admission:failed:BULL_CALM,,0,2026-06-01-live-87e6abd6,0,2026-06-01 22:38:26,df55e94,,,True
2026-06-01,BLK,regime_admission:failed:BULL_CALM,,0,2026-06-01-live-87e6abd6,0,2026-06-01 22:38:26,df55e94,,,True
2026-06-01,BMY,regime_admission:failed:BULL_CALM,,0,2026-06-01-live-87e6abd6,0,2026-06-01 22:38:26,df55e94,,,True
2026-06-01,C,regime_admission:failed:BULL_CALM,,0,2026-06-01-live-87e6abd6,0,2026-06-01 22:38:26,df55e94,,,True
2026-06-01,CAT,regime_admission:failed:BULL_CALM,,0,2026-06-01-live-87e6abd6,0,2026-06-01 22:38:26,df55e94,,,True
2026-06-01,CME,regime_admission:failed:BULL_CALM,,0,2026-06-01-live-87e6abd6,0,2026-06-01 22:38:26,df55e94,,,True
2026-06-01,COST,regime_admission:failed:BULL_CALM,,0,2026-06-01-live-87e6abd6,0,2026-06-01 22:38:26,df55e94,,,True
2026-06-01,CRWD,regime_admission:failed:BULL_CALM,,0,2026-06-01-live-87e6abd6,0,2026-06-01 22:38:26,df55e94,,,True
2026-06-01,CVS,regime_admission:failed:BULL_CALM,,0,2026-06-01-live-87e6abd6,0,2026-06-01 22:38:26,df55e94,,,True
2026-06-01,DLR,regime_admission:failed:BULL_CALM,,0,2026-06-01-live-87e6abd6,0,2026-06-01 22:38:26,df55e94,,,True
2026-06-01,EMR,regime_admission:failed:BULL_CALM,,0,2026-06-01-live-87e6abd6,0,2026-06-01 22:38:26,df55e94,,,True
2026-06-01,EOG,regime_admission:failed:BULL_CALM,,0,2026-06-01-live-87e6abd6,0,2026-06-01 22:38:26,df55e94,,,True
2026-06-01,ETN,regime_admission:failed:BULL_CALM,,0,2026-06-01-live-87e6abd6,0,2026-06-01 22:38:26,df55e94,,,True
2026-06-01,FDX,regime_admission:failed:BULL_CALM,,0,2026-06-01-live-87e6abd6,0,2026-06-01 22:38:26,df55e94,,,True
2026-06-01,FTNT,regime_admission:failed:BULL_CALM,,0,2026-06-01-live-87e6abd6,0,2026-06-01 22:38:26,df55e94,,,True
2026-06-01,GE,regime_admission:failed:BULL_CALM,,0,2026-06-01-live-87e6abd6,0,2026-06-01 22:38:26,df55e94,,,True
2026-06-01,GLD,regime_admission:failed:BULL_CALM,,0,2026-06-01-live-87e6abd6,0,2026-06-01 22:38:26,df55e94,,,True
2026-06-01,GM,regime_admission:failed:BULL_CALM,,0,2026-06-01-live-87e6abd6,0,2026-06-01 22:38:26,df55e94,,,True
2026-06-01,GOOG,regime_admission:failed:BULL_CALM,,0,2026-06-01-live-87e6abd6,0,2026-06-01 22:38:26,df55e94,,,True
2026-06-01,HLT,regime_admission:failed:BULL_CALM,,0,2026-06-01-live-87e6abd6,0,2026-06-01 22:38:26,df55e94,,,True
2026-06-01,IBM,regime_admission:failed:BULL_CALM,,0,2026-06-01-live-87e6abd6,0,2026-06-01 22:38:26,df55e94,,,True
2026-06-01,JNJ,regime_admission:failed:BULL_CALM,,0,2026-06-01-live-87e6abd6,0,2026-06-01 22:38:26,df55e94,,,True
2026-06-01,JPM,regime_admission:failed:BULL_CALM,,0,2026-06-01-live-87e6abd6,0,2026-06-01 22:38:26,df55e94,,,True
2026-06-01,KLAC,regime_admission:failed:BULL_CALM,,0,2026-06-01-live-87e6abd6,0,2026-06-01 22:38:26,df55e94,,,True
2026-06-01,KMI,regime_admission:failed:BULL_CALM,,0,2026-06-01-live-87e6abd6,0,2026-06-01 22:38:26,df55e94,,,True
2026-06-01,KO,regime_admission:failed:BULL_CALM,,0,2026-06-01-live-87e6abd6,0,2026-06-01 22:38:26,df55e94,,,True
2026-06-01,LHX,regime_admission:failed:BULL_CALM,,0,2026-06-01-live-87e6abd6,0,2026-06-01 22:38:26,df55e94,,,True
2026-06-01,LRCX,regime_admission:failed:BULL_CALM,,0,2026-06-01-live-87e6abd6,0,2026-06-01 22:38:26,df55e94,,,True
2026-06-01,MCD,regime_admission:failed:BULL_CALM,,0,2026-06-01-live-87e6abd6,0,2026-06-01 22:38:26,df55e94,,,True
2026-06-01,MMM,regime_admission:failed:BULL_CALM,,0,2026-06-01-live-87e6abd6,0,2026-06-01 22:38:26,df55e94,,,True
2026-06-01,MO,regime_admission:failed:BULL_CALM,,0,2026-06-01-live-87e6abd6,0,2026-06-01 22:38:26,df55e94,,,True
2026-06-01,MPWR,regime_admission:failed:BULL_CALM,,0,2026-06-01-live-87e6abd6,0,2026-06-01 22:38:26,df55e94,,,True
2026-06-01,MRK,regime_admission:failed:BULL_CALM,,0,2026-06-01-live-87e6abd6,0,2026-06-01 22:38:26,df55e94,,,True
2026-06-01,MS,regime_admission:failed:BULL_CALM,,0,2026-06-01-live-87e6abd6,0,2026-06-01 22:38:26,df55e94,,,True
2026-06-01,MSFT,regime_admission:failed:BULL_CALM,,0,2026-06-01-live-87e6abd6,0,2026-06-01 22:38:26,df55e94,,,True
2026-06-01,NEE,regime_admission:failed:BULL_CALM,,0,2026-06-01-live-87e6abd6,0,2026-06-01 22:38:26,df55e94,,,True
2026-06-01,NEM,regime_admission:failed:BULL_CALM,,0,2026-06-01-live-87e6abd6,0,2026-06-01 22:38:26,df55e94,,,True
2026-06-01,NVDA,regime_admission:failed:BULL_CALM,,0,2026-06-01-live-87e6abd6,0,2026-06-01 22:38:26,df55e94,,,True
2026-06-01,PG,regime_admission:failed:BULL_CALM,,0,2026-06-01-live-87e6abd6,0,2026-06-01 22:38:26,df55e94,,,True
2026-06-01,PH,regime_admission:failed:BULL_CALM,,0,2026-06-01-live-87e6abd6,0,2026-06-01 22:38:26,df55e94,,,True
2026-06-01,PLTR,regime_admission:failed:BULL_CALM,,0,2026-06-01-live-87e6abd6,0,2026-06-01 22:38:26,df55e94,,,True
2026-06-01,PM,regime_admission:failed:BULL_CALM,,0,2026-06-01-live-87e6abd6,0,2026-06-01 22:38:26,df55e94,,,True
2026-06-01,PNC,regime_admission:failed:BULL_CALM,,0,2026-06-01-live-87e6abd6,0,2026-06-01 22:38:26,df55e94,,,True
2026-06-01,PYPL,regime_admission:failed:BULL_CALM,,0,2026-06-01-live-87e6abd6,0,2026-06-01 22:38:26,df55e94,,,True
2026-06-01,ROST,regime_admission:failed:BULL_CALM,,0,2026-06-01-live-87e6abd6,0,2026-06-01 22:38:26,df55e94,,,True
2026-06-01,SCHW,regime_admission:failed:BULL_CALM,,0,2026-06-01-live-87e6abd6,0,2026-06-01 22:38:26,df55e94,,,True
2026-06-01,SO,regime_admission:failed:BULL_CALM,,0,2026-06-01-live-87e6abd6,0,2026-06-01 22:38:26,df55e94,,,True
2026-06-01,SPG,regime_admission:failed:BULL_CALM,,0,2026-06-01-live-87e6abd6,0,2026-06-01 22:38:26,df55e94,,,True
2026-06-01,T,regime_admission:failed:BULL_CALM,,0,2026-06-01-live-87e6abd6,0,2026-06-01 22:38:26,df55e94,,,True
2026-06-01,TJX,regime_admission:failed:BULL_CALM,,0,2026-06-01-live-87e6abd6,0,2026-06-01 22:38:26,df55e94,,,True
2026-06-01,TSM,regime_admission:failed:BULL_CALM,,0,2026-06-01-live-87e6abd6,0,2026-06-01 22:38:26,df55e94,,,True
2026-06-01,TXN,regime_admission:failed:BULL_CALM,,0,2026-06-01-live-87e6abd6,0,2026-06-01 22:38:26,df55e94,,,True
2026-06-01,UNH,regime_admission:failed:BULL_CALM,,0,2026-06-01-live-87e6abd6,0,2026-06-01 22:38:26,df55e94,,,True
2026-06-01,UNP,regime_admission:failed:BULL_CALM,,0,2026-06-01-live-87e6abd6,0,2026-06-01 22:38:26,df55e94,,,True
2026-06-01,V,regime_admission:failed:BULL_CALM,,0,2026-06-01-live-87e6abd6,0,2026-06-01 22:38:26,df55e94,,,True
2026-06-01,VLO,regime_admission:failed:BULL_CALM,,0,2026-06-01-live-87e6abd6,0,2026-06-01 22:38:26,df55e94,,,True
2026-06-01,VTR,regime_admission:failed:BULL_CALM,,0,2026-06-01-live-87e6abd6,0,2026-06-01 22:38:26,df55e94,,,True
2026-06-01,WELL,regime_admission:failed:BULL_CALM,,0,2026-06-01-live-87e6abd6,0,2026-06-01 22:38:26,df55e94,,,True
2026-06-01,WMB,regime_admission:failed:BULL_CALM,,0,2026-06-01-live-87e6abd6,0,2026-06-01 22:38:26,df55e94,,,True
2026-06-01,XLE,regime_admission:failed:BULL_CALM,,0,2026-06-01-live-87e6abd6,0,2026-06-01 22:38:26,df55e94,,,True
2026-06-01,XLF,regime_admission:failed:BULL_CALM,,0,2026-06-01-live-87e6abd6,0,2026-06-01 22:38:26,df55e94,,,True
2026-06-01,XLK,regime_admission:failed:BULL_CALM,,0,2026-06-01-live-87e6abd6,0,2026-06-01 22:38:26,df55e94,,,True
2026-06-01,XLU,regime_admission:failed:BULL_CALM,,0,2026-06-01-live-87e6abd6,0,2026-06-01 22:38:26,df55e94,,,True
2026-06-01,ZM,regime_admission:failed:BULL_CALM,,0,2026-06-01-live-87e6abd6,0,2026-06-01 22:38:26,df55e94,,,True
2026-06-01,AAPL,regime_admission:failed:BULL_CALM,,0,2026-06-01-live-bcc8f6cc,0,2026-06-02 00:20:55,82fa7f9,,,True
2026-06-01,ADI,regime_admission:failed:BULL_CALM,,0,2026-06-01-live-bcc8f6cc,0,2026-06-02 00:20:55,82fa7f9,,,True
2026-06-01,AEP,regime_admission:failed:BULL_CALM,,0,2026-06-01-live-bcc8f6cc,0,2026-06-02 00:20:55,82fa7f9,,,True
2026-06-01,AFRM,regime_admission:failed:BULL_CALM,,0,2026-06-01-live-bcc8f6cc,0,2026-06-02 00:20:55,82fa7f9,,,True
2026-06-01,AMAT,regime_admission:failed:BULL_CALM,,0,2026-06-01-live-bcc8f6cc,0,2026-06-02 00:20:55,82fa7f9,,,True
2026-06-01,AMZN,regime_admission:failed:BULL_CALM,,0,2026-06-01-live-bcc8f6cc,0,2026-06-02 00:20:55,82fa7f9,,,True
2026-06-01,ANET,regime_admission:failed:BULL_CALM,,0,2026-06-01-live-bcc8f6cc,0,2026-06-02 00:20:55,82fa7f9,,,True
2026-06-01,ASML,regime_admission:failed:BULL_CALM,,0,2026-06-01-live-bcc8f6cc,0,2026-06-02 00:20:55,82fa7f9,,,True
2026-06-01,AXP,regime_admission:failed:BULL_CALM,,0,2026-06-01-live-bcc8f6cc,0,2026-06-02 00:20:55,82fa7f9,,,True
2026-06-01,BLK,regime_admission:failed:BULL_CALM,,0,2026-06-01-live-bcc8f6cc,0,2026-06-02 00:20:55,82fa7f9,,,True
2026-06-01,BMY,regime_admission:failed:BULL_CALM,,0,2026-06-01-live-bcc8f6cc,0,2026-06-02 00:20:55,82fa7f9,,,True
2026-06-01,C,regime_admission:failed:BULL_CALM,,0,2026-06-01-live-bcc8f6cc,0,2026-06-02 00:20:55,82fa7f9,,,True
2026-06-01,CAT,regime_admission:failed:BULL_CALM,,0,2026-06-01-live-bcc8f6cc,0,2026-06-02 00:20:55,82fa7f9,,,True
2026-06-01,CME,regime_admission:failed:BULL_CALM,,0,2026-06-01-live-bcc8f6cc,0,2026-06-02 00:20:55,82fa7f9,,,True
2026-06-01,COST,regime_admission:failed:BULL_CALM,,0,2026-06-01-live-bcc8f6cc,0,2026-06-02 00:20:55,82fa7f9,,,True
2026-06-01,CRWD,regime_admission:failed:BULL_CALM,,0,2026-06-01-live-bcc8f6cc,0,2026-06-02 00:20:55,82fa7f9,,,True
2026-06-01,CVS,regime_admission:failed:BULL_CALM,,0,2026-06-01-live-bcc8f6cc,0,2026-06-02 00:20:55,82fa7f9,,,True
2026-06-01,DLR,regime_admission:failed:BULL_CALM,,0,2026-06-01-live-bcc8f6cc,0,2026-06-02 00:20:55,82fa7f9,,,True
2026-06-01,EMR,regime_admission:failed:BULL_CALM,,0,2026-06-01-live-bcc8f6cc,0,2026-06-02 00:20:55,82fa7f9,,,True
2026-06-01,EOG,regime_admission:failed:BULL_CALM,,0,2026-06-01-live-bcc8f6cc,0,2026-06-02 00:20:55,82fa7f9,,,True
2026-06-01,ETN,regime_admission:failed:BULL_CALM,,0,2026-06-01-live-bcc8f6cc,0,2026-06-02 00:20:55,82fa7f9,,,True
2026-06-01,FDX,regime_admission:failed:BULL_CALM,,0,2026-06-01-live-bcc8f6cc,0,2026-06-02 00:20:55,82fa7f9,,,True
2026-06-01,FTNT,regime_admission:failed:BULL_CALM,,0,2026-06-01-live-bcc8f6cc,0,2026-06-02 00:20:55,82fa7f9,,,True
2026-06-01,GE,regime_admission:failed:BULL_CALM,,0,2026-06-01-live-bcc8f6cc,0,2026-06-02 00:20:55,82fa7f9,,,True
2026-06-01,GLD,regime_admission:failed:BULL_CALM,,0,2026-06-01-live-bcc8f6cc,0,2026-06-02 00:20:55,82fa7f9,,,True
2026-06-01,GM,regime_admission:failed:BULL_CALM,,0,2026-06-01-live-bcc8f6cc,0,2026-06-02 00:20:55,82fa7f9,,,True
2026-06-01,GOOG,regime_admission:failed:BULL_CALM,,0,2026-06-01-live-bcc8f6cc,0,2026-06-02 00:20:55,82fa7f9,,,True
2026-06-01,HLT,regime_admission:failed:BULL_CALM,,0,2026-06-01-live-bcc8f6cc,0,2026-06-02 00:20:55,82fa7f9,,,True
2026-06-01,IBM,regime_admission:failed:BULL_CALM,,0,2026-06-01-live-bcc8f6cc,0,2026-06-02 00:20:55,82fa7f9,,,True
2026-06-01,JNJ,regime_admission:failed:BULL_CALM,,0,2026-06-01-live-bcc8f6cc,0,2026-06-02 00:20:55,82fa7f9,,,True
2026-06-01,JPM,regime_admission:failed:BULL_CALM,,0,2026-06-01-live-bcc8f6cc,0,2026-06-02 00:20:55,82fa7f9,,,True
2026-06-01,KLAC,regime_admission:failed:BULL_CALM,,0,2026-06-01-live-bcc8f6cc,0,2026-06-02 00:20:55,82fa7f9,,,True
2026-06-01,KMI,regime_admission:failed:BULL_CALM,,0,2026-06-01-live-bcc8f6cc,0,2026-06-02 00:20:55,82fa7f9,,,True
2026-06-01,KO,regime_admission:failed:BULL_CALM,,0,2026-06-01-live-bcc8f6cc,0,2026-06-02 00:20:55,82fa7f9,,,True
2026-06-01,LHX,regime_admission:failed:BULL_CALM,,0,2026-06-01-live-bcc8f6cc,0,2026-06-02 00:20:55,82fa7f9,,,True
2026-06-01,LRCX,regime_admission:failed:BULL_CALM,,0,2026-06-01-live-bcc8f6cc,0,2026-06-02 00:20:55,82fa7f9,,,True
2026-06-01,MCD,regime_admission:failed:BULL_CALM,,0,2026-06-01-live-bcc8f6cc,0,2026-06-02 00:20:55,82fa7f9,,,True
2026-06-01,MMM,regime_admission:failed:BULL_CALM,,0,2026-06-01-live-bcc8f6cc,0,2026-06-02 00:20:55,82fa7f9,,,True
2026-06-01,MO,regime_admission:failed:BULL_CALM,,0,2026-06-01-live-bcc8f6cc,0,2026-06-02 00:20:55,82fa7f9,,,True
2026-06-01,MPWR,regime_admission:failed:BULL_CALM,,0,2026-06-01-live-bcc8f6cc,0,2026-06-02 00:20:55,82fa7f9,,,True
2026-06-01,MRK,regime_admission:failed:BULL_CALM,,0,2026-06-01-live-bcc8f6cc,0,2026-06-02 00:20:55,82fa7f9,,,True
2026-06-01,MS,regime_admission:failed:BULL_CALM,,0,2026-06-01-live-bcc8f6cc,0,2026-06-02 00:20:55,82fa7f9,,,True
2026-06-01,MSFT,regime_admission:failed:BULL_CALM,,0,2026-06-01-live-bcc8f6cc,0,2026-06-02 00:20:55,82fa7f9,,,True
2026-06-01,NEE,regime_admission:failed:BULL_CALM,,0,2026-06-01-live-bcc8f6cc,0,2026-06-02 00:20:55,82fa7f9,,,True
2026-06-01,NEM,regime_admission:failed:BULL_CALM,,0,2026-06-01-live-bcc8f6cc,0,2026-06-02 00:20:55,82fa7f9,,,True
2026-06-01,NVDA,regime_admission:failed:BULL_CALM,,0,2026-06-01-live-bcc8f6cc,0,2026-06-02 00:20:55,82fa7f9,,,True
2026-06-01,PG,regime_admission:failed:BULL_CALM,,0,2026-06-01-live-bcc8f6cc,0,2026-06-02 00:20:55,82fa7f9,,,True
2026-06-01,PH,regime_admission:failed:BULL_CALM,,0,2026-06-01-live-bcc8f6cc,0,2026-06-02 00:20:55,82fa7f9,,,True
2026-06-01,PLTR,regime_admission:failed:BULL_CALM,,0,2026-06-01-live-bcc8f6cc,0,2026-06-02 00:20:55,82fa7f9,,,True
2026-06-01,PM,regime_admission:failed:BULL_CALM,,0,2026-06-01-live-bcc8f6cc,0,2026-06-02 00:20:55,82fa7f9,,,True
2026-06-01,PNC,regime_admission:failed:BULL_CALM,,0,2026-06-01-live-bcc8f6cc,0,2026-06-02 00:20:55,82fa7f9,,,True
2026-06-01,PYPL,regime_admission:failed:BULL_CALM,,0,2026-06-01-live-bcc8f6cc,0,2026-06-02 00:20:55,82fa7f9,,,True
2026-06-01,ROST,regime_admission:failed:BULL_CALM,,0,2026-06-01-live-bcc8f6cc,0,2026-06-02 00:20:55,82fa7f9,,,True
2026-06-01,SCHW,regime_admission:failed:BULL_CALM,,0,2026-06-01-live-bcc8f6cc,0,2026-06-02 00:20:55,82fa7f9,,,True
2026-06-01,SO,regime_admission:failed:BULL_CALM,,0,2026-06-01-live-bcc8f6cc,0,2026-06-02 00:20:55,82fa7f9,,,True
2026-06-01,SPG,regime_admission:failed:BULL_CALM,,0,2026-06-01-live-bcc8f6cc,0,2026-06-02 00:20:55,82fa7f9,,,True
2026-06-01,T,regime_admission:failed:BULL_CALM,,0,2026-06-01-live-bcc8f6cc,0,2026-06-02 00:20:55,82fa7f9,,,True
2026-06-01,TJX,regime_admission:failed:BULL_CALM,,0,2026-06-01-live-bcc8f6cc,0,2026-06-02 00:20:55,82fa7f9,,,True
2026-06-01,TSM,regime_admission:failed:BULL_CALM,,0,2026-06-01-live-bcc8f6cc,0,2026-06-02 00:20:55,82fa7f9,,,True
2026-06-01,TXN,regime_admission:failed:BULL_CALM,,0,2026-06-01-live-bcc8f6cc,0,2026-06-02 00:20:55,82fa7f9,,,True
2026-06-01,UNH,regime_admission:failed:BULL_CALM,,0,2026-06-01-live-bcc8f6cc,0,2026-06-02 00:20:55,82fa7f9,,,True
2026-06-01,UNP,regime_admission:failed:BULL_CALM,,0,2026-06-01-live-bcc8f6cc,0,2026-06-02 00:20:55,82fa7f9,,,True
2026-06-01,V,regime_admission:failed:BULL_CALM,,0,2026-06-01-live-bcc8f6cc,0,2026-06-02 00:20:55,82fa7f9,,,True
2026-06-01,VLO,regime_admission:failed:BULL_CALM,,0,2026-06-01-live-bcc8f6cc,0,2026-06-02 00:20:55,82fa7f9,,,True
2026-06-01,VTR,regime_admission:failed:BULL_CALM,,0,2026-06-01-live-bcc8f6cc,0,2026-06-02 00:20:55,82fa7f9,,,True
2026-06-01,WELL,regime_admission:failed:BULL_CALM,,0,2026-06-01-live-bcc8f6cc,0,2026-06-02 00:20:55,82fa7f9,,,True
2026-06-01,WMB,regime_admission:failed:BULL_CALM,,0,2026-06-01-live-bcc8f6cc,0,2026-06-02 00:20:55,82fa7f9,,,True
2026-06-01,XLE,regime_admission:failed:BULL_CALM,,0,2026-06-01-live-bcc8f6cc,0,2026-06-02 00:20:55,82fa7f9,,,True
2026-06-01,XLF,regime_admission:failed:BULL_CALM,,0,2026-06-01-live-bcc8f6cc,0,2026-06-02 00:20:55,82fa7f9,,,True
2026-06-01,XLK,regime_admission:failed:BULL_CALM,,0,2026-06-01-live-bcc8f6cc,0,2026-06-02 00:20:55,82fa7f9,,,True
2026-06-01,XLU,regime_admission:failed:BULL_CALM,,0,2026-06-01-live-bcc8f6cc,0,2026-06-02 00:20:55,82fa7f9,,,True
2026-06-01,ZM,regime_admission:failed:BULL_CALM,,0,2026-06-01-live-bcc8f6cc,0,2026-06-02 00:20:55,82fa7f9,,,True
2026-06-01,AAPL,regime_admission:failed:BULL_CALM,,0,2026-06-01-live-002d5971,0,2026-06-02 00:32:25,76d9432,,,True
2026-06-01,ADI,regime_admission:failed:BULL_CALM,,0,2026-06-01-live-002d5971,0,2026-06-02 00:32:25,76d9432,,,True
2026-06-01,AEP,regime_admission:failed:BULL_CALM,,0,2026-06-01-live-002d5971,0,2026-06-02 00:32:25,76d9432,,,True
2026-06-01,AFRM,regime_admission:failed:BULL_CALM,,0,2026-06-01-live-002d5971,0,2026-06-02 00:32:25,76d9432,,,True
2026-06-01,AMAT,regime_admission:failed:BULL_CALM,,0,2026-06-01-live-002d5971,0,2026-06-02 00:32:25,76d9432,,,True
2026-06-01,AMZN,regime_admission:failed:BULL_CALM,,0,2026-06-01-live-002d5971,0,2026-06-02 00:32:25,76d9432,,,True
2026-06-01,ANET,regime_admission:failed:BULL_CALM,,0,2026-06-01-live-002d5971,0,2026-06-02 00:32:25,76d9432,,,True
2026-06-01,ASML,regime_admission:failed:BULL_CALM,,0,2026-06-01-live-002d5971,0,2026-06-02 00:32:25,76d9432,,,True
2026-06-01,AXP,regime_admission:failed:BULL_CALM,,0,2026-06-01-live-002d5971,0,2026-06-02 00:32:25,76d9432,,,True
2026-06-01,BLK,regime_admission:failed:BULL_CALM,,0,2026-06-01-live-002d5971,0,2026-06-02 00:32:25,76d9432,,,True
2026-06-01,BMY,regime_admission:failed:BULL_CALM,,0,2026-06-01-live-002d5971,0,2026-06-02 00:32:25,76d9432,,,True
2026-06-01,C,regime_admission:failed:BULL_CALM,,0,2026-06-01-live-002d5971,0,2026-06-02 00:32:25,76d9432,,,True
2026-06-01,CAT,regime_admission:failed:BULL_CALM,,0,2026-06-01-live-002d5971,0,2026-06-02 00:32:25,76d9432,,,True
2026-06-01,CME,regime_admission:failed:BULL_CALM,,0,2026-06-01-live-002d5971,0,2026-06-02 00:32:25,76d9432,,,True
2026-06-01,COST,regime_admission:failed:BULL_CALM,,0,2026-06-01-live-002d5971,0,2026-06-02 00:32:25,76d9432,,,True
2026-06-01,CRWD,regime_admission:failed:BULL_CALM,,0,2026-06-01-live-002d5971,0,2026-06-02 00:32:25,76d9432,,,True
2026-06-01,CVS,regime_admission:failed:BULL_CALM,,0,2026-06-01-live-002d5971,0,2026-06-02 00:32:25,76d9432,,,True
2026-06-01,DLR,regime_admission:failed:BULL_CALM,,0,2026-06-01-live-002d5971,0,2026-06-02 00:32:25,76d9432,,,True
2026-06-01,EMR,regime_admission:failed:BULL_CALM,,0,2026-06-01-live-002d5971,0,2026-06-02 00:32:25,76d9432,,,True
2026-06-01,EOG,regime_admission:failed:BULL_CALM,,0,2026-06-01-live-002d5971,0,2026-06-02 00:32:25,76d9432,,,True
2026-06-01,ETN,regime_admission:failed:BULL_CALM,,0,2026-06-01-live-002d5971,0,2026-06-02 00:32:25,76d9432,,,True
2026-06-01,FDX,regime_admission:failed:BULL_CALM,,0,2026-06-01-live-002d5971,0,2026-06-02 00:32:25,76d9432,,,True
2026-06-01,FTNT,regime_admission:failed:BULL_CALM,,0,2026-06-01-live-002d5971,0,2026-06-02 00:32:25,76d9432,,,True
2026-06-01,GE,regime_admission:failed:BULL_CALM,,0,2026-06-01-live-002d5971,0,2026-06-02 00:32:25,76d9432,,,True
2026-06-01,GLD,regime_admission:failed:BULL_CALM,,0,2026-06-01-live-002d5971,0,2026-06-02 00:32:25,76d9432,,,True
2026-06-01,GM,regime_admission:failed:BULL_CALM,,0,2026-06-01-live-002d5971,0,2026-06-02 00:32:25,76d9432,,,True
2026-06-01,GOOG,regime_admission:failed:BULL_CALM,,0,2026-06-01-live-002d5971,0,2026-06-02 00:32:25,76d9432,,,True
2026-06-01,HLT,regime_admission:failed:BULL_CALM,,0,2026-06-01-live-002d5971,0,2026-06-02 00:32:25,76d9432,,,True
2026-06-01,IBM,regime_admission:failed:BULL_CALM,,0,2026-06-01-live-002d5971,0,2026-06-02 00:32:25,76d9432,,,True
2026-06-01,JNJ,regime_admission:failed:BULL_CALM,,0,2026-06-01-live-002d5971,0,2026-06-02 00:32:25,76d9432,,,True
2026-06-01,JPM,regime_admission:failed:BULL_CALM,,0,2026-06-01-live-002d5971,0,2026-06-02 00:32:25,76d9432,,,True
2026-06-01,KLAC,regime_admission:failed:BULL_CALM,,0,2026-06-01-live-002d5971,0,2026-06-02 00:32:25,76d9432,,,True
2026-06-01,KMI,regime_admission:failed:BULL_CALM,,0,2026-06-01-live-002d5971,0,2026-06-02 00:32:25,76d9432,,,True
2026-06-01,KO,regime_admission:failed:BULL_CALM,,0,2026-06-01-live-002d5971,0,2026-06-02 00:32:25,76d9432,,,True
2026-06-01,LHX,regime_admission:failed:BULL_CALM,,0,2026-06-01-live-002d5971,0,2026-06-02 00:32:25,76d9432,,,True
2026-06-01,LRCX,regime_admission:failed:BULL_CALM,,0,2026-06-01-live-002d5971,0,2026-06-02 00:32:25,76d9432,,,True
2026-06-01,MCD,regime_admission:failed:BULL_CALM,,0,2026-06-01-live-002d5971,0,2026-06-02 00:32:25,76d9432,,,True
2026-06-01,MMM,regime_admission:failed:BULL_CALM,,0,2026-06-01-live-002d5971,0,2026-06-02 00:32:25,76d9432,,,True
2026-06-01,MO,regime_admission:failed:BULL_CALM,,0,2026-06-01-live-002d5971,0,2026-06-02 00:32:25,76d9432,,,True
2026-06-01,MPWR,regime_admission:failed:BULL_CALM,,0,2026-06-01-live-002d5971,0,2026-06-02 00:32:25,76d9432,,,True
2026-06-01,MRK,regime_admission:failed:BULL_CALM,,0,2026-06-01-live-002d5971,0,2026-06-02 00:32:25,76d9432,,,True
2026-06-01,MS,regime_admission:failed:BULL_CALM,,0,2026-06-01-live-002d5971,0,2026-06-02 00:32:25,76d9432,,,True
2026-06-01,MSFT,regime_admission:failed:BULL_CALM,,0,2026-06-01-live-002d5971,0,2026-06-02 00:32:25,76d9432,,,True
2026-06-01,NEE,regime_admission:failed:BULL_CALM,,0,2026-06-01-live-002d5971,0,2026-06-02 00:32:25,76d9432,,,True
2026-06-01,NEM,regime_admission:failed:BULL_CALM,,0,2026-06-01-live-002d5971,0,2026-06-02 00:32:25,76d9432,,,True
2026-06-01,NVDA,regime_admission:failed:BULL_CALM,,0,2026-06-01-live-002d5971,0,2026-06-02 00:32:25,76d9432,,,True
2026-06-01,PG,regime_admission:failed:BULL_CALM,,0,2026-06-01-live-002d5971,0,2026-06-02 00:32:25,76d9432,,,True
2026-06-01,PH,regime_admission:failed:BULL_CALM,,0,2026-06-01-live-002d5971,0,2026-06-02 00:32:25,76d9432,,,True
2026-06-01,PLTR,regime_admission:failed:BULL_CALM,,0,2026-06-01-live-002d5971,0,2026-06-02 00:32:25,76d9432,,,True
2026-06-01,PM,regime_admission:failed:BULL_CALM,,0,2026-06-01-live-002d5971,0,2026-06-02 00:32:25,76d9432,,,True
2026-06-01,PNC,regime_admission:failed:BULL_CALM,,0,2026-06-01-live-002d5971,0,2026-06-02 00:32:25,76d9432,,,True
2026-06-01,PYPL,regime_admission:failed:BULL_CALM,,0,2026-06-01-live-002d5971,0,2026-06-02 00:32:25,76d9432,,,True
2026-06-01,ROST,regime_admission:failed:BULL_CALM,,0,2026-06-01-live-002d5971,0,2026-06-02 00:32:25,76d9432,,,True
2026-06-01,SCHW,regime_admission:failed:BULL_CALM,,0,2026-06-01-live-002d5971,0,2026-06-02 00:32:25,76d9432,,,True
2026-06-01,SO,regime_admission:failed:BULL_CALM,,0,2026-06-01-live-002d5971,0,2026-06-02 00:32:25,76d9432,,,True
2026-06-01,SPG,regime_admission:failed:BULL_CALM,,0,2026-06-01-live-002d5971,0,2026-06-02 00:32:25,76d9432,,,True
2026-06-01,T,regime_admission:failed:BULL_CALM,,0,2026-06-01-live-002d5971,0,2026-06-02 00:32:25,76d9432,,,True
2026-06-01,TJX,regime_admission:failed:BULL_CALM,,0,2026-06-01-live-002d5971,0,2026-06-02 00:32:25,76d9432,,,True
2026-06-01,TSM,regime_admission:failed:BULL_CALM,,0,2026-06-01-live-002d5971,0,2026-06-02 00:32:25,76d9432,,,True
2026-06-01,TXN,regime_admission:failed:BULL_CALM,,0,2026-06-01-live-002d5971,0,2026-06-02 00:32:25,76d9432,,,True
2026-06-01,UNH,regime_admission:failed:BULL_CALM,,0,2026-06-01-live-002d5971,0,2026-06-02 00:32:25,76d9432,,,True
2026-06-01,UNP,regime_admission:failed:BULL_CALM,,0,2026-06-01-live-002d5971,0,2026-06-02 00:32:25,76d9432,,,True
2026-06-01,V,regime_admission:failed:BULL_CALM,,0,2026-06-01-live-002d5971,0,2026-06-02 00:32:25,76d9432,,,True
2026-06-01,VLO,regime_admission:failed:BULL_CALM,,0,2026-06-01-live-002d5971,0,2026-06-02 00:32:25,76d9432,,,True
2026-06-01,VTR,regime_admission:failed:BULL_CALM,,0,2026-06-01-live-002d5971,0,2026-06-02 00:32:25,76d9432,,,True
2026-06-01,WELL,regime_admission:failed:BULL_CALM,,0,2026-06-01-live-002d5971,0,2026-06-02 00:32:25,76d9432,,,True
2026-06-01,WMB,regime_admission:failed:BULL_CALM,,0,2026-06-01-live-002d5971,0,2026-06-02 00:32:25,76d9432,,,True
2026-06-01,XLE,regime_admission:failed:BULL_CALM,,0,2026-06-01-live-002d5971,0,2026-06-02 00:32:25,76d9432,,,True
2026-06-01,XLF,regime_admission:failed:BULL_CALM,,0,2026-06-01-live-002d5971,0,2026-06-02 00:32:25,76d9432,,,True
2026-06-01,XLK,regime_admission:failed:BULL_CALM,,0,2026-06-01-live-002d5971,0,2026-06-02 00:32:25,76d9432,,,True
2026-06-01,XLU,regime_admission:failed:BULL_CALM,,0,2026-06-01-live-002d5971,0,2026-06-02 00:32:25,76d9432,,,True
2026-06-01,ZM,regime_admission:failed:BULL_CALM,,0,2026-06-01-live-002d5971,0,2026-06-02 00:32:25,76d9432,,,True
2026-06-01,AAPL,regime_admission:failed:BULL_CALM,,0,2026-06-01-live-ac43dd31,0,2026-06-02 00:36:33,76d9432,,,True
2026-06-01,ADI,regime_admission:failed:BULL_CALM,,0,2026-06-01-live-ac43dd31,0,2026-06-02 00:36:33,76d9432,,,True
2026-06-01,AEP,regime_admission:failed:BULL_CALM,,0,2026-06-01-live-ac43dd31,0,2026-06-02 00:36:33,76d9432,,,True
2026-06-01,AFRM,regime_admission:failed:BULL_CALM,,0,2026-06-01-live-ac43dd31,0,2026-06-02 00:36:33,76d9432,,,True
2026-06-01,AMAT,regime_admission:failed:BULL_CALM,,0,2026-06-01-live-ac43dd31,0,2026-06-02 00:36:33,76d9432,,,True
2026-06-01,AMZN,regime_admission:failed:BULL_CALM,,0,2026-06-01-live-ac43dd31,0,2026-06-02 00:36:33,76d9432,,,True
2026-06-01,ANET,regime_admission:failed:BULL_CALM,,0,2026-06-01-live-ac43dd31,0,2026-06-02 00:36:33,76d9432,,,True
2026-06-01,ASML,regime_admission:failed:BULL_CALM,,0,2026-06-01-live-ac43dd31,0,2026-06-02 00:36:33,76d9432,,,True
2026-06-01,AXP,regime_admission:failed:BULL_CALM,,0,2026-06-01-live-ac43dd31,0,2026-06-02 00:36:33,76d9432,,,True
2026-06-01,BLK,regime_admission:failed:BULL_CALM,,0,2026-06-01-live-ac43dd31,0,2026-06-02 00:36:33,76d9432,,,True
2026-06-01,BMY,regime_admission:failed:BULL_CALM,,0,2026-06-01-live-ac43dd31,0,2026-06-02 00:36:33,76d9432,,,True
2026-06-01,C,regime_admission:failed:BULL_CALM,,0,2026-06-01-live-ac43dd31,0,2026-06-02 00:36:33,76d9432,,,True
2026-06-01,CAT,regime_admission:failed:BULL_CALM,,0,2026-06-01-live-ac43dd31,0,2026-06-02 00:36:33,76d9432,,,True
2026-06-01,CME,regime_admission:failed:BULL_CALM,,0,2026-06-01-live-ac43dd31,0,2026-06-02 00:36:33,76d9432,,,True
2026-06-01,COST,regime_admission:failed:BULL_CALM,,0,2026-06-01-live-ac43dd31,0,2026-06-02 00:36:33,76d9432,,,True
2026-06-01,CRWD,regime_admission:failed:BULL_CALM,,0,2026-06-01-live-ac43dd31,0,2026-06-02 00:36:33,76d9432,,,True
2026-06-01,CVS,regime_admission:failed:BULL_CALM,,0,2026-06-01-live-ac43dd31,0,2026-06-02 00:36:33,76d9432,,,True
2026-06-01,DLR,regime_admission:failed:BULL_CALM,,0,2026-06-01-live-ac43dd31,0,2026-06-02 00:36:33,76d9432,,,True
2026-06-01,EMR,regime_admission:failed:BULL_CALM,,0,2026-06-01-live-ac43dd31,0,2026-06-02 00:36:33,76d9432,,,True
2026-06-01,EOG,regime_admission:failed:BULL_CALM,,0,2026-06-01-live-ac43dd31,0,2026-06-02 00:36:33,76d9432,,,True
2026-06-01,ETN,regime_admission:failed:BULL_CALM,,0,2026-06-01-live-ac43dd31,0,2026-06-02 00:36:33,76d9432,,,True
2026-06-01,FDX,regime_admission:failed:BULL_CALM,,0,2026-06-01-live-ac43dd31,0,2026-06-02 00:36:33,76d9432,,,True
2026-06-01,FTNT,regime_admission:failed:BULL_CALM,,0,2026-06-01-live-ac43dd31,0,2026-06-02 00:36:33,76d9432,,,True
2026-06-01,GE,regime_admission:failed:BULL_CALM,,0,2026-06-01-live-ac43dd31,0,2026-06-02 00:36:33,76d9432,,,True
2026-06-01,GLD,regime_admission:failed:BULL_CALM,,0,2026-06-01-live-ac43dd31,0,2026-06-02 00:36:33,76d9432,,,True
2026-06-01,GM,regime_admission:failed:BULL_CALM,,0,2026-06-01-live-ac43dd31,0,2026-06-02 00:36:33,76d9432,,,True
2026-06-01,GOOG,regime_admission:failed:BULL_CALM,,0,2026-06-01-live-ac43dd31,0,2026-06-02 00:36:33,76d9432,,,True
2026-06-01,HLT,regime_admission:failed:BULL_CALM,,0,2026-06-01-live-ac43dd31,0,2026-06-02 00:36:33,76d9432,,,True
2026-06-01,IBM,regime_admission:failed:BULL_CALM,,0,2026-06-01-live-ac43dd31,0,2026-06-02 00:36:33,76d9432,,,True
2026-06-01,JNJ,regime_admission:failed:BULL_CALM,,0,2026-06-01-live-ac43dd31,0,2026-06-02 00:36:33,76d9432,,,True
2026-06-01,JPM,regime_admission:failed:BULL_CALM,,0,2026-06-01-live-ac43dd31,0,2026-06-02 00:36:33,76d9432,,,True
2026-06-01,KLAC,regime_admission:failed:BULL_CALM,,0,2026-06-01-live-ac43dd31,0,2026-06-02 00:36:33,76d9432,,,True
2026-06-01,KMI,regime_admission:failed:BULL_CALM,,0,2026-06-01-live-ac43dd31,0,2026-06-02 00:36:33,76d9432,,,True
2026-06-01,KO,regime_admission:failed:BULL_CALM,,0,2026-06-01-live-ac43dd31,0,2026-06-02 00:36:33,76d9432,,,True
2026-06-01,LHX,regime_admission:failed:BULL_CALM,,0,2026-06-01-live-ac43dd31,0,2026-06-02 00:36:33,76d9432,,,True
2026-06-01,LRCX,regime_admission:failed:BULL_CALM,,0,2026-06-01-live-ac43dd31,0,2026-06-02 00:36:33,76d9432,,,True
2026-06-01,MCD,regime_admission:failed:BULL_CALM,,0,2026-06-01-live-ac43dd31,0,2026-06-02 00:36:33,76d9432,,,True
2026-06-01,MMM,regime_admission:failed:BULL_CALM,,0,2026-06-01-live-ac43dd31,0,2026-06-02 00:36:33,76d9432,,,True
2026-06-01,MO,regime_admission:failed:BULL_CALM,,0,2026-06-01-live-ac43dd31,0,2026-06-02 00:36:33,76d9432,,,True
2026-06-01,MPWR,regime_admission:failed:BULL_CALM,,0,2026-06-01-live-ac43dd31,0,2026-06-02 00:36:33,76d9432,,,True
2026-06-01,MRK,regime_admission:failed:BULL_CALM,,0,2026-06-01-live-ac43dd31,0,2026-06-02 00:36:33,76d9432,,,True
2026-06-01,MS,regime_admission:failed:BULL_CALM,,0,2026-06-01-live-ac43dd31,0,2026-06-02 00:36:33,76d9432,,,True
2026-06-01,MSFT,regime_admission:failed:BULL_CALM,,0,2026-06-01-live-ac43dd31,0,2026-06-02 00:36:33,76d9432,,,True
2026-06-01,NEE,regime_admission:failed:BULL_CALM,,0,2026-06-01-live-ac43dd31,0,2026-06-02 00:36:33,76d9432,,,True
2026-06-01,NEM,regime_admission:failed:BULL_CALM,,0,2026-06-01-live-ac43dd31,0,2026-06-02 00:36:33,76d9432,,,True
2026-06-01,NVDA,regime_admission:failed:BULL_CALM,,0,2026-06-01-live-ac43dd31,0,2026-06-02 00:36:33,76d9432,,,True
2026-06-01,PG,regime_admission:failed:BULL_CALM,,0,2026-06-01-live-ac43dd31,0,2026-06-02 00:36:33,76d9432,,,True
2026-06-01,PH,regime_admission:failed:BULL_CALM,,0,2026-06-01-live-ac43dd31,0,2026-06-02 00:36:33,76d9432,,,True
2026-06-01,PLTR,regime_admission:failed:BULL_CALM,,0,2026-06-01-live-ac43dd31,0,2026-06-02 00:36:33,76d9432,,,True
2026-06-01,PM,regime_admission:failed:BULL_CALM,,0,2026-06-01-live-ac43dd31,0,2026-06-02 00:36:33,76d9432,,,True
2026-06-01,PNC,regime_admission:failed:BULL_CALM,,0,2026-06-01-live-ac43dd31,0,2026-06-02 00:36:33,76d9432,,,True
2026-06-01,PYPL,regime_admission:failed:BULL_CALM,,0,2026-06-01-live-ac43dd31,0,2026-06-02 00:36:33,76d9432,,,True
2026-06-01,ROST,regime_admission:failed:BULL_CALM,,0,2026-06-01-live-ac43dd31,0,2026-06-02 00:36:33,76d9432,,,True
2026-06-01,SCHW,regime_admission:failed:BULL_CALM,,0,2026-06-01-live-ac43dd31,0,2026-06-02 00:36:33,76d9432,,,True
2026-06-01,SO,regime_admission:failed:BULL_CALM,,0,2026-06-01-live-ac43dd31,0,2026-06-02 00:36:33,76d9432,,,True
2026-06-01,SPG,regime_admission:failed:BULL_CALM,,0,2026-06-01-live-ac43dd31,0,2026-06-02 00:36:33,76d9432,,,True
2026-06-01,T,regime_admission:failed:BULL_CALM,,0,2026-06-01-live-ac43dd31,0,2026-06-02 00:36:33,76d9432,,,True
2026-06-01,TJX,regime_admission:failed:BULL_CALM,,0,2026-06-01-live-ac43dd31,0,2026-06-02 00:36:33,76d9432,,,True
2026-06-01,TSM,regime_admission:failed:BULL_CALM,,0,2026-06-01-live-ac43dd31,0,2026-06-02 00:36:33,76d9432,,,True
2026-06-01,TXN,regime_admission:failed:BULL_CALM,,0,2026-06-01-live-ac43dd31,0,2026-06-02 00:36:33,76d9432,,,True
2026-06-01,UNH,regime_admission:failed:BULL_CALM,,0,2026-06-01-live-ac43dd31,0,2026-06-02 00:36:33,76d9432,,,True
2026-06-01,UNP,regime_admission:failed:BULL_CALM,,0,2026-06-01-live-ac43dd31,0,2026-06-02 00:36:33,76d9432,,,True
2026-06-01,V,regime_admission:failed:BULL_CALM,,0,2026-06-01-live-ac43dd31,0,2026-06-02 00:36:33,76d9432,,,True
2026-06-01,VLO,regime_admission:failed:BULL_CALM,,0,2026-06-01-live-ac43dd31,0,2026-06-02 00:36:33,76d9432,,,True
2026-06-01,VTR,regime_admission:failed:BULL_CALM,,0,2026-06-01-live-ac43dd31,0,2026-06-02 00:36:33,76d9432,,,True
2026-06-01,WELL,regime_admission:failed:BULL_CALM,,0,2026-06-01-live-ac43dd31,0,2026-06-02 00:36:33,76d9432,,,True
2026-06-01,WMB,regime_admission:failed:BULL_CALM,,0,2026-06-01-live-ac43dd31,0,2026-06-02 00:36:33,76d9432,,,True
2026-06-01,XLE,regime_admission:failed:BULL_CALM,,0,2026-06-01-live-ac43dd31,0,2026-06-02 00:36:33,76d9432,,,True
2026-06-01,XLF,regime_admission:failed:BULL_CALM,,0,2026-06-01-live-ac43dd31,0,2026-06-02 00:36:33,76d9432,,,True
2026-06-01,XLK,regime_admission:failed:BULL_CALM,,0,2026-06-01-live-ac43dd31,0,2026-06-02 00:36:33,76d9432,,,True
2026-06-01,XLU,regime_admission:failed:BULL_CALM,,0,2026-06-01-live-ac43dd31,0,2026-06-02 00:36:33,76d9432,,,True
2026-06-01,ZM,regime_admission:failed:BULL_CALM,,0,2026-06-01-live-ac43dd31,0,2026-06-02 00:36:33,76d9432,,,True
2026-06-01,AAPL,regime_admission:failed:BULL_CALM,,0,2026-06-01-live-a5c209a1,0,2026-06-02 00:52:52,c045158,,,True
2026-06-01,ADI,regime_admission:failed:BULL_CALM,,0,2026-06-01-live-a5c209a1,0,2026-06-02 00:52:52,c045158,,,True
2026-06-01,AEP,regime_admission:failed:BULL_CALM,,0,2026-06-01-live-a5c209a1,0,2026-06-02 00:52:52,c045158,,,True
2026-06-01,AFRM,regime_admission:failed:BULL_CALM,,0,2026-06-01-live-a5c209a1,0,2026-06-02 00:52:52,c045158,,,True
2026-06-01,AMAT,regime_admission:failed:BULL_CALM,,0,2026-06-01-live-a5c209a1,0,2026-06-02 00:52:52,c045158,,,True
2026-06-01,AMZN,regime_admission:failed:BULL_CALM,,0,2026-06-01-live-a5c209a1,0,2026-06-02 00:52:52,c045158,,,True
2026-06-01,ANET,regime_admission:failed:BULL_CALM,,0,2026-06-01-live-a5c209a1,0,2026-06-02 00:52:52,c045158,,,True
2026-06-01,ASML,regime_admission:failed:BULL_CALM,,0,2026-06-01-live-a5c209a1,0,2026-06-02 00:52:52,c045158,,,True
2026-06-01,AXP,regime_admission:failed:BULL_CALM,,0,2026-06-01-live-a5c209a1,0,2026-06-02 00:52:52,c045158,,,True
2026-06-01,BLK,regime_admission:failed:BULL_CALM,,0,2026-06-01-live-a5c209a1,0,2026-06-02 00:52:52,c045158,,,True
2026-06-01,BMY,regime_admission:failed:BULL_CALM,,0,2026-06-01-live-a5c209a1,0,2026-06-02 00:52:52,c045158,,,True
2026-06-01,C,regime_admission:failed:BULL_CALM,,0,2026-06-01-live-a5c209a1,0,2026-06-02 00:52:52,c045158,,,True
2026-06-01,CAT,regime_admission:failed:BULL_CALM,,0,2026-06-01-live-a5c209a1,0,2026-06-02 00:52:52,c045158,,,True
2026-06-01,CME,regime_admission:failed:BULL_CALM,,0,2026-06-01-live-a5c209a1,0,2026-06-02 00:52:52,c045158,,,True
2026-06-01,COST,regime_admission:failed:BULL_CALM,,0,2026-06-01-live-a5c209a1,0,2026-06-02 00:52:52,c045158,,,True
2026-06-01,CRWD,regime_admission:failed:BULL_CALM,,0,2026-06-01-live-a5c209a1,0,2026-06-02 00:52:52,c045158,,,True
2026-06-01,CVS,regime_admission:failed:BULL_CALM,,0,2026-06-01-live-a5c209a1,0,2026-06-02 00:52:52,c045158,,,True
2026-06-01,DLR,regime_admission:failed:BULL_CALM,,0,2026-06-01-live-a5c209a1,0,2026-06-02 00:52:52,c045158,,,True
2026-06-01,EMR,regime_admission:failed:BULL_CALM,,0,2026-06-01-live-a5c209a1,0,2026-06-02 00:52:52,c045158,,,True
2026-06-01,EOG,regime_admission:failed:BULL_CALM,,0,2026-06-01-live-a5c209a1,0,2026-06-02 00:52:52,c045158,,,True
2026-06-01,ETN,regime_admission:failed:BULL_CALM,,0,2026-06-01-live-a5c209a1,0,2026-06-02 00:52:52,c045158,,,True
2026-06-01,FDX,regime_admission:failed:BULL_CALM,,0,2026-06-01-live-a5c209a1,0,2026-06-02 00:52:52,c045158,,,True
2026-06-01,FTNT,regime_admission:failed:BULL_CALM,,0,2026-06-01-live-a5c209a1,0,2026-06-02 00:52:52,c045158,,,True
2026-06-01,GE,regime_admission:failed:BULL_CALM,,0,2026-06-01-live-a5c209a1,0,2026-06-02 00:52:52,c045158,,,True
2026-06-01,GLD,regime_admission:failed:BULL_CALM,,0,2026-06-01-live-a5c209a1,0,2026-06-02 00:52:52,c045158,,,True
2026-06-01,GM,regime_admission:failed:BULL_CALM,,0,2026-06-01-live-a5c209a1,0,2026-06-02 00:52:52,c045158,,,True
2026-06-01,GOOG,regime_admission:failed:BULL_CALM,,0,2026-06-01-live-a5c209a1,0,2026-06-02 00:52:52,c045158,,,True
2026-06-01,HLT,regime_admission:failed:BULL_CALM,,0,2026-06-01-live-a5c209a1,0,2026-06-02 00:52:52,c045158,,,True
2026-06-01,IBM,regime_admission:failed:BULL_CALM,,0,2026-06-01-live-a5c209a1,0,2026-06-02 00:52:52,c045158,,,True
2026-06-01,JNJ,regime_admission:failed:BULL_CALM,,0,2026-06-01-live-a5c209a1,0,2026-06-02 00:52:52,c045158,,,True
2026-06-01,JPM,regime_admission:failed:BULL_CALM,,0,2026-06-01-live-a5c209a1,0,2026-06-02 00:52:52,c045158,,,True
2026-06-01,KLAC,regime_admission:failed:BULL_CALM,,0,2026-06-01-live-a5c209a1,0,2026-06-02 00:52:52,c045158,,,True
2026-06-01,KMI,regime_admission:failed:BULL_CALM,,0,2026-06-01-live-a5c209a1,0,2026-06-02 00:52:52,c045158,,,True
2026-06-01,KO,regime_admission:failed:BULL_CALM,,0,2026-06-01-live-a5c209a1,0,2026-06-02 00:52:52,c045158,,,True
2026-06-01,LHX,regime_admission:failed:BULL_CALM,,0,2026-06-01-live-a5c209a1,0,2026-06-02 00:52:52,c045158,,,True
2026-06-01,LRCX,regime_admission:failed:BULL_CALM,,0,2026-06-01-live-a5c209a1,0,2026-06-02 00:52:52,c045158,,,True
2026-06-01,MCD,regime_admission:failed:BULL_CALM,,0,2026-06-01-live-a5c209a1,0,2026-06-02 00:52:52,c045158,,,True
2026-06-01,MMM,regime_admission:failed:BULL_CALM,,0,2026-06-01-live-a5c209a1,0,2026-06-02 00:52:52,c045158,,,True
2026-06-01,MO,regime_admission:failed:BULL_CALM,,0,2026-06-01-live-a5c209a1,0,2026-06-02 00:52:52,c045158,,,True
2026-06-01,MPWR,regime_admission:failed:BULL_CALM,,0,2026-06-01-live-a5c209a1,0,2026-06-02 00:52:52,c045158,,,True
2026-06-01,MRK,regime_admission:failed:BULL_CALM,,0,2026-06-01-live-a5c209a1,0,2026-06-02 00:52:52,c045158,,,True
2026-06-01,MS,regime_admission:failed:BULL_CALM,,0,2026-06-01-live-a5c209a1,0,2026-06-02 00:52:52,c045158,,,True
2026-06-01,MSFT,regime_admission:failed:BULL_CALM,,0,2026-06-01-live-a5c209a1,0,2026-06-02 00:52:52,c045158,,,True
2026-06-01,NEE,regime_admission:failed:BULL_CALM,,0,2026-06-01-live-a5c209a1,0,2026-06-02 00:52:52,c045158,,,True
2026-06-01,NEM,regime_admission:failed:BULL_CALM,,0,2026-06-01-live-a5c209a1,0,2026-06-02 00:52:52,c045158,,,True
2026-06-01,NVDA,regime_admission:failed:BULL_CALM,,0,2026-06-01-live-a5c209a1,0,2026-06-02 00:52:52,c045158,,,True
2026-06-01,PG,regime_admission:failed:BULL_CALM,,0,2026-06-01-live-a5c209a1,0,2026-06-02 00:52:52,c045158,,,True
2026-06-01,PH,regime_admission:failed:BULL_CALM,,0,2026-06-01-live-a5c209a1,0,2026-06-02 00:52:52,c045158,,,True
2026-06-01,PLTR,regime_admission:failed:BULL_CALM,,0,2026-06-01-live-a5c209a1,0,2026-06-02 00:52:52,c045158,,,True
2026-06-01,PM,regime_admission:failed:BULL_CALM,,0,2026-06-01-live-a5c209a1,0,2026-06-02 00:52:52,c045158,,,True
2026-06-01,PNC,regime_admission:failed:BULL_CALM,,0,2026-06-01-live-a5c209a1,0,2026-06-02 00:52:52,c045158,,,True
2026-06-01,PYPL,regime_admission:failed:BULL_CALM,,0,2026-06-01-live-a5c209a1,0,2026-06-02 00:52:52,c045158,,,True
2026-06-01,ROST,regime_admission:failed:BULL_CALM,,0,2026-06-01-live-a5c209a1,0,2026-06-02 00:52:52,c045158,,,True
2026-06-01,SCHW,regime_admission:failed:BULL_CALM,,0,2026-06-01-live-a5c209a1,0,2026-06-02 00:52:52,c045158,,,True
2026-06-01,SO,regime_admission:failed:BULL_CALM,,0,2026-06-01-live-a5c209a1,0,2026-06-02 00:52:52,c045158,,,True
2026-06-01,SPG,regime_admission:failed:BULL_CALM,,0,2026-06-01-live-a5c209a1,0,2026-06-02 00:52:52,c045158,,,True
2026-06-01,T,regime_admission:failed:BULL_CALM,,0,2026-06-01-live-a5c209a1,0,2026-06-02 00:52:52,c045158,,,True
2026-06-01,TJX,regime_admission:failed:BULL_CALM,,0,2026-06-01-live-a5c209a1,0,2026-06-02 00:52:52,c045158,,,True
2026-06-01,TSM,regime_admission:failed:BULL_CALM,,0,2026-06-01-live-a5c209a1,0,2026-06-02 00:52:52,c045158,,,True
2026-06-01,TXN,regime_admission:failed:BULL_CALM,,0,2026-06-01-live-a5c209a1,0,2026-06-02 00:52:52,c045158,,,True
2026-06-01,UNH,regime_admission:failed:BULL_CALM,,0,2026-06-01-live-a5c209a1,0,2026-06-02 00:52:52,c045158,,,True
2026-06-01,UNP,regime_admission:failed:BULL_CALM,,0,2026-06-01-live-a5c209a1,0,2026-06-02 00:52:52,c045158,,,True
2026-06-01,V,regime_admission:failed:BULL_CALM,,0,2026-06-01-live-a5c209a1,0,2026-06-02 00:52:52,c045158,,,True
2026-06-01,VLO,regime_admission:failed:BULL_CALM,,0,2026-06-01-live-a5c209a1,0,2026-06-02 00:52:52,c045158,,,True
2026-06-01,VTR,regime_admission:failed:BULL_CALM,,0,2026-06-01-live-a5c209a1,0,2026-06-02 00:52:52,c045158,,,True
2026-06-01,WELL,regime_admission:failed:BULL_CALM,,0,2026-06-01-live-a5c209a1,0,2026-06-02 00:52:52,c045158,,,True
2026-06-01,WMB,regime_admission:failed:BULL_CALM,,0,2026-06-01-live-a5c209a1,0,2026-06-02 00:52:52,c045158,,,True
2026-06-01,XLE,regime_admission:failed:BULL_CALM,,0,2026-06-01-live-a5c209a1,0,2026-06-02 00:52:52,c045158,,,True
2026-06-01,XLF,regime_admission:failed:BULL_CALM,,0,2026-06-01-live-a5c209a1,0,2026-06-02 00:52:52,c045158,,,True
2026-06-01,XLK,regime_admission:failed:BULL_CALM,,0,2026-06-01-live-a5c209a1,0,2026-06-02 00:52:52,c045158,,,True
2026-06-01,XLU,regime_admission:failed:BULL_CALM,,0,2026-06-01-live-a5c209a1,0,2026-06-02 00:52:52,c045158,,,True
2026-06-01,ZM,regime_admission:failed:BULL_CALM,,0,2026-06-01-live-a5c209a1,0,2026-06-02 00:52:52,c045158,,,True
2026-06-01,AAPL,regime_admission:failed:BULL_CALM,,0,2026-06-01-live-e13444ee,0,2026-06-02 00:59:15,c045158,,,True
2026-06-01,ADI,regime_admission:failed:BULL_CALM,,0,2026-06-01-live-e13444ee,0,2026-06-02 00:59:15,c045158,,,True
2026-06-01,AEP,regime_admission:failed:BULL_CALM,,0,2026-06-01-live-e13444ee,0,2026-06-02 00:59:15,c045158,,,True
2026-06-01,AFRM,regime_admission:failed:BULL_CALM,,0,2026-06-01-live-e13444ee,0,2026-06-02 00:59:15,c045158,,,True
2026-06-01,AMAT,regime_admission:failed:BULL_CALM,,0,2026-06-01-live-e13444ee,0,2026-06-02 00:59:15,c045158,,,True
2026-06-01,AMZN,regime_admission:failed:BULL_CALM,,0,2026-06-01-live-e13444ee,0,2026-06-02 00:59:15,c045158,,,True
2026-06-01,ANET,regime_admission:failed:BULL_CALM,,0,2026-06-01-live-e13444ee,0,2026-06-02 00:59:15,c045158,,,True
2026-06-01,ASML,regime_admission:failed:BULL_CALM,,0,2026-06-01-live-e13444ee,0,2026-06-02 00:59:15,c045158,,,True
2026-06-01,AXP,regime_admission:failed:BULL_CALM,,0,2026-06-01-live-e13444ee,0,2026-06-02 00:59:15,c045158,,,True
2026-06-01,BLK,regime_admission:failed:BULL_CALM,,0,2026-06-01-live-e13444ee,0,2026-06-02 00:59:15,c045158,,,True
2026-06-01,BMY,regime_admission:failed:BULL_CALM,,0,2026-06-01-live-e13444ee,0,2026-06-02 00:59:15,c045158,,,True
2026-06-01,C,regime_admission:failed:BULL_CALM,,0,2026-06-01-live-e13444ee,0,2026-06-02 00:59:15,c045158,,,True
2026-06-01,CAT,regime_admission:failed:BULL_CALM,,0,2026-06-01-live-e13444ee,0,2026-06-02 00:59:15,c045158,,,True
2026-06-01,CME,regime_admission:failed:BULL_CALM,,0,2026-06-01-live-e13444ee,0,2026-06-02 00:59:15,c045158,,,True
2026-06-01,COST,regime_admission:failed:BULL_CALM,,0,2026-06-01-live-e13444ee,0,2026-06-02 00:59:15,c045158,,,True
2026-06-01,CRWD,regime_admission:failed:BULL_CALM,,0,2026-06-01-live-e13444ee,0,2026-06-02 00:59:15,c045158,,,True
2026-06-01,CVS,regime_admission:failed:BULL_CALM,,0,2026-06-01-live-e13444ee,0,2026-06-02 00:59:15,c045158,,,True
2026-06-01,DLR,regime_admission:failed:BULL_CALM,,0,2026-06-01-live-e13444ee,0,2026-06-02 00:59:15,c045158,,,True
2026-06-01,EMR,regime_admission:failed:BULL_CALM,,0,2026-06-01-live-e13444ee,0,2026-06-02 00:59:15,c045158,,,True
2026-06-01,EOG,regime_admission:failed:BULL_CALM,,0,2026-06-01-live-e13444ee,0,2026-06-02 00:59:15,c045158,,,True
2026-06-01,ETN,regime_admission:failed:BULL_CALM,,0,2026-06-01-live-e13444ee,0,2026-06-02 00:59:15,c045158,,,True
2026-06-01,FDX,regime_admission:failed:BULL_CALM,,0,2026-06-01-live-e13444ee,0,2026-06-02 00:59:15,c045158,,,True
2026-06-01,FTNT,regime_admission:failed:BULL_CALM,,0,2026-06-01-live-e13444ee,0,2026-06-02 00:59:15,c045158,,,True
2026-06-01,GE,regime_admission:failed:BULL_CALM,,0,2026-06-01-live-e13444ee,0,2026-06-02 00:59:15,c045158,,,True
2026-06-01,GLD,regime_admission:failed:BULL_CALM,,0,2026-06-01-live-e13444ee,0,2026-06-02 00:59:15,c045158,,,True
2026-06-01,GM,regime_admission:failed:BULL_CALM,,0,2026-06-01-live-e13444ee,0,2026-06-02 00:59:15,c045158,,,True
2026-06-01,GOOG,regime_admission:failed:BULL_CALM,,0,2026-06-01-live-e13444ee,0,2026-06-02 00:59:15,c045158,,,True
2026-06-01,HLT,regime_admission:failed:BULL_CALM,,0,2026-06-01-live-e13444ee,0,2026-06-02 00:59:15,c045158,,,True
2026-06-01,IBM,regime_admission:failed:BULL_CALM,,0,2026-06-01-live-e13444ee,0,2026-06-02 00:59:15,c045158,,,True
2026-06-01,JNJ,regime_admission:failed:BULL_CALM,,0,2026-06-01-live-e13444ee,0,2026-06-02 00:59:15,c045158,,,True
2026-06-01,JPM,regime_admission:failed:BULL_CALM,,0,2026-06-01-live-e13444ee,0,2026-06-02 00:59:15,c045158,,,True
2026-06-01,KLAC,regime_admission:failed:BULL_CALM,,0,2026-06-01-live-e13444ee,0,2026-06-02 00:59:15,c045158,,,True
2026-06-01,KMI,regime_admission:failed:BULL_CALM,,0,2026-06-01-live-e13444ee,0,2026-06-02 00:59:15,c045158,,,True
2026-06-01,KO,regime_admission:failed:BULL_CALM,,0,2026-06-01-live-e13444ee,0,2026-06-02 00:59:15,c045158,,,True
2026-06-01,LHX,regime_admission:failed:BULL_CALM,,0,2026-06-01-live-e13444ee,0,2026-06-02 00:59:15,c045158,,,True
2026-06-01,LRCX,regime_admission:failed:BULL_CALM,,0,2026-06-01-live-e13444ee,0,2026-06-02 00:59:15,c045158,,,True
2026-06-01,MCD,regime_admission:failed:BULL_CALM,,0,2026-06-01-live-e13444ee,0,2026-06-02 00:59:15,c045158,,,True
2026-06-01,MMM,regime_admission:failed:BULL_CALM,,0,2026-06-01-live-e13444ee,0,2026-06-02 00:59:15,c045158,,,True
2026-06-01,MO,regime_admission:failed:BULL_CALM,,0,2026-06-01-live-e13444ee,0,2026-06-02 00:59:15,c045158,,,True
2026-06-01,MPWR,regime_admission:failed:BULL_CALM,,0,2026-06-01-live-e13444ee,0,2026-06-02 00:59:15,c045158,,,True
2026-06-01,MRK,regime_admission:failed:BULL_CALM,,0,2026-06-01-live-e13444ee,0,2026-06-02 00:59:15,c045158,,,True
2026-06-01,MS,regime_admission:failed:BULL_CALM,,0,2026-06-01-live-e13444ee,0,2026-06-02 00:59:15,c045158,,,True
2026-06-01,MSFT,regime_admission:failed:BULL_CALM,,0,2026-06-01-live-e13444ee,0,2026-06-02 00:59:15,c045158,,,True
2026-06-01,NEE,regime_admission:failed:BULL_CALM,,0,2026-06-01-live-e13444ee,0,2026-06-02 00:59:15,c045158,,,True
2026-06-01,NEM,regime_admission:failed:BULL_CALM,,0,2026-06-01-live-e13444ee,0,2026-06-02 00:59:15,c045158,,,True
2026-06-01,NVDA,regime_admission:failed:BULL_CALM,,0,2026-06-01-live-e13444ee,0,2026-06-02 00:59:15,c045158,,,True
2026-06-01,PG,regime_admission:failed:BULL_CALM,,0,2026-06-01-live-e13444ee,0,2026-06-02 00:59:15,c045158,,,True
2026-06-01,PH,regime_admission:failed:BULL_CALM,,0,2026-06-01-live-e13444ee,0,2026-06-02 00:59:15,c045158,,,True
2026-06-01,PLTR,regime_admission:failed:BULL_CALM,,0,2026-06-01-live-e13444ee,0,2026-06-02 00:59:15,c045158,,,True
2026-06-01,PM,regime_admission:failed:BULL_CALM,,0,2026-06-01-live-e13444ee,0,2026-06-02 00:59:15,c045158,,,True
2026-06-01,PNC,regime_admission:failed:BULL_CALM,,0,2026-06-01-live-e13444ee,0,2026-06-02 00:59:15,c045158,,,True
2026-06-01,PYPL,regime_admission:failed:BULL_CALM,,0,2026-06-01-live-e13444ee,0,2026-06-02 00:59:15,c045158,,,True
2026-06-01,ROST,regime_admission:failed:BULL_CALM,,0,2026-06-01-live-e13444ee,0,2026-06-02 00:59:15,c045158,,,True
2026-06-01,SCHW,regime_admission:failed:BULL_CALM,,0,2026-06-01-live-e13444ee,0,2026-06-02 00:59:15,c045158,,,True
2026-06-01,SO,regime_admission:failed:BULL_CALM,,0,2026-06-01-live-e13444ee,0,2026-06-02 00:59:15,c045158,,,True
2026-06-01,SPG,regime_admission:failed:BULL_CALM,,0,2026-06-01-live-e13444ee,0,2026-06-02 00:59:15,c045158,,,True
2026-06-01,T,regime_admission:failed:BULL_CALM,,0,2026-06-01-live-e13444ee,0,2026-06-02 00:59:15,c045158,,,True
2026-06-01,TJX,regime_admission:failed:BULL_CALM,,0,2026-06-01-live-e13444ee,0,2026-06-02 00:59:15,c045158,,,True
2026-06-01,TSM,regime_admission:failed:BULL_CALM,,0,2026-06-01-live-e13444ee,0,2026-06-02 00:59:15,c045158,,,True
2026-06-01,TXN,regime_admission:failed:BULL_CALM,,0,2026-06-01-live-e13444ee,0,2026-06-02 00:59:15,c045158,,,True
2026-06-01,UNH,regime_admission:failed:BULL_CALM,,0,2026-06-01-live-e13444ee,0,2026-06-02 00:59:15,c045158,,,True
2026-06-01,UNP,regime_admission:failed:BULL_CALM,,0,2026-06-01-live-e13444ee,0,2026-06-02 00:59:15,c045158,,,True
2026-06-01,V,regime_admission:failed:BULL_CALM,,0,2026-06-01-live-e13444ee,0,2026-06-02 00:59:15,c045158,,,True
2026-06-01,VLO,regime_admission:failed:BULL_CALM,,0,2026-06-01-live-e13444ee,0,2026-06-02 00:59:15,c045158,,,True
2026-06-01,VTR,regime_admission:failed:BULL_CALM,,0,2026-06-01-live-e13444ee,0,2026-06-02 00:59:15,c045158,,,True
2026-06-01,WELL,regime_admission:failed:BULL_CALM,,0,2026-06-01-live-e13444ee,0,2026-06-02 00:59:15,c045158,,,True
2026-06-01,WMB,regime_admission:failed:BULL_CALM,,0,2026-06-01-live-e13444ee,0,2026-06-02 00:59:15,c045158,,,True
2026-06-01,XLE,regime_admission:failed:BULL_CALM,,0,2026-06-01-live-e13444ee,0,2026-06-02 00:59:15,c045158,,,True
2026-06-01,XLF,regime_admission:failed:BULL_CALM,,0,2026-06-01-live-e13444ee,0,2026-06-02 00:59:15,c045158,,,True
2026-06-01,XLK,regime_admission:failed:BULL_CALM,,0,2026-06-01-live-e13444ee,0,2026-06-02 00:59:15,c045158,,,True
2026-06-01,XLU,regime_admission:failed:BULL_CALM,,0,2026-06-01-live-e13444ee,0,2026-06-02 00:59:15,c045158,,,True
2026-06-01,ZM,regime_admission:failed:BULL_CALM,,0,2026-06-01-live-e13444ee,0,2026-06-02 00:59:15,c045158,,,True
2026-06-01,AAPL,regime_admission:failed:BULL_CALM,,0,2026-06-01-live-84c3b0cb,0,2026-06-02 01:13:56,c9b0181,,,True
2026-06-01,ADI,regime_admission:failed:BULL_CALM,,0,2026-06-01-live-84c3b0cb,0,2026-06-02 01:13:56,c9b0181,,,True
2026-06-01,AEP,regime_admission:failed:BULL_CALM,,0,2026-06-01-live-84c3b0cb,0,2026-06-02 01:13:56,c9b0181,,,True
2026-06-01,AFRM,regime_admission:failed:BULL_CALM,,0,2026-06-01-live-84c3b0cb,0,2026-06-02 01:13:56,c9b0181,,,True
2026-06-01,AMAT,regime_admission:failed:BULL_CALM,,0,2026-06-01-live-84c3b0cb,0,2026-06-02 01:13:56,c9b0181,,,True
2026-06-01,AMZN,regime_admission:failed:BULL_CALM,,0,2026-06-01-live-84c3b0cb,0,2026-06-02 01:13:56,c9b0181,,,True
2026-06-01,ASML,regime_admission:failed:BULL_CALM,,0,2026-06-01-live-84c3b0cb,0,2026-06-02 01:13:56,c9b0181,,,True
2026-06-01,AXP,regime_admission:failed:BULL_CALM,,0,2026-06-01-live-84c3b0cb,0,2026-06-02 01:13:56,c9b0181,,,True
2026-06-01,BLK,regime_admission:failed:BULL_CALM,,0,2026-06-01-live-84c3b0cb,0,2026-06-02 01:13:56,c9b0181,,,True
2026-06-01,BMY,regime_admission:failed:BULL_CALM,,0,2026-06-01-live-84c3b0cb,0,2026-06-02 01:13:56,c9b0181,,,True
2026-06-01,C,regime_admission:failed:BULL_CALM,,0,2026-06-01-live-84c3b0cb,0,2026-06-02 01:13:56,c9b0181,,,True
2026-06-01,CAT,regime_admission:failed:BULL_CALM,,0,2026-06-01-live-84c3b0cb,0,2026-06-02 01:13:56,c9b0181,,,True
2026-06-01,CME,regime_admission:failed:BULL_CALM,,0,2026-06-01-live-84c3b0cb,0,2026-06-02 01:13:56,c9b0181,,,True
2026-06-01,COST,regime_admission:failed:BULL_CALM,,0,2026-06-01-live-84c3b0cb,0,2026-06-02 01:13:56,c9b0181,,,True
2026-06-01,CRWD,regime_admission:failed:BULL_CALM,,0,2026-06-01-live-84c3b0cb,0,2026-06-02 01:13:56,c9b0181,,,True
2026-06-01,CVS,regime_admission:failed:BULL_CALM,,0,2026-06-01-live-84c3b0cb,0,2026-06-02 01:13:56,c9b0181,,,True
2026-06-01,DLR,regime_admission:failed:BULL_CALM,,0,2026-06-01-live-84c3b0cb,0,2026-06-02 01:13:56,c9b0181,,,True
2026-06-01,EMR,regime_admission:failed:BULL_CALM,,0,2026-06-01-live-84c3b0cb,0,2026-06-02 01:13:56,c9b0181,,,True
2026-06-01,EOG,regime_admission:failed:BULL_CALM,,0,2026-06-01-live-84c3b0cb,0,2026-06-02 01:13:56,c9b0181,,,True
2026-06-01,ETN,regime_admission:failed:BULL_CALM,,0,2026-06-01-live-84c3b0cb,0,2026-06-02 01:13:56,c9b0181,,,True
2026-06-01,FDX,regime_admission:failed:BULL_CALM,,0,2026-06-01-live-84c3b0cb,0,2026-06-02 01:13:56,c9b0181,,,True
2026-06-01,FTNT,regime_admission:failed:BULL_CALM,,0,2026-06-01-live-84c3b0cb,0,2026-06-02 01:13:56,c9b0181,,,True
2026-06-01,GE,regime_admission:failed:BULL_CALM,,0,2026-06-01-live-84c3b0cb,0,2026-06-02 01:13:56,c9b0181,,,True
2026-06-01,GLD,regime_admission:failed:BULL_CALM,,0,2026-06-01-live-84c3b0cb,0,2026-06-02 01:13:56,c9b0181,,,True
2026-06-01,GM,regime_admission:failed:BULL_CALM,,0,2026-06-01-live-84c3b0cb,0,2026-06-02 01:13:56,c9b0181,,,True
2026-06-01,GOOG,regime_admission:failed:BULL_CALM,,0,2026-06-01-live-84c3b0cb,0,2026-06-02 01:13:56,c9b0181,,,True
2026-06-01,HLT,regime_admission:failed:BULL_CALM,,0,2026-06-01-live-84c3b0cb,0,2026-06-02 01:13:56,c9b0181,,,True
2026-06-01,IBM,regime_admission:failed:BULL_CALM,,0,2026-06-01-live-84c3b0cb,0,2026-06-02 01:13:56,c9b0181,,,True
2026-06-01,JNJ,regime_admission:failed:BULL_CALM,,0,2026-06-01-live-84c3b0cb,0,2026-06-02 01:13:56,c9b0181,,,True
2026-06-01,JPM,regime_admission:failed:BULL_CALM,,0,2026-06-01-live-84c3b0cb,0,2026-06-02 01:13:56,c9b0181,,,True
2026-06-01,KLAC,regime_admission:failed:BULL_CALM,,0,2026-06-01-live-84c3b0cb,0,2026-06-02 01:13:56,c9b0181,,,True
2026-06-01,KMI,regime_admission:failed:BULL_CALM,,0,2026-06-01-live-84c3b0cb,0,2026-06-02 01:13:56,c9b0181,,,True
2026-06-01,KO,regime_admission:failed:BULL_CALM,,0,2026-06-01-live-84c3b0cb,0,2026-06-02 01:13:56,c9b0181,,,True
2026-06-01,LHX,regime_admission:failed:BULL_CALM,,0,2026-06-01-live-84c3b0cb,0,2026-06-02 01:13:56,c9b0181,,,True
2026-06-01,LRCX,regime_admission:failed:BULL_CALM,,0,2026-06-01-live-84c3b0cb,0,2026-06-02 01:13:56,c9b0181,,,True
2026-06-01,MCD,regime_admission:failed:BULL_CALM,,0,2026-06-01-live-84c3b0cb,0,2026-06-02 01:13:56,c9b0181,,,True
2026-06-01,MMM,regime_admission:failed:BULL_CALM,,0,2026-06-01-live-84c3b0cb,0,2026-06-02 01:13:56,c9b0181,,,True
2026-06-01,MO,regime_admission:failed:BULL_CALM,,0,2026-06-01-live-84c3b0cb,0,2026-06-02 01:13:56,c9b0181,,,True
2026-06-01,MPWR,regime_admission:failed:BULL_CALM,,0,2026-06-01-live-84c3b0cb,0,2026-06-02 01:13:56,c9b0181,,,True
2026-06-01,MRK,regime_admission:failed:BULL_CALM,,0,2026-06-01-live-84c3b0cb,0,2026-06-02 01:13:56,c9b0181,,,True
2026-06-01,MS,regime_admission:failed:BULL_CALM,,0,2026-06-01-live-84c3b0cb,0,2026-06-02 01:13:56,c9b0181,,,True
2026-06-01,MSFT,regime_admission:failed:BULL_CALM,,0,2026-06-01-live-84c3b0cb,0,2026-06-02 01:13:56,c9b0181,,,True
2026-06-01,NEE,regime_admission:failed:BULL_CALM,,0,2026-06-01-live-84c3b0cb,0,2026-06-02 01:13:56,c9b0181,,,True
2026-06-01,NEM,regime_admission:failed:BULL_CALM,,0,2026-06-01-live-84c3b0cb,0,2026-06-02 01:13:56,c9b0181,,,True
2026-06-01,NVDA,regime_admission:failed:BULL_CALM,,0,2026-06-01-live-84c3b0cb,0,2026-06-02 01:13:56,c9b0181,,,True
2026-06-01,PG,regime_admission:failed:BULL_CALM,,0,2026-06-01-live-84c3b0cb,0,2026-06-02 01:13:56,c9b0181,,,True
2026-06-01,PH,regime_admission:failed:BULL_CALM,,0,2026-06-01-live-84c3b0cb,0,2026-06-02 01:13:56,c9b0181,,,True
2026-06-01,PLTR,regime_admission:failed:BULL_CALM,,0,2026-06-01-live-84c3b0cb,0,2026-06-02 01:13:56,c9b0181,,,True
2026-06-01,PM,regime_admission:failed:BULL_CALM,,0,2026-06-01-live-84c3b0cb,0,2026-06-02 01:13:56,c9b0181,,,True
2026-06-01,PNC,regime_admission:failed:BULL_CALM,,0,2026-06-01-live-84c3b0cb,0,2026-06-02 01:13:56,c9b0181,,,True
2026-06-01,PYPL,regime_admission:failed:BULL_CALM,,0,2026-06-01-live-84c3b0cb,0,2026-06-02 01:13:56,c9b0181,,,True
2026-06-01,ROST,regime_admission:failed:BULL_CALM,,0,2026-06-01-live-84c3b0cb,0,2026-06-02 01:13:56,c9b0181,,,True
2026-06-01,SCHW,regime_admission:failed:BULL_CALM,,0,2026-06-01-live-84c3b0cb,0,2026-06-02 01:13:56,c9b0181,,,True
2026-06-01,SO,regime_admission:failed:BULL_CALM,,0,2026-06-01-live-84c3b0cb,0,2026-06-02 01:13:56,c9b0181,,,True
2026-06-01,SPG,regime_admission:failed:BULL_CALM,,0,2026-06-01-live-84c3b0cb,0,2026-06-02 01:13:56,c9b0181,,,True
2026-06-01,T,regime_admission:failed:BULL_CALM,,0,2026-06-01-live-84c3b0cb,0,2026-06-02 01:13:56,c9b0181,,,True
2026-06-01,TJX,regime_admission:failed:BULL_CALM,,0,2026-06-01-live-84c3b0cb,0,2026-06-02 01:13:56,c9b0181,,,True
2026-06-01,TSM,regime_admission:failed:BULL_CALM,,0,2026-06-01-live-84c3b0cb,0,2026-06-02 01:13:56,c9b0181,,,True
2026-06-01,TXN,regime_admission:failed:BULL_CALM,,0,2026-06-01-live-84c3b0cb,0,2026-06-02 01:13:56,c9b0181,,,True
2026-06-01,UNH,regime_admission:failed:BULL_CALM,,0,2026-06-01-live-84c3b0cb,0,2026-06-02 01:13:56,c9b0181,,,True
2026-06-01,UNP,regime_admission:failed:BULL_CALM,,0,2026-06-01-live-84c3b0cb,0,2026-06-02 01:13:56,c9b0181,,,True
2026-06-01,V,regime_admission:failed:BULL_CALM,,0,2026-06-01-live-84c3b0cb,0,2026-06-02 01:13:56,c9b0181,,,True
2026-06-01,VLO,regime_admission:failed:BULL_CALM,,0,2026-06-01-live-84c3b0cb,0,2026-06-02 01:13:56,c9b0181,,,True
2026-06-01,VTR,regime_admission:failed:BULL_CALM,,0,2026-06-01-live-84c3b0cb,0,2026-06-02 01:13:56,c9b0181,,,True
2026-06-01,WELL,regime_admission:failed:BULL_CALM,,0,2026-06-01-live-84c3b0cb,0,2026-06-02 01:13:56,c9b0181,,,True
2026-06-01,WMB,regime_admission:failed:BULL_CALM,,0,2026-06-01-live-84c3b0cb,0,2026-06-02 01:13:56,c9b0181,,,True
2026-06-01,XLE,regime_admission:failed:BULL_CALM,,0,2026-06-01-live-84c3b0cb,0,2026-06-02 01:13:56,c9b0181,,,True
2026-06-01,XLF,regime_admission:failed:BULL_CALM,,0,2026-06-01-live-84c3b0cb,0,2026-06-02 01:13:56,c9b0181,,,True
2026-06-01,XLK,regime_admission:failed:BULL_CALM,,0,2026-06-01-live-84c3b0cb,0,2026-06-02 01:13:56,c9b0181,,,True
2026-06-01,XLU,regime_admission:failed:BULL_CALM,,0,2026-06-01-live-84c3b0cb,0,2026-06-02 01:13:56,c9b0181,,,True
2026-06-01,ZM,regime_admission:failed:BULL_CALM,,0,2026-06-01-live-84c3b0cb,0,2026-06-02 01:13:56,c9b0181,,,True
2026-06-01,AAPL,regime_admission:failed:BULL_CALM,,0,2026-06-01-live-57b22252,1,2026-06-02 01:31:24,c2c8074,,,True
2026-06-01,ADI,regime_admission:failed:BULL_CALM,,0,2026-06-01-live-57b22252,1,2026-06-02 01:31:24,c2c8074,,,True
2026-06-01,AEP,regime_admission:failed:BULL_CALM,,0,2026-06-01-live-57b22252,1,2026-06-02 01:31:24,c2c8074,,,True
2026-06-01,AFRM,regime_admission:failed:BULL_CALM,,0,2026-06-01-live-57b22252,1,2026-06-02 01:31:24,c2c8074,,,True
2026-06-01,AMAT,regime_admission:failed:BULL_CALM,,0,2026-06-01-live-57b22252,1,2026-06-02 01:31:24,c2c8074,,,True
2026-06-01,AMZN,regime_admission:failed:BULL_CALM,,0,2026-06-01-live-57b22252,1,2026-06-02 01:31:24,c2c8074,,,True
2026-06-01,ASML,regime_admission:failed:BULL_CALM,,0,2026-06-01-live-57b22252,1,2026-06-02 01:31:24,c2c8074,,,True
2026-06-01,AXP,regime_admission:failed:BULL_CALM,,0,2026-06-01-live-57b22252,1,2026-06-02 01:31:24,c2c8074,,,True
2026-06-01,BLK,regime_admission:failed:BULL_CALM,,0,2026-06-01-live-57b22252,1,2026-06-02 01:31:24,c2c8074,,,True
2026-06-01,BMY,regime_admission:failed:BULL_CALM,,0,2026-06-01-live-57b22252,1,2026-06-02 01:31:24,c2c8074,,,True
2026-06-01,C,regime_admission:failed:BULL_CALM,,0,2026-06-01-live-57b22252,1,2026-06-02 01:31:24,c2c8074,,,True
2026-06-01,CAT,regime_admission:failed:BULL_CALM,,0,2026-06-01-live-57b22252,1,2026-06-02 01:31:24,c2c8074,,,True
2026-06-01,CME,regime_admission:failed:BULL_CALM,,0,2026-06-01-live-57b22252,1,2026-06-02 01:31:24,c2c8074,,,True
2026-06-01,COST,regime_admission:failed:BULL_CALM,,0,2026-06-01-live-57b22252,1,2026-06-02 01:31:24,c2c8074,,,True
2026-06-01,CRWD,regime_admission:failed:BULL_CALM,,0,2026-06-01-live-57b22252,1,2026-06-02 01:31:24,c2c8074,,,True
2026-06-01,CVS,regime_admission:failed:BULL_CALM,,0,2026-06-01-live-57b22252,1,2026-06-02 01:31:24,c2c8074,,,True
2026-06-01,DLR,regime_admission:failed:BULL_CALM,,0,2026-06-01-live-57b22252,1,2026-06-02 01:31:24,c2c8074,,,True
2026-06-01,EMR,regime_admission:failed:BULL_CALM,,0,2026-06-01-live-57b22252,1,2026-06-02 01:31:24,c2c8074,,,True
2026-06-01,EOG,regime_admission:failed:BULL_CALM,,0,2026-06-01-live-57b22252,1,2026-06-02 01:31:24,c2c8074,,,True
2026-06-01,ETN,regime_admission:failed:BULL_CALM,,0,2026-06-01-live-57b22252,1,2026-06-02 01:31:24,c2c8074,,,True
2026-06-01,FDX,regime_admission:failed:BULL_CALM,,0,2026-06-01-live-57b22252,1,2026-06-02 01:31:24,c2c8074,,,True
2026-06-01,FTNT,regime_admission:failed:BULL_CALM,,0,2026-06-01-live-57b22252,1,2026-06-02 01:31:24,c2c8074,,,True
2026-06-01,GE,regime_admission:failed:BULL_CALM,,0,2026-06-01-live-57b22252,1,2026-06-02 01:31:24,c2c8074,,,True
2026-06-01,GLD,regime_admission:failed:BULL_CALM,,0,2026-06-01-live-57b22252,1,2026-06-02 01:31:24,c2c8074,,,True
2026-06-01,GM,regime_admission:failed:BULL_CALM,,0,2026-06-01-live-57b22252,1,2026-06-02 01:31:24,c2c8074,,,True
2026-06-01,GOOG,regime_admission:failed:BULL_CALM,,0,2026-06-01-live-57b22252,1,2026-06-02 01:31:24,c2c8074,,,True
2026-06-01,HLT,regime_admission:failed:BULL_CALM,,0,2026-06-01-live-57b22252,1,2026-06-02 01:31:24,c2c8074,,,True
2026-06-01,IBM,regime_admission:failed:BULL_CALM,,0,2026-06-01-live-57b22252,1,2026-06-02 01:31:24,c2c8074,,,True
2026-06-01,JNJ,regime_admission:failed:BULL_CALM,,0,2026-06-01-live-57b22252,1,2026-06-02 01:31:24,c2c8074,,,True
2026-06-01,JPM,regime_admission:failed:BULL_CALM,,0,2026-06-01-live-57b22252,1,2026-06-02 01:31:24,c2c8074,,,True
2026-06-01,KLAC,regime_admission:failed:BULL_CALM,,0,2026-06-01-live-57b22252,1,2026-06-02 01:31:24,c2c8074,,,True
2026-06-01,KMI,regime_admission:failed:BULL_CALM,,0,2026-06-01-live-57b22252,1,2026-06-02 01:31:24,c2c8074,,,True
2026-06-01,KO,regime_admission:failed:BULL_CALM,,0,2026-06-01-live-57b22252,1,2026-06-02 01:31:24,c2c8074,,,True
2026-06-01,LHX,regime_admission:failed:BULL_CALM,,0,2026-06-01-live-57b22252,1,2026-06-02 01:31:24,c2c8074,,,True
2026-06-01,LRCX,regime_admission:failed:BULL_CALM,,0,2026-06-01-live-57b22252,1,2026-06-02 01:31:24,c2c8074,,,True
2026-06-01,MCD,regime_admission:failed:BULL_CALM,,0,2026-06-01-live-57b22252,1,2026-06-02 01:31:24,c2c8074,,,True
2026-06-01,MMM,regime_admission:failed:BULL_CALM,,0,2026-06-01-live-57b22252,1,2026-06-02 01:31:24,c2c8074,,,True
2026-06-01,MO,regime_admission:failed:BULL_CALM,,0,2026-06-01-live-57b22252,1,2026-06-02 01:31:24,c2c8074,,,True
2026-06-01,MPWR,regime_admission:failed:BULL_CALM,,0,2026-06-01-live-57b22252,1,2026-06-02 01:31:24,c2c8074,,,True
2026-06-01,MRK,regime_admission:failed:BULL_CALM,,0,2026-06-01-live-57b22252,1,2026-06-02 01:31:24,c2c8074,,,True
2026-06-01,MS,regime_admission:failed:BULL_CALM,,0,2026-06-01-live-57b22252,1,2026-06-02 01:31:24,c2c8074,,,True
2026-06-01,MSFT,regime_admission:failed:BULL_CALM,,0,2026-06-01-live-57b22252,1,2026-06-02 01:31:24,c2c8074,,,True
2026-06-01,NEE,regime_admission:failed:BULL_CALM,,0,2026-06-01-live-57b22252,1,2026-06-02 01:31:24,c2c8074,,,True
2026-06-01,NEM,regime_admission:failed:BULL_CALM,,0,2026-06-01-live-57b22252,1,2026-06-02 01:31:24,c2c8074,,,True
2026-06-01,NVDA,regime_admission:failed:BULL_CALM,,0,2026-06-01-live-57b22252,1,2026-06-02 01:31:24,c2c8074,,,True
2026-06-01,PG,regime_admission:failed:BULL_CALM,,0,2026-06-01-live-57b22252,1,2026-06-02 01:31:24,c2c8074,,,True
2026-06-01,PH,regime_admission:failed:BULL_CALM,,0,2026-06-01-live-57b22252,1,2026-06-02 01:31:24,c2c8074,,,True
2026-06-01,PLTR,regime_admission:failed:BULL_CALM,,0,2026-06-01-live-57b22252,1,2026-06-02 01:31:24,c2c8074,,,True
2026-06-01,PM,regime_admission:failed:BULL_CALM,,0,2026-06-01-live-57b22252,1,2026-06-02 01:31:24,c2c8074,,,True
2026-06-01,PNC,regime_admission:failed:BULL_CALM,,0,2026-06-01-live-57b22252,1,2026-06-02 01:31:24,c2c8074,,,True
2026-06-01,PYPL,regime_admission:failed:BULL_CALM,,0,2026-06-01-live-57b22252,1,2026-06-02 01:31:24,c2c8074,,,True
2026-06-01,ROST,regime_admission:failed:BULL_CALM,,0,2026-06-01-live-57b22252,1,2026-06-02 01:31:24,c2c8074,,,True
2026-06-01,SCHW,regime_admission:failed:BULL_CALM,,0,2026-06-01-live-57b22252,1,2026-06-02 01:31:24,c2c8074,,,True
2026-06-01,SO,regime_admission:failed:BULL_CALM,,0,2026-06-01-live-57b22252,1,2026-06-02 01:31:24,c2c8074,,,True
2026-06-01,SPG,regime_admission:failed:BULL_CALM,,0,2026-06-01-live-57b22252,1,2026-06-02 01:31:24,c2c8074,,,True
2026-06-01,T,regime_admission:failed:BULL_CALM,,0,2026-06-01-live-57b22252,1,2026-06-02 01:31:24,c2c8074,,,True
2026-06-01,TJX,regime_admission:failed:BULL_CALM,,0,2026-06-01-live-57b22252,1,2026-06-02 01:31:24,c2c8074,,,True
2026-06-01,TSM,regime_admission:failed:BULL_CALM,,0,2026-06-01-live-57b22252,1,2026-06-02 01:31:24,c2c8074,,,True
2026-06-01,TXN,regime_admission:failed:BULL_CALM,,0,2026-06-01-live-57b22252,1,2026-06-02 01:31:24,c2c8074,,,True
2026-06-01,UNH,regime_admission:failed:BULL_CALM,,0,2026-06-01-live-57b22252,1,2026-06-02 01:31:24,c2c8074,,,True
2026-06-01,UNP,regime_admission:failed:BULL_CALM,,0,2026-06-01-live-57b22252,1,2026-06-02 01:31:24,c2c8074,,,True
2026-06-01,V,regime_admission:failed:BULL_CALM,,0,2026-06-01-live-57b22252,1,2026-06-02 01:31:24,c2c8074,,,True
2026-06-01,VLO,regime_admission:failed:BULL_CALM,,0,2026-06-01-live-57b22252,1,2026-06-02 01:31:24,c2c8074,,,True
2026-06-01,VTR,regime_admission:failed:BULL_CALM,,0,2026-06-01-live-57b22252,1,2026-06-02 01:31:24,c2c8074,,,True
2026-06-01,WELL,regime_admission:failed:BULL_CALM,,0,2026-06-01-live-57b22252,1,2026-06-02 01:31:24,c2c8074,,,True
2026-06-01,WMB,regime_admission:failed:BULL_CALM,,0,2026-06-01-live-57b22252,1,2026-06-02 01:31:24,c2c8074,,,True
2026-06-01,XLE,regime_admission:failed:BULL_CALM,,0,2026-06-01-live-57b22252,1,2026-06-02 01:31:24,c2c8074,,,True
2026-06-01,XLF,regime_admission:failed:BULL_CALM,,0,2026-06-01-live-57b22252,1,2026-06-02 01:31:24,c2c8074,,,True
2026-06-01,XLK,regime_admission:failed:BULL_CALM,,0,2026-06-01-live-57b22252,1,2026-06-02 01:31:24,c2c8074,,,True
2026-06-01,XLU,regime_admission:failed:BULL_CALM,,0,2026-06-01-live-57b22252,1,2026-06-02 01:31:24,c2c8074,,,True
2026-06-01,ZM,regime_admission:failed:BULL_CALM,,0,2026-06-01-live-57b22252,1,2026-06-02 01:31:24,c2c8074,,,True
2026-06-02,AAPL,regime_admission:failed:BULL_CALM,,0,2026-06-02-live-237c90a5,1,2026-06-02 21:10:27,f9c7b33,,,True
2026-06-02,ADI,regime_admission:failed:BULL_CALM,,0,2026-06-02-live-237c90a5,1,2026-06-02 21:10:27,f9c7b33,,,True
2026-06-02,AEP,regime_admission:failed:BULL_CALM,,0,2026-06-02-live-237c90a5,1,2026-06-02 21:10:27,f9c7b33,,,True
2026-06-02,AFRM,regime_admission:failed:BULL_CALM,,0,2026-06-02-live-237c90a5,1,2026-06-02 21:10:27,f9c7b33,,,True
2026-06-02,AMAT,regime_admission:failed:BULL_CALM,,0,2026-06-02-live-237c90a5,1,2026-06-02 21:10:27,f9c7b33,,,True
2026-06-02,AMZN,regime_admission:failed:BULL_CALM,,0,2026-06-02-live-237c90a5,1,2026-06-02 21:10:27,f9c7b33,,,True
2026-06-02,ANET,regime_admission:failed:BULL_CALM,,0,2026-06-02-live-237c90a5,1,2026-06-02 21:10:27,f9c7b33,,,True
2026-06-02,ASML,regime_admission:failed:BULL_CALM,,0,2026-06-02-live-237c90a5,1,2026-06-02 21:10:27,f9c7b33,,,True
2026-06-02,AXP,regime_admission:failed:BULL_CALM,,0,2026-06-02-live-237c90a5,1,2026-06-02 21:10:27,f9c7b33,,,True
2026-06-02,BLK,regime_admission:failed:BULL_CALM,,0,2026-06-02-live-237c90a5,1,2026-06-02 21:10:27,f9c7b33,,,True
2026-06-02,BMY,regime_admission:failed:BULL_CALM,,0,2026-06-02-live-237c90a5,1,2026-06-02 21:10:27,f9c7b33,,,True
2026-06-02,C,regime_admission:failed:BULL_CALM,,0,2026-06-02-live-237c90a5,1,2026-06-02 21:10:27,f9c7b33,,,True
2026-06-02,CAT,regime_admission:failed:BULL_CALM,,0,2026-06-02-live-237c90a5,1,2026-06-02 21:10:27,f9c7b33,,,True
2026-06-02,CME,regime_admission:failed:BULL_CALM,,0,2026-06-02-live-237c90a5,1,2026-06-02 21:10:27,f9c7b33,,,True
2026-06-02,COST,regime_admission:failed:BULL_CALM,,0,2026-06-02-live-237c90a5,1,2026-06-02 21:10:27,f9c7b33,,,True
2026-06-02,CRWD,regime_admission:failed:BULL_CALM,,0,2026-06-02-live-237c90a5,1,2026-06-02 21:10:27,f9c7b33,,,True
2026-06-02,CVS,regime_admission:failed:BULL_CALM,,0,2026-06-02-live-237c90a5,1,2026-06-02 21:10:27,f9c7b33,,,True
2026-06-02,DLR,regime_admission:failed:BULL_CALM,,0,2026-06-02-live-237c90a5,1,2026-06-02 21:10:27,f9c7b33,,,True
2026-06-02,EMR,regime_admission:failed:BULL_CALM,,0,2026-06-02-live-237c90a5,1,2026-06-02 21:10:27,f9c7b33,,,True
2026-06-02,EOG,regime_admission:failed:BULL_CALM,,0,2026-06-02-live-237c90a5,1,2026-06-02 21:10:27,f9c7b33,,,True
2026-06-02,ETN,regime_admission:failed:BULL_CALM,,0,2026-06-02-live-237c90a5,1,2026-06-02 21:10:27,f9c7b33,,,True
2026-06-02,FDX,regime_admission:failed:BULL_CALM,,0,2026-06-02-live-237c90a5,1,2026-06-02 21:10:27,f9c7b33,,,True
2026-06-02,FTNT,regime_admission:failed:BULL_CALM,,0,2026-06-02-live-237c90a5,1,2026-06-02 21:10:27,f9c7b33,,,True
2026-06-02,GE,regime_admission:failed:BULL_CALM,,0,2026-06-02-live-237c90a5,1,2026-06-02 21:10:27,f9c7b33,,,True
2026-06-02,GILD,regime_admission:failed:BULL_CALM,,0,2026-06-02-live-237c90a5,1,2026-06-02 21:10:27,f9c7b33,,,True
2026-06-02,GLD,regime_admission:failed:BULL_CALM,,0,2026-06-02-live-237c90a5,1,2026-06-02 21:10:27,f9c7b33,,,True
2026-06-02,GM,regime_admission:failed:BULL_CALM,,0,2026-06-02-live-237c90a5,1,2026-06-02 21:10:27,f9c7b33,,,True
2026-06-02,GOOG,regime_admission:failed:BULL_CALM,,0,2026-06-02-live-237c90a5,1,2026-06-02 21:10:27,f9c7b33,,,True
2026-06-02,HLT,regime_admission:failed:BULL_CALM,,0,2026-06-02-live-237c90a5,1,2026-06-02 21:10:27,f9c7b33,,,True
2026-06-02,IBM,regime_admission:failed:BULL_CALM,,0,2026-06-02-live-237c90a5,1,2026-06-02 21:10:27,f9c7b33,,,True
2026-06-02,JNJ,regime_admission:failed:BULL_CALM,,0,2026-06-02-live-237c90a5,1,2026-06-02 21:10:27,f9c7b33,,,True
2026-06-02,JPM,regime_admission:failed:BULL_CALM,,0,2026-06-02-live-237c90a5,1,2026-06-02 21:10:27,f9c7b33,,,True
2026-06-02,KLAC,regime_admission:failed:BULL_CALM,,0,2026-06-02-live-237c90a5,1,2026-06-02 21:10:27,f9c7b33,,,True
2026-06-02,KMI,regime_admission:failed:BULL_CALM,,0,2026-06-02-live-237c90a5,1,2026-06-02 21:10:27,f9c7b33,,,True
2026-06-02,KO,regime_admission:failed:BULL_CALM,,0,2026-06-02-live-237c90a5,1,2026-06-02 21:10:27,f9c7b33,,,True
2026-06-02,LHX,regime_admission:failed:BULL_CALM,,0,2026-06-02-live-237c90a5,1,2026-06-02 21:10:27,f9c7b33,,,True
2026-06-02,LRCX,regime_admission:failed:BULL_CALM,,0,2026-06-02-live-237c90a5,1,2026-06-02 21:10:27,f9c7b33,,,True
2026-06-02,MCD,regime_admission:failed:BULL_CALM,,0,2026-06-02-live-237c90a5,1,2026-06-02 21:10:27,f9c7b33,,,True
2026-06-02,MMM,regime_admission:failed:BULL_CALM,,0,2026-06-02-live-237c90a5,1,2026-06-02 21:10:27,f9c7b33,,,True
2026-06-02,MO,regime_admission:failed:BULL_CALM,,0,2026-06-02-live-237c90a5,1,2026-06-02 21:10:27,f9c7b33,,,True
2026-06-02,MPWR,regime_admission:failed:BULL_CALM,,0,2026-06-02-live-237c90a5,1,2026-06-02 21:10:27,f9c7b33,,,True
2026-06-02,MRK,regime_admission:failed:BULL_CALM,,0,2026-06-02-live-237c90a5,1,2026-06-02 21:10:27,f9c7b33,,,True
2026-06-02,MS,regime_admission:failed:BULL_CALM,,0,2026-06-02-live-237c90a5,1,2026-06-02 21:10:27,f9c7b33,,,True
2026-06-02,MSFT,regime_admission:failed:BULL_CALM,,0,2026-06-02-live-237c90a5,1,2026-06-02 21:10:27,f9c7b33,,,True
2026-06-02,NEE,regime_admission:failed:BULL_CALM,,0,2026-06-02-live-237c90a5,1,2026-06-02 21:10:27,f9c7b33,,,True
2026-06-02,NEM,regime_admission:failed:BULL_CALM,,0,2026-06-02-live-237c90a5,1,2026-06-02 21:10:27,f9c7b33,,,True
2026-06-02,NFLX,regime_admission:failed:BULL_CALM,,0,2026-06-02-live-237c90a5,1,2026-06-02 21:10:27,f9c7b33,,,True
2026-06-02,NVDA,regime_admission:failed:BULL_CALM,,0,2026-06-02-live-237c90a5,1,2026-06-02 21:10:27,f9c7b33,,,True
2026-06-02,PG,regime_admission:failed:BULL_CALM,,0,2026-06-02-live-237c90a5,1,2026-06-02 21:10:27,f9c7b33,,,True
2026-06-02,PH,regime_admission:failed:BULL_CALM,,0,2026-06-02-live-237c90a5,1,2026-06-02 21:10:27,f9c7b33,,,True
2026-06-02,PLTR,regime_admission:failed:BULL_CALM,,0,2026-06-02-live-237c90a5,1,2026-06-02 21:10:27,f9c7b33,,,True
2026-06-02,PM,regime_admission:failed:BULL_CALM,,0,2026-06-02-live-237c90a5,1,2026-06-02 21:10:27,f9c7b33,,,True
2026-06-02,PNC,regime_admission:failed:BULL_CALM,,0,2026-06-02-live-237c90a5,1,2026-06-02 21:10:27,f9c7b33,,,True
2026-06-02,PYPL,regime_admission:failed:BULL_CALM,,0,2026-06-02-live-237c90a5,1,2026-06-02 21:10:27,f9c7b33,,,True
2026-06-02,ROST,regime_admission:failed:BULL_CALM,,0,2026-06-02-live-237c90a5,1,2026-06-02 21:10:27,f9c7b33,,,True
2026-06-02,SCHW,regime_admission:failed:BULL_CALM,,0,2026-06-02-live-237c90a5,1,2026-06-02 21:10:27,f9c7b33,,,True
2026-06-02,SO,regime_admission:failed:BULL_CALM,,0,2026-06-02-live-237c90a5,1,2026-06-02 21:10:27,f9c7b33,,,True
2026-06-02,SPG,regime_admission:failed:BULL_CALM,,0,2026-06-02-live-237c90a5,1,2026-06-02 21:10:27,f9c7b33,,,True
2026-06-02,T,regime_admission:failed:BULL_CALM,,0,2026-06-02-live-237c90a5,1,2026-06-02 21:10:27,f9c7b33,,,True
2026-06-02,TJX,regime_admission:failed:BULL_CALM,,0,2026-06-02-live-237c90a5,1,2026-06-02 21:10:27,f9c7b33,,,True
2026-06-02,TSM,regime_admission:failed:BULL_CALM,,0,2026-06-02-live-237c90a5,1,2026-06-02 21:10:27,f9c7b33,,,True
2026-06-02,TXN,regime_admission:failed:BULL_CALM,,0,2026-06-02-live-237c90a5,1,2026-06-02 21:10:27,f9c7b33,,,True
2026-06-02,UNH,regime_admission:failed:BULL_CALM,,0,2026-06-02-live-237c90a5,1,2026-06-02 21:10:27,f9c7b33,,,True
2026-06-02,UNP,regime_admission:failed:BULL_CALM,,0,2026-06-02-live-237c90a5,1,2026-06-02 21:10:27,f9c7b33,,,True
2026-06-02,V,regime_admission:failed:BULL_CALM,,0,2026-06-02-live-237c90a5,1,2026-06-02 21:10:27,f9c7b33,,,True
2026-06-02,VLO,regime_admission:failed:BULL_CALM,,0,2026-06-02-live-237c90a5,1,2026-06-02 21:10:27,f9c7b33,,,True
2026-06-02,VTR,regime_admission:failed:BULL_CALM,,0,2026-06-02-live-237c90a5,1,2026-06-02 21:10:27,f9c7b33,,,True
2026-06-02,WELL,regime_admission:failed:BULL_CALM,,0,2026-06-02-live-237c90a5,1,2026-06-02 21:10:27,f9c7b33,,,True
2026-06-02,WMB,regime_admission:failed:BULL_CALM,,0,2026-06-02-live-237c90a5,1,2026-06-02 21:10:27,f9c7b33,,,True
2026-06-02,XLE,regime_admission:failed:BULL_CALM,,0,2026-06-02-live-237c90a5,1,2026-06-02 21:10:27,f9c7b33,,,True
2026-06-02,XLF,regime_admission:failed:BULL_CALM,,0,2026-06-02-live-237c90a5,1,2026-06-02 21:10:27,f9c7b33,,,True
2026-06-02,XLK,regime_admission:failed:BULL_CALM,,0,2026-06-02-live-237c90a5,1,2026-06-02 21:10:27,f9c7b33,,,True
2026-06-02,XLU,regime_admission:failed:BULL_CALM,,0,2026-06-02-live-237c90a5,1,2026-06-02 21:10:27,f9c7b33,,,True
2026-06-02,ZM,regime_admission:failed:BULL_CALM,,0,2026-06-02-live-237c90a5,1,2026-06-02 21:10:27,f9c7b33,,,True
2026-06-03,AAPL,regime_admission:failed:BULL_CALM,,0,2026-06-03-live-2b917827,1,2026-06-03 21:10:44,3be5876,,,True
2026-06-03,ADI,regime_admission:failed:BULL_CALM,,0,2026-06-03-live-2b917827,1,2026-06-03 21:10:44,3be5876,,,True
2026-06-03,AEP,regime_admission:failed:BULL_CALM,,0,2026-06-03-live-2b917827,1,2026-06-03 21:10:44,3be5876,,,True
2026-06-03,AFRM,regime_admission:failed:BULL_CALM,,0,2026-06-03-live-2b917827,1,2026-06-03 21:10:44,3be5876,,,True
2026-06-03,AMAT,regime_admission:failed:BULL_CALM,,0,2026-06-03-live-2b917827,1,2026-06-03 21:10:44,3be5876,,,True
2026-06-03,AMZN,regime_admission:failed:BULL_CALM,,0,2026-06-03-live-2b917827,1,2026-06-03 21:10:44,3be5876,,,True
2026-06-03,ANET,regime_admission:failed:BULL_CALM,,0,2026-06-03-live-2b917827,1,2026-06-03 21:10:44,3be5876,,,True
2026-06-03,ASML,regime_admission:failed:BULL_CALM,,0,2026-06-03-live-2b917827,1,2026-06-03 21:10:44,3be5876,,,True
2026-06-03,AXP,regime_admission:failed:BULL_CALM,,0,2026-06-03-live-2b917827,1,2026-06-03 21:10:44,3be5876,,,True
2026-06-03,BLK,regime_admission:failed:BULL_CALM,,0,2026-06-03-live-2b917827,1,2026-06-03 21:10:44,3be5876,,,True
2026-06-03,BMY,regime_admission:failed:BULL_CALM,,0,2026-06-03-live-2b917827,1,2026-06-03 21:10:44,3be5876,,,True
2026-06-03,C,regime_admission:failed:BULL_CALM,,0,2026-06-03-live-2b917827,1,2026-06-03 21:10:44,3be5876,,,True
2026-06-03,CAT,regime_admission:failed:BULL_CALM,,0,2026-06-03-live-2b917827,1,2026-06-03 21:10:44,3be5876,,,True
2026-06-03,CME,regime_admission:failed:BULL_CALM,,0,2026-06-03-live-2b917827,1,2026-06-03 21:10:44,3be5876,,,True
2026-06-03,COST,regime_admission:failed:BULL_CALM,,0,2026-06-03-live-2b917827,1,2026-06-03 21:10:44,3be5876,,,True
2026-06-03,CRWD,regime_admission:failed:BULL_CALM,,0,2026-06-03-live-2b917827,1,2026-06-03 21:10:44,3be5876,,,True
2026-06-03,CVS,regime_admission:failed:BULL_CALM,,0,2026-06-03-live-2b917827,1,2026-06-03 21:10:44,3be5876,,,True
2026-06-03,DLR,regime_admission:failed:BULL_CALM,,0,2026-06-03-live-2b917827,1,2026-06-03 21:10:44,3be5876,,,True
2026-06-03,EMR,regime_admission:failed:BULL_CALM,,0,2026-06-03-live-2b917827,1,2026-06-03 21:10:44,3be5876,,,True
2026-06-03,EOG,regime_admission:failed:BULL_CALM,,0,2026-06-03-live-2b917827,1,2026-06-03 21:10:44,3be5876,,,True
2026-06-03,ETN,regime_admission:failed:BULL_CALM,,0,2026-06-03-live-2b917827,1,2026-06-03 21:10:44,3be5876,,,True
2026-06-03,FDX,regime_admission:failed:BULL_CALM,,0,2026-06-03-live-2b917827,1,2026-06-03 21:10:44,3be5876,,,True
2026-06-03,FTNT,regime_admission:failed:BULL_CALM,,0,2026-06-03-live-2b917827,1,2026-06-03 21:10:44,3be5876,,,True
2026-06-03,GE,regime_admission:failed:BULL_CALM,,0,2026-06-03-live-2b917827,1,2026-06-03 21:10:44,3be5876,,,True
2026-06-03,GILD,regime_admission:failed:BULL_CALM,,0,2026-06-03-live-2b917827,1,2026-06-03 21:10:44,3be5876,,,True
2026-06-03,GLD,regime_admission:failed:BULL_CALM,,0,2026-06-03-live-2b917827,1,2026-06-03 21:10:44,3be5876,,,True
2026-06-03,GM,regime_admission:failed:BULL_CALM,,0,2026-06-03-live-2b917827,1,2026-06-03 21:10:44,3be5876,,,True
2026-06-03,GOOG,regime_admission:failed:BULL_CALM,,0,2026-06-03-live-2b917827,1,2026-06-03 21:10:44,3be5876,,,True
2026-06-03,HLT,regime_admission:failed:BULL_CALM,,0,2026-06-03-live-2b917827,1,2026-06-03 21:10:44,3be5876,,,True
2026-06-03,HON,regime_admission:failed:BULL_CALM,,0,2026-06-03-live-2b917827,1,2026-06-03 21:10:44,3be5876,,,True
2026-06-03,IBM,regime_admission:failed:BULL_CALM,,0,2026-06-03-live-2b917827,1,2026-06-03 21:10:44,3be5876,,,True
2026-06-03,JNJ,regime_admission:failed:BULL_CALM,,0,2026-06-03-live-2b917827,1,2026-06-03 21:10:44,3be5876,,,True
2026-06-03,JPM,regime_admission:failed:BULL_CALM,,0,2026-06-03-live-2b917827,1,2026-06-03 21:10:44,3be5876,,,True
2026-06-03,KLAC,regime_admission:failed:BULL_CALM,,0,2026-06-03-live-2b917827,1,2026-06-03 21:10:44,3be5876,,,True
2026-06-03,KMI,regime_admission:failed:BULL_CALM,,0,2026-06-03-live-2b917827,1,2026-06-03 21:10:44,3be5876,,,True
2026-06-03,KO,regime_admission:failed:BULL_CALM,,0,2026-06-03-live-2b917827,1,2026-06-03 21:10:44,3be5876,,,True
2026-06-03,LHX,regime_admission:failed:BULL_CALM,,0,2026-06-03-live-2b917827,1,2026-06-03 21:10:44,3be5876,,,True
2026-06-03,LRCX,regime_admission:failed:BULL_CALM,,0,2026-06-03-live-2b917827,1,2026-06-03 21:10:44,3be5876,,,True
2026-06-03,MCD,regime_admission:failed:BULL_CALM,,0,2026-06-03-live-2b917827,1,2026-06-03 21:10:44,3be5876,,,True
2026-06-03,MMM,regime_admission:failed:BULL_CALM,,0,2026-06-03-live-2b917827,1,2026-06-03 21:10:44,3be5876,,,True
2026-06-03,MO,regime_admission:failed:BULL_CALM,,0,2026-06-03-live-2b917827,1,2026-06-03 21:10:44,3be5876,,,True
2026-06-03,MPWR,regime_admission:failed:BULL_CALM,,0,2026-06-03-live-2b917827,1,2026-06-03 21:10:44,3be5876,,,True
2026-06-03,MRK,regime_admission:failed:BULL_CALM,,0,2026-06-03-live-2b917827,1,2026-06-03 21:10:44,3be5876,,,True
2026-06-03,MS,regime_admission:failed:BULL_CALM,,0,2026-06-03-live-2b917827,1,2026-06-03 21:10:44,3be5876,,,True
2026-06-03,MSFT,regime_admission:failed:BULL_CALM,,0,2026-06-03-live-2b917827,1,2026-06-03 21:10:44,3be5876,,,True
2026-06-03,NEE,regime_admission:failed:BULL_CALM,,0,2026-06-03-live-2b917827,1,2026-06-03 21:10:44,3be5876,,,True
2026-06-03,NEM,regime_admission:failed:BULL_CALM,,0,2026-06-03-live-2b917827,1,2026-06-03 21:10:44,3be5876,,,True
2026-06-03,NFLX,regime_admission:failed:BULL_CALM,,0,2026-06-03-live-2b917827,1,2026-06-03 21:10:44,3be5876,,,True
2026-06-03,NVDA,regime_admission:failed:BULL_CALM,,0,2026-06-03-live-2b917827,1,2026-06-03 21:10:44,3be5876,,,True
2026-06-03,PG,regime_admission:failed:BULL_CALM,,0,2026-06-03-live-2b917827,1,2026-06-03 21:10:44,3be5876,,,True
2026-06-03,PH,regime_admission:failed:BULL_CALM,,0,2026-06-03-live-2b917827,1,2026-06-03 21:10:44,3be5876,,,True
2026-06-03,PLTR,regime_admission:failed:BULL_CALM,,0,2026-06-03-live-2b917827,1,2026-06-03 21:10:44,3be5876,,,True
2026-06-03,PM,regime_admission:failed:BULL_CALM,,0,2026-06-03-live-2b917827,1,2026-06-03 21:10:44,3be5876,,,True
2026-06-03,PNC,regime_admission:failed:BULL_CALM,,0,2026-06-03-live-2b917827,1,2026-06-03 21:10:44,3be5876,,,True
2026-06-03,PYPL,regime_admission:failed:BULL_CALM,,0,2026-06-03-live-2b917827,1,2026-06-03 21:10:44,3be5876,,,True
2026-06-03,ROST,regime_admission:failed:BULL_CALM,,0,2026-06-03-live-2b917827,1,2026-06-03 21:10:44,3be5876,,,True
2026-06-03,SCHW,regime_admission:failed:BULL_CALM,,0,2026-06-03-live-2b917827,1,2026-06-03 21:10:44,3be5876,,,True
2026-06-03,SO,regime_admission:failed:BULL_CALM,,0,2026-06-03-live-2b917827,1,2026-06-03 21:10:44,3be5876,,,True
2026-06-03,SPG,regime_admission:failed:BULL_CALM,,0,2026-06-03-live-2b917827,1,2026-06-03 21:10:44,3be5876,,,True
2026-06-03,T,regime_admission:failed:BULL_CALM,,0,2026-06-03-live-2b917827,1,2026-06-03 21:10:44,3be5876,,,True
2026-06-03,TJX,regime_admission:failed:BULL_CALM,,0,2026-06-03-live-2b917827,1,2026-06-03 21:10:44,3be5876,,,True
2026-06-03,TSM,regime_admission:failed:BULL_CALM,,0,2026-06-03-live-2b917827,1,2026-06-03 21:10:44,3be5876,,,True
2026-06-03,TXN,regime_admission:failed:BULL_CALM,,0,2026-06-03-live-2b917827,1,2026-06-03 21:10:44,3be5876,,,True
2026-06-03,UNH,regime_admission:failed:BULL_CALM,,0,2026-06-03-live-2b917827,1,2026-06-03 21:10:44,3be5876,,,True
2026-06-03,UNP,regime_admission:failed:BULL_CALM,,0,2026-06-03-live-2b917827,1,2026-06-03 21:10:44,3be5876,,,True
2026-06-03,V,regime_admission:failed:BULL_CALM,,0,2026-06-03-live-2b917827,1,2026-06-03 21:10:44,3be5876,,,True
2026-06-03,VLO,regime_admission:failed:BULL_CALM,,0,2026-06-03-live-2b917827,1,2026-06-03 21:10:44,3be5876,,,True
2026-06-03,VTR,regime_admission:failed:BULL_CALM,,0,2026-06-03-live-2b917827,1,2026-06-03 21:10:44,3be5876,,,True
2026-06-03,WELL,regime_admission:failed:BULL_CALM,,0,2026-06-03-live-2b917827,1,2026-06-03 21:10:44,3be5876,,,True
2026-06-03,WMB,regime_admission:failed:BULL_CALM,,0,2026-06-03-live-2b917827,1,2026-06-03 21:10:44,3be5876,,,True
2026-06-03,WMT,regime_admission:failed:BULL_CALM,,0,2026-06-03-live-2b917827,1,2026-06-03 21:10:44,3be5876,,,True
2026-06-03,XLE,regime_admission:failed:BULL_CALM,,0,2026-06-03-live-2b917827,1,2026-06-03 21:10:44,3be5876,,,True
2026-06-03,XLF,regime_admission:failed:BULL_CALM,,0,2026-06-03-live-2b917827,1,2026-06-03 21:10:44,3be5876,,,True
2026-06-03,XLK,regime_admission:failed:BULL_CALM,,0,2026-06-03-live-2b917827,1,2026-06-03 21:10:44,3be5876,,,True
2026-06-03,XLU,regime_admission:failed:BULL_CALM,,0,2026-06-03-live-2b917827,1,2026-06-03 21:10:44,3be5876,,,True
2026-06-03,ZM,regime_admission:failed:BULL_CALM,,0,2026-06-03-live-2b917827,1,2026-06-03 21:10:44,3be5876,,,True
2026-06-04,AAPL,regime_admission:failed:BULL_CALM,,0,2026-06-04-live-38548bd0,1,2026-06-04 21:10:21,0f16385,,,True
2026-06-04,ADI,regime_admission:failed:BULL_CALM,,0,2026-06-04-live-38548bd0,1,2026-06-04 21:10:21,0f16385,,,True
2026-06-04,AEP,regime_admission:failed:BULL_CALM,,0,2026-06-04-live-38548bd0,1,2026-06-04 21:10:21,0f16385,,,True
2026-06-04,AFRM,regime_admission:failed:BULL_CALM,,0,2026-06-04-live-38548bd0,1,2026-06-04 21:10:21,0f16385,,,True
2026-06-04,AMAT,regime_admission:failed:BULL_CALM,,0,2026-06-04-live-38548bd0,1,2026-06-04 21:10:21,0f16385,,,True
2026-06-04,AMZN,regime_admission:failed:BULL_CALM,,0,2026-06-04-live-38548bd0,1,2026-06-04 21:10:21,0f16385,,,True
2026-06-04,ANET,regime_admission:failed:BULL_CALM,,0,2026-06-04-live-38548bd0,1,2026-06-04 21:10:21,0f16385,,,True
2026-06-04,ASML,regime_admission:failed:BULL_CALM,,0,2026-06-04-live-38548bd0,1,2026-06-04 21:10:21,0f16385,,,True
2026-06-04,AXP,regime_admission:failed:BULL_CALM,,0,2026-06-04-live-38548bd0,1,2026-06-04 21:10:21,0f16385,,,True
2026-06-04,BLK,regime_admission:failed:BULL_CALM,,0,2026-06-04-live-38548bd0,1,2026-06-04 21:10:21,0f16385,,,True
2026-06-04,BMY,regime_admission:failed:BULL_CALM,,0,2026-06-04-live-38548bd0,1,2026-06-04 21:10:21,0f16385,,,True
2026-06-04,C,regime_admission:failed:BULL_CALM,,0,2026-06-04-live-38548bd0,1,2026-06-04 21:10:21,0f16385,,,True
2026-06-04,CAT,regime_admission:failed:BULL_CALM,,0,2026-06-04-live-38548bd0,1,2026-06-04 21:10:21,0f16385,,,True
2026-06-04,CME,regime_admission:failed:BULL_CALM,,0,2026-06-04-live-38548bd0,1,2026-06-04 21:10:21,0f16385,,,True
2026-06-04,COST,regime_admission:failed:BULL_CALM,,0,2026-06-04-live-38548bd0,1,2026-06-04 21:10:21,0f16385,,,True
2026-06-04,CRWD,regime_admission:failed:BULL_CALM,,0,2026-06-04-live-38548bd0,1,2026-06-04 21:10:21,0f16385,,,True
2026-06-04,CVS,regime_admission:failed:BULL_CALM,,0,2026-06-04-live-38548bd0,1,2026-06-04 21:10:21,0f16385,,,True
2026-06-04,DLR,regime_admission:failed:BULL_CALM,,0,2026-06-04-live-38548bd0,1,2026-06-04 21:10:21,0f16385,,,True
2026-06-04,EMR,regime_admission:failed:BULL_CALM,,0,2026-06-04-live-38548bd0,1,2026-06-04 21:10:21,0f16385,,,True
2026-06-04,EOG,regime_admission:failed:BULL_CALM,,0,2026-06-04-live-38548bd0,1,2026-06-04 21:10:21,0f16385,,,True
2026-06-04,ETN,regime_admission:failed:BULL_CALM,,0,2026-06-04-live-38548bd0,1,2026-06-04 21:10:21,0f16385,,,True
2026-06-04,FDX,regime_admission:failed:BULL_CALM,,0,2026-06-04-live-38548bd0,1,2026-06-04 21:10:21,0f16385,,,True
2026-06-04,FTNT,regime_admission:failed:BULL_CALM,,0,2026-06-04-live-38548bd0,1,2026-06-04 21:10:21,0f16385,,,True
2026-06-04,GE,regime_admission:failed:BULL_CALM,,0,2026-06-04-live-38548bd0,1,2026-06-04 21:10:21,0f16385,,,True
2026-06-04,GILD,regime_admission:failed:BULL_CALM,,0,2026-06-04-live-38548bd0,1,2026-06-04 21:10:21,0f16385,,,True
2026-06-04,GLD,regime_admission:failed:BULL_CALM,,0,2026-06-04-live-38548bd0,1,2026-06-04 21:10:21,0f16385,,,True
2026-06-04,GM,regime_admission:failed:BULL_CALM,,0,2026-06-04-live-38548bd0,1,2026-06-04 21:10:21,0f16385,,,True
2026-06-04,GOOG,regime_admission:failed:BULL_CALM,,0,2026-06-04-live-38548bd0,1,2026-06-04 21:10:21,0f16385,,,True
2026-06-04,HLT,regime_admission:failed:BULL_CALM,,0,2026-06-04-live-38548bd0,1,2026-06-04 21:10:21,0f16385,,,True
2026-06-04,HON,regime_admission:failed:BULL_CALM,,0,2026-06-04-live-38548bd0,1,2026-06-04 21:10:21,0f16385,,,True
2026-06-04,IBM,regime_admission:failed:BULL_CALM,,0,2026-06-04-live-38548bd0,1,2026-06-04 21:10:21,0f16385,,,True
2026-06-04,JNJ,regime_admission:failed:BULL_CALM,,0,2026-06-04-live-38548bd0,1,2026-06-04 21:10:21,0f16385,,,True
2026-06-04,JPM,regime_admission:failed:BULL_CALM,,0,2026-06-04-live-38548bd0,1,2026-06-04 21:10:21,0f16385,,,True
2026-06-04,KLAC,regime_admission:failed:BULL_CALM,,0,2026-06-04-live-38548bd0,1,2026-06-04 21:10:21,0f16385,,,True
2026-06-04,KMI,regime_admission:failed:BULL_CALM,,0,2026-06-04-live-38548bd0,1,2026-06-04 21:10:21,0f16385,,,True
2026-06-04,KO,regime_admission:failed:BULL_CALM,,0,2026-06-04-live-38548bd0,1,2026-06-04 21:10:21,0f16385,,,True
2026-06-04,LHX,regime_admission:failed:BULL_CALM,,0,2026-06-04-live-38548bd0,1,2026-06-04 21:10:21,0f16385,,,True
2026-06-04,LRCX,regime_admission:failed:BULL_CALM,,0,2026-06-04-live-38548bd0,1,2026-06-04 21:10:21,0f16385,,,True
2026-06-04,MCD,regime_admission:failed:BULL_CALM,,0,2026-06-04-live-38548bd0,1,2026-06-04 21:10:21,0f16385,,,True
2026-06-04,META,regime_admission:failed:BULL_CALM,,0,2026-06-04-live-38548bd0,1,2026-06-04 21:10:21,0f16385,,,True
2026-06-04,MMM,regime_admission:failed:BULL_CALM,,0,2026-06-04-live-38548bd0,1,2026-06-04 21:10:21,0f16385,,,True
2026-06-04,MO,regime_admission:failed:BULL_CALM,,0,2026-06-04-live-38548bd0,1,2026-06-04 21:10:21,0f16385,,,True
2026-06-04,MPWR,regime_admission:failed:BULL_CALM,,0,2026-06-04-live-38548bd0,1,2026-06-04 21:10:21,0f16385,,,True
2026-06-04,MRK,regime_admission:failed:BULL_CALM,,0,2026-06-04-live-38548bd0,1,2026-06-04 21:10:21,0f16385,,,True
2026-06-04,MS,regime_admission:failed:BULL_CALM,,0,2026-06-04-live-38548bd0,1,2026-06-04 21:10:21,0f16385,,,True
2026-06-04,MSFT,regime_admission:failed:BULL_CALM,,0,2026-06-04-live-38548bd0,1,2026-06-04 21:10:21,0f16385,,,True
2026-06-04,NEE,regime_admission:failed:BULL_CALM,,0,2026-06-04-live-38548bd0,1,2026-06-04 21:10:21,0f16385,,,True
2026-06-04,NEM,regime_admission:failed:BULL_CALM,,0,2026-06-04-live-38548bd0,1,2026-06-04 21:10:21,0f16385,,,True
2026-06-04,NFLX,regime_admission:failed:BULL_CALM,,0,2026-06-04-live-38548bd0,1,2026-06-04 21:10:21,0f16385,,,True
2026-06-04,NVDA,regime_admission:failed:BULL_CALM,,0,2026-06-04-live-38548bd0,1,2026-06-04 21:10:21,0f16385,,,True
2026-06-04,PG,regime_admission:failed:BULL_CALM,,0,2026-06-04-live-38548bd0,1,2026-06-04 21:10:21,0f16385,,,True
2026-06-04,PH,regime_admission:failed:BULL_CALM,,0,2026-06-04-live-38548bd0,1,2026-06-04 21:10:21,0f16385,,,True
2026-06-04,PLTR,regime_admission:failed:BULL_CALM,,0,2026-06-04-live-38548bd0,1,2026-06-04 21:10:21,0f16385,,,True
2026-06-04,PM,regime_admission:failed:BULL_CALM,,0,2026-06-04-live-38548bd0,1,2026-06-04 21:10:21,0f16385,,,True
2026-06-04,PNC,regime_admission:failed:BULL_CALM,,0,2026-06-04-live-38548bd0,1,2026-06-04 21:10:21,0f16385,,,True
2026-06-04,PYPL,regime_admission:failed:BULL_CALM,,0,2026-06-04-live-38548bd0,1,2026-06-04 21:10:21,0f16385,,,True
2026-06-04,ROST,regime_admission:failed:BULL_CALM,,0,2026-06-04-live-38548bd0,1,2026-06-04 21:10:21,0f16385,,,True
2026-06-04,SCHW,regime_admission:failed:BULL_CALM,,0,2026-06-04-live-38548bd0,1,2026-06-04 21:10:21,0f16385,,,True
2026-06-04,SO,regime_admission:failed:BULL_CALM,,0,2026-06-04-live-38548bd0,1,2026-06-04 21:10:21,0f16385,,,True
2026-06-04,SPG,regime_admission:failed:BULL_CALM,,0,2026-06-04-live-38548bd0,1,2026-06-04 21:10:21,0f16385,,,True
2026-06-04,T,regime_admission:failed:BULL_CALM,,0,2026-06-04-live-38548bd0,1,2026-06-04 21:10:21,0f16385,,,True
2026-06-04,TJX,regime_admission:failed:BULL_CALM,,0,2026-06-04-live-38548bd0,1,2026-06-04 21:10:21,0f16385,,,True
2026-06-04,TSM,regime_admission:failed:BULL_CALM,,0,2026-06-04-live-38548bd0,1,2026-06-04 21:10:21,0f16385,,,True
2026-06-04,TXN,regime_admission:failed:BULL_CALM,,0,2026-06-04-live-38548bd0,1,2026-06-04 21:10:21,0f16385,,,True
2026-06-04,UNH,regime_admission:failed:BULL_CALM,,0,2026-06-04-live-38548bd0,1,2026-06-04 21:10:21,0f16385,,,True
2026-06-04,UNP,regime_admission:failed:BULL_CALM,,0,2026-06-04-live-38548bd0,1,2026-06-04 21:10:21,0f16385,,,True
2026-06-04,V,regime_admission:failed:BULL_CALM,,0,2026-06-04-live-38548bd0,1,2026-06-04 21:10:21,0f16385,,,True
2026-06-04,VLO,regime_admission:failed:BULL_CALM,,0,2026-06-04-live-38548bd0,1,2026-06-04 21:10:21,0f16385,,,True
2026-06-04,VTR,regime_admission:failed:BULL_CALM,,0,2026-06-04-live-38548bd0,1,2026-06-04 21:10:21,0f16385,,,True
2026-06-04,WELL,regime_admission:failed:BULL_CALM,,0,2026-06-04-live-38548bd0,1,2026-06-04 21:10:21,0f16385,,,True
2026-06-04,WMB,regime_admission:failed:BULL_CALM,,0,2026-06-04-live-38548bd0,1,2026-06-04 21:10:21,0f16385,,,True
2026-06-04,WMT,regime_admission:failed:BULL_CALM,,0,2026-06-04-live-38548bd0,1,2026-06-04 21:10:21,0f16385,,,True
2026-06-04,XLE,regime_admission:failed:BULL_CALM,,0,2026-06-04-live-38548bd0,1,2026-06-04 21:10:21,0f16385,,,True
2026-06-04,XLF,regime_admission:failed:BULL_CALM,,0,2026-06-04-live-38548bd0,1,2026-06-04 21:10:21,0f16385,,,True
2026-06-04,XLK,regime_admission:failed:BULL_CALM,,0,2026-06-04-live-38548bd0,1,2026-06-04 21:10:21,0f16385,,,True
2026-06-04,XLU,regime_admission:failed:BULL_CALM,,0,2026-06-04-live-38548bd0,1,2026-06-04 21:10:21,0f16385,,,True
2026-06-04,ZM,regime_admission:failed:BULL_CALM,,0,2026-06-04-live-38548bd0,1,2026-06-04 21:10:21,0f16385,,,True
2026-06-09,AAPL,veto:rank_score_below_floor,,0,2026-06-09-live-b92892f6,0,2026-06-10 04:39:58,c110fef,,,True
2026-06-09,ABBV,veto:rank_score_below_floor,,0,2026-06-09-live-b92892f6,0,2026-06-10 04:39:58,c110fef,,,True
2026-06-09,ADI,veto:rank_score_below_floor,,0,2026-06-09-live-b92892f6,0,2026-06-10 04:39:58,c110fef,,,True
2026-06-09,AEP,veto:rank_score_below_floor,,0,2026-06-09-live-b92892f6,0,2026-06-10 04:39:58,c110fef,,,True
2026-06-09,AFRM,veto:rank_score_below_floor,,0,2026-06-09-live-b92892f6,0,2026-06-10 04:39:58,c110fef,,,True
2026-06-09,AMAT,qp_admission_panel,0.04537049576971474,0,2026-06-09-live-b92892f6,0,2026-06-10 04:39:58,c110fef,,,True
2026-06-09,AMZN,veto:rank_score_below_floor,,0,2026-06-09-live-b92892f6,0,2026-06-10 04:39:58,c110fef,,,True
2026-06-09,ASML,veto:rank_score_below_floor,,0,2026-06-09-live-b92892f6,0,2026-06-10 04:39:58,c110fef,,,True
2026-06-09,AVGO,qp_admission_panel,0.04595581521783676,0,2026-06-09-live-b92892f6,0,2026-06-10 04:39:58,c110fef,,,True
2026-06-09,AXP,veto:rank_score_below_floor,,0,2026-06-09-live-b92892f6,0,2026-06-10 04:39:58,c110fef,,,True
2026-06-09,BLK,veto:rank_score_below_floor,,0,2026-06-09-live-b92892f6,0,2026-06-10 04:39:58,c110fef,,,True
2026-06-09,BMY,veto:rank_score_below_floor,,0,2026-06-09-live-b92892f6,0,2026-06-10 04:39:58,c110fef,,,True
2026-06-09,C,veto:rank_score_below_floor,,0,2026-06-09-live-b92892f6,0,2026-06-10 04:39:58,c110fef,,,True
2026-06-09,CAT,veto:rank_score_below_floor,,0,2026-06-09-live-b92892f6,0,2026-06-10 04:39:58,c110fef,,,True
2026-06-09,CME,veto:rank_score_below_floor,,0,2026-06-09-live-b92892f6,0,2026-06-10 04:39:58,c110fef,,,True
2026-06-09,COST,veto:rank_score_below_floor,,0,2026-06-09-live-b92892f6,0,2026-06-10 04:39:58,c110fef,,,True
2026-06-09,CVS,veto:rank_score_below_floor,,0,2026-06-09-live-b92892f6,0,2026-06-10 04:39:58,c110fef,,,True
2026-06-09,CVX,veto:rank_score_below_floor,,0,2026-06-09-live-b92892f6,0,2026-06-10 04:39:58,c110fef,,,True
2026-06-09,DLR,veto:rank_score_below_floor,,0,2026-06-09-live-b92892f6,0,2026-06-10 04:39:58,c110fef,,,True
2026-06-09,EMR,qp_admission_rank,0.08784894926966817,0,2026-06-09-live-b92892f6,0,2026-06-10 04:39:58,c110fef,,,True
2026-06-09,EOG,veto:rank_score_below_floor,,0,2026-06-09-live-b92892f6,0,2026-06-10 04:39:58,c110fef,,,True
2026-06-09,ETN,veto:rank_score_below_floor,,0,2026-06-09-live-b92892f6,0,2026-06-10 04:39:58,c110fef,,,True
2026-06-09,FDX,veto:rank_score_below_floor,,0,2026-06-09-live-b92892f6,0,2026-06-10 04:39:58,c110fef,,,True
2026-06-09,GE,veto:rank_score_below_floor,,0,2026-06-09-live-b92892f6,0,2026-06-10 04:39:58,c110fef,,,True
2026-06-09,GILD,veto:rank_score_below_floor,,0,2026-06-09-live-b92892f6,0,2026-06-10 04:39:58,c110fef,,,True
2026-06-09,GLD,veto:rank_score_below_floor,,0,2026-06-09-live-b92892f6,0,2026-06-10 04:39:58,c110fef,,,True
2026-06-09,GM,qp_admission_panel,0.10378601356646298,0,2026-06-09-live-b92892f6,0,2026-06-10 04:39:58,c110fef,,,True
2026-06-09,GOOG,veto:rank_score_below_floor,,0,2026-06-09-live-b92892f6,0,2026-06-10 04:39:58,c110fef,,,True
2026-06-09,GS,veto:rank_score_below_floor,,0,2026-06-09-live-b92892f6,0,2026-06-10 04:39:58,c110fef,,,True
2026-06-09,HD,veto:rank_score_below_floor,,0,2026-06-09-live-b92892f6,0,2026-06-10 04:39:58,c110fef,,,True
2026-06-09,HLT,veto:rank_score_below_floor,,0,2026-06-09-live-b92892f6,0,2026-06-10 04:39:58,c110fef,,,True
2026-06-09,HON,qp_admission_panel,0.10378601356646298,0,2026-06-09-live-b92892f6,0,2026-06-10 04:39:58,c110fef,,,True
2026-06-09,IBM,qp_admission_panel,0.056617594346511854,0,2026-06-09-live-b92892f6,0,2026-06-10 04:39:58,c110fef,,,True
2026-06-09,JNJ,veto:rank_score_below_floor,,0,2026-06-09-live-b92892f6,0,2026-06-10 04:39:58,c110fef,,,True
2026-06-09,JPM,veto:rank_score_below_floor,,0,2026-06-09-live-b92892f6,0,2026-06-10 04:39:58,c110fef,,,True
2026-06-09,KLAC,qp_admission_panel,0.037286299907294713,0,2026-06-09-live-b92892f6,0,2026-06-10 04:39:58,c110fef,,,True
2026-06-09,KMI,veto:rank_score_below_floor,,0,2026-06-09-live-b92892f6,0,2026-06-10 04:39:58,c110fef,,,True
2026-06-09,KO,veto:rank_score_below_floor,,0,2026-06-09-live-b92892f6,0,2026-06-10 04:39:58,c110fef,,,True
2026-06-09,LHX,veto:rank_score_below_floor,,0,2026-06-09-live-b92892f6,0,2026-06-10 04:39:58,c110fef,,,True
2026-06-09,LLY,qp_admission_panel,0.10378601356646298,0,2026-06-09-live-b92892f6,0,2026-06-10 04:39:58,c110fef,,,True
2026-06-09,LMT,qp_admission_rank,0.10378601356646298,0,2026-06-09-live-b92892f6,0,2026-06-10 04:39:58,c110fef,,,True
2026-06-09,MCD,veto:rank_score_below_floor,,0,2026-06-09-live-b92892f6,0,2026-06-10 04:39:58,c110fef,,,True
2026-06-09,MMM,veto:rank_score_below_floor,,0,2026-06-09-live-b92892f6,0,2026-06-10 04:39:58,c110fef,,,True
2026-06-09,MO,veto:rank_score_below_floor,,0,2026-06-09-live-b92892f6,0,2026-06-10 04:39:58,c110fef,,,True
2026-06-09,MPWR,veto:rank_score_below_floor,,0,2026-06-09-live-b92892f6,0,2026-06-10 04:39:58,c110fef,,,True
2026-06-09,MRK,veto:rank_score_below_floor,,0,2026-06-09-live-b92892f6,0,2026-06-10 04:39:58,c110fef,,,True
2026-06-09,MS,veto:rank_score_below_floor,,0,2026-06-09-live-b92892f6,0,2026-06-10 04:39:58,c110fef,,,True
2026-06-09,MSFT,veto:rank_score_below_floor,,0,2026-06-09-live-b92892f6,0,2026-06-10 04:39:58,c110fef,,,True
2026-06-09,NEE,veto:rank_score_below_floor,,0,2026-06-09-live-b92892f6,0,2026-06-10 04:39:58,c110fef,,,True
2026-06-09,NEM,veto:rank_score_below_floor,,0,2026-06-09-live-b92892f6,0,2026-06-10 04:39:58,c110fef,,,True
2026-06-09,NFLX,veto:rank_score_below_floor,,0,2026-06-09-live-b92892f6,0,2026-06-10 04:39:58,c110fef,,,True
2026-06-09,NVDA,veto:rank_score_below_floor,,0,2026-06-09-live-b92892f6,0,2026-06-10 04:39:58,c110fef,,,True
2026-06-09,PANW,veto:rank_score_below_floor,,0,2026-06-09-live-b92892f6,0,2026-06-10 04:39:58,c110fef,,,True
2026-06-09,PG,veto:rank_score_below_floor,,0,2026-06-09-live-b92892f6,0,2026-06-10 04:39:58,c110fef,,,True
2026-06-09,PH,veto:rank_score_below_floor,,0,2026-06-09-live-b92892f6,0,2026-06-10 04:39:58,c110fef,,,True
2026-06-09,PLTR,qp_admission_panel,0.038636339714913225,0,2026-06-09-live-b92892f6,0,2026-06-10 04:39:58,c110fef,,,True
2026-06-09,PM,veto:rank_score_below_floor,,0,2026-06-09-live-b92892f6,0,2026-06-10 04:39:58,c110fef,,,True
2026-06-09,PNC,veto:rank_score_below_floor,,0,2026-06-09-live-b92892f6,0,2026-06-10 04:39:58,c110fef,,,True
2026-06-09,PYPL,veto:rank_score_below_floor,,0,2026-06-09-live-b92892f6,0,2026-06-10 04:39:58,c110fef,,,True
2026-06-09,ROST,veto:rank_score_below_floor,,0,2026-06-09-live-b92892f6,0,2026-06-10 04:39:58,c110fef,,,True
2026-06-09,RTX,veto:rank_score_below_floor,,0,2026-06-09-live-b92892f6,0,2026-06-10 04:39:58,c110fef,,,True
2026-06-09,SCHW,veto:rank_score_below_floor,,0,2026-06-09-live-b92892f6,0,2026-06-10 04:39:58,c110fef,,,True
2026-06-09,SO,veto:rank_score_below_floor,,0,2026-06-09-live-b92892f6,0,2026-06-10 04:39:58,c110fef,,,True
2026-06-09,SOFI,veto:rank_score_below_floor,,0,2026-06-09-live-b92892f6,0,2026-06-10 04:39:58,c110fef,,,True
2026-06-09,SPG,veto:rank_score_below_floor,,0,2026-06-09-live-b92892f6,0,2026-06-10 04:39:58,c110fef,,,True
2026-06-09,SPOT,qp_admission_panel,0.07576412545515315,0,2026-06-09-live-b92892f6,0,2026-06-10 04:39:58,c110fef,,,True
2026-06-09,T,veto:rank_score_below_floor,,0,2026-06-09-live-b92892f6,0,2026-06-10 04:39:58,c110fef,,,True
2026-06-09,TJX,veto:rank_score_below_floor,,0,2026-06-09-live-b92892f6,0,2026-06-10 04:39:58,c110fef,,,True
2026-06-09,TSLA,qp_admission_rank,0.05233191282960482,0,2026-06-09-live-b92892f6,0,2026-06-10 04:39:58,c110fef,,,True
2026-06-09,TSM,veto:rank_score_below_floor,,0,2026-06-09-live-b92892f6,0,2026-06-10 04:39:58,c110fef,,,True
2026-06-09,TXN,veto:rank_score_below_floor,,0,2026-06-09-live-b92892f6,0,2026-06-10 04:39:58,c110fef,,,True
2026-06-09,UNH,veto:rank_score_below_floor,,0,2026-06-09-live-b92892f6,0,2026-06-10 04:39:58,c110fef,,,True
2026-06-09,UNP,veto:rank_score_below_floor,,0,2026-06-09-live-b92892f6,0,2026-06-10 04:39:58,c110fef,,,True
2026-06-09,V,veto:rank_score_below_floor,,0,2026-06-09-live-b92892f6,0,2026-06-10 04:39:58,c110fef,,,True
2026-06-09,VLO,veto:rank_score_below_floor,,0,2026-06-09-live-b92892f6,0,2026-06-10 04:39:58,c110fef,,,True
2026-06-09,VTR,veto:rank_score_below_floor,,0,2026-06-09-live-b92892f6,0,2026-06-10 04:39:58,c110fef,,,True
2026-06-09,WELL,veto:rank_score_below_floor,,0,2026-06-09-live-b92892f6,0,2026-06-10 04:39:58,c110fef,,,True
2026-06-09,WMB,veto:rank_score_below_floor,,0,2026-06-09-live-b92892f6,0,2026-06-10 04:39:58,c110fef,,,True
2026-06-09,WMT,veto:rank_score_below_floor,,0,2026-06-09-live-b92892f6,0,2026-06-10 04:39:58,c110fef,,,True
2026-06-09,XLE,veto:rank_score_below_floor,,0,2026-06-09-live-b92892f6,0,2026-06-10 04:39:58,c110fef,,,True
2026-06-09,XLF,veto:rank_score_below_floor,,0,2026-06-09-live-b92892f6,0,2026-06-10 04:39:58,c110fef,,,True
2026-06-09,XLK,veto:rank_score_below_floor,,0,2026-06-09-live-b92892f6,0,2026-06-10 04:39:58,c110fef,,,True
2026-06-09,XLU,veto:rank_score_below_floor,,0,2026-06-09-live-b92892f6,0,2026-06-10 04:39:58,c110fef,,,True
2026-06-09,ZM,veto:rank_score_below_floor,,0,2026-06-09-live-b92892f6,0,2026-06-10 04:39:58,c110fef,,,True
2026-06-09,AAPL,veto:rank_score_below_floor,,0,2026-06-09-live-70c90efc,1,2026-06-10 04:58:11,ea8e5aa,,,True
2026-06-09,ABBV,veto:rank_score_below_floor,,0,2026-06-09-live-70c90efc,1,2026-06-10 04:58:11,ea8e5aa,,,True
2026-06-09,ADI,veto:rank_score_below_floor,,0,2026-06-09-live-70c90efc,1,2026-06-10 04:58:11,ea8e5aa,,,True
2026-06-09,AEP,veto:rank_score_below_floor,,0,2026-06-09-live-70c90efc,1,2026-06-10 04:58:11,ea8e5aa,,,True
2026-06-09,AFRM,veto:rank_score_below_floor,,0,2026-06-09-live-70c90efc,1,2026-06-10 04:58:11,ea8e5aa,,,True
2026-06-09,AMAT,not_selected,0.04537049576971474,0,2026-06-09-live-70c90efc,1,2026-06-10 04:58:11,ea8e5aa,,,True
2026-06-09,AMZN,veto:rank_score_below_floor,,0,2026-06-09-live-70c90efc,1,2026-06-10 04:58:11,ea8e5aa,,,True
2026-06-09,ASML,veto:rank_score_below_floor,,0,2026-06-09-live-70c90efc,1,2026-06-10 04:58:11,ea8e5aa,,,True
2026-06-09,AVGO,not_selected,0.04595581521783676,0,2026-06-09-live-70c90efc,1,2026-06-10 04:58:11,ea8e5aa,,,True
2026-06-09,AXP,veto:rank_score_below_floor,,0,2026-06-09-live-70c90efc,1,2026-06-10 04:58:11,ea8e5aa,,,True
2026-06-09,BLK,veto:rank_score_below_floor,,0,2026-06-09-live-70c90efc,1,2026-06-10 04:58:11,ea8e5aa,,,True
2026-06-09,BMY,veto:rank_score_below_floor,,0,2026-06-09-live-70c90efc,1,2026-06-10 04:58:11,ea8e5aa,,,True
2026-06-09,C,veto:rank_score_below_floor,,0,2026-06-09-live-70c90efc,1,2026-06-10 04:58:11,ea8e5aa,,,True
2026-06-09,CAT,veto:rank_score_below_floor,,0,2026-06-09-live-70c90efc,1,2026-06-10 04:58:11,ea8e5aa,,,True
2026-06-09,CME,veto:rank_score_below_floor,,0,2026-06-09-live-70c90efc,1,2026-06-10 04:58:11,ea8e5aa,,,True
2026-06-09,COST,veto:rank_score_below_floor,,0,2026-06-09-live-70c90efc,1,2026-06-10 04:58:11,ea8e5aa,,,True
2026-06-09,CVS,veto:rank_score_below_floor,,0,2026-06-09-live-70c90efc,1,2026-06-10 04:58:11,ea8e5aa,,,True
2026-06-09,CVX,veto:rank_score_below_floor,,0,2026-06-09-live-70c90efc,1,2026-06-10 04:58:11,ea8e5aa,,,True
2026-06-09,DLR,veto:rank_score_below_floor,,0,2026-06-09-live-70c90efc,1,2026-06-10 04:58:11,ea8e5aa,,,True
2026-06-09,EMR,not_selected,0.08302881085317039,0,2026-06-09-live-70c90efc,1,2026-06-10 04:58:11,ea8e5aa,,,True
2026-06-09,EOG,veto:rank_score_below_floor,,0,2026-06-09-live-70c90efc,1,2026-06-10 04:58:11,ea8e5aa,,,True
2026-06-09,ETN,veto:rank_score_below_floor,,0,2026-06-09-live-70c90efc,1,2026-06-10 04:58:11,ea8e5aa,,,True
2026-06-09,FDX,veto:rank_score_below_floor,,0,2026-06-09-live-70c90efc,1,2026-06-10 04:58:11,ea8e5aa,,,True
2026-06-09,GE,veto:rank_score_below_floor,,0,2026-06-09-live-70c90efc,1,2026-06-10 04:58:11,ea8e5aa,,,True
2026-06-09,GILD,veto:rank_score_below_floor,,0,2026-06-09-live-70c90efc,1,2026-06-10 04:58:11,ea8e5aa,,,True
2026-06-09,GLD,veto:rank_score_below_floor,,0,2026-06-09-live-70c90efc,1,2026-06-10 04:58:11,ea8e5aa,,,True
2026-06-09,GM,broker_pending_submitted,0.08302881085317039,0,2026-06-09-live-70c90efc,1,2026-06-10 04:58:11,ea8e5aa,,,True
2026-06-09,GOOG,veto:rank_score_below_floor,,0,2026-06-09-live-70c90efc,1,2026-06-10 04:58:11,ea8e5aa,,,True
2026-06-09,GS,veto:rank_score_below_floor,,0,2026-06-09-live-70c90efc,1,2026-06-10 04:58:11,ea8e5aa,,,True
2026-06-09,HD,veto:rank_score_below_floor,,0,2026-06-09-live-70c90efc,1,2026-06-10 04:58:11,ea8e5aa,,,True
2026-06-09,HLT,veto:rank_score_below_floor,,0,2026-06-09-live-70c90efc,1,2026-06-10 04:58:11,ea8e5aa,,,True
2026-06-09,HON,broker_pending_submitted,0.08302881085317039,0,2026-06-09-live-70c90efc,1,2026-06-10 04:58:11,ea8e5aa,,,True
2026-06-09,IBM,broker_pending_submitted,0.056617594346511854,0,2026-06-09-live-70c90efc,1,2026-06-10 04:58:11,ea8e5aa,,,True
2026-06-09,JNJ,veto:rank_score_below_floor,,0,2026-06-09-live-70c90efc,1,2026-06-10 04:58:11,ea8e5aa,,,True
2026-06-09,JPM,veto:rank_score_below_floor,,0,2026-06-09-live-70c90efc,1,2026-06-10 04:58:11,ea8e5aa,,,True
2026-06-09,KLAC,not_selected,0.037286299907294713,0,2026-06-09-live-70c90efc,1,2026-06-10 04:58:11,ea8e5aa,,,True
2026-06-09,KMI,veto:rank_score_below_floor,,0,2026-06-09-live-70c90efc,1,2026-06-10 04:58:11,ea8e5aa,,,True
2026-06-09,KO,veto:rank_score_below_floor,,0,2026-06-09-live-70c90efc,1,2026-06-10 04:58:11,ea8e5aa,,,True
2026-06-09,LHX,veto:rank_score_below_floor,,0,2026-06-09-live-70c90efc,1,2026-06-10 04:58:11,ea8e5aa,,,True
2026-06-09,LLY,broker_pending_submitted,0.08302881085317039,0,2026-06-09-live-70c90efc,1,2026-06-10 04:58:11,ea8e5aa,,,True
2026-06-09,LMT,not_selected,0.08302881085317039,0,2026-06-09-live-70c90efc,1,2026-06-10 04:58:11,ea8e5aa,,,True
2026-06-09,MCD,veto:rank_score_below_floor,,0,2026-06-09-live-70c90efc,1,2026-06-10 04:58:11,ea8e5aa,,,True
2026-06-09,MMM,veto:rank_score_below_floor,,0,2026-06-09-live-70c90efc,1,2026-06-10 04:58:11,ea8e5aa,,,True
2026-06-09,MO,veto:rank_score_below_floor,,0,2026-06-09-live-70c90efc,1,2026-06-10 04:58:11,ea8e5aa,,,True
2026-06-09,MPWR,veto:rank_score_below_floor,,0,2026-06-09-live-70c90efc,1,2026-06-10 04:58:11,ea8e5aa,,,True
2026-06-09,MRK,veto:rank_score_below_floor,,0,2026-06-09-live-70c90efc,1,2026-06-10 04:58:11,ea8e5aa,,,True
2026-06-09,MS,veto:rank_score_below_floor,,0,2026-06-09-live-70c90efc,1,2026-06-10 04:58:11,ea8e5aa,,,True
2026-06-09,MSFT,veto:rank_score_below_floor,,0,2026-06-09-live-70c90efc,1,2026-06-10 04:58:11,ea8e5aa,,,True
2026-06-09,NEE,veto:rank_score_below_floor,,0,2026-06-09-live-70c90efc,1,2026-06-10 04:58:11,ea8e5aa,,,True
2026-06-09,NEM,veto:rank_score_below_floor,,0,2026-06-09-live-70c90efc,1,2026-06-10 04:58:11,ea8e5aa,,,True
2026-06-09,NFLX,veto:rank_score_below_floor,,0,2026-06-09-live-70c90efc,1,2026-06-10 04:58:11,ea8e5aa,,,True
2026-06-09,NVDA,veto:rank_score_below_floor,,0,2026-06-09-live-70c90efc,1,2026-06-10 04:58:11,ea8e5aa,,,True
2026-06-09,PANW,veto:rank_score_below_floor,,0,2026-06-09-live-70c90efc,1,2026-06-10 04:58:11,ea8e5aa,,,True
2026-06-09,PG,veto:rank_score_below_floor,,0,2026-06-09-live-70c90efc,1,2026-06-10 04:58:11,ea8e5aa,,,True
2026-06-09,PH,veto:rank_score_below_floor,,0,2026-06-09-live-70c90efc,1,2026-06-10 04:58:11,ea8e5aa,,,True
2026-06-09,PLTR,not_selected,0.038636339714913225,0,2026-06-09-live-70c90efc,1,2026-06-10 04:58:11,ea8e5aa,,,True
2026-06-09,PM,veto:rank_score_below_floor,,0,2026-06-09-live-70c90efc,1,2026-06-10 04:58:11,ea8e5aa,,,True
2026-06-09,PNC,veto:rank_score_below_floor,,0,2026-06-09-live-70c90efc,1,2026-06-10 04:58:11,ea8e5aa,,,True
2026-06-09,PYPL,veto:rank_score_below_floor,,0,2026-06-09-live-70c90efc,1,2026-06-10 04:58:11,ea8e5aa,,,True
2026-06-09,ROST,veto:rank_score_below_floor,,0,2026-06-09-live-70c90efc,1,2026-06-10 04:58:11,ea8e5aa,,,True
2026-06-09,RTX,veto:rank_score_below_floor,,0,2026-06-09-live-70c90efc,1,2026-06-10 04:58:11,ea8e5aa,,,True
2026-06-09,SCHW,veto:rank_score_below_floor,,0,2026-06-09-live-70c90efc,1,2026-06-10 04:58:11,ea8e5aa,,,True
2026-06-09,SO,veto:rank_score_below_floor,,0,2026-06-09-live-70c90efc,1,2026-06-10 04:58:11,ea8e5aa,,,True
2026-06-09,SOFI,veto:rank_score_below_floor,,0,2026-06-09-live-70c90efc,1,2026-06-10 04:58:11,ea8e5aa,,,True
2026-06-09,SPG,veto:rank_score_below_floor,,0,2026-06-09-live-70c90efc,1,2026-06-10 04:58:11,ea8e5aa,,,True
2026-06-09,SPOT,broker_pending_submitted,0.07576412545515315,0,2026-06-09-live-70c90efc,1,2026-06-10 04:58:11,ea8e5aa,,,True
2026-06-09,T,veto:rank_score_below_floor,,0,2026-06-09-live-70c90efc,1,2026-06-10 04:58:11,ea8e5aa,,,True
2026-06-09,TJX,veto:rank_score_below_floor,,0,2026-06-09-live-70c90efc,1,2026-06-10 04:58:11,ea8e5aa,,,True
2026-06-09,TSLA,not_selected,0.05233191282960482,0,2026-06-09-live-70c90efc,1,2026-06-10 04:58:11,ea8e5aa,,,True
2026-06-09,TSM,veto:rank_score_below_floor,,0,2026-06-09-live-70c90efc,1,2026-06-10 04:58:11,ea8e5aa,,,True
2026-06-09,TXN,veto:rank_score_below_floor,,0,2026-06-09-live-70c90efc,1,2026-06-10 04:58:11,ea8e5aa,,,True
2026-06-09,UNH,veto:rank_score_below_floor,,0,2026-06-09-live-70c90efc,1,2026-06-10 04:58:11,ea8e5aa,,,True
2026-06-09,UNP,veto:rank_score_below_floor,,0,2026-06-09-live-70c90efc,1,2026-06-10 04:58:11,ea8e5aa,,,True
2026-06-09,V,veto:rank_score_below_floor,,0,2026-06-09-live-70c90efc,1,2026-06-10 04:58:11,ea8e5aa,,,True
2026-06-09,VLO,veto:rank_score_below_floor,,0,2026-06-09-live-70c90efc,1,2026-06-10 04:58:11,ea8e5aa,,,True
2026-06-09,VTR,veto:rank_score_below_floor,,0,2026-06-09-live-70c90efc,1,2026-06-10 04:58:11,ea8e5aa,,,True
2026-06-09,WELL,veto:rank_score_below_floor,,0,2026-06-09-live-70c90efc,1,2026-06-10 04:58:11,ea8e5aa,,,True
2026-06-09,WMB,veto:rank_score_below_floor,,0,2026-06-09-live-70c90efc,1,2026-06-10 04:58:11,ea8e5aa,,,True
2026-06-09,WMT,veto:rank_score_below_floor,,0,2026-06-09-live-70c90efc,1,2026-06-10 04:58:11,ea8e5aa,,,True
2026-06-09,XLE,veto:rank_score_below_floor,,0,2026-06-09-live-70c90efc,1,2026-06-10 04:58:11,ea8e5aa,,,True
2026-06-09,XLF,veto:rank_score_below_floor,,0,2026-06-09-live-70c90efc,1,2026-06-10 04:58:11,ea8e5aa,,,True
2026-06-09,XLK,veto:rank_score_below_floor,,0,2026-06-09-live-70c90efc,1,2026-06-10 04:58:11,ea8e5aa,,,True
2026-06-09,XLU,veto:rank_score_below_floor,,0,2026-06-09-live-70c90efc,1,2026-06-10 04:58:11,ea8e5aa,,,True
2026-06-09,ZM,veto:rank_score_below_floor,,0,2026-06-09-live-70c90efc,1,2026-06-10 04:58:11,ea8e5aa,,,True
2026-06-10,AAPL,veto:rank_score_below_floor,,0,2026-06-10-live-c2bf522c,1,2026-06-10 23:55:57,43c322e,,,True
2026-06-10,ABBV,veto:rank_score_below_floor,,0,2026-06-10-live-c2bf522c,1,2026-06-10 23:55:57,43c322e,,,True
2026-06-10,ADI,veto:rank_score_below_floor,,0,2026-06-10-live-c2bf522c,1,2026-06-10 23:55:57,43c322e,,,True
2026-06-10,AEP,veto:rank_score_below_floor,,0,2026-06-10-live-c2bf522c,1,2026-06-10 23:55:57,43c322e,,,True
2026-06-10,AFRM,veto:rank_score_below_floor,,0,2026-06-10-live-c2bf522c,1,2026-06-10 23:55:57,43c322e,,,True
2026-06-10,AMAT,not_selected,0.04532210504150558,0,2026-06-10-live-c2bf522c,1,2026-06-10 23:55:57,43c322e,,,True
2026-06-10,AMZN,veto:rank_score_below_floor,,0,2026-06-10-live-c2bf522c,1,2026-06-10 23:55:57,43c322e,,,True
2026-06-10,ASML,veto:rank_score_below_floor,,0,2026-06-10-live-c2bf522c,1,2026-06-10 23:55:57,43c322e,,,True
2026-06-10,AVGO,not_selected,0.043846274370787995,0,2026-06-10-live-c2bf522c,1,2026-06-10 23:55:57,43c322e,,,True
2026-06-10,AXP,veto:rank_score_below_floor,,0,2026-06-10-live-c2bf522c,1,2026-06-10 23:55:57,43c322e,,,True
2026-06-10,BLK,veto:rank_score_below_floor,,0,2026-06-10-live-c2bf522c,1,2026-06-10 23:55:57,43c322e,,,True
2026-06-10,BMY,veto:rank_score_below_floor,,0,2026-06-10-live-c2bf522c,1,2026-06-10 23:55:57,43c322e,,,True
2026-06-10,C,veto:rank_score_below_floor,,0,2026-06-10-live-c2bf522c,1,2026-06-10 23:55:57,43c322e,,,True
2026-06-10,CAT,veto:rank_score_below_floor,,0,2026-06-10-live-c2bf522c,1,2026-06-10 23:55:57,43c322e,,,True
2026-06-10,CME,veto:rank_score_below_floor,,0,2026-06-10-live-c2bf522c,1,2026-06-10 23:55:57,43c322e,,,True
2026-06-10,COST,veto:rank_score_below_floor,,0,2026-06-10-live-c2bf522c,1,2026-06-10 23:55:57,43c322e,,,True
2026-06-10,CVS,veto:rank_score_below_floor,,0,2026-06-10-live-c2bf522c,1,2026-06-10 23:55:57,43c322e,,,True
2026-06-10,CVX,veto:rank_score_below_floor,,0,2026-06-10-live-c2bf522c,1,2026-06-10 23:55:57,43c322e,,,True
2026-06-10,DLR,veto:rank_score_below_floor,,0,2026-06-10-live-c2bf522c,1,2026-06-10 23:55:57,43c322e,,,True
2026-06-10,EMR,not_selected,0.08229653364201445,0,2026-06-10-live-c2bf522c,1,2026-06-10 23:55:57,43c322e,,,True
2026-06-10,EOG,veto:rank_score_below_floor,,0,2026-06-10-live-c2bf522c,1,2026-06-10 23:55:57,43c322e,,,True
2026-06-10,ETN,veto:rank_score_below_floor,,0,2026-06-10-live-c2bf522c,1,2026-06-10 23:55:57,43c322e,,,True
2026-06-10,FDX,veto:rank_score_below_floor,,0,2026-06-10-live-c2bf522c,1,2026-06-10 23:55:57,43c322e,,,True
2026-06-10,GE,veto:rank_score_below_floor,,0,2026-06-10-live-c2bf522c,1,2026-06-10 23:55:57,43c322e,,,True
2026-06-10,GILD,veto:rank_score_below_floor,,0,2026-06-10-live-c2bf522c,1,2026-06-10 23:55:57,43c322e,,,True
2026-06-10,GLD,veto:rank_score_below_floor,,0,2026-06-10-live-c2bf522c,1,2026-06-10 23:55:57,43c322e,,,True
2026-06-10,GM,broker_pending_submitted,0.08229653364201445,0,2026-06-10-live-c2bf522c,1,2026-06-10 23:55:57,43c322e,,,True
2026-06-10,GOOG,veto:rank_score_below_floor,,0,2026-06-10-live-c2bf522c,1,2026-06-10 23:55:57,43c322e,,,True
2026-06-10,GS,veto:rank_score_below_floor,,0,2026-06-10-live-c2bf522c,1,2026-06-10 23:55:57,43c322e,,,True
2026-06-10,HD,veto:rank_score_below_floor,,0,2026-06-10-live-c2bf522c,1,2026-06-10 23:55:57,43c322e,,,True
2026-06-10,HLT,veto:rank_score_below_floor,,0,2026-06-10-live-c2bf522c,1,2026-06-10 23:55:57,43c322e,,,True
2026-06-10,HON,broker_pending_submitted,0.08229653364201445,0,2026-06-10-live-c2bf522c,1,2026-06-10 23:55:57,43c322e,,,True
2026-06-10,IBM,broker_pending_submitted,0.05642215294455166,0,2026-06-10-live-c2bf522c,1,2026-06-10 23:55:57,43c322e,,,True
2026-06-10,JNJ,veto:rank_score_below_floor,,0,2026-06-10-live-c2bf522c,1,2026-06-10 23:55:57,43c322e,,,True
2026-06-10,JPM,veto:rank_score_below_floor,,0,2026-06-10-live-c2bf522c,1,2026-06-10 23:55:57,43c322e,,,True
2026-06-10,KLAC,not_selected,0.03726529939740428,0,2026-06-10-live-c2bf522c,1,2026-06-10 23:55:57,43c322e,,,True
2026-06-10,KMI,veto:rank_score_below_floor,,0,2026-06-10-live-c2bf522c,1,2026-06-10 23:55:57,43c322e,,,True
2026-06-10,KO,veto:rank_score_below_floor,,0,2026-06-10-live-c2bf522c,1,2026-06-10 23:55:57,43c322e,,,True
2026-06-10,LHX,veto:rank_score_below_floor,,0,2026-06-10-live-c2bf522c,1,2026-06-10 23:55:57,43c322e,,,True
2026-06-10,LLY,broker_pending_submitted,0.08229653364201445,0,2026-06-10-live-c2bf522c,1,2026-06-10 23:55:57,43c322e,,,True
2026-06-10,LMT,not_selected,0.08229653364201445,0,2026-06-10-live-c2bf522c,1,2026-06-10 23:55:57,43c322e,,,True
2026-06-10,MCD,veto:rank_score_below_floor,,0,2026-06-10-live-c2bf522c,1,2026-06-10 23:55:57,43c322e,,,True
2026-06-10,MMM,veto:rank_score_below_floor,,0,2026-06-10-live-c2bf522c,1,2026-06-10 23:55:57,43c322e,,,True
2026-06-10,MO,veto:rank_score_below_floor,,0,2026-06-10-live-c2bf522c,1,2026-06-10 23:55:57,43c322e,,,True
2026-06-10,MPWR,veto:rank_score_below_floor,,0,2026-06-10-live-c2bf522c,1,2026-06-10 23:55:57,43c322e,,,True
2026-06-10,MRK,veto:rank_score_below_floor,,0,2026-06-10-live-c2bf522c,1,2026-06-10 23:55:57,43c322e,,,True
2026-06-10,MS,veto:rank_score_below_floor,,0,2026-06-10-live-c2bf522c,1,2026-06-10 23:55:57,43c322e,,,True
2026-06-10,MSFT,veto:rank_score_below_floor,,0,2026-06-10-live-c2bf522c,1,2026-06-10 23:55:57,43c322e,,,True
2026-06-10,NEE,veto:rank_score_below_floor,,0,2026-06-10-live-c2bf522c,1,2026-06-10 23:55:57,43c322e,,,True
2026-06-10,NEM,veto:rank_score_below_floor,,0,2026-06-10-live-c2bf522c,1,2026-06-10 23:55:57,43c322e,,,True
2026-06-10,NFLX,veto:rank_score_below_floor,,0,2026-06-10-live-c2bf522c,1,2026-06-10 23:55:57,43c322e,,,True
2026-06-10,NVDA,veto:rank_score_below_floor,,0,2026-06-10-live-c2bf522c,1,2026-06-10 23:55:57,43c322e,,,True
2026-06-10,PANW,veto:rank_score_below_floor,,0,2026-06-10-live-c2bf522c,1,2026-06-10 23:55:57,43c322e,,,True
2026-06-10,PG,veto:rank_score_below_floor,,0,2026-06-10-live-c2bf522c,1,2026-06-10 23:55:57,43c322e,,,True
2026-06-10,PH,veto:rank_score_below_floor,,0,2026-06-10-live-c2bf522c,1,2026-06-10 23:55:57,43c322e,,,True
2026-06-10,PLTR,not_selected,0.038652633171700194,0,2026-06-10-live-c2bf522c,1,2026-06-10 23:55:57,43c322e,,,True
2026-06-10,PM,veto:rank_score_below_floor,,0,2026-06-10-live-c2bf522c,1,2026-06-10 23:55:57,43c322e,,,True
2026-06-10,PNC,veto:rank_score_below_floor,,0,2026-06-10-live-c2bf522c,1,2026-06-10 23:55:57,43c322e,,,True
2026-06-10,PYPL,veto:rank_score_below_floor,,0,2026-06-10-live-c2bf522c,1,2026-06-10 23:55:57,43c322e,,,True
2026-06-10,ROST,veto:rank_score_below_floor,,0,2026-06-10-live-c2bf522c,1,2026-06-10 23:55:57,43c322e,,,True
2026-06-10,RTX,veto:rank_score_below_floor,,0,2026-06-10-live-c2bf522c,1,2026-06-10 23:55:57,43c322e,,,True
2026-06-10,SCHW,veto:rank_score_below_floor,,0,2026-06-10-live-c2bf522c,1,2026-06-10 23:55:57,43c322e,,,True
2026-06-10,SO,veto:rank_score_below_floor,,0,2026-06-10-live-c2bf522c,1,2026-06-10 23:55:57,43c322e,,,True
2026-06-10,SOFI,veto:rank_score_below_floor,,0,2026-06-10-live-c2bf522c,1,2026-06-10 23:55:57,43c322e,,,True
2026-06-10,SPG,veto:rank_score_below_floor,,0,2026-06-10-live-c2bf522c,1,2026-06-10 23:55:57,43c322e,,,True
2026-06-10,SPOT,broker_pending_submitted,0.07584476307473506,0,2026-06-10-live-c2bf522c,1,2026-06-10 23:55:57,43c322e,,,True
2026-06-10,T,veto:rank_score_below_floor,,0,2026-06-10-live-c2bf522c,1,2026-06-10 23:55:57,43c322e,,,True
2026-06-10,TJX,veto:rank_score_below_floor,,0,2026-06-10-live-c2bf522c,1,2026-06-10 23:55:57,43c322e,,,True
2026-06-10,TSLA,not_selected,0.05084609934313596,0,2026-06-10-live-c2bf522c,1,2026-06-10 23:55:57,43c322e,,,True
2026-06-10,TSM,veto:rank_score_below_floor,,0,2026-06-10-live-c2bf522c,1,2026-06-10 23:55:57,43c322e,,,True
2026-06-10,TXN,veto:rank_score_below_floor,,0,2026-06-10-live-c2bf522c,1,2026-06-10 23:55:57,43c322e,,,True
2026-06-10,UNH,veto:rank_score_below_floor,,0,2026-06-10-live-c2bf522c,1,2026-06-10 23:55:57,43c322e,,,True
2026-06-10,UNP,veto:rank_score_below_floor,,0,2026-06-10-live-c2bf522c,1,2026-06-10 23:55:57,43c322e,,,True
2026-06-10,V,veto:rank_score_below_floor,,0,2026-06-10-live-c2bf522c,1,2026-06-10 23:55:57,43c322e,,,True
2026-06-10,VLO,veto:rank_score_below_floor,,0,2026-06-10-live-c2bf522c,1,2026-06-10 23:55:57,43c322e,,,True
2026-06-10,VTR,veto:rank_score_below_floor,,0,2026-06-10-live-c2bf522c,1,2026-06-10 23:55:57,43c322e,,,True
2026-06-10,WELL,veto:rank_score_below_floor,,0,2026-06-10-live-c2bf522c,1,2026-06-10 23:55:57,43c322e,,,True
2026-06-10,WMB,veto:rank_score_below_floor,,0,2026-06-10-live-c2bf522c,1,2026-06-10 23:55:57,43c322e,,,True
2026-06-10,WMT,veto:rank_score_below_floor,,0,2026-06-10-live-c2bf522c,1,2026-06-10 23:55:57,43c322e,,,True
2026-06-10,XLE,veto:rank_score_below_floor,,0,2026-06-10-live-c2bf522c,1,2026-06-10 23:55:57,43c322e,,,True
2026-06-10,XLF,veto:rank_score_below_floor,,0,2026-06-10-live-c2bf522c,1,2026-06-10 23:55:57,43c322e,,,True
2026-06-10,XLK,veto:rank_score_below_floor,,0,2026-06-10-live-c2bf522c,1,2026-06-10 23:55:57,43c322e,,,True
2026-06-10,XLU,veto:rank_score_below_floor,,0,2026-06-10-live-c2bf522c,1,2026-06-10 23:55:57,43c322e,,,True
2026-06-10,ZM,veto:rank_score_below_floor,,0,2026-06-10-live-c2bf522c,1,2026-06-10 23:55:57,43c322e,,,True
2026-06-11,AAPL,veto:rank_score_below_floor,,0,2026-06-11-live-f68231b0,0,2026-06-11 21:18:02,1bcdd8c,,,True
2026-06-11,ABBV,veto:rank_score_below_floor,,0,2026-06-11-live-f68231b0,0,2026-06-11 21:18:02,1bcdd8c,,,True
2026-06-11,ADI,veto:rank_score_below_floor,,0,2026-06-11-live-f68231b0,0,2026-06-11 21:18:02,1bcdd8c,,,True
2026-06-11,AEP,veto:rank_score_below_floor,,0,2026-06-11-live-f68231b0,0,2026-06-11 21:18:02,1bcdd8c,,,True
2026-06-11,AMAT,kelly_zero:capped_zero,0.0,0,2026-06-11-live-f68231b0,0,2026-06-11 21:18:02,1bcdd8c,,,True
2026-06-11,AMZN,veto:rank_score_below_floor,,0,2026-06-11-live-f68231b0,0,2026-06-11 21:18:02,1bcdd8c,,,True
2026-06-11,ASML,veto:rank_score_below_floor,,0,2026-06-11-live-f68231b0,0,2026-06-11 21:18:02,1bcdd8c,,,True
2026-06-11,AVGO,veto:rank_score_below_floor,,0,2026-06-11-live-f68231b0,0,2026-06-11 21:18:02,1bcdd8c,,,True
2026-06-11,AXP,veto:rank_score_below_floor,,0,2026-06-11-live-f68231b0,0,2026-06-11 21:18:02,1bcdd8c,,,True
2026-06-11,BLK,veto:rank_score_below_floor,,0,2026-06-11-live-f68231b0,0,2026-06-11 21:18:02,1bcdd8c,,,True
2026-06-11,BMY,veto:rank_score_below_floor,,0,2026-06-11-live-f68231b0,0,2026-06-11 21:18:02,1bcdd8c,,,True
2026-06-11,C,veto:rank_score_below_floor,,0,2026-06-11-live-f68231b0,0,2026-06-11 21:18:02,1bcdd8c,,,True
2026-06-11,CAT,veto:rank_score_below_floor,,0,2026-06-11-live-f68231b0,0,2026-06-11 21:18:02,1bcdd8c,,,True
2026-06-11,CME,veto:rank_score_below_floor,,0,2026-06-11-live-f68231b0,0,2026-06-11 21:18:02,1bcdd8c,,,True
2026-06-11,COST,veto:rank_score_below_floor,,0,2026-06-11-live-f68231b0,0,2026-06-11 21:18:02,1bcdd8c,,,True
2026-06-11,CSCO,kelly_zero:capped_zero,0.0,0,2026-06-11-live-f68231b0,0,2026-06-11 21:18:02,1bcdd8c,,,True
2026-06-11,CVS,veto:rank_score_below_floor,,0,2026-06-11-live-f68231b0,0,2026-06-11 21:18:02,1bcdd8c,,,True
2026-06-11,CVX,veto:rank_score_below_floor,,0,2026-06-11-live-f68231b0,0,2026-06-11 21:18:02,1bcdd8c,,,True
2026-06-11,DLR,veto:rank_score_below_floor,,0,2026-06-11-live-f68231b0,0,2026-06-11 21:18:02,1bcdd8c,,,True
2026-06-11,EMR,kelly_zero:capped_zero,0.0,0,2026-06-11-live-f68231b0,0,2026-06-11 21:18:02,1bcdd8c,,,True
2026-06-11,EOG,veto:rank_score_below_floor,,0,2026-06-11-live-f68231b0,0,2026-06-11 21:18:02,1bcdd8c,,,True
2026-06-11,ETN,kelly_zero:capped_zero,0.0,0,2026-06-11-live-f68231b0,0,2026-06-11 21:18:02,1bcdd8c,,,True
2026-06-11,FDX,veto:rank_score_below_floor,,0,2026-06-11-live-f68231b0,0,2026-06-11 21:18:02,1bcdd8c,,,True
2026-06-11,GE,veto:rank_score_below_floor,,0,2026-06-11-live-f68231b0,0,2026-06-11 21:18:02,1bcdd8c,,,True
2026-06-11,GILD,veto:rank_score_below_floor,,0,2026-06-11-live-f68231b0,0,2026-06-11 21:18:02,1bcdd8c,,,True
2026-06-11,GLD,veto:rank_score_below_floor,,0,2026-06-11-live-f68231b0,0,2026-06-11 21:18:02,1bcdd8c,,,True
2026-06-11,GM,veto:rank_score_below_floor,,0,2026-06-11-live-f68231b0,0,2026-06-11 21:18:02,1bcdd8c,,,True
2026-06-11,GOOG,veto:rank_score_below_floor,,0,2026-06-11-live-f68231b0,0,2026-06-11 21:18:02,1bcdd8c,,,True
2026-06-11,GS,veto:rank_score_below_floor,,0,2026-06-11-live-f68231b0,0,2026-06-11 21:18:02,1bcdd8c,,,True
2026-06-11,HD,veto:rank_score_below_floor,,0,2026-06-11-live-f68231b0,0,2026-06-11 21:18:02,1bcdd8c,,,True
2026-06-11,HLT,veto:rank_score_below_floor,,0,2026-06-11-live-f68231b0,0,2026-06-11 21:18:02,1bcdd8c,,,True
2026-06-11,HON,kelly_zero:capped_zero,0.0,0,2026-06-11-live-f68231b0,0,2026-06-11 21:18:02,1bcdd8c,,,True
2026-06-11,IBM,kelly_zero:capped_zero,0.0,0,2026-06-11-live-f68231b0,0,2026-06-11 21:18:02,1bcdd8c,,,True
2026-06-11,JNJ,veto:rank_score_below_floor,,0,2026-06-11-live-f68231b0,0,2026-06-11 21:18:02,1bcdd8c,,,True
2026-06-11,JPM,veto:rank_score_below_floor,,0,2026-06-11-live-f68231b0,0,2026-06-11 21:18:02,1bcdd8c,,,True
2026-06-11,KMI,veto:rank_score_below_floor,,0,2026-06-11-live-f68231b0,0,2026-06-11 21:18:02,1bcdd8c,,,True
2026-06-11,KO,veto:rank_score_below_floor,,0,2026-06-11-live-f68231b0,0,2026-06-11 21:18:02,1bcdd8c,,,True
2026-06-11,LHX,veto:rank_score_below_floor,,0,2026-06-11-live-f68231b0,0,2026-06-11 21:18:02,1bcdd8c,,,True
2026-06-11,LLY,veto:rank_score_below_floor,,0,2026-06-11-live-f68231b0,0,2026-06-11 21:18:02,1bcdd8c,,,True
2026-06-11,LMT,veto:rank_score_below_floor,,0,2026-06-11-live-f68231b0,0,2026-06-11 21:18:02,1bcdd8c,,,True
2026-06-11,MCD,veto:rank_score_below_floor,,0,2026-06-11-live-f68231b0,0,2026-06-11 21:18:02,1bcdd8c,,,True
2026-06-11,MMM,veto:rank_score_below_floor,,0,2026-06-11-live-f68231b0,0,2026-06-11 21:18:02,1bcdd8c,,,True
2026-06-11,MO,veto:rank_score_below_floor,,0,2026-06-11-live-f68231b0,0,2026-06-11 21:18:02,1bcdd8c,,,True
2026-06-11,MRK,veto:rank_score_below_floor,,0,2026-06-11-live-f68231b0,0,2026-06-11 21:18:02,1bcdd8c,,,True
2026-06-11,MS,veto:rank_score_below_floor,,0,2026-06-11-live-f68231b0,0,2026-06-11 21:18:02,1bcdd8c,,,True
2026-06-11,MSFT,veto:rank_score_below_floor,,0,2026-06-11-live-f68231b0,0,2026-06-11 21:18:02,1bcdd8c,,,True
2026-06-11,NEE,veto:rank_score_below_floor,,0,2026-06-11-live-f68231b0,0,2026-06-11 21:18:02,1bcdd8c,,,True
2026-06-11,NEM,veto:rank_score_below_floor,,0,2026-06-11-live-f68231b0,0,2026-06-11 21:18:02,1bcdd8c,,,True
2026-06-11,NFLX,kelly_zero:capped_zero,0.0,0,2026-06-11-live-f68231b0,0,2026-06-11 21:18:02,1bcdd8c,,,True
2026-06-11,NVDA,veto:rank_score_below_floor,,0,2026-06-11-live-f68231b0,0,2026-06-11 21:18:02,1bcdd8c,,,True
2026-06-11,PANW,veto:rank_score_below_floor,,0,2026-06-11-live-f68231b0,0,2026-06-11 21:18:02,1bcdd8c,,,True
2026-06-11,PG,veto:rank_score_below_floor,,0,2026-06-11-live-f68231b0,0,2026-06-11 21:18:02,1bcdd8c,,,True
2026-06-11,PH,veto:rank_score_below_floor,,0,2026-06-11-live-f68231b0,0,2026-06-11 21:18:02,1bcdd8c,,,True
2026-06-11,PLTR,kelly_zero:capped_zero,0.0,0,2026-06-11-live-f68231b0,0,2026-06-11 21:18:02,1bcdd8c,,,True
2026-06-11,PM,veto:rank_score_below_floor,,0,2026-06-11-live-f68231b0,0,2026-06-11 21:18:02,1bcdd8c,,,True
2026-06-11,PNC,veto:rank_score_below_floor,,0,2026-06-11-live-f68231b0,0,2026-06-11 21:18:02,1bcdd8c,,,True
2026-06-11,PYPL,kelly_zero:capped_zero,0.0,0,2026-06-11-live-f68231b0,0,2026-06-11 21:18:02,1bcdd8c,,,True
2026-06-11,ROST,kelly_zero:capped_zero,0.0,0,2026-06-11-live-f68231b0,0,2026-06-11 21:18:02,1bcdd8c,,,True
2026-06-11,RTX,veto:rank_score_below_floor,,0,2026-06-11-live-f68231b0,0,2026-06-11 21:18:02,1bcdd8c,,,True
2026-06-11,SCHW,veto:rank_score_below_floor,,0,2026-06-11-live-f68231b0,0,2026-06-11 21:18:02,1bcdd8c,,,True
2026-06-11,SO,veto:rank_score_below_floor,,0,2026-06-11-live-f68231b0,0,2026-06-11 21:18:02,1bcdd8c,,,True
2026-06-11,SOFI,kelly_zero:capped_zero,0.0,0,2026-06-11-live-f68231b0,0,2026-06-11 21:18:02,1bcdd8c,,,True
2026-06-11,SPG,veto:rank_score_below_floor,,0,2026-06-11-live-f68231b0,0,2026-06-11 21:18:02,1bcdd8c,,,True
2026-06-11,SPOT,veto:rank_score_below_floor,,0,2026-06-11-live-f68231b0,0,2026-06-11 21:18:02,1bcdd8c,,,True
2026-06-11,T,veto:rank_score_below_floor,,0,2026-06-11-live-f68231b0,0,2026-06-11 21:18:02,1bcdd8c,,,True
2026-06-11,TJX,veto:rank_score_below_floor,,0,2026-06-11-live-f68231b0,0,2026-06-11 21:18:02,1bcdd8c,,,True
2026-06-11,TSLA,veto:rank_score_below_floor,,0,2026-06-11-live-f68231b0,0,2026-06-11 21:18:02,1bcdd8c,,,True
2026-06-11,TSM,veto:rank_score_below_floor,,0,2026-06-11-live-f68231b0,0,2026-06-11 21:18:02,1bcdd8c,,,True
2026-06-11,TXN,veto:rank_score_below_floor,,0,2026-06-11-live-f68231b0,0,2026-06-11 21:18:02,1bcdd8c,,,True
2026-06-11,UNH,veto:rank_score_below_floor,,0,2026-06-11-live-f68231b0,0,2026-06-11 21:18:02,1bcdd8c,,,True
2026-06-11,UNP,veto:rank_score_below_floor,,0,2026-06-11-live-f68231b0,0,2026-06-11 21:18:02,1bcdd8c,,,True
2026-06-11,V,kelly_zero:capped_zero,0.0,0,2026-06-11-live-f68231b0,0,2026-06-11 21:18:02,1bcdd8c,,,True
2026-06-11,VLO,veto:rank_score_below_floor,,0,2026-06-11-live-f68231b0,0,2026-06-11 21:18:02,1bcdd8c,,,True
2026-06-11,VTR,veto:rank_score_below_floor,,0,2026-06-11-live-f68231b0,0,2026-06-11 21:18:02,1bcdd8c,,,True
2026-06-11,WELL,veto:rank_score_below_floor,,0,2026-06-11-live-f68231b0,0,2026-06-11 21:18:02,1bcdd8c,,,True
2026-06-11,WMB,veto:rank_score_below_floor,,0,2026-06-11-live-f68231b0,0,2026-06-11 21:18:02,1bcdd8c,,,True
2026-06-11,WMT,veto:rank_score_below_floor,,0,2026-06-11-live-f68231b0,0,2026-06-11 21:18:02,1bcdd8c,,,True
2026-06-11,XLE,veto:rank_score_below_floor,,0,2026-06-11-live-f68231b0,0,2026-06-11 21:18:02,1bcdd8c,,,True
2026-06-11,XLF,veto:rank_score_below_floor,,0,2026-06-11-live-f68231b0,0,2026-06-11 21:18:02,1bcdd8c,,,True
2026-06-11,XLK,veto:rank_score_below_floor,,0,2026-06-11-live-f68231b0,0,2026-06-11 21:18:02,1bcdd8c,,,True
2026-06-11,XLU,veto:rank_score_below_floor,,0,2026-06-11-live-f68231b0,0,2026-06-11 21:18:02,1bcdd8c,,,True
2026-06-11,XOM,veto:rank_score_below_floor,,0,2026-06-11-live-f68231b0,0,2026-06-11 21:18:02,1bcdd8c,,,True
2026-06-11,ZM,veto:rank_score_below_floor,,0,2026-06-11-live-f68231b0,0,2026-06-11 21:18:02,1bcdd8c,,,True
2026-06-22,AAPL,veto:rank_score_below_floor,,0,2026-06-22-live-c26c0042,1,2026-06-23 04:20:15,b2f511e,,,True
2026-06-22,ABBV,veto:rank_score_below_floor,,0,2026-06-22-live-c26c0042,1,2026-06-23 04:20:15,b2f511e,,,True
2026-06-22,ADI,conviction:mu_below_floor,,0,2026-06-22-live-c26c0042,1,2026-06-23 04:20:15,b2f511e,,,True
2026-06-22,AEP,veto:rank_score_below_floor,,0,2026-06-22-live-c26c0042,1,2026-06-23 04:20:15,b2f511e,,,True
2026-06-22,AMZN,broker_pending_submitted,0.08075432844061509,0,2026-06-22-live-c26c0042,1,2026-06-23 04:20:15,b2f511e,,,True
2026-06-22,ASML,size_insufficient_cash,0.08075432844061509,0,2026-06-22-live-c26c0042,1,2026-06-23 04:20:15,b2f511e,,,True
2026-06-22,AVGO,size_insufficient_cash,0.08075432844061509,0,2026-06-22-live-c26c0042,1,2026-06-23 04:20:15,b2f511e,,,True
2026-06-22,AXP,veto:rank_score_below_floor,,0,2026-06-22-live-c26c0042,1,2026-06-23 04:20:15,b2f511e,,,True
2026-06-22,BA,veto:rank_score_below_floor,,0,2026-06-22-live-c26c0042,1,2026-06-23 04:20:15,b2f511e,,,True
2026-06-22,BLK,veto:rank_score_below_floor,,0,2026-06-22-live-c26c0042,1,2026-06-23 04:20:15,b2f511e,,,True
2026-06-22,BMY,veto:rank_score_below_floor,,0,2026-06-22-live-c26c0042,1,2026-06-23 04:20:15,b2f511e,,,True
2026-06-22,C,veto:rank_score_below_floor,,0,2026-06-22-live-c26c0042,1,2026-06-23 04:20:15,b2f511e,,,True
2026-06-22,CAT,not_selected,0.08075432844061509,0,2026-06-22-live-c26c0042,1,2026-06-23 04:20:15,b2f511e,,,True
2026-06-22,CME,veto:rank_score_below_floor,,0,2026-06-22-live-c26c0042,1,2026-06-23 04:20:15,b2f511e,,,True
2026-06-22,COST,veto:rank_score_below_floor,,0,2026-06-22-live-c26c0042,1,2026-06-23 04:20:15,b2f511e,,,True
2026-06-22,CRWD,broker_pending_submitted,0.08075432844061509,0,2026-06-22-live-c26c0042,1,2026-06-23 04:20:15,b2f511e,,,True
2026-06-22,CSCO,broker_pending_submitted,0.08075432844061509,0,2026-06-22-live-c26c0042,1,2026-06-23 04:20:15,b2f511e,,,True
2026-06-22,CVS,conviction:mu_below_floor,,0,2026-06-22-live-c26c0042,1,2026-06-23 04:20:15,b2f511e,,,True
2026-06-22,CVX,veto:rank_score_below_floor,,0,2026-06-22-live-c26c0042,1,2026-06-23 04:20:15,b2f511e,,,True
2026-06-22,DLR,veto:rank_score_below_floor,,0,2026-06-22-live-c26c0042,1,2026-06-23 04:20:15,b2f511e,,,True
2026-06-22,DUK,veto:rank_score_below_floor,,0,2026-06-22-live-c26c0042,1,2026-06-23 04:20:15,b2f511e,,,True
2026-06-22,EMR,veto:rank_score_below_floor,,0,2026-06-22-live-c26c0042,1,2026-06-23 04:20:15,b2f511e,,,True
2026-06-22,EOG,veto:rank_score_below_floor,,0,2026-06-22-live-c26c0042,1,2026-06-23 04:20:15,b2f511e,,,True
2026-06-22,ETN,veto:rank_score_below_floor,,0,2026-06-22-live-c26c0042,1,2026-06-23 04:20:15,b2f511e,,,True
2026-06-22,FDX,veto:rank_score_below_floor,,0,2026-06-22-live-c26c0042,1,2026-06-23 04:20:15,b2f511e,,,True
2026-06-22,GILD,veto:rank_score_below_floor,,0,2026-06-22-live-c26c0042,1,2026-06-23 04:20:15,b2f511e,,,True
2026-06-22,GLD,veto:rank_score_below_floor,,0,2026-06-22-live-c26c0042,1,2026-06-23 04:20:15,b2f511e,,,True
2026-06-22,GM,veto:rank_score_below_floor,,0,2026-06-22-live-c26c0042,1,2026-06-23 04:20:15,b2f511e,,,True
2026-06-22,GOOG,conviction:mu_below_floor,,0,2026-06-22-live-c26c0042,1,2026-06-23 04:20:15,b2f511e,,,True
2026-06-22,GS,veto:rank_score_below_floor,,0,2026-06-22-live-c26c0042,1,2026-06-23 04:20:15,b2f511e,,,True
2026-06-22,HD,veto:rank_score_below_floor,,0,2026-06-22-live-c26c0042,1,2026-06-23 04:20:15,b2f511e,,,True
2026-06-22,HLT,veto:rank_score_below_floor,,0,2026-06-22-live-c26c0042,1,2026-06-23 04:20:15,b2f511e,,,True
2026-06-22,IBM,conviction:mu_below_floor,,0,2026-06-22-live-c26c0042,1,2026-06-23 04:20:15,b2f511e,,,True
2026-06-22,JNJ,veto:rank_score_below_floor,,0,2026-06-22-live-c26c0042,1,2026-06-23 04:20:15,b2f511e,,,True
2026-06-22,JPM,veto:rank_score_below_floor,,0,2026-06-22-live-c26c0042,1,2026-06-23 04:20:15,b2f511e,,,True
2026-06-22,KMI,veto:rank_score_below_floor,,0,2026-06-22-live-c26c0042,1,2026-06-23 04:20:15,b2f511e,,,True
2026-06-22,KO,veto:rank_score_below_floor,,0,2026-06-22-live-c26c0042,1,2026-06-23 04:20:15,b2f511e,,,True
2026-06-22,LHX,veto:rank_score_below_floor,,0,2026-06-22-live-c26c0042,1,2026-06-23 04:20:15,b2f511e,,,True
2026-06-22,LLY,veto:rank_score_below_floor,,0,2026-06-22-live-c26c0042,1,2026-06-23 04:20:15,b2f511e,,,True
2026-06-22,LMT,conviction:mu_below_floor,,0,2026-06-22-live-c26c0042,1,2026-06-23 04:20:15,b2f511e,,,True
2026-06-22,MCD,veto:rank_score_below_floor,,0,2026-06-22-live-c26c0042,1,2026-06-23 04:20:15,b2f511e,,,True
2026-06-22,MMM,veto:rank_score_below_floor,,0,2026-06-22-live-c26c0042,1,2026-06-23 04:20:15,b2f511e,,,True
2026-06-22,MO,veto:rank_score_below_floor,,0,2026-06-22-live-c26c0042,1,2026-06-23 04:20:15,b2f511e,,,True
2026-06-22,MRK,veto:rank_score_below_floor,,0,2026-06-22-live-c26c0042,1,2026-06-23 04:20:15,b2f511e,,,True
2026-06-22,MS,veto:rank_score_below_floor,,0,2026-06-22-live-c26c0042,1,2026-06-23 04:20:15,b2f511e,,,True
2026-06-22,MSFT,conviction:mu_below_floor,,0,2026-06-22-live-c26c0042,1,2026-06-23 04:20:15,b2f511e,,,True
2026-06-22,NEE,veto:rank_score_below_floor,,0,2026-06-22-live-c26c0042,1,2026-06-23 04:20:15,b2f511e,,,True
2026-06-22,NEM,veto:rank_score_below_floor,,0,2026-06-22-live-c26c0042,1,2026-06-23 04:20:15,b2f511e,,,True
2026-06-22,NFLX,broker_pending_submitted,0.08075432844061509,0,2026-06-22-live-c26c0042,1,2026-06-23 04:20:15,b2f511e,,,True
2026-06-22,NVDA,conviction:mu_below_floor,,0,2026-06-22-live-c26c0042,1,2026-06-23 04:20:15,b2f511e,,,True
2026-06-22,PG,veto:rank_score_below_floor,,0,2026-06-22-live-c26c0042,1,2026-06-23 04:20:15,b2f511e,,,True
2026-06-22,PH,veto:rank_score_below_floor,,0,2026-06-22-live-c26c0042,1,2026-06-23 04:20:15,b2f511e,,,True
2026-06-22,PLTR,conviction:mu_below_floor,,0,2026-06-22-live-c26c0042,1,2026-06-23 04:20:15,b2f511e,,,True
2026-06-22,PM,conviction:mu_below_floor,,0,2026-06-22-live-c26c0042,1,2026-06-23 04:20:15,b2f511e,,,True
2026-06-22,PNC,veto:rank_score_below_floor,,0,2026-06-22-live-c26c0042,1,2026-06-23 04:20:15,b2f511e,,,True
2026-06-22,PYPL,veto:rank_score_below_floor,,0,2026-06-22-live-c26c0042,1,2026-06-23 04:20:15,b2f511e,,,True
2026-06-22,ROST,veto:rank_score_below_floor,,0,2026-06-22-live-c26c0042,1,2026-06-23 04:20:15,b2f511e,,,True
2026-06-22,RTX,veto:rank_score_below_floor,,0,2026-06-22-live-c26c0042,1,2026-06-23 04:20:15,b2f511e,,,True
2026-06-22,SCHW,veto:rank_score_below_floor,,0,2026-06-22-live-c26c0042,1,2026-06-23 04:20:15,b2f511e,,,True
2026-06-22,SO,veto:rank_score_below_floor,,0,2026-06-22-live-c26c0042,1,2026-06-23 04:20:15,b2f511e,,,True
2026-06-22,SOFI,veto:rank_score_below_floor,,0,2026-06-22-live-c26c0042,1,2026-06-23 04:20:15,b2f511e,,,True
2026-06-22,SPG,veto:rank_score_below_floor,,0,2026-06-22-live-c26c0042,1,2026-06-23 04:20:15,b2f511e,,,True
2026-06-22,SPOT,veto:rank_score_below_floor,,0,2026-06-22-live-c26c0042,1,2026-06-23 04:20:15,b2f511e,,,True
2026-06-22,T,conviction:mu_below_floor,,0,2026-06-22-live-c26c0042,1,2026-06-23 04:20:15,b2f511e,,,True
2026-06-22,TJX,veto:rank_score_below_floor,,0,2026-06-22-live-c26c0042,1,2026-06-23 04:20:15,b2f511e,,,True
2026-06-22,TSLA,veto:rank_score_below_floor,,0,2026-06-22-live-c26c0042,1,2026-06-23 04:20:15,b2f511e,,,True
2026-06-22,TSM,veto:rank_score_below_floor,,0,2026-06-22-live-c26c0042,1,2026-06-23 04:20:15,b2f511e,,,True
2026-06-22,TXN,conviction:mu_below_floor,,0,2026-06-22-live-c26c0042,1,2026-06-23 04:20:15,b2f511e,,,True
2026-06-22,UNH,conviction:mu_below_floor,,0,2026-06-22-live-c26c0042,1,2026-06-23 04:20:15,b2f511e,,,True
2026-06-22,UNP,veto:rank_score_below_floor,,0,2026-06-22-live-c26c0042,1,2026-06-23 04:20:15,b2f511e,,,True
2026-06-22,V,veto:rank_score_below_floor,,0,2026-06-22-live-c26c0042,1,2026-06-23 04:20:15,b2f511e,,,True
2026-06-22,VLO,veto:rank_score_below_floor,,0,2026-06-22-live-c26c0042,1,2026-06-23 04:20:15,b2f511e,,,True
2026-06-22,VTR,veto:rank_score_below_floor,,0,2026-06-22-live-c26c0042,1,2026-06-23 04:20:15,b2f511e,,,True
2026-06-22,WELL,veto:rank_score_below_floor,,0,2026-06-22-live-c26c0042,1,2026-06-23 04:20:15,b2f511e,,,True
2026-06-22,WMB,veto:rank_score_below_floor,,0,2026-06-22-live-c26c0042,1,2026-06-23 04:20:15,b2f511e,,,True
2026-06-22,WMT,veto:rank_score_below_floor,,0,2026-06-22-live-c26c0042,1,2026-06-23 04:20:15,b2f511e,,,True
2026-06-22,XLF,veto:rank_score_below_floor,,0,2026-06-22-live-c26c0042,1,2026-06-23 04:20:15,b2f511e,,,True
2026-06-22,XLK,not_selected,0.08075432844061509,0,2026-06-22-live-c26c0042,1,2026-06-23 04:20:15,b2f511e,,,True
2026-06-22,XLU,veto:rank_score_below_floor,,0,2026-06-22-live-c26c0042,1,2026-06-23 04:20:15,b2f511e,,,True
2026-06-22,XOM,veto:rank_score_below_floor,,0,2026-06-22-live-c26c0042,1,2026-06-23 04:20:15,b2f511e,,,True
2026-06-22,ZM,broker_pending_submitted,0.08075432844061509,0,2026-06-22-live-c26c0042,1,2026-06-23 04:20:15,b2f511e,,,True
2026-06-23,AAPL,veto:rank_score_below_floor,,0,2026-06-23-live-844746ad,0,2026-06-23 21:07:21,b2f511e,,,True
2026-06-23,ABBV,veto:rank_score_below_floor,,0,2026-06-23-live-844746ad,0,2026-06-23 21:07:21,b2f511e,,,True
2026-06-23,ADI,veto:rank_score_below_floor,,0,2026-06-23-live-844746ad,0,2026-06-23 21:07:21,b2f511e,,,True
2026-06-23,AEP,veto:rank_score_below_floor,,0,2026-06-23-live-844746ad,0,2026-06-23 21:07:21,b2f511e,,,True
2026-06-23,AMZN,broker_pending_submitted,0.08463646428929958,0,2026-06-23-live-844746ad,0,2026-06-23 21:07:21,b2f511e,,,True
2026-06-23,ASML,size_insufficient_cash,0.08463646428929958,0,2026-06-23-live-844746ad,0,2026-06-23 21:07:21,b2f511e,,,True
2026-06-23,AVGO,broker_pending_submitted,0.08463646428929958,0,2026-06-23-live-844746ad,0,2026-06-23 21:07:21,b2f511e,,,True
2026-06-23,AXP,veto:rank_score_below_floor,,0,2026-06-23-live-844746ad,0,2026-06-23 21:07:21,b2f511e,,,True
2026-06-23,BA,veto:rank_score_below_floor,,0,2026-06-23-live-844746ad,0,2026-06-23 21:07:21,b2f511e,,,True
2026-06-23,BLK,veto:rank_score_below_floor,,0,2026-06-23-live-844746ad,0,2026-06-23 21:07:21,b2f511e,,,True
2026-06-23,BMY,veto:rank_score_below_floor,,0,2026-06-23-live-844746ad,0,2026-06-23 21:07:21,b2f511e,,,True
2026-06-23,C,veto:rank_score_below_floor,,0,2026-06-23-live-844746ad,0,2026-06-23 21:07:21,b2f511e,,,True
2026-06-23,CAT,conviction:mu_below_floor,,0,2026-06-23-live-844746ad,0,2026-06-23 21:07:21,b2f511e,,,True
2026-06-23,CME,veto:rank_score_below_floor,,0,2026-06-23-live-844746ad,0,2026-06-23 21:07:21,b2f511e,,,True
2026-06-23,COST,veto:rank_score_below_floor,,0,2026-06-23-live-844746ad,0,2026-06-23 21:07:21,b2f511e,,,True
2026-06-23,CRWD,correlation,0.08463646428929958,0,2026-06-23-live-844746ad,0,2026-06-23 21:07:21,b2f511e,,,True
2026-06-23,CSCO,broker_pending_submitted,0.08463646428929958,0,2026-06-23-live-844746ad,0,2026-06-23 21:07:21,b2f511e,,,True
2026-06-23,CVS,veto:rank_score_below_floor,,0,2026-06-23-live-844746ad,0,2026-06-23 21:07:21,b2f511e,,,True
2026-06-23,CVX,veto:rank_score_below_floor,,0,2026-06-23-live-844746ad,0,2026-06-23 21:07:21,b2f511e,,,True
2026-06-23,DLR,veto:rank_score_below_floor,,0,2026-06-23-live-844746ad,0,2026-06-23 21:07:21,b2f511e,,,True
2026-06-23,DUK,veto:rank_score_below_floor,,0,2026-06-23-live-844746ad,0,2026-06-23 21:07:21,b2f511e,,,True
2026-06-23,EMR,veto:rank_score_below_floor,,0,2026-06-23-live-844746ad,0,2026-06-23 21:07:21,b2f511e,,,True
2026-06-23,EOG,veto:rank_score_below_floor,,0,2026-06-23-live-844746ad,0,2026-06-23 21:07:21,b2f511e,,,True
2026-06-23,ETN,veto:rank_score_below_floor,,0,2026-06-23-live-844746ad,0,2026-06-23 21:07:21,b2f511e,,,True
2026-06-23,FDX,veto:rank_score_below_floor,,0,2026-06-23-live-844746ad,0,2026-06-23 21:07:21,b2f511e,,,True
2026-06-23,GILD,veto:rank_score_below_floor,,0,2026-06-23-live-844746ad,0,2026-06-23 21:07:21,b2f511e,,,True
2026-06-23,GLD,veto:rank_score_below_floor,,0,2026-06-23-live-844746ad,0,2026-06-23 21:07:21,b2f511e,,,True
2026-06-23,GM,veto:rank_score_below_floor,,0,2026-06-23-live-844746ad,0,2026-06-23 21:07:21,b2f511e,,,True
2026-06-23,GOOG,conviction:mu_below_floor,,0,2026-06-23-live-844746ad,0,2026-06-23 21:07:21,b2f511e,,,True
2026-06-23,GS,veto:rank_score_below_floor,,0,2026-06-23-live-844746ad,0,2026-06-23 21:07:21,b2f511e,,,True
2026-06-23,HD,veto:rank_score_below_floor,,0,2026-06-23-live-844746ad,0,2026-06-23 21:07:21,b2f511e,,,True
2026-06-23,HLT,veto:rank_score_below_floor,,0,2026-06-23-live-844746ad,0,2026-06-23 21:07:21,b2f511e,,,True
2026-06-23,IBM,conviction:mu_below_floor,,0,2026-06-23-live-844746ad,0,2026-06-23 21:07:21,b2f511e,,,True
2026-06-23,JNJ,veto:rank_score_below_floor,,0,2026-06-23-live-844746ad,0,2026-06-23 21:07:21,b2f511e,,,True
2026-06-23,JPM,veto:rank_score_below_floor,,0,2026-06-23-live-844746ad,0,2026-06-23 21:07:21,b2f511e,,,True
2026-06-23,KMI,veto:rank_score_below_floor,,0,2026-06-23-live-844746ad,0,2026-06-23 21:07:21,b2f511e,,,True
2026-06-23,KO,veto:rank_score_below_floor,,0,2026-06-23-live-844746ad,0,2026-06-23 21:07:21,b2f511e,,,True
2026-06-23,LHX,veto:rank_score_below_floor,,0,2026-06-23-live-844746ad,0,2026-06-23 21:07:21,b2f511e,,,True
2026-06-23,LLY,veto:rank_score_below_floor,,0,2026-06-23-live-844746ad,0,2026-06-23 21:07:21,b2f511e,,,True
2026-06-23,LMT,conviction:mu_below_floor,,0,2026-06-23-live-844746ad,0,2026-06-23 21:07:21,b2f511e,,,True
2026-06-23,MCD,veto:rank_score_below_floor,,0,2026-06-23-live-844746ad,0,2026-06-23 21:07:21,b2f511e,,,True
2026-06-23,MMM,veto:rank_score_below_floor,,0,2026-06-23-live-844746ad,0,2026-06-23 21:07:21,b2f511e,,,True
2026-06-23,MO,veto:rank_score_below_floor,,0,2026-06-23-live-844746ad,0,2026-06-23 21:07:21,b2f511e,,,True
2026-06-23,MRK,veto:rank_score_below_floor,,0,2026-06-23-live-844746ad,0,2026-06-23 21:07:21,b2f511e,,,True
2026-06-23,MS,veto:rank_score_below_floor,,0,2026-06-23-live-844746ad,0,2026-06-23 21:07:21,b2f511e,,,True
2026-06-23,MSFT,veto:rank_score_below_floor,,0,2026-06-23-live-844746ad,0,2026-06-23 21:07:21,b2f511e,,,True
2026-06-23,NEE,veto:rank_score_below_floor,,0,2026-06-23-live-844746ad,0,2026-06-23 21:07:21,b2f511e,,,True
2026-06-23,NEM,veto:rank_score_below_floor,,0,2026-06-23-live-844746ad,0,2026-06-23 21:07:21,b2f511e,,,True
2026-06-23,NFLX,broker_pending_submitted,0.08463646428929958,0,2026-06-23-live-844746ad,0,2026-06-23 21:07:21,b2f511e,,,True
2026-06-23,NVDA,conviction:mu_below_floor,,0,2026-06-23-live-844746ad,0,2026-06-23 21:07:21,b2f511e,,,True
2026-06-23,PANW,broker_pending_submitted,0.08463646428929958,0,2026-06-23-live-844746ad,0,2026-06-23 21:07:21,b2f511e,,,True
2026-06-23,PG,veto:rank_score_below_floor,,0,2026-06-23-live-844746ad,0,2026-06-23 21:07:21,b2f511e,,,True
2026-06-23,PH,veto:rank_score_below_floor,,0,2026-06-23-live-844746ad,0,2026-06-23 21:07:21,b2f511e,,,True
2026-06-23,PLTR,conviction:mu_below_floor,,0,2026-06-23-live-844746ad,0,2026-06-23 21:07:21,b2f511e,,,True
2026-06-23,PM,conviction:mu_below_floor,,0,2026-06-23-live-844746ad,0,2026-06-23 21:07:21,b2f511e,,,True
2026-06-23,PNC,veto:rank_score_below_floor,,0,2026-06-23-live-844746ad,0,2026-06-23 21:07:21,b2f511e,,,True
2026-06-23,PYPL,veto:rank_score_below_floor,,0,2026-06-23-live-844746ad,0,2026-06-23 21:07:21,b2f511e,,,True
2026-06-23,ROST,veto:rank_score_below_floor,,0,2026-06-23-live-844746ad,0,2026-06-23 21:07:21,b2f511e,,,True
2026-06-23,RTX,veto:rank_score_below_floor,,0,2026-06-23-live-844746ad,0,2026-06-23 21:07:21,b2f511e,,,True
2026-06-23,SCHW,veto:rank_score_below_floor,,0,2026-06-23-live-844746ad,0,2026-06-23 21:07:21,b2f511e,,,True
2026-06-23,SO,veto:rank_score_below_floor,,0,2026-06-23-live-844746ad,0,2026-06-23 21:07:21,b2f511e,,,True
2026-06-23,SOFI,veto:rank_score_below_floor,,0,2026-06-23-live-844746ad,0,2026-06-23 21:07:21,b2f511e,,,True
2026-06-23,SPG,veto:rank_score_below_floor,,0,2026-06-23-live-844746ad,0,2026-06-23 21:07:21,b2f511e,,,True
2026-06-23,SPOT,veto:rank_score_below_floor,,0,2026-06-23-live-844746ad,0,2026-06-23 21:07:21,b2f511e,,,True
2026-06-23,T,conviction:mu_below_floor,,0,2026-06-23-live-844746ad,0,2026-06-23 21:07:21,b2f511e,,,True
2026-06-23,TJX,veto:rank_score_below_floor,,0,2026-06-23-live-844746ad,0,2026-06-23 21:07:21,b2f511e,,,True
2026-06-23,TSLA,veto:rank_score_below_floor,,0,2026-06-23-live-844746ad,0,2026-06-23 21:07:21,b2f511e,,,True
2026-06-23,TSM,veto:rank_score_below_floor,,0,2026-06-23-live-844746ad,0,2026-06-23 21:07:21,b2f511e,,,True
2026-06-23,UNH,conviction:mu_below_floor,,0,2026-06-23-live-844746ad,0,2026-06-23 21:07:21,b2f511e,,,True
2026-06-23,UNP,veto:rank_score_below_floor,,0,2026-06-23-live-844746ad,0,2026-06-23 21:07:21,b2f511e,,,True
2026-06-23,V,veto:rank_score_below_floor,,0,2026-06-23-live-844746ad,0,2026-06-23 21:07:21,b2f511e,,,True
2026-06-23,VLO,veto:rank_score_below_floor,,0,2026-06-23-live-844746ad,0,2026-06-23 21:07:21,b2f511e,,,True
2026-06-23,VTR,veto:rank_score_below_floor,,0,2026-06-23-live-844746ad,0,2026-06-23 21:07:21,b2f511e,,,True
2026-06-23,WELL,veto:rank_score_below_floor,,0,2026-06-23-live-844746ad,0,2026-06-23 21:07:21,b2f511e,,,True
2026-06-23,WMB,veto:rank_score_below_floor,,0,2026-06-23-live-844746ad,0,2026-06-23 21:07:21,b2f511e,,,True
2026-06-23,WMT,veto:rank_score_below_floor,,0,2026-06-23-live-844746ad,0,2026-06-23 21:07:21,b2f511e,,,True
2026-06-23,XLF,veto:rank_score_below_floor,,0,2026-06-23-live-844746ad,0,2026-06-23 21:07:21,b2f511e,,,True
2026-06-23,XLK,conviction:mu_below_floor,,0,2026-06-23-live-844746ad,0,2026-06-23 21:07:21,b2f511e,,,True
2026-06-23,XLU,veto:rank_score_below_floor,,0,2026-06-23-live-844746ad,0,2026-06-23 21:07:21,b2f511e,,,True
2026-06-23,XOM,veto:rank_score_below_floor,,0,2026-06-23-live-844746ad,0,2026-06-23 21:07:21,b2f511e,,,True
2026-06-23,ZM,broker_pending_submitted,0.08463646428929958,0,2026-06-23-live-844746ad,0,2026-06-23 21:07:21,b2f511e,,,True
2026-06-23,AAPL,veto:rank_score_below_floor,,0,2026-06-23-live-59c11399,1,2026-06-24 05:23:08,b2f511e,,,True
2026-06-23,ABBV,veto:rank_score_below_floor,,0,2026-06-23-live-59c11399,1,2026-06-24 05:23:08,b2f511e,,,True
2026-06-23,ADI,veto:rank_score_below_floor,,0,2026-06-23-live-59c11399,1,2026-06-24 05:23:08,b2f511e,,,True
2026-06-23,AEP,veto:rank_score_below_floor,,0,2026-06-23-live-59c11399,1,2026-06-24 05:23:08,b2f511e,,,True
2026-06-23,ASML,size_insufficient_cash,0.08463646428929958,0,2026-06-23-live-59c11399,1,2026-06-24 05:23:08,b2f511e,,,True
2026-06-23,AXP,veto:rank_score_below_floor,,0,2026-06-23-live-59c11399,1,2026-06-24 05:23:08,b2f511e,,,True
2026-06-23,BA,veto:rank_score_below_floor,,0,2026-06-23-live-59c11399,1,2026-06-24 05:23:08,b2f511e,,,True
2026-06-23,BLK,veto:rank_score_below_floor,,0,2026-06-23-live-59c11399,1,2026-06-24 05:23:08,b2f511e,,,True
2026-06-23,BMY,veto:rank_score_below_floor,,0,2026-06-23-live-59c11399,1,2026-06-24 05:23:08,b2f511e,,,True
2026-06-23,C,veto:rank_score_below_floor,,0,2026-06-23-live-59c11399,1,2026-06-24 05:23:08,b2f511e,,,True
2026-06-23,CAT,conviction:mu_below_floor,,0,2026-06-23-live-59c11399,1,2026-06-24 05:23:08,b2f511e,,,True
2026-06-23,CME,veto:rank_score_below_floor,,0,2026-06-23-live-59c11399,1,2026-06-24 05:23:08,b2f511e,,,True
2026-06-23,COST,veto:rank_score_below_floor,,0,2026-06-23-live-59c11399,1,2026-06-24 05:23:08,b2f511e,,,True
2026-06-23,CRWD,broker_pending_submitted,0.08463646428929958,0,2026-06-23-live-59c11399,1,2026-06-24 05:23:08,b2f511e,,,True
2026-06-23,CVS,conviction:mu_below_floor,,0,2026-06-23-live-59c11399,1,2026-06-24 05:23:08,b2f511e,,,True
2026-06-23,CVX,veto:rank_score_below_floor,,0,2026-06-23-live-59c11399,1,2026-06-24 05:23:08,b2f511e,,,True
2026-06-23,DLR,veto:rank_score_below_floor,,0,2026-06-23-live-59c11399,1,2026-06-24 05:23:08,b2f511e,,,True
2026-06-23,DUK,veto:rank_score_below_floor,,0,2026-06-23-live-59c11399,1,2026-06-24 05:23:08,b2f511e,,,True
2026-06-23,EMR,veto:rank_score_below_floor,,0,2026-06-23-live-59c11399,1,2026-06-24 05:23:08,b2f511e,,,True
2026-06-23,EOG,veto:rank_score_below_floor,,0,2026-06-23-live-59c11399,1,2026-06-24 05:23:08,b2f511e,,,True
2026-06-23,ETN,veto:rank_score_below_floor,,0,2026-06-23-live-59c11399,1,2026-06-24 05:23:08,b2f511e,,,True
2026-06-23,FDX,veto:rank_score_below_floor,,0,2026-06-23-live-59c11399,1,2026-06-24 05:23:08,b2f511e,,,True
2026-06-23,GILD,veto:rank_score_below_floor,,0,2026-06-23-live-59c11399,1,2026-06-24 05:23:08,b2f511e,,,True
2026-06-23,GLD,veto:rank_score_below_floor,,0,2026-06-23-live-59c11399,1,2026-06-24 05:23:08,b2f511e,,,True
2026-06-23,GM,veto:rank_score_below_floor,,0,2026-06-23-live-59c11399,1,2026-06-24 05:23:08,b2f511e,,,True
2026-06-23,GOOG,conviction:mu_below_floor,,0,2026-06-23-live-59c11399,1,2026-06-24 05:23:08,b2f511e,,,True
2026-06-23,GS,veto:rank_score_below_floor,,0,2026-06-23-live-59c11399,1,2026-06-24 05:23:08,b2f511e,,,True
2026-06-23,HD,veto:rank_score_below_floor,,0,2026-06-23-live-59c11399,1,2026-06-24 05:23:08,b2f511e,,,True
2026-06-23,HLT,veto:rank_score_below_floor,,0,2026-06-23-live-59c11399,1,2026-06-24 05:23:08,b2f511e,,,True
2026-06-23,IBM,conviction:mu_below_floor,,0,2026-06-23-live-59c11399,1,2026-06-24 05:23:08,b2f511e,,,True
2026-06-23,JNJ,veto:rank_score_below_floor,,0,2026-06-23-live-59c11399,1,2026-06-24 05:23:08,b2f511e,,,True
2026-06-23,JPM,veto:rank_score_below_floor,,0,2026-06-23-live-59c11399,1,2026-06-24 05:23:08,b2f511e,,,True
2026-06-23,KMI,veto:rank_score_below_floor,,0,2026-06-23-live-59c11399,1,2026-06-24 05:23:08,b2f511e,,,True
2026-06-23,KO,veto:rank_score_below_floor,,0,2026-06-23-live-59c11399,1,2026-06-24 05:23:08,b2f511e,,,True
2026-06-23,LHX,veto:rank_score_below_floor,,0,2026-06-23-live-59c11399,1,2026-06-24 05:23:08,b2f511e,,,True
2026-06-23,LLY,veto:rank_score_below_floor,,0,2026-06-23-live-59c11399,1,2026-06-24 05:23:08,b2f511e,,,True
2026-06-23,LMT,conviction:mu_below_floor,,0,2026-06-23-live-59c11399,1,2026-06-24 05:23:08,b2f511e,,,True
2026-06-23,MCD,veto:rank_score_below_floor,,0,2026-06-23-live-59c11399,1,2026-06-24 05:23:08,b2f511e,,,True
2026-06-23,MMM,veto:rank_score_below_floor,,0,2026-06-23-live-59c11399,1,2026-06-24 05:23:08,b2f511e,,,True
2026-06-23,MO,veto:rank_score_below_floor,,0,2026-06-23-live-59c11399,1,2026-06-24 05:23:08,b2f511e,,,True
2026-06-23,MRK,veto:rank_score_below_floor,,0,2026-06-23-live-59c11399,1,2026-06-24 05:23:08,b2f511e,,,True
2026-06-23,MS,veto:rank_score_below_floor,,0,2026-06-23-live-59c11399,1,2026-06-24 05:23:08,b2f511e,,,True
2026-06-23,MSFT,veto:rank_score_below_floor,,0,2026-06-23-live-59c11399,1,2026-06-24 05:23:08,b2f511e,,,True
2026-06-23,NEE,veto:rank_score_below_floor,,0,2026-06-23-live-59c11399,1,2026-06-24 05:23:08,b2f511e,,,True
2026-06-23,NEM,veto:rank_score_below_floor,,0,2026-06-23-live-59c11399,1,2026-06-24 05:23:08,b2f511e,,,True
2026-06-23,NFLX,broker_pending_submitted,0.08463646428929958,0,2026-06-23-live-59c11399,1,2026-06-24 05:23:08,b2f511e,,,True
2026-06-23,NVDA,conviction:mu_below_floor,,0,2026-06-23-live-59c11399,1,2026-06-24 05:23:08,b2f511e,,,True
2026-06-23,PG,veto:rank_score_below_floor,,0,2026-06-23-live-59c11399,1,2026-06-24 05:23:08,b2f511e,,,True
2026-06-23,PH,veto:rank_score_below_floor,,0,2026-06-23-live-59c11399,1,2026-06-24 05:23:08,b2f511e,,,True
2026-06-23,PLTR,conviction:mu_below_floor,,0,2026-06-23-live-59c11399,1,2026-06-24 05:23:08,b2f511e,,,True
2026-06-23,PM,conviction:mu_below_floor,,0,2026-06-23-live-59c11399,1,2026-06-24 05:23:08,b2f511e,,,True
2026-06-23,PNC,veto:rank_score_below_floor,,0,2026-06-23-live-59c11399,1,2026-06-24 05:23:08,b2f511e,,,True
2026-06-23,PYPL,veto:rank_score_below_floor,,0,2026-06-23-live-59c11399,1,2026-06-24 05:23:08,b2f511e,,,True
2026-06-23,ROST,veto:rank_score_below_floor,,0,2026-06-23-live-59c11399,1,2026-06-24 05:23:08,b2f511e,,,True
2026-06-23,RTX,veto:rank_score_below_floor,,0,2026-06-23-live-59c11399,1,2026-06-24 05:23:08,b2f511e,,,True
2026-06-23,SCHW,veto:rank_score_below_floor,,0,2026-06-23-live-59c11399,1,2026-06-24 05:23:08,b2f511e,,,True
2026-06-23,SO,veto:rank_score_below_floor,,0,2026-06-23-live-59c11399,1,2026-06-24 05:23:08,b2f511e,,,True
2026-06-23,SOFI,veto:rank_score_below_floor,,0,2026-06-23-live-59c11399,1,2026-06-24 05:23:08,b2f511e,,,True
2026-06-23,SPG,broker_pending_submitted,0.08463646428929958,0,2026-06-23-live-59c11399,1,2026-06-24 05:23:08,b2f511e,,,True
2026-06-23,SPOT,conviction:mu_below_floor,,0,2026-06-23-live-59c11399,1,2026-06-24 05:23:08,b2f511e,,,True
2026-06-23,T,conviction:mu_below_floor,,0,2026-06-23-live-59c11399,1,2026-06-24 05:23:08,b2f511e,,,True
2026-06-23,TJX,veto:rank_score_below_floor,,0,2026-06-23-live-59c11399,1,2026-06-24 05:23:08,b2f511e,,,True
2026-06-23,TSLA,veto:rank_score_below_floor,,0,2026-06-23-live-59c11399,1,2026-06-24 05:23:08,b2f511e,,,True
2026-06-23,TSM,veto:rank_score_below_floor,,0,2026-06-23-live-59c11399,1,2026-06-24 05:23:08,b2f511e,,,True
2026-06-23,UNH,conviction:mu_below_floor,,0,2026-06-23-live-59c11399,1,2026-06-24 05:23:08,b2f511e,,,True
2026-06-23,UNP,veto:rank_score_below_floor,,0,2026-06-23-live-59c11399,1,2026-06-24 05:23:08,b2f511e,,,True
2026-06-23,V,veto:rank_score_below_floor,,0,2026-06-23-live-59c11399,1,2026-06-24 05:23:08,b2f511e,,,True
2026-06-23,VLO,veto:rank_score_below_floor,,0,2026-06-23-live-59c11399,1,2026-06-24 05:23:08,b2f511e,,,True
2026-06-23,VTR,veto:rank_score_below_floor,,0,2026-06-23-live-59c11399,1,2026-06-24 05:23:08,b2f511e,,,True
2026-06-23,WELL,veto:rank_score_below_floor,,0,2026-06-23-live-59c11399,1,2026-06-24 05:23:08,b2f511e,,,True
2026-06-23,WMB,veto:rank_score_below_floor,,0,2026-06-23-live-59c11399,1,2026-06-24 05:23:08,b2f511e,,,True
2026-06-23,WMT,veto:rank_score_below_floor,,0,2026-06-23-live-59c11399,1,2026-06-24 05:23:08,b2f511e,,,True
2026-06-23,XLF,veto:rank_score_below_floor,,0,2026-06-23-live-59c11399,1,2026-06-24 05:23:08,b2f511e,,,True
2026-06-23,XLK,conviction:mu_below_floor,,0,2026-06-23-live-59c11399,1,2026-06-24 05:23:08,b2f511e,,,True
2026-06-23,XLU,veto:rank_score_below_floor,,0,2026-06-23-live-59c11399,1,2026-06-24 05:23:08,b2f511e,,,True
2026-06-23,XOM,veto:rank_score_below_floor,,0,2026-06-23-live-59c11399,1,2026-06-24 05:23:08,b2f511e,,,True
2026-06-23,ZM,broker_pending_submitted,0.08463646428929958,0,2026-06-23-live-59c11399,1,2026-06-24 05:23:08,b2f511e,,,True
2026-06-24,AAPL,veto:rank_score_below_floor,,0,2026-06-24-live-710e3805,1,2026-06-24 21:07:21,b2f511e,,,True
2026-06-24,ABBV,veto:rank_score_below_floor,,0,2026-06-24-live-710e3805,1,2026-06-24 21:07:21,b2f511e,,,True
2026-06-24,ADI,conviction:mu_below_floor,,0,2026-06-24-live-710e3805,1,2026-06-24 21:07:21,b2f511e,,,True
2026-06-24,AEP,veto:rank_score_below_floor,,0,2026-06-24-live-710e3805,1,2026-06-24 21:07:21,b2f511e,,,True
2026-06-24,ASML,not_selected,0.08194178155836004,0,2026-06-24-live-710e3805,1,2026-06-24 21:07:21,b2f511e,,,True
2026-06-24,AXP,veto:rank_score_below_floor,,0,2026-06-24-live-710e3805,1,2026-06-24 21:07:21,b2f511e,,,True
2026-06-24,BA,veto:rank_score_below_floor,,0,2026-06-24-live-710e3805,1,2026-06-24 21:07:21,b2f511e,,,True
2026-06-24,BLK,veto:rank_score_below_floor,,0,2026-06-24-live-710e3805,1,2026-06-24 21:07:21,b2f511e,,,True
2026-06-24,BMY,veto:rank_score_below_floor,,0,2026-06-24-live-710e3805,1,2026-06-24 21:07:21,b2f511e,,,True
2026-06-24,C,veto:rank_score_below_floor,,0,2026-06-24-live-710e3805,1,2026-06-24 21:07:21,b2f511e,,,True
2026-06-24,CAT,size_insufficient_cash,0.08194178155836004,0,2026-06-24-live-710e3805,1,2026-06-24 21:07:21,b2f511e,,,True
2026-06-24,CME,broker_pending_submitted,0.08194178155836004,0,2026-06-24-live-710e3805,1,2026-06-24 21:07:21,b2f511e,,,True
2026-06-24,COST,veto:rank_score_below_floor,,0,2026-06-24-live-710e3805,1,2026-06-24 21:07:21,b2f511e,,,True
2026-06-24,CVS,conviction:mu_below_floor,,0,2026-06-24-live-710e3805,1,2026-06-24 21:07:21,b2f511e,,,True
2026-06-24,CVX,veto:rank_score_below_floor,,0,2026-06-24-live-710e3805,1,2026-06-24 21:07:21,b2f511e,,,True
2026-06-24,DLR,veto:rank_score_below_floor,,0,2026-06-24-live-710e3805,1,2026-06-24 21:07:21,b2f511e,,,True
2026-06-24,DUK,veto:rank_score_below_floor,,0,2026-06-24-live-710e3805,1,2026-06-24 21:07:21,b2f511e,,,True
2026-06-24,EMR,veto:rank_score_below_floor,,0,2026-06-24-live-710e3805,1,2026-06-24 21:07:21,b2f511e,,,True
2026-06-24,EOG,veto:rank_score_below_floor,,0,2026-06-24-live-710e3805,1,2026-06-24 21:07:21,b2f511e,,,True
2026-06-24,ETN,veto:rank_score_below_floor,,0,2026-06-24-live-710e3805,1,2026-06-24 21:07:21,b2f511e,,,True
2026-06-24,FDX,veto:rank_score_below_floor,,0,2026-06-24-live-710e3805,1,2026-06-24 21:07:21,b2f511e,,,True
2026-06-24,GILD,veto:rank_score_below_floor,,0,2026-06-24-live-710e3805,1,2026-06-24 21:07:21,b2f511e,,,True
2026-06-24,GLD,veto:rank_score_below_floor,,0,2026-06-24-live-710e3805,1,2026-06-24 21:07:21,b2f511e,,,True
2026-06-24,GM,veto:rank_score_below_floor,,0,2026-06-24-live-710e3805,1,2026-06-24 21:07:21,b2f511e,,,True
2026-06-24,GOOG,conviction:mu_below_floor,,0,2026-06-24-live-710e3805,1,2026-06-24 21:07:21,b2f511e,,,True
2026-06-24,GS,veto:rank_score_below_floor,,0,2026-06-24-live-710e3805,1,2026-06-24 21:07:21,b2f511e,,,True
2026-06-24,HD,veto:rank_score_below_floor,,0,2026-06-24-live-710e3805,1,2026-06-24 21:07:21,b2f511e,,,True
2026-06-24,HLT,veto:rank_score_below_floor,,0,2026-06-24-live-710e3805,1,2026-06-24 21:07:21,b2f511e,,,True
2026-06-24,IBM,conviction:mu_below_floor,,0,2026-06-24-live-710e3805,1,2026-06-24 21:07:21,b2f511e,,,True
2026-06-24,JNJ,veto:rank_score_below_floor,,0,2026-06-24-live-710e3805,1,2026-06-24 21:07:21,b2f511e,,,True
2026-06-24,JPM,veto:rank_score_below_floor,,0,2026-06-24-live-710e3805,1,2026-06-24 21:07:21,b2f511e,,,True
2026-06-24,KMI,veto:rank_score_below_floor,,0,2026-06-24-live-710e3805,1,2026-06-24 21:07:21,b2f511e,,,True
2026-06-24,KO,veto:rank_score_below_floor,,0,2026-06-24-live-710e3805,1,2026-06-24 21:07:21,b2f511e,,,True
2026-06-24,LHX,veto:rank_score_below_floor,,0,2026-06-24-live-710e3805,1,2026-06-24 21:07:21,b2f511e,,,True
2026-06-24,LLY,conviction:mu_below_floor,,0,2026-06-24-live-710e3805,1,2026-06-24 21:07:21,b2f511e,,,True
2026-06-24,LMT,conviction:mu_below_floor,,0,2026-06-24-live-710e3805,1,2026-06-24 21:07:21,b2f511e,,,True
2026-06-24,MCD,veto:rank_score_below_floor,,0,2026-06-24-live-710e3805,1,2026-06-24 21:07:21,b2f511e,,,True
2026-06-24,MMM,veto:rank_score_below_floor,,0,2026-06-24-live-710e3805,1,2026-06-24 21:07:21,b2f511e,,,True
2026-06-24,MO,veto:rank_score_below_floor,,0,2026-06-24-live-710e3805,1,2026-06-24 21:07:21,b2f511e,,,True
2026-06-24,MRK,veto:rank_score_below_floor,,0,2026-06-24-live-710e3805,1,2026-06-24 21:07:21,b2f511e,,,True
2026-06-24,MS,veto:rank_score_below_floor,,0,2026-06-24-live-710e3805,1,2026-06-24 21:07:21,b2f511e,,,True
2026-06-24,MSFT,veto:rank_score_below_floor,,0,2026-06-24-live-710e3805,1,2026-06-24 21:07:21,b2f511e,,,True
2026-06-24,NEE,veto:rank_score_below_floor,,0,2026-06-24-live-710e3805,1,2026-06-24 21:07:21,b2f511e,,,True
2026-06-24,NEM,veto:rank_score_below_floor,,0,2026-06-24-live-710e3805,1,2026-06-24 21:07:21,b2f511e,,,True
2026-06-24,NVDA,conviction:mu_below_floor,,0,2026-06-24-live-710e3805,1,2026-06-24 21:07:21,b2f511e,,,True
2026-06-24,PG,veto:rank_score_below_floor,,0,2026-06-24-live-710e3805,1,2026-06-24 21:07:21,b2f511e,,,True
2026-06-24,PH,veto:rank_score_below_floor,,0,2026-06-24-live-710e3805,1,2026-06-24 21:07:21,b2f511e,,,True
2026-06-24,PLTR,conviction:mu_below_floor,,0,2026-06-24-live-710e3805,1,2026-06-24 21:07:21,b2f511e,,,True
2026-06-24,PM,conviction:mu_below_floor,,0,2026-06-24-live-710e3805,1,2026-06-24 21:07:21,b2f511e,,,True
2026-06-24,PNC,veto:rank_score_below_floor,,0,2026-06-24-live-710e3805,1,2026-06-24 21:07:21,b2f511e,,,True
2026-06-24,PYPL,veto:rank_score_below_floor,,0,2026-06-24-live-710e3805,1,2026-06-24 21:07:21,b2f511e,,,True
2026-06-24,ROST,veto:rank_score_below_floor,,0,2026-06-24-live-710e3805,1,2026-06-24 21:07:21,b2f511e,,,True
2026-06-24,RTX,veto:rank_score_below_floor,,0,2026-06-24-live-710e3805,1,2026-06-24 21:07:21,b2f511e,,,True
2026-06-24,SCHW,conviction:mu_below_floor,,0,2026-06-24-live-710e3805,1,2026-06-24 21:07:21,b2f511e,,,True
2026-06-24,SO,veto:rank_score_below_floor,,0,2026-06-24-live-710e3805,1,2026-06-24 21:07:21,b2f511e,,,True
2026-06-24,SOFI,veto:rank_score_below_floor,,0,2026-06-24-live-710e3805,1,2026-06-24 21:07:21,b2f511e,,,True
2026-06-24,SPG,veto:rank_score_below_floor,,0,2026-06-24-live-710e3805,1,2026-06-24 21:07:21,b2f511e,,,True
2026-06-24,SPOT,conviction:mu_below_floor,,0,2026-06-24-live-710e3805,1,2026-06-24 21:07:21,b2f511e,,,True
2026-06-24,T,conviction:mu_below_floor,,0,2026-06-24-live-710e3805,1,2026-06-24 21:07:21,b2f511e,,,True
2026-06-24,TJX,veto:rank_score_below_floor,,0,2026-06-24-live-710e3805,1,2026-06-24 21:07:21,b2f511e,,,True
2026-06-24,TSLA,veto:rank_score_below_floor,,0,2026-06-24-live-710e3805,1,2026-06-24 21:07:21,b2f511e,,,True
2026-06-24,TSM,veto:rank_score_below_floor,,0,2026-06-24-live-710e3805,1,2026-06-24 21:07:21,b2f511e,,,True
2026-06-24,TXN,conviction:mu_below_floor,,0,2026-06-24-live-710e3805,1,2026-06-24 21:07:21,b2f511e,,,True
2026-06-24,UNH,conviction:mu_below_floor,,0,2026-06-24-live-710e3805,1,2026-06-24 21:07:21,b2f511e,,,True
2026-06-24,UNP,veto:rank_score_below_floor,,0,2026-06-24-live-710e3805,1,2026-06-24 21:07:21,b2f511e,,,True
2026-06-24,V,veto:rank_score_below_floor,,0,2026-06-24-live-710e3805,1,2026-06-24 21:07:21,b2f511e,,,True
2026-06-24,VLO,veto:rank_score_below_floor,,0,2026-06-24-live-710e3805,1,2026-06-24 21:07:21,b2f511e,,,True
2026-06-24,VTR,veto:rank_score_below_floor,,0,2026-06-24-live-710e3805,1,2026-06-24 21:07:21,b2f511e,,,True
2026-06-24,WELL,veto:rank_score_below_floor,,0,2026-06-24-live-710e3805,1,2026-06-24 21:07:21,b2f511e,,,True
2026-06-24,WMB,veto:rank_score_below_floor,,0,2026-06-24-live-710e3805,1,2026-06-24 21:07:21,b2f511e,,,True
2026-06-24,WMT,veto:rank_score_below_floor,,0,2026-06-24-live-710e3805,1,2026-06-24 21:07:21,b2f511e,,,True
2026-06-24,XOM,veto:rank_score_below_floor,,0,2026-06-24-live-710e3805,1,2026-06-24 21:07:21,b2f511e,,,True
2026-06-24,ZM,not_selected,0.08194178155836004,0,2026-06-24-live-710e3805,1,2026-06-24 21:07:21,b2f511e,,,True
2026-06-25,AAPL,veto:rank_score_below_floor,,0,2026-06-25-live-6c3aa3fa,1,2026-06-25 21:07:10,b2f511e,,,True
2026-06-25,ABBV,veto:rank_score_below_floor,,0,2026-06-25-live-6c3aa3fa,1,2026-06-25 21:07:10,b2f511e,,,True
2026-06-25,ADI,conviction:mu_below_floor,,0,2026-06-25-live-6c3aa3fa,1,2026-06-25 21:07:10,b2f511e,,,True
2026-06-25,AEP,veto:rank_score_below_floor,,0,2026-06-25-live-6c3aa3fa,1,2026-06-25 21:07:10,b2f511e,,,True
2026-06-25,ANET,conviction:mu_below_floor,,0,2026-06-25-live-6c3aa3fa,1,2026-06-25 21:07:10,b2f511e,,,True
2026-06-25,ASML,conviction:mu_below_floor,,0,2026-06-25-live-6c3aa3fa,1,2026-06-25 21:07:10,b2f511e,,,True
2026-06-25,AXP,veto:rank_score_below_floor,,0,2026-06-25-live-6c3aa3fa,1,2026-06-25 21:07:10,b2f511e,,,True
2026-06-25,BA,veto:rank_score_below_floor,,0,2026-06-25-live-6c3aa3fa,1,2026-06-25 21:07:10,b2f511e,,,True
2026-06-25,BAC,veto:rank_score_below_floor,,0,2026-06-25-live-6c3aa3fa,1,2026-06-25 21:07:10,b2f511e,,,True
2026-06-25,BLK,veto:rank_score_below_floor,,0,2026-06-25-live-6c3aa3fa,1,2026-06-25 21:07:10,b2f511e,,,True
2026-06-25,BMY,veto:rank_score_below_floor,,0,2026-06-25-live-6c3aa3fa,1,2026-06-25 21:07:10,b2f511e,,,True
2026-06-25,C,veto:rank_score_below_floor,,0,2026-06-25-live-6c3aa3fa,1,2026-06-25 21:07:10,b2f511e,,,True
2026-06-25,CAT,veto:rank_score_below_floor,,0,2026-06-25-live-6c3aa3fa,1,2026-06-25 21:07:10,b2f511e,,,True
2026-06-25,COST,veto:rank_score_below_floor,,0,2026-06-25-live-6c3aa3fa,1,2026-06-25 21:07:10,b2f511e,,,True
2026-06-25,CVS,conviction:mu_below_floor,,0,2026-06-25-live-6c3aa3fa,1,2026-06-25 21:07:10,b2f511e,,,True
2026-06-25,CVX,veto:rank_score_below_floor,,0,2026-06-25-live-6c3aa3fa,1,2026-06-25 21:07:10,b2f511e,,,True
2026-06-25,D,veto:rank_score_below_floor,,0,2026-06-25-live-6c3aa3fa,1,2026-06-25 21:07:10,b2f511e,,,True
2026-06-25,DLR,veto:rank_score_below_floor,,0,2026-06-25-live-6c3aa3fa,1,2026-06-25 21:07:10,b2f511e,,,True
2026-06-25,DUK,veto:rank_score_below_floor,,0,2026-06-25-live-6c3aa3fa,1,2026-06-25 21:07:10,b2f511e,,,True
2026-06-25,EMR,veto:rank_score_below_floor,,0,2026-06-25-live-6c3aa3fa,1,2026-06-25 21:07:10,b2f511e,,,True
2026-06-25,EOG,veto:rank_score_below_floor,,0,2026-06-25-live-6c3aa3fa,1,2026-06-25 21:07:10,b2f511e,,,True
2026-06-25,ETN,veto:rank_score_below_floor,,0,2026-06-25-live-6c3aa3fa,1,2026-06-25 21:07:10,b2f511e,,,True
2026-06-25,FDX,veto:rank_score_below_floor,,0,2026-06-25-live-6c3aa3fa,1,2026-06-25 21:07:10,b2f511e,,,True
2026-06-25,GILD,conviction:mu_below_floor,,0,2026-06-25-live-6c3aa3fa,1,2026-06-25 21:07:10,b2f511e,,,True
2026-06-25,GLD,veto:rank_score_below_floor,,0,2026-06-25-live-6c3aa3fa,1,2026-06-25 21:07:10,b2f511e,,,True
2026-06-25,GM,veto:rank_score_below_floor,,0,2026-06-25-live-6c3aa3fa,1,2026-06-25 21:07:10,b2f511e,,,True
2026-06-25,GOOG,conviction:mu_below_floor,,0,2026-06-25-live-6c3aa3fa,1,2026-06-25 21:07:10,b2f511e,,,True
2026-06-25,GS,veto:rank_score_below_floor,,0,2026-06-25-live-6c3aa3fa,1,2026-06-25 21:07:10,b2f511e,,,True
2026-06-25,HD,veto:rank_score_below_floor,,0,2026-06-25-live-6c3aa3fa,1,2026-06-25 21:07:10,b2f511e,,,True
2026-06-25,HLT,veto:rank_score_below_floor,,0,2026-06-25-live-6c3aa3fa,1,2026-06-25 21:07:10,b2f511e,,,True
2026-06-25,IBM,conviction:mu_below_floor,,0,2026-06-25-live-6c3aa3fa,1,2026-06-25 21:07:10,b2f511e,,,True
2026-06-25,JNJ,veto:rank_score_below_floor,,0,2026-06-25-live-6c3aa3fa,1,2026-06-25 21:07:10,b2f511e,,,True
2026-06-25,JPM,veto:rank_score_below_floor,,0,2026-06-25-live-6c3aa3fa,1,2026-06-25 21:07:10,b2f511e,,,True
2026-06-25,KMI,veto:rank_score_below_floor,,0,2026-06-25-live-6c3aa3fa,1,2026-06-25 21:07:10,b2f511e,,,True
2026-06-25,KO,veto:rank_score_below_floor,,0,2026-06-25-live-6c3aa3fa,1,2026-06-25 21:07:10,b2f511e,,,True
2026-06-25,LHX,veto:rank_score_below_floor,,0,2026-06-25-live-6c3aa3fa,1,2026-06-25 21:07:10,b2f511e,,,True
2026-06-25,LLY,conviction:mu_below_floor,,0,2026-06-25-live-6c3aa3fa,1,2026-06-25 21:07:10,b2f511e,,,True
2026-06-25,LMT,conviction:mu_below_floor,,0,2026-06-25-live-6c3aa3fa,1,2026-06-25 21:07:10,b2f511e,,,True
2026-06-25,MCD,veto:rank_score_below_floor,,0,2026-06-25-live-6c3aa3fa,1,2026-06-25 21:07:10,b2f511e,,,True
2026-06-25,MMM,veto:rank_score_below_floor,,0,2026-06-25-live-6c3aa3fa,1,2026-06-25 21:07:10,b2f511e,,,True
2026-06-25,MO,veto:rank_score_below_floor,,0,2026-06-25-live-6c3aa3fa,1,2026-06-25 21:07:10,b2f511e,,,True
2026-06-25,MRK,veto:rank_score_below_floor,,0,2026-06-25-live-6c3aa3fa,1,2026-06-25 21:07:10,b2f511e,,,True
2026-06-25,MS,veto:rank_score_below_floor,,0,2026-06-25-live-6c3aa3fa,1,2026-06-25 21:07:10,b2f511e,,,True
2026-06-25,MSFT,conviction:mu_below_floor,,0,2026-06-25-live-6c3aa3fa,1,2026-06-25 21:07:10,b2f511e,,,True
2026-06-25,NEE,veto:rank_score_below_floor,,0,2026-06-25-live-6c3aa3fa,1,2026-06-25 21:07:10,b2f511e,,,True
2026-06-25,NEM,veto:rank_score_below_floor,,0,2026-06-25-live-6c3aa3fa,1,2026-06-25 21:07:10,b2f511e,,,True
2026-06-25,NVDA,veto:rank_score_below_floor,,0,2026-06-25-live-6c3aa3fa,1,2026-06-25 21:07:10,b2f511e,,,True
2026-06-25,PG,veto:rank_score_below_floor,,0,2026-06-25-live-6c3aa3fa,1,2026-06-25 21:07:10,b2f511e,,,True
2026-06-25,PH,veto:rank_score_below_floor,,0,2026-06-25-live-6c3aa3fa,1,2026-06-25 21:07:10,b2f511e,,,True
2026-06-25,PLTR,conviction:mu_below_floor,,0,2026-06-25-live-6c3aa3fa,1,2026-06-25 21:07:10,b2f511e,,,True
2026-06-25,PM,conviction:mu_below_floor,,0,2026-06-25-live-6c3aa3fa,1,2026-06-25 21:07:10,b2f511e,,,True
2026-06-25,PNC,veto:rank_score_below_floor,,0,2026-06-25-live-6c3aa3fa,1,2026-06-25 21:07:10,b2f511e,,,True
2026-06-25,PYPL,veto:rank_score_below_floor,,0,2026-06-25-live-6c3aa3fa,1,2026-06-25 21:07:10,b2f511e,,,True
2026-06-25,ROST,veto:rank_score_below_floor,,0,2026-06-25-live-6c3aa3fa,1,2026-06-25 21:07:10,b2f511e,,,True
2026-06-25,RTX,veto:rank_score_below_floor,,0,2026-06-25-live-6c3aa3fa,1,2026-06-25 21:07:10,b2f511e,,,True
2026-06-25,SCHW,conviction:mu_below_floor,,0,2026-06-25-live-6c3aa3fa,1,2026-06-25 21:07:10,b2f511e,,,True
2026-06-25,SO,veto:rank_score_below_floor,,0,2026-06-25-live-6c3aa3fa,1,2026-06-25 21:07:10,b2f511e,,,True
2026-06-25,SOFI,veto:rank_score_below_floor,,0,2026-06-25-live-6c3aa3fa,1,2026-06-25 21:07:10,b2f511e,,,True
2026-06-25,SPG,veto:rank_score_below_floor,,0,2026-06-25-live-6c3aa3fa,1,2026-06-25 21:07:10,b2f511e,,,True
2026-06-25,SPOT,conviction:mu_below_floor,,0,2026-06-25-live-6c3aa3fa,1,2026-06-25 21:07:10,b2f511e,,,True
2026-06-25,T,conviction:mu_below_floor,,0,2026-06-25-live-6c3aa3fa,1,2026-06-25 21:07:10,b2f511e,,,True
2026-06-25,TJX,veto:rank_score_below_floor,,0,2026-06-25-live-6c3aa3fa,1,2026-06-25 21:07:10,b2f511e,,,True
2026-06-25,TSLA,veto:rank_score_below_floor,,0,2026-06-25-live-6c3aa3fa,1,2026-06-25 21:07:10,b2f511e,,,True
2026-06-25,TSM,veto:rank_score_below_floor,,0,2026-06-25-live-6c3aa3fa,1,2026-06-25 21:07:10,b2f511e,,,True
2026-06-25,TXN,conviction:mu_below_floor,,0,2026-06-25-live-6c3aa3fa,1,2026-06-25 21:07:10,b2f511e,,,True
2026-06-25,UNH,conviction:mu_below_floor,,0,2026-06-25-live-6c3aa3fa,1,2026-06-25 21:07:10,b2f511e,,,True
2026-06-25,UNP,veto:rank_score_below_floor,,0,2026-06-25-live-6c3aa3fa,1,2026-06-25 21:07:10,b2f511e,,,True
2026-06-25,V,veto:rank_score_below_floor,,0,2026-06-25-live-6c3aa3fa,1,2026-06-25 21:07:10,b2f511e,,,True
2026-06-25,VLO,veto:rank_score_below_floor,,0,2026-06-25-live-6c3aa3fa,1,2026-06-25 21:07:10,b2f511e,,,True
2026-06-25,VTR,veto:rank_score_below_floor,,0,2026-06-25-live-6c3aa3fa,1,2026-06-25 21:07:10,b2f511e,,,True
2026-06-25,WELL,veto:rank_score_below_floor,,0,2026-06-25-live-6c3aa3fa,1,2026-06-25 21:07:10,b2f511e,,,True
2026-06-25,WFC,veto:rank_score_below_floor,,0,2026-06-25-live-6c3aa3fa,1,2026-06-25 21:07:10,b2f511e,,,True
2026-06-25,WMB,veto:rank_score_below_floor,,0,2026-06-25-live-6c3aa3fa,1,2026-06-25 21:07:10,b2f511e,,,True
2026-06-25,WMT,veto:rank_score_below_floor,,0,2026-06-25-live-6c3aa3fa,1,2026-06-25 21:07:10,b2f511e,,,True
2026-06-25,XOM,veto:rank_score_below_floor,,0,2026-06-25-live-6c3aa3fa,1,2026-06-25 21:07:10,b2f511e,,,True
2026-06-25,ZM,conviction:mu_below_floor,,0,2026-06-25-live-6c3aa3fa,1,2026-06-25 21:07:10,b2f511e,,,True
2026-06-26,AAPL,conviction:mu_below_floor,,0,2026-06-26-live-3d74ce5c,1,2026-06-26 21:07:23,a4f2c79,,,True
2026-06-26,ABBV,veto:rank_score_below_floor,,0,2026-06-26-live-3d74ce5c,1,2026-06-26 21:07:23,a4f2c79,,,True
2026-06-26,ADI,veto:rank_score_below_floor,,0,2026-06-26-live-3d74ce5c,1,2026-06-26 21:07:23,a4f2c79,,,True
2026-06-26,AEP,veto:rank_score_below_floor,,0,2026-06-26-live-3d74ce5c,1,2026-06-26 21:07:23,a4f2c79,,,True
2026-06-26,ANET,veto:rank_score_below_floor,,0,2026-06-26-live-3d74ce5c,1,2026-06-26 21:07:23,a4f2c79,,,True
2026-06-26,ASML,veto:rank_score_below_floor,,0,2026-06-26-live-3d74ce5c,1,2026-06-26 21:07:23,a4f2c79,,,True
2026-06-26,AVGO,veto:rank_score_below_floor,,0,2026-06-26-live-3d74ce5c,1,2026-06-26 21:07:23,a4f2c79,,,True
2026-06-26,AXP,veto:rank_score_below_floor,,0,2026-06-26-live-3d74ce5c,1,2026-06-26 21:07:23,a4f2c79,,,True
2026-06-26,BA,veto:rank_score_below_floor,,0,2026-06-26-live-3d74ce5c,1,2026-06-26 21:07:23,a4f2c79,,,True
2026-06-26,BAC,conviction:mu_below_floor,,0,2026-06-26-live-3d74ce5c,1,2026-06-26 21:07:23,a4f2c79,,,True
2026-06-26,BLK,conviction:mu_below_floor,,0,2026-06-26-live-3d74ce5c,1,2026-06-26 21:07:23,a4f2c79,,,True
2026-06-26,BMY,veto:rank_score_below_floor,,0,2026-06-26-live-3d74ce5c,1,2026-06-26 21:07:23,a4f2c79,,,True
2026-06-26,C,veto:rank_score_below_floor,,0,2026-06-26-live-3d74ce5c,1,2026-06-26 21:07:23,a4f2c79,,,True
2026-06-26,CAT,veto:rank_score_below_floor,,0,2026-06-26-live-3d74ce5c,1,2026-06-26 21:07:23,a4f2c79,,,True
2026-06-26,CME,conviction:mu_below_floor,,0,2026-06-26-live-3d74ce5c,1,2026-06-26 21:07:23,a4f2c79,,,True
2026-06-26,COST,veto:rank_score_below_floor,,0,2026-06-26-live-3d74ce5c,1,2026-06-26 21:07:23,a4f2c79,,,True
2026-06-26,CVS,veto:rank_score_below_floor,,0,2026-06-26-live-3d74ce5c,1,2026-06-26 21:07:23,a4f2c79,,,True
2026-06-26,CVX,conviction:mu_below_floor,,0,2026-06-26-live-3d74ce5c,1,2026-06-26 21:07:23,a4f2c79,,,True
2026-06-26,D,conviction:mu_below_floor,,0,2026-06-26-live-3d74ce5c,1,2026-06-26 21:07:23,a4f2c79,,,True
2026-06-26,DLR,veto:rank_score_below_floor,,0,2026-06-26-live-3d74ce5c,1,2026-06-26 21:07:23,a4f2c79,,,True
2026-06-26,DUK,conviction:mu_below_floor,,0,2026-06-26-live-3d74ce5c,1,2026-06-26 21:07:23,a4f2c79,,,True
2026-06-26,EMR,veto:rank_score_below_floor,,0,2026-06-26-live-3d74ce5c,1,2026-06-26 21:07:23,a4f2c79,,,True
2026-06-26,EOG,conviction:mu_below_floor,,0,2026-06-26-live-3d74ce5c,1,2026-06-26 21:07:23,a4f2c79,,,True
2026-06-26,ETN,veto:rank_score_below_floor,,0,2026-06-26-live-3d74ce5c,1,2026-06-26 21:07:23,a4f2c79,,,True
2026-06-26,FDX,veto:rank_score_below_floor,,0,2026-06-26-live-3d74ce5c,1,2026-06-26 21:07:23,a4f2c79,,,True
2026-06-26,FTNT,correlation,0.07938429993928636,0,2026-06-26-live-3d74ce5c,1,2026-06-26 21:07:23,a4f2c79,,,True
2026-06-26,GILD,veto:rank_score_below_floor,,0,2026-06-26-live-3d74ce5c,1,2026-06-26 21:07:23,a4f2c79,,,True
2026-06-26,GLD,veto:rank_score_below_floor,,0,2026-06-26-live-3d74ce5c,1,2026-06-26 21:07:23,a4f2c79,,,True
2026-06-26,GM,veto:rank_score_below_floor,,0,2026-06-26-live-3d74ce5c,1,2026-06-26 21:07:23,a4f2c79,,,True
2026-06-26,GOOG,veto:rank_score_below_floor,,0,2026-06-26-live-3d74ce5c,1,2026-06-26 21:07:23,a4f2c79,,,True
2026-06-26,GS,veto:rank_score_below_floor,,0,2026-06-26-live-3d74ce5c,1,2026-06-26 21:07:23,a4f2c79,,,True
2026-06-26,HD,veto:rank_score_below_floor,,0,2026-06-26-live-3d74ce5c,1,2026-06-26 21:07:23,a4f2c79,,,True
2026-06-26,HLT,veto:rank_score_below_floor,,0,2026-06-26-live-3d74ce5c,1,2026-06-26 21:07:23,a4f2c79,,,True
2026-06-26,IBM,veto:rank_score_below_floor,,0,2026-06-26-live-3d74ce5c,1,2026-06-26 21:07:23,a4f2c79,,,True
2026-06-26,JNJ,veto:rank_score_below_floor,,0,2026-06-26-live-3d74ce5c,1,2026-06-26 21:07:23,a4f2c79,,,True
2026-06-26,JPM,conviction:mu_below_floor,,0,2026-06-26-live-3d74ce5c,1,2026-06-26 21:07:23,a4f2c79,,,True
2026-06-26,KMI,conviction:mu_below_floor,,0,2026-06-26-live-3d74ce5c,1,2026-06-26 21:07:23,a4f2c79,,,True
2026-06-26,KO,veto:rank_score_below_floor,,0,2026-06-26-live-3d74ce5c,1,2026-06-26 21:07:23,a4f2c79,,,True
2026-06-26,LHX,veto:rank_score_below_floor,,0,2026-06-26-live-3d74ce5c,1,2026-06-26 21:07:23,a4f2c79,,,True
2026-06-26,LLY,veto:rank_score_below_floor,,0,2026-06-26-live-3d74ce5c,1,2026-06-26 21:07:23,a4f2c79,,,True
2026-06-26,LMT,veto:rank_score_below_floor,,0,2026-06-26-live-3d74ce5c,1,2026-06-26 21:07:23,a4f2c79,,,True
2026-06-26,MCD,veto:rank_score_below_floor,,0,2026-06-26-live-3d74ce5c,1,2026-06-26 21:07:23,a4f2c79,,,True
2026-06-26,MMM,veto:rank_score_below_floor,,0,2026-06-26-live-3d74ce5c,1,2026-06-26 21:07:23,a4f2c79,,,True
2026-06-26,MO,veto:rank_score_below_floor,,0,2026-06-26-live-3d74ce5c,1,2026-06-26 21:07:23,a4f2c79,,,True
2026-06-26,MRK,veto:rank_score_below_floor,,0,2026-06-26-live-3d74ce5c,1,2026-06-26 21:07:23,a4f2c79,,,True
2026-06-26,MS,veto:rank_score_below_floor,,0,2026-06-26-live-3d74ce5c,1,2026-06-26 21:07:23,a4f2c79,,,True
2026-06-26,MSFT,veto:rank_score_below_floor,,0,2026-06-26-live-3d74ce5c,1,2026-06-26 21:07:23,a4f2c79,,,True
2026-06-26,NEE,conviction:mu_below_floor,,0,2026-06-26-live-3d74ce5c,1,2026-06-26 21:07:23,a4f2c79,,,True
2026-06-26,NEM,veto:rank_score_below_floor,,0,2026-06-26-live-3d74ce5c,1,2026-06-26 21:07:23,a4f2c79,,,True
2026-06-26,NFLX,veto:rank_score_below_floor,,0,2026-06-26-live-3d74ce5c,1,2026-06-26 21:07:23,a4f2c79,,,True
2026-06-26,NVDA,veto:rank_score_below_floor,,0,2026-06-26-live-3d74ce5c,1,2026-06-26 21:07:23,a4f2c79,,,True
2026-06-26,PG,veto:rank_score_below_floor,,0,2026-06-26-live-3d74ce5c,1,2026-06-26 21:07:23,a4f2c79,,,True
2026-06-26,PH,veto:rank_score_below_floor,,0,2026-06-26-live-3d74ce5c,1,2026-06-26 21:07:23,a4f2c79,,,True
2026-06-26,PLTR,conviction:mu_below_floor,,0,2026-06-26-live-3d74ce5c,1,2026-06-26 21:07:23,a4f2c79,,,True
2026-06-26,PM,veto:rank_score_below_floor,,0,2026-06-26-live-3d74ce5c,1,2026-06-26 21:07:23,a4f2c79,,,True
2026-06-26,PNC,veto:rank_score_below_floor,,0,2026-06-26-live-3d74ce5c,1,2026-06-26 21:07:23,a4f2c79,,,True
2026-06-26,PYPL,veto:rank_score_below_floor,,0,2026-06-26-live-3d74ce5c,1,2026-06-26 21:07:23,a4f2c79,,,True
2026-06-26,ROST,veto:rank_score_below_floor,,0,2026-06-26-live-3d74ce5c,1,2026-06-26 21:07:23,a4f2c79,,,True
2026-06-26,RTX,veto:rank_score_below_floor,,0,2026-06-26-live-3d74ce5c,1,2026-06-26 21:07:23,a4f2c79,,,True
2026-06-26,SCHW,veto:rank_score_below_floor,,0,2026-06-26-live-3d74ce5c,1,2026-06-26 21:07:23,a4f2c79,,,True
2026-06-26,SO,veto:rank_score_below_floor,,0,2026-06-26-live-3d74ce5c,1,2026-06-26 21:07:23,a4f2c79,,,True
2026-06-26,SOFI,conviction:mu_below_floor,,0,2026-06-26-live-3d74ce5c,1,2026-06-26 21:07:23,a4f2c79,,,True
2026-06-26,SPG,veto:rank_score_below_floor,,0,2026-06-26-live-3d74ce5c,1,2026-06-26 21:07:23,a4f2c79,,,True
2026-06-26,SPOT,veto:rank_score_below_floor,,0,2026-06-26-live-3d74ce5c,1,2026-06-26 21:07:23,a4f2c79,,,True
2026-06-26,T,veto:rank_score_below_floor,,0,2026-06-26-live-3d74ce5c,1,2026-06-26 21:07:23,a4f2c79,,,True
2026-06-26,TJX,veto:rank_score_below_floor,,0,2026-06-26-live-3d74ce5c,1,2026-06-26 21:07:23,a4f2c79,,,True
2026-06-26,TSLA,veto:rank_score_below_floor,,0,2026-06-26-live-3d74ce5c,1,2026-06-26 21:07:23,a4f2c79,,,True
2026-06-26,TSM,veto:rank_score_below_floor,,0,2026-06-26-live-3d74ce5c,1,2026-06-26 21:07:23,a4f2c79,,,True
2026-06-26,UNH,veto:rank_score_below_floor,,0,2026-06-26-live-3d74ce5c,1,2026-06-26 21:07:23,a4f2c79,,,True
2026-06-26,UNP,veto:rank_score_below_floor,,0,2026-06-26-live-3d74ce5c,1,2026-06-26 21:07:23,a4f2c79,,,True
2026-06-26,V,veto:rank_score_below_floor,,0,2026-06-26-live-3d74ce5c,1,2026-06-26 21:07:23,a4f2c79,,,True
2026-06-26,VLO,veto:rank_score_below_floor,,0,2026-06-26-live-3d74ce5c,1,2026-06-26 21:07:23,a4f2c79,,,True
2026-06-26,VTR,veto:rank_score_below_floor,,0,2026-06-26-live-3d74ce5c,1,2026-06-26 21:07:23,a4f2c79,,,True
2026-06-26,WELL,veto:rank_score_below_floor,,0,2026-06-26-live-3d74ce5c,1,2026-06-26 21:07:23,a4f2c79,,,True
2026-06-26,WFC,veto:rank_score_below_floor,,0,2026-06-26-live-3d74ce5c,1,2026-06-26 21:07:23,a4f2c79,,,True
2026-06-26,WMB,veto:rank_score_below_floor,,0,2026-06-26-live-3d74ce5c,1,2026-06-26 21:07:23,a4f2c79,,,True
2026-06-26,WMT,veto:rank_score_below_floor,,0,2026-06-26-live-3d74ce5c,1,2026-06-26 21:07:23,a4f2c79,,,True
2026-06-26,XOM,veto:rank_score_below_floor,,0,2026-06-26-live-3d74ce5c,1,2026-06-26 21:07:23,a4f2c79,,,True
2026-06-26,ZM,veto:rank_score_below_floor,,0,2026-06-26-live-3d74ce5c,1,2026-06-26 21:07:23,a4f2c79,,,True
2026-06-29,AAPL,veto:rank_score_below_floor,,0,2026-06-29-live-5970796e,0,2026-06-29 18:08:01,a4f2c79,,,True
2026-06-29,ABBV,veto:rank_score_below_floor,,0,2026-06-29-live-5970796e,0,2026-06-29 18:08:01,a4f2c79,,,True
2026-06-29,ADI,veto:rank_score_below_floor,,0,2026-06-29-live-5970796e,0,2026-06-29 18:08:01,a4f2c79,,,True
2026-06-29,ANET,veto:rank_score_below_floor,,0,2026-06-29-live-5970796e,0,2026-06-29 18:08:01,a4f2c79,,,True
2026-06-29,ASML,veto:rank_score_below_floor,,0,2026-06-29-live-5970796e,0,2026-06-29 18:08:01,a4f2c79,,,True
2026-06-29,AVGO,conviction:mu_below_floor,,0,2026-06-29-live-5970796e,0,2026-06-29 18:08:01,a4f2c79,,,True
2026-06-29,AXP,veto:rank_score_below_floor,,0,2026-06-29-live-5970796e,0,2026-06-29 18:08:01,a4f2c79,,,True
2026-06-29,BA,veto:rank_score_below_floor,,0,2026-06-29-live-5970796e,0,2026-06-29 18:08:01,a4f2c79,,,True
2026-06-29,BLK,conviction:mu_below_floor,,0,2026-06-29-live-5970796e,0,2026-06-29 18:08:01,a4f2c79,,,True
2026-06-29,CAT,veto:rank_score_below_floor,,0,2026-06-29-live-5970796e,0,2026-06-29 18:08:01,a4f2c79,,,True
2026-06-29,COST,veto:rank_score_below_floor,,0,2026-06-29-live-5970796e,0,2026-06-29 18:08:01,a4f2c79,,,True
2026-06-29,CVX,conviction:mu_below_floor,,0,2026-06-29-live-5970796e,0,2026-06-29 18:08:01,a4f2c79,,,True
2026-06-29,DLR,veto:rank_score_below_floor,,0,2026-06-29-live-5970796e,0,2026-06-29 18:08:01,a4f2c79,,,True
2026-06-29,FTNT,conviction:mu_below_floor,,0,2026-06-29-live-5970796e,0,2026-06-29 18:08:01,a4f2c79,,,True
2026-06-29,GLD,veto:rank_score_below_floor,,0,2026-06-29-live-5970796e,0,2026-06-29 18:08:01,a4f2c79,,,True
2026-06-29,GOOG,veto:rank_score_below_floor,,0,2026-06-29-live-5970796e,0,2026-06-29 18:08:01,a4f2c79,,,True
2026-06-29,GS,veto:rank_score_below_floor,,0,2026-06-29-live-5970796e,0,2026-06-29 18:08:01,a4f2c79,,,True
2026-06-29,HD,veto:rank_score_below_floor,,0,2026-06-29-live-5970796e,0,2026-06-29 18:08:01,a4f2c79,,,True
2026-06-29,IBM,veto:rank_score_below_floor,,0,2026-06-29-live-5970796e,0,2026-06-29 18:08:01,a4f2c79,,,True
2026-06-29,JNJ,veto:rank_score_below_floor,,0,2026-06-29-live-5970796e,0,2026-06-29 18:08:01,a4f2c79,,,True
2026-06-29,JPM,veto:rank_score_below_floor,,0,2026-06-29-live-5970796e,0,2026-06-29 18:08:01,a4f2c79,,,True
2026-06-29,LLY,veto:rank_score_below_floor,,0,2026-06-29-live-5970796e,0,2026-06-29 18:08:01,a4f2c79,,,True
2026-06-29,LMT,veto:rank_score_below_floor,,0,2026-06-29-live-5970796e,0,2026-06-29 18:08:01,a4f2c79,,,True
2026-06-29,MCD,veto:rank_score_below_floor,,0,2026-06-29-live-5970796e,0,2026-06-29 18:08:01,a4f2c79,,,True
2026-06-29,MRK,veto:rank_score_below_floor,,0,2026-06-29-live-5970796e,0,2026-06-29 18:08:01,a4f2c79,,,True
2026-06-29,MSFT,veto:rank_score_below_floor,,0,2026-06-29-live-5970796e,0,2026-06-29 18:08:01,a4f2c79,,,True
2026-06-29,NEE,conviction:mu_below_floor,,0,2026-06-29-live-5970796e,0,2026-06-29 18:08:01,a4f2c79,,,True
2026-06-29,NFLX,veto:rank_score_below_floor,,0,2026-06-29-live-5970796e,0,2026-06-29 18:08:01,a4f2c79,,,True
2026-06-29,NVDA,veto:rank_score_below_floor,,0,2026-06-29-live-5970796e,0,2026-06-29 18:08:01,a4f2c79,,,True
2026-06-29,PG,veto:rank_score_below_floor,,0,2026-06-29-live-5970796e,0,2026-06-29 18:08:01,a4f2c79,,,True
2026-06-29,PLTR,veto:rank_score_below_floor,,0,2026-06-29-live-5970796e,0,2026-06-29 18:08:01,a4f2c79,,,True
2026-06-29,PYPL,veto:rank_score_below_floor,,0,2026-06-29-live-5970796e,0,2026-06-29 18:08:01,a4f2c79,,,True
2026-06-29,RTX,veto:rank_score_below_floor,,0,2026-06-29-live-5970796e,0,2026-06-29 18:08:01,a4f2c79,,,True
2026-06-29,SOFI,conviction:mu_below_floor,,0,2026-06-29-live-5970796e,0,2026-06-29 18:08:01,a4f2c79,,,True
2026-06-29,SPOT,veto:rank_score_below_floor,,0,2026-06-29-live-5970796e,0,2026-06-29 18:08:01,a4f2c79,,,True
2026-06-29,TSLA,veto:rank_score_below_floor,,0,2026-06-29-live-5970796e,0,2026-06-29 18:08:01,a4f2c79,,,True
2026-06-29,TSM,veto:rank_score_below_floor,,0,2026-06-29-live-5970796e,0,2026-06-29 18:08:01,a4f2c79,,,True
2026-06-29,UNH,veto:rank_score_below_floor,,0,2026-06-29-live-5970796e,0,2026-06-29 18:08:01,a4f2c79,,,True
2026-06-29,UNP,veto:rank_score_below_floor,,0,2026-06-29-live-5970796e,0,2026-06-29 18:08:01,a4f2c79,,,True
2026-06-29,V,veto:rank_score_below_floor,,0,2026-06-29-live-5970796e,0,2026-06-29 18:08:01,a4f2c79,,,True
2026-06-29,WMT,veto:rank_score_below_floor,,0,2026-06-29-live-5970796e,0,2026-06-29 18:08:01,a4f2c79,,,True
2026-06-29,XOM,veto:rank_score_below_floor,,0,2026-06-29-live-5970796e,0,2026-06-29 18:08:01,a4f2c79,,,True
2026-06-29,ZM,veto:rank_score_below_floor,,0,2026-06-29-live-5970796e,0,2026-06-29 18:08:01,a4f2c79,,,True
2026-06-29,AAPL,veto:rank_score_below_floor,,0,2026-06-29-live-de32ecf4,0,2026-06-29 21:07:14,a4f2c79,,,True
2026-06-29,ABBV,veto:rank_score_below_floor,,0,2026-06-29-live-de32ecf4,0,2026-06-29 21:07:14,a4f2c79,,,True
2026-06-29,ADI,veto:rank_score_below_floor,,0,2026-06-29-live-de32ecf4,0,2026-06-29 21:07:14,a4f2c79,,,True
2026-06-29,ANET,veto:rank_score_below_floor,,0,2026-06-29-live-de32ecf4,0,2026-06-29 21:07:14,a4f2c79,,,True
2026-06-29,ASML,veto:rank_score_below_floor,,0,2026-06-29-live-de32ecf4,0,2026-06-29 21:07:14,a4f2c79,,,True
2026-06-29,AVGO,conviction:mu_below_floor,,0,2026-06-29-live-de32ecf4,0,2026-06-29 21:07:14,a4f2c79,,,True
2026-06-29,AXP,veto:rank_score_below_floor,,0,2026-06-29-live-de32ecf4,0,2026-06-29 21:07:14,a4f2c79,,,True
2026-06-29,BA,veto:rank_score_below_floor,,0,2026-06-29-live-de32ecf4,0,2026-06-29 21:07:14,a4f2c79,,,True
2026-06-29,BLK,conviction:mu_below_floor,,0,2026-06-29-live-de32ecf4,0,2026-06-29 21:07:14,a4f2c79,,,True
2026-06-29,CAT,veto:rank_score_below_floor,,0,2026-06-29-live-de32ecf4,0,2026-06-29 21:07:14,a4f2c79,,,True
2026-06-29,COST,veto:rank_score_below_floor,,0,2026-06-29-live-de32ecf4,0,2026-06-29 21:07:14,a4f2c79,,,True
2026-06-29,CVX,conviction:mu_below_floor,,0,2026-06-29-live-de32ecf4,0,2026-06-29 21:07:14,a4f2c79,,,True
2026-06-29,DLR,veto:rank_score_below_floor,,0,2026-06-29-live-de32ecf4,0,2026-06-29 21:07:14,a4f2c79,,,True
2026-06-29,FTNT,correlation,0.07320677747562321,0,2026-06-29-live-de32ecf4,0,2026-06-29 21:07:14,a4f2c79,,,True
2026-06-29,GLD,veto:rank_score_below_floor,,0,2026-06-29-live-de32ecf4,0,2026-06-29 21:07:14,a4f2c79,,,True
2026-06-29,GOOG,veto:rank_score_below_floor,,0,2026-06-29-live-de32ecf4,0,2026-06-29 21:07:14,a4f2c79,,,True
2026-06-29,GS,veto:rank_score_below_floor,,0,2026-06-29-live-de32ecf4,0,2026-06-29 21:07:14,a4f2c79,,,True
2026-06-29,HD,veto:rank_score_below_floor,,0,2026-06-29-live-de32ecf4,0,2026-06-29 21:07:14,a4f2c79,,,True
2026-06-29,IBM,veto:rank_score_below_floor,,0,2026-06-29-live-de32ecf4,0,2026-06-29 21:07:14,a4f2c79,,,True
2026-06-29,JNJ,veto:rank_score_below_floor,,0,2026-06-29-live-de32ecf4,0,2026-06-29 21:07:14,a4f2c79,,,True
2026-06-29,JPM,veto:rank_score_below_floor,,0,2026-06-29-live-de32ecf4,0,2026-06-29 21:07:14,a4f2c79,,,True
2026-06-29,LLY,veto:rank_score_below_floor,,0,2026-06-29-live-de32ecf4,0,2026-06-29 21:07:14,a4f2c79,,,True
2026-06-29,LMT,veto:rank_score_below_floor,,0,2026-06-29-live-de32ecf4,0,2026-06-29 21:07:14,a4f2c79,,,True
2026-06-29,MCD,veto:rank_score_below_floor,,0,2026-06-29-live-de32ecf4,0,2026-06-29 21:07:14,a4f2c79,,,True
2026-06-29,MRK,veto:rank_score_below_floor,,0,2026-06-29-live-de32ecf4,0,2026-06-29 21:07:14,a4f2c79,,,True
2026-06-29,MSFT,veto:rank_score_below_floor,,0,2026-06-29-live-de32ecf4,0,2026-06-29 21:07:14,a4f2c79,,,True
2026-06-29,NEE,conviction:mu_below_floor,,0,2026-06-29-live-de32ecf4,0,2026-06-29 21:07:14,a4f2c79,,,True
2026-06-29,NFLX,veto:rank_score_below_floor,,0,2026-06-29-live-de32ecf4,0,2026-06-29 21:07:14,a4f2c79,,,True
2026-06-29,NVDA,veto:rank_score_below_floor,,0,2026-06-29-live-de32ecf4,0,2026-06-29 21:07:14,a4f2c79,,,True
2026-06-29,PG,veto:rank_score_below_floor,,0,2026-06-29-live-de32ecf4,0,2026-06-29 21:07:14,a4f2c79,,,True
2026-06-29,PLTR,veto:rank_score_below_floor,,0,2026-06-29-live-de32ecf4,0,2026-06-29 21:07:14,a4f2c79,,,True
2026-06-29,PYPL,veto:rank_score_below_floor,,0,2026-06-29-live-de32ecf4,0,2026-06-29 21:07:14,a4f2c79,,,True
2026-06-29,RTX,veto:rank_score_below_floor,,0,2026-06-29-live-de32ecf4,0,2026-06-29 21:07:14,a4f2c79,,,True
2026-06-29,SOFI,conviction:mu_below_floor,,0,2026-06-29-live-de32ecf4,0,2026-06-29 21:07:14,a4f2c79,,,True
2026-06-29,SPOT,veto:rank_score_below_floor,,0,2026-06-29-live-de32ecf4,0,2026-06-29 21:07:14,a4f2c79,,,True
2026-06-29,TSLA,veto:rank_score_below_floor,,0,2026-06-29-live-de32ecf4,0,2026-06-29 21:07:14,a4f2c79,,,True
2026-06-29,TSM,veto:rank_score_below_floor,,0,2026-06-29-live-de32ecf4,0,2026-06-29 21:07:14,a4f2c79,,,True
2026-06-29,UNH,veto:rank_score_below_floor,,0,2026-06-29-live-de32ecf4,0,2026-06-29 21:07:14,a4f2c79,,,True
2026-06-29,UNP,veto:rank_score_below_floor,,0,2026-06-29-live-de32ecf4,0,2026-06-29 21:07:14,a4f2c79,,,True
2026-06-29,V,veto:rank_score_below_floor,,0,2026-06-29-live-de32ecf4,0,2026-06-29 21:07:14,a4f2c79,,,True
2026-06-29,WMT,veto:rank_score_below_floor,,0,2026-06-29-live-de32ecf4,0,2026-06-29 21:07:14,a4f2c79,,,True
2026-06-29,XOM,veto:rank_score_below_floor,,0,2026-06-29-live-de32ecf4,0,2026-06-29 21:07:14,a4f2c79,,,True
2026-06-29,ZM,veto:rank_score_below_floor,,0,2026-06-29-live-de32ecf4,0,2026-06-29 21:07:14,a4f2c79,,,True
2026-06-29,AAPL,veto:rank_score_below_floor,,0,2026-06-29-live-0534845a,1,2026-06-30 03:39:25,a4f2c79,,,True
2026-06-29,ABBV,veto:rank_score_below_floor,,0,2026-06-29-live-0534845a,1,2026-06-30 03:39:25,a4f2c79,,,True
2026-06-29,ADI,veto:rank_score_below_floor,,0,2026-06-29-live-0534845a,1,2026-06-30 03:39:25,a4f2c79,,,True
2026-06-29,ANET,veto:rank_score_below_floor,,0,2026-06-29-live-0534845a,1,2026-06-30 03:39:25,a4f2c79,,,True
2026-06-29,ASML,veto:rank_score_below_floor,,0,2026-06-29-live-0534845a,1,2026-06-30 03:39:25,a4f2c79,,,True
2026-06-29,AVGO,not_selected,0.07320677747562321,0,2026-06-29-live-0534845a,1,2026-06-30 03:39:25,a4f2c79,,,True
2026-06-29,AXP,veto:rank_score_below_floor,,0,2026-06-29-live-0534845a,1,2026-06-30 03:39:25,a4f2c79,,,True
2026-06-29,BA,veto:rank_score_below_floor,,0,2026-06-29-live-0534845a,1,2026-06-30 03:39:25,a4f2c79,,,True
2026-06-29,BLK,size_insufficient_cash,0.07320677747562321,0,2026-06-29-live-0534845a,1,2026-06-30 03:39:25,a4f2c79,,,True
2026-06-29,CAT,veto:rank_score_below_floor,,0,2026-06-29-live-0534845a,1,2026-06-30 03:39:25,a4f2c79,,,True
2026-06-29,COST,veto:rank_score_below_floor,,0,2026-06-29-live-0534845a,1,2026-06-30 03:39:25,a4f2c79,,,True
2026-06-29,CVX,not_selected,0.07320677747562321,0,2026-06-29-live-0534845a,1,2026-06-30 03:39:25,a4f2c79,,,True
2026-06-29,DLR,veto:rank_score_below_floor,,0,2026-06-29-live-0534845a,1,2026-06-30 03:39:25,a4f2c79,,,True
2026-06-29,FTNT,correlation,0.07320677747562321,0,2026-06-29-live-0534845a,1,2026-06-30 03:39:25,a4f2c79,,,True
2026-06-29,GLD,veto:rank_score_below_floor,,0,2026-06-29-live-0534845a,1,2026-06-30 03:39:25,a4f2c79,,,True
2026-06-29,GOOG,veto:rank_score_below_floor,,0,2026-06-29-live-0534845a,1,2026-06-30 03:39:25,a4f2c79,,,True
2026-06-29,GS,veto:rank_score_below_floor,,0,2026-06-29-live-0534845a,1,2026-06-30 03:39:25,a4f2c79,,,True
2026-06-29,HD,veto:rank_score_below_floor,,0,2026-06-29-live-0534845a,1,2026-06-30 03:39:25,a4f2c79,,,True
2026-06-29,IBM,veto:rank_score_below_floor,,0,2026-06-29-live-0534845a,1,2026-06-30 03:39:25,a4f2c79,,,True
2026-06-29,JNJ,veto:rank_score_below_floor,,0,2026-06-29-live-0534845a,1,2026-06-30 03:39:25,a4f2c79,,,True
2026-06-29,JPM,veto:rank_score_below_floor,,0,2026-06-29-live-0534845a,1,2026-06-30 03:39:25,a4f2c79,,,True
2026-06-29,LLY,veto:rank_score_below_floor,,0,2026-06-29-live-0534845a,1,2026-06-30 03:39:25,a4f2c79,,,True
2026-06-29,LMT,veto:rank_score_below_floor,,0,2026-06-29-live-0534845a,1,2026-06-30 03:39:25,a4f2c79,,,True
2026-06-29,MCD,veto:rank_score_below_floor,,0,2026-06-29-live-0534845a,1,2026-06-30 03:39:25,a4f2c79,,,True
2026-06-29,MRK,veto:rank_score_below_floor,,0,2026-06-29-live-0534845a,1,2026-06-30 03:39:25,a4f2c79,,,True
2026-06-29,MSFT,veto:rank_score_below_floor,,0,2026-06-29-live-0534845a,1,2026-06-30 03:39:25,a4f2c79,,,True
2026-06-29,NEE,broker_pending_submitted,0.07320677747562321,0,2026-06-29-live-0534845a,1,2026-06-30 03:39:25,a4f2c79,,,True
2026-06-29,NFLX,veto:rank_score_below_floor,,0,2026-06-29-live-0534845a,1,2026-06-30 03:39:25,a4f2c79,,,True
2026-06-29,NVDA,veto:rank_score_below_floor,,0,2026-06-29-live-0534845a,1,2026-06-30 03:39:25,a4f2c79,,,True
2026-06-29,PG,veto:rank_score_below_floor,,0,2026-06-29-live-0534845a,1,2026-06-30 03:39:25,a4f2c79,,,True
2026-06-29,PLTR,veto:rank_score_below_floor,,0,2026-06-29-live-0534845a,1,2026-06-30 03:39:25,a4f2c79,,,True
2026-06-29,PYPL,veto:rank_score_below_floor,,0,2026-06-29-live-0534845a,1,2026-06-30 03:39:25,a4f2c79,,,True
2026-06-29,RTX,veto:rank_score_below_floor,,0,2026-06-29-live-0534845a,1,2026-06-30 03:39:25,a4f2c79,,,True
2026-06-29,SOFI,broker_pending_submitted,0.07320677747562321,0,2026-06-29-live-0534845a,1,2026-06-30 03:39:25,a4f2c79,,,True
2026-06-29,SPOT,veto:rank_score_below_floor,,0,2026-06-29-live-0534845a,1,2026-06-30 03:39:25,a4f2c79,,,True
2026-06-29,TSLA,veto:rank_score_below_floor,,0,2026-06-29-live-0534845a,1,2026-06-30 03:39:25,a4f2c79,,,True
2026-06-29,TSM,veto:rank_score_below_floor,,0,2026-06-29-live-0534845a,1,2026-06-30 03:39:25,a4f2c79,,,True
2026-06-29,UNH,veto:rank_score_below_floor,,0,2026-06-29-live-0534845a,1,2026-06-30 03:39:25,a4f2c79,,,True
2026-06-29,UNP,veto:rank_score_below_floor,,0,2026-06-29-live-0534845a,1,2026-06-30 03:39:25,a4f2c79,,,True
2026-06-29,V,veto:rank_score_below_floor,,0,2026-06-29-live-0534845a,1,2026-06-30 03:39:25,a4f2c79,,,True
2026-06-29,WMT,veto:rank_score_below_floor,,0,2026-06-29-live-0534845a,1,2026-06-30 03:39:25,a4f2c79,,,True
2026-06-29,XOM,veto:rank_score_below_floor,,0,2026-06-29-live-0534845a,1,2026-06-30 03:39:25,a4f2c79,,,True
2026-06-29,ZM,veto:rank_score_below_floor,,0,2026-06-29-live-0534845a,1,2026-06-30 03:39:25,a4f2c79,,,True
2026-06-30,AAPL,veto:rank_score_below_floor,,0,2026-06-30-live-b616357c,1,2026-06-30 22:51:25,a4f2c79,,,True
2026-06-30,ABBV,veto:rank_score_below_floor,,0,2026-06-30-live-b616357c,1,2026-06-30 22:51:25,a4f2c79,,,True
2026-06-30,ADI,veto:rank_score_below_floor,,0,2026-06-30-live-b616357c,1,2026-06-30 22:51:25,a4f2c79,,,True
2026-06-30,AEP,veto:rank_score_below_floor,,0,2026-06-30-live-b616357c,1,2026-06-30 22:51:25,a4f2c79,,,True
2026-06-30,APH,veto:rank_score_below_floor,,0,2026-06-30-live-b616357c,1,2026-06-30 22:51:25,a4f2c79,,,True
2026-06-30,ASML,not_selected,0.07097447264874385,0,2026-06-30-live-b616357c,1,2026-06-30 22:51:25,a4f2c79,,,True
2026-06-30,ATI,veto:rank_score_below_floor,,0,2026-06-30-live-b616357c,1,2026-06-30 22:51:25,a4f2c79,,,True
2026-06-30,AVGO,not_selected,0.07097447264874385,0,2026-06-30-live-b616357c,1,2026-06-30 22:51:25,a4f2c79,,,True
2026-06-30,AXP,veto:rank_score_below_floor,,0,2026-06-30-live-b616357c,1,2026-06-30 22:51:25,a4f2c79,,,True
2026-06-30,BA,veto:rank_score_below_floor,,0,2026-06-30-live-b616357c,1,2026-06-30 22:51:25,a4f2c79,,,True
2026-06-30,BAC,veto:rank_score_below_floor,,0,2026-06-30-live-b616357c,1,2026-06-30 22:51:25,a4f2c79,,,True
2026-06-30,BLK,size_insufficient_cash,0.07097447264874385,0,2026-06-30-live-b616357c,1,2026-06-30 22:51:25,a4f2c79,,,True
2026-06-30,BWXT,veto:rank_score_below_floor,,0,2026-06-30-live-b616357c,1,2026-06-30 22:51:25,a4f2c79,,,True
2026-06-30,C,veto:rank_score_below_floor,,0,2026-06-30-live-b616357c,1,2026-06-30 22:51:25,a4f2c79,,,True
2026-06-30,CAT,veto:rank_score_below_floor,,0,2026-06-30-live-b616357c,1,2026-06-30 22:51:25,a4f2c79,,,True
2026-06-30,CMG,veto:rank_score_below_floor,,0,2026-06-30-live-b616357c,1,2026-06-30 22:51:25,a4f2c79,,,True
2026-06-30,CRM,veto:rank_score_below_floor,,0,2026-06-30-live-b616357c,1,2026-06-30 22:51:25,a4f2c79,,,True
2026-06-30,CVS,not_selected,0.07097447264874385,0,2026-06-30-live-b616357c,1,2026-06-30 22:51:25,a4f2c79,,,True
2026-06-30,D,veto:rank_score_below_floor,,0,2026-06-30-live-b616357c,1,2026-06-30 22:51:25,a4f2c79,,,True
2026-06-30,DE,veto:rank_score_below_floor,,0,2026-06-30-live-b616357c,1,2026-06-30 22:51:25,a4f2c79,,,True
2026-06-30,DLR,veto:rank_score_below_floor,,0,2026-06-30-live-b616357c,1,2026-06-30 22:51:25,a4f2c79,,,True
2026-06-30,DUK,veto:rank_score_below_floor,,0,2026-06-30-live-b616357c,1,2026-06-30 22:51:25,a4f2c79,,,True
2026-06-30,EME,not_selected,0.07097447264874385,0,2026-06-30-live-b616357c,1,2026-06-30 22:51:25,a4f2c79,,,True
2026-06-30,EMR,veto:rank_score_below_floor,,0,2026-06-30-live-b616357c,1,2026-06-30 22:51:25,a4f2c79,,,True
2026-06-30,EOG,not_selected,0.07097447264874385,0,2026-06-30-live-b616357c,1,2026-06-30 22:51:25,a4f2c79,,,True
2026-06-30,ETN,veto:rank_score_below_floor,,0,2026-06-30-live-b616357c,1,2026-06-30 22:51:25,a4f2c79,,,True
2026-06-30,FDX,veto:rank_score_below_floor,,0,2026-06-30-live-b616357c,1,2026-06-30 22:51:25,a4f2c79,,,True
2026-06-30,FTNT,correlation,0.07097447264874385,0,2026-06-30-live-b616357c,1,2026-06-30 22:51:25,a4f2c79,,,True
2026-06-30,GLD,veto:rank_score_below_floor,,0,2026-06-30-live-b616357c,1,2026-06-30 22:51:25,a4f2c79,,,True
2026-06-30,GM,veto:rank_score_below_floor,,0,2026-06-30-live-b616357c,1,2026-06-30 22:51:25,a4f2c79,,,True
2026-06-30,GOOG,veto:rank_score_below_floor,,0,2026-06-30-live-b616357c,1,2026-06-30 22:51:25,a4f2c79,,,True
2026-06-30,GRMN,not_selected,0.07097447264874385,0,2026-06-30-live-b616357c,1,2026-06-30 22:51:25,a4f2c79,,,True
2026-06-30,GS,not_selected,0.07097447264874385,0,2026-06-30-live-b616357c,1,2026-06-30 22:51:25,a4f2c79,,,True
2026-06-30,HLT,veto:rank_score_below_floor,,0,2026-06-30-live-b616357c,1,2026-06-30 22:51:25,a4f2c79,,,True
2026-06-30,IBM,veto:rank_score_below_floor,,0,2026-06-30-live-b616357c,1,2026-06-30 22:51:25,a4f2c79,,,True
2026-06-30,JNJ,veto:rank_score_below_floor,,0,2026-06-30-live-b616357c,1,2026-06-30 22:51:25,a4f2c79,,,True
2026-06-30,JPM,veto:rank_score_below_floor,,0,2026-06-30-live-b616357c,1,2026-06-30 22:51:25,a4f2c79,,,True
2026-06-30,KMI,veto:rank_score_below_floor,,0,2026-06-30-live-b616357c,1,2026-06-30 22:51:25,a4f2c79,,,True
2026-06-30,KO,veto:rank_score_below_floor,,0,2026-06-30-live-b616357c,1,2026-06-30 22:51:25,a4f2c79,,,True
2026-06-30,LHX,veto:rank_score_below_floor,,0,2026-06-30-live-b616357c,1,2026-06-30 22:51:25,a4f2c79,,,True
2026-06-30,LLY,veto:rank_score_below_floor,,0,2026-06-30-live-b616357c,1,2026-06-30 22:51:25,a4f2c79,,,True
2026-06-30,LMT,veto:rank_score_below_floor,,0,2026-06-30-live-b616357c,1,2026-06-30 22:51:25,a4f2c79,,,True
2026-06-30,MA,veto:rank_score_below_floor,,0,2026-06-30-live-b616357c,1,2026-06-30 22:51:25,a4f2c79,,,True
2026-06-30,MCHP,not_selected,0.07097447264874385,0,2026-06-30-live-b616357c,1,2026-06-30 22:51:25,a4f2c79,,,True
2026-06-30,MMM,veto:rank_score_below_floor,,0,2026-06-30-live-b616357c,1,2026-06-30 22:51:25,a4f2c79,,,True
2026-06-30,MO,veto:rank_score_below_floor,,0,2026-06-30-live-b616357c,1,2026-06-30 22:51:25,a4f2c79,,,True
2026-06-30,MRK,veto:rank_score_below_floor,,0,2026-06-30-live-b616357c,1,2026-06-30 22:51:25,a4f2c79,,,True
2026-06-30,MS,veto:rank_score_below_floor,,0,2026-06-30-live-b616357c,1,2026-06-30 22:51:25,a4f2c79,,,True
2026-06-30,MSFT,veto:rank_score_below_floor,,0,2026-06-30-live-b616357c,1,2026-06-30 22:51:25,a4f2c79,,,True
2026-06-30,NEM,veto:rank_score_below_floor,,0,2026-06-30-live-b616357c,1,2026-06-30 22:51:25,a4f2c79,,,True
2026-06-30,NFLX,veto:rank_score_below_floor,,0,2026-06-30-live-b616357c,1,2026-06-30 22:51:25,a4f2c79,,,True
2026-06-30,NVDA,veto:rank_score_below_floor,,0,2026-06-30-live-b616357c,1,2026-06-30 22:51:25,a4f2c79,,,True
2026-06-30,OXY,not_selected,0.07097447264874385,0,2026-06-30-live-b616357c,1,2026-06-30 22:51:25,a4f2c79,,,True
2026-06-30,PG,veto:rank_score_below_floor,,0,2026-06-30-live-b616357c,1,2026-06-30 22:51:25,a4f2c79,,,True
2026-06-30,PH,veto:rank_score_below_floor,,0,2026-06-30-live-b616357c,1,2026-06-30 22:51:25,a4f2c79,,,True
2026-06-30,PM,not_selected,0.07097447264874385,0,2026-06-30-live-b616357c,1,2026-06-30 22:51:25,a4f2c79,,,True
2026-06-30,PNC,veto:rank_score_below_floor,,0,2026-06-30-live-b616357c,1,2026-06-30 22:51:25,a4f2c79,,,True
2026-06-30,PYPL,veto:rank_score_below_floor,,0,2026-06-30-live-b616357c,1,2026-06-30 22:51:25,a4f2c79,,,True
2026-06-30,ROST,veto:rank_score_below_floor,,0,2026-06-30-live-b616357c,1,2026-06-30 22:51:25,a4f2c79,,,True
2026-06-30,RTX,veto:rank_score_below_floor,,0,2026-06-30-live-b616357c,1,2026-06-30 22:51:25,a4f2c79,,,True
2026-06-30,SCHW,veto:rank_score_below_floor,,0,2026-06-30-live-b616357c,1,2026-06-30 22:51:25,a4f2c79,,,True
2026-06-30,SO,veto:rank_score_below_floor,,0,2026-06-30-live-b616357c,1,2026-06-30 22:51:25,a4f2c79,,,True
2026-06-30,SPG,veto:rank_score_below_floor,,0,2026-06-30-live-b616357c,1,2026-06-30 22:51:25,a4f2c79,,,True
2026-06-30,SPOT,veto:rank_score_below_floor,,0,2026-06-30-live-b616357c,1,2026-06-30 22:51:25,a4f2c79,,,True
2026-06-30,SPY,veto:rank_score_below_floor,,0,2026-06-30-live-b616357c,1,2026-06-30 22:51:25,a4f2c79,,,True
2026-06-30,TJX,veto:rank_score_below_floor,,0,2026-06-30-live-b616357c,1,2026-06-30 22:51:25,a4f2c79,,,True
2026-06-30,TMO,veto:rank_score_below_floor,,0,2026-06-30-live-b616357c,1,2026-06-30 22:51:25,a4f2c79,,,True
2026-06-30,TSLA,veto:rank_score_below_floor,,0,2026-06-30-live-b616357c,1,2026-06-30 22:51:25,a4f2c79,,,True
2026-06-30,TSM,veto:rank_score_below_floor,,0,2026-06-30-live-b616357c,1,2026-06-30 22:51:25,a4f2c79,,,True
2026-06-30,UNH,veto:rank_score_below_floor,,0,2026-06-30-live-b616357c,1,2026-06-30 22:51:25,a4f2c79,,,True
2026-06-30,UNP,veto:rank_score_below_floor,,0,2026-06-30-live-b616357c,1,2026-06-30 22:51:25,a4f2c79,,,True
2026-06-30,V,veto:rank_score_below_floor,,0,2026-06-30-live-b616357c,1,2026-06-30 22:51:25,a4f2c79,,,True
2026-06-30,WELL,veto:rank_score_below_floor,,0,2026-06-30-live-b616357c,1,2026-06-30 22:51:25,a4f2c79,,,True
2026-06-30,WFC,not_selected,0.07097447264874385,0,2026-06-30-live-b616357c,1,2026-06-30 22:51:25,a4f2c79,,,True
2026-06-30,WMB,veto:rank_score_below_floor,,0,2026-06-30-live-b616357c,1,2026-06-30 22:51:25,a4f2c79,,,True
2026-06-30,WMT,veto:rank_score_below_floor,,0,2026-06-30-live-b616357c,1,2026-06-30 22:51:25,a4f2c79,,,True
2026-06-30,XLE,veto:rank_score_below_floor,,0,2026-06-30-live-b616357c,1,2026-06-30 22:51:25,a4f2c79,,,True
2026-06-30,XLF,veto:rank_score_below_floor,,0,2026-06-30-live-b616357c,1,2026-06-30 22:51:25,a4f2c79,,,True
2026-06-30,XLI,veto:rank_score_below_floor,,0,2026-06-30-live-b616357c,1,2026-06-30 22:51:25,a4f2c79,,,True
2026-06-30,XLK,veto:rank_score_below_floor,,0,2026-06-30-live-b616357c,1,2026-06-30 22:51:25,a4f2c79,,,True
2026-06-30,XLU,veto:rank_score_below_floor,,0,2026-06-30-live-b616357c,1,2026-06-30 22:51:25,a4f2c79,,,True
2026-06-30,XLY,veto:rank_score_below_floor,,0,2026-06-30-live-b616357c,1,2026-06-30 22:51:25,a4f2c79,,,True
2026-06-30,ZM,not_selected,0.07097447264874385,0,2026-06-30-live-b616357c,1,2026-06-30 22:51:25,a4f2c79,,,True
2026-07-01,AAPL,veto:rank_score_below_floor,,0,2026-07-01-live-01c54b39,1,2026-07-01 22:13:39,a4f2c79,,,True
2026-07-01,ABBV,veto:rank_score_below_floor,,0,2026-07-01-live-01c54b39,1,2026-07-01 22:13:39,a4f2c79,,,True
2026-07-01,ADI,veto:rank_score_below_floor,,0,2026-07-01-live-01c54b39,1,2026-07-01 22:13:39,a4f2c79,,,True
2026-07-01,AEP,veto:rank_score_below_floor,,0,2026-07-01-live-01c54b39,1,2026-07-01 22:13:39,a4f2c79,,,True
2026-07-01,APH,veto:rank_score_below_floor,,0,2026-07-01-live-01c54b39,1,2026-07-01 22:13:39,a4f2c79,,,True
2026-07-01,ASML,veto:rank_score_below_floor,,0,2026-07-01-live-01c54b39,1,2026-07-01 22:13:39,a4f2c79,,,True
2026-07-01,ATI,veto:rank_score_below_floor,,0,2026-07-01-live-01c54b39,1,2026-07-01 22:13:39,a4f2c79,,,True
2026-07-01,AVGO,not_selected,0.07290887182865932,0,2026-07-01-live-01c54b39,1,2026-07-01 22:13:39,a4f2c79,,,True
2026-07-01,AXP,veto:rank_score_below_floor,,0,2026-07-01-live-01c54b39,1,2026-07-01 22:13:39,a4f2c79,,,True
2026-07-01,BA,veto:rank_score_below_floor,,0,2026-07-01-live-01c54b39,1,2026-07-01 22:13:39,a4f2c79,,,True
2026-07-01,BAC,not_selected,0.07290887182865932,0,2026-07-01-live-01c54b39,1,2026-07-01 22:13:39,a4f2c79,,,True
2026-07-01,BLK,size_insufficient_cash,0.07290887182865932,0,2026-07-01-live-01c54b39,1,2026-07-01 22:13:39,a4f2c79,,,True
2026-07-01,BWXT,veto:rank_score_below_floor,,0,2026-07-01-live-01c54b39,1,2026-07-01 22:13:39,a4f2c79,,,True
2026-07-01,C,veto:rank_score_below_floor,,0,2026-07-01-live-01c54b39,1,2026-07-01 22:13:39,a4f2c79,,,True
2026-07-01,CAT,veto:rank_score_below_floor,,0,2026-07-01-live-01c54b39,1,2026-07-01 22:13:39,a4f2c79,,,True
2026-07-01,CMG,veto:rank_score_below_floor,,0,2026-07-01-live-01c54b39,1,2026-07-01 22:13:39,a4f2c79,,,True
2026-07-01,CRM,veto:rank_score_below_floor,,0,2026-07-01-live-01c54b39,1,2026-07-01 22:13:39,a4f2c79,,,True
2026-07-01,CVS,not_selected,0.07290887182865932,0,2026-07-01-live-01c54b39,1,2026-07-01 22:13:39,a4f2c79,,,True
2026-07-01,D,veto:rank_score_below_floor,,0,2026-07-01-live-01c54b39,1,2026-07-01 22:13:39,a4f2c79,,,True
2026-07-01,DE,veto:rank_score_below_floor,,0,2026-07-01-live-01c54b39,1,2026-07-01 22:13:39,a4f2c79,,,True
2026-07-01,DLR,veto:rank_score_below_floor,,0,2026-07-01-live-01c54b39,1,2026-07-01 22:13:39,a4f2c79,,,True
2026-07-01,DUK,veto:rank_score_below_floor,,0,2026-07-01-live-01c54b39,1,2026-07-01 22:13:39,a4f2c79,,,True
2026-07-01,EME,not_selected,0.07290887182865932,0,2026-07-01-live-01c54b39,1,2026-07-01 22:13:39,a4f2c79,,,True
2026-07-01,EMR,veto:rank_score_below_floor,,0,2026-07-01-live-01c54b39,1,2026-07-01 22:13:39,a4f2c79,,,True
2026-07-01,EOG,not_selected,0.07290887182865932,0,2026-07-01-live-01c54b39,1,2026-07-01 22:13:39,a4f2c79,,,True
2026-07-01,ETN,veto:rank_score_below_floor,,0,2026-07-01-live-01c54b39,1,2026-07-01 22:13:39,a4f2c79,,,True
2026-07-01,FDX,veto:rank_score_below_floor,,0,2026-07-01-live-01c54b39,1,2026-07-01 22:13:39,a4f2c79,,,True
2026-07-01,FTNT,correlation,0.07290887182865932,0,2026-07-01-live-01c54b39,1,2026-07-01 22:13:39,a4f2c79,,,True
2026-07-01,GLD,veto:rank_score_below_floor,,0,2026-07-01-live-01c54b39,1,2026-07-01 22:13:39,a4f2c79,,,True
2026-07-01,GM,veto:rank_score_below_floor,,0,2026-07-01-live-01c54b39,1,2026-07-01 22:13:39,a4f2c79,,,True
2026-07-01,GOOG,veto:rank_score_below_floor,,0,2026-07-01-live-01c54b39,1,2026-07-01 22:13:39,a4f2c79,,,True
2026-07-01,GRMN,not_selected,0.07290887182865932,0,2026-07-01-live-01c54b39,1,2026-07-01 22:13:39,a4f2c79,,,True
2026-07-01,GS,not_selected,0.07290887182865932,0,2026-07-01-live-01c54b39,1,2026-07-01 22:13:39,a4f2c79,,,True
2026-07-01,HLT,veto:rank_score_below_floor,,0,2026-07-01-live-01c54b39,1,2026-07-01 22:13:39,a4f2c79,,,True
2026-07-01,IBM,veto:rank_score_below_floor,,0,2026-07-01-live-01c54b39,1,2026-07-01 22:13:39,a4f2c79,,,True
2026-07-01,JNJ,veto:rank_score_below_floor,,0,2026-07-01-live-01c54b39,1,2026-07-01 22:13:39,a4f2c79,,,True
2026-07-01,JPM,veto:rank_score_below_floor,,0,2026-07-01-live-01c54b39,1,2026-07-01 22:13:39,a4f2c79,,,True
2026-07-01,KMI,veto:rank_score_below_floor,,0,2026-07-01-live-01c54b39,1,2026-07-01 22:13:39,a4f2c79,,,True
2026-07-01,KO,veto:rank_score_below_floor,,0,2026-07-01-live-01c54b39,1,2026-07-01 22:13:39,a4f2c79,,,True
2026-07-01,LHX,veto:rank_score_below_floor,,0,2026-07-01-live-01c54b39,1,2026-07-01 22:13:39,a4f2c79,,,True
2026-07-01,LLY,veto:rank_score_below_floor,,0,2026-07-01-live-01c54b39,1,2026-07-01 22:13:39,a4f2c79,,,True
2026-07-01,LMT,veto:rank_score_below_floor,,0,2026-07-01-live-01c54b39,1,2026-07-01 22:13:39,a4f2c79,,,True
2026-07-01,MA,veto:rank_score_below_floor,,0,2026-07-01-live-01c54b39,1,2026-07-01 22:13:39,a4f2c79,,,True
2026-07-01,MCHP,not_selected,0.07290887182865932,0,2026-07-01-live-01c54b39,1,2026-07-01 22:13:39,a4f2c79,,,True
2026-07-01,MMM,veto:rank_score_below_floor,,0,2026-07-01-live-01c54b39,1,2026-07-01 22:13:39,a4f2c79,,,True
2026-07-01,MO,veto:rank_score_below_floor,,0,2026-07-01-live-01c54b39,1,2026-07-01 22:13:39,a4f2c79,,,True
2026-07-01,MRK,veto:rank_score_below_floor,,0,2026-07-01-live-01c54b39,1,2026-07-01 22:13:39,a4f2c79,,,True
2026-07-01,MS,veto:rank_score_below_floor,,0,2026-07-01-live-01c54b39,1,2026-07-01 22:13:39,a4f2c79,,,True
2026-07-01,MSFT,veto:rank_score_below_floor,,0,2026-07-01-live-01c54b39,1,2026-07-01 22:13:39,a4f2c79,,,True
2026-07-01,NEM,veto:rank_score_below_floor,,0,2026-07-01-live-01c54b39,1,2026-07-01 22:13:39,a4f2c79,,,True
2026-07-01,NFLX,veto:rank_score_below_floor,,0,2026-07-01-live-01c54b39,1,2026-07-01 22:13:39,a4f2c79,,,True
2026-07-01,NVDA,veto:rank_score_below_floor,,0,2026-07-01-live-01c54b39,1,2026-07-01 22:13:39,a4f2c79,,,True
2026-07-01,OXY,broker_pending_submitted,0.07290887182865932,0,2026-07-01-live-01c54b39,1,2026-07-01 22:13:39,a4f2c79,,,True
2026-07-01,PG,veto:rank_score_below_floor,,0,2026-07-01-live-01c54b39,1,2026-07-01 22:13:39,a4f2c79,,,True
2026-07-01,PH,veto:rank_score_below_floor,,0,2026-07-01-live-01c54b39,1,2026-07-01 22:13:39,a4f2c79,,,True
2026-07-01,PM,not_selected,0.07290887182865932,0,2026-07-01-live-01c54b39,1,2026-07-01 22:13:39,a4f2c79,,,True
2026-07-01,PNC,veto:rank_score_below_floor,,0,2026-07-01-live-01c54b39,1,2026-07-01 22:13:39,a4f2c79,,,True
2026-07-01,PYPL,veto:rank_score_below_floor,,0,2026-07-01-live-01c54b39,1,2026-07-01 22:13:39,a4f2c79,,,True
2026-07-01,ROST,veto:rank_score_below_floor,,0,2026-07-01-live-01c54b39,1,2026-07-01 22:13:39,a4f2c79,,,True
2026-07-01,RTX,veto:rank_score_below_floor,,0,2026-07-01-live-01c54b39,1,2026-07-01 22:13:39,a4f2c79,,,True
2026-07-01,SCHW,veto:rank_score_below_floor,,0,2026-07-01-live-01c54b39,1,2026-07-01 22:13:39,a4f2c79,,,True
2026-07-01,SO,veto:rank_score_below_floor,,0,2026-07-01-live-01c54b39,1,2026-07-01 22:13:39,a4f2c79,,,True
2026-07-01,SPG,veto:rank_score_below_floor,,0,2026-07-01-live-01c54b39,1,2026-07-01 22:13:39,a4f2c79,,,True
2026-07-01,SPOT,veto:rank_score_below_floor,,0,2026-07-01-live-01c54b39,1,2026-07-01 22:13:39,a4f2c79,,,True
2026-07-01,SPY,veto:rank_score_below_floor,,0,2026-07-01-live-01c54b39,1,2026-07-01 22:13:39,a4f2c79,,,True
2026-07-01,TJX,veto:rank_score_below_floor,,0,2026-07-01-live-01c54b39,1,2026-07-01 22:13:39,a4f2c79,,,True
2026-07-01,TMO,veto:rank_score_below_floor,,0,2026-07-01-live-01c54b39,1,2026-07-01 22:13:39,a4f2c79,,,True
2026-07-01,TSLA,veto:rank_score_below_floor,,0,2026-07-01-live-01c54b39,1,2026-07-01 22:13:39,a4f2c79,,,True
2026-07-01,TSM,veto:rank_score_below_floor,,0,2026-07-01-live-01c54b39,1,2026-07-01 22:13:39,a4f2c79,,,True
2026-07-01,UNH,veto:rank_score_below_floor,,0,2026-07-01-live-01c54b39,1,2026-07-01 22:13:39,a4f2c79,,,True
2026-07-01,UNP,veto:rank_score_below_floor,,0,2026-07-01-live-01c54b39,1,2026-07-01 22:13:39,a4f2c79,,,True
2026-07-01,V,veto:rank_score_below_floor,,0,2026-07-01-live-01c54b39,1,2026-07-01 22:13:39,a4f2c79,,,True
2026-07-01,WELL,veto:rank_score_below_floor,,0,2026-07-01-live-01c54b39,1,2026-07-01 22:13:39,a4f2c79,,,True
2026-07-01,WFC,not_selected,0.07290887182865932,0,2026-07-01-live-01c54b39,1,2026-07-01 22:13:39,a4f2c79,,,True
2026-07-01,WMB,veto:rank_score_below_floor,,0,2026-07-01-live-01c54b39,1,2026-07-01 22:13:39,a4f2c79,,,True
2026-07-01,WMT,veto:rank_score_below_floor,,0,2026-07-01-live-01c54b39,1,2026-07-01 22:13:39,a4f2c79,,,True
2026-07-01,XLE,veto:rank_score_below_floor,,0,2026-07-01-live-01c54b39,1,2026-07-01 22:13:39,a4f2c79,,,True
2026-07-01,XLF,veto:rank_score_below_floor,,0,2026-07-01-live-01c54b39,1,2026-07-01 22:13:39,a4f2c79,,,True
2026-07-01,XLI,veto:rank_score_below_floor,,0,2026-07-01-live-01c54b39,1,2026-07-01 22:13:39,a4f2c79,,,True
2026-07-01,XLK,veto:rank_score_below_floor,,0,2026-07-01-live-01c54b39,1,2026-07-01 22:13:39,a4f2c79,,,True
2026-07-01,XLU,veto:rank_score_below_floor,,0,2026-07-01-live-01c54b39,1,2026-07-01 22:13:39,a4f2c79,,,True
2026-07-01,XLY,veto:rank_score_below_floor,,0,2026-07-01-live-01c54b39,1,2026-07-01 22:13:39,a4f2c79,,,True
2026-07-01,ZM,not_selected,0.07290887182865932,0,2026-07-01-live-01c54b39,1,2026-07-01 22:13:39,a4f2c79,,,True
2026-07-02,AAPL,veto:rank_score_below_floor,,0,2026-07-02-live-85496d1c,1,2026-07-02 21:07:27,a4f2c79,,,True
2026-07-02,ABBV,not_selected,0.07359247504468312,0,2026-07-02-live-85496d1c,1,2026-07-02 21:07:27,a4f2c79,,,True
2026-07-02,ADI,veto:rank_score_below_floor,,0,2026-07-02-live-85496d1c,1,2026-07-02 21:07:27,a4f2c79,,,True
2026-07-02,AEP,veto:rank_score_below_floor,,0,2026-07-02-live-85496d1c,1,2026-07-02 21:07:27,a4f2c79,,,True
2026-07-02,APH,veto:rank_score_below_floor,,0,2026-07-02-live-85496d1c,1,2026-07-02 21:07:27,a4f2c79,,,True
2026-07-02,ATI,veto:rank_score_below_floor,,0,2026-07-02-live-85496d1c,1,2026-07-02 21:07:27,a4f2c79,,,True
2026-07-02,AVGO,size_insufficient_cash,0.07359247504468312,0,2026-07-02-live-85496d1c,1,2026-07-02 21:07:27,a4f2c79,,,True
2026-07-02,AXP,veto:rank_score_below_floor,,0,2026-07-02-live-85496d1c,1,2026-07-02 21:07:27,a4f2c79,,,True
2026-07-02,BA,veto:rank_score_below_floor,,0,2026-07-02-live-85496d1c,1,2026-07-02 21:07:27,a4f2c79,,,True
2026-07-02,BAC,not_selected,0.07359247504468312,0,2026-07-02-live-85496d1c,1,2026-07-02 21:07:27,a4f2c79,,,True
2026-07-02,BLK,size_insufficient_cash,0.07359247504468312,0,2026-07-02-live-85496d1c,1,2026-07-02 21:07:27,a4f2c79,,,True
2026-07-02,BWXT,veto:rank_score_below_floor,,0,2026-07-02-live-85496d1c,1,2026-07-02 21:07:27,a4f2c79,,,True
2026-07-02,C,veto:rank_score_below_floor,,0,2026-07-02-live-85496d1c,1,2026-07-02 21:07:27,a4f2c79,,,True
2026-07-02,CAT,veto:rank_score_below_floor,,0,2026-07-02-live-85496d1c,1,2026-07-02 21:07:27,a4f2c79,,,True
2026-07-02,CMG,veto:rank_score_below_floor,,0,2026-07-02-live-85496d1c,1,2026-07-02 21:07:27,a4f2c79,,,True
2026-07-02,CRM,veto:rank_score_below_floor,,0,2026-07-02-live-85496d1c,1,2026-07-02 21:07:27,a4f2c79,,,True
2026-07-02,CVS,veto:rank_score_below_floor,,0,2026-07-02-live-85496d1c,1,2026-07-02 21:07:27,a4f2c79,,,True
2026-07-02,D,not_selected,0.07359247504468312,0,2026-07-02-live-85496d1c,1,2026-07-02 21:07:27,a4f2c79,,,True
2026-07-02,DE,veto:rank_score_below_floor,,0,2026-07-02-live-85496d1c,1,2026-07-02 21:07:27,a4f2c79,,,True
2026-07-02,DLR,veto:rank_score_below_floor,,0,2026-07-02-live-85496d1c,1,2026-07-02 21:07:27,a4f2c79,,,True
2026-07-02,DUK,veto:rank_score_below_floor,,0,2026-07-02-live-85496d1c,1,2026-07-02 21:07:27,a4f2c79,,,True
2026-07-02,EME,not_selected,0.07359247504468312,0,2026-07-02-live-85496d1c,1,2026-07-02 21:07:27,a4f2c79,,,True
2026-07-02,EMR,veto:rank_score_below_floor,,0,2026-07-02-live-85496d1c,1,2026-07-02 21:07:27,a4f2c79,,,True
2026-07-02,EOG,not_selected,0.07359247504468312,0,2026-07-02-live-85496d1c,1,2026-07-02 21:07:27,a4f2c79,,,True
2026-07-02,ETN,not_selected,0.07359247504468312,0,2026-07-02-live-85496d1c,1,2026-07-02 21:07:27,a4f2c79,,,True
2026-07-02,FDX,veto:rank_score_below_floor,,0,2026-07-02-live-85496d1c,1,2026-07-02 21:07:27,a4f2c79,,,True
2026-07-02,FTNT,correlation,0.07359247504468312,0,2026-07-02-live-85496d1c,1,2026-07-02 21:07:27,a4f2c79,,,True
2026-07-02,GLD,veto:rank_score_below_floor,,0,2026-07-02-live-85496d1c,1,2026-07-02 21:07:27,a4f2c79,,,True
2026-07-02,GM,veto:rank_score_below_floor,,0,2026-07-02-live-85496d1c,1,2026-07-02 21:07:27,a4f2c79,,,True
2026-07-02,GOOG,veto:rank_score_below_floor,,0,2026-07-02-live-85496d1c,1,2026-07-02 21:07:27,a4f2c79,,,True
2026-07-02,GRMN,broker_pending_submitted,0.07359247504468312,0,2026-07-02-live-85496d1c,1,2026-07-02 21:07:27,a4f2c79,,,True
2026-07-02,GS,not_selected,0.07359247504468312,0,2026-07-02-live-85496d1c,1,2026-07-02 21:07:27,a4f2c79,,,True
2026-07-02,HLT,veto:rank_score_below_floor,,0,2026-07-02-live-85496d1c,1,2026-07-02 21:07:27,a4f2c79,,,True
2026-07-02,IBM,veto:rank_score_below_floor,,0,2026-07-02-live-85496d1c,1,2026-07-02 21:07:27,a4f2c79,,,True
2026-07-02,JNJ,veto:rank_score_below_floor,,0,2026-07-02-live-85496d1c,1,2026-07-02 21:07:27,a4f2c79,,,True
2026-07-02,JPM,not_selected,0.07359247504468312,0,2026-07-02-live-85496d1c,1,2026-07-02 21:07:27,a4f2c79,,,True
2026-07-02,KMI,veto:rank_score_below_floor,,0,2026-07-02-live-85496d1c,1,2026-07-02 21:07:27,a4f2c79,,,True
2026-07-02,KO,veto:rank_score_below_floor,,0,2026-07-02-live-85496d1c,1,2026-07-02 21:07:27,a4f2c79,,,True
2026-07-02,LHX,veto:rank_score_below_floor,,0,2026-07-02-live-85496d1c,1,2026-07-02 21:07:27,a4f2c79,,,True
2026-07-02,LLY,veto:rank_score_below_floor,,0,2026-07-02-live-85496d1c,1,2026-07-02 21:07:27,a4f2c79,,,True
2026-07-02,LMT,veto:rank_score_below_floor,,0,2026-07-02-live-85496d1c,1,2026-07-02 21:07:27,a4f2c79,,,True
2026-07-02,MA,veto:rank_score_below_floor,,0,2026-07-02-live-85496d1c,1,2026-07-02 21:07:27,a4f2c79,,,True
2026-07-02,MCHP,not_selected,0.07359247504468312,0,2026-07-02-live-85496d1c,1,2026-07-02 21:07:27,a4f2c79,,,True
2026-07-02,META,veto:rank_score_below_floor,,0,2026-07-02-live-85496d1c,1,2026-07-02 21:07:27,a4f2c79,,,True
2026-07-02,MMM,veto:rank_score_below_floor,,0,2026-07-02-live-85496d1c,1,2026-07-02 21:07:27,a4f2c79,,,True
2026-07-02,MO,veto:rank_score_below_floor,,0,2026-07-02-live-85496d1c,1,2026-07-02 21:07:27,a4f2c79,,,True
2026-07-02,MRK,veto:rank_score_below_floor,,0,2026-07-02-live-85496d1c,1,2026-07-02 21:07:27,a4f2c79,,,True
2026-07-02,MS,not_selected,0.07359247504468312,0,2026-07-02-live-85496d1c,1,2026-07-02 21:07:27,a4f2c79,,,True
2026-07-02,MSFT,veto:rank_score_below_floor,,0,2026-07-02-live-85496d1c,1,2026-07-02 21:07:27,a4f2c79,,,True
2026-07-02,NEM,veto:rank_score_below_floor,,0,2026-07-02-live-85496d1c,1,2026-07-02 21:07:27,a4f2c79,,,True
2026-07-02,NFLX,veto:rank_score_below_floor,,0,2026-07-02-live-85496d1c,1,2026-07-02 21:07:27,a4f2c79,,,True
2026-07-02,NVDA,veto:rank_score_below_floor,,0,2026-07-02-live-85496d1c,1,2026-07-02 21:07:27,a4f2c79,,,True
2026-07-02,OXY,not_selected,0.07359247504468312,0,2026-07-02-live-85496d1c,1,2026-07-02 21:07:27,a4f2c79,,,True
2026-07-02,PG,veto:rank_score_below_floor,,0,2026-07-02-live-85496d1c,1,2026-07-02 21:07:27,a4f2c79,,,True
2026-07-02,PH,veto:rank_score_below_floor,,0,2026-07-02-live-85496d1c,1,2026-07-02 21:07:27,a4f2c79,,,True
2026-07-02,PM,veto:rank_score_below_floor,,0,2026-07-02-live-85496d1c,1,2026-07-02 21:07:27,a4f2c79,,,True
2026-07-02,PNC,veto:rank_score_below_floor,,0,2026-07-02-live-85496d1c,1,2026-07-02 21:07:27,a4f2c79,,,True
2026-07-02,PYPL,veto:rank_score_below_floor,,0,2026-07-02-live-85496d1c,1,2026-07-02 21:07:27,a4f2c79,,,True
2026-07-02,ROST,veto:rank_score_below_floor,,0,2026-07-02-live-85496d1c,1,2026-07-02 21:07:27,a4f2c79,,,True
2026-07-02,RTX,veto:rank_score_below_floor,,0,2026-07-02-live-85496d1c,1,2026-07-02 21:07:27,a4f2c79,,,True
2026-07-02,SCHW,veto:rank_score_below_floor,,0,2026-07-02-live-85496d1c,1,2026-07-02 21:07:27,a4f2c79,,,True
2026-07-02,SO,veto:rank_score_below_floor,,0,2026-07-02-live-85496d1c,1,2026-07-02 21:07:27,a4f2c79,,,True
2026-07-02,SPG,veto:rank_score_below_floor,,0,2026-07-02-live-85496d1c,1,2026-07-02 21:07:27,a4f2c79,,,True
2026-07-02,SPOT,veto:rank_score_below_floor,,0,2026-07-02-live-85496d1c,1,2026-07-02 21:07:27,a4f2c79,,,True
2026-07-02,SPY,veto:rank_score_below_floor,,0,2026-07-02-live-85496d1c,1,2026-07-02 21:07:27,a4f2c79,,,True
2026-07-02,TJX,veto:rank_score_below_floor,,0,2026-07-02-live-85496d1c,1,2026-07-02 21:07:27,a4f2c79,,,True
2026-07-02,TMO,veto:rank_score_below_floor,,0,2026-07-02-live-85496d1c,1,2026-07-02 21:07:27,a4f2c79,,,True
2026-07-02,TSLA,veto:rank_score_below_floor,,0,2026-07-02-live-85496d1c,1,2026-07-02 21:07:27,a4f2c79,,,True
2026-07-02,TSM,veto:rank_score_below_floor,,0,2026-07-02-live-85496d1c,1,2026-07-02 21:07:27,a4f2c79,,,True
2026-07-02,UNH,veto:rank_score_below_floor,,0,2026-07-02-live-85496d1c,1,2026-07-02 21:07:27,a4f2c79,,,True
2026-07-02,UNP,veto:rank_score_below_floor,,0,2026-07-02-live-85496d1c,1,2026-07-02 21:07:27,a4f2c79,,,True
2026-07-02,V,veto:rank_score_below_floor,,0,2026-07-02-live-85496d1c,1,2026-07-02 21:07:27,a4f2c79,,,True
2026-07-02,WELL,veto:rank_score_below_floor,,0,2026-07-02-live-85496d1c,1,2026-07-02 21:07:27,a4f2c79,,,True
2026-07-02,WFC,not_selected,0.07359247504468312,0,2026-07-02-live-85496d1c,1,2026-07-02 21:07:27,a4f2c79,,,True
2026-07-02,WMB,veto:rank_score_below_floor,,0,2026-07-02-live-85496d1c,1,2026-07-02 21:07:27,a4f2c79,,,True
2026-07-02,WMT,veto:rank_score_below_floor,,0,2026-07-02-live-85496d1c,1,2026-07-02 21:07:27,a4f2c79,,,True
2026-07-02,XLE,veto:rank_score_below_floor,,0,2026-07-02-live-85496d1c,1,2026-07-02 21:07:27,a4f2c79,,,True
2026-07-02,XLF,veto:rank_score_below_floor,,0,2026-07-02-live-85496d1c,1,2026-07-02 21:07:27,a4f2c79,,,True
2026-07-02,XLI,veto:rank_score_below_floor,,0,2026-07-02-live-85496d1c,1,2026-07-02 21:07:27,a4f2c79,,,True
2026-07-02,XLK,veto:rank_score_below_floor,,0,2026-07-02-live-85496d1c,1,2026-07-02 21:07:27,a4f2c79,,,True
2026-07-02,XLU,veto:rank_score_below_floor,,0,2026-07-02-live-85496d1c,1,2026-07-02 21:07:27,a4f2c79,,,True
2026-07-02,XLY,veto:rank_score_below_floor,,0,2026-07-02-live-85496d1c,1,2026-07-02 21:07:27,a4f2c79,,,True
2026-07-02,ZM,not_selected,0.07359247504468312,0,2026-07-02-live-85496d1c,1,2026-07-02 21:07:27,a4f2c79,,,True
2026-07-06,AAPL,veto:rank_score_below_floor,,0,2026-07-06-live-ebb9c2ca,1,2026-07-07 00:23:34,82bf17c,,,True
2026-07-06,ADI,veto:rank_score_below_floor,,0,2026-07-06-live-ebb9c2ca,1,2026-07-07 00:23:34,82bf17c,,,True
2026-07-06,ANET,veto:rank_score_below_floor,,0,2026-07-06-live-ebb9c2ca,1,2026-07-07 00:23:34,82bf17c,,,True
2026-07-06,ASML,conviction:mu_below_floor,,0,2026-07-06-live-ebb9c2ca,1,2026-07-07 00:23:34,82bf17c,,,True
2026-07-06,AVGO,broker_pending_submitted,0.07309827789743113,0,2026-07-06-live-ebb9c2ca,1,2026-07-07 00:23:34,82bf17c,,,True
2026-07-06,CAT,not_selected,0.07309827789743113,0,2026-07-06-live-ebb9c2ca,1,2026-07-07 00:23:34,82bf17c,,,True
2026-07-06,CMG,veto:rank_score_below_floor,,0,2026-07-06-live-ebb9c2ca,1,2026-07-07 00:23:34,82bf17c,,,True
2026-07-06,CRM,not_selected,0.07309827789743113,0,2026-07-06-live-ebb9c2ca,1,2026-07-07 00:23:34,82bf17c,,,True
2026-07-06,CVS,veto:rank_score_below_floor,,0,2026-07-06-live-ebb9c2ca,1,2026-07-07 00:23:34,82bf17c,,,True
2026-07-06,DUK,veto:rank_score_below_floor,,0,2026-07-06-live-ebb9c2ca,1,2026-07-07 00:23:34,82bf17c,,,True
2026-07-06,GLD,veto:rank_score_below_floor,,0,2026-07-06-live-ebb9c2ca,1,2026-07-07 00:23:34,82bf17c,,,True
2026-07-06,GM,veto:rank_score_below_floor,,0,2026-07-06-live-ebb9c2ca,1,2026-07-07 00:23:34,82bf17c,,,True
2026-07-06,GS,veto:rank_score_below_floor,,0,2026-07-06-live-ebb9c2ca,1,2026-07-07 00:23:34,82bf17c,,,True
2026-07-06,JPM,veto:rank_score_below_floor,,0,2026-07-06-live-ebb9c2ca,1,2026-07-07 00:23:34,82bf17c,,,True
2026-07-06,LHX,veto:rank_score_below_floor,,0,2026-07-06-live-ebb9c2ca,1,2026-07-07 00:23:34,82bf17c,,,True
2026-07-06,LLY,veto:rank_score_below_floor,,0,2026-07-06-live-ebb9c2ca,1,2026-07-07 00:23:34,82bf17c,,,True
2026-07-06,LMT,veto:rank_score_below_floor,,0,2026-07-06-live-ebb9c2ca,1,2026-07-07 00:23:34,82bf17c,,,True
2026-07-06,MA,veto:rank_score_below_floor,,0,2026-07-06-live-ebb9c2ca,1,2026-07-07 00:23:34,82bf17c,,,True
2026-07-06,MCHP,broker_pending_submitted,0.07309827789743113,0,2026-07-06-live-ebb9c2ca,1,2026-07-07 00:23:34,82bf17c,,,True
2026-07-06,META,veto:rank_score_below_floor,,0,2026-07-06-live-ebb9c2ca,1,2026-07-07 00:23:34,82bf17c,,,True
2026-07-06,MO,veto:rank_score_below_floor,,0,2026-07-06-live-ebb9c2ca,1,2026-07-07 00:23:34,82bf17c,,,True
2026-07-06,MRK,veto:rank_score_below_floor,,0,2026-07-06-live-ebb9c2ca,1,2026-07-07 00:23:34,82bf17c,,,True
2026-07-06,NFLX,not_selected,0.07309827789743113,0,2026-07-06-live-ebb9c2ca,1,2026-07-07 00:23:34,82bf17c,,,True
2026-07-06,NVDA,veto:rank_score_below_floor,,0,2026-07-06-live-ebb9c2ca,1,2026-07-07 00:23:34,82bf17c,,,True
2026-07-06,OXY,veto:rank_score_below_floor,,0,2026-07-06-live-ebb9c2ca,1,2026-07-07 00:23:34,82bf17c,,,True
2026-07-06,PG,veto:rank_score_below_floor,,0,2026-07-06-live-ebb9c2ca,1,2026-07-07 00:23:34,82bf17c,,,True
2026-07-06,PNC,veto:rank_score_below_floor,,0,2026-07-06-live-ebb9c2ca,1,2026-07-07 00:23:34,82bf17c,,,True
2026-07-06,SPG,veto:rank_score_below_floor,,0,2026-07-06-live-ebb9c2ca,1,2026-07-07 00:23:34,82bf17c,,,True
2026-07-06,SPOT,veto:rank_score_below_floor,,0,2026-07-06-live-ebb9c2ca,1,2026-07-07 00:23:34,82bf17c,,,True
2026-07-06,TSLA,veto:rank_score_below_floor,,0,2026-07-06-live-ebb9c2ca,1,2026-07-07 00:23:34,82bf17c,,,True
2026-07-06,TSM,veto:rank_score_below_floor,,0,2026-07-06-live-ebb9c2ca,1,2026-07-07 00:23:34,82bf17c,,,True
2026-07-06,UNP,veto:rank_score_below_floor,,0,2026-07-06-live-ebb9c2ca,1,2026-07-07 00:23:34,82bf17c,,,True
2026-07-06,XLE,veto:rank_score_below_floor,,0,2026-07-06-live-ebb9c2ca,1,2026-07-07 00:23:34,82bf17c,,,True
2026-07-06,XLU,veto:rank_score_below_floor,,0,2026-07-06-live-ebb9c2ca,1,2026-07-07 00:23:34,82bf17c,,,True
2026-07-06,ZM,not_selected,0.07309827789743113,0,2026-07-06-live-ebb9c2ca,1,2026-07-07 00:23:34,82bf17c,,,True
2026-07-07,AAPL,veto:rank_score_below_floor,,0,2026-07-07-live-dc2a3247,1,2026-07-07 21:36:23,82bf17c,,,True
2026-07-07,ADI,veto:rank_score_below_floor,,0,2026-07-07-live-dc2a3247,1,2026-07-07 21:36:23,82bf17c,,,True
2026-07-07,ASML,conviction:mu_below_floor,,0,2026-07-07-live-dc2a3247,1,2026-07-07 21:36:23,82bf17c,,,True
2026-07-07,CAT,not_selected,0.07316015922830167,0,2026-07-07-live-dc2a3247,1,2026-07-07 21:36:23,82bf17c,,,True
2026-07-07,CMG,veto:rank_score_below_floor,,0,2026-07-07-live-dc2a3247,1,2026-07-07 21:36:23,82bf17c,,,True
2026-07-07,CRM,conviction:mu_below_floor,,0,2026-07-07-live-dc2a3247,1,2026-07-07 21:36:23,82bf17c,,,True
2026-07-07,CVS,veto:rank_score_below_floor,,0,2026-07-07-live-dc2a3247,1,2026-07-07 21:36:23,82bf17c,,,True
2026-07-07,DUK,veto:rank_score_below_floor,,0,2026-07-07-live-dc2a3247,1,2026-07-07 21:36:23,82bf17c,,,True
2026-07-07,GLD,veto:rank_score_below_floor,,0,2026-07-07-live-dc2a3247,1,2026-07-07 21:36:23,82bf17c,,,True
2026-07-07,GM,veto:rank_score_below_floor,,0,2026-07-07-live-dc2a3247,1,2026-07-07 21:36:23,82bf17c,,,True
2026-07-07,GS,veto:rank_score_below_floor,,0,2026-07-07-live-dc2a3247,1,2026-07-07 21:36:23,82bf17c,,,True
2026-07-07,JPM,veto:rank_score_below_floor,,0,2026-07-07-live-dc2a3247,1,2026-07-07 21:36:23,82bf17c,,,True
2026-07-07,LHX,veto:rank_score_below_floor,,0,2026-07-07-live-dc2a3247,1,2026-07-07 21:36:23,82bf17c,,,True
2026-07-07,LLY,veto:rank_score_below_floor,,0,2026-07-07-live-dc2a3247,1,2026-07-07 21:36:23,82bf17c,,,True
2026-07-07,LMT,veto:rank_score_below_floor,,0,2026-07-07-live-dc2a3247,1,2026-07-07 21:36:23,82bf17c,,,True
2026-07-07,MA,veto:rank_score_below_floor,,0,2026-07-07-live-dc2a3247,1,2026-07-07 21:36:23,82bf17c,,,True
2026-07-07,META,veto:rank_score_below_floor,,0,2026-07-07-live-dc2a3247,1,2026-07-07 21:36:23,82bf17c,,,True
2026-07-07,MO,veto:rank_score_below_floor,,0,2026-07-07-live-dc2a3247,1,2026-07-07 21:36:23,82bf17c,,,True
2026-07-07,MRK,veto:rank_score_below_floor,,0,2026-07-07-live-dc2a3247,1,2026-07-07 21:36:23,82bf17c,,,True
2026-07-07,NFLX,not_selected,0.07316015922830167,0,2026-07-07-live-dc2a3247,1,2026-07-07 21:36:23,82bf17c,,,True
2026-07-07,NVDA,veto:rank_score_below_floor,,0,2026-07-07-live-dc2a3247,1,2026-07-07 21:36:23,82bf17c,,,True
2026-07-07,OXY,veto:rank_score_below_floor,,0,2026-07-07-live-dc2a3247,1,2026-07-07 21:36:23,82bf17c,,,True
2026-07-07,PG,veto:rank_score_below_floor,,0,2026-07-07-live-dc2a3247,1,2026-07-07 21:36:23,82bf17c,,,True
2026-07-07,PNC,veto:rank_score_below_floor,,0,2026-07-07-live-dc2a3247,1,2026-07-07 21:36:23,82bf17c,,,True
2026-07-07,SOFI,veto:rank_score_below_floor,,0,2026-07-07-live-dc2a3247,1,2026-07-07 21:36:23,82bf17c,,,True
2026-07-07,SPG,veto:rank_score_below_floor,,0,2026-07-07-live-dc2a3247,1,2026-07-07 21:36:23,82bf17c,,,True
2026-07-07,SPOT,veto:rank_score_below_floor,,0,2026-07-07-live-dc2a3247,1,2026-07-07 21:36:23,82bf17c,,,True
2026-07-07,TSLA,veto:rank_score_below_floor,,0,2026-07-07-live-dc2a3247,1,2026-07-07 21:36:23,82bf17c,,,True
2026-07-07,TSM,veto:rank_score_below_floor,,0,2026-07-07-live-dc2a3247,1,2026-07-07 21:36:23,82bf17c,,,True
2026-07-07,UNP,veto:rank_score_below_floor,,0,2026-07-07-live-dc2a3247,1,2026-07-07 21:36:23,82bf17c,,,True
2026-07-07,XLE,veto:rank_score_below_floor,,0,2026-07-07-live-dc2a3247,1,2026-07-07 21:36:23,82bf17c,,,True
2026-07-07,XLU,veto:rank_score_below_floor,,0,2026-07-07-live-dc2a3247,1,2026-07-07 21:36:23,82bf17c,,,True
2026-07-07,ZM,broker_pending_submitted,0.07316015922830167,0,2026-07-07-live-dc2a3247,1,2026-07-07 21:36:23,82bf17c,,,True
2026-07-10,AAPL,veto:rank_score_below_floor,,0,2026-07-10-live-6f9d5284,1,2026-07-10 21:07:33,8e4151a,,,True
2026-07-10,ABBV,veto:rank_score_below_floor,,0,2026-07-10-live-6f9d5284,1,2026-07-10 21:07:33,8e4151a,,,True
2026-07-10,ADI,veto:rank_score_below_floor,,0,2026-07-10-live-6f9d5284,1,2026-07-10 21:07:33,8e4151a,,,True
2026-07-10,AEP,veto:rank_score_below_floor,,0,2026-07-10-live-6f9d5284,1,2026-07-10 21:07:33,8e4151a,,,True
2026-07-10,AFRM,conviction:mu_below_floor,,0,2026-07-10-live-6f9d5284,1,2026-07-10 21:07:33,8e4151a,,,True
2026-07-10,AMZN,veto:rank_score_below_floor,,0,2026-07-10-live-6f9d5284,1,2026-07-10 21:07:33,8e4151a,,,True
2026-07-10,APH,broker_pending_submitted,0.06512927930651183,0,2026-07-10-live-6f9d5284,1,2026-07-10 21:07:33,8e4151a,,,True
2026-07-10,ASML,conviction:mu_below_floor,,0,2026-07-10-live-6f9d5284,1,2026-07-10 21:07:33,8e4151a,,,True
2026-07-10,ATI,conviction:mu_below_floor,,0,2026-07-10-live-6f9d5284,1,2026-07-10 21:07:33,8e4151a,,,True
2026-07-10,AXP,veto:rank_score_below_floor,,0,2026-07-10-live-6f9d5284,1,2026-07-10 21:07:33,8e4151a,,,True
2026-07-10,BA,veto:rank_score_below_floor,,0,2026-07-10-live-6f9d5284,1,2026-07-10 21:07:33,8e4151a,,,True
2026-07-10,BAC,veto:rank_score_below_floor,,0,2026-07-10-live-6f9d5284,1,2026-07-10 21:07:33,8e4151a,,,True
2026-07-10,BLK,veto:rank_score_below_floor,,0,2026-07-10-live-6f9d5284,1,2026-07-10 21:07:33,8e4151a,,,True
2026-07-10,BMY,veto:rank_score_below_floor,,0,2026-07-10-live-6f9d5284,1,2026-07-10 21:07:33,8e4151a,,,True
2026-07-10,BWXT,conviction:mu_below_floor,,0,2026-07-10-live-6f9d5284,1,2026-07-10 21:07:33,8e4151a,,,True
2026-07-10,C,veto:rank_score_below_floor,,0,2026-07-10-live-6f9d5284,1,2026-07-10 21:07:33,8e4151a,,,True
2026-07-10,CAT,conviction:mu_below_floor,,0,2026-07-10-live-6f9d5284,1,2026-07-10 21:07:33,8e4151a,,,True
2026-07-10,CME,conviction:mu_below_floor,,0,2026-07-10-live-6f9d5284,1,2026-07-10 21:07:33,8e4151a,,,True
2026-07-10,CMG,veto:rank_score_below_floor,,0,2026-07-10-live-6f9d5284,1,2026-07-10 21:07:33,8e4151a,,,True
2026-07-10,CRM,conviction:mu_below_floor,,0,2026-07-10-live-6f9d5284,1,2026-07-10 21:07:33,8e4151a,,,True
2026-07-10,CVS,conviction:mu_below_floor,,0,2026-07-10-live-6f9d5284,1,2026-07-10 21:07:33,8e4151a,,,True
2026-07-10,D,veto:rank_score_below_floor,,0,2026-07-10-live-6f9d5284,1,2026-07-10 21:07:33,8e4151a,,,True
2026-07-10,DE,veto:rank_score_below_floor,,0,2026-07-10-live-6f9d5284,1,2026-07-10 21:07:33,8e4151a,,,True
2026-07-10,DLR,veto:rank_score_below_floor,,0,2026-07-10-live-6f9d5284,1,2026-07-10 21:07:33,8e4151a,,,True
2026-07-10,DUK,veto:rank_score_below_floor,,0,2026-07-10-live-6f9d5284,1,2026-07-10 21:07:33,8e4151a,,,True
2026-07-10,EME,size_insufficient_cash,0.06512927930651183,0,2026-07-10-live-6f9d5284,1,2026-07-10 21:07:33,8e4151a,,,True
2026-07-10,EMR,veto:rank_score_below_floor,,0,2026-07-10-live-6f9d5284,1,2026-07-10 21:07:33,8e4151a,,,True
2026-07-10,ETN,veto:rank_score_below_floor,,0,2026-07-10-live-6f9d5284,1,2026-07-10 21:07:33,8e4151a,,,True
2026-07-10,FDX,veto:rank_score_below_floor,,0,2026-07-10-live-6f9d5284,1,2026-07-10 21:07:33,8e4151a,,,True
2026-07-10,FTNT,broker_pending_submitted,0.06512927930651183,0,2026-07-10-live-6f9d5284,1,2026-07-10 21:07:33,8e4151a,,,True
2026-07-10,GLD,veto:rank_score_below_floor,,0,2026-07-10-live-6f9d5284,1,2026-07-10 21:07:33,8e4151a,,,True
2026-07-10,GM,veto:rank_score_below_floor,,0,2026-07-10-live-6f9d5284,1,2026-07-10 21:07:33,8e4151a,,,True
2026-07-10,GOOG,veto:rank_score_below_floor,,0,2026-07-10-live-6f9d5284,1,2026-07-10 21:07:33,8e4151a,,,True
2026-07-10,GS,veto:rank_score_below_floor,,0,2026-07-10-live-6f9d5284,1,2026-07-10 21:07:33,8e4151a,,,True
2026-07-10,HD,veto:rank_score_below_floor,,0,2026-07-10-live-6f9d5284,1,2026-07-10 21:07:33,8e4151a,,,True
2026-07-10,HLT,veto:rank_score_below_floor,,0,2026-07-10-live-6f9d5284,1,2026-07-10 21:07:33,8e4151a,,,True
2026-07-10,IBM,conviction:mu_below_floor,,0,2026-07-10-live-6f9d5284,1,2026-07-10 21:07:33,8e4151a,,,True
2026-07-10,JNJ,veto:rank_score_below_floor,,0,2026-07-10-live-6f9d5284,1,2026-07-10 21:07:33,8e4151a,,,True
2026-07-10,JPM,veto:rank_score_below_floor,,0,2026-07-10-live-6f9d5284,1,2026-07-10 21:07:33,8e4151a,,,True
2026-07-10,KO,veto:rank_score_below_floor,,0,2026-07-10-live-6f9d5284,1,2026-07-10 21:07:33,8e4151a,,,True
2026-07-10,LHX,veto:rank_score_below_floor,,0,2026-07-10-live-6f9d5284,1,2026-07-10 21:07:33,8e4151a,,,True
2026-07-10,LLY,conviction:mu_below_floor,,0,2026-07-10-live-6f9d5284,1,2026-07-10 21:07:33,8e4151a,,,True
2026-07-10,LMT,veto:rank_score_below_floor,,0,2026-07-10-live-6f9d5284,1,2026-07-10 21:07:33,8e4151a,,,True
2026-07-10,MA,veto:rank_score_below_floor,,0,2026-07-10-live-6f9d5284,1,2026-07-10 21:07:33,8e4151a,,,True
2026-07-10,MCD,veto:rank_score_below_floor,,0,2026-07-10-live-6f9d5284,1,2026-07-10 21:07:33,8e4151a,,,True
2026-07-10,META,veto:rank_score_below_floor,,0,2026-07-10-live-6f9d5284,1,2026-07-10 21:07:33,8e4151a,,,True
2026-07-10,MMM,veto:rank_score_below_floor,,0,2026-07-10-live-6f9d5284,1,2026-07-10 21:07:33,8e4151a,,,True
2026-07-10,MO,veto:rank_score_below_floor,,0,2026-07-10-live-6f9d5284,1,2026-07-10 21:07:33,8e4151a,,,True
2026-07-10,MRK,veto:rank_score_below_floor,,0,2026-07-10-live-6f9d5284,1,2026-07-10 21:07:33,8e4151a,,,True
2026-07-10,MS,veto:rank_score_below_floor,,0,2026-07-10-live-6f9d5284,1,2026-07-10 21:07:33,8e4151a,,,True
2026-07-10,MSFT,veto:rank_score_below_floor,,0,2026-07-10-live-6f9d5284,1,2026-07-10 21:07:33,8e4151a,,,True
2026-07-10,NEM,veto:rank_score_below_floor,,0,2026-07-10-live-6f9d5284,1,2026-07-10 21:07:33,8e4151a,,,True
2026-07-10,NFLX,broker_pending_submitted,0.06512927930651183,0,2026-07-10-live-6f9d5284,1,2026-07-10 21:07:33,8e4151a,,,True
2026-07-10,NVDA,veto:rank_score_below_floor,,0,2026-07-10-live-6f9d5284,1,2026-07-10 21:07:33,8e4151a,,,True
2026-07-10,OXY,veto:rank_score_below_floor,,0,2026-07-10-live-6f9d5284,1,2026-07-10 21:07:33,8e4151a,,,True
2026-07-10,PANW,correlation,0.06512927930651183,0,2026-07-10-live-6f9d5284,1,2026-07-10 21:07:33,8e4151a,,,True
2026-07-10,PG,veto:rank_score_below_floor,,0,2026-07-10-live-6f9d5284,1,2026-07-10 21:07:33,8e4151a,,,True
2026-07-10,PH,veto:rank_score_below_floor,,0,2026-07-10-live-6f9d5284,1,2026-07-10 21:07:33,8e4151a,,,True
2026-07-10,PM,veto:rank_score_below_floor,,0,2026-07-10-live-6f9d5284,1,2026-07-10 21:07:33,8e4151a,,,True
2026-07-10,PNC,veto:rank_score_below_floor,,0,2026-07-10-live-6f9d5284,1,2026-07-10 21:07:33,8e4151a,,,True
2026-07-10,PYPL,veto:rank_score_below_floor,,0,2026-07-10-live-6f9d5284,1,2026-07-10 21:07:33,8e4151a,,,True
2026-07-10,ROST,veto:rank_score_below_floor,,0,2026-07-10-live-6f9d5284,1,2026-07-10 21:07:33,8e4151a,,,True
2026-07-10,RTX,veto:rank_score_below_floor,,0,2026-07-10-live-6f9d5284,1,2026-07-10 21:07:33,8e4151a,,,True
2026-07-10,SCHW,conviction:mu_below_floor,,0,2026-07-10-live-6f9d5284,1,2026-07-10 21:07:33,8e4151a,,,True
2026-07-10,SOFI,veto:rank_score_below_floor,,0,2026-07-10-live-6f9d5284,1,2026-07-10 21:07:33,8e4151a,,,True
2026-07-10,SPG,veto:rank_score_below_floor,,0,2026-07-10-live-6f9d5284,1,2026-07-10 21:07:33,8e4151a,,,True
2026-07-10,SPOT,veto:rank_score_below_floor,,0,2026-07-10-live-6f9d5284,1,2026-07-10 21:07:33,8e4151a,,,True
2026-07-10,TJX,veto:rank_score_below_floor,,0,2026-07-10-live-6f9d5284,1,2026-07-10 21:07:33,8e4151a,,,True
2026-07-10,TMO,veto:rank_score_below_floor,,0,2026-07-10-live-6f9d5284,1,2026-07-10 21:07:33,8e4151a,,,True
2026-07-10,TSLA,veto:rank_score_below_floor,,0,2026-07-10-live-6f9d5284,1,2026-07-10 21:07:33,8e4151a,,,True
2026-07-10,TSM,veto:rank_score_below_floor,,0,2026-07-10-live-6f9d5284,1,2026-07-10 21:07:33,8e4151a,,,True
2026-07-10,UNH,veto:rank_score_below_floor,,0,2026-07-10-live-6f9d5284,1,2026-07-10 21:07:33,8e4151a,,,True
2026-07-10,UNP,veto:rank_score_below_floor,,0,2026-07-10-live-6f9d5284,1,2026-07-10 21:07:33,8e4151a,,,True
2026-07-10,V,veto:rank_score_below_floor,,0,2026-07-10-live-6f9d5284,1,2026-07-10 21:07:33,8e4151a,,,True
2026-07-10,VTR,veto:rank_score_below_floor,,0,2026-07-10-live-6f9d5284,1,2026-07-10 21:07:33,8e4151a,,,True
2026-07-10,WELL,veto:rank_score_below_floor,,0,2026-07-10-live-6f9d5284,1,2026-07-10 21:07:33,8e4151a,,,True
2026-07-10,WFC,veto:rank_score_below_floor,,0,2026-07-10-live-6f9d5284,1,2026-07-10 21:07:33,8e4151a,,,True
2026-07-10,WMB,veto:rank_score_below_floor,,0,2026-07-10-live-6f9d5284,1,2026-07-10 21:07:33,8e4151a,,,True
2026-07-10,WMT,veto:rank_score_below_floor,,0,2026-07-10-live-6f9d5284,1,2026-07-10 21:07:33,8e4151a,,,True
2026-07-10,XLF,veto:rank_score_below_floor,,0,2026-07-10-live-6f9d5284,1,2026-07-10 21:07:33,8e4151a,,,True
2026-07-10,XLI,veto:rank_score_below_floor,,0,2026-07-10-live-6f9d5284,1,2026-07-10 21:07:33,8e4151a,,,True
2026-07-10,XLK,not_selected,0.06512927930651183,0,2026-07-10-live-6f9d5284,1,2026-07-10 21:07:33,8e4151a,,,True
2026-07-10,XLU,veto:rank_score_below_floor,,0,2026-07-10-live-6f9d5284,1,2026-07-10 21:07:33,8e4151a,,,True
2026-07-10,XLY,veto:rank_score_below_floor,,0,2026-07-10-live-6f9d5284,1,2026-07-10 21:07:33,8e4151a,,,True
2026-07-10,ZM,broker_pending_submitted,0.06512927930651183,0,2026-07-10-live-6f9d5284,1,2026-07-10 21:07:33,8e4151a,,,True
2026-07-13,AAPL,veto:rank_score_below_floor,,0,2026-07-13-live-d250791e,1,2026-07-13 22:42:45,1c59a96,,,True
2026-07-13,ABBV,veto:rank_score_below_floor,,0,2026-07-13-live-d250791e,1,2026-07-13 22:42:45,1c59a96,,,True
2026-07-13,ADI,veto:rank_score_below_floor,,0,2026-07-13-live-d250791e,1,2026-07-13 22:42:45,1c59a96,,,True
2026-07-13,AEP,veto:rank_score_below_floor,,0,2026-07-13-live-d250791e,1,2026-07-13 22:42:45,1c59a96,,,True
2026-07-13,AFRM,conviction:mu_below_floor,,0,2026-07-13-live-d250791e,1,2026-07-13 22:42:45,1c59a96,,,True
2026-07-13,AMZN,veto:rank_score_below_floor,,0,2026-07-13-live-d250791e,1,2026-07-13 22:42:45,1c59a96,,,True
2026-07-13,APH,broker_pending_submitted,0.06694309662889436,0,2026-07-13-live-d250791e,1,2026-07-13 22:42:45,1c59a96,,,True
2026-07-13,ATI,conviction:mu_below_floor,,0,2026-07-13-live-d250791e,1,2026-07-13 22:42:45,1c59a96,,,True
2026-07-13,AXP,veto:rank_score_below_floor,,0,2026-07-13-live-d250791e,1,2026-07-13 22:42:45,1c59a96,,,True
2026-07-13,BA,veto:rank_score_below_floor,,0,2026-07-13-live-d250791e,1,2026-07-13 22:42:45,1c59a96,,,True
2026-07-13,BAC,veto:rank_score_below_floor,,0,2026-07-13-live-d250791e,1,2026-07-13 22:42:45,1c59a96,,,True
2026-07-13,BWXT,size_insufficient_cash,0.06694309662889436,0,2026-07-13-live-d250791e,1,2026-07-13 22:42:45,1c59a96,,,True
2026-07-13,C,veto:rank_score_below_floor,,0,2026-07-13-live-d250791e,1,2026-07-13 22:42:45,1c59a96,,,True
2026-07-13,CAT,conviction:mu_below_floor,,0,2026-07-13-live-d250791e,1,2026-07-13 22:42:45,1c59a96,,,True
2026-07-13,CME,not_selected,0.06694309662889436,0,2026-07-13-live-d250791e,1,2026-07-13 22:42:45,1c59a96,,,True
2026-07-13,CMG,veto:rank_score_below_floor,,0,2026-07-13-live-d250791e,1,2026-07-13 22:42:45,1c59a96,,,True
2026-07-13,CRM,conviction:mu_below_floor,,0,2026-07-13-live-d250791e,1,2026-07-13 22:42:45,1c59a96,,,True
2026-07-13,CVS,conviction:mu_below_floor,,0,2026-07-13-live-d250791e,1,2026-07-13 22:42:45,1c59a96,,,True
2026-07-13,CVX,conviction:mu_below_floor,,0,2026-07-13-live-d250791e,1,2026-07-13 22:42:45,1c59a96,,,True
2026-07-13,D,veto:rank_score_below_floor,,0,2026-07-13-live-d250791e,1,2026-07-13 22:42:45,1c59a96,,,True
2026-07-13,DE,veto:rank_score_below_floor,,0,2026-07-13-live-d250791e,1,2026-07-13 22:42:45,1c59a96,,,True
2026-07-13,DLR,veto:rank_score_below_floor,,0,2026-07-13-live-d250791e,1,2026-07-13 22:42:45,1c59a96,,,True
2026-07-13,DUK,veto:rank_score_below_floor,,0,2026-07-13-live-d250791e,1,2026-07-13 22:42:45,1c59a96,,,True
2026-07-13,EME,size_insufficient_cash,0.06694309662889436,0,2026-07-13-live-d250791e,1,2026-07-13 22:42:45,1c59a96,,,True
2026-07-13,EMR,veto:rank_score_below_floor,,0,2026-07-13-live-d250791e,1,2026-07-13 22:42:45,1c59a96,,,True
2026-07-13,ETN,veto:rank_score_below_floor,,0,2026-07-13-live-d250791e,1,2026-07-13 22:42:45,1c59a96,,,True
2026-07-13,FDX,veto:rank_score_below_floor,,0,2026-07-13-live-d250791e,1,2026-07-13 22:42:45,1c59a96,,,True
2026-07-13,FTNT,broker_pending_submitted,0.06694309662889436,0,2026-07-13-live-d250791e,1,2026-07-13 22:42:45,1c59a96,,,True
2026-07-13,GILD,veto:rank_score_below_floor,,0,2026-07-13-live-d250791e,1,2026-07-13 22:42:45,1c59a96,,,True
2026-07-13,GLD,conviction:mu_below_floor,,0,2026-07-13-live-d250791e,1,2026-07-13 22:42:45,1c59a96,,,True
2026-07-13,GM,veto:rank_score_below_floor,,0,2026-07-13-live-d250791e,1,2026-07-13 22:42:45,1c59a96,,,True
2026-07-13,GOOG,veto:rank_score_below_floor,,0,2026-07-13-live-d250791e,1,2026-07-13 22:42:45,1c59a96,,,True
2026-07-13,HD,veto:rank_score_below_floor,,0,2026-07-13-live-d250791e,1,2026-07-13 22:42:45,1c59a96,,,True
2026-07-13,HLT,veto:rank_score_below_floor,,0,2026-07-13-live-d250791e,1,2026-07-13 22:42:45,1c59a96,,,True
2026-07-13,HON,veto:rank_score_below_floor,,0,2026-07-13-live-d250791e,1,2026-07-13 22:42:45,1c59a96,,,True
2026-07-13,IBM,conviction:mu_below_floor,,0,2026-07-13-live-d250791e,1,2026-07-13 22:42:45,1c59a96,,,True
2026-07-13,KMI,veto:rank_score_below_floor,,0,2026-07-13-live-d250791e,1,2026-07-13 22:42:45,1c59a96,,,True
2026-07-13,KO,veto:rank_score_below_floor,,0,2026-07-13-live-d250791e,1,2026-07-13 22:42:45,1c59a96,,,True
2026-07-13,LHX,veto:rank_score_below_floor,,0,2026-07-13-live-d250791e,1,2026-07-13 22:42:45,1c59a96,,,True
2026-07-13,LLY,conviction:mu_below_floor,,0,2026-07-13-live-d250791e,1,2026-07-13 22:42:45,1c59a96,,,True
2026-07-13,LMT,veto:rank_score_below_floor,,0,2026-07-13-live-d250791e,1,2026-07-13 22:42:45,1c59a96,,,True
2026-07-13,MA,veto:rank_score_below_floor,,0,2026-07-13-live-d250791e,1,2026-07-13 22:42:45,1c59a96,,,True
2026-07-13,META,veto:rank_score_below_floor,,0,2026-07-13-live-d250791e,1,2026-07-13 22:42:45,1c59a96,,,True
2026-07-13,MMM,veto:rank_score_below_floor,,0,2026-07-13-live-d250791e,1,2026-07-13 22:42:45,1c59a96,,,True
2026-07-13,MO,veto:rank_score_below_floor,,0,2026-07-13-live-d250791e,1,2026-07-13 22:42:45,1c59a96,,,True
2026-07-13,MRK,veto:rank_score_below_floor,,0,2026-07-13-live-d250791e,1,2026-07-13 22:42:45,1c59a96,,,True
2026-07-13,MS,veto:rank_score_below_floor,,0,2026-07-13-live-d250791e,1,2026-07-13 22:42:45,1c59a96,,,True
2026-07-13,MSFT,veto:rank_score_below_floor,,0,2026-07-13-live-d250791e,1,2026-07-13 22:42:45,1c59a96,,,True
2026-07-13,NEM,veto:rank_score_below_floor,,0,2026-07-13-live-d250791e,1,2026-07-13 22:42:45,1c59a96,,,True
2026-07-13,NVDA,veto:rank_score_below_floor,,0,2026-07-13-live-d250791e,1,2026-07-13 22:42:45,1c59a96,,,True
2026-07-13,OXY,veto:rank_score_below_floor,,0,2026-07-13-live-d250791e,1,2026-07-13 22:42:45,1c59a96,,,True
2026-07-13,PANW,correlation,0.06694309662889436,0,2026-07-13-live-d250791e,1,2026-07-13 22:42:45,1c59a96,,,True
2026-07-13,PG,veto:rank_score_below_floor,,0,2026-07-13-live-d250791e,1,2026-07-13 22:42:45,1c59a96,,,True
2026-07-13,PH,veto:rank_score_below_floor,,0,2026-07-13-live-d250791e,1,2026-07-13 22:42:45,1c59a96,,,True
2026-07-13,PM,veto:rank_score_below_floor,,0,2026-07-13-live-d250791e,1,2026-07-13 22:42:45,1c59a96,,,True
2026-07-13,PNC,veto:rank_score_below_floor,,0,2026-07-13-live-d250791e,1,2026-07-13 22:42:45,1c59a96,,,True
2026-07-13,PYPL,veto:rank_score_below_floor,,0,2026-07-13-live-d250791e,1,2026-07-13 22:42:45,1c59a96,,,True
2026-07-13,ROST,veto:rank_score_below_floor,,0,2026-07-13-live-d250791e,1,2026-07-13 22:42:45,1c59a96,,,True
2026-07-13,RTX,veto:rank_score_below_floor,,0,2026-07-13-live-d250791e,1,2026-07-13 22:42:45,1c59a96,,,True
2026-07-13,SCHW,conviction:mu_below_floor,,0,2026-07-13-live-d250791e,1,2026-07-13 22:42:45,1c59a96,,,True
2026-07-13,SO,veto:rank_score_below_floor,,0,2026-07-13-live-d250791e,1,2026-07-13 22:42:45,1c59a96,,,True
2026-07-13,SOFI,veto:rank_score_below_floor,,0,2026-07-13-live-d250791e,1,2026-07-13 22:42:45,1c59a96,,,True
2026-07-13,SPG,veto:rank_score_below_floor,,0,2026-07-13-live-d250791e,1,2026-07-13 22:42:45,1c59a96,,,True
2026-07-13,SPOT,veto:rank_score_below_floor,,0,2026-07-13-live-d250791e,1,2026-07-13 22:42:45,1c59a96,,,True
2026-07-13,TJX,veto:rank_score_below_floor,,0,2026-07-13-live-d250791e,1,2026-07-13 22:42:45,1c59a96,,,True
2026-07-13,TMO,veto:rank_score_below_floor,,0,2026-07-13-live-d250791e,1,2026-07-13 22:42:45,1c59a96,,,True
2026-07-13,TSLA,veto:rank_score_below_floor,,0,2026-07-13-live-d250791e,1,2026-07-13 22:42:45,1c59a96,,,True
2026-07-13,UNH,veto:rank_score_below_floor,,0,2026-07-13-live-d250791e,1,2026-07-13 22:42:45,1c59a96,,,True
2026-07-13,UNP,veto:rank_score_below_floor,,0,2026-07-13-live-d250791e,1,2026-07-13 22:42:45,1c59a96,,,True
2026-07-13,V,veto:rank_score_below_floor,,0,2026-07-13-live-d250791e,1,2026-07-13 22:42:45,1c59a96,,,True
2026-07-13,VLO,veto:rank_score_below_floor,,0,2026-07-13-live-d250791e,1,2026-07-13 22:42:45,1c59a96,,,True
2026-07-13,WELL,veto:rank_score_below_floor,,0,2026-07-13-live-d250791e,1,2026-07-13 22:42:45,1c59a96,,,True
2026-07-13,WFC,veto:rank_score_below_floor,,0,2026-07-13-live-d250791e,1,2026-07-13 22:42:45,1c59a96,,,True
2026-07-13,WMB,veto:rank_score_below_floor,,0,2026-07-13-live-d250791e,1,2026-07-13 22:42:45,1c59a96,,,True
2026-07-13,WMT,veto:rank_score_below_floor,,0,2026-07-13-live-d250791e,1,2026-07-13 22:42:45,1c59a96,,,True
2026-07-13,XLF,veto:rank_score_below_floor,,0,2026-07-13-live-d250791e,1,2026-07-13 22:42:45,1c59a96,,,True
2026-07-13,XLI,veto:rank_score_below_floor,,0,2026-07-13-live-d250791e,1,2026-07-13 22:42:45,1c59a96,,,True
2026-07-13,XLK,conviction:mu_below_floor,,0,2026-07-13-live-d250791e,1,2026-07-13 22:42:45,1c59a96,,,True
2026-07-13,XLU,veto:rank_score_below_floor,,0,2026-07-13-live-d250791e,1,2026-07-13 22:42:45,1c59a96,,,True
2026-07-13,XLY,veto:rank_score_below_floor,,0,2026-07-13-live-d250791e,1,2026-07-13 22:42:45,1c59a96,,,True
2026-07-13,ZM,broker_pending_submitted,0.06694309662889436,0,2026-07-13-live-d250791e,1,2026-07-13 22:42:45,1c59a96,,,True
2026-07-16,ATI,veto:rank_score_below_floor,,0,2026-07-16-live-a24a8be1,1,2026-07-17 01:01:22,4aaaa95,2026-06-21,sha256:656b70be7dac0e61e4f6fae4f538cc33d6044b7e33f12cf6e3992d55996fbb46,True
2026-07-16,BWXT,veto:rank_score_below_floor,,0,2026-07-16-live-a24a8be1,1,2026-07-17 01:01:22,4aaaa95,2026-06-21,sha256:656b70be7dac0e61e4f6fae4f538cc33d6044b7e33f12cf6e3992d55996fbb46,True
2026-07-16,EME,veto:rank_score_below_floor,,0,2026-07-16-live-a24a8be1,1,2026-07-17 01:01:22,4aaaa95,2026-06-21,sha256:656b70be7dac0e61e4f6fae4f538cc33d6044b7e33f12cf6e3992d55996fbb46,True
2026-07-16,XLI,veto:rank_score_below_floor,,0,2026-07-16-live-a24a8be1,1,2026-07-17 01:01:22,4aaaa95,2026-06-21,sha256:656b70be7dac0e61e4f6fae4f538cc33d6044b7e33f12cf6e3992d55996fbb46,True
2026-07-16,XLY,veto:rank_score_below_floor,,0,2026-07-16-live-a24a8be1,1,2026-07-17 01:01:22,4aaaa95,2026-06-21,sha256:656b70be7dac0e61e4f6fae4f538cc33d6044b7e33f12cf6e3992d55996fbb46,True
2026-07-17,ATI,veto:rank_score_below_floor,,0,2026-07-17-live-41b03289,1,2026-07-17 21:34:14,17c4814,2026-06-21,sha256:656b70be7dac0e61e4f6fae4f538cc33d6044b7e33f12cf6e3992d55996fbb46,True
2026-07-17,BWXT,veto:rank_score_below_floor,,0,2026-07-17-live-41b03289,1,2026-07-17 21:34:14,17c4814,2026-06-21,sha256:656b70be7dac0e61e4f6fae4f538cc33d6044b7e33f12cf6e3992d55996fbb46,True
2026-07-17,EME,veto:rank_score_below_floor,,0,2026-07-17-live-41b03289,1,2026-07-17 21:34:14,17c4814,2026-06-21,sha256:656b70be7dac0e61e4f6fae4f538cc33d6044b7e33f12cf6e3992d55996fbb46,True
2026-07-17,XLI,veto:rank_score_below_floor,,0,2026-07-17-live-41b03289,1,2026-07-17 21:34:14,17c4814,2026-06-21,sha256:656b70be7dac0e61e4f6fae4f538cc33d6044b7e33f12cf6e3992d55996fbb46,True
2026-07-17,XLY,veto:rank_score_below_floor,,0,2026-07-17-live-41b03289,1,2026-07-17 21:34:14,17c4814,2026-06-21,sha256:656b70be7dac0e61e4f6fae4f538cc33d6044b7e33f12cf6e3992d55996fbb46,True
2026-07-20,AAPL,veto:rank_score_below_floor,,0,2026-07-20-live-54ea6604,1,2026-07-20 21:07:37,576ee30,2026-06-21,sha256:656b70be7dac0e61e4f6fae4f538cc33d6044b7e33f12cf6e3992d55996fbb46,True
2026-07-20,ABBV,veto:rank_score_below_floor,,0,2026-07-20-live-54ea6604,1,2026-07-20 21:07:37,576ee30,2026-06-21,sha256:656b70be7dac0e61e4f6fae4f538cc33d6044b7e33f12cf6e3992d55996fbb46,True
2026-07-20,ADI,veto:rank_score_below_floor,,0,2026-07-20-live-54ea6604,1,2026-07-20 21:07:37,576ee30,2026-06-21,sha256:656b70be7dac0e61e4f6fae4f538cc33d6044b7e33f12cf6e3992d55996fbb46,True
2026-07-20,AEP,veto:rank_score_below_floor,,0,2026-07-20-live-54ea6604,1,2026-07-20 21:07:37,576ee30,2026-06-21,sha256:656b70be7dac0e61e4f6fae4f538cc33d6044b7e33f12cf6e3992d55996fbb46,True
2026-07-20,AFRM,conviction:mu_below_floor,,0,2026-07-20-live-54ea6604,1,2026-07-20 21:07:37,576ee30,2026-06-21,sha256:656b70be7dac0e61e4f6fae4f538cc33d6044b7e33f12cf6e3992d55996fbb46,True
2026-07-20,AMZN,veto:rank_score_below_floor,,0,2026-07-20-live-54ea6604,1,2026-07-20 21:07:37,576ee30,2026-06-21,sha256:656b70be7dac0e61e4f6fae4f538cc33d6044b7e33f12cf6e3992d55996fbb46,True
2026-07-20,ASML,conviction:mu_below_floor,,0,2026-07-20-live-54ea6604,1,2026-07-20 21:07:37,576ee30,2026-06-21,sha256:656b70be7dac0e61e4f6fae4f538cc33d6044b7e33f12cf6e3992d55996fbb46,True
2026-07-20,ATI,conviction:mu_below_floor,,0,2026-07-20-live-54ea6604,1,2026-07-20 21:07:37,576ee30,2026-06-21,sha256:656b70be7dac0e61e4f6fae4f538cc33d6044b7e33f12cf6e3992d55996fbb46,True
2026-07-20,AXP,veto:rank_score_below_floor,,0,2026-07-20-live-54ea6604,1,2026-07-20 21:07:37,576ee30,2026-06-21,sha256:656b70be7dac0e61e4f6fae4f538cc33d6044b7e33f12cf6e3992d55996fbb46,True
2026-07-20,BA,veto:rank_score_below_floor,,0,2026-07-20-live-54ea6604,1,2026-07-20 21:07:37,576ee30,2026-06-21,sha256:656b70be7dac0e61e4f6fae4f538cc33d6044b7e33f12cf6e3992d55996fbb46,True
2026-07-20,BAC,veto:rank_score_below_floor,,0,2026-07-20-live-54ea6604,1,2026-07-20 21:07:37,576ee30,2026-06-21,sha256:656b70be7dac0e61e4f6fae4f538cc33d6044b7e33f12cf6e3992d55996fbb46,True
2026-07-20,BLK,veto:rank_score_below_floor,,0,2026-07-20-live-54ea6604,1,2026-07-20 21:07:37,576ee30,2026-06-21,sha256:656b70be7dac0e61e4f6fae4f538cc33d6044b7e33f12cf6e3992d55996fbb46,True
2026-07-20,BWXT,broker_pending_submitted,0.06064301234001497,0,2026-07-20-live-54ea6604,1,2026-07-20 21:07:37,576ee30,2026-06-21,sha256:656b70be7dac0e61e4f6fae4f538cc33d6044b7e33f12cf6e3992d55996fbb46,True
2026-07-20,C,veto:rank_score_below_floor,,0,2026-07-20-live-54ea6604,1,2026-07-20 21:07:37,576ee30,2026-06-21,sha256:656b70be7dac0e61e4f6fae4f538cc33d6044b7e33f12cf6e3992d55996fbb46,True
2026-07-20,CAT,veto:rank_score_below_floor,,0,2026-07-20-live-54ea6604,1,2026-07-20 21:07:37,576ee30,2026-06-21,sha256:656b70be7dac0e61e4f6fae4f538cc33d6044b7e33f12cf6e3992d55996fbb46,True
2026-07-20,CMG,veto:rank_score_below_floor,,0,2026-07-20-live-54ea6604,1,2026-07-20 21:07:37,576ee30,2026-06-21,sha256:656b70be7dac0e61e4f6fae4f538cc33d6044b7e33f12cf6e3992d55996fbb46,True
2026-07-20,CRM,veto:rank_score_below_floor,,0,2026-07-20-live-54ea6604,1,2026-07-20 21:07:37,576ee30,2026-06-21,sha256:656b70be7dac0e61e4f6fae4f538cc33d6044b7e33f12cf6e3992d55996fbb46,True
2026-07-20,CVS,conviction:mu_below_floor,,0,2026-07-20-live-54ea6604,1,2026-07-20 21:07:37,576ee30,2026-06-21,sha256:656b70be7dac0e61e4f6fae4f538cc33d6044b7e33f12cf6e3992d55996fbb46,True
2026-07-20,D,veto:rank_score_below_floor,,0,2026-07-20-live-54ea6604,1,2026-07-20 21:07:37,576ee30,2026-06-21,sha256:656b70be7dac0e61e4f6fae4f538cc33d6044b7e33f12cf6e3992d55996fbb46,True
2026-07-20,DE,veto:rank_score_below_floor,,0,2026-07-20-live-54ea6604,1,2026-07-20 21:07:37,576ee30,2026-06-21,sha256:656b70be7dac0e61e4f6fae4f538cc33d6044b7e33f12cf6e3992d55996fbb46,True
2026-07-20,DUK,veto:rank_score_below_floor,,0,2026-07-20-live-54ea6604,1,2026-07-20 21:07:37,576ee30,2026-06-21,sha256:656b70be7dac0e61e4f6fae4f538cc33d6044b7e33f12cf6e3992d55996fbb46,True
2026-07-20,EME,conviction:mu_below_floor,,0,2026-07-20-live-54ea6604,1,2026-07-20 21:07:37,576ee30,2026-06-21,sha256:656b70be7dac0e61e4f6fae4f538cc33d6044b7e33f12cf6e3992d55996fbb46,True
2026-07-20,EMR,veto:rank_score_below_floor,,0,2026-07-20-live-54ea6604,1,2026-07-20 21:07:37,576ee30,2026-06-21,sha256:656b70be7dac0e61e4f6fae4f538cc33d6044b7e33f12cf6e3992d55996fbb46,True
2026-07-20,EQIX,veto:rank_score_below_floor,,0,2026-07-20-live-54ea6604,1,2026-07-20 21:07:37,576ee30,2026-06-21,sha256:656b70be7dac0e61e4f6fae4f538cc33d6044b7e33f12cf6e3992d55996fbb46,True
2026-07-20,ETN,veto:rank_score_below_floor,,0,2026-07-20-live-54ea6604,1,2026-07-20 21:07:37,576ee30,2026-06-21,sha256:656b70be7dac0e61e4f6fae4f538cc33d6044b7e33f12cf6e3992d55996fbb46,True
2026-07-20,FDX,veto:rank_score_below_floor,,0,2026-07-20-live-54ea6604,1,2026-07-20 21:07:37,576ee30,2026-06-21,sha256:656b70be7dac0e61e4f6fae4f538cc33d6044b7e33f12cf6e3992d55996fbb46,True
2026-07-20,GE,conviction:mu_below_floor,,0,2026-07-20-live-54ea6604,1,2026-07-20 21:07:37,576ee30,2026-06-21,sha256:656b70be7dac0e61e4f6fae4f538cc33d6044b7e33f12cf6e3992d55996fbb46,True
2026-07-20,GILD,veto:rank_score_below_floor,,0,2026-07-20-live-54ea6604,1,2026-07-20 21:07:37,576ee30,2026-06-21,sha256:656b70be7dac0e61e4f6fae4f538cc33d6044b7e33f12cf6e3992d55996fbb46,True
2026-07-20,GLD,veto:rank_score_below_floor,,0,2026-07-20-live-54ea6604,1,2026-07-20 21:07:37,576ee30,2026-06-21,sha256:656b70be7dac0e61e4f6fae4f538cc33d6044b7e33f12cf6e3992d55996fbb46,True
2026-07-20,GM,veto:rank_score_below_floor,,0,2026-07-20-live-54ea6604,1,2026-07-20 21:07:37,576ee30,2026-06-21,sha256:656b70be7dac0e61e4f6fae4f538cc33d6044b7e33f12cf6e3992d55996fbb46,True
2026-07-20,GOOG,veto:rank_score_below_floor,,0,2026-07-20-live-54ea6604,1,2026-07-20 21:07:37,576ee30,2026-06-21,sha256:656b70be7dac0e61e4f6fae4f538cc33d6044b7e33f12cf6e3992d55996fbb46,True
2026-07-20,GRMN,conviction:mu_below_floor,,0,2026-07-20-live-54ea6604,1,2026-07-20 21:07:37,576ee30,2026-06-21,sha256:656b70be7dac0e61e4f6fae4f538cc33d6044b7e33f12cf6e3992d55996fbb46,True
2026-07-20,GS,veto:rank_score_below_floor,,0,2026-07-20-live-54ea6604,1,2026-07-20 21:07:37,576ee30,2026-06-21,sha256:656b70be7dac0e61e4f6fae4f538cc33d6044b7e33f12cf6e3992d55996fbb46,True
2026-07-20,HD,veto:rank_score_below_floor,,0,2026-07-20-live-54ea6604,1,2026-07-20 21:07:37,576ee30,2026-06-21,sha256:656b70be7dac0e61e4f6fae4f538cc33d6044b7e33f12cf6e3992d55996fbb46,True
2026-07-20,HLT,veto:rank_score_below_floor,,0,2026-07-20-live-54ea6604,1,2026-07-20 21:07:37,576ee30,2026-06-21,sha256:656b70be7dac0e61e4f6fae4f538cc33d6044b7e33f12cf6e3992d55996fbb46,True
2026-07-20,JNJ,veto:rank_score_below_floor,,0,2026-07-20-live-54ea6604,1,2026-07-20 21:07:37,576ee30,2026-06-21,sha256:656b70be7dac0e61e4f6fae4f538cc33d6044b7e33f12cf6e3992d55996fbb46,True
2026-07-20,JPM,veto:rank_score_below_floor,,0,2026-07-20-live-54ea6604,1,2026-07-20 21:07:37,576ee30,2026-06-21,sha256:656b70be7dac0e61e4f6fae4f538cc33d6044b7e33f12cf6e3992d55996fbb46,True
2026-07-20,KO,veto:rank_score_below_floor,,0,2026-07-20-live-54ea6604,1,2026-07-20 21:07:37,576ee30,2026-06-21,sha256:656b70be7dac0e61e4f6fae4f538cc33d6044b7e33f12cf6e3992d55996fbb46,True
2026-07-20,LHX,veto:rank_score_below_floor,,0,2026-07-20-live-54ea6604,1,2026-07-20 21:07:37,576ee30,2026-06-21,sha256:656b70be7dac0e61e4f6fae4f538cc33d6044b7e33f12cf6e3992d55996fbb46,True
2026-07-20,LLY,conviction:mu_below_floor,,0,2026-07-20-live-54ea6604,1,2026-07-20 21:07:37,576ee30,2026-06-21,sha256:656b70be7dac0e61e4f6fae4f538cc33d6044b7e33f12cf6e3992d55996fbb46,True
2026-07-20,MA,veto:rank_score_below_floor,,0,2026-07-20-live-54ea6604,1,2026-07-20 21:07:37,576ee30,2026-06-21,sha256:656b70be7dac0e61e4f6fae4f538cc33d6044b7e33f12cf6e3992d55996fbb46,True
2026-07-20,META,veto:rank_score_below_floor,,0,2026-07-20-live-54ea6604,1,2026-07-20 21:07:37,576ee30,2026-06-21,sha256:656b70be7dac0e61e4f6fae4f538cc33d6044b7e33f12cf6e3992d55996fbb46,True
2026-07-20,MMM,veto:rank_score_below_floor,,0,2026-07-20-live-54ea6604,1,2026-07-20 21:07:37,576ee30,2026-06-21,sha256:656b70be7dac0e61e4f6fae4f538cc33d6044b7e33f12cf6e3992d55996fbb46,True
2026-07-20,MO,conviction:mu_below_floor,,0,2026-07-20-live-54ea6604,1,2026-07-20 21:07:37,576ee30,2026-06-21,sha256:656b70be7dac0e61e4f6fae4f538cc33d6044b7e33f12cf6e3992d55996fbb46,True
2026-07-20,MRK,veto:rank_score_below_floor,,0,2026-07-20-live-54ea6604,1,2026-07-20 21:07:37,576ee30,2026-06-21,sha256:656b70be7dac0e61e4f6fae4f538cc33d6044b7e33f12cf6e3992d55996fbb46,True
2026-07-20,MS,veto:rank_score_below_floor,,0,2026-07-20-live-54ea6604,1,2026-07-20 21:07:37,576ee30,2026-06-21,sha256:656b70be7dac0e61e4f6fae4f538cc33d6044b7e33f12cf6e3992d55996fbb46,True
2026-07-20,MSFT,veto:rank_score_below_floor,,0,2026-07-20-live-54ea6604,1,2026-07-20 21:07:37,576ee30,2026-06-21,sha256:656b70be7dac0e61e4f6fae4f538cc33d6044b7e33f12cf6e3992d55996fbb46,True
2026-07-20,NEM,conviction:mu_below_floor,,0,2026-07-20-live-54ea6604,1,2026-07-20 21:07:37,576ee30,2026-06-21,sha256:656b70be7dac0e61e4f6fae4f538cc33d6044b7e33f12cf6e3992d55996fbb46,True
2026-07-20,NVDA,veto:rank_score_below_floor,,0,2026-07-20-live-54ea6604,1,2026-07-20 21:07:37,576ee30,2026-06-21,sha256:656b70be7dac0e61e4f6fae4f538cc33d6044b7e33f12cf6e3992d55996fbb46,True
2026-07-20,OXY,veto:rank_score_below_floor,,0,2026-07-20-live-54ea6604,1,2026-07-20 21:07:37,576ee30,2026-06-21,sha256:656b70be7dac0e61e4f6fae4f538cc33d6044b7e33f12cf6e3992d55996fbb46,True
2026-07-20,PANW,correlation,0.06064301234001497,0,2026-07-20-live-54ea6604,1,2026-07-20 21:07:37,576ee30,2026-06-21,sha256:656b70be7dac0e61e4f6fae4f538cc33d6044b7e33f12cf6e3992d55996fbb46,True
2026-07-20,PG,veto:rank_score_below_floor,,0,2026-07-20-live-54ea6604,1,2026-07-20 21:07:37,576ee30,2026-06-21,sha256:656b70be7dac0e61e4f6fae4f538cc33d6044b7e33f12cf6e3992d55996fbb46,True
2026-07-20,PH,veto:rank_score_below_floor,,0,2026-07-20-live-54ea6604,1,2026-07-20 21:07:37,576ee30,2026-06-21,sha256:656b70be7dac0e61e4f6fae4f538cc33d6044b7e33f12cf6e3992d55996fbb46,True
2026-07-20,PM,conviction:mu_below_floor,,0,2026-07-20-live-54ea6604,1,2026-07-20 21:07:37,576ee30,2026-06-21,sha256:656b70be7dac0e61e4f6fae4f538cc33d6044b7e33f12cf6e3992d55996fbb46,True
2026-07-20,PNC,veto:rank_score_below_floor,,0,2026-07-20-live-54ea6604,1,2026-07-20 21:07:37,576ee30,2026-06-21,sha256:656b70be7dac0e61e4f6fae4f538cc33d6044b7e33f12cf6e3992d55996fbb46,True
2026-07-20,PYPL,veto:rank_score_below_floor,,0,2026-07-20-live-54ea6604,1,2026-07-20 21:07:37,576ee30,2026-06-21,sha256:656b70be7dac0e61e4f6fae4f538cc33d6044b7e33f12cf6e3992d55996fbb46,True
2026-07-20,ROST,veto:rank_score_below_floor,,0,2026-07-20-live-54ea6604,1,2026-07-20 21:07:37,576ee30,2026-06-21,sha256:656b70be7dac0e61e4f6fae4f538cc33d6044b7e33f12cf6e3992d55996fbb46,True
2026-07-20,SCHW,veto:rank_score_below_floor,,0,2026-07-20-live-54ea6604,1,2026-07-20 21:07:37,576ee30,2026-06-21,sha256:656b70be7dac0e61e4f6fae4f538cc33d6044b7e33f12cf6e3992d55996fbb46,True
2026-07-20,SO,veto:rank_score_below_floor,,0,2026-07-20-live-54ea6604,1,2026-07-20 21:07:37,576ee30,2026-06-21,sha256:656b70be7dac0e61e4f6fae4f538cc33d6044b7e33f12cf6e3992d55996fbb46,True
2026-07-20,SOFI,veto:rank_score_below_floor,,0,2026-07-20-live-54ea6604,1,2026-07-20 21:07:37,576ee30,2026-06-21,sha256:656b70be7dac0e61e4f6fae4f538cc33d6044b7e33f12cf6e3992d55996fbb46,True
2026-07-20,SPG,veto:rank_score_below_floor,,0,2026-07-20-live-54ea6604,1,2026-07-20 21:07:37,576ee30,2026-06-21,sha256:656b70be7dac0e61e4f6fae4f538cc33d6044b7e33f12cf6e3992d55996fbb46,True
2026-07-20,SPOT,veto:rank_score_below_floor,,0,2026-07-20-live-54ea6604,1,2026-07-20 21:07:37,576ee30,2026-06-21,sha256:656b70be7dac0e61e4f6fae4f538cc33d6044b7e33f12cf6e3992d55996fbb46,True
2026-07-20,TJX,veto:rank_score_below_floor,,0,2026-07-20-live-54ea6604,1,2026-07-20 21:07:37,576ee30,2026-06-21,sha256:656b70be7dac0e61e4f6fae4f538cc33d6044b7e33f12cf6e3992d55996fbb46,True
2026-07-20,TSM,veto:rank_score_below_floor,,0,2026-07-20-live-54ea6604,1,2026-07-20 21:07:37,576ee30,2026-06-21,sha256:656b70be7dac0e61e4f6fae4f538cc33d6044b7e33f12cf6e3992d55996fbb46,True
2026-07-20,UNH,veto:rank_score_below_floor,,0,2026-07-20-live-54ea6604,1,2026-07-20 21:07:37,576ee30,2026-06-21,sha256:656b70be7dac0e61e4f6fae4f538cc33d6044b7e33f12cf6e3992d55996fbb46,True
2026-07-20,V,veto:rank_score_below_floor,,0,2026-07-20-live-54ea6604,1,2026-07-20 21:07:37,576ee30,2026-06-21,sha256:656b70be7dac0e61e4f6fae4f538cc33d6044b7e33f12cf6e3992d55996fbb46,True
2026-07-20,WELL,veto:rank_score_below_floor,,0,2026-07-20-live-54ea6604,1,2026-07-20 21:07:37,576ee30,2026-06-21,sha256:656b70be7dac0e61e4f6fae4f538cc33d6044b7e33f12cf6e3992d55996fbb46,True
2026-07-20,WFC,veto:rank_score_below_floor,,0,2026-07-20-live-54ea6604,1,2026-07-20 21:07:37,576ee30,2026-06-21,sha256:656b70be7dac0e61e4f6fae4f538cc33d6044b7e33f12cf6e3992d55996fbb46,True
2026-07-20,WMB,veto:rank_score_below_floor,,0,2026-07-20-live-54ea6604,1,2026-07-20 21:07:37,576ee30,2026-06-21,sha256:656b70be7dac0e61e4f6fae4f538cc33d6044b7e33f12cf6e3992d55996fbb46,True
2026-07-20,WMT,veto:rank_score_below_floor,,0,2026-07-20-live-54ea6604,1,2026-07-20 21:07:37,576ee30,2026-06-21,sha256:656b70be7dac0e61e4f6fae4f538cc33d6044b7e33f12cf6e3992d55996fbb46,True
2026-07-20,XLF,veto:rank_score_below_floor,,0,2026-07-20-live-54ea6604,1,2026-07-20 21:07:37,576ee30,2026-06-21,sha256:656b70be7dac0e61e4f6fae4f538cc33d6044b7e33f12cf6e3992d55996fbb46,True
2026-07-20,XLI,veto:rank_score_below_floor,,0,2026-07-20-live-54ea6604,1,2026-07-20 21:07:37,576ee30,2026-06-21,sha256:656b70be7dac0e61e4f6fae4f538cc33d6044b7e33f12cf6e3992d55996fbb46,True
2026-07-20,XLK,conviction:mu_below_floor,,0,2026-07-20-live-54ea6604,1,2026-07-20 21:07:37,576ee30,2026-06-21,sha256:656b70be7dac0e61e4f6fae4f538cc33d6044b7e33f12cf6e3992d55996fbb46,True
2026-07-20,XLU,veto:rank_score_below_floor,,0,2026-07-20-live-54ea6604,1,2026-07-20 21:07:37,576ee30,2026-06-21,sha256:656b70be7dac0e61e4f6fae4f538cc33d6044b7e33f12cf6e3992d55996fbb46,True
2026-07-20,XLY,veto:rank_score_below_floor,,0,2026-07-20-live-54ea6604,1,2026-07-20 21:07:37,576ee30,2026-06-21,sha256:656b70be7dac0e61e4f6fae4f538cc33d6044b7e33f12cf6e3992d55996fbb46,True
2026-07-20,ZM,broker_pending_submitted,0.06064301234001497,0,2026-07-20-live-54ea6604,1,2026-07-20 21:07:37,576ee30,2026-06-21,sha256:656b70be7dac0e61e4f6fae4f538cc33d6044b7e33f12cf6e3992d55996fbb46,True
2026-07-21,AAPL,veto:rank_score_below_floor,,0,2026-07-21-live-fd5949f9,1,2026-07-21 21:07:50,576ee30,2026-06-21,sha256:656b70be7dac0e61e4f6fae4f538cc33d6044b7e33f12cf6e3992d55996fbb46,True
2026-07-21,ABBV,veto:rank_score_below_floor,,0,2026-07-21-live-fd5949f9,1,2026-07-21 21:07:50,576ee30,2026-06-21,sha256:656b70be7dac0e61e4f6fae4f538cc33d6044b7e33f12cf6e3992d55996fbb46,True
2026-07-21,ADI,veto:rank_score_below_floor,,0,2026-07-21-live-fd5949f9,1,2026-07-21 21:07:50,576ee30,2026-06-21,sha256:656b70be7dac0e61e4f6fae4f538cc33d6044b7e33f12cf6e3992d55996fbb46,True
2026-07-21,AEP,veto:rank_score_below_floor,,0,2026-07-21-live-fd5949f9,1,2026-07-21 21:07:50,576ee30,2026-06-21,sha256:656b70be7dac0e61e4f6fae4f538cc33d6044b7e33f12cf6e3992d55996fbb46,True
2026-07-21,AFRM,broker_pending_submitted,0.06033404711606457,0,2026-07-21-live-fd5949f9,1,2026-07-21 21:07:50,576ee30,2026-06-21,sha256:656b70be7dac0e61e4f6fae4f538cc33d6044b7e33f12cf6e3992d55996fbb46,True
2026-07-21,AMZN,veto:rank_score_below_floor,,0,2026-07-21-live-fd5949f9,1,2026-07-21 21:07:50,576ee30,2026-06-21,sha256:656b70be7dac0e61e4f6fae4f538cc33d6044b7e33f12cf6e3992d55996fbb46,True
2026-07-21,ASML,conviction:mu_below_floor,,0,2026-07-21-live-fd5949f9,1,2026-07-21 21:07:50,576ee30,2026-06-21,sha256:656b70be7dac0e61e4f6fae4f538cc33d6044b7e33f12cf6e3992d55996fbb46,True
2026-07-21,ATI,conviction:mu_below_floor,,0,2026-07-21-live-fd5949f9,1,2026-07-21 21:07:50,576ee30,2026-06-21,sha256:656b70be7dac0e61e4f6fae4f538cc33d6044b7e33f12cf6e3992d55996fbb46,True
2026-07-21,BA,veto:rank_score_below_floor,,0,2026-07-21-live-fd5949f9,1,2026-07-21 21:07:50,576ee30,2026-06-21,sha256:656b70be7dac0e61e4f6fae4f538cc33d6044b7e33f12cf6e3992d55996fbb46,True
2026-07-21,BAC,veto:rank_score_below_floor,,0,2026-07-21-live-fd5949f9,1,2026-07-21 21:07:50,576ee30,2026-06-21,sha256:656b70be7dac0e61e4f6fae4f538cc33d6044b7e33f12cf6e3992d55996fbb46,True
2026-07-21,BLK,veto:rank_score_below_floor,,0,2026-07-21-live-fd5949f9,1,2026-07-21 21:07:50,576ee30,2026-06-21,sha256:656b70be7dac0e61e4f6fae4f538cc33d6044b7e33f12cf6e3992d55996fbb46,True
2026-07-21,C,veto:rank_score_below_floor,,0,2026-07-21-live-fd5949f9,1,2026-07-21 21:07:50,576ee30,2026-06-21,sha256:656b70be7dac0e61e4f6fae4f538cc33d6044b7e33f12cf6e3992d55996fbb46,True
2026-07-21,CAT,veto:rank_score_below_floor,,0,2026-07-21-live-fd5949f9,1,2026-07-21 21:07:50,576ee30,2026-06-21,sha256:656b70be7dac0e61e4f6fae4f538cc33d6044b7e33f12cf6e3992d55996fbb46,True
2026-07-21,CMG,veto:rank_score_below_floor,,0,2026-07-21-live-fd5949f9,1,2026-07-21 21:07:50,576ee30,2026-06-21,sha256:656b70be7dac0e61e4f6fae4f538cc33d6044b7e33f12cf6e3992d55996fbb46,True
2026-07-21,CRM,veto:rank_score_below_floor,,0,2026-07-21-live-fd5949f9,1,2026-07-21 21:07:50,576ee30,2026-06-21,sha256:656b70be7dac0e61e4f6fae4f538cc33d6044b7e33f12cf6e3992d55996fbb46,True
2026-07-21,CVS,veto:rank_score_below_floor,,0,2026-07-21-live-fd5949f9,1,2026-07-21 21:07:50,576ee30,2026-06-21,sha256:656b70be7dac0e61e4f6fae4f538cc33d6044b7e33f12cf6e3992d55996fbb46,True
2026-07-21,D,veto:rank_score_below_floor,,0,2026-07-21-live-fd5949f9,1,2026-07-21 21:07:50,576ee30,2026-06-21,sha256:656b70be7dac0e61e4f6fae4f538cc33d6044b7e33f12cf6e3992d55996fbb46,True
2026-07-21,DE,veto:rank_score_below_floor,,0,2026-07-21-live-fd5949f9,1,2026-07-21 21:07:50,576ee30,2026-06-21,sha256:656b70be7dac0e61e4f6fae4f538cc33d6044b7e33f12cf6e3992d55996fbb46,True
2026-07-21,DUK,veto:rank_score_below_floor,,0,2026-07-21-live-fd5949f9,1,2026-07-21 21:07:50,576ee30,2026-06-21,sha256:656b70be7dac0e61e4f6fae4f538cc33d6044b7e33f12cf6e3992d55996fbb46,True
2026-07-21,EME,conviction:mu_below_floor,,0,2026-07-21-live-fd5949f9,1,2026-07-21 21:07:50,576ee30,2026-06-21,sha256:656b70be7dac0e61e4f6fae4f538cc33d6044b7e33f12cf6e3992d55996fbb46,True
2026-07-21,EMR,veto:rank_score_below_floor,,0,2026-07-21-live-fd5949f9,1,2026-07-21 21:07:50,576ee30,2026-06-21,sha256:656b70be7dac0e61e4f6fae4f538cc33d6044b7e33f12cf6e3992d55996fbb46,True
2026-07-21,EQIX,veto:rank_score_below_floor,,0,2026-07-21-live-fd5949f9,1,2026-07-21 21:07:50,576ee30,2026-06-21,sha256:656b70be7dac0e61e4f6fae4f538cc33d6044b7e33f12cf6e3992d55996fbb46,True
2026-07-21,ETN,veto:rank_score_below_floor,,0,2026-07-21-live-fd5949f9,1,2026-07-21 21:07:50,576ee30,2026-06-21,sha256:656b70be7dac0e61e4f6fae4f538cc33d6044b7e33f12cf6e3992d55996fbb46,True
2026-07-21,FDX,veto:rank_score_below_floor,,0,2026-07-21-live-fd5949f9,1,2026-07-21 21:07:50,576ee30,2026-06-21,sha256:656b70be7dac0e61e4f6fae4f538cc33d6044b7e33f12cf6e3992d55996fbb46,True
2026-07-21,GE,conviction:mu_below_floor,,0,2026-07-21-live-fd5949f9,1,2026-07-21 21:07:50,576ee30,2026-06-21,sha256:656b70be7dac0e61e4f6fae4f538cc33d6044b7e33f12cf6e3992d55996fbb46,True
2026-07-21,GILD,veto:rank_score_below_floor,,0,2026-07-21-live-fd5949f9,1,2026-07-21 21:07:50,576ee30,2026-06-21,sha256:656b70be7dac0e61e4f6fae4f538cc33d6044b7e33f12cf6e3992d55996fbb46,True
2026-07-21,GLD,veto:rank_score_below_floor,,0,2026-07-21-live-fd5949f9,1,2026-07-21 21:07:50,576ee30,2026-06-21,sha256:656b70be7dac0e61e4f6fae4f538cc33d6044b7e33f12cf6e3992d55996fbb46,True
2026-07-21,GM,veto:rank_score_below_floor,,0,2026-07-21-live-fd5949f9,1,2026-07-21 21:07:50,576ee30,2026-06-21,sha256:656b70be7dac0e61e4f6fae4f538cc33d6044b7e33f12cf6e3992d55996fbb46,True
2026-07-21,GOOG,veto:rank_score_below_floor,,0,2026-07-21-live-fd5949f9,1,2026-07-21 21:07:50,576ee30,2026-06-21,sha256:656b70be7dac0e61e4f6fae4f538cc33d6044b7e33f12cf6e3992d55996fbb46,True
2026-07-21,GRMN,conviction:mu_below_floor,,0,2026-07-21-live-fd5949f9,1,2026-07-21 21:07:50,576ee30,2026-06-21,sha256:656b70be7dac0e61e4f6fae4f538cc33d6044b7e33f12cf6e3992d55996fbb46,True
2026-07-21,GS,veto:rank_score_below_floor,,0,2026-07-21-live-fd5949f9,1,2026-07-21 21:07:50,576ee30,2026-06-21,sha256:656b70be7dac0e61e4f6fae4f538cc33d6044b7e33f12cf6e3992d55996fbb46,True
2026-07-21,HD,veto:rank_score_below_floor,,0,2026-07-21-live-fd5949f9,1,2026-07-21 21:07:50,576ee30,2026-06-21,sha256:656b70be7dac0e61e4f6fae4f538cc33d6044b7e33f12cf6e3992d55996fbb46,True
2026-07-21,HLT,veto:rank_score_below_floor,,0,2026-07-21-live-fd5949f9,1,2026-07-21 21:07:50,576ee30,2026-06-21,sha256:656b70be7dac0e61e4f6fae4f538cc33d6044b7e33f12cf6e3992d55996fbb46,True
2026-07-21,JNJ,veto:rank_score_below_floor,,0,2026-07-21-live-fd5949f9,1,2026-07-21 21:07:50,576ee30,2026-06-21,sha256:656b70be7dac0e61e4f6fae4f538cc33d6044b7e33f12cf6e3992d55996fbb46,True
2026-07-21,JPM,veto:rank_score_below_floor,,0,2026-07-21-live-fd5949f9,1,2026-07-21 21:07:50,576ee30,2026-06-21,sha256:656b70be7dac0e61e4f6fae4f538cc33d6044b7e33f12cf6e3992d55996fbb46,True
2026-07-21,KO,veto:rank_score_below_floor,,0,2026-07-21-live-fd5949f9,1,2026-07-21 21:07:50,576ee30,2026-06-21,sha256:656b70be7dac0e61e4f6fae4f538cc33d6044b7e33f12cf6e3992d55996fbb46,True
2026-07-21,LHX,veto:rank_score_below_floor,,0,2026-07-21-live-fd5949f9,1,2026-07-21 21:07:50,576ee30,2026-06-21,sha256:656b70be7dac0e61e4f6fae4f538cc33d6044b7e33f12cf6e3992d55996fbb46,True
2026-07-21,LLY,conviction:mu_below_floor,,0,2026-07-21-live-fd5949f9,1,2026-07-21 21:07:50,576ee30,2026-06-21,sha256:656b70be7dac0e61e4f6fae4f538cc33d6044b7e33f12cf6e3992d55996fbb46,True
2026-07-21,MA,veto:rank_score_below_floor,,0,2026-07-21-live-fd5949f9,1,2026-07-21 21:07:50,576ee30,2026-06-21,sha256:656b70be7dac0e61e4f6fae4f538cc33d6044b7e33f12cf6e3992d55996fbb46,True
2026-07-21,META,veto:rank_score_below_floor,,0,2026-07-21-live-fd5949f9,1,2026-07-21 21:07:50,576ee30,2026-06-21,sha256:656b70be7dac0e61e4f6fae4f538cc33d6044b7e33f12cf6e3992d55996fbb46,True
2026-07-21,MMM,veto:rank_score_below_floor,,0,2026-07-21-live-fd5949f9,1,2026-07-21 21:07:50,576ee30,2026-06-21,sha256:656b70be7dac0e61e4f6fae4f538cc33d6044b7e33f12cf6e3992d55996fbb46,True
2026-07-21,MO,conviction:mu_below_floor,,0,2026-07-21-live-fd5949f9,1,2026-07-21 21:07:50,576ee30,2026-06-21,sha256:656b70be7dac0e61e4f6fae4f538cc33d6044b7e33f12cf6e3992d55996fbb46,True
2026-07-21,MRK,veto:rank_score_below_floor,,0,2026-07-21-live-fd5949f9,1,2026-07-21 21:07:50,576ee30,2026-06-21,sha256:656b70be7dac0e61e4f6fae4f538cc33d6044b7e33f12cf6e3992d55996fbb46,True
2026-07-21,MS,veto:rank_score_below_floor,,0,2026-07-21-live-fd5949f9,1,2026-07-21 21:07:50,576ee30,2026-06-21,sha256:656b70be7dac0e61e4f6fae4f538cc33d6044b7e33f12cf6e3992d55996fbb46,True
2026-07-21,MSFT,veto:rank_score_below_floor,,0,2026-07-21-live-fd5949f9,1,2026-07-21 21:07:50,576ee30,2026-06-21,sha256:656b70be7dac0e61e4f6fae4f538cc33d6044b7e33f12cf6e3992d55996fbb46,True
2026-07-21,NEM,conviction:mu_below_floor,,0,2026-07-21-live-fd5949f9,1,2026-07-21 21:07:50,576ee30,2026-06-21,sha256:656b70be7dac0e61e4f6fae4f538cc33d6044b7e33f12cf6e3992d55996fbb46,True
2026-07-21,NVDA,veto:rank_score_below_floor,,0,2026-07-21-live-fd5949f9,1,2026-07-21 21:07:50,576ee30,2026-06-21,sha256:656b70be7dac0e61e4f6fae4f538cc33d6044b7e33f12cf6e3992d55996fbb46,True
2026-07-21,OXY,veto:rank_score_below_floor,,0,2026-07-21-live-fd5949f9,1,2026-07-21 21:07:50,576ee30,2026-06-21,sha256:656b70be7dac0e61e4f6fae4f538cc33d6044b7e33f12cf6e3992d55996fbb46,True
2026-07-21,PANW,correlation,0.06033404711606457,0,2026-07-21-live-fd5949f9,1,2026-07-21 21:07:50,576ee30,2026-06-21,sha256:656b70be7dac0e61e4f6fae4f538cc33d6044b7e33f12cf6e3992d55996fbb46,True
2026-07-21,PG,veto:rank_score_below_floor,,0,2026-07-21-live-fd5949f9,1,2026-07-21 21:07:50,576ee30,2026-06-21,sha256:656b70be7dac0e61e4f6fae4f538cc33d6044b7e33f12cf6e3992d55996fbb46,True
2026-07-21,PH,veto:rank_score_below_floor,,0,2026-07-21-live-fd5949f9,1,2026-07-21 21:07:50,576ee30,2026-06-21,sha256:656b70be7dac0e61e4f6fae4f538cc33d6044b7e33f12cf6e3992d55996fbb46,True
2026-07-21,PM,conviction:mu_below_floor,,0,2026-07-21-live-fd5949f9,1,2026-07-21 21:07:50,576ee30,2026-06-21,sha256:656b70be7dac0e61e4f6fae4f538cc33d6044b7e33f12cf6e3992d55996fbb46,True
2026-07-21,PNC,veto:rank_score_below_floor,,0,2026-07-21-live-fd5949f9,1,2026-07-21 21:07:50,576ee30,2026-06-21,sha256:656b70be7dac0e61e4f6fae4f538cc33d6044b7e33f12cf6e3992d55996fbb46,True
2026-07-21,PYPL,veto:rank_score_below_floor,,0,2026-07-21-live-fd5949f9,1,2026-07-21 21:07:50,576ee30,2026-06-21,sha256:656b70be7dac0e61e4f6fae4f538cc33d6044b7e33f12cf6e3992d55996fbb46,True
2026-07-21,ROST,veto:rank_score_below_floor,,0,2026-07-21-live-fd5949f9,1,2026-07-21 21:07:50,576ee30,2026-06-21,sha256:656b70be7dac0e61e4f6fae4f538cc33d6044b7e33f12cf6e3992d55996fbb46,True
2026-07-21,SCHW,veto:rank_score_below_floor,,0,2026-07-21-live-fd5949f9,1,2026-07-21 21:07:50,576ee30,2026-06-21,sha256:656b70be7dac0e61e4f6fae4f538cc33d6044b7e33f12cf6e3992d55996fbb46,True
2026-07-21,SO,veto:rank_score_below_floor,,0,2026-07-21-live-fd5949f9,1,2026-07-21 21:07:50,576ee30,2026-06-21,sha256:656b70be7dac0e61e4f6fae4f538cc33d6044b7e33f12cf6e3992d55996fbb46,True
2026-07-21,SOFI,veto:rank_score_below_floor,,0,2026-07-21-live-fd5949f9,1,2026-07-21 21:07:50,576ee30,2026-06-21,sha256:656b70be7dac0e61e4f6fae4f538cc33d6044b7e33f12cf6e3992d55996fbb46,True
2026-07-21,SPG,veto:rank_score_below_floor,,0,2026-07-21-live-fd5949f9,1,2026-07-21 21:07:50,576ee30,2026-06-21,sha256:656b70be7dac0e61e4f6fae4f538cc33d6044b7e33f12cf6e3992d55996fbb46,True
2026-07-21,SPOT,veto:rank_score_below_floor,,0,2026-07-21-live-fd5949f9,1,2026-07-21 21:07:50,576ee30,2026-06-21,sha256:656b70be7dac0e61e4f6fae4f538cc33d6044b7e33f12cf6e3992d55996fbb46,True
2026-07-21,TJX,veto:rank_score_below_floor,,0,2026-07-21-live-fd5949f9,1,2026-07-21 21:07:50,576ee30,2026-06-21,sha256:656b70be7dac0e61e4f6fae4f538cc33d6044b7e33f12cf6e3992d55996fbb46,True
2026-07-21,TSM,veto:rank_score_below_floor,,0,2026-07-21-live-fd5949f9,1,2026-07-21 21:07:50,576ee30,2026-06-21,sha256:656b70be7dac0e61e4f6fae4f538cc33d6044b7e33f12cf6e3992d55996fbb46,True
2026-07-21,TXN,veto:rank_score_below_floor,,0,2026-07-21-live-fd5949f9,1,2026-07-21 21:07:50,576ee30,2026-06-21,sha256:656b70be7dac0e61e4f6fae4f538cc33d6044b7e33f12cf6e3992d55996fbb46,True
2026-07-21,UNH,veto:rank_score_below_floor,,0,2026-07-21-live-fd5949f9,1,2026-07-21 21:07:50,576ee30,2026-06-21,sha256:656b70be7dac0e61e4f6fae4f538cc33d6044b7e33f12cf6e3992d55996fbb46,True
2026-07-21,V,veto:rank_score_below_floor,,0,2026-07-21-live-fd5949f9,1,2026-07-21 21:07:50,576ee30,2026-06-21,sha256:656b70be7dac0e61e4f6fae4f538cc33d6044b7e33f12cf6e3992d55996fbb46,True
2026-07-21,WELL,veto:rank_score_below_floor,,0,2026-07-21-live-fd5949f9,1,2026-07-21 21:07:50,576ee30,2026-06-21,sha256:656b70be7dac0e61e4f6fae4f538cc33d6044b7e33f12cf6e3992d55996fbb46,True
2026-07-21,WFC,veto:rank_score_below_floor,,0,2026-07-21-live-fd5949f9,1,2026-07-21 21:07:50,576ee30,2026-06-21,sha256:656b70be7dac0e61e4f6fae4f538cc33d6044b7e33f12cf6e3992d55996fbb46,True
2026-07-21,WMB,veto:rank_score_below_floor,,0,2026-07-21-live-fd5949f9,1,2026-07-21 21:07:50,576ee30,2026-06-21,sha256:656b70be7dac0e61e4f6fae4f538cc33d6044b7e33f12cf6e3992d55996fbb46,True
2026-07-21,WMT,veto:rank_score_below_floor,,0,2026-07-21-live-fd5949f9,1,2026-07-21 21:07:50,576ee30,2026-06-21,sha256:656b70be7dac0e61e4f6fae4f538cc33d6044b7e33f12cf6e3992d55996fbb46,True
2026-07-21,XLF,veto:rank_score_below_floor,,0,2026-07-21-live-fd5949f9,1,2026-07-21 21:07:50,576ee30,2026-06-21,sha256:656b70be7dac0e61e4f6fae4f538cc33d6044b7e33f12cf6e3992d55996fbb46,True
2026-07-21,XLI,veto:rank_score_below_floor,,0,2026-07-21-live-fd5949f9,1,2026-07-21 21:07:50,576ee30,2026-06-21,sha256:656b70be7dac0e61e4f6fae4f538cc33d6044b7e33f12cf6e3992d55996fbb46,True
2026-07-21,XLK,conviction:mu_below_floor,,0,2026-07-21-live-fd5949f9,1,2026-07-21 21:07:50,576ee30,2026-06-21,sha256:656b70be7dac0e61e4f6fae4f538cc33d6044b7e33f12cf6e3992d55996fbb46,True
2026-07-21,XLU,veto:rank_score_below_floor,,0,2026-07-21-live-fd5949f9,1,2026-07-21 21:07:50,576ee30,2026-06-21,sha256:656b70be7dac0e61e4f6fae4f538cc33d6044b7e33f12cf6e3992d55996fbb46,True
2026-07-21,XLY,veto:rank_score_below_floor,,0,2026-07-21-live-fd5949f9,1,2026-07-21 21:07:50,576ee30,2026-06-21,sha256:656b70be7dac0e61e4f6fae4f538cc33d6044b7e33f12cf6e3992d55996fbb46,True
2026-07-22,AAPL,veto:rank_score_below_floor,,0,2026-07-22-live-79dbf668,1,2026-07-22 23:20:19,0385270,2026-06-21,sha256:656b70be7dac0e61e4f6fae4f538cc33d6044b7e33f12cf6e3992d55996fbb46,True
2026-07-22,ABBV,veto:rank_score_below_floor,,0,2026-07-22-live-79dbf668,1,2026-07-22 23:20:19,0385270,2026-06-21,sha256:656b70be7dac0e61e4f6fae4f538cc33d6044b7e33f12cf6e3992d55996fbb46,True
2026-07-22,ADI,veto:rank_score_below_floor,,0,2026-07-22-live-79dbf668,1,2026-07-22 23:20:19,0385270,2026-06-21,sha256:656b70be7dac0e61e4f6fae4f538cc33d6044b7e33f12cf6e3992d55996fbb46,True
2026-07-22,AEP,veto:rank_score_below_floor,,0,2026-07-22-live-79dbf668,1,2026-07-22 23:20:19,0385270,2026-06-21,sha256:656b70be7dac0e61e4f6fae4f538cc33d6044b7e33f12cf6e3992d55996fbb46,True
2026-07-22,AMZN,veto:rank_score_below_floor,,0,2026-07-22-live-79dbf668,1,2026-07-22 23:20:19,0385270,2026-06-21,sha256:656b70be7dac0e61e4f6fae4f538cc33d6044b7e33f12cf6e3992d55996fbb46,True
2026-07-22,ASML,conviction:mu_below_floor,,0,2026-07-22-live-79dbf668,1,2026-07-22 23:20:19,0385270,2026-06-21,sha256:656b70be7dac0e61e4f6fae4f538cc33d6044b7e33f12cf6e3992d55996fbb46,True
2026-07-22,ATI,conviction:mu_below_floor,,0,2026-07-22-live-79dbf668,1,2026-07-22 23:20:19,0385270,2026-06-21,sha256:656b70be7dac0e61e4f6fae4f538cc33d6044b7e33f12cf6e3992d55996fbb46,True
2026-07-22,BA,veto:rank_score_below_floor,,0,2026-07-22-live-79dbf668,1,2026-07-22 23:20:19,0385270,2026-06-21,sha256:656b70be7dac0e61e4f6fae4f538cc33d6044b7e33f12cf6e3992d55996fbb46,True
2026-07-22,BAC,veto:rank_score_below_floor,,0,2026-07-22-live-79dbf668,1,2026-07-22 23:20:19,0385270,2026-06-21,sha256:656b70be7dac0e61e4f6fae4f538cc33d6044b7e33f12cf6e3992d55996fbb46,True
2026-07-22,BLK,veto:rank_score_below_floor,,0,2026-07-22-live-79dbf668,1,2026-07-22 23:20:19,0385270,2026-06-21,sha256:656b70be7dac0e61e4f6fae4f538cc33d6044b7e33f12cf6e3992d55996fbb46,True
2026-07-22,C,veto:rank_score_below_floor,,0,2026-07-22-live-79dbf668,1,2026-07-22 23:20:19,0385270,2026-06-21,sha256:656b70be7dac0e61e4f6fae4f538cc33d6044b7e33f12cf6e3992d55996fbb46,True
2026-07-22,CAT,veto:rank_score_below_floor,,0,2026-07-22-live-79dbf668,1,2026-07-22 23:20:19,0385270,2026-06-21,sha256:656b70be7dac0e61e4f6fae4f538cc33d6044b7e33f12cf6e3992d55996fbb46,True
2026-07-22,CMG,veto:rank_score_below_floor,,0,2026-07-22-live-79dbf668,1,2026-07-22 23:20:19,0385270,2026-06-21,sha256:656b70be7dac0e61e4f6fae4f538cc33d6044b7e33f12cf6e3992d55996fbb46,True
2026-07-22,CRM,veto:rank_score_below_floor,,0,2026-07-22-live-79dbf668,1,2026-07-22 23:20:19,0385270,2026-06-21,sha256:656b70be7dac0e61e4f6fae4f538cc33d6044b7e33f12cf6e3992d55996fbb46,True
2026-07-22,CVS,veto:rank_score_below_floor,,0,2026-07-22-live-79dbf668,1,2026-07-22 23:20:19,0385270,2026-06-21,sha256:656b70be7dac0e61e4f6fae4f538cc33d6044b7e33f12cf6e3992d55996fbb46,True
2026-07-22,D,veto:rank_score_below_floor,,0,2026-07-22-live-79dbf668,1,2026-07-22 23:20:19,0385270,2026-06-21,sha256:656b70be7dac0e61e4f6fae4f538cc33d6044b7e33f12cf6e3992d55996fbb46,True
2026-07-22,DE,veto:rank_score_below_floor,,0,2026-07-22-live-79dbf668,1,2026-07-22 23:20:19,0385270,2026-06-21,sha256:656b70be7dac0e61e4f6fae4f538cc33d6044b7e33f12cf6e3992d55996fbb46,True
2026-07-22,DUK,veto:rank_score_below_floor,,0,2026-07-22-live-79dbf668,1,2026-07-22 23:20:19,0385270,2026-06-21,sha256:656b70be7dac0e61e4f6fae4f538cc33d6044b7e33f12cf6e3992d55996fbb46,True
2026-07-22,EME,conviction:mu_below_floor,,0,2026-07-22-live-79dbf668,1,2026-07-22 23:20:19,0385270,2026-06-21,sha256:656b70be7dac0e61e4f6fae4f538cc33d6044b7e33f12cf6e3992d55996fbb46,True
2026-07-22,EMR,veto:rank_score_below_floor,,0,2026-07-22-live-79dbf668,1,2026-07-22 23:20:19,0385270,2026-06-21,sha256:656b70be7dac0e61e4f6fae4f538cc33d6044b7e33f12cf6e3992d55996fbb46,True
2026-07-22,EQIX,veto:rank_score_below_floor,,0,2026-07-22-live-79dbf668,1,2026-07-22 23:20:19,0385270,2026-06-21,sha256:656b70be7dac0e61e4f6fae4f538cc33d6044b7e33f12cf6e3992d55996fbb46,True
2026-07-22,ETN,veto:rank_score_below_floor,,0,2026-07-22-live-79dbf668,1,2026-07-22 23:20:19,0385270,2026-06-21,sha256:656b70be7dac0e61e4f6fae4f538cc33d6044b7e33f12cf6e3992d55996fbb46,True
2026-07-22,FDX,veto:rank_score_below_floor,,0,2026-07-22-live-79dbf668,1,2026-07-22 23:20:19,0385270,2026-06-21,sha256:656b70be7dac0e61e4f6fae4f538cc33d6044b7e33f12cf6e3992d55996fbb46,True
2026-07-22,GE,conviction:mu_below_floor,,0,2026-07-22-live-79dbf668,1,2026-07-22 23:20:19,0385270,2026-06-21,sha256:656b70be7dac0e61e4f6fae4f538cc33d6044b7e33f12cf6e3992d55996fbb46,True
2026-07-22,GILD,veto:rank_score_below_floor,,0,2026-07-22-live-79dbf668,1,2026-07-22 23:20:19,0385270,2026-06-21,sha256:656b70be7dac0e61e4f6fae4f538cc33d6044b7e33f12cf6e3992d55996fbb46,True
2026-07-22,GLD,veto:rank_score_below_floor,,0,2026-07-22-live-79dbf668,1,2026-07-22 23:20:19,0385270,2026-06-21,sha256:656b70be7dac0e61e4f6fae4f538cc33d6044b7e33f12cf6e3992d55996fbb46,True
2026-07-22,GM,veto:rank_score_below_floor,,0,2026-07-22-live-79dbf668,1,2026-07-22 23:20:19,0385270,2026-06-21,sha256:656b70be7dac0e61e4f6fae4f538cc33d6044b7e33f12cf6e3992d55996fbb46,True
2026-07-22,GOOG,veto:rank_score_below_floor,,0,2026-07-22-live-79dbf668,1,2026-07-22 23:20:19,0385270,2026-06-21,sha256:656b70be7dac0e61e4f6fae4f538cc33d6044b7e33f12cf6e3992d55996fbb46,True
2026-07-22,GRMN,conviction:mu_below_floor,,0,2026-07-22-live-79dbf668,1,2026-07-22 23:20:19,0385270,2026-06-21,sha256:656b70be7dac0e61e4f6fae4f538cc33d6044b7e33f12cf6e3992d55996fbb46,True
2026-07-22,GS,veto:rank_score_below_floor,,0,2026-07-22-live-79dbf668,1,2026-07-22 23:20:19,0385270,2026-06-21,sha256:656b70be7dac0e61e4f6fae4f538cc33d6044b7e33f12cf6e3992d55996fbb46,True
2026-07-22,HD,veto:rank_score_below_floor,,0,2026-07-22-live-79dbf668,1,2026-07-22 23:20:19,0385270,2026-06-21,sha256:656b70be7dac0e61e4f6fae4f538cc33d6044b7e33f12cf6e3992d55996fbb46,True
2026-07-22,HLT,veto:rank_score_below_floor,,0,2026-07-22-live-79dbf668,1,2026-07-22 23:20:19,0385270,2026-06-21,sha256:656b70be7dac0e61e4f6fae4f538cc33d6044b7e33f12cf6e3992d55996fbb46,True
2026-07-22,JNJ,veto:rank_score_below_floor,,0,2026-07-22-live-79dbf668,1,2026-07-22 23:20:19,0385270,2026-06-21,sha256:656b70be7dac0e61e4f6fae4f538cc33d6044b7e33f12cf6e3992d55996fbb46,True
2026-07-22,JPM,veto:rank_score_below_floor,,0,2026-07-22-live-79dbf668,1,2026-07-22 23:20:19,0385270,2026-06-21,sha256:656b70be7dac0e61e4f6fae4f538cc33d6044b7e33f12cf6e3992d55996fbb46,True
2026-07-22,KO,veto:rank_score_below_floor,,0,2026-07-22-live-79dbf668,1,2026-07-22 23:20:19,0385270,2026-06-21,sha256:656b70be7dac0e61e4f6fae4f538cc33d6044b7e33f12cf6e3992d55996fbb46,True
2026-07-22,LHX,veto:rank_score_below_floor,,0,2026-07-22-live-79dbf668,1,2026-07-22 23:20:19,0385270,2026-06-21,sha256:656b70be7dac0e61e4f6fae4f538cc33d6044b7e33f12cf6e3992d55996fbb46,True
2026-07-22,LLY,conviction:mu_below_floor,,0,2026-07-22-live-79dbf668,1,2026-07-22 23:20:19,0385270,2026-06-21,sha256:656b70be7dac0e61e4f6fae4f538cc33d6044b7e33f12cf6e3992d55996fbb46,True
2026-07-22,MA,veto:rank_score_below_floor,,0,2026-07-22-live-79dbf668,1,2026-07-22 23:20:19,0385270,2026-06-21,sha256:656b70be7dac0e61e4f6fae4f538cc33d6044b7e33f12cf6e3992d55996fbb46,True
2026-07-22,META,veto:rank_score_below_floor,,0,2026-07-22-live-79dbf668,1,2026-07-22 23:20:19,0385270,2026-06-21,sha256:656b70be7dac0e61e4f6fae4f538cc33d6044b7e33f12cf6e3992d55996fbb46,True
2026-07-22,MMM,veto:rank_score_below_floor,,0,2026-07-22-live-79dbf668,1,2026-07-22 23:20:19,0385270,2026-06-21,sha256:656b70be7dac0e61e4f6fae4f538cc33d6044b7e33f12cf6e3992d55996fbb46,True
2026-07-22,MO,conviction:mu_below_floor,,0,2026-07-22-live-79dbf668,1,2026-07-22 23:20:19,0385270,2026-06-21,sha256:656b70be7dac0e61e4f6fae4f538cc33d6044b7e33f12cf6e3992d55996fbb46,True
2026-07-22,MRK,veto:rank_score_below_floor,,0,2026-07-22-live-79dbf668,1,2026-07-22 23:20:19,0385270,2026-06-21,sha256:656b70be7dac0e61e4f6fae4f538cc33d6044b7e33f12cf6e3992d55996fbb46,True
2026-07-22,MS,veto:rank_score_below_floor,,0,2026-07-22-live-79dbf668,1,2026-07-22 23:20:19,0385270,2026-06-21,sha256:656b70be7dac0e61e4f6fae4f538cc33d6044b7e33f12cf6e3992d55996fbb46,True
2026-07-22,MSFT,veto:rank_score_below_floor,,0,2026-07-22-live-79dbf668,1,2026-07-22 23:20:19,0385270,2026-06-21,sha256:656b70be7dac0e61e4f6fae4f538cc33d6044b7e33f12cf6e3992d55996fbb46,True
2026-07-22,NEM,conviction:mu_below_floor,,0,2026-07-22-live-79dbf668,1,2026-07-22 23:20:19,0385270,2026-06-21,sha256:656b70be7dac0e61e4f6fae4f538cc33d6044b7e33f12cf6e3992d55996fbb46,True
2026-07-22,NVDA,veto:rank_score_below_floor,,0,2026-07-22-live-79dbf668,1,2026-07-22 23:20:19,0385270,2026-06-21,sha256:656b70be7dac0e61e4f6fae4f538cc33d6044b7e33f12cf6e3992d55996fbb46,True
2026-07-22,OXY,veto:rank_score_below_floor,,0,2026-07-22-live-79dbf668,1,2026-07-22 23:20:19,0385270,2026-06-21,sha256:656b70be7dac0e61e4f6fae4f538cc33d6044b7e33f12cf6e3992d55996fbb46,True
2026-07-22,PANW,broker_pending_submitted,0.060262464756526794,0,2026-07-22-live-79dbf668,1,2026-07-22 23:20:19,0385270,2026-06-21,sha256:656b70be7dac0e61e4f6fae4f538cc33d6044b7e33f12cf6e3992d55996fbb46,True
2026-07-22,PG,veto:rank_score_below_floor,,0,2026-07-22-live-79dbf668,1,2026-07-22 23:20:19,0385270,2026-06-21,sha256:656b70be7dac0e61e4f6fae4f538cc33d6044b7e33f12cf6e3992d55996fbb46,True
2026-07-22,PH,veto:rank_score_below_floor,,0,2026-07-22-live-79dbf668,1,2026-07-22 23:20:19,0385270,2026-06-21,sha256:656b70be7dac0e61e4f6fae4f538cc33d6044b7e33f12cf6e3992d55996fbb46,True
2026-07-22,PM,conviction:mu_below_floor,,0,2026-07-22-live-79dbf668,1,2026-07-22 23:20:19,0385270,2026-06-21,sha256:656b70be7dac0e61e4f6fae4f538cc33d6044b7e33f12cf6e3992d55996fbb46,True
2026-07-22,PNC,veto:rank_score_below_floor,,0,2026-07-22-live-79dbf668,1,2026-07-22 23:20:19,0385270,2026-06-21,sha256:656b70be7dac0e61e4f6fae4f538cc33d6044b7e33f12cf6e3992d55996fbb46,True
2026-07-22,PYPL,conviction:mu_below_floor,,0,2026-07-22-live-79dbf668,1,2026-07-22 23:20:19,0385270,2026-06-21,sha256:656b70be7dac0e61e4f6fae4f538cc33d6044b7e33f12cf6e3992d55996fbb46,True
2026-07-22,ROST,veto:rank_score_below_floor,,0,2026-07-22-live-79dbf668,1,2026-07-22 23:20:19,0385270,2026-06-21,sha256:656b70be7dac0e61e4f6fae4f538cc33d6044b7e33f12cf6e3992d55996fbb46,True
2026-07-22,SCHW,veto:rank_score_below_floor,,0,2026-07-22-live-79dbf668,1,2026-07-22 23:20:19,0385270,2026-06-21,sha256:656b70be7dac0e61e4f6fae4f538cc33d6044b7e33f12cf6e3992d55996fbb46,True
2026-07-22,SO,veto:rank_score_below_floor,,0,2026-07-22-live-79dbf668,1,2026-07-22 23:20:19,0385270,2026-06-21,sha256:656b70be7dac0e61e4f6fae4f538cc33d6044b7e33f12cf6e3992d55996fbb46,True
2026-07-22,SOFI,veto:rank_score_below_floor,,0,2026-07-22-live-79dbf668,1,2026-07-22 23:20:19,0385270,2026-06-21,sha256:656b70be7dac0e61e4f6fae4f538cc33d6044b7e33f12cf6e3992d55996fbb46,True
2026-07-22,SPG,veto:rank_score_below_floor,,0,2026-07-22-live-79dbf668,1,2026-07-22 23:20:19,0385270,2026-06-21,sha256:656b70be7dac0e61e4f6fae4f538cc33d6044b7e33f12cf6e3992d55996fbb46,True
2026-07-22,SPOT,veto:rank_score_below_floor,,0,2026-07-22-live-79dbf668,1,2026-07-22 23:20:19,0385270,2026-06-21,sha256:656b70be7dac0e61e4f6fae4f538cc33d6044b7e33f12cf6e3992d55996fbb46,True
2026-07-22,TJX,veto:rank_score_below_floor,,0,2026-07-22-live-79dbf668,1,2026-07-22 23:20:19,0385270,2026-06-21,sha256:656b70be7dac0e61e4f6fae4f538cc33d6044b7e33f12cf6e3992d55996fbb46,True
2026-07-22,TSM,veto:rank_score_below_floor,,0,2026-07-22-live-79dbf668,1,2026-07-22 23:20:19,0385270,2026-06-21,sha256:656b70be7dac0e61e4f6fae4f538cc33d6044b7e33f12cf6e3992d55996fbb46,True
2026-07-22,TXN,veto:rank_score_below_floor,,0,2026-07-22-live-79dbf668,1,2026-07-22 23:20:19,0385270,2026-06-21,sha256:656b70be7dac0e61e4f6fae4f538cc33d6044b7e33f12cf6e3992d55996fbb46,True
2026-07-22,UNH,veto:rank_score_below_floor,,0,2026-07-22-live-79dbf668,1,2026-07-22 23:20:19,0385270,2026-06-21,sha256:656b70be7dac0e61e4f6fae4f538cc33d6044b7e33f12cf6e3992d55996fbb46,True
2026-07-22,V,veto:rank_score_below_floor,,0,2026-07-22-live-79dbf668,1,2026-07-22 23:20:19,0385270,2026-06-21,sha256:656b70be7dac0e61e4f6fae4f538cc33d6044b7e33f12cf6e3992d55996fbb46,True
2026-07-22,WELL,veto:rank_score_below_floor,,0,2026-07-22-live-79dbf668,1,2026-07-22 23:20:19,0385270,2026-06-21,sha256:656b70be7dac0e61e4f6fae4f538cc33d6044b7e33f12cf6e3992d55996fbb46,True
2026-07-22,WFC,veto:rank_score_below_floor,,0,2026-07-22-live-79dbf668,1,2026-07-22 23:20:19,0385270,2026-06-21,sha256:656b70be7dac0e61e4f6fae4f538cc33d6044b7e33f12cf6e3992d55996fbb46,True
2026-07-22,WMB,veto:rank_score_below_floor,,0,2026-07-22-live-79dbf668,1,2026-07-22 23:20:19,0385270,2026-06-21,sha256:656b70be7dac0e61e4f6fae4f538cc33d6044b7e33f12cf6e3992d55996fbb46,True
2026-07-22,WMT,veto:rank_score_below_floor,,0,2026-07-22-live-79dbf668,1,2026-07-22 23:20:19,0385270,2026-06-21,sha256:656b70be7dac0e61e4f6fae4f538cc33d6044b7e33f12cf6e3992d55996fbb46,True
2026-07-22,XLF,veto:rank_score_below_floor,,0,2026-07-22-live-79dbf668,1,2026-07-22 23:20:19,0385270,2026-06-21,sha256:656b70be7dac0e61e4f6fae4f538cc33d6044b7e33f12cf6e3992d55996fbb46,True
2026-07-22,XLI,veto:rank_score_below_floor,,0,2026-07-22-live-79dbf668,1,2026-07-22 23:20:19,0385270,2026-06-21,sha256:656b70be7dac0e61e4f6fae4f538cc33d6044b7e33f12cf6e3992d55996fbb46,True
2026-07-22,XLK,conviction:mu_below_floor,,0,2026-07-22-live-79dbf668,1,2026-07-22 23:20:19,0385270,2026-06-21,sha256:656b70be7dac0e61e4f6fae4f538cc33d6044b7e33f12cf6e3992d55996fbb46,True
2026-07-22,XLU,veto:rank_score_below_floor,,0,2026-07-22-live-79dbf668,1,2026-07-22 23:20:19,0385270,2026-06-21,sha256:656b70be7dac0e61e4f6fae4f538cc33d6044b7e33f12cf6e3992d55996fbb46,True
2026-07-22,XLY,veto:rank_score_below_floor,,0,2026-07-22-live-79dbf668,1,2026-07-22 23:20:19,0385270,2026-06-21,sha256:656b70be7dac0e61e4f6fae4f538cc33d6044b7e33f12cf6e3992d55996fbb46,True
2026-07-23,AAPL,veto:rank_score_below_floor,,0,2026-07-23-live-0113fd5f,1,2026-07-23 21:10:38,0385270,2026-06-21,sha256:656b70be7dac0e61e4f6fae4f538cc33d6044b7e33f12cf6e3992d55996fbb46,True
2026-07-23,ABBV,veto:rank_score_below_floor,,0,2026-07-23-live-0113fd5f,1,2026-07-23 21:10:38,0385270,2026-06-21,sha256:656b70be7dac0e61e4f6fae4f538cc33d6044b7e33f12cf6e3992d55996fbb46,True
2026-07-23,ADI,veto:rank_score_below_floor,,0,2026-07-23-live-0113fd5f,1,2026-07-23 21:10:38,0385270,2026-06-21,sha256:656b70be7dac0e61e4f6fae4f538cc33d6044b7e33f12cf6e3992d55996fbb46,True
2026-07-23,AEP,veto:rank_score_below_floor,,0,2026-07-23-live-0113fd5f,1,2026-07-23 21:10:38,0385270,2026-06-21,sha256:656b70be7dac0e61e4f6fae4f538cc33d6044b7e33f12cf6e3992d55996fbb46,True
2026-07-23,AMZN,veto:rank_score_below_floor,,0,2026-07-23-live-0113fd5f,1,2026-07-23 21:10:38,0385270,2026-06-21,sha256:656b70be7dac0e61e4f6fae4f538cc33d6044b7e33f12cf6e3992d55996fbb46,True
2026-07-23,ASML,conviction:mu_below_floor,,0,2026-07-23-live-0113fd5f,1,2026-07-23 21:10:38,0385270,2026-06-21,sha256:656b70be7dac0e61e4f6fae4f538cc33d6044b7e33f12cf6e3992d55996fbb46,True
2026-07-23,ATI,conviction:mu_below_floor,,0,2026-07-23-live-0113fd5f,1,2026-07-23 21:10:38,0385270,2026-06-21,sha256:656b70be7dac0e61e4f6fae4f538cc33d6044b7e33f12cf6e3992d55996fbb46,True
2026-07-23,BA,veto:rank_score_below_floor,,0,2026-07-23-live-0113fd5f,1,2026-07-23 21:10:38,0385270,2026-06-21,sha256:656b70be7dac0e61e4f6fae4f538cc33d6044b7e33f12cf6e3992d55996fbb46,True
2026-07-23,BAC,veto:rank_score_below_floor,,0,2026-07-23-live-0113fd5f,1,2026-07-23 21:10:38,0385270,2026-06-21,sha256:656b70be7dac0e61e4f6fae4f538cc33d6044b7e33f12cf6e3992d55996fbb46,True
2026-07-23,BLK,veto:rank_score_below_floor,,0,2026-07-23-live-0113fd5f,1,2026-07-23 21:10:38,0385270,2026-06-21,sha256:656b70be7dac0e61e4f6fae4f538cc33d6044b7e33f12cf6e3992d55996fbb46,True
2026-07-23,C,veto:rank_score_below_floor,,0,2026-07-23-live-0113fd5f,1,2026-07-23 21:10:38,0385270,2026-06-21,sha256:656b70be7dac0e61e4f6fae4f538cc33d6044b7e33f12cf6e3992d55996fbb46,True
2026-07-23,CAT,veto:rank_score_below_floor,,0,2026-07-23-live-0113fd5f,1,2026-07-23 21:10:38,0385270,2026-06-21,sha256:656b70be7dac0e61e4f6fae4f538cc33d6044b7e33f12cf6e3992d55996fbb46,True
2026-07-23,CMG,veto:rank_score_below_floor,,0,2026-07-23-live-0113fd5f,1,2026-07-23 21:10:38,0385270,2026-06-21,sha256:656b70be7dac0e61e4f6fae4f538cc33d6044b7e33f12cf6e3992d55996fbb46,True
2026-07-23,CRM,conviction:mu_below_floor,,0,2026-07-23-live-0113fd5f,1,2026-07-23 21:10:38,0385270,2026-06-21,sha256:656b70be7dac0e61e4f6fae4f538cc33d6044b7e33f12cf6e3992d55996fbb46,True
2026-07-23,CVS,veto:rank_score_below_floor,,0,2026-07-23-live-0113fd5f,1,2026-07-23 21:10:38,0385270,2026-06-21,sha256:656b70be7dac0e61e4f6fae4f538cc33d6044b7e33f12cf6e3992d55996fbb46,True
2026-07-23,D,veto:rank_score_below_floor,,0,2026-07-23-live-0113fd5f,1,2026-07-23 21:10:38,0385270,2026-06-21,sha256:656b70be7dac0e61e4f6fae4f538cc33d6044b7e33f12cf6e3992d55996fbb46,True
2026-07-23,DE,veto:rank_score_below_floor,,0,2026-07-23-live-0113fd5f,1,2026-07-23 21:10:38,0385270,2026-06-21,sha256:656b70be7dac0e61e4f6fae4f538cc33d6044b7e33f12cf6e3992d55996fbb46,True
2026-07-23,DUK,veto:rank_score_below_floor,,0,2026-07-23-live-0113fd5f,1,2026-07-23 21:10:38,0385270,2026-06-21,sha256:656b70be7dac0e61e4f6fae4f538cc33d6044b7e33f12cf6e3992d55996fbb46,True
2026-07-23,EME,conviction:mu_below_floor,,0,2026-07-23-live-0113fd5f,1,2026-07-23 21:10:38,0385270,2026-06-21,sha256:656b70be7dac0e61e4f6fae4f538cc33d6044b7e33f12cf6e3992d55996fbb46,True
2026-07-23,EMR,veto:rank_score_below_floor,,0,2026-07-23-live-0113fd5f,1,2026-07-23 21:10:38,0385270,2026-06-21,sha256:656b70be7dac0e61e4f6fae4f538cc33d6044b7e33f12cf6e3992d55996fbb46,True
2026-07-23,EQIX,veto:rank_score_below_floor,,0,2026-07-23-live-0113fd5f,1,2026-07-23 21:10:38,0385270,2026-06-21,sha256:656b70be7dac0e61e4f6fae4f538cc33d6044b7e33f12cf6e3992d55996fbb46,True
2026-07-23,ETN,veto:rank_score_below_floor,,0,2026-07-23-live-0113fd5f,1,2026-07-23 21:10:38,0385270,2026-06-21,sha256:656b70be7dac0e61e4f6fae4f538cc33d6044b7e33f12cf6e3992d55996fbb46,True
2026-07-23,FDX,veto:rank_score_below_floor,,0,2026-07-23-live-0113fd5f,1,2026-07-23 21:10:38,0385270,2026-06-21,sha256:656b70be7dac0e61e4f6fae4f538cc33d6044b7e33f12cf6e3992d55996fbb46,True
2026-07-23,GE,conviction:mu_below_floor,,0,2026-07-23-live-0113fd5f,1,2026-07-23 21:10:38,0385270,2026-06-21,sha256:656b70be7dac0e61e4f6fae4f538cc33d6044b7e33f12cf6e3992d55996fbb46,True
2026-07-23,GILD,veto:rank_score_below_floor,,0,2026-07-23-live-0113fd5f,1,2026-07-23 21:10:38,0385270,2026-06-21,sha256:656b70be7dac0e61e4f6fae4f538cc33d6044b7e33f12cf6e3992d55996fbb46,True
2026-07-23,GLD,veto:rank_score_below_floor,,0,2026-07-23-live-0113fd5f,1,2026-07-23 21:10:38,0385270,2026-06-21,sha256:656b70be7dac0e61e4f6fae4f538cc33d6044b7e33f12cf6e3992d55996fbb46,True
2026-07-23,GM,veto:rank_score_below_floor,,0,2026-07-23-live-0113fd5f,1,2026-07-23 21:10:38,0385270,2026-06-21,sha256:656b70be7dac0e61e4f6fae4f538cc33d6044b7e33f12cf6e3992d55996fbb46,True
2026-07-23,GOOG,veto:rank_score_below_floor,,0,2026-07-23-live-0113fd5f,1,2026-07-23 21:10:38,0385270,2026-06-21,sha256:656b70be7dac0e61e4f6fae4f538cc33d6044b7e33f12cf6e3992d55996fbb46,True
2026-07-23,GRMN,conviction:mu_below_floor,,0,2026-07-23-live-0113fd5f,1,2026-07-23 21:10:38,0385270,2026-06-21,sha256:656b70be7dac0e61e4f6fae4f538cc33d6044b7e33f12cf6e3992d55996fbb46,True
2026-07-23,GS,veto:rank_score_below_floor,,0,2026-07-23-live-0113fd5f,1,2026-07-23 21:10:38,0385270,2026-06-21,sha256:656b70be7dac0e61e4f6fae4f538cc33d6044b7e33f12cf6e3992d55996fbb46,True
2026-07-23,HD,veto:rank_score_below_floor,,0,2026-07-23-live-0113fd5f,1,2026-07-23 21:10:38,0385270,2026-06-21,sha256:656b70be7dac0e61e4f6fae4f538cc33d6044b7e33f12cf6e3992d55996fbb46,True
2026-07-23,HLT,veto:rank_score_below_floor,,0,2026-07-23-live-0113fd5f,1,2026-07-23 21:10:38,0385270,2026-06-21,sha256:656b70be7dac0e61e4f6fae4f538cc33d6044b7e33f12cf6e3992d55996fbb46,True
2026-07-23,JNJ,veto:rank_score_below_floor,,0,2026-07-23-live-0113fd5f,1,2026-07-23 21:10:38,0385270,2026-06-21,sha256:656b70be7dac0e61e4f6fae4f538cc33d6044b7e33f12cf6e3992d55996fbb46,True
2026-07-23,JPM,veto:rank_score_below_floor,,0,2026-07-23-live-0113fd5f,1,2026-07-23 21:10:38,0385270,2026-06-21,sha256:656b70be7dac0e61e4f6fae4f538cc33d6044b7e33f12cf6e3992d55996fbb46,True
2026-07-23,KO,veto:rank_score_below_floor,,0,2026-07-23-live-0113fd5f,1,2026-07-23 21:10:38,0385270,2026-06-21,sha256:656b70be7dac0e61e4f6fae4f538cc33d6044b7e33f12cf6e3992d55996fbb46,True
2026-07-23,LHX,veto:rank_score_below_floor,,0,2026-07-23-live-0113fd5f,1,2026-07-23 21:10:38,0385270,2026-06-21,sha256:656b70be7dac0e61e4f6fae4f538cc33d6044b7e33f12cf6e3992d55996fbb46,True
2026-07-23,LLY,conviction:mu_below_floor,,0,2026-07-23-live-0113fd5f,1,2026-07-23 21:10:38,0385270,2026-06-21,sha256:656b70be7dac0e61e4f6fae4f538cc33d6044b7e33f12cf6e3992d55996fbb46,True
2026-07-23,MA,veto:rank_score_below_floor,,0,2026-07-23-live-0113fd5f,1,2026-07-23 21:10:38,0385270,2026-06-21,sha256:656b70be7dac0e61e4f6fae4f538cc33d6044b7e33f12cf6e3992d55996fbb46,True
2026-07-23,META,veto:rank_score_below_floor,,0,2026-07-23-live-0113fd5f,1,2026-07-23 21:10:38,0385270,2026-06-21,sha256:656b70be7dac0e61e4f6fae4f538cc33d6044b7e33f12cf6e3992d55996fbb46,True
2026-07-23,MMM,veto:rank_score_below_floor,,0,2026-07-23-live-0113fd5f,1,2026-07-23 21:10:38,0385270,2026-06-21,sha256:656b70be7dac0e61e4f6fae4f538cc33d6044b7e33f12cf6e3992d55996fbb46,True
2026-07-23,MO,conviction:mu_below_floor,,0,2026-07-23-live-0113fd5f,1,2026-07-23 21:10:38,0385270,2026-06-21,sha256:656b70be7dac0e61e4f6fae4f538cc33d6044b7e33f12cf6e3992d55996fbb46,True
2026-07-23,MRK,veto:rank_score_below_floor,,0,2026-07-23-live-0113fd5f,1,2026-07-23 21:10:38,0385270,2026-06-21,sha256:656b70be7dac0e61e4f6fae4f538cc33d6044b7e33f12cf6e3992d55996fbb46,True
2026-07-23,MS,veto:rank_score_below_floor,,0,2026-07-23-live-0113fd5f,1,2026-07-23 21:10:38,0385270,2026-06-21,sha256:656b70be7dac0e61e4f6fae4f538cc33d6044b7e33f12cf6e3992d55996fbb46,True
2026-07-23,MSFT,veto:rank_score_below_floor,,0,2026-07-23-live-0113fd5f,1,2026-07-23 21:10:38,0385270,2026-06-21,sha256:656b70be7dac0e61e4f6fae4f538cc33d6044b7e33f12cf6e3992d55996fbb46,True
2026-07-23,NEM,conviction:mu_below_floor,,0,2026-07-23-live-0113fd5f,1,2026-07-23 21:10:38,0385270,2026-06-21,sha256:656b70be7dac0e61e4f6fae4f538cc33d6044b7e33f12cf6e3992d55996fbb46,True
2026-07-23,NVDA,veto:rank_score_below_floor,,0,2026-07-23-live-0113fd5f,1,2026-07-23 21:10:38,0385270,2026-06-21,sha256:656b70be7dac0e61e4f6fae4f538cc33d6044b7e33f12cf6e3992d55996fbb46,True
2026-07-23,OXY,veto:rank_score_below_floor,,0,2026-07-23-live-0113fd5f,1,2026-07-23 21:10:38,0385270,2026-06-21,sha256:656b70be7dac0e61e4f6fae4f538cc33d6044b7e33f12cf6e3992d55996fbb46,True
2026-07-23,PG,veto:rank_score_below_floor,,0,2026-07-23-live-0113fd5f,1,2026-07-23 21:10:38,0385270,2026-06-21,sha256:656b70be7dac0e61e4f6fae4f538cc33d6044b7e33f12cf6e3992d55996fbb46,True
2026-07-23,PH,veto:rank_score_below_floor,,0,2026-07-23-live-0113fd5f,1,2026-07-23 21:10:38,0385270,2026-06-21,sha256:656b70be7dac0e61e4f6fae4f538cc33d6044b7e33f12cf6e3992d55996fbb46,True
2026-07-23,PM,conviction:mu_below_floor,,0,2026-07-23-live-0113fd5f,1,2026-07-23 21:10:38,0385270,2026-06-21,sha256:656b70be7dac0e61e4f6fae4f538cc33d6044b7e33f12cf6e3992d55996fbb46,True
2026-07-23,PNC,veto:rank_score_below_floor,,0,2026-07-23-live-0113fd5f,1,2026-07-23 21:10:38,0385270,2026-06-21,sha256:656b70be7dac0e61e4f6fae4f538cc33d6044b7e33f12cf6e3992d55996fbb46,True
2026-07-23,PYPL,conviction:mu_below_floor,,0,2026-07-23-live-0113fd5f,1,2026-07-23 21:10:38,0385270,2026-06-21,sha256:656b70be7dac0e61e4f6fae4f538cc33d6044b7e33f12cf6e3992d55996fbb46,True
2026-07-23,ROST,veto:rank_score_below_floor,,0,2026-07-23-live-0113fd5f,1,2026-07-23 21:10:38,0385270,2026-06-21,sha256:656b70be7dac0e61e4f6fae4f538cc33d6044b7e33f12cf6e3992d55996fbb46,True
2026-07-23,SCHW,veto:rank_score_below_floor,,0,2026-07-23-live-0113fd5f,1,2026-07-23 21:10:38,0385270,2026-06-21,sha256:656b70be7dac0e61e4f6fae4f538cc33d6044b7e33f12cf6e3992d55996fbb46,True
2026-07-23,SO,veto:rank_score_below_floor,,0,2026-07-23-live-0113fd5f,1,2026-07-23 21:10:38,0385270,2026-06-21,sha256:656b70be7dac0e61e4f6fae4f538cc33d6044b7e33f12cf6e3992d55996fbb46,True
2026-07-23,SOFI,veto:rank_score_below_floor,,0,2026-07-23-live-0113fd5f,1,2026-07-23 21:10:38,0385270,2026-06-21,sha256:656b70be7dac0e61e4f6fae4f538cc33d6044b7e33f12cf6e3992d55996fbb46,True
2026-07-23,SPG,veto:rank_score_below_floor,,0,2026-07-23-live-0113fd5f,1,2026-07-23 21:10:38,0385270,2026-06-21,sha256:656b70be7dac0e61e4f6fae4f538cc33d6044b7e33f12cf6e3992d55996fbb46,True
2026-07-23,SPOT,veto:rank_score_below_floor,,0,2026-07-23-live-0113fd5f,1,2026-07-23 21:10:38,0385270,2026-06-21,sha256:656b70be7dac0e61e4f6fae4f538cc33d6044b7e33f12cf6e3992d55996fbb46,True
2026-07-23,TJX,veto:rank_score_below_floor,,0,2026-07-23-live-0113fd5f,1,2026-07-23 21:10:38,0385270,2026-06-21,sha256:656b70be7dac0e61e4f6fae4f538cc33d6044b7e33f12cf6e3992d55996fbb46,True
2026-07-23,TSM,veto:rank_score_below_floor,,0,2026-07-23-live-0113fd5f,1,2026-07-23 21:10:38,0385270,2026-06-21,sha256:656b70be7dac0e61e4f6fae4f538cc33d6044b7e33f12cf6e3992d55996fbb46,True
2026-07-23,TXN,veto:rank_score_below_floor,,0,2026-07-23-live-0113fd5f,1,2026-07-23 21:10:38,0385270,2026-06-21,sha256:656b70be7dac0e61e4f6fae4f538cc33d6044b7e33f12cf6e3992d55996fbb46,True
2026-07-23,UNH,veto:rank_score_below_floor,,0,2026-07-23-live-0113fd5f,1,2026-07-23 21:10:38,0385270,2026-06-21,sha256:656b70be7dac0e61e4f6fae4f538cc33d6044b7e33f12cf6e3992d55996fbb46,True
2026-07-23,V,veto:rank_score_below_floor,,0,2026-07-23-live-0113fd5f,1,2026-07-23 21:10:38,0385270,2026-06-21,sha256:656b70be7dac0e61e4f6fae4f538cc33d6044b7e33f12cf6e3992d55996fbb46,True
2026-07-23,WELL,veto:rank_score_below_floor,,0,2026-07-23-live-0113fd5f,1,2026-07-23 21:10:38,0385270,2026-06-21,sha256:656b70be7dac0e61e4f6fae4f538cc33d6044b7e33f12cf6e3992d55996fbb46,True
2026-07-23,WFC,veto:rank_score_below_floor,,0,2026-07-23-live-0113fd5f,1,2026-07-23 21:10:38,0385270,2026-06-21,sha256:656b70be7dac0e61e4f6fae4f538cc33d6044b7e33f12cf6e3992d55996fbb46,True
2026-07-23,WMB,veto:rank_score_below_floor,,0,2026-07-23-live-0113fd5f,1,2026-07-23 21:10:38,0385270,2026-06-21,sha256:656b70be7dac0e61e4f6fae4f538cc33d6044b7e33f12cf6e3992d55996fbb46,True
2026-07-23,WMT,veto:rank_score_below_floor,,0,2026-07-23-live-0113fd5f,1,2026-07-23 21:10:38,0385270,2026-06-21,sha256:656b70be7dac0e61e4f6fae4f538cc33d6044b7e33f12cf6e3992d55996fbb46,True
2026-07-23,XLF,veto:rank_score_below_floor,,0,2026-07-23-live-0113fd5f,1,2026-07-23 21:10:38,0385270,2026-06-21,sha256:656b70be7dac0e61e4f6fae4f538cc33d6044b7e33f12cf6e3992d55996fbb46,True
2026-07-23,XLI,veto:rank_score_below_floor,,0,2026-07-23-live-0113fd5f,1,2026-07-23 21:10:38,0385270,2026-06-21,sha256:656b70be7dac0e61e4f6fae4f538cc33d6044b7e33f12cf6e3992d55996fbb46,True
2026-07-23,XLK,conviction:mu_below_floor,,0,2026-07-23-live-0113fd5f,1,2026-07-23 21:10:38,0385270,2026-06-21,sha256:656b70be7dac0e61e4f6fae4f538cc33d6044b7e33f12cf6e3992d55996fbb46,True
2026-07-23,XLU,veto:rank_score_below_floor,,0,2026-07-23-live-0113fd5f,1,2026-07-23 21:10:38,0385270,2026-06-21,sha256:656b70be7dac0e61e4f6fae4f538cc33d6044b7e33f12cf6e3992d55996fbb46,True
2026-07-23,XLY,veto:rank_score_below_floor,,0,2026-07-23-live-0113fd5f,1,2026-07-23 21:10:38,0385270,2026-06-21,sha256:656b70be7dac0e61e4f6fae4f538cc33d6044b7e33f12cf6e3992d55996fbb46,True
2026-07-24,AAPL,veto:rank_score_below_floor,,0,2026-07-24-live-4281dc85,1,2026-07-24 21:07:34,0385270,2026-06-21,sha256:656b70be7dac0e61e4f6fae4f538cc33d6044b7e33f12cf6e3992d55996fbb46,True
2026-07-24,ABBV,veto:rank_score_below_floor,,0,2026-07-24-live-4281dc85,1,2026-07-24 21:07:34,0385270,2026-06-21,sha256:656b70be7dac0e61e4f6fae4f538cc33d6044b7e33f12cf6e3992d55996fbb46,True
2026-07-24,ADI,veto:rank_score_below_floor,,0,2026-07-24-live-4281dc85,1,2026-07-24 21:07:34,0385270,2026-06-21,sha256:656b70be7dac0e61e4f6fae4f538cc33d6044b7e33f12cf6e3992d55996fbb46,True
2026-07-24,AEP,veto:rank_score_below_floor,,0,2026-07-24-live-4281dc85,1,2026-07-24 21:07:34,0385270,2026-06-21,sha256:656b70be7dac0e61e4f6fae4f538cc33d6044b7e33f12cf6e3992d55996fbb46,True
2026-07-24,AMZN,veto:rank_score_below_floor,,0,2026-07-24-live-4281dc85,1,2026-07-24 21:07:34,0385270,2026-06-21,sha256:656b70be7dac0e61e4f6fae4f538cc33d6044b7e33f12cf6e3992d55996fbb46,True
2026-07-24,ASML,conviction:mu_below_floor,,0,2026-07-24-live-4281dc85,1,2026-07-24 21:07:34,0385270,2026-06-21,sha256:656b70be7dac0e61e4f6fae4f538cc33d6044b7e33f12cf6e3992d55996fbb46,True
2026-07-24,ATI,conviction:mu_below_floor,,0,2026-07-24-live-4281dc85,1,2026-07-24 21:07:34,0385270,2026-06-21,sha256:656b70be7dac0e61e4f6fae4f538cc33d6044b7e33f12cf6e3992d55996fbb46,True
2026-07-24,BA,veto:rank_score_below_floor,,0,2026-07-24-live-4281dc85,1,2026-07-24 21:07:34,0385270,2026-06-21,sha256:656b70be7dac0e61e4f6fae4f538cc33d6044b7e33f12cf6e3992d55996fbb46,True
2026-07-24,BAC,veto:rank_score_below_floor,,0,2026-07-24-live-4281dc85,1,2026-07-24 21:07:34,0385270,2026-06-21,sha256:656b70be7dac0e61e4f6fae4f538cc33d6044b7e33f12cf6e3992d55996fbb46,True
2026-07-24,BLK,veto:rank_score_below_floor,,0,2026-07-24-live-4281dc85,1,2026-07-24 21:07:34,0385270,2026-06-21,sha256:656b70be7dac0e61e4f6fae4f538cc33d6044b7e33f12cf6e3992d55996fbb46,True
2026-07-24,C,veto:rank_score_below_floor,,0,2026-07-24-live-4281dc85,1,2026-07-24 21:07:34,0385270,2026-06-21,sha256:656b70be7dac0e61e4f6fae4f538cc33d6044b7e33f12cf6e3992d55996fbb46,True
2026-07-24,CAT,veto:rank_score_below_floor,,0,2026-07-24-live-4281dc85,1,2026-07-24 21:07:34,0385270,2026-06-21,sha256:656b70be7dac0e61e4f6fae4f538cc33d6044b7e33f12cf6e3992d55996fbb46,True
2026-07-24,CMG,veto:rank_score_below_floor,,0,2026-07-24-live-4281dc85,1,2026-07-24 21:07:34,0385270,2026-06-21,sha256:656b70be7dac0e61e4f6fae4f538cc33d6044b7e33f12cf6e3992d55996fbb46,True
2026-07-24,CRM,conviction:mu_below_floor,,0,2026-07-24-live-4281dc85,1,2026-07-24 21:07:34,0385270,2026-06-21,sha256:656b70be7dac0e61e4f6fae4f538cc33d6044b7e33f12cf6e3992d55996fbb46,True
2026-07-24,CVS,veto:rank_score_below_floor,,0,2026-07-24-live-4281dc85,1,2026-07-24 21:07:34,0385270,2026-06-21,sha256:656b70be7dac0e61e4f6fae4f538cc33d6044b7e33f12cf6e3992d55996fbb46,True
2026-07-24,D,veto:rank_score_below_floor,,0,2026-07-24-live-4281dc85,1,2026-07-24 21:07:34,0385270,2026-06-21,sha256:656b70be7dac0e61e4f6fae4f538cc33d6044b7e33f12cf6e3992d55996fbb46,True
2026-07-24,DE,veto:rank_score_below_floor,,0,2026-07-24-live-4281dc85,1,2026-07-24 21:07:34,0385270,2026-06-21,sha256:656b70be7dac0e61e4f6fae4f538cc33d6044b7e33f12cf6e3992d55996fbb46,True
2026-07-24,DUK,veto:rank_score_below_floor,,0,2026-07-24-live-4281dc85,1,2026-07-24 21:07:34,0385270,2026-06-21,sha256:656b70be7dac0e61e4f6fae4f538cc33d6044b7e33f12cf6e3992d55996fbb46,True
2026-07-24,EME,conviction:mu_below_floor,,0,2026-07-24-live-4281dc85,1,2026-07-24 21:07:34,0385270,2026-06-21,sha256:656b70be7dac0e61e4f6fae4f538cc33d6044b7e33f12cf6e3992d55996fbb46,True
2026-07-24,EMR,veto:rank_score_below_floor,,0,2026-07-24-live-4281dc85,1,2026-07-24 21:07:34,0385270,2026-06-21,sha256:656b70be7dac0e61e4f6fae4f538cc33d6044b7e33f12cf6e3992d55996fbb46,True
2026-07-24,EQIX,veto:rank_score_below_floor,,0,2026-07-24-live-4281dc85,1,2026-07-24 21:07:34,0385270,2026-06-21,sha256:656b70be7dac0e61e4f6fae4f538cc33d6044b7e33f12cf6e3992d55996fbb46,True
2026-07-24,ETN,veto:rank_score_below_floor,,0,2026-07-24-live-4281dc85,1,2026-07-24 21:07:34,0385270,2026-06-21,sha256:656b70be7dac0e61e4f6fae4f538cc33d6044b7e33f12cf6e3992d55996fbb46,True
2026-07-24,FDX,veto:rank_score_below_floor,,0,2026-07-24-live-4281dc85,1,2026-07-24 21:07:34,0385270,2026-06-21,sha256:656b70be7dac0e61e4f6fae4f538cc33d6044b7e33f12cf6e3992d55996fbb46,True
2026-07-24,GE,conviction:mu_below_floor,,0,2026-07-24-live-4281dc85,1,2026-07-24 21:07:34,0385270,2026-06-21,sha256:656b70be7dac0e61e4f6fae4f538cc33d6044b7e33f12cf6e3992d55996fbb46,True
2026-07-24,GILD,veto:rank_score_below_floor,,0,2026-07-24-live-4281dc85,1,2026-07-24 21:07:34,0385270,2026-06-21,sha256:656b70be7dac0e61e4f6fae4f538cc33d6044b7e33f12cf6e3992d55996fbb46,True
2026-07-24,GLD,veto:rank_score_below_floor,,0,2026-07-24-live-4281dc85,1,2026-07-24 21:07:34,0385270,2026-06-21,sha256:656b70be7dac0e61e4f6fae4f538cc33d6044b7e33f12cf6e3992d55996fbb46,True
2026-07-24,GM,veto:rank_score_below_floor,,0,2026-07-24-live-4281dc85,1,2026-07-24 21:07:34,0385270,2026-06-21,sha256:656b70be7dac0e61e4f6fae4f538cc33d6044b7e33f12cf6e3992d55996fbb46,True
2026-07-24,GOOG,veto:rank_score_below_floor,,0,2026-07-24-live-4281dc85,1,2026-07-24 21:07:34,0385270,2026-06-21,sha256:656b70be7dac0e61e4f6fae4f538cc33d6044b7e33f12cf6e3992d55996fbb46,True
2026-07-24,GRMN,conviction:mu_below_floor,,0,2026-07-24-live-4281dc85,1,2026-07-24 21:07:34,0385270,2026-06-21,sha256:656b70be7dac0e61e4f6fae4f538cc33d6044b7e33f12cf6e3992d55996fbb46,True
2026-07-24,GS,veto:rank_score_below_floor,,0,2026-07-24-live-4281dc85,1,2026-07-24 21:07:34,0385270,2026-06-21,sha256:656b70be7dac0e61e4f6fae4f538cc33d6044b7e33f12cf6e3992d55996fbb46,True
2026-07-24,HD,veto:rank_score_below_floor,,0,2026-07-24-live-4281dc85,1,2026-07-24 21:07:34,0385270,2026-06-21,sha256:656b70be7dac0e61e4f6fae4f538cc33d6044b7e33f12cf6e3992d55996fbb46,True
2026-07-24,HLT,veto:rank_score_below_floor,,0,2026-07-24-live-4281dc85,1,2026-07-24 21:07:34,0385270,2026-06-21,sha256:656b70be7dac0e61e4f6fae4f538cc33d6044b7e33f12cf6e3992d55996fbb46,True
2026-07-24,JNJ,veto:rank_score_below_floor,,0,2026-07-24-live-4281dc85,1,2026-07-24 21:07:34,0385270,2026-06-21,sha256:656b70be7dac0e61e4f6fae4f538cc33d6044b7e33f12cf6e3992d55996fbb46,True
2026-07-24,JPM,veto:rank_score_below_floor,,0,2026-07-24-live-4281dc85,1,2026-07-24 21:07:34,0385270,2026-06-21,sha256:656b70be7dac0e61e4f6fae4f538cc33d6044b7e33f12cf6e3992d55996fbb46,True
2026-07-24,KO,veto:rank_score_below_floor,,0,2026-07-24-live-4281dc85,1,2026-07-24 21:07:34,0385270,2026-06-21,sha256:656b70be7dac0e61e4f6fae4f538cc33d6044b7e33f12cf6e3992d55996fbb46,True
2026-07-24,LHX,veto:rank_score_below_floor,,0,2026-07-24-live-4281dc85,1,2026-07-24 21:07:34,0385270,2026-06-21,sha256:656b70be7dac0e61e4f6fae4f538cc33d6044b7e33f12cf6e3992d55996fbb46,True
2026-07-24,LLY,conviction:mu_below_floor,,0,2026-07-24-live-4281dc85,1,2026-07-24 21:07:34,0385270,2026-06-21,sha256:656b70be7dac0e61e4f6fae4f538cc33d6044b7e33f12cf6e3992d55996fbb46,True
2026-07-24,MA,veto:rank_score_below_floor,,0,2026-07-24-live-4281dc85,1,2026-07-24 21:07:34,0385270,2026-06-21,sha256:656b70be7dac0e61e4f6fae4f538cc33d6044b7e33f12cf6e3992d55996fbb46,True
2026-07-24,META,veto:rank_score_below_floor,,0,2026-07-24-live-4281dc85,1,2026-07-24 21:07:34,0385270,2026-06-21,sha256:656b70be7dac0e61e4f6fae4f538cc33d6044b7e33f12cf6e3992d55996fbb46,True
2026-07-24,MMM,veto:rank_score_below_floor,,0,2026-07-24-live-4281dc85,1,2026-07-24 21:07:34,0385270,2026-06-21,sha256:656b70be7dac0e61e4f6fae4f538cc33d6044b7e33f12cf6e3992d55996fbb46,True
2026-07-24,MO,conviction:mu_below_floor,,0,2026-07-24-live-4281dc85,1,2026-07-24 21:07:34,0385270,2026-06-21,sha256:656b70be7dac0e61e4f6fae4f538cc33d6044b7e33f12cf6e3992d55996fbb46,True
2026-07-24,MRK,veto:rank_score_below_floor,,0,2026-07-24-live-4281dc85,1,2026-07-24 21:07:34,0385270,2026-06-21,sha256:656b70be7dac0e61e4f6fae4f538cc33d6044b7e33f12cf6e3992d55996fbb46,True
2026-07-24,MS,veto:rank_score_below_floor,,0,2026-07-24-live-4281dc85,1,2026-07-24 21:07:34,0385270,2026-06-21,sha256:656b70be7dac0e61e4f6fae4f538cc33d6044b7e33f12cf6e3992d55996fbb46,True
2026-07-24,MSFT,veto:rank_score_below_floor,,0,2026-07-24-live-4281dc85,1,2026-07-24 21:07:34,0385270,2026-06-21,sha256:656b70be7dac0e61e4f6fae4f538cc33d6044b7e33f12cf6e3992d55996fbb46,True
2026-07-24,NEM,conviction:mu_below_floor,,0,2026-07-24-live-4281dc85,1,2026-07-24 21:07:34,0385270,2026-06-21,sha256:656b70be7dac0e61e4f6fae4f538cc33d6044b7e33f12cf6e3992d55996fbb46,True
2026-07-24,NVDA,veto:rank_score_below_floor,,0,2026-07-24-live-4281dc85,1,2026-07-24 21:07:34,0385270,2026-06-21,sha256:656b70be7dac0e61e4f6fae4f538cc33d6044b7e33f12cf6e3992d55996fbb46,True
2026-07-24,OXY,veto:rank_score_below_floor,,0,2026-07-24-live-4281dc85,1,2026-07-24 21:07:34,0385270,2026-06-21,sha256:656b70be7dac0e61e4f6fae4f538cc33d6044b7e33f12cf6e3992d55996fbb46,True
2026-07-24,PG,veto:rank_score_below_floor,,0,2026-07-24-live-4281dc85,1,2026-07-24 21:07:34,0385270,2026-06-21,sha256:656b70be7dac0e61e4f6fae4f538cc33d6044b7e33f12cf6e3992d55996fbb46,True
2026-07-24,PH,veto:rank_score_below_floor,,0,2026-07-24-live-4281dc85,1,2026-07-24 21:07:34,0385270,2026-06-21,sha256:656b70be7dac0e61e4f6fae4f538cc33d6044b7e33f12cf6e3992d55996fbb46,True
2026-07-24,PM,conviction:mu_below_floor,,0,2026-07-24-live-4281dc85,1,2026-07-24 21:07:34,0385270,2026-06-21,sha256:656b70be7dac0e61e4f6fae4f538cc33d6044b7e33f12cf6e3992d55996fbb46,True
2026-07-24,PNC,veto:rank_score_below_floor,,0,2026-07-24-live-4281dc85,1,2026-07-24 21:07:34,0385270,2026-06-21,sha256:656b70be7dac0e61e4f6fae4f538cc33d6044b7e33f12cf6e3992d55996fbb46,True
2026-07-24,PYPL,conviction:mu_below_floor,,0,2026-07-24-live-4281dc85,1,2026-07-24 21:07:34,0385270,2026-06-21,sha256:656b70be7dac0e61e4f6fae4f538cc33d6044b7e33f12cf6e3992d55996fbb46,True
2026-07-24,ROST,veto:rank_score_below_floor,,0,2026-07-24-live-4281dc85,1,2026-07-24 21:07:34,0385270,2026-06-21,sha256:656b70be7dac0e61e4f6fae4f538cc33d6044b7e33f12cf6e3992d55996fbb46,True
2026-07-24,SCHW,veto:rank_score_below_floor,,0,2026-07-24-live-4281dc85,1,2026-07-24 21:07:34,0385270,2026-06-21,sha256:656b70be7dac0e61e4f6fae4f538cc33d6044b7e33f12cf6e3992d55996fbb46,True
2026-07-24,SO,veto:rank_score_below_floor,,0,2026-07-24-live-4281dc85,1,2026-07-24 21:07:34,0385270,2026-06-21,sha256:656b70be7dac0e61e4f6fae4f538cc33d6044b7e33f12cf6e3992d55996fbb46,True
2026-07-24,SOFI,veto:rank_score_below_floor,,0,2026-07-24-live-4281dc85,1,2026-07-24 21:07:34,0385270,2026-06-21,sha256:656b70be7dac0e61e4f6fae4f538cc33d6044b7e33f12cf6e3992d55996fbb46,True
2026-07-24,SPG,veto:rank_score_below_floor,,0,2026-07-24-live-4281dc85,1,2026-07-24 21:07:34,0385270,2026-06-21,sha256:656b70be7dac0e61e4f6fae4f538cc33d6044b7e33f12cf6e3992d55996fbb46,True
2026-07-24,SPOT,veto:rank_score_below_floor,,0,2026-07-24-live-4281dc85,1,2026-07-24 21:07:34,0385270,2026-06-21,sha256:656b70be7dac0e61e4f6fae4f538cc33d6044b7e33f12cf6e3992d55996fbb46,True
2026-07-24,TJX,veto:rank_score_below_floor,,0,2026-07-24-live-4281dc85,1,2026-07-24 21:07:34,0385270,2026-06-21,sha256:656b70be7dac0e61e4f6fae4f538cc33d6044b7e33f12cf6e3992d55996fbb46,True
2026-07-24,TSM,veto:rank_score_below_floor,,0,2026-07-24-live-4281dc85,1,2026-07-24 21:07:34,0385270,2026-06-21,sha256:656b70be7dac0e61e4f6fae4f538cc33d6044b7e33f12cf6e3992d55996fbb46,True
2026-07-24,TXN,veto:rank_score_below_floor,,0,2026-07-24-live-4281dc85,1,2026-07-24 21:07:34,0385270,2026-06-21,sha256:656b70be7dac0e61e4f6fae4f538cc33d6044b7e33f12cf6e3992d55996fbb46,True
2026-07-24,UNH,veto:rank_score_below_floor,,0,2026-07-24-live-4281dc85,1,2026-07-24 21:07:34,0385270,2026-06-21,sha256:656b70be7dac0e61e4f6fae4f538cc33d6044b7e33f12cf6e3992d55996fbb46,True
2026-07-24,V,veto:rank_score_below_floor,,0,2026-07-24-live-4281dc85,1,2026-07-24 21:07:34,0385270,2026-06-21,sha256:656b70be7dac0e61e4f6fae4f538cc33d6044b7e33f12cf6e3992d55996fbb46,True
2026-07-24,WELL,veto:rank_score_below_floor,,0,2026-07-24-live-4281dc85,1,2026-07-24 21:07:34,0385270,2026-06-21,sha256:656b70be7dac0e61e4f6fae4f538cc33d6044b7e33f12cf6e3992d55996fbb46,True
2026-07-24,WFC,veto:rank_score_below_floor,,0,2026-07-24-live-4281dc85,1,2026-07-24 21:07:34,0385270,2026-06-21,sha256:656b70be7dac0e61e4f6fae4f538cc33d6044b7e33f12cf6e3992d55996fbb46,True
2026-07-24,WMB,veto:rank_score_below_floor,,0,2026-07-24-live-4281dc85,1,2026-07-24 21:07:34,0385270,2026-06-21,sha256:656b70be7dac0e61e4f6fae4f538cc33d6044b7e33f12cf6e3992d55996fbb46,True
2026-07-24,WMT,veto:rank_score_below_floor,,0,2026-07-24-live-4281dc85,1,2026-07-24 21:07:34,0385270,2026-06-21,sha256:656b70be7dac0e61e4f6fae4f538cc33d6044b7e33f12cf6e3992d55996fbb46,True
2026-07-24,XLF,veto:rank_score_below_floor,,0,2026-07-24-live-4281dc85,1,2026-07-24 21:07:34,0385270,2026-06-21,sha256:656b70be7dac0e61e4f6fae4f538cc33d6044b7e33f12cf6e3992d55996fbb46,True
2026-07-24,XLI,veto:rank_score_below_floor,,0,2026-07-24-live-4281dc85,1,2026-07-24 21:07:34,0385270,2026-06-21,sha256:656b70be7dac0e61e4f6fae4f538cc33d6044b7e33f12cf6e3992d55996fbb46,True
2026-07-24,XLK,conviction:mu_below_floor,,0,2026-07-24-live-4281dc85,1,2026-07-24 21:07:34,0385270,2026-06-21,sha256:656b70be7dac0e61e4f6fae4f538cc33d6044b7e33f12cf6e3992d55996fbb46,True
2026-07-24,XLU,veto:rank_score_below_floor,,0,2026-07-24-live-4281dc85,1,2026-07-24 21:07:34,0385270,2026-06-21,sha256:656b70be7dac0e61e4f6fae4f538cc33d6044b7e33f12cf6e3992d55996fbb46,True
2026-07-24,XLY,veto:rank_score_below_floor,,0,2026-07-24-live-4281dc85,1,2026-07-24 21:07:34,0385270,2026-06-21,sha256:656b70be7dac0e61e4f6fae4f538cc33d6044b7e33f12cf6e3992d55996fbb46,True
2026-07-27,AAPL,veto:rank_score_below_floor,,0,2026-07-27-live-e548dd21,1,2026-07-27 20:56:47,92667fd,2026-06-21,sha256:656b70be7dac0e61e4f6fae4f538cc33d6044b7e33f12cf6e3992d55996fbb46,True
2026-07-27,ABBV,veto:rank_score_below_floor,,0,2026-07-27-live-e548dd21,1,2026-07-27 20:56:47,92667fd,2026-06-21,sha256:656b70be7dac0e61e4f6fae4f538cc33d6044b7e33f12cf6e3992d55996fbb46,True
2026-07-27,ADI,veto:rank_score_below_floor,,0,2026-07-27-live-e548dd21,1,2026-07-27 20:56:47,92667fd,2026-06-21,sha256:656b70be7dac0e61e4f6fae4f538cc33d6044b7e33f12cf6e3992d55996fbb46,True
2026-07-27,AEP,veto:rank_score_below_floor,,0,2026-07-27-live-e548dd21,1,2026-07-27 20:56:47,92667fd,2026-06-21,sha256:656b70be7dac0e61e4f6fae4f538cc33d6044b7e33f12cf6e3992d55996fbb46,True
2026-07-27,AMZN,broker_pending_submitted,0.06125511376723923,0,2026-07-27-live-e548dd21,1,2026-07-27 20:56:47,92667fd,2026-06-21,sha256:656b70be7dac0e61e4f6fae4f538cc33d6044b7e33f12cf6e3992d55996fbb46,True
2026-07-27,ASML,conviction:mu_below_floor,,0,2026-07-27-live-e548dd21,1,2026-07-27 20:56:47,92667fd,2026-06-21,sha256:656b70be7dac0e61e4f6fae4f538cc33d6044b7e33f12cf6e3992d55996fbb46,True
2026-07-27,ATI,conviction:mu_below_floor,,0,2026-07-27-live-e548dd21,1,2026-07-27 20:56:47,92667fd,2026-06-21,sha256:656b70be7dac0e61e4f6fae4f538cc33d6044b7e33f12cf6e3992d55996fbb46,True
2026-07-27,BA,veto:rank_score_below_floor,,0,2026-07-27-live-e548dd21,1,2026-07-27 20:56:47,92667fd,2026-06-21,sha256:656b70be7dac0e61e4f6fae4f538cc33d6044b7e33f12cf6e3992d55996fbb46,True
2026-07-27,BAC,veto:rank_score_below_floor,,0,2026-07-27-live-e548dd21,1,2026-07-27 20:56:47,92667fd,2026-06-21,sha256:656b70be7dac0e61e4f6fae4f538cc33d6044b7e33f12cf6e3992d55996fbb46,True
2026-07-27,BLK,veto:rank_score_below_floor,,0,2026-07-27-live-e548dd21,1,2026-07-27 20:56:47,92667fd,2026-06-21,sha256:656b70be7dac0e61e4f6fae4f538cc33d6044b7e33f12cf6e3992d55996fbb46,True
2026-07-27,BMY,veto:rank_score_below_floor,,0,2026-07-27-live-e548dd21,1,2026-07-27 20:56:47,92667fd,2026-06-21,sha256:656b70be7dac0e61e4f6fae4f538cc33d6044b7e33f12cf6e3992d55996fbb46,True
2026-07-27,C,veto:rank_score_below_floor,,0,2026-07-27-live-e548dd21,1,2026-07-27 20:56:47,92667fd,2026-06-21,sha256:656b70be7dac0e61e4f6fae4f538cc33d6044b7e33f12cf6e3992d55996fbb46,True
2026-07-27,CAT,veto:rank_score_below_floor,,0,2026-07-27-live-e548dd21,1,2026-07-27 20:56:47,92667fd,2026-06-21,sha256:656b70be7dac0e61e4f6fae4f538cc33d6044b7e33f12cf6e3992d55996fbb46,True
2026-07-27,CMG,veto:rank_score_below_floor,,0,2026-07-27-live-e548dd21,1,2026-07-27 20:56:47,92667fd,2026-06-21,sha256:656b70be7dac0e61e4f6fae4f538cc33d6044b7e33f12cf6e3992d55996fbb46,True
2026-07-27,CRM,veto:rank_score_below_floor,,0,2026-07-27-live-e548dd21,1,2026-07-27 20:56:47,92667fd,2026-06-21,sha256:656b70be7dac0e61e4f6fae4f538cc33d6044b7e33f12cf6e3992d55996fbb46,True
2026-07-27,CVS,veto:rank_score_below_floor,,0,2026-07-27-live-e548dd21,1,2026-07-27 20:56:47,92667fd,2026-06-21,sha256:656b70be7dac0e61e4f6fae4f538cc33d6044b7e33f12cf6e3992d55996fbb46,True
2026-07-27,D,veto:rank_score_below_floor,,0,2026-07-27-live-e548dd21,1,2026-07-27 20:56:47,92667fd,2026-06-21,sha256:656b70be7dac0e61e4f6fae4f538cc33d6044b7e33f12cf6e3992d55996fbb46,True
2026-07-27,DE,veto:rank_score_below_floor,,0,2026-07-27-live-e548dd21,1,2026-07-27 20:56:47,92667fd,2026-06-21,sha256:656b70be7dac0e61e4f6fae4f538cc33d6044b7e33f12cf6e3992d55996fbb46,True
2026-07-27,DLR,veto:rank_score_below_floor,,0,2026-07-27-live-e548dd21,1,2026-07-27 20:56:47,92667fd,2026-06-21,sha256:656b70be7dac0e61e4f6fae4f538cc33d6044b7e33f12cf6e3992d55996fbb46,True
2026-07-27,DUK,veto:rank_score_below_floor,,0,2026-07-27-live-e548dd21,1,2026-07-27 20:56:47,92667fd,2026-06-21,sha256:656b70be7dac0e61e4f6fae4f538cc33d6044b7e33f12cf6e3992d55996fbb46,True
2026-07-27,EME,size_insufficient_cash,0.06125511376723923,0,2026-07-27-live-e548dd21,1,2026-07-27 20:56:47,92667fd,2026-06-21,sha256:656b70be7dac0e61e4f6fae4f538cc33d6044b7e33f12cf6e3992d55996fbb46,True
2026-07-27,EMR,veto:rank_score_below_floor,,0,2026-07-27-live-e548dd21,1,2026-07-27 20:56:47,92667fd,2026-06-21,sha256:656b70be7dac0e61e4f6fae4f538cc33d6044b7e33f12cf6e3992d55996fbb46,True
2026-07-27,EQIX,veto:rank_score_below_floor,,0,2026-07-27-live-e548dd21,1,2026-07-27 20:56:47,92667fd,2026-06-21,sha256:656b70be7dac0e61e4f6fae4f538cc33d6044b7e33f12cf6e3992d55996fbb46,True
2026-07-27,ETN,veto:rank_score_below_floor,,0,2026-07-27-live-e548dd21,1,2026-07-27 20:56:47,92667fd,2026-06-21,sha256:656b70be7dac0e61e4f6fae4f538cc33d6044b7e33f12cf6e3992d55996fbb46,True
2026-07-27,FDX,conviction:mu_below_floor,,0,2026-07-27-live-e548dd21,1,2026-07-27 20:56:47,92667fd,2026-06-21,sha256:656b70be7dac0e61e4f6fae4f538cc33d6044b7e33f12cf6e3992d55996fbb46,True
2026-07-27,GE,conviction:mu_below_floor,,0,2026-07-27-live-e548dd21,1,2026-07-27 20:56:47,92667fd,2026-06-21,sha256:656b70be7dac0e61e4f6fae4f538cc33d6044b7e33f12cf6e3992d55996fbb46,True
2026-07-27,GLD,veto:rank_score_below_floor,,0,2026-07-27-live-e548dd21,1,2026-07-27 20:56:47,92667fd,2026-06-21,sha256:656b70be7dac0e61e4f6fae4f538cc33d6044b7e33f12cf6e3992d55996fbb46,True
2026-07-27,GM,veto:rank_score_below_floor,,0,2026-07-27-live-e548dd21,1,2026-07-27 20:56:47,92667fd,2026-06-21,sha256:656b70be7dac0e61e4f6fae4f538cc33d6044b7e33f12cf6e3992d55996fbb46,True
2026-07-27,GOOG,conviction:mu_below_floor,,0,2026-07-27-live-e548dd21,1,2026-07-27 20:56:47,92667fd,2026-06-21,sha256:656b70be7dac0e61e4f6fae4f538cc33d6044b7e33f12cf6e3992d55996fbb46,True
2026-07-27,GRMN,conviction:mu_below_floor,,0,2026-07-27-live-e548dd21,1,2026-07-27 20:56:47,92667fd,2026-06-21,sha256:656b70be7dac0e61e4f6fae4f538cc33d6044b7e33f12cf6e3992d55996fbb46,True
2026-07-27,GS,veto:rank_score_below_floor,,0,2026-07-27-live-e548dd21,1,2026-07-27 20:56:47,92667fd,2026-06-21,sha256:656b70be7dac0e61e4f6fae4f538cc33d6044b7e33f12cf6e3992d55996fbb46,True
2026-07-27,HD,veto:rank_score_below_floor,,0,2026-07-27-live-e548dd21,1,2026-07-27 20:56:47,92667fd,2026-06-21,sha256:656b70be7dac0e61e4f6fae4f538cc33d6044b7e33f12cf6e3992d55996fbb46,True
2026-07-27,HLT,veto:rank_score_below_floor,,0,2026-07-27-live-e548dd21,1,2026-07-27 20:56:47,92667fd,2026-06-21,sha256:656b70be7dac0e61e4f6fae4f538cc33d6044b7e33f12cf6e3992d55996fbb46,True
2026-07-27,HON,veto:rank_score_below_floor,,0,2026-07-27-live-e548dd21,1,2026-07-27 20:56:47,92667fd,2026-06-21,sha256:656b70be7dac0e61e4f6fae4f538cc33d6044b7e33f12cf6e3992d55996fbb46,True
2026-07-27,JNJ,veto:rank_score_below_floor,,0,2026-07-27-live-e548dd21,1,2026-07-27 20:56:47,92667fd,2026-06-21,sha256:656b70be7dac0e61e4f6fae4f538cc33d6044b7e33f12cf6e3992d55996fbb46,True
2026-07-27,JPM,veto:rank_score_below_floor,,0,2026-07-27-live-e548dd21,1,2026-07-27 20:56:47,92667fd,2026-06-21,sha256:656b70be7dac0e61e4f6fae4f538cc33d6044b7e33f12cf6e3992d55996fbb46,True
2026-07-27,KO,veto:rank_score_below_floor,,0,2026-07-27-live-e548dd21,1,2026-07-27 20:56:47,92667fd,2026-06-21,sha256:656b70be7dac0e61e4f6fae4f538cc33d6044b7e33f12cf6e3992d55996fbb46,True
2026-07-27,LHX,veto:rank_score_below_floor,,0,2026-07-27-live-e548dd21,1,2026-07-27 20:56:47,92667fd,2026-06-21,sha256:656b70be7dac0e61e4f6fae4f538cc33d6044b7e33f12cf6e3992d55996fbb46,True
2026-07-27,LLY,veto:rank_score_below_floor,,0,2026-07-27-live-e548dd21,1,2026-07-27 20:56:47,92667fd,2026-06-21,sha256:656b70be7dac0e61e4f6fae4f538cc33d6044b7e33f12cf6e3992d55996fbb46,True
2026-07-27,LMT,veto:rank_score_below_floor,,0,2026-07-27-live-e548dd21,1,2026-07-27 20:56:47,92667fd,2026-06-21,sha256:656b70be7dac0e61e4f6fae4f538cc33d6044b7e33f12cf6e3992d55996fbb46,True
2026-07-27,MA,veto:rank_score_below_floor,,0,2026-07-27-live-e548dd21,1,2026-07-27 20:56:47,92667fd,2026-06-21,sha256:656b70be7dac0e61e4f6fae4f538cc33d6044b7e33f12cf6e3992d55996fbb46,True
2026-07-27,META,veto:rank_score_below_floor,,0,2026-07-27-live-e548dd21,1,2026-07-27 20:56:47,92667fd,2026-06-21,sha256:656b70be7dac0e61e4f6fae4f538cc33d6044b7e33f12cf6e3992d55996fbb46,True
2026-07-27,MMM,veto:rank_score_below_floor,,0,2026-07-27-live-e548dd21,1,2026-07-27 20:56:47,92667fd,2026-06-21,sha256:656b70be7dac0e61e4f6fae4f538cc33d6044b7e33f12cf6e3992d55996fbb46,True
2026-07-27,MO,veto:rank_score_below_floor,,0,2026-07-27-live-e548dd21,1,2026-07-27 20:56:47,92667fd,2026-06-21,sha256:656b70be7dac0e61e4f6fae4f538cc33d6044b7e33f12cf6e3992d55996fbb46,True
2026-07-27,MRK,conviction:mu_below_floor,,0,2026-07-27-live-e548dd21,1,2026-07-27 20:56:47,92667fd,2026-06-21,sha256:656b70be7dac0e61e4f6fae4f538cc33d6044b7e33f12cf6e3992d55996fbb46,True
2026-07-27,MS,veto:rank_score_below_floor,,0,2026-07-27-live-e548dd21,1,2026-07-27 20:56:47,92667fd,2026-06-21,sha256:656b70be7dac0e61e4f6fae4f538cc33d6044b7e33f12cf6e3992d55996fbb46,True
2026-07-27,MSFT,veto:rank_score_below_floor,,0,2026-07-27-live-e548dd21,1,2026-07-27 20:56:47,92667fd,2026-06-21,sha256:656b70be7dac0e61e4f6fae4f538cc33d6044b7e33f12cf6e3992d55996fbb46,True
2026-07-27,NEM,conviction:mu_below_floor,,0,2026-07-27-live-e548dd21,1,2026-07-27 20:56:47,92667fd,2026-06-21,sha256:656b70be7dac0e61e4f6fae4f538cc33d6044b7e33f12cf6e3992d55996fbb46,True
2026-07-27,NVDA,veto:rank_score_below_floor,,0,2026-07-27-live-e548dd21,1,2026-07-27 20:56:47,92667fd,2026-06-21,sha256:656b70be7dac0e61e4f6fae4f538cc33d6044b7e33f12cf6e3992d55996fbb46,True
2026-07-27,OXY,veto:rank_score_below_floor,,0,2026-07-27-live-e548dd21,1,2026-07-27 20:56:47,92667fd,2026-06-21,sha256:656b70be7dac0e61e4f6fae4f538cc33d6044b7e33f12cf6e3992d55996fbb46,True
2026-07-27,PG,veto:rank_score_below_floor,,0,2026-07-27-live-e548dd21,1,2026-07-27 20:56:47,92667fd,2026-06-21,sha256:656b70be7dac0e61e4f6fae4f538cc33d6044b7e33f12cf6e3992d55996fbb46,True
2026-07-27,PH,veto:rank_score_below_floor,,0,2026-07-27-live-e548dd21,1,2026-07-27 20:56:47,92667fd,2026-06-21,sha256:656b70be7dac0e61e4f6fae4f538cc33d6044b7e33f12cf6e3992d55996fbb46,True
2026-07-27,PM,veto:rank_score_below_floor,,0,2026-07-27-live-e548dd21,1,2026-07-27 20:56:47,92667fd,2026-06-21,sha256:656b70be7dac0e61e4f6fae4f538cc33d6044b7e33f12cf6e3992d55996fbb46,True
2026-07-27,PNC,veto:rank_score_below_floor,,0,2026-07-27-live-e548dd21,1,2026-07-27 20:56:47,92667fd,2026-06-21,sha256:656b70be7dac0e61e4f6fae4f538cc33d6044b7e33f12cf6e3992d55996fbb46,True
2026-07-27,PYPL,conviction:mu_below_floor,,0,2026-07-27-live-e548dd21,1,2026-07-27 20:56:47,92667fd,2026-06-21,sha256:656b70be7dac0e61e4f6fae4f538cc33d6044b7e33f12cf6e3992d55996fbb46,True
2026-07-27,ROST,veto:rank_score_below_floor,,0,2026-07-27-live-e548dd21,1,2026-07-27 20:56:47,92667fd,2026-06-21,sha256:656b70be7dac0e61e4f6fae4f538cc33d6044b7e33f12cf6e3992d55996fbb46,True
2026-07-27,RTX,veto:rank_score_below_floor,,0,2026-07-27-live-e548dd21,1,2026-07-27 20:56:47,92667fd,2026-06-21,sha256:656b70be7dac0e61e4f6fae4f538cc33d6044b7e33f12cf6e3992d55996fbb46,True
2026-07-27,SCHW,veto:rank_score_below_floor,,0,2026-07-27-live-e548dd21,1,2026-07-27 20:56:47,92667fd,2026-06-21,sha256:656b70be7dac0e61e4f6fae4f538cc33d6044b7e33f12cf6e3992d55996fbb46,True
2026-07-27,SO,veto:rank_score_below_floor,,0,2026-07-27-live-e548dd21,1,2026-07-27 20:56:47,92667fd,2026-06-21,sha256:656b70be7dac0e61e4f6fae4f538cc33d6044b7e33f12cf6e3992d55996fbb46,True
2026-07-27,SOFI,veto:rank_score_below_floor,,0,2026-07-27-live-e548dd21,1,2026-07-27 20:56:47,92667fd,2026-06-21,sha256:656b70be7dac0e61e4f6fae4f538cc33d6044b7e33f12cf6e3992d55996fbb46,True
2026-07-27,SPG,broker_pending_submitted,0.06125511376723923,0,2026-07-27-live-e548dd21,1,2026-07-27 20:56:47,92667fd,2026-06-21,sha256:656b70be7dac0e61e4f6fae4f538cc33d6044b7e33f12cf6e3992d55996fbb46,True
2026-07-27,SPOT,veto:rank_score_below_floor,,0,2026-07-27-live-e548dd21,1,2026-07-27 20:56:47,92667fd,2026-06-21,sha256:656b70be7dac0e61e4f6fae4f538cc33d6044b7e33f12cf6e3992d55996fbb46,True
2026-07-27,TJX,veto:rank_score_below_floor,,0,2026-07-27-live-e548dd21,1,2026-07-27 20:56:47,92667fd,2026-06-21,sha256:656b70be7dac0e61e4f6fae4f538cc33d6044b7e33f12cf6e3992d55996fbb46,True
2026-07-27,TMO,veto:rank_score_below_floor,,0,2026-07-27-live-e548dd21,1,2026-07-27 20:56:47,92667fd,2026-06-21,sha256:656b70be7dac0e61e4f6fae4f538cc33d6044b7e33f12cf6e3992d55996fbb46,True
2026-07-27,TSLA,size_insufficient_cash,0.06125511376723923,0,2026-07-27-live-e548dd21,1,2026-07-27 20:56:47,92667fd,2026-06-21,sha256:656b70be7dac0e61e4f6fae4f538cc33d6044b7e33f12cf6e3992d55996fbb46,True
2026-07-27,TSM,veto:rank_score_below_floor,,0,2026-07-27-live-e548dd21,1,2026-07-27 20:56:47,92667fd,2026-06-21,sha256:656b70be7dac0e61e4f6fae4f538cc33d6044b7e33f12cf6e3992d55996fbb46,True
2026-07-27,TXN,veto:rank_score_below_floor,,0,2026-07-27-live-e548dd21,1,2026-07-27 20:56:47,92667fd,2026-06-21,sha256:656b70be7dac0e61e4f6fae4f538cc33d6044b7e33f12cf6e3992d55996fbb46,True
2026-07-27,UNH,veto:rank_score_below_floor,,0,2026-07-27-live-e548dd21,1,2026-07-27 20:56:47,92667fd,2026-06-21,sha256:656b70be7dac0e61e4f6fae4f538cc33d6044b7e33f12cf6e3992d55996fbb46,True
2026-07-27,UNP,veto:rank_score_below_floor,,0,2026-07-27-live-e548dd21,1,2026-07-27 20:56:47,92667fd,2026-06-21,sha256:656b70be7dac0e61e4f6fae4f538cc33d6044b7e33f12cf6e3992d55996fbb46,True
2026-07-27,V,veto:rank_score_below_floor,,0,2026-07-27-live-e548dd21,1,2026-07-27 20:56:47,92667fd,2026-06-21,sha256:656b70be7dac0e61e4f6fae4f538cc33d6044b7e33f12cf6e3992d55996fbb46,True
2026-07-27,VLO,veto:rank_score_below_floor,,0,2026-07-27-live-e548dd21,1,2026-07-27 20:56:47,92667fd,2026-06-21,sha256:656b70be7dac0e61e4f6fae4f538cc33d6044b7e33f12cf6e3992d55996fbb46,True
2026-07-27,WELL,veto:rank_score_below_floor,,0,2026-07-27-live-e548dd21,1,2026-07-27 20:56:47,92667fd,2026-06-21,sha256:656b70be7dac0e61e4f6fae4f538cc33d6044b7e33f12cf6e3992d55996fbb46,True
2026-07-27,WFC,veto:rank_score_below_floor,,0,2026-07-27-live-e548dd21,1,2026-07-27 20:56:47,92667fd,2026-06-21,sha256:656b70be7dac0e61e4f6fae4f538cc33d6044b7e33f12cf6e3992d55996fbb46,True
2026-07-27,WMB,veto:rank_score_below_floor,,0,2026-07-27-live-e548dd21,1,2026-07-27 20:56:47,92667fd,2026-06-21,sha256:656b70be7dac0e61e4f6fae4f538cc33d6044b7e33f12cf6e3992d55996fbb46,True
2026-07-27,WMT,conviction:mu_below_floor,,0,2026-07-27-live-e548dd21,1,2026-07-27 20:56:47,92667fd,2026-06-21,sha256:656b70be7dac0e61e4f6fae4f538cc33d6044b7e33f12cf6e3992d55996fbb46,True
2026-07-27,XLF,veto:rank_score_below_floor,,0,2026-07-27-live-e548dd21,1,2026-07-27 20:56:47,92667fd,2026-06-21,sha256:656b70be7dac0e61e4f6fae4f538cc33d6044b7e33f12cf6e3992d55996fbb46,True
2026-07-27,XLI,veto:rank_score_below_floor,,0,2026-07-27-live-e548dd21,1,2026-07-27 20:56:47,92667fd,2026-06-21,sha256:656b70be7dac0e61e4f6fae4f538cc33d6044b7e33f12cf6e3992d55996fbb46,True
2026-07-27,XLK,conviction:mu_below_floor,,0,2026-07-27-live-e548dd21,1,2026-07-27 20:56:47,92667fd,2026-06-21,sha256:656b70be7dac0e61e4f6fae4f538cc33d6044b7e33f12cf6e3992d55996fbb46,True
2026-07-27,XLU,veto:rank_score_below_floor,,0,2026-07-27-live-e548dd21,1,2026-07-27 20:56:47,92667fd,2026-06-21,sha256:656b70be7dac0e61e4f6fae4f538cc33d6044b7e33f12cf6e3992d55996fbb46,True
2026-07-27,XLY,veto:rank_score_below_floor,,0,2026-07-27-live-e548dd21,1,2026-07-27 20:56:47,92667fd,2026-06-21,sha256:656b70be7dac0e61e4f6fae4f538cc33d6044b7e33f12cf6e3992d55996fbb46,True
2026-07-28,AAPL,veto:rank_score_below_floor,,0,2026-07-28-live-6194047c,0,2026-07-28 17:45:49,36a8c45,2026-06-21,sha256:656b70be7dac0e61e4f6fae4f538cc33d6044b7e33f12cf6e3992d55996fbb46,True
2026-07-28,ABBV,veto:rank_score_below_floor,,0,2026-07-28-live-6194047c,0,2026-07-28 17:45:49,36a8c45,2026-06-21,sha256:656b70be7dac0e61e4f6fae4f538cc33d6044b7e33f12cf6e3992d55996fbb46,True
2026-07-28,ADI,veto:rank_score_below_floor,,0,2026-07-28-live-6194047c,0,2026-07-28 17:45:49,36a8c45,2026-06-21,sha256:656b70be7dac0e61e4f6fae4f538cc33d6044b7e33f12cf6e3992d55996fbb46,True
2026-07-28,AEP,veto:rank_score_below_floor,,0,2026-07-28-live-6194047c,0,2026-07-28 17:45:49,36a8c45,2026-06-21,sha256:656b70be7dac0e61e4f6fae4f538cc33d6044b7e33f12cf6e3992d55996fbb46,True
2026-07-28,ASML,not_selected,0.06125511376723923,0,2026-07-28-live-6194047c,0,2026-07-28 17:45:49,36a8c45,2026-06-21,sha256:656b70be7dac0e61e4f6fae4f538cc33d6044b7e33f12cf6e3992d55996fbb46,True
2026-07-28,ATI,not_selected,0.06125511376723923,0,2026-07-28-live-6194047c,0,2026-07-28 17:45:49,36a8c45,2026-06-21,sha256:656b70be7dac0e61e4f6fae4f538cc33d6044b7e33f12cf6e3992d55996fbb46,True
2026-07-28,AXP,veto:rank_score_below_floor,,0,2026-07-28-live-6194047c,0,2026-07-28 17:45:49,36a8c45,2026-06-21,sha256:656b70be7dac0e61e4f6fae4f538cc33d6044b7e33f12cf6e3992d55996fbb46,True
2026-07-28,BA,veto:rank_score_below_floor,,0,2026-07-28-live-6194047c,0,2026-07-28 17:45:49,36a8c45,2026-06-21,sha256:656b70be7dac0e61e4f6fae4f538cc33d6044b7e33f12cf6e3992d55996fbb46,True
2026-07-28,BAC,veto:rank_score_below_floor,,0,2026-07-28-live-6194047c,0,2026-07-28 17:45:49,36a8c45,2026-06-21,sha256:656b70be7dac0e61e4f6fae4f538cc33d6044b7e33f12cf6e3992d55996fbb46,True
2026-07-28,BLK,veto:rank_score_below_floor,,0,2026-07-28-live-6194047c,0,2026-07-28 17:45:49,36a8c45,2026-06-21,sha256:656b70be7dac0e61e4f6fae4f538cc33d6044b7e33f12cf6e3992d55996fbb46,True
2026-07-28,BMY,veto:rank_score_below_floor,,0,2026-07-28-live-6194047c,0,2026-07-28 17:45:49,36a8c45,2026-06-21,sha256:656b70be7dac0e61e4f6fae4f538cc33d6044b7e33f12cf6e3992d55996fbb46,True
2026-07-28,C,veto:rank_score_below_floor,,0,2026-07-28-live-6194047c,0,2026-07-28 17:45:49,36a8c45,2026-06-21,sha256:656b70be7dac0e61e4f6fae4f538cc33d6044b7e33f12cf6e3992d55996fbb46,True
2026-07-28,CAT,veto:rank_score_below_floor,,0,2026-07-28-live-6194047c,0,2026-07-28 17:45:49,36a8c45,2026-06-21,sha256:656b70be7dac0e61e4f6fae4f538cc33d6044b7e33f12cf6e3992d55996fbb46,True
2026-07-28,CMG,veto:rank_score_below_floor,,0,2026-07-28-live-6194047c,0,2026-07-28 17:45:49,36a8c45,2026-06-21,sha256:656b70be7dac0e61e4f6fae4f538cc33d6044b7e33f12cf6e3992d55996fbb46,True
2026-07-28,CRM,veto:rank_score_below_floor,,0,2026-07-28-live-6194047c,0,2026-07-28 17:45:49,36a8c45,2026-06-21,sha256:656b70be7dac0e61e4f6fae4f538cc33d6044b7e33f12cf6e3992d55996fbb46,True
2026-07-28,CVS,veto:rank_score_below_floor,,0,2026-07-28-live-6194047c,0,2026-07-28 17:45:49,36a8c45,2026-06-21,sha256:656b70be7dac0e61e4f6fae4f538cc33d6044b7e33f12cf6e3992d55996fbb46,True
2026-07-28,D,veto:rank_score_below_floor,,0,2026-07-28-live-6194047c,0,2026-07-28 17:45:49,36a8c45,2026-06-21,sha256:656b70be7dac0e61e4f6fae4f538cc33d6044b7e33f12cf6e3992d55996fbb46,True
2026-07-28,DE,veto:rank_score_below_floor,,0,2026-07-28-live-6194047c,0,2026-07-28 17:45:49,36a8c45,2026-06-21,sha256:656b70be7dac0e61e4f6fae4f538cc33d6044b7e33f12cf6e3992d55996fbb46,True
2026-07-28,DLR,veto:rank_score_below_floor,,0,2026-07-28-live-6194047c,0,2026-07-28 17:45:49,36a8c45,2026-06-21,sha256:656b70be7dac0e61e4f6fae4f538cc33d6044b7e33f12cf6e3992d55996fbb46,True
2026-07-28,DUK,veto:rank_score_below_floor,,0,2026-07-28-live-6194047c,0,2026-07-28 17:45:49,36a8c45,2026-06-21,sha256:656b70be7dac0e61e4f6fae4f538cc33d6044b7e33f12cf6e3992d55996fbb46,True
2026-07-28,EME,broker_pending_submitted,0.06125511376723923,0,2026-07-28-live-6194047c,0,2026-07-28 17:45:49,36a8c45,2026-06-21,sha256:656b70be7dac0e61e4f6fae4f538cc33d6044b7e33f12cf6e3992d55996fbb46,True
2026-07-28,EMR,veto:rank_score_below_floor,,0,2026-07-28-live-6194047c,0,2026-07-28 17:45:49,36a8c45,2026-06-21,sha256:656b70be7dac0e61e4f6fae4f538cc33d6044b7e33f12cf6e3992d55996fbb46,True
2026-07-28,EQIX,veto:rank_score_below_floor,,0,2026-07-28-live-6194047c,0,2026-07-28 17:45:49,36a8c45,2026-06-21,sha256:656b70be7dac0e61e4f6fae4f538cc33d6044b7e33f12cf6e3992d55996fbb46,True
2026-07-28,ETN,veto:rank_score_below_floor,,0,2026-07-28-live-6194047c,0,2026-07-28 17:45:49,36a8c45,2026-06-21,sha256:656b70be7dac0e61e4f6fae4f538cc33d6044b7e33f12cf6e3992d55996fbb46,True
2026-07-28,FDX,not_selected,0.06125511376723923,0,2026-07-28-live-6194047c,0,2026-07-28 17:45:49,36a8c45,2026-06-21,sha256:656b70be7dac0e61e4f6fae4f538cc33d6044b7e33f12cf6e3992d55996fbb46,True
2026-07-28,GE,not_selected,0.06125511376723923,0,2026-07-28-live-6194047c,0,2026-07-28 17:45:49,36a8c45,2026-06-21,sha256:656b70be7dac0e61e4f6fae4f538cc33d6044b7e33f12cf6e3992d55996fbb46,True
2026-07-28,GLD,veto:rank_score_below_floor,,0,2026-07-28-live-6194047c,0,2026-07-28 17:45:49,36a8c45,2026-06-21,sha256:656b70be7dac0e61e4f6fae4f538cc33d6044b7e33f12cf6e3992d55996fbb46,True
2026-07-28,GM,veto:rank_score_below_floor,,0,2026-07-28-live-6194047c,0,2026-07-28 17:45:49,36a8c45,2026-06-21,sha256:656b70be7dac0e61e4f6fae4f538cc33d6044b7e33f12cf6e3992d55996fbb46,True
2026-07-28,GOOG,not_selected,0.06125511376723923,0,2026-07-28-live-6194047c,0,2026-07-28 17:45:49,36a8c45,2026-06-21,sha256:656b70be7dac0e61e4f6fae4f538cc33d6044b7e33f12cf6e3992d55996fbb46,True
2026-07-28,GRMN,not_selected,0.06125511376723923,0,2026-07-28-live-6194047c,0,2026-07-28 17:45:49,36a8c45,2026-06-21,sha256:656b70be7dac0e61e4f6fae4f538cc33d6044b7e33f12cf6e3992d55996fbb46,True
2026-07-28,GS,veto:rank_score_below_floor,,0,2026-07-28-live-6194047c,0,2026-07-28 17:45:49,36a8c45,2026-06-21,sha256:656b70be7dac0e61e4f6fae4f538cc33d6044b7e33f12cf6e3992d55996fbb46,True
2026-07-28,HD,veto:rank_score_below_floor,,0,2026-07-28-live-6194047c,0,2026-07-28 17:45:49,36a8c45,2026-06-21,sha256:656b70be7dac0e61e4f6fae4f538cc33d6044b7e33f12cf6e3992d55996fbb46,True
2026-07-28,HLT,veto:rank_score_below_floor,,0,2026-07-28-live-6194047c,0,2026-07-28 17:45:49,36a8c45,2026-06-21,sha256:656b70be7dac0e61e4f6fae4f538cc33d6044b7e33f12cf6e3992d55996fbb46,True
2026-07-28,HON,veto:rank_score_below_floor,,0,2026-07-28-live-6194047c,0,2026-07-28 17:45:49,36a8c45,2026-06-21,sha256:656b70be7dac0e61e4f6fae4f538cc33d6044b7e33f12cf6e3992d55996fbb46,True
2026-07-28,JNJ,veto:rank_score_below_floor,,0,2026-07-28-live-6194047c,0,2026-07-28 17:45:49,36a8c45,2026-06-21,sha256:656b70be7dac0e61e4f6fae4f538cc33d6044b7e33f12cf6e3992d55996fbb46,True
2026-07-28,JPM,veto:rank_score_below_floor,,0,2026-07-28-live-6194047c,0,2026-07-28 17:45:49,36a8c45,2026-06-21,sha256:656b70be7dac0e61e4f6fae4f538cc33d6044b7e33f12cf6e3992d55996fbb46,True
2026-07-28,KO,veto:rank_score_below_floor,,0,2026-07-28-live-6194047c,0,2026-07-28 17:45:49,36a8c45,2026-06-21,sha256:656b70be7dac0e61e4f6fae4f538cc33d6044b7e33f12cf6e3992d55996fbb46,True
2026-07-28,LHX,veto:rank_score_below_floor,,0,2026-07-28-live-6194047c,0,2026-07-28 17:45:49,36a8c45,2026-06-21,sha256:656b70be7dac0e61e4f6fae4f538cc33d6044b7e33f12cf6e3992d55996fbb46,True
2026-07-28,LLY,veto:rank_score_below_floor,,0,2026-07-28-live-6194047c,0,2026-07-28 17:45:49,36a8c45,2026-06-21,sha256:656b70be7dac0e61e4f6fae4f538cc33d6044b7e33f12cf6e3992d55996fbb46,True
2026-07-28,LMT,veto:rank_score_below_floor,,0,2026-07-28-live-6194047c,0,2026-07-28 17:45:49,36a8c45,2026-06-21,sha256:656b70be7dac0e61e4f6fae4f538cc33d6044b7e33f12cf6e3992d55996fbb46,True
2026-07-28,MA,veto:rank_score_below_floor,,0,2026-07-28-live-6194047c,0,2026-07-28 17:45:49,36a8c45,2026-06-21,sha256:656b70be7dac0e61e4f6fae4f538cc33d6044b7e33f12cf6e3992d55996fbb46,True
2026-07-28,META,veto:rank_score_below_floor,,0,2026-07-28-live-6194047c,0,2026-07-28 17:45:49,36a8c45,2026-06-21,sha256:656b70be7dac0e61e4f6fae4f538cc33d6044b7e33f12cf6e3992d55996fbb46,True
2026-07-28,MMM,veto:rank_score_below_floor,,0,2026-07-28-live-6194047c,0,2026-07-28 17:45:49,36a8c45,2026-06-21,sha256:656b70be7dac0e61e4f6fae4f538cc33d6044b7e33f12cf6e3992d55996fbb46,True
2026-07-28,MO,veto:rank_score_below_floor,,0,2026-07-28-live-6194047c,0,2026-07-28 17:45:49,36a8c45,2026-06-21,sha256:656b70be7dac0e61e4f6fae4f538cc33d6044b7e33f12cf6e3992d55996fbb46,True
2026-07-28,MRK,not_selected,0.06125511376723923,0,2026-07-28-live-6194047c,0,2026-07-28 17:45:49,36a8c45,2026-06-21,sha256:656b70be7dac0e61e4f6fae4f538cc33d6044b7e33f12cf6e3992d55996fbb46,True
2026-07-28,MS,veto:rank_score_below_floor,,0,2026-07-28-live-6194047c,0,2026-07-28 17:45:49,36a8c45,2026-06-21,sha256:656b70be7dac0e61e4f6fae4f538cc33d6044b7e33f12cf6e3992d55996fbb46,True
2026-07-28,MSFT,veto:rank_score_below_floor,,0,2026-07-28-live-6194047c,0,2026-07-28 17:45:49,36a8c45,2026-06-21,sha256:656b70be7dac0e61e4f6fae4f538cc33d6044b7e33f12cf6e3992d55996fbb46,True
2026-07-28,NEM,not_selected,0.06125511376723923,0,2026-07-28-live-6194047c,0,2026-07-28 17:45:49,36a8c45,2026-06-21,sha256:656b70be7dac0e61e4f6fae4f538cc33d6044b7e33f12cf6e3992d55996fbb46,True
2026-07-28,NVDA,veto:rank_score_below_floor,,0,2026-07-28-live-6194047c,0,2026-07-28 17:45:49,36a8c45,2026-06-21,sha256:656b70be7dac0e61e4f6fae4f538cc33d6044b7e33f12cf6e3992d55996fbb46,True
2026-07-28,OXY,veto:rank_score_below_floor,,0,2026-07-28-live-6194047c,0,2026-07-28 17:45:49,36a8c45,2026-06-21,sha256:656b70be7dac0e61e4f6fae4f538cc33d6044b7e33f12cf6e3992d55996fbb46,True
2026-07-28,PG,veto:rank_score_below_floor,,0,2026-07-28-live-6194047c,0,2026-07-28 17:45:49,36a8c45,2026-06-21,sha256:656b70be7dac0e61e4f6fae4f538cc33d6044b7e33f12cf6e3992d55996fbb46,True
2026-07-28,PH,veto:rank_score_below_floor,,0,2026-07-28-live-6194047c,0,2026-07-28 17:45:49,36a8c45,2026-06-21,sha256:656b70be7dac0e61e4f6fae4f538cc33d6044b7e33f12cf6e3992d55996fbb46,True
2026-07-28,PM,not_selected,0.06125511376723923,0,2026-07-28-live-6194047c,0,2026-07-28 17:45:49,36a8c45,2026-06-21,sha256:656b70be7dac0e61e4f6fae4f538cc33d6044b7e33f12cf6e3992d55996fbb46,True
2026-07-28,PNC,veto:rank_score_below_floor,,0,2026-07-28-live-6194047c,0,2026-07-28 17:45:49,36a8c45,2026-06-21,sha256:656b70be7dac0e61e4f6fae4f538cc33d6044b7e33f12cf6e3992d55996fbb46,True
2026-07-28,PYPL,not_selected,0.06125511376723923,0,2026-07-28-live-6194047c,0,2026-07-28 17:45:49,36a8c45,2026-06-21,sha256:656b70be7dac0e61e4f6fae4f538cc33d6044b7e33f12cf6e3992d55996fbb46,True
2026-07-28,ROST,veto:rank_score_below_floor,,0,2026-07-28-live-6194047c,0,2026-07-28 17:45:49,36a8c45,2026-06-21,sha256:656b70be7dac0e61e4f6fae4f538cc33d6044b7e33f12cf6e3992d55996fbb46,True
2026-07-28,RTX,veto:rank_score_below_floor,,0,2026-07-28-live-6194047c,0,2026-07-28 17:45:49,36a8c45,2026-06-21,sha256:656b70be7dac0e61e4f6fae4f538cc33d6044b7e33f12cf6e3992d55996fbb46,True
2026-07-28,SCHW,veto:rank_score_below_floor,,0,2026-07-28-live-6194047c,0,2026-07-28 17:45:49,36a8c45,2026-06-21,sha256:656b70be7dac0e61e4f6fae4f538cc33d6044b7e33f12cf6e3992d55996fbb46,True
2026-07-28,SO,veto:rank_score_below_floor,,0,2026-07-28-live-6194047c,0,2026-07-28 17:45:49,36a8c45,2026-06-21,sha256:656b70be7dac0e61e4f6fae4f538cc33d6044b7e33f12cf6e3992d55996fbb46,True
2026-07-28,SOFI,veto:rank_score_below_floor,,0,2026-07-28-live-6194047c,0,2026-07-28 17:45:49,36a8c45,2026-06-21,sha256:656b70be7dac0e61e4f6fae4f538cc33d6044b7e33f12cf6e3992d55996fbb46,True
2026-07-28,SPG,broker_pending_submitted,0.06125511376723923,0,2026-07-28-live-6194047c,0,2026-07-28 17:45:49,36a8c45,2026-06-21,sha256:656b70be7dac0e61e4f6fae4f538cc33d6044b7e33f12cf6e3992d55996fbb46,True
2026-07-28,SPOT,veto:rank_score_below_floor,,0,2026-07-28-live-6194047c,0,2026-07-28 17:45:49,36a8c45,2026-06-21,sha256:656b70be7dac0e61e4f6fae4f538cc33d6044b7e33f12cf6e3992d55996fbb46,True
2026-07-28,TJX,veto:rank_score_below_floor,,0,2026-07-28-live-6194047c,0,2026-07-28 17:45:49,36a8c45,2026-06-21,sha256:656b70be7dac0e61e4f6fae4f538cc33d6044b7e33f12cf6e3992d55996fbb46,True
2026-07-28,TMO,veto:rank_score_below_floor,,0,2026-07-28-live-6194047c,0,2026-07-28 17:45:49,36a8c45,2026-06-21,sha256:656b70be7dac0e61e4f6fae4f538cc33d6044b7e33f12cf6e3992d55996fbb46,True
2026-07-28,TSLA,broker_pending_submitted,0.06125511376723923,0,2026-07-28-live-6194047c,0,2026-07-28 17:45:49,36a8c45,2026-06-21,sha256:656b70be7dac0e61e4f6fae4f538cc33d6044b7e33f12cf6e3992d55996fbb46,True
2026-07-28,TSM,veto:rank_score_below_floor,,0,2026-07-28-live-6194047c,0,2026-07-28 17:45:49,36a8c45,2026-06-21,sha256:656b70be7dac0e61e4f6fae4f538cc33d6044b7e33f12cf6e3992d55996fbb46,True
2026-07-28,TXN,veto:rank_score_below_floor,,0,2026-07-28-live-6194047c,0,2026-07-28 17:45:49,36a8c45,2026-06-21,sha256:656b70be7dac0e61e4f6fae4f538cc33d6044b7e33f12cf6e3992d55996fbb46,True
2026-07-28,UNH,veto:rank_score_below_floor,,0,2026-07-28-live-6194047c,0,2026-07-28 17:45:49,36a8c45,2026-06-21,sha256:656b70be7dac0e61e4f6fae4f538cc33d6044b7e33f12cf6e3992d55996fbb46,True
2026-07-28,UNP,veto:rank_score_below_floor,,0,2026-07-28-live-6194047c,0,2026-07-28 17:45:49,36a8c45,2026-06-21,sha256:656b70be7dac0e61e4f6fae4f538cc33d6044b7e33f12cf6e3992d55996fbb46,True
2026-07-28,V,veto:rank_score_below_floor,,0,2026-07-28-live-6194047c,0,2026-07-28 17:45:49,36a8c45,2026-06-21,sha256:656b70be7dac0e61e4f6fae4f538cc33d6044b7e33f12cf6e3992d55996fbb46,True
2026-07-28,VLO,not_selected,0.06125511376723923,0,2026-07-28-live-6194047c,0,2026-07-28 17:45:49,36a8c45,2026-06-21,sha256:656b70be7dac0e61e4f6fae4f538cc33d6044b7e33f12cf6e3992d55996fbb46,True
2026-07-28,WELL,veto:rank_score_below_floor,,0,2026-07-28-live-6194047c,0,2026-07-28 17:45:49,36a8c45,2026-06-21,sha256:656b70be7dac0e61e4f6fae4f538cc33d6044b7e33f12cf6e3992d55996fbb46,True
2026-07-28,WFC,veto:rank_score_below_floor,,0,2026-07-28-live-6194047c,0,2026-07-28 17:45:49,36a8c45,2026-06-21,sha256:656b70be7dac0e61e4f6fae4f538cc33d6044b7e33f12cf6e3992d55996fbb46,True
2026-07-28,WMB,veto:rank_score_below_floor,,0,2026-07-28-live-6194047c,0,2026-07-28 17:45:49,36a8c45,2026-06-21,sha256:656b70be7dac0e61e4f6fae4f538cc33d6044b7e33f12cf6e3992d55996fbb46,True
2026-07-28,WMT,not_selected,0.06125511376723923,0,2026-07-28-live-6194047c,0,2026-07-28 17:45:49,36a8c45,2026-06-21,sha256:656b70be7dac0e61e4f6fae4f538cc33d6044b7e33f12cf6e3992d55996fbb46,True
2026-07-28,XLF,veto:rank_score_below_floor,,0,2026-07-28-live-6194047c,0,2026-07-28 17:45:49,36a8c45,2026-06-21,sha256:656b70be7dac0e61e4f6fae4f538cc33d6044b7e33f12cf6e3992d55996fbb46,True
2026-07-28,XLI,veto:rank_score_below_floor,,0,2026-07-28-live-6194047c,0,2026-07-28 17:45:49,36a8c45,2026-06-21,sha256:656b70be7dac0e61e4f6fae4f538cc33d6044b7e33f12cf6e3992d55996fbb46,True
2026-07-28,XLK,not_selected,0.06125511376723923,0,2026-07-28-live-6194047c,0,2026-07-28 17:45:49,36a8c45,2026-06-21,sha256:656b70be7dac0e61e4f6fae4f538cc33d6044b7e33f12cf6e3992d55996fbb46,True
2026-07-28,XLU,veto:rank_score_below_floor,,0,2026-07-28-live-6194047c,0,2026-07-28 17:45:49,36a8c45,2026-06-21,sha256:656b70be7dac0e61e4f6fae4f538cc33d6044b7e33f12cf6e3992d55996fbb46,True
2026-07-28,XLY,veto:rank_score_below_floor,,0,2026-07-28-live-6194047c,0,2026-07-28 17:45:49,36a8c45,2026-06-21,sha256:656b70be7dac0e61e4f6fae4f538cc33d6044b7e33f12cf6e3992d55996fbb46,True
2026-07-28,AAPL,veto:rank_score_below_floor,,0,2026-07-28-live-be8ee266,0,2026-07-28 17:54:27,36a8c45,2026-06-21,sha256:656b70be7dac0e61e4f6fae4f538cc33d6044b7e33f12cf6e3992d55996fbb46,True
2026-07-28,ABBV,conviction:mu_below_floor,,0,2026-07-28-live-be8ee266,0,2026-07-28 17:54:27,36a8c45,2026-06-21,sha256:656b70be7dac0e61e4f6fae4f538cc33d6044b7e33f12cf6e3992d55996fbb46,True
2026-07-28,ADI,veto:rank_score_below_floor,,0,2026-07-28-live-be8ee266,0,2026-07-28 17:54:27,36a8c45,2026-06-21,sha256:656b70be7dac0e61e4f6fae4f538cc33d6044b7e33f12cf6e3992d55996fbb46,True
2026-07-28,AEP,veto:rank_score_below_floor,,0,2026-07-28-live-be8ee266,0,2026-07-28 17:54:27,36a8c45,2026-06-21,sha256:656b70be7dac0e61e4f6fae4f538cc33d6044b7e33f12cf6e3992d55996fbb46,True
2026-07-28,ASML,conviction:mu_below_floor,,0,2026-07-28-live-be8ee266,0,2026-07-28 17:54:27,36a8c45,2026-06-21,sha256:656b70be7dac0e61e4f6fae4f538cc33d6044b7e33f12cf6e3992d55996fbb46,True
2026-07-28,ATI,conviction:mu_below_floor,,0,2026-07-28-live-be8ee266,0,2026-07-28 17:54:27,36a8c45,2026-06-21,sha256:656b70be7dac0e61e4f6fae4f538cc33d6044b7e33f12cf6e3992d55996fbb46,True
2026-07-28,AXP,veto:rank_score_below_floor,,0,2026-07-28-live-be8ee266,0,2026-07-28 17:54:27,36a8c45,2026-06-21,sha256:656b70be7dac0e61e4f6fae4f538cc33d6044b7e33f12cf6e3992d55996fbb46,True
2026-07-28,BA,veto:rank_score_below_floor,,0,2026-07-28-live-be8ee266,0,2026-07-28 17:54:27,36a8c45,2026-06-21,sha256:656b70be7dac0e61e4f6fae4f538cc33d6044b7e33f12cf6e3992d55996fbb46,True
2026-07-28,BAC,veto:rank_score_below_floor,,0,2026-07-28-live-be8ee266,0,2026-07-28 17:54:27,36a8c45,2026-06-21,sha256:656b70be7dac0e61e4f6fae4f538cc33d6044b7e33f12cf6e3992d55996fbb46,True
2026-07-28,BLK,veto:rank_score_below_floor,,0,2026-07-28-live-be8ee266,0,2026-07-28 17:54:27,36a8c45,2026-06-21,sha256:656b70be7dac0e61e4f6fae4f538cc33d6044b7e33f12cf6e3992d55996fbb46,True
2026-07-28,BMY,veto:rank_score_below_floor,,0,2026-07-28-live-be8ee266,0,2026-07-28 17:54:27,36a8c45,2026-06-21,sha256:656b70be7dac0e61e4f6fae4f538cc33d6044b7e33f12cf6e3992d55996fbb46,True
2026-07-28,C,veto:rank_score_below_floor,,0,2026-07-28-live-be8ee266,0,2026-07-28 17:54:27,36a8c45,2026-06-21,sha256:656b70be7dac0e61e4f6fae4f538cc33d6044b7e33f12cf6e3992d55996fbb46,True
2026-07-28,CAT,veto:rank_score_below_floor,,0,2026-07-28-live-be8ee266,0,2026-07-28 17:54:27,36a8c45,2026-06-21,sha256:656b70be7dac0e61e4f6fae4f538cc33d6044b7e33f12cf6e3992d55996fbb46,True
2026-07-28,CMG,veto:rank_score_below_floor,,0,2026-07-28-live-be8ee266,0,2026-07-28 17:54:27,36a8c45,2026-06-21,sha256:656b70be7dac0e61e4f6fae4f538cc33d6044b7e33f12cf6e3992d55996fbb46,True
2026-07-28,CRM,conviction:mu_below_floor,,0,2026-07-28-live-be8ee266,0,2026-07-28 17:54:27,36a8c45,2026-06-21,sha256:656b70be7dac0e61e4f6fae4f538cc33d6044b7e33f12cf6e3992d55996fbb46,True
2026-07-28,CVS,veto:rank_score_below_floor,,0,2026-07-28-live-be8ee266,0,2026-07-28 17:54:27,36a8c45,2026-06-21,sha256:656b70be7dac0e61e4f6fae4f538cc33d6044b7e33f12cf6e3992d55996fbb46,True
2026-07-28,D,veto:rank_score_below_floor,,0,2026-07-28-live-be8ee266,0,2026-07-28 17:54:27,36a8c45,2026-06-21,sha256:656b70be7dac0e61e4f6fae4f538cc33d6044b7e33f12cf6e3992d55996fbb46,True
2026-07-28,DE,veto:rank_score_below_floor,,0,2026-07-28-live-be8ee266,0,2026-07-28 17:54:27,36a8c45,2026-06-21,sha256:656b70be7dac0e61e4f6fae4f538cc33d6044b7e33f12cf6e3992d55996fbb46,True
2026-07-28,DLR,veto:rank_score_below_floor,,0,2026-07-28-live-be8ee266,0,2026-07-28 17:54:27,36a8c45,2026-06-21,sha256:656b70be7dac0e61e4f6fae4f538cc33d6044b7e33f12cf6e3992d55996fbb46,True
2026-07-28,DUK,veto:rank_score_below_floor,,0,2026-07-28-live-be8ee266,0,2026-07-28 17:54:27,36a8c45,2026-06-21,sha256:656b70be7dac0e61e4f6fae4f538cc33d6044b7e33f12cf6e3992d55996fbb46,True
2026-07-28,EMR,veto:rank_score_below_floor,,0,2026-07-28-live-be8ee266,0,2026-07-28 17:54:27,36a8c45,2026-06-21,sha256:656b70be7dac0e61e4f6fae4f538cc33d6044b7e33f12cf6e3992d55996fbb46,True
2026-07-28,EQIX,veto:rank_score_below_floor,,0,2026-07-28-live-be8ee266,0,2026-07-28 17:54:27,36a8c45,2026-06-21,sha256:656b70be7dac0e61e4f6fae4f538cc33d6044b7e33f12cf6e3992d55996fbb46,True
2026-07-28,ETN,veto:rank_score_below_floor,,0,2026-07-28-live-be8ee266,0,2026-07-28 17:54:27,36a8c45,2026-06-21,sha256:656b70be7dac0e61e4f6fae4f538cc33d6044b7e33f12cf6e3992d55996fbb46,True
2026-07-28,FDX,conviction:mu_below_floor,,0,2026-07-28-live-be8ee266,0,2026-07-28 17:54:27,36a8c45,2026-06-21,sha256:656b70be7dac0e61e4f6fae4f538cc33d6044b7e33f12cf6e3992d55996fbb46,True
2026-07-28,GE,conviction:mu_below_floor,,0,2026-07-28-live-be8ee266,0,2026-07-28 17:54:27,36a8c45,2026-06-21,sha256:656b70be7dac0e61e4f6fae4f538cc33d6044b7e33f12cf6e3992d55996fbb46,True
2026-07-28,GLD,veto:rank_score_below_floor,,0,2026-07-28-live-be8ee266,0,2026-07-28 17:54:27,36a8c45,2026-06-21,sha256:656b70be7dac0e61e4f6fae4f538cc33d6044b7e33f12cf6e3992d55996fbb46,True
2026-07-28,GM,veto:rank_score_below_floor,,0,2026-07-28-live-be8ee266,0,2026-07-28 17:54:27,36a8c45,2026-06-21,sha256:656b70be7dac0e61e4f6fae4f538cc33d6044b7e33f12cf6e3992d55996fbb46,True
2026-07-28,GOOG,conviction:mu_below_floor,,0,2026-07-28-live-be8ee266,0,2026-07-28 17:54:27,36a8c45,2026-06-21,sha256:656b70be7dac0e61e4f6fae4f538cc33d6044b7e33f12cf6e3992d55996fbb46,True
2026-07-28,GRMN,conviction:mu_below_floor,,0,2026-07-28-live-be8ee266,0,2026-07-28 17:54:27,36a8c45,2026-06-21,sha256:656b70be7dac0e61e4f6fae4f538cc33d6044b7e33f12cf6e3992d55996fbb46,True
2026-07-28,GS,veto:rank_score_below_floor,,0,2026-07-28-live-be8ee266,0,2026-07-28 17:54:27,36a8c45,2026-06-21,sha256:656b70be7dac0e61e4f6fae4f538cc33d6044b7e33f12cf6e3992d55996fbb46,True
2026-07-28,HD,veto:rank_score_below_floor,,0,2026-07-28-live-be8ee266,0,2026-07-28 17:54:27,36a8c45,2026-06-21,sha256:656b70be7dac0e61e4f6fae4f538cc33d6044b7e33f12cf6e3992d55996fbb46,True
2026-07-28,HLT,veto:rank_score_below_floor,,0,2026-07-28-live-be8ee266,0,2026-07-28 17:54:27,36a8c45,2026-06-21,sha256:656b70be7dac0e61e4f6fae4f538cc33d6044b7e33f12cf6e3992d55996fbb46,True
2026-07-28,HON,veto:rank_score_below_floor,,0,2026-07-28-live-be8ee266,0,2026-07-28 17:54:27,36a8c45,2026-06-21,sha256:656b70be7dac0e61e4f6fae4f538cc33d6044b7e33f12cf6e3992d55996fbb46,True
2026-07-28,JNJ,veto:rank_score_below_floor,,0,2026-07-28-live-be8ee266,0,2026-07-28 17:54:27,36a8c45,2026-06-21,sha256:656b70be7dac0e61e4f6fae4f538cc33d6044b7e33f12cf6e3992d55996fbb46,True
2026-07-28,JPM,veto:rank_score_below_floor,,0,2026-07-28-live-be8ee266,0,2026-07-28 17:54:27,36a8c45,2026-06-21,sha256:656b70be7dac0e61e4f6fae4f538cc33d6044b7e33f12cf6e3992d55996fbb46,True
2026-07-28,KO,veto:rank_score_below_floor,,0,2026-07-28-live-be8ee266,0,2026-07-28 17:54:27,36a8c45,2026-06-21,sha256:656b70be7dac0e61e4f6fae4f538cc33d6044b7e33f12cf6e3992d55996fbb46,True
2026-07-28,LHX,veto:rank_score_below_floor,,0,2026-07-28-live-be8ee266,0,2026-07-28 17:54:27,36a8c45,2026-06-21,sha256:656b70be7dac0e61e4f6fae4f538cc33d6044b7e33f12cf6e3992d55996fbb46,True
2026-07-28,LLY,conviction:mu_below_floor,,0,2026-07-28-live-be8ee266,0,2026-07-28 17:54:27,36a8c45,2026-06-21,sha256:656b70be7dac0e61e4f6fae4f538cc33d6044b7e33f12cf6e3992d55996fbb46,True
2026-07-28,LMT,veto:rank_score_below_floor,,0,2026-07-28-live-be8ee266,0,2026-07-28 17:54:27,36a8c45,2026-06-21,sha256:656b70be7dac0e61e4f6fae4f538cc33d6044b7e33f12cf6e3992d55996fbb46,True
2026-07-28,MA,veto:rank_score_below_floor,,0,2026-07-28-live-be8ee266,0,2026-07-28 17:54:27,36a8c45,2026-06-21,sha256:656b70be7dac0e61e4f6fae4f538cc33d6044b7e33f12cf6e3992d55996fbb46,True
2026-07-28,META,veto:rank_score_below_floor,,0,2026-07-28-live-be8ee266,0,2026-07-28 17:54:27,36a8c45,2026-06-21,sha256:656b70be7dac0e61e4f6fae4f538cc33d6044b7e33f12cf6e3992d55996fbb46,True
2026-07-28,MMM,veto:rank_score_below_floor,,0,2026-07-28-live-be8ee266,0,2026-07-28 17:54:27,36a8c45,2026-06-21,sha256:656b70be7dac0e61e4f6fae4f538cc33d6044b7e33f12cf6e3992d55996fbb46,True
2026-07-28,MO,conviction:mu_below_floor,,0,2026-07-28-live-be8ee266,0,2026-07-28 17:54:27,36a8c45,2026-06-21,sha256:656b70be7dac0e61e4f6fae4f538cc33d6044b7e33f12cf6e3992d55996fbb46,True
2026-07-28,MRK,conviction:mu_below_floor,,0,2026-07-28-live-be8ee266,0,2026-07-28 17:54:27,36a8c45,2026-06-21,sha256:656b70be7dac0e61e4f6fae4f538cc33d6044b7e33f12cf6e3992d55996fbb46,True
2026-07-28,MS,veto:rank_score_below_floor,,0,2026-07-28-live-be8ee266,0,2026-07-28 17:54:27,36a8c45,2026-06-21,sha256:656b70be7dac0e61e4f6fae4f538cc33d6044b7e33f12cf6e3992d55996fbb46,True
2026-07-28,MSFT,veto:rank_score_below_floor,,0,2026-07-28-live-be8ee266,0,2026-07-28 17:54:27,36a8c45,2026-06-21,sha256:656b70be7dac0e61e4f6fae4f538cc33d6044b7e33f12cf6e3992d55996fbb46,True
2026-07-28,NEM,conviction:mu_below_floor,,0,2026-07-28-live-be8ee266,0,2026-07-28 17:54:27,36a8c45,2026-06-21,sha256:656b70be7dac0e61e4f6fae4f538cc33d6044b7e33f12cf6e3992d55996fbb46,True
2026-07-28,NVDA,veto:rank_score_below_floor,,0,2026-07-28-live-be8ee266,0,2026-07-28 17:54:27,36a8c45,2026-06-21,sha256:656b70be7dac0e61e4f6fae4f538cc33d6044b7e33f12cf6e3992d55996fbb46,True
2026-07-28,OXY,veto:rank_score_below_floor,,0,2026-07-28-live-be8ee266,0,2026-07-28 17:54:27,36a8c45,2026-06-21,sha256:656b70be7dac0e61e4f6fae4f538cc33d6044b7e33f12cf6e3992d55996fbb46,True
2026-07-28,PG,veto:rank_score_below_floor,,0,2026-07-28-live-be8ee266,0,2026-07-28 17:54:27,36a8c45,2026-06-21,sha256:656b70be7dac0e61e4f6fae4f538cc33d6044b7e33f12cf6e3992d55996fbb46,True
2026-07-28,PH,veto:rank_score_below_floor,,0,2026-07-28-live-be8ee266,0,2026-07-28 17:54:27,36a8c45,2026-06-21,sha256:656b70be7dac0e61e4f6fae4f538cc33d6044b7e33f12cf6e3992d55996fbb46,True
2026-07-28,PM,conviction:mu_below_floor,,0,2026-07-28-live-be8ee266,0,2026-07-28 17:54:27,36a8c45,2026-06-21,sha256:656b70be7dac0e61e4f6fae4f538cc33d6044b7e33f12cf6e3992d55996fbb46,True
2026-07-28,PNC,veto:rank_score_below_floor,,0,2026-07-28-live-be8ee266,0,2026-07-28 17:54:27,36a8c45,2026-06-21,sha256:656b70be7dac0e61e4f6fae4f538cc33d6044b7e33f12cf6e3992d55996fbb46,True
2026-07-28,PYPL,conviction:mu_below_floor,,0,2026-07-28-live-be8ee266,0,2026-07-28 17:54:27,36a8c45,2026-06-21,sha256:656b70be7dac0e61e4f6fae4f538cc33d6044b7e33f12cf6e3992d55996fbb46,True
2026-07-28,ROST,conviction:mu_below_floor,,0,2026-07-28-live-be8ee266,0,2026-07-28 17:54:27,36a8c45,2026-06-21,sha256:656b70be7dac0e61e4f6fae4f538cc33d6044b7e33f12cf6e3992d55996fbb46,True
2026-07-28,RTX,veto:rank_score_below_floor,,0,2026-07-28-live-be8ee266,0,2026-07-28 17:54:27,36a8c45,2026-06-21,sha256:656b70be7dac0e61e4f6fae4f538cc33d6044b7e33f12cf6e3992d55996fbb46,True
2026-07-28,SCHW,veto:rank_score_below_floor,,0,2026-07-28-live-be8ee266,0,2026-07-28 17:54:27,36a8c45,2026-06-21,sha256:656b70be7dac0e61e4f6fae4f538cc33d6044b7e33f12cf6e3992d55996fbb46,True
2026-07-28,SO,veto:rank_score_below_floor,,0,2026-07-28-live-be8ee266,0,2026-07-28 17:54:27,36a8c45,2026-06-21,sha256:656b70be7dac0e61e4f6fae4f538cc33d6044b7e33f12cf6e3992d55996fbb46,True
2026-07-28,SOFI,veto:rank_score_below_floor,,0,2026-07-28-live-be8ee266,0,2026-07-28 17:54:27,36a8c45,2026-06-21,sha256:656b70be7dac0e61e4f6fae4f538cc33d6044b7e33f12cf6e3992d55996fbb46,True
2026-07-28,SPOT,veto:rank_score_below_floor,,0,2026-07-28-live-be8ee266,0,2026-07-28 17:54:27,36a8c45,2026-06-21,sha256:656b70be7dac0e61e4f6fae4f538cc33d6044b7e33f12cf6e3992d55996fbb46,True
2026-07-28,TJX,veto:rank_score_below_floor,,0,2026-07-28-live-be8ee266,0,2026-07-28 17:54:27,36a8c45,2026-06-21,sha256:656b70be7dac0e61e4f6fae4f538cc33d6044b7e33f12cf6e3992d55996fbb46,True
2026-07-28,TMO,veto:rank_score_below_floor,,0,2026-07-28-live-be8ee266,0,2026-07-28 17:54:27,36a8c45,2026-06-21,sha256:656b70be7dac0e61e4f6fae4f538cc33d6044b7e33f12cf6e3992d55996fbb46,True
2026-07-28,TSM,veto:rank_score_below_floor,,0,2026-07-28-live-be8ee266,0,2026-07-28 17:54:27,36a8c45,2026-06-21,sha256:656b70be7dac0e61e4f6fae4f538cc33d6044b7e33f12cf6e3992d55996fbb46,True
2026-07-28,TXN,veto:rank_score_below_floor,,0,2026-07-28-live-be8ee266,0,2026-07-28 17:54:27,36a8c45,2026-06-21,sha256:656b70be7dac0e61e4f6fae4f538cc33d6044b7e33f12cf6e3992d55996fbb46,True
2026-07-28,UNH,veto:rank_score_below_floor,,0,2026-07-28-live-be8ee266,0,2026-07-28 17:54:27,36a8c45,2026-06-21,sha256:656b70be7dac0e61e4f6fae4f538cc33d6044b7e33f12cf6e3992d55996fbb46,True
2026-07-28,UNP,veto:rank_score_below_floor,,0,2026-07-28-live-be8ee266,0,2026-07-28 17:54:27,36a8c45,2026-06-21,sha256:656b70be7dac0e61e4f6fae4f538cc33d6044b7e33f12cf6e3992d55996fbb46,True
2026-07-28,V,veto:rank_score_below_floor,,0,2026-07-28-live-be8ee266,0,2026-07-28 17:54:27,36a8c45,2026-06-21,sha256:656b70be7dac0e61e4f6fae4f538cc33d6044b7e33f12cf6e3992d55996fbb46,True
2026-07-28,VLO,conviction:mu_below_floor,,0,2026-07-28-live-be8ee266,0,2026-07-28 17:54:27,36a8c45,2026-06-21,sha256:656b70be7dac0e61e4f6fae4f538cc33d6044b7e33f12cf6e3992d55996fbb46,True
2026-07-28,WELL,veto:rank_score_below_floor,,0,2026-07-28-live-be8ee266,0,2026-07-28 17:54:27,36a8c45,2026-06-21,sha256:656b70be7dac0e61e4f6fae4f538cc33d6044b7e33f12cf6e3992d55996fbb46,True
2026-07-28,WFC,veto:rank_score_below_floor,,0,2026-07-28-live-be8ee266,0,2026-07-28 17:54:27,36a8c45,2026-06-21,sha256:656b70be7dac0e61e4f6fae4f538cc33d6044b7e33f12cf6e3992d55996fbb46,True
2026-07-28,WMB,veto:rank_score_below_floor,,0,2026-07-28-live-be8ee266,0,2026-07-28 17:54:27,36a8c45,2026-06-21,sha256:656b70be7dac0e61e4f6fae4f538cc33d6044b7e33f12cf6e3992d55996fbb46,True
2026-07-28,WMT,conviction:mu_below_floor,,0,2026-07-28-live-be8ee266,0,2026-07-28 17:54:27,36a8c45,2026-06-21,sha256:656b70be7dac0e61e4f6fae4f538cc33d6044b7e33f12cf6e3992d55996fbb46,True
2026-07-28,XLF,veto:rank_score_below_floor,,0,2026-07-28-live-be8ee266,0,2026-07-28 17:54:27,36a8c45,2026-06-21,sha256:656b70be7dac0e61e4f6fae4f538cc33d6044b7e33f12cf6e3992d55996fbb46,True
2026-07-28,XLI,veto:rank_score_below_floor,,0,2026-07-28-live-be8ee266,0,2026-07-28 17:54:27,36a8c45,2026-06-21,sha256:656b70be7dac0e61e4f6fae4f538cc33d6044b7e33f12cf6e3992d55996fbb46,True
2026-07-28,XLK,conviction:mu_below_floor,,0,2026-07-28-live-be8ee266,0,2026-07-28 17:54:27,36a8c45,2026-06-21,sha256:656b70be7dac0e61e4f6fae4f538cc33d6044b7e33f12cf6e3992d55996fbb46,True
2026-07-28,XLU,veto:rank_score_below_floor,,0,2026-07-28-live-be8ee266,0,2026-07-28 17:54:27,36a8c45,2026-06-21,sha256:656b70be7dac0e61e4f6fae4f538cc33d6044b7e33f12cf6e3992d55996fbb46,True
2026-07-28,XLY,veto:rank_score_below_floor,,0,2026-07-28-live-be8ee266,0,2026-07-28 17:54:27,36a8c45,2026-06-21,sha256:656b70be7dac0e61e4f6fae4f538cc33d6044b7e33f12cf6e3992d55996fbb46,True
2026-07-28,AAPL,veto:rank_score_below_floor,,0,2026-07-28-live-5b859fff,1,2026-07-29 02:19:43,36a8c45,2026-06-21,sha256:656b70be7dac0e61e4f6fae4f538cc33d6044b7e33f12cf6e3992d55996fbb46,True
2026-07-28,ABBV,veto:rank_score_below_floor,,0,2026-07-28-live-5b859fff,1,2026-07-29 02:19:43,36a8c45,2026-06-21,sha256:656b70be7dac0e61e4f6fae4f538cc33d6044b7e33f12cf6e3992d55996fbb46,True
2026-07-28,ADI,veto:rank_score_below_floor,,0,2026-07-28-live-5b859fff,1,2026-07-29 02:19:43,36a8c45,2026-06-21,sha256:656b70be7dac0e61e4f6fae4f538cc33d6044b7e33f12cf6e3992d55996fbb46,True
2026-07-28,AEP,veto:rank_score_below_floor,,0,2026-07-28-live-5b859fff,1,2026-07-29 02:19:43,36a8c45,2026-06-21,sha256:656b70be7dac0e61e4f6fae4f538cc33d6044b7e33f12cf6e3992d55996fbb46,True
2026-07-28,ASML,not_selected,0.06123306015105458,0,2026-07-28-live-5b859fff,1,2026-07-29 02:19:43,36a8c45,2026-06-21,sha256:656b70be7dac0e61e4f6fae4f538cc33d6044b7e33f12cf6e3992d55996fbb46,True
2026-07-28,ATI,conviction:mu_below_floor,,0,2026-07-28-live-5b859fff,1,2026-07-29 02:19:43,36a8c45,2026-06-21,sha256:656b70be7dac0e61e4f6fae4f538cc33d6044b7e33f12cf6e3992d55996fbb46,True
2026-07-28,AXP,veto:rank_score_below_floor,,0,2026-07-28-live-5b859fff,1,2026-07-29 02:19:43,36a8c45,2026-06-21,sha256:656b70be7dac0e61e4f6fae4f538cc33d6044b7e33f12cf6e3992d55996fbb46,True
2026-07-28,BA,veto:rank_score_below_floor,,0,2026-07-28-live-5b859fff,1,2026-07-29 02:19:43,36a8c45,2026-06-21,sha256:656b70be7dac0e61e4f6fae4f538cc33d6044b7e33f12cf6e3992d55996fbb46,True
2026-07-28,BAC,veto:rank_score_below_floor,,0,2026-07-28-live-5b859fff,1,2026-07-29 02:19:43,36a8c45,2026-06-21,sha256:656b70be7dac0e61e4f6fae4f538cc33d6044b7e33f12cf6e3992d55996fbb46,True
2026-07-28,BLK,veto:rank_score_below_floor,,0,2026-07-28-live-5b859fff,1,2026-07-29 02:19:43,36a8c45,2026-06-21,sha256:656b70be7dac0e61e4f6fae4f538cc33d6044b7e33f12cf6e3992d55996fbb46,True
2026-07-28,BMY,veto:rank_score_below_floor,,0,2026-07-28-live-5b859fff,1,2026-07-29 02:19:43,36a8c45,2026-06-21,sha256:656b70be7dac0e61e4f6fae4f538cc33d6044b7e33f12cf6e3992d55996fbb46,True
2026-07-28,C,veto:rank_score_below_floor,,0,2026-07-28-live-5b859fff,1,2026-07-29 02:19:43,36a8c45,2026-06-21,sha256:656b70be7dac0e61e4f6fae4f538cc33d6044b7e33f12cf6e3992d55996fbb46,True
2026-07-28,CAT,veto:rank_score_below_floor,,0,2026-07-28-live-5b859fff,1,2026-07-29 02:19:43,36a8c45,2026-06-21,sha256:656b70be7dac0e61e4f6fae4f538cc33d6044b7e33f12cf6e3992d55996fbb46,True
2026-07-28,CMG,veto:rank_score_below_floor,,0,2026-07-28-live-5b859fff,1,2026-07-29 02:19:43,36a8c45,2026-06-21,sha256:656b70be7dac0e61e4f6fae4f538cc33d6044b7e33f12cf6e3992d55996fbb46,True
2026-07-28,CRM,veto:rank_score_below_floor,,0,2026-07-28-live-5b859fff,1,2026-07-29 02:19:43,36a8c45,2026-06-21,sha256:656b70be7dac0e61e4f6fae4f538cc33d6044b7e33f12cf6e3992d55996fbb46,True
2026-07-28,CVS,veto:rank_score_below_floor,,0,2026-07-28-live-5b859fff,1,2026-07-29 02:19:43,36a8c45,2026-06-21,sha256:656b70be7dac0e61e4f6fae4f538cc33d6044b7e33f12cf6e3992d55996fbb46,True
2026-07-28,D,veto:rank_score_below_floor,,0,2026-07-28-live-5b859fff,1,2026-07-29 02:19:43,36a8c45,2026-06-21,sha256:656b70be7dac0e61e4f6fae4f538cc33d6044b7e33f12cf6e3992d55996fbb46,True
2026-07-28,DE,veto:rank_score_below_floor,,0,2026-07-28-live-5b859fff,1,2026-07-29 02:19:43,36a8c45,2026-06-21,sha256:656b70be7dac0e61e4f6fae4f538cc33d6044b7e33f12cf6e3992d55996fbb46,True
2026-07-28,DLR,veto:rank_score_below_floor,,0,2026-07-28-live-5b859fff,1,2026-07-29 02:19:43,36a8c45,2026-06-21,sha256:656b70be7dac0e61e4f6fae4f538cc33d6044b7e33f12cf6e3992d55996fbb46,True
2026-07-28,DUK,veto:rank_score_below_floor,,0,2026-07-28-live-5b859fff,1,2026-07-29 02:19:43,36a8c45,2026-06-21,sha256:656b70be7dac0e61e4f6fae4f538cc33d6044b7e33f12cf6e3992d55996fbb46,True
2026-07-28,EMR,veto:rank_score_below_floor,,0,2026-07-28-live-5b859fff,1,2026-07-29 02:19:43,36a8c45,2026-06-21,sha256:656b70be7dac0e61e4f6fae4f538cc33d6044b7e33f12cf6e3992d55996fbb46,True
2026-07-28,EQIX,veto:rank_score_below_floor,,0,2026-07-28-live-5b859fff,1,2026-07-29 02:19:43,36a8c45,2026-06-21,sha256:656b70be7dac0e61e4f6fae4f538cc33d6044b7e33f12cf6e3992d55996fbb46,True
2026-07-28,ETN,veto:rank_score_below_floor,,0,2026-07-28-live-5b859fff,1,2026-07-29 02:19:43,36a8c45,2026-06-21,sha256:656b70be7dac0e61e4f6fae4f538cc33d6044b7e33f12cf6e3992d55996fbb46,True
2026-07-28,FDX,conviction:mu_below_floor,,0,2026-07-28-live-5b859fff,1,2026-07-29 02:19:43,36a8c45,2026-06-21,sha256:656b70be7dac0e61e4f6fae4f538cc33d6044b7e33f12cf6e3992d55996fbb46,True
2026-07-28,GE,conviction:mu_below_floor,,0,2026-07-28-live-5b859fff,1,2026-07-29 02:19:43,36a8c45,2026-06-21,sha256:656b70be7dac0e61e4f6fae4f538cc33d6044b7e33f12cf6e3992d55996fbb46,True
2026-07-28,GLD,veto:rank_score_below_floor,,0,2026-07-28-live-5b859fff,1,2026-07-29 02:19:43,36a8c45,2026-06-21,sha256:656b70be7dac0e61e4f6fae4f538cc33d6044b7e33f12cf6e3992d55996fbb46,True
2026-07-28,GM,veto:rank_score_below_floor,,0,2026-07-28-live-5b859fff,1,2026-07-29 02:19:43,36a8c45,2026-06-21,sha256:656b70be7dac0e61e4f6fae4f538cc33d6044b7e33f12cf6e3992d55996fbb46,True
2026-07-28,GOOG,conviction:mu_below_floor,,0,2026-07-28-live-5b859fff,1,2026-07-29 02:19:43,36a8c45,2026-06-21,sha256:656b70be7dac0e61e4f6fae4f538cc33d6044b7e33f12cf6e3992d55996fbb46,True
2026-07-28,GRMN,conviction:mu_below_floor,,0,2026-07-28-live-5b859fff,1,2026-07-29 02:19:43,36a8c45,2026-06-21,sha256:656b70be7dac0e61e4f6fae4f538cc33d6044b7e33f12cf6e3992d55996fbb46,True
2026-07-28,GS,veto:rank_score_below_floor,,0,2026-07-28-live-5b859fff,1,2026-07-29 02:19:43,36a8c45,2026-06-21,sha256:656b70be7dac0e61e4f6fae4f538cc33d6044b7e33f12cf6e3992d55996fbb46,True
2026-07-28,HD,veto:rank_score_below_floor,,0,2026-07-28-live-5b859fff,1,2026-07-29 02:19:43,36a8c45,2026-06-21,sha256:656b70be7dac0e61e4f6fae4f538cc33d6044b7e33f12cf6e3992d55996fbb46,True
2026-07-28,HLT,veto:rank_score_below_floor,,0,2026-07-28-live-5b859fff,1,2026-07-29 02:19:43,36a8c45,2026-06-21,sha256:656b70be7dac0e61e4f6fae4f538cc33d6044b7e33f12cf6e3992d55996fbb46,True
2026-07-28,HON,veto:rank_score_below_floor,,0,2026-07-28-live-5b859fff,1,2026-07-29 02:19:43,36a8c45,2026-06-21,sha256:656b70be7dac0e61e4f6fae4f538cc33d6044b7e33f12cf6e3992d55996fbb46,True
2026-07-28,JNJ,veto:rank_score_below_floor,,0,2026-07-28-live-5b859fff,1,2026-07-29 02:19:43,36a8c45,2026-06-21,sha256:656b70be7dac0e61e4f6fae4f538cc33d6044b7e33f12cf6e3992d55996fbb46,True
2026-07-28,JPM,veto:rank_score_below_floor,,0,2026-07-28-live-5b859fff,1,2026-07-29 02:19:43,36a8c45,2026-06-21,sha256:656b70be7dac0e61e4f6fae4f538cc33d6044b7e33f12cf6e3992d55996fbb46,True
2026-07-28,KO,veto:rank_score_below_floor,,0,2026-07-28-live-5b859fff,1,2026-07-29 02:19:43,36a8c45,2026-06-21,sha256:656b70be7dac0e61e4f6fae4f538cc33d6044b7e33f12cf6e3992d55996fbb46,True
2026-07-28,LHX,veto:rank_score_below_floor,,0,2026-07-28-live-5b859fff,1,2026-07-29 02:19:43,36a8c45,2026-06-21,sha256:656b70be7dac0e61e4f6fae4f538cc33d6044b7e33f12cf6e3992d55996fbb46,True
2026-07-28,LLY,veto:rank_score_below_floor,,0,2026-07-28-live-5b859fff,1,2026-07-29 02:19:43,36a8c45,2026-06-21,sha256:656b70be7dac0e61e4f6fae4f538cc33d6044b7e33f12cf6e3992d55996fbb46,True
2026-07-28,LMT,veto:rank_score_below_floor,,0,2026-07-28-live-5b859fff,1,2026-07-29 02:19:43,36a8c45,2026-06-21,sha256:656b70be7dac0e61e4f6fae4f538cc33d6044b7e33f12cf6e3992d55996fbb46,True
2026-07-28,MA,veto:rank_score_below_floor,,0,2026-07-28-live-5b859fff,1,2026-07-29 02:19:43,36a8c45,2026-06-21,sha256:656b70be7dac0e61e4f6fae4f538cc33d6044b7e33f12cf6e3992d55996fbb46,True
2026-07-28,META,veto:rank_score_below_floor,,0,2026-07-28-live-5b859fff,1,2026-07-29 02:19:43,36a8c45,2026-06-21,sha256:656b70be7dac0e61e4f6fae4f538cc33d6044b7e33f12cf6e3992d55996fbb46,True
2026-07-28,MMM,veto:rank_score_below_floor,,0,2026-07-28-live-5b859fff,1,2026-07-29 02:19:43,36a8c45,2026-06-21,sha256:656b70be7dac0e61e4f6fae4f538cc33d6044b7e33f12cf6e3992d55996fbb46,True
2026-07-28,MO,veto:rank_score_below_floor,,0,2026-07-28-live-5b859fff,1,2026-07-29 02:19:43,36a8c45,2026-06-21,sha256:656b70be7dac0e61e4f6fae4f538cc33d6044b7e33f12cf6e3992d55996fbb46,True
2026-07-28,MRK,conviction:mu_below_floor,,0,2026-07-28-live-5b859fff,1,2026-07-29 02:19:43,36a8c45,2026-06-21,sha256:656b70be7dac0e61e4f6fae4f538cc33d6044b7e33f12cf6e3992d55996fbb46,True
2026-07-28,MS,veto:rank_score_below_floor,,0,2026-07-28-live-5b859fff,1,2026-07-29 02:19:43,36a8c45,2026-06-21,sha256:656b70be7dac0e61e4f6fae4f538cc33d6044b7e33f12cf6e3992d55996fbb46,True
2026-07-28,MSFT,veto:rank_score_below_floor,,0,2026-07-28-live-5b859fff,1,2026-07-29 02:19:43,36a8c45,2026-06-21,sha256:656b70be7dac0e61e4f6fae4f538cc33d6044b7e33f12cf6e3992d55996fbb46,True
2026-07-28,NEM,conviction:mu_below_floor,,0,2026-07-28-live-5b859fff,1,2026-07-29 02:19:43,36a8c45,2026-06-21,sha256:656b70be7dac0e61e4f6fae4f538cc33d6044b7e33f12cf6e3992d55996fbb46,True
2026-07-28,NVDA,veto:rank_score_below_floor,,0,2026-07-28-live-5b859fff,1,2026-07-29 02:19:43,36a8c45,2026-06-21,sha256:656b70be7dac0e61e4f6fae4f538cc33d6044b7e33f12cf6e3992d55996fbb46,True
2026-07-28,OXY,veto:rank_score_below_floor,,0,2026-07-28-live-5b859fff,1,2026-07-29 02:19:43,36a8c45,2026-06-21,sha256:656b70be7dac0e61e4f6fae4f538cc33d6044b7e33f12cf6e3992d55996fbb46,True
2026-07-28,PG,veto:rank_score_below_floor,,0,2026-07-28-live-5b859fff,1,2026-07-29 02:19:43,36a8c45,2026-06-21,sha256:656b70be7dac0e61e4f6fae4f538cc33d6044b7e33f12cf6e3992d55996fbb46,True
2026-07-28,PH,veto:rank_score_below_floor,,0,2026-07-28-live-5b859fff,1,2026-07-29 02:19:43,36a8c45,2026-06-21,sha256:656b70be7dac0e61e4f6fae4f538cc33d6044b7e33f12cf6e3992d55996fbb46,True
2026-07-28,PM,conviction:mu_below_floor,,0,2026-07-28-live-5b859fff,1,2026-07-29 02:19:43,36a8c45,2026-06-21,sha256:656b70be7dac0e61e4f6fae4f538cc33d6044b7e33f12cf6e3992d55996fbb46,True
2026-07-28,PNC,veto:rank_score_below_floor,,0,2026-07-28-live-5b859fff,1,2026-07-29 02:19:43,36a8c45,2026-06-21,sha256:656b70be7dac0e61e4f6fae4f538cc33d6044b7e33f12cf6e3992d55996fbb46,True
2026-07-28,PYPL,conviction:mu_below_floor,,0,2026-07-28-live-5b859fff,1,2026-07-29 02:19:43,36a8c45,2026-06-21,sha256:656b70be7dac0e61e4f6fae4f538cc33d6044b7e33f12cf6e3992d55996fbb46,True
2026-07-28,ROST,veto:rank_score_below_floor,,0,2026-07-28-live-5b859fff,1,2026-07-29 02:19:43,36a8c45,2026-06-21,sha256:656b70be7dac0e61e4f6fae4f538cc33d6044b7e33f12cf6e3992d55996fbb46,True
2026-07-28,RTX,veto:rank_score_below_floor,,0,2026-07-28-live-5b859fff,1,2026-07-29 02:19:43,36a8c45,2026-06-21,sha256:656b70be7dac0e61e4f6fae4f538cc33d6044b7e33f12cf6e3992d55996fbb46,True
2026-07-28,SCHW,veto:rank_score_below_floor,,0,2026-07-28-live-5b859fff,1,2026-07-29 02:19:43,36a8c45,2026-06-21,sha256:656b70be7dac0e61e4f6fae4f538cc33d6044b7e33f12cf6e3992d55996fbb46,True
2026-07-28,SO,veto:rank_score_below_floor,,0,2026-07-28-live-5b859fff,1,2026-07-29 02:19:43,36a8c45,2026-06-21,sha256:656b70be7dac0e61e4f6fae4f538cc33d6044b7e33f12cf6e3992d55996fbb46,True
2026-07-28,SOFI,veto:rank_score_below_floor,,0,2026-07-28-live-5b859fff,1,2026-07-29 02:19:43,36a8c45,2026-06-21,sha256:656b70be7dac0e61e4f6fae4f538cc33d6044b7e33f12cf6e3992d55996fbb46,True
2026-07-28,SPG,size_insufficient_cash,0.06123306015105458,0,2026-07-28-live-5b859fff,1,2026-07-29 02:19:43,36a8c45,2026-06-21,sha256:656b70be7dac0e61e4f6fae4f538cc33d6044b7e33f12cf6e3992d55996fbb46,True
2026-07-28,SPOT,veto:rank_score_below_floor,,0,2026-07-28-live-5b859fff,1,2026-07-29 02:19:43,36a8c45,2026-06-21,sha256:656b70be7dac0e61e4f6fae4f538cc33d6044b7e33f12cf6e3992d55996fbb46,True
2026-07-28,TJX,veto:rank_score_below_floor,,0,2026-07-28-live-5b859fff,1,2026-07-29 02:19:43,36a8c45,2026-06-21,sha256:656b70be7dac0e61e4f6fae4f538cc33d6044b7e33f12cf6e3992d55996fbb46,True
2026-07-28,TMO,veto:rank_score_below_floor,,0,2026-07-28-live-5b859fff,1,2026-07-29 02:19:43,36a8c45,2026-06-21,sha256:656b70be7dac0e61e4f6fae4f538cc33d6044b7e33f12cf6e3992d55996fbb46,True
2026-07-28,TSM,veto:rank_score_below_floor,,0,2026-07-28-live-5b859fff,1,2026-07-29 02:19:43,36a8c45,2026-06-21,sha256:656b70be7dac0e61e4f6fae4f538cc33d6044b7e33f12cf6e3992d55996fbb46,True
2026-07-28,TXN,veto:rank_score_below_floor,,0,2026-07-28-live-5b859fff,1,2026-07-29 02:19:43,36a8c45,2026-06-21,sha256:656b70be7dac0e61e4f6fae4f538cc33d6044b7e33f12cf6e3992d55996fbb46,True
2026-07-28,UNH,veto:rank_score_below_floor,,0,2026-07-28-live-5b859fff,1,2026-07-29 02:19:43,36a8c45,2026-06-21,sha256:656b70be7dac0e61e4f6fae4f538cc33d6044b7e33f12cf6e3992d55996fbb46,True
2026-07-28,UNP,veto:rank_score_below_floor,,0,2026-07-28-live-5b859fff,1,2026-07-29 02:19:43,36a8c45,2026-06-21,sha256:656b70be7dac0e61e4f6fae4f538cc33d6044b7e33f12cf6e3992d55996fbb46,True
2026-07-28,V,veto:rank_score_below_floor,,0,2026-07-28-live-5b859fff,1,2026-07-29 02:19:43,36a8c45,2026-06-21,sha256:656b70be7dac0e61e4f6fae4f538cc33d6044b7e33f12cf6e3992d55996fbb46,True
2026-07-28,VLO,conviction:mu_below_floor,,0,2026-07-28-live-5b859fff,1,2026-07-29 02:19:43,36a8c45,2026-06-21,sha256:656b70be7dac0e61e4f6fae4f538cc33d6044b7e33f12cf6e3992d55996fbb46,True
2026-07-28,WELL,veto:rank_score_below_floor,,0,2026-07-28-live-5b859fff,1,2026-07-29 02:19:43,36a8c45,2026-06-21,sha256:656b70be7dac0e61e4f6fae4f538cc33d6044b7e33f12cf6e3992d55996fbb46,True
2026-07-28,WFC,veto:rank_score_below_floor,,0,2026-07-28-live-5b859fff,1,2026-07-29 02:19:43,36a8c45,2026-06-21,sha256:656b70be7dac0e61e4f6fae4f538cc33d6044b7e33f12cf6e3992d55996fbb46,True
2026-07-28,WMB,veto:rank_score_below_floor,,0,2026-07-28-live-5b859fff,1,2026-07-29 02:19:43,36a8c45,2026-06-21,sha256:656b70be7dac0e61e4f6fae4f538cc33d6044b7e33f12cf6e3992d55996fbb46,True
2026-07-28,WMT,conviction:mu_below_floor,,0,2026-07-28-live-5b859fff,1,2026-07-29 02:19:43,36a8c45,2026-06-21,sha256:656b70be7dac0e61e4f6fae4f538cc33d6044b7e33f12cf6e3992d55996fbb46,True
2026-07-28,XLF,veto:rank_score_below_floor,,0,2026-07-28-live-5b859fff,1,2026-07-29 02:19:43,36a8c45,2026-06-21,sha256:656b70be7dac0e61e4f6fae4f538cc33d6044b7e33f12cf6e3992d55996fbb46,True
2026-07-28,XLI,veto:rank_score_below_floor,,0,2026-07-28-live-5b859fff,1,2026-07-29 02:19:43,36a8c45,2026-06-21,sha256:656b70be7dac0e61e4f6fae4f538cc33d6044b7e33f12cf6e3992d55996fbb46,True
2026-07-28,XLK,conviction:mu_below_floor,,0,2026-07-28-live-5b859fff,1,2026-07-29 02:19:43,36a8c45,2026-06-21,sha256:656b70be7dac0e61e4f6fae4f538cc33d6044b7e33f12cf6e3992d55996fbb46,True
2026-07-28,XLU,veto:rank_score_below_floor,,0,2026-07-28-live-5b859fff,1,2026-07-29 02:19:43,36a8c45,2026-06-21,sha256:656b70be7dac0e61e4f6fae4f538cc33d6044b7e33f12cf6e3992d55996fbb46,True
2026-07-28,XLY,veto:rank_score_below_floor,,0,2026-07-28-live-5b859fff,1,2026-07-29 02:19:43,36a8c45,2026-06-21,sha256:656b70be7dac0e61e4f6fae4f538cc33d6044b7e33f12cf6e3992d55996fbb46,True
2026-07-29,AAPL,veto:rank_score_below_floor,,0,2026-07-29-live-34603e64,1,2026-07-29 21:08:15,36a8c45,2026-06-21,sha256:656b70be7dac0e61e4f6fae4f538cc33d6044b7e33f12cf6e3992d55996fbb46,True
2026-07-29,ABBV,veto:rank_score_below_floor,,0,2026-07-29-live-34603e64,1,2026-07-29 21:08:15,36a8c45,2026-06-21,sha256:656b70be7dac0e61e4f6fae4f538cc33d6044b7e33f12cf6e3992d55996fbb46,True
2026-07-29,ADI,veto:rank_score_below_floor,,0,2026-07-29-live-34603e64,1,2026-07-29 21:08:15,36a8c45,2026-06-21,sha256:656b70be7dac0e61e4f6fae4f538cc33d6044b7e33f12cf6e3992d55996fbb46,True
2026-07-29,AEP,veto:rank_score_below_floor,,0,2026-07-29-live-34603e64,1,2026-07-29 21:08:15,36a8c45,2026-06-21,sha256:656b70be7dac0e61e4f6fae4f538cc33d6044b7e33f12cf6e3992d55996fbb46,True
2026-07-29,ASML,not_selected,0.06247249891181025,0,2026-07-29-live-34603e64,1,2026-07-29 21:08:15,36a8c45,2026-06-21,sha256:656b70be7dac0e61e4f6fae4f538cc33d6044b7e33f12cf6e3992d55996fbb46,True
2026-07-29,ATI,conviction:mu_below_floor,,0,2026-07-29-live-34603e64,1,2026-07-29 21:08:15,36a8c45,2026-06-21,sha256:656b70be7dac0e61e4f6fae4f538cc33d6044b7e33f12cf6e3992d55996fbb46,True
2026-07-29,AXP,veto:rank_score_below_floor,,0,2026-07-29-live-34603e64,1,2026-07-29 21:08:15,36a8c45,2026-06-21,sha256:656b70be7dac0e61e4f6fae4f538cc33d6044b7e33f12cf6e3992d55996fbb46,True
2026-07-29,BA,veto:rank_score_below_floor,,0,2026-07-29-live-34603e64,1,2026-07-29 21:08:15,36a8c45,2026-06-21,sha256:656b70be7dac0e61e4f6fae4f538cc33d6044b7e33f12cf6e3992d55996fbb46,True
2026-07-29,BAC,veto:rank_score_below_floor,,0,2026-07-29-live-34603e64,1,2026-07-29 21:08:15,36a8c45,2026-06-21,sha256:656b70be7dac0e61e4f6fae4f538cc33d6044b7e33f12cf6e3992d55996fbb46,True
2026-07-29,BLK,veto:rank_score_below_floor,,0,2026-07-29-live-34603e64,1,2026-07-29 21:08:15,36a8c45,2026-06-21,sha256:656b70be7dac0e61e4f6fae4f538cc33d6044b7e33f12cf6e3992d55996fbb46,True
2026-07-29,BMY,veto:rank_score_below_floor,,0,2026-07-29-live-34603e64,1,2026-07-29 21:08:15,36a8c45,2026-06-21,sha256:656b70be7dac0e61e4f6fae4f538cc33d6044b7e33f12cf6e3992d55996fbb46,True
2026-07-29,C,veto:rank_score_below_floor,,0,2026-07-29-live-34603e64,1,2026-07-29 21:08:15,36a8c45,2026-06-21,sha256:656b70be7dac0e61e4f6fae4f538cc33d6044b7e33f12cf6e3992d55996fbb46,True
2026-07-29,CAT,veto:rank_score_below_floor,,0,2026-07-29-live-34603e64,1,2026-07-29 21:08:15,36a8c45,2026-06-21,sha256:656b70be7dac0e61e4f6fae4f538cc33d6044b7e33f12cf6e3992d55996fbb46,True
2026-07-29,CMG,veto:rank_score_below_floor,,0,2026-07-29-live-34603e64,1,2026-07-29 21:08:15,36a8c45,2026-06-21,sha256:656b70be7dac0e61e4f6fae4f538cc33d6044b7e33f12cf6e3992d55996fbb46,True
2026-07-29,CRM,veto:rank_score_below_floor,,0,2026-07-29-live-34603e64,1,2026-07-29 21:08:15,36a8c45,2026-06-21,sha256:656b70be7dac0e61e4f6fae4f538cc33d6044b7e33f12cf6e3992d55996fbb46,True
2026-07-29,CVS,veto:rank_score_below_floor,,0,2026-07-29-live-34603e64,1,2026-07-29 21:08:15,36a8c45,2026-06-21,sha256:656b70be7dac0e61e4f6fae4f538cc33d6044b7e33f12cf6e3992d55996fbb46,True
2026-07-29,D,veto:rank_score_below_floor,,0,2026-07-29-live-34603e64,1,2026-07-29 21:08:15,36a8c45,2026-06-21,sha256:656b70be7dac0e61e4f6fae4f538cc33d6044b7e33f12cf6e3992d55996fbb46,True
2026-07-29,DE,veto:rank_score_below_floor,,0,2026-07-29-live-34603e64,1,2026-07-29 21:08:15,36a8c45,2026-06-21,sha256:656b70be7dac0e61e4f6fae4f538cc33d6044b7e33f12cf6e3992d55996fbb46,True
2026-07-29,DLR,veto:rank_score_below_floor,,0,2026-07-29-live-34603e64,1,2026-07-29 21:08:15,36a8c45,2026-06-21,sha256:656b70be7dac0e61e4f6fae4f538cc33d6044b7e33f12cf6e3992d55996fbb46,True
2026-07-29,DUK,veto:rank_score_below_floor,,0,2026-07-29-live-34603e64,1,2026-07-29 21:08:15,36a8c45,2026-06-21,sha256:656b70be7dac0e61e4f6fae4f538cc33d6044b7e33f12cf6e3992d55996fbb46,True
2026-07-29,EMR,veto:rank_score_below_floor,,0,2026-07-29-live-34603e64,1,2026-07-29 21:08:15,36a8c45,2026-06-21,sha256:656b70be7dac0e61e4f6fae4f538cc33d6044b7e33f12cf6e3992d55996fbb46,True
2026-07-29,EQIX,veto:rank_score_below_floor,,0,2026-07-29-live-34603e64,1,2026-07-29 21:08:15,36a8c45,2026-06-21,sha256:656b70be7dac0e61e4f6fae4f538cc33d6044b7e33f12cf6e3992d55996fbb46,True
2026-07-29,ETN,veto:rank_score_below_floor,,0,2026-07-29-live-34603e64,1,2026-07-29 21:08:15,36a8c45,2026-06-21,sha256:656b70be7dac0e61e4f6fae4f538cc33d6044b7e33f12cf6e3992d55996fbb46,True
2026-07-29,FDX,conviction:mu_below_floor,,0,2026-07-29-live-34603e64,1,2026-07-29 21:08:15,36a8c45,2026-06-21,sha256:656b70be7dac0e61e4f6fae4f538cc33d6044b7e33f12cf6e3992d55996fbb46,True
2026-07-29,GE,conviction:mu_below_floor,,0,2026-07-29-live-34603e64,1,2026-07-29 21:08:15,36a8c45,2026-06-21,sha256:656b70be7dac0e61e4f6fae4f538cc33d6044b7e33f12cf6e3992d55996fbb46,True
2026-07-29,GLD,veto:rank_score_below_floor,,0,2026-07-29-live-34603e64,1,2026-07-29 21:08:15,36a8c45,2026-06-21,sha256:656b70be7dac0e61e4f6fae4f538cc33d6044b7e33f12cf6e3992d55996fbb46,True
2026-07-29,GM,veto:rank_score_below_floor,,0,2026-07-29-live-34603e64,1,2026-07-29 21:08:15,36a8c45,2026-06-21,sha256:656b70be7dac0e61e4f6fae4f538cc33d6044b7e33f12cf6e3992d55996fbb46,True
2026-07-29,GOOG,conviction:mu_below_floor,,0,2026-07-29-live-34603e64,1,2026-07-29 21:08:15,36a8c45,2026-06-21,sha256:656b70be7dac0e61e4f6fae4f538cc33d6044b7e33f12cf6e3992d55996fbb46,True
2026-07-29,GRMN,conviction:mu_below_floor,,0,2026-07-29-live-34603e64,1,2026-07-29 21:08:15,36a8c45,2026-06-21,sha256:656b70be7dac0e61e4f6fae4f538cc33d6044b7e33f12cf6e3992d55996fbb46,True
2026-07-29,GS,veto:rank_score_below_floor,,0,2026-07-29-live-34603e64,1,2026-07-29 21:08:15,36a8c45,2026-06-21,sha256:656b70be7dac0e61e4f6fae4f538cc33d6044b7e33f12cf6e3992d55996fbb46,True
2026-07-29,HD,veto:rank_score_below_floor,,0,2026-07-29-live-34603e64,1,2026-07-29 21:08:15,36a8c45,2026-06-21,sha256:656b70be7dac0e61e4f6fae4f538cc33d6044b7e33f12cf6e3992d55996fbb46,True
2026-07-29,HLT,veto:rank_score_below_floor,,0,2026-07-29-live-34603e64,1,2026-07-29 21:08:15,36a8c45,2026-06-21,sha256:656b70be7dac0e61e4f6fae4f538cc33d6044b7e33f12cf6e3992d55996fbb46,True
2026-07-29,HON,veto:rank_score_below_floor,,0,2026-07-29-live-34603e64,1,2026-07-29 21:08:15,36a8c45,2026-06-21,sha256:656b70be7dac0e61e4f6fae4f538cc33d6044b7e33f12cf6e3992d55996fbb46,True
2026-07-29,JNJ,veto:rank_score_below_floor,,0,2026-07-29-live-34603e64,1,2026-07-29 21:08:15,36a8c45,2026-06-21,sha256:656b70be7dac0e61e4f6fae4f538cc33d6044b7e33f12cf6e3992d55996fbb46,True
2026-07-29,JPM,veto:rank_score_below_floor,,0,2026-07-29-live-34603e64,1,2026-07-29 21:08:15,36a8c45,2026-06-21,sha256:656b70be7dac0e61e4f6fae4f538cc33d6044b7e33f12cf6e3992d55996fbb46,True
2026-07-29,KO,veto:rank_score_below_floor,,0,2026-07-29-live-34603e64,1,2026-07-29 21:08:15,36a8c45,2026-06-21,sha256:656b70be7dac0e61e4f6fae4f538cc33d6044b7e33f12cf6e3992d55996fbb46,True
2026-07-29,LHX,veto:rank_score_below_floor,,0,2026-07-29-live-34603e64,1,2026-07-29 21:08:15,36a8c45,2026-06-21,sha256:656b70be7dac0e61e4f6fae4f538cc33d6044b7e33f12cf6e3992d55996fbb46,True
2026-07-29,LLY,veto:rank_score_below_floor,,0,2026-07-29-live-34603e64,1,2026-07-29 21:08:15,36a8c45,2026-06-21,sha256:656b70be7dac0e61e4f6fae4f538cc33d6044b7e33f12cf6e3992d55996fbb46,True
2026-07-29,LMT,veto:rank_score_below_floor,,0,2026-07-29-live-34603e64,1,2026-07-29 21:08:15,36a8c45,2026-06-21,sha256:656b70be7dac0e61e4f6fae4f538cc33d6044b7e33f12cf6e3992d55996fbb46,True
2026-07-29,MA,veto:rank_score_below_floor,,0,2026-07-29-live-34603e64,1,2026-07-29 21:08:15,36a8c45,2026-06-21,sha256:656b70be7dac0e61e4f6fae4f538cc33d6044b7e33f12cf6e3992d55996fbb46,True
2026-07-29,META,veto:rank_score_below_floor,,0,2026-07-29-live-34603e64,1,2026-07-29 21:08:15,36a8c45,2026-06-21,sha256:656b70be7dac0e61e4f6fae4f538cc33d6044b7e33f12cf6e3992d55996fbb46,True
2026-07-29,MMM,veto:rank_score_below_floor,,0,2026-07-29-live-34603e64,1,2026-07-29 21:08:15,36a8c45,2026-06-21,sha256:656b70be7dac0e61e4f6fae4f538cc33d6044b7e33f12cf6e3992d55996fbb46,True
2026-07-29,MO,veto:rank_score_below_floor,,0,2026-07-29-live-34603e64,1,2026-07-29 21:08:15,36a8c45,2026-06-21,sha256:656b70be7dac0e61e4f6fae4f538cc33d6044b7e33f12cf6e3992d55996fbb46,True
2026-07-29,MRK,conviction:mu_below_floor,,0,2026-07-29-live-34603e64,1,2026-07-29 21:08:15,36a8c45,2026-06-21,sha256:656b70be7dac0e61e4f6fae4f538cc33d6044b7e33f12cf6e3992d55996fbb46,True
2026-07-29,MS,veto:rank_score_below_floor,,0,2026-07-29-live-34603e64,1,2026-07-29 21:08:15,36a8c45,2026-06-21,sha256:656b70be7dac0e61e4f6fae4f538cc33d6044b7e33f12cf6e3992d55996fbb46,True
2026-07-29,MSFT,veto:rank_score_below_floor,,0,2026-07-29-live-34603e64,1,2026-07-29 21:08:15,36a8c45,2026-06-21,sha256:656b70be7dac0e61e4f6fae4f538cc33d6044b7e33f12cf6e3992d55996fbb46,True
2026-07-29,NEM,conviction:mu_below_floor,,0,2026-07-29-live-34603e64,1,2026-07-29 21:08:15,36a8c45,2026-06-21,sha256:656b70be7dac0e61e4f6fae4f538cc33d6044b7e33f12cf6e3992d55996fbb46,True
2026-07-29,NVDA,veto:rank_score_below_floor,,0,2026-07-29-live-34603e64,1,2026-07-29 21:08:15,36a8c45,2026-06-21,sha256:656b70be7dac0e61e4f6fae4f538cc33d6044b7e33f12cf6e3992d55996fbb46,True
2026-07-29,OXY,veto:rank_score_below_floor,,0,2026-07-29-live-34603e64,1,2026-07-29 21:08:15,36a8c45,2026-06-21,sha256:656b70be7dac0e61e4f6fae4f538cc33d6044b7e33f12cf6e3992d55996fbb46,True
2026-07-29,PG,veto:rank_score_below_floor,,0,2026-07-29-live-34603e64,1,2026-07-29 21:08:15,36a8c45,2026-06-21,sha256:656b70be7dac0e61e4f6fae4f538cc33d6044b7e33f12cf6e3992d55996fbb46,True
2026-07-29,PH,veto:rank_score_below_floor,,0,2026-07-29-live-34603e64,1,2026-07-29 21:08:15,36a8c45,2026-06-21,sha256:656b70be7dac0e61e4f6fae4f538cc33d6044b7e33f12cf6e3992d55996fbb46,True
2026-07-29,PM,conviction:mu_below_floor,,0,2026-07-29-live-34603e64,1,2026-07-29 21:08:15,36a8c45,2026-06-21,sha256:656b70be7dac0e61e4f6fae4f538cc33d6044b7e33f12cf6e3992d55996fbb46,True
2026-07-29,PNC,veto:rank_score_below_floor,,0,2026-07-29-live-34603e64,1,2026-07-29 21:08:15,36a8c45,2026-06-21,sha256:656b70be7dac0e61e4f6fae4f538cc33d6044b7e33f12cf6e3992d55996fbb46,True
2026-07-29,PYPL,conviction:mu_below_floor,,0,2026-07-29-live-34603e64,1,2026-07-29 21:08:15,36a8c45,2026-06-21,sha256:656b70be7dac0e61e4f6fae4f538cc33d6044b7e33f12cf6e3992d55996fbb46,True
2026-07-29,ROST,conviction:mu_below_floor,,0,2026-07-29-live-34603e64,1,2026-07-29 21:08:15,36a8c45,2026-06-21,sha256:656b70be7dac0e61e4f6fae4f538cc33d6044b7e33f12cf6e3992d55996fbb46,True
2026-07-29,RTX,veto:rank_score_below_floor,,0,2026-07-29-live-34603e64,1,2026-07-29 21:08:15,36a8c45,2026-06-21,sha256:656b70be7dac0e61e4f6fae4f538cc33d6044b7e33f12cf6e3992d55996fbb46,True
2026-07-29,SCHW,veto:rank_score_below_floor,,0,2026-07-29-live-34603e64,1,2026-07-29 21:08:15,36a8c45,2026-06-21,sha256:656b70be7dac0e61e4f6fae4f538cc33d6044b7e33f12cf6e3992d55996fbb46,True
2026-07-29,SO,veto:rank_score_below_floor,,0,2026-07-29-live-34603e64,1,2026-07-29 21:08:15,36a8c45,2026-06-21,sha256:656b70be7dac0e61e4f6fae4f538cc33d6044b7e33f12cf6e3992d55996fbb46,True
2026-07-29,SOFI,veto:rank_score_below_floor,,0,2026-07-29-live-34603e64,1,2026-07-29 21:08:15,36a8c45,2026-06-21,sha256:656b70be7dac0e61e4f6fae4f538cc33d6044b7e33f12cf6e3992d55996fbb46,True
2026-07-29,SPG,not_selected,0.06247249891181025,0,2026-07-29-live-34603e64,1,2026-07-29 21:08:15,36a8c45,2026-06-21,sha256:656b70be7dac0e61e4f6fae4f538cc33d6044b7e33f12cf6e3992d55996fbb46,True
2026-07-29,SPOT,veto:rank_score_below_floor,,0,2026-07-29-live-34603e64,1,2026-07-29 21:08:15,36a8c45,2026-06-21,sha256:656b70be7dac0e61e4f6fae4f538cc33d6044b7e33f12cf6e3992d55996fbb46,True
2026-07-29,TJX,veto:rank_score_below_floor,,0,2026-07-29-live-34603e64,1,2026-07-29 21:08:15,36a8c45,2026-06-21,sha256:656b70be7dac0e61e4f6fae4f538cc33d6044b7e33f12cf6e3992d55996fbb46,True
2026-07-29,TMO,veto:rank_score_below_floor,,0,2026-07-29-live-34603e64,1,2026-07-29 21:08:15,36a8c45,2026-06-21,sha256:656b70be7dac0e61e4f6fae4f538cc33d6044b7e33f12cf6e3992d55996fbb46,True
2026-07-29,TSM,veto:rank_score_below_floor,,0,2026-07-29-live-34603e64,1,2026-07-29 21:08:15,36a8c45,2026-06-21,sha256:656b70be7dac0e61e4f6fae4f538cc33d6044b7e33f12cf6e3992d55996fbb46,True
2026-07-29,TXN,veto:rank_score_below_floor,,0,2026-07-29-live-34603e64,1,2026-07-29 21:08:15,36a8c45,2026-06-21,sha256:656b70be7dac0e61e4f6fae4f538cc33d6044b7e33f12cf6e3992d55996fbb46,True
2026-07-29,UNH,veto:rank_score_below_floor,,0,2026-07-29-live-34603e64,1,2026-07-29 21:08:15,36a8c45,2026-06-21,sha256:656b70be7dac0e61e4f6fae4f538cc33d6044b7e33f12cf6e3992d55996fbb46,True
2026-07-29,UNP,veto:rank_score_below_floor,,0,2026-07-29-live-34603e64,1,2026-07-29 21:08:15,36a8c45,2026-06-21,sha256:656b70be7dac0e61e4f6fae4f538cc33d6044b7e33f12cf6e3992d55996fbb46,True
2026-07-29,V,veto:rank_score_below_floor,,0,2026-07-29-live-34603e64,1,2026-07-29 21:08:15,36a8c45,2026-06-21,sha256:656b70be7dac0e61e4f6fae4f538cc33d6044b7e33f12cf6e3992d55996fbb46,True
2026-07-29,VLO,conviction:mu_below_floor,,0,2026-07-29-live-34603e64,1,2026-07-29 21:08:15,36a8c45,2026-06-21,sha256:656b70be7dac0e61e4f6fae4f538cc33d6044b7e33f12cf6e3992d55996fbb46,True
2026-07-29,WELL,veto:rank_score_below_floor,,0,2026-07-29-live-34603e64,1,2026-07-29 21:08:15,36a8c45,2026-06-21,sha256:656b70be7dac0e61e4f6fae4f538cc33d6044b7e33f12cf6e3992d55996fbb46,True
2026-07-29,WFC,veto:rank_score_below_floor,,0,2026-07-29-live-34603e64,1,2026-07-29 21:08:15,36a8c45,2026-06-21,sha256:656b70be7dac0e61e4f6fae4f538cc33d6044b7e33f12cf6e3992d55996fbb46,True
2026-07-29,WMB,veto:rank_score_below_floor,,0,2026-07-29-live-34603e64,1,2026-07-29 21:08:15,36a8c45,2026-06-21,sha256:656b70be7dac0e61e4f6fae4f538cc33d6044b7e33f12cf6e3992d55996fbb46,True
2026-07-29,WMT,conviction:mu_below_floor,,0,2026-07-29-live-34603e64,1,2026-07-29 21:08:15,36a8c45,2026-06-21,sha256:656b70be7dac0e61e4f6fae4f538cc33d6044b7e33f12cf6e3992d55996fbb46,True
2026-07-29,XLF,veto:rank_score_below_floor,,0,2026-07-29-live-34603e64,1,2026-07-29 21:08:15,36a8c45,2026-06-21,sha256:656b70be7dac0e61e4f6fae4f538cc33d6044b7e33f12cf6e3992d55996fbb46,True
2026-07-29,XLI,veto:rank_score_below_floor,,0,2026-07-29-live-34603e64,1,2026-07-29 21:08:15,36a8c45,2026-06-21,sha256:656b70be7dac0e61e4f6fae4f538cc33d6044b7e33f12cf6e3992d55996fbb46,True
2026-07-29,XLK,conviction:mu_below_floor,,0,2026-07-29-live-34603e64,1,2026-07-29 21:08:15,36a8c45,2026-06-21,sha256:656b70be7dac0e61e4f6fae4f538cc33d6044b7e33f12cf6e3992d55996fbb46,True
2026-07-29,XLU,veto:rank_score_below_floor,,0,2026-07-29-live-34603e64,1,2026-07-29 21:08:15,36a8c45,2026-06-21,sha256:656b70be7dac0e61e4f6fae4f538cc33d6044b7e33f12cf6e3992d55996fbb46,True
2026-07-29,XLY,veto:rank_score_below_floor,,0,2026-07-29-live-34603e64,1,2026-07-29 21:08:15,36a8c45,2026-06-21,sha256:656b70be7dac0e61e4f6fae4f538cc33d6044b7e33f12cf6e3992d55996fbb46,True
2026-07-30,AAPL,veto:rank_score_below_floor,,0,2026-07-30-live-7521e521,1,2026-07-30 21:08:01,3f4e3d6,2026-06-21,sha256:656b70be7dac0e61e4f6fae4f538cc33d6044b7e33f12cf6e3992d55996fbb46,True
2026-07-30,ABBV,conviction:mu_below_floor,,0,2026-07-30-live-7521e521,1,2026-07-30 21:08:01,3f4e3d6,2026-06-21,sha256:656b70be7dac0e61e4f6fae4f538cc33d6044b7e33f12cf6e3992d55996fbb46,True
2026-07-30,ADI,veto:rank_score_below_floor,,0,2026-07-30-live-7521e521,1,2026-07-30 21:08:01,3f4e3d6,2026-06-21,sha256:656b70be7dac0e61e4f6fae4f538cc33d6044b7e33f12cf6e3992d55996fbb46,True
2026-07-30,AEP,veto:rank_score_below_floor,,0,2026-07-30-live-7521e521,1,2026-07-30 21:08:01,3f4e3d6,2026-06-21,sha256:656b70be7dac0e61e4f6fae4f538cc33d6044b7e33f12cf6e3992d55996fbb46,True
2026-07-30,ATI,conviction:mu_below_floor,,0,2026-07-30-live-7521e521,1,2026-07-30 21:08:01,3f4e3d6,2026-06-21,sha256:656b70be7dac0e61e4f6fae4f538cc33d6044b7e33f12cf6e3992d55996fbb46,True
2026-07-30,AXP,veto:rank_score_below_floor,,0,2026-07-30-live-7521e521,1,2026-07-30 21:08:01,3f4e3d6,2026-06-21,sha256:656b70be7dac0e61e4f6fae4f538cc33d6044b7e33f12cf6e3992d55996fbb46,True
2026-07-30,BA,veto:rank_score_below_floor,,0,2026-07-30-live-7521e521,1,2026-07-30 21:08:01,3f4e3d6,2026-06-21,sha256:656b70be7dac0e61e4f6fae4f538cc33d6044b7e33f12cf6e3992d55996fbb46,True
2026-07-30,BAC,veto:rank_score_below_floor,,0,2026-07-30-live-7521e521,1,2026-07-30 21:08:01,3f4e3d6,2026-06-21,sha256:656b70be7dac0e61e4f6fae4f538cc33d6044b7e33f12cf6e3992d55996fbb46,True
2026-07-30,BLK,veto:rank_score_below_floor,,0,2026-07-30-live-7521e521,1,2026-07-30 21:08:01,3f4e3d6,2026-06-21,sha256:656b70be7dac0e61e4f6fae4f538cc33d6044b7e33f12cf6e3992d55996fbb46,True
2026-07-30,BMY,veto:rank_score_below_floor,,0,2026-07-30-live-7521e521,1,2026-07-30 21:08:01,3f4e3d6,2026-06-21,sha256:656b70be7dac0e61e4f6fae4f538cc33d6044b7e33f12cf6e3992d55996fbb46,True
2026-07-30,C,veto:rank_score_below_floor,,0,2026-07-30-live-7521e521,1,2026-07-30 21:08:01,3f4e3d6,2026-06-21,sha256:656b70be7dac0e61e4f6fae4f538cc33d6044b7e33f12cf6e3992d55996fbb46,True
2026-07-30,CAT,veto:rank_score_below_floor,,0,2026-07-30-live-7521e521,1,2026-07-30 21:08:01,3f4e3d6,2026-06-21,sha256:656b70be7dac0e61e4f6fae4f538cc33d6044b7e33f12cf6e3992d55996fbb46,True
2026-07-30,CMG,veto:rank_score_below_floor,,0,2026-07-30-live-7521e521,1,2026-07-30 21:08:01,3f4e3d6,2026-06-21,sha256:656b70be7dac0e61e4f6fae4f538cc33d6044b7e33f12cf6e3992d55996fbb46,True
2026-07-30,CRM,veto:rank_score_below_floor,,0,2026-07-30-live-7521e521,1,2026-07-30 21:08:01,3f4e3d6,2026-06-21,sha256:656b70be7dac0e61e4f6fae4f538cc33d6044b7e33f12cf6e3992d55996fbb46,True
2026-07-30,CVS,veto:rank_score_below_floor,,0,2026-07-30-live-7521e521,1,2026-07-30 21:08:01,3f4e3d6,2026-06-21,sha256:656b70be7dac0e61e4f6fae4f538cc33d6044b7e33f12cf6e3992d55996fbb46,True
2026-07-30,D,veto:rank_score_below_floor,,0,2026-07-30-live-7521e521,1,2026-07-30 21:08:01,3f4e3d6,2026-06-21,sha256:656b70be7dac0e61e4f6fae4f538cc33d6044b7e33f12cf6e3992d55996fbb46,True
2026-07-30,DE,veto:rank_score_below_floor,,0,2026-07-30-live-7521e521,1,2026-07-30 21:08:01,3f4e3d6,2026-06-21,sha256:656b70be7dac0e61e4f6fae4f538cc33d6044b7e33f12cf6e3992d55996fbb46,True
2026-07-30,DLR,veto:rank_score_below_floor,,0,2026-07-30-live-7521e521,1,2026-07-30 21:08:01,3f4e3d6,2026-06-21,sha256:656b70be7dac0e61e4f6fae4f538cc33d6044b7e33f12cf6e3992d55996fbb46,True
2026-07-30,DUK,veto:rank_score_below_floor,,0,2026-07-30-live-7521e521,1,2026-07-30 21:08:01,3f4e3d6,2026-06-21,sha256:656b70be7dac0e61e4f6fae4f538cc33d6044b7e33f12cf6e3992d55996fbb46,True
2026-07-30,EMR,veto:rank_score_below_floor,,0,2026-07-30-live-7521e521,1,2026-07-30 21:08:01,3f4e3d6,2026-06-21,sha256:656b70be7dac0e61e4f6fae4f538cc33d6044b7e33f12cf6e3992d55996fbb46,True
2026-07-30,EQIX,veto:rank_score_below_floor,,0,2026-07-30-live-7521e521,1,2026-07-30 21:08:01,3f4e3d6,2026-06-21,sha256:656b70be7dac0e61e4f6fae4f538cc33d6044b7e33f12cf6e3992d55996fbb46,True
2026-07-30,ETN,veto:rank_score_below_floor,,0,2026-07-30-live-7521e521,1,2026-07-30 21:08:01,3f4e3d6,2026-06-21,sha256:656b70be7dac0e61e4f6fae4f538cc33d6044b7e33f12cf6e3992d55996fbb46,True
2026-07-30,FDX,conviction:mu_below_floor,,0,2026-07-30-live-7521e521,1,2026-07-30 21:08:01,3f4e3d6,2026-06-21,sha256:656b70be7dac0e61e4f6fae4f538cc33d6044b7e33f12cf6e3992d55996fbb46,True
2026-07-30,GE,conviction:mu_below_floor,,0,2026-07-30-live-7521e521,1,2026-07-30 21:08:01,3f4e3d6,2026-06-21,sha256:656b70be7dac0e61e4f6fae4f538cc33d6044b7e33f12cf6e3992d55996fbb46,True
2026-07-30,GLD,veto:rank_score_below_floor,,0,2026-07-30-live-7521e521,1,2026-07-30 21:08:01,3f4e3d6,2026-06-21,sha256:656b70be7dac0e61e4f6fae4f538cc33d6044b7e33f12cf6e3992d55996fbb46,True
2026-07-30,GM,veto:rank_score_below_floor,,0,2026-07-30-live-7521e521,1,2026-07-30 21:08:01,3f4e3d6,2026-06-21,sha256:656b70be7dac0e61e4f6fae4f538cc33d6044b7e33f12cf6e3992d55996fbb46,True
2026-07-30,GOOG,conviction:mu_below_floor,,0,2026-07-30-live-7521e521,1,2026-07-30 21:08:01,3f4e3d6,2026-06-21,sha256:656b70be7dac0e61e4f6fae4f538cc33d6044b7e33f12cf6e3992d55996fbb46,True
2026-07-30,GRMN,conviction:mu_below_floor,,0,2026-07-30-live-7521e521,1,2026-07-30 21:08:01,3f4e3d6,2026-06-21,sha256:656b70be7dac0e61e4f6fae4f538cc33d6044b7e33f12cf6e3992d55996fbb46,True
2026-07-30,GS,veto:rank_score_below_floor,,0,2026-07-30-live-7521e521,1,2026-07-30 21:08:01,3f4e3d6,2026-06-21,sha256:656b70be7dac0e61e4f6fae4f538cc33d6044b7e33f12cf6e3992d55996fbb46,True
2026-07-30,HD,veto:rank_score_below_floor,,0,2026-07-30-live-7521e521,1,2026-07-30 21:08:01,3f4e3d6,2026-06-21,sha256:656b70be7dac0e61e4f6fae4f538cc33d6044b7e33f12cf6e3992d55996fbb46,True
2026-07-30,HLT,veto:rank_score_below_floor,,0,2026-07-30-live-7521e521,1,2026-07-30 21:08:01,3f4e3d6,2026-06-21,sha256:656b70be7dac0e61e4f6fae4f538cc33d6044b7e33f12cf6e3992d55996fbb46,True
2026-07-30,HON,veto:rank_score_below_floor,,0,2026-07-30-live-7521e521,1,2026-07-30 21:08:01,3f4e3d6,2026-06-21,sha256:656b70be7dac0e61e4f6fae4f538cc33d6044b7e33f12cf6e3992d55996fbb46,True
2026-07-30,JNJ,veto:rank_score_below_floor,,0,2026-07-30-live-7521e521,1,2026-07-30 21:08:01,3f4e3d6,2026-06-21,sha256:656b70be7dac0e61e4f6fae4f538cc33d6044b7e33f12cf6e3992d55996fbb46,True
2026-07-30,JPM,veto:rank_score_below_floor,,0,2026-07-30-live-7521e521,1,2026-07-30 21:08:01,3f4e3d6,2026-06-21,sha256:656b70be7dac0e61e4f6fae4f538cc33d6044b7e33f12cf6e3992d55996fbb46,True
2026-07-30,KO,veto:rank_score_below_floor,,0,2026-07-30-live-7521e521,1,2026-07-30 21:08:01,3f4e3d6,2026-06-21,sha256:656b70be7dac0e61e4f6fae4f538cc33d6044b7e33f12cf6e3992d55996fbb46,True
2026-07-30,LHX,veto:rank_score_below_floor,,0,2026-07-30-live-7521e521,1,2026-07-30 21:08:01,3f4e3d6,2026-06-21,sha256:656b70be7dac0e61e4f6fae4f538cc33d6044b7e33f12cf6e3992d55996fbb46,True
2026-07-30,LLY,veto:rank_score_below_floor,,0,2026-07-30-live-7521e521,1,2026-07-30 21:08:01,3f4e3d6,2026-06-21,sha256:656b70be7dac0e61e4f6fae4f538cc33d6044b7e33f12cf6e3992d55996fbb46,True
2026-07-30,LMT,veto:rank_score_below_floor,,0,2026-07-30-live-7521e521,1,2026-07-30 21:08:01,3f4e3d6,2026-06-21,sha256:656b70be7dac0e61e4f6fae4f538cc33d6044b7e33f12cf6e3992d55996fbb46,True
2026-07-30,MA,veto:rank_score_below_floor,,0,2026-07-30-live-7521e521,1,2026-07-30 21:08:01,3f4e3d6,2026-06-21,sha256:656b70be7dac0e61e4f6fae4f538cc33d6044b7e33f12cf6e3992d55996fbb46,True
2026-07-30,META,veto:rank_score_below_floor,,0,2026-07-30-live-7521e521,1,2026-07-30 21:08:01,3f4e3d6,2026-06-21,sha256:656b70be7dac0e61e4f6fae4f538cc33d6044b7e33f12cf6e3992d55996fbb46,True
2026-07-30,MMM,veto:rank_score_below_floor,,0,2026-07-30-live-7521e521,1,2026-07-30 21:08:01,3f4e3d6,2026-06-21,sha256:656b70be7dac0e61e4f6fae4f538cc33d6044b7e33f12cf6e3992d55996fbb46,True
2026-07-30,MO,conviction:mu_below_floor,,0,2026-07-30-live-7521e521,1,2026-07-30 21:08:01,3f4e3d6,2026-06-21,sha256:656b70be7dac0e61e4f6fae4f538cc33d6044b7e33f12cf6e3992d55996fbb46,True
2026-07-30,MRK,conviction:mu_below_floor,,0,2026-07-30-live-7521e521,1,2026-07-30 21:08:01,3f4e3d6,2026-06-21,sha256:656b70be7dac0e61e4f6fae4f538cc33d6044b7e33f12cf6e3992d55996fbb46,True
2026-07-30,MS,veto:rank_score_below_floor,,0,2026-07-30-live-7521e521,1,2026-07-30 21:08:01,3f4e3d6,2026-06-21,sha256:656b70be7dac0e61e4f6fae4f538cc33d6044b7e33f12cf6e3992d55996fbb46,True
2026-07-30,MSFT,veto:rank_score_below_floor,,0,2026-07-30-live-7521e521,1,2026-07-30 21:08:01,3f4e3d6,2026-06-21,sha256:656b70be7dac0e61e4f6fae4f538cc33d6044b7e33f12cf6e3992d55996fbb46,True
2026-07-30,NEM,conviction:mu_below_floor,,0,2026-07-30-live-7521e521,1,2026-07-30 21:08:01,3f4e3d6,2026-06-21,sha256:656b70be7dac0e61e4f6fae4f538cc33d6044b7e33f12cf6e3992d55996fbb46,True
2026-07-30,NVDA,veto:rank_score_below_floor,,0,2026-07-30-live-7521e521,1,2026-07-30 21:08:01,3f4e3d6,2026-06-21,sha256:656b70be7dac0e61e4f6fae4f538cc33d6044b7e33f12cf6e3992d55996fbb46,True
2026-07-30,OXY,veto:rank_score_below_floor,,0,2026-07-30-live-7521e521,1,2026-07-30 21:08:01,3f4e3d6,2026-06-21,sha256:656b70be7dac0e61e4f6fae4f538cc33d6044b7e33f12cf6e3992d55996fbb46,True
2026-07-30,PG,veto:rank_score_below_floor,,0,2026-07-30-live-7521e521,1,2026-07-30 21:08:01,3f4e3d6,2026-06-21,sha256:656b70be7dac0e61e4f6fae4f538cc33d6044b7e33f12cf6e3992d55996fbb46,True
2026-07-30,PH,veto:rank_score_below_floor,,0,2026-07-30-live-7521e521,1,2026-07-30 21:08:01,3f4e3d6,2026-06-21,sha256:656b70be7dac0e61e4f6fae4f538cc33d6044b7e33f12cf6e3992d55996fbb46,True
2026-07-30,PM,conviction:mu_below_floor,,0,2026-07-30-live-7521e521,1,2026-07-30 21:08:01,3f4e3d6,2026-06-21,sha256:656b70be7dac0e61e4f6fae4f538cc33d6044b7e33f12cf6e3992d55996fbb46,True
2026-07-30,PNC,veto:rank_score_below_floor,,0,2026-07-30-live-7521e521,1,2026-07-30 21:08:01,3f4e3d6,2026-06-21,sha256:656b70be7dac0e61e4f6fae4f538cc33d6044b7e33f12cf6e3992d55996fbb46,True
2026-07-30,PYPL,conviction:mu_below_floor,,0,2026-07-30-live-7521e521,1,2026-07-30 21:08:01,3f4e3d6,2026-06-21,sha256:656b70be7dac0e61e4f6fae4f538cc33d6044b7e33f12cf6e3992d55996fbb46,True
2026-07-30,ROST,conviction:mu_below_floor,,0,2026-07-30-live-7521e521,1,2026-07-30 21:08:01,3f4e3d6,2026-06-21,sha256:656b70be7dac0e61e4f6fae4f538cc33d6044b7e33f12cf6e3992d55996fbb46,True
2026-07-30,RTX,veto:rank_score_below_floor,,0,2026-07-30-live-7521e521,1,2026-07-30 21:08:01,3f4e3d6,2026-06-21,sha256:656b70be7dac0e61e4f6fae4f538cc33d6044b7e33f12cf6e3992d55996fbb46,True
2026-07-30,SCHW,veto:rank_score_below_floor,,0,2026-07-30-live-7521e521,1,2026-07-30 21:08:01,3f4e3d6,2026-06-21,sha256:656b70be7dac0e61e4f6fae4f538cc33d6044b7e33f12cf6e3992d55996fbb46,True
2026-07-30,SO,veto:rank_score_below_floor,,0,2026-07-30-live-7521e521,1,2026-07-30 21:08:01,3f4e3d6,2026-06-21,sha256:656b70be7dac0e61e4f6fae4f538cc33d6044b7e33f12cf6e3992d55996fbb46,True
2026-07-30,SOFI,veto:rank_score_below_floor,,0,2026-07-30-live-7521e521,1,2026-07-30 21:08:01,3f4e3d6,2026-06-21,sha256:656b70be7dac0e61e4f6fae4f538cc33d6044b7e33f12cf6e3992d55996fbb46,True
2026-07-30,SPG,size_insufficient_cash,0.06259679653196087,0,2026-07-30-live-7521e521,1,2026-07-30 21:08:01,3f4e3d6,2026-06-21,sha256:656b70be7dac0e61e4f6fae4f538cc33d6044b7e33f12cf6e3992d55996fbb46,True
2026-07-30,SPOT,veto:rank_score_below_floor,,0,2026-07-30-live-7521e521,1,2026-07-30 21:08:01,3f4e3d6,2026-06-21,sha256:656b70be7dac0e61e4f6fae4f538cc33d6044b7e33f12cf6e3992d55996fbb46,True
2026-07-30,TJX,veto:rank_score_below_floor,,0,2026-07-30-live-7521e521,1,2026-07-30 21:08:01,3f4e3d6,2026-06-21,sha256:656b70be7dac0e61e4f6fae4f538cc33d6044b7e33f12cf6e3992d55996fbb46,True
2026-07-30,TMO,veto:rank_score_below_floor,,0,2026-07-30-live-7521e521,1,2026-07-30 21:08:01,3f4e3d6,2026-06-21,sha256:656b70be7dac0e61e4f6fae4f538cc33d6044b7e33f12cf6e3992d55996fbb46,True
2026-07-30,TSM,veto:rank_score_below_floor,,0,2026-07-30-live-7521e521,1,2026-07-30 21:08:01,3f4e3d6,2026-06-21,sha256:656b70be7dac0e61e4f6fae4f538cc33d6044b7e33f12cf6e3992d55996fbb46,True
2026-07-30,TXN,veto:rank_score_below_floor,,0,2026-07-30-live-7521e521,1,2026-07-30 21:08:01,3f4e3d6,2026-06-21,sha256:656b70be7dac0e61e4f6fae4f538cc33d6044b7e33f12cf6e3992d55996fbb46,True
2026-07-30,UNH,veto:rank_score_below_floor,,0,2026-07-30-live-7521e521,1,2026-07-30 21:08:01,3f4e3d6,2026-06-21,sha256:656b70be7dac0e61e4f6fae4f538cc33d6044b7e33f12cf6e3992d55996fbb46,True
2026-07-30,UNP,veto:rank_score_below_floor,,0,2026-07-30-live-7521e521,1,2026-07-30 21:08:01,3f4e3d6,2026-06-21,sha256:656b70be7dac0e61e4f6fae4f538cc33d6044b7e33f12cf6e3992d55996fbb46,True
2026-07-30,V,veto:rank_score_below_floor,,0,2026-07-30-live-7521e521,1,2026-07-30 21:08:01,3f4e3d6,2026-06-21,sha256:656b70be7dac0e61e4f6fae4f538cc33d6044b7e33f12cf6e3992d55996fbb46,True
2026-07-30,VLO,conviction:mu_below_floor,,0,2026-07-30-live-7521e521,1,2026-07-30 21:08:01,3f4e3d6,2026-06-21,sha256:656b70be7dac0e61e4f6fae4f538cc33d6044b7e33f12cf6e3992d55996fbb46,True
2026-07-30,WELL,veto:rank_score_below_floor,,0,2026-07-30-live-7521e521,1,2026-07-30 21:08:01,3f4e3d6,2026-06-21,sha256:656b70be7dac0e61e4f6fae4f538cc33d6044b7e33f12cf6e3992d55996fbb46,True
2026-07-30,WFC,veto:rank_score_below_floor,,0,2026-07-30-live-7521e521,1,2026-07-30 21:08:01,3f4e3d6,2026-06-21,sha256:656b70be7dac0e61e4f6fae4f538cc33d6044b7e33f12cf6e3992d55996fbb46,True
2026-07-30,WMB,veto:rank_score_below_floor,,0,2026-07-30-live-7521e521,1,2026-07-30 21:08:01,3f4e3d6,2026-06-21,sha256:656b70be7dac0e61e4f6fae4f538cc33d6044b7e33f12cf6e3992d55996fbb46,True
2026-07-30,WMT,conviction:mu_below_floor,,0,2026-07-30-live-7521e521,1,2026-07-30 21:08:01,3f4e3d6,2026-06-21,sha256:656b70be7dac0e61e4f6fae4f538cc33d6044b7e33f12cf6e3992d55996fbb46,True
2026-07-30,XLF,veto:rank_score_below_floor,,0,2026-07-30-live-7521e521,1,2026-07-30 21:08:01,3f4e3d6,2026-06-21,sha256:656b70be7dac0e61e4f6fae4f538cc33d6044b7e33f12cf6e3992d55996fbb46,True
2026-07-30,XLI,veto:rank_score_below_floor,,0,2026-07-30-live-7521e521,1,2026-07-30 21:08:01,3f4e3d6,2026-06-21,sha256:656b70be7dac0e61e4f6fae4f538cc33d6044b7e33f12cf6e3992d55996fbb46,True
2026-07-30,XLK,veto:rank_score_below_floor,,0,2026-07-30-live-7521e521,1,2026-07-30 21:08:01,3f4e3d6,2026-06-21,sha256:656b70be7dac0e61e4f6fae4f538cc33d6044b7e33f12cf6e3992d55996fbb46,True
2026-07-30,XLU,veto:rank_score_below_floor,,0,2026-07-30-live-7521e521,1,2026-07-30 21:08:01,3f4e3d6,2026-06-21,sha256:656b70be7dac0e61e4f6fae4f538cc33d6044b7e33f12cf6e3992d55996fbb46,True
2026-07-30,XLY,veto:rank_score_below_floor,,0,2026-07-30-live-7521e521,1,2026-07-30 21:08:01,3f4e3d6,2026-06-21,sha256:656b70be7dac0e61e4f6fae4f538cc33d6044b7e33f12cf6e3992d55996fbb46,True
2026-07-31,AAPL,veto:rank_score_below_floor,,0,2026-07-31-live-381747dd,1,2026-07-31 21:08:05,3f4e3d6,2026-06-21,sha256:656b70be7dac0e61e4f6fae4f538cc33d6044b7e33f12cf6e3992d55996fbb46,True
2026-07-31,ABBV,conviction:mu_below_floor,,0,2026-07-31-live-381747dd,1,2026-07-31 21:08:05,3f4e3d6,2026-06-21,sha256:656b70be7dac0e61e4f6fae4f538cc33d6044b7e33f12cf6e3992d55996fbb46,True
2026-07-31,ADI,veto:rank_score_below_floor,,0,2026-07-31-live-381747dd,1,2026-07-31 21:08:05,3f4e3d6,2026-06-21,sha256:656b70be7dac0e61e4f6fae4f538cc33d6044b7e33f12cf6e3992d55996fbb46,True
2026-07-31,AEP,veto:rank_score_below_floor,,0,2026-07-31-live-381747dd,1,2026-07-31 21:08:05,3f4e3d6,2026-06-21,sha256:656b70be7dac0e61e4f6fae4f538cc33d6044b7e33f12cf6e3992d55996fbb46,True
2026-07-31,AMZN,size_insufficient_cash,0.06295985328228268,0,2026-07-31-live-381747dd,1,2026-07-31 21:08:05,3f4e3d6,2026-06-21,sha256:656b70be7dac0e61e4f6fae4f538cc33d6044b7e33f12cf6e3992d55996fbb46,True
2026-07-31,ATI,conviction:mu_below_floor,,0,2026-07-31-live-381747dd,1,2026-07-31 21:08:05,3f4e3d6,2026-06-21,sha256:656b70be7dac0e61e4f6fae4f538cc33d6044b7e33f12cf6e3992d55996fbb46,True
2026-07-31,AXP,veto:rank_score_below_floor,,0,2026-07-31-live-381747dd,1,2026-07-31 21:08:05,3f4e3d6,2026-06-21,sha256:656b70be7dac0e61e4f6fae4f538cc33d6044b7e33f12cf6e3992d55996fbb46,True
2026-07-31,BA,veto:rank_score_below_floor,,0,2026-07-31-live-381747dd,1,2026-07-31 21:08:05,3f4e3d6,2026-06-21,sha256:656b70be7dac0e61e4f6fae4f538cc33d6044b7e33f12cf6e3992d55996fbb46,True
2026-07-31,BAC,veto:rank_score_below_floor,,0,2026-07-31-live-381747dd,1,2026-07-31 21:08:05,3f4e3d6,2026-06-21,sha256:656b70be7dac0e61e4f6fae4f538cc33d6044b7e33f12cf6e3992d55996fbb46,True
2026-07-31,BLK,veto:rank_score_below_floor,,0,2026-07-31-live-381747dd,1,2026-07-31 21:08:05,3f4e3d6,2026-06-21,sha256:656b70be7dac0e61e4f6fae4f538cc33d6044b7e33f12cf6e3992d55996fbb46,True
2026-07-31,BMY,veto:rank_score_below_floor,,0,2026-07-31-live-381747dd,1,2026-07-31 21:08:05,3f4e3d6,2026-06-21,sha256:656b70be7dac0e61e4f6fae4f538cc33d6044b7e33f12cf6e3992d55996fbb46,True
2026-07-31,C,veto:rank_score_below_floor,,0,2026-07-31-live-381747dd,1,2026-07-31 21:08:05,3f4e3d6,2026-06-21,sha256:656b70be7dac0e61e4f6fae4f538cc33d6044b7e33f12cf6e3992d55996fbb46,True
2026-07-31,CAT,conviction:mu_below_floor,,0,2026-07-31-live-381747dd,1,2026-07-31 21:08:05,3f4e3d6,2026-06-21,sha256:656b70be7dac0e61e4f6fae4f538cc33d6044b7e33f12cf6e3992d55996fbb46,True
2026-07-31,CMG,veto:rank_score_below_floor,,0,2026-07-31-live-381747dd,1,2026-07-31 21:08:05,3f4e3d6,2026-06-21,sha256:656b70be7dac0e61e4f6fae4f538cc33d6044b7e33f12cf6e3992d55996fbb46,True
2026-07-31,CRM,veto:rank_score_below_floor,,0,2026-07-31-live-381747dd,1,2026-07-31 21:08:05,3f4e3d6,2026-06-21,sha256:656b70be7dac0e61e4f6fae4f538cc33d6044b7e33f12cf6e3992d55996fbb46,True
2026-07-31,CVS,veto:rank_score_below_floor,,0,2026-07-31-live-381747dd,1,2026-07-31 21:08:05,3f4e3d6,2026-06-21,sha256:656b70be7dac0e61e4f6fae4f538cc33d6044b7e33f12cf6e3992d55996fbb46,True
2026-07-31,D,veto:rank_score_below_floor,,0,2026-07-31-live-381747dd,1,2026-07-31 21:08:05,3f4e3d6,2026-06-21,sha256:656b70be7dac0e61e4f6fae4f538cc33d6044b7e33f12cf6e3992d55996fbb46,True
2026-07-31,DE,veto:rank_score_below_floor,,0,2026-07-31-live-381747dd,1,2026-07-31 21:08:05,3f4e3d6,2026-06-21,sha256:656b70be7dac0e61e4f6fae4f538cc33d6044b7e33f12cf6e3992d55996fbb46,True
2026-07-31,DLR,veto:rank_score_below_floor,,0,2026-07-31-live-381747dd,1,2026-07-31 21:08:05,3f4e3d6,2026-06-21,sha256:656b70be7dac0e61e4f6fae4f538cc33d6044b7e33f12cf6e3992d55996fbb46,True
2026-07-31,DUK,veto:rank_score_below_floor,,0,2026-07-31-live-381747dd,1,2026-07-31 21:08:05,3f4e3d6,2026-06-21,sha256:656b70be7dac0e61e4f6fae4f538cc33d6044b7e33f12cf6e3992d55996fbb46,True
2026-07-31,EMR,veto:rank_score_below_floor,,0,2026-07-31-live-381747dd,1,2026-07-31 21:08:05,3f4e3d6,2026-06-21,sha256:656b70be7dac0e61e4f6fae4f538cc33d6044b7e33f12cf6e3992d55996fbb46,True
2026-07-31,EQIX,veto:rank_score_below_floor,,0,2026-07-31-live-381747dd,1,2026-07-31 21:08:05,3f4e3d6,2026-06-21,sha256:656b70be7dac0e61e4f6fae4f538cc33d6044b7e33f12cf6e3992d55996fbb46,True
2026-07-31,ETN,veto:rank_score_below_floor,,0,2026-07-31-live-381747dd,1,2026-07-31 21:08:05,3f4e3d6,2026-06-21,sha256:656b70be7dac0e61e4f6fae4f538cc33d6044b7e33f12cf6e3992d55996fbb46,True
2026-07-31,FDX,conviction:mu_below_floor,,0,2026-07-31-live-381747dd,1,2026-07-31 21:08:05,3f4e3d6,2026-06-21,sha256:656b70be7dac0e61e4f6fae4f538cc33d6044b7e33f12cf6e3992d55996fbb46,True
2026-07-31,GE,veto:rank_score_below_floor,,0,2026-07-31-live-381747dd,1,2026-07-31 21:08:05,3f4e3d6,2026-06-21,sha256:656b70be7dac0e61e4f6fae4f538cc33d6044b7e33f12cf6e3992d55996fbb46,True
2026-07-31,GLD,veto:rank_score_below_floor,,0,2026-07-31-live-381747dd,1,2026-07-31 21:08:05,3f4e3d6,2026-06-21,sha256:656b70be7dac0e61e4f6fae4f538cc33d6044b7e33f12cf6e3992d55996fbb46,True
2026-07-31,GM,veto:rank_score_below_floor,,0,2026-07-31-live-381747dd,1,2026-07-31 21:08:05,3f4e3d6,2026-06-21,sha256:656b70be7dac0e61e4f6fae4f538cc33d6044b7e33f12cf6e3992d55996fbb46,True
2026-07-31,GOOG,conviction:mu_below_floor,,0,2026-07-31-live-381747dd,1,2026-07-31 21:08:05,3f4e3d6,2026-06-21,sha256:656b70be7dac0e61e4f6fae4f538cc33d6044b7e33f12cf6e3992d55996fbb46,True
2026-07-31,GRMN,conviction:mu_below_floor,,0,2026-07-31-live-381747dd,1,2026-07-31 21:08:05,3f4e3d6,2026-06-21,sha256:656b70be7dac0e61e4f6fae4f538cc33d6044b7e33f12cf6e3992d55996fbb46,True
2026-07-31,GS,veto:rank_score_below_floor,,0,2026-07-31-live-381747dd,1,2026-07-31 21:08:05,3f4e3d6,2026-06-21,sha256:656b70be7dac0e61e4f6fae4f538cc33d6044b7e33f12cf6e3992d55996fbb46,True
2026-07-31,HD,veto:rank_score_below_floor,,0,2026-07-31-live-381747dd,1,2026-07-31 21:08:05,3f4e3d6,2026-06-21,sha256:656b70be7dac0e61e4f6fae4f538cc33d6044b7e33f12cf6e3992d55996fbb46,True
2026-07-31,HLT,veto:rank_score_below_floor,,0,2026-07-31-live-381747dd,1,2026-07-31 21:08:05,3f4e3d6,2026-06-21,sha256:656b70be7dac0e61e4f6fae4f538cc33d6044b7e33f12cf6e3992d55996fbb46,True
2026-07-31,HON,veto:rank_score_below_floor,,0,2026-07-31-live-381747dd,1,2026-07-31 21:08:05,3f4e3d6,2026-06-21,sha256:656b70be7dac0e61e4f6fae4f538cc33d6044b7e33f12cf6e3992d55996fbb46,True
2026-07-31,JNJ,veto:rank_score_below_floor,,0,2026-07-31-live-381747dd,1,2026-07-31 21:08:05,3f4e3d6,2026-06-21,sha256:656b70be7dac0e61e4f6fae4f538cc33d6044b7e33f12cf6e3992d55996fbb46,True
2026-07-31,JPM,veto:rank_score_below_floor,,0,2026-07-31-live-381747dd,1,2026-07-31 21:08:05,3f4e3d6,2026-06-21,sha256:656b70be7dac0e61e4f6fae4f538cc33d6044b7e33f12cf6e3992d55996fbb46,True
2026-07-31,KO,veto:rank_score_below_floor,,0,2026-07-31-live-381747dd,1,2026-07-31 21:08:05,3f4e3d6,2026-06-21,sha256:656b70be7dac0e61e4f6fae4f538cc33d6044b7e33f12cf6e3992d55996fbb46,True
2026-07-31,LHX,veto:rank_score_below_floor,,0,2026-07-31-live-381747dd,1,2026-07-31 21:08:05,3f4e3d6,2026-06-21,sha256:656b70be7dac0e61e4f6fae4f538cc33d6044b7e33f12cf6e3992d55996fbb46,True
2026-07-31,LLY,veto:rank_score_below_floor,,0,2026-07-31-live-381747dd,1,2026-07-31 21:08:05,3f4e3d6,2026-06-21,sha256:656b70be7dac0e61e4f6fae4f538cc33d6044b7e33f12cf6e3992d55996fbb46,True
2026-07-31,LMT,veto:rank_score_below_floor,,0,2026-07-31-live-381747dd,1,2026-07-31 21:08:05,3f4e3d6,2026-06-21,sha256:656b70be7dac0e61e4f6fae4f538cc33d6044b7e33f12cf6e3992d55996fbb46,True
2026-07-31,MA,veto:rank_score_below_floor,,0,2026-07-31-live-381747dd,1,2026-07-31 21:08:05,3f4e3d6,2026-06-21,sha256:656b70be7dac0e61e4f6fae4f538cc33d6044b7e33f12cf6e3992d55996fbb46,True
2026-07-31,META,veto:rank_score_below_floor,,0,2026-07-31-live-381747dd,1,2026-07-31 21:08:05,3f4e3d6,2026-06-21,sha256:656b70be7dac0e61e4f6fae4f538cc33d6044b7e33f12cf6e3992d55996fbb46,True
2026-07-31,MMM,veto:rank_score_below_floor,,0,2026-07-31-live-381747dd,1,2026-07-31 21:08:05,3f4e3d6,2026-06-21,sha256:656b70be7dac0e61e4f6fae4f538cc33d6044b7e33f12cf6e3992d55996fbb46,True
2026-07-31,MO,conviction:mu_below_floor,,0,2026-07-31-live-381747dd,1,2026-07-31 21:08:05,3f4e3d6,2026-06-21,sha256:656b70be7dac0e61e4f6fae4f538cc33d6044b7e33f12cf6e3992d55996fbb46,True
2026-07-31,MRK,conviction:mu_below_floor,,0,2026-07-31-live-381747dd,1,2026-07-31 21:08:05,3f4e3d6,2026-06-21,sha256:656b70be7dac0e61e4f6fae4f538cc33d6044b7e33f12cf6e3992d55996fbb46,True
2026-07-31,MS,veto:rank_score_below_floor,,0,2026-07-31-live-381747dd,1,2026-07-31 21:08:05,3f4e3d6,2026-06-21,sha256:656b70be7dac0e61e4f6fae4f538cc33d6044b7e33f12cf6e3992d55996fbb46,True
2026-07-31,MSFT,veto:rank_score_below_floor,,0,2026-07-31-live-381747dd,1,2026-07-31 21:08:05,3f4e3d6,2026-06-21,sha256:656b70be7dac0e61e4f6fae4f538cc33d6044b7e33f12cf6e3992d55996fbb46,True
2026-07-31,NEE,veto:rank_score_below_floor,,0,2026-07-31-live-381747dd,1,2026-07-31 21:08:05,3f4e3d6,2026-06-21,sha256:656b70be7dac0e61e4f6fae4f538cc33d6044b7e33f12cf6e3992d55996fbb46,True
2026-07-31,NEM,conviction:mu_below_floor,,0,2026-07-31-live-381747dd,1,2026-07-31 21:08:05,3f4e3d6,2026-06-21,sha256:656b70be7dac0e61e4f6fae4f538cc33d6044b7e33f12cf6e3992d55996fbb46,True
2026-07-31,NVDA,veto:rank_score_below_floor,,0,2026-07-31-live-381747dd,1,2026-07-31 21:08:05,3f4e3d6,2026-06-21,sha256:656b70be7dac0e61e4f6fae4f538cc33d6044b7e33f12cf6e3992d55996fbb46,True
2026-07-31,OXY,veto:rank_score_below_floor,,0,2026-07-31-live-381747dd,1,2026-07-31 21:08:05,3f4e3d6,2026-06-21,sha256:656b70be7dac0e61e4f6fae4f538cc33d6044b7e33f12cf6e3992d55996fbb46,True
2026-07-31,PG,veto:rank_score_below_floor,,0,2026-07-31-live-381747dd,1,2026-07-31 21:08:05,3f4e3d6,2026-06-21,sha256:656b70be7dac0e61e4f6fae4f538cc33d6044b7e33f12cf6e3992d55996fbb46,True
2026-07-31,PH,veto:rank_score_below_floor,,0,2026-07-31-live-381747dd,1,2026-07-31 21:08:05,3f4e3d6,2026-06-21,sha256:656b70be7dac0e61e4f6fae4f538cc33d6044b7e33f12cf6e3992d55996fbb46,True
2026-07-31,PM,conviction:mu_below_floor,,0,2026-07-31-live-381747dd,1,2026-07-31 21:08:05,3f4e3d6,2026-06-21,sha256:656b70be7dac0e61e4f6fae4f538cc33d6044b7e33f12cf6e3992d55996fbb46,True
2026-07-31,PNC,veto:rank_score_below_floor,,0,2026-07-31-live-381747dd,1,2026-07-31 21:08:05,3f4e3d6,2026-06-21,sha256:656b70be7dac0e61e4f6fae4f538cc33d6044b7e33f12cf6e3992d55996fbb46,True
2026-07-31,PYPL,conviction:mu_below_floor,,0,2026-07-31-live-381747dd,1,2026-07-31 21:08:05,3f4e3d6,2026-06-21,sha256:656b70be7dac0e61e4f6fae4f538cc33d6044b7e33f12cf6e3992d55996fbb46,True
2026-07-31,ROST,conviction:mu_below_floor,,0,2026-07-31-live-381747dd,1,2026-07-31 21:08:05,3f4e3d6,2026-06-21,sha256:656b70be7dac0e61e4f6fae4f538cc33d6044b7e33f12cf6e3992d55996fbb46,True
2026-07-31,RTX,veto:rank_score_below_floor,,0,2026-07-31-live-381747dd,1,2026-07-31 21:08:05,3f4e3d6,2026-06-21,sha256:656b70be7dac0e61e4f6fae4f538cc33d6044b7e33f12cf6e3992d55996fbb46,True
2026-07-31,SCHW,veto:rank_score_below_floor,,0,2026-07-31-live-381747dd,1,2026-07-31 21:08:05,3f4e3d6,2026-06-21,sha256:656b70be7dac0e61e4f6fae4f538cc33d6044b7e33f12cf6e3992d55996fbb46,True
2026-07-31,SO,veto:rank_score_below_floor,,0,2026-07-31-live-381747dd,1,2026-07-31 21:08:05,3f4e3d6,2026-06-21,sha256:656b70be7dac0e61e4f6fae4f538cc33d6044b7e33f12cf6e3992d55996fbb46,True
2026-07-31,SOFI,veto:rank_score_below_floor,,0,2026-07-31-live-381747dd,1,2026-07-31 21:08:05,3f4e3d6,2026-06-21,sha256:656b70be7dac0e61e4f6fae4f538cc33d6044b7e33f12cf6e3992d55996fbb46,True
2026-07-31,SPG,broker_pending_submitted,0.06295985328228268,0,2026-07-31-live-381747dd,1,2026-07-31 21:08:05,3f4e3d6,2026-06-21,sha256:656b70be7dac0e61e4f6fae4f538cc33d6044b7e33f12cf6e3992d55996fbb46,True
2026-07-31,SPOT,veto:rank_score_below_floor,,0,2026-07-31-live-381747dd,1,2026-07-31 21:08:05,3f4e3d6,2026-06-21,sha256:656b70be7dac0e61e4f6fae4f538cc33d6044b7e33f12cf6e3992d55996fbb46,True
2026-07-31,TJX,veto:rank_score_below_floor,,0,2026-07-31-live-381747dd,1,2026-07-31 21:08:05,3f4e3d6,2026-06-21,sha256:656b70be7dac0e61e4f6fae4f538cc33d6044b7e33f12cf6e3992d55996fbb46,True
2026-07-31,TMO,veto:rank_score_below_floor,,0,2026-07-31-live-381747dd,1,2026-07-31 21:08:05,3f4e3d6,2026-06-21,sha256:656b70be7dac0e61e4f6fae4f538cc33d6044b7e33f12cf6e3992d55996fbb46,True
2026-07-31,TSM,veto:rank_score_below_floor,,0,2026-07-31-live-381747dd,1,2026-07-31 21:08:05,3f4e3d6,2026-06-21,sha256:656b70be7dac0e61e4f6fae4f538cc33d6044b7e33f12cf6e3992d55996fbb46,True
2026-07-31,TXN,veto:rank_score_below_floor,,0,2026-07-31-live-381747dd,1,2026-07-31 21:08:05,3f4e3d6,2026-06-21,sha256:656b70be7dac0e61e4f6fae4f538cc33d6044b7e33f12cf6e3992d55996fbb46,True
2026-07-31,UNH,veto:rank_score_below_floor,,0,2026-07-31-live-381747dd,1,2026-07-31 21:08:05,3f4e3d6,2026-06-21,sha256:656b70be7dac0e61e4f6fae4f538cc33d6044b7e33f12cf6e3992d55996fbb46,True
2026-07-31,UNP,veto:rank_score_below_floor,,0,2026-07-31-live-381747dd,1,2026-07-31 21:08:05,3f4e3d6,2026-06-21,sha256:656b70be7dac0e61e4f6fae4f538cc33d6044b7e33f12cf6e3992d55996fbb46,True
2026-07-31,V,veto:rank_score_below_floor,,0,2026-07-31-live-381747dd,1,2026-07-31 21:08:05,3f4e3d6,2026-06-21,sha256:656b70be7dac0e61e4f6fae4f538cc33d6044b7e33f12cf6e3992d55996fbb46,True
2026-07-31,VLO,conviction:mu_below_floor,,0,2026-07-31-live-381747dd,1,2026-07-31 21:08:05,3f4e3d6,2026-06-21,sha256:656b70be7dac0e61e4f6fae4f538cc33d6044b7e33f12cf6e3992d55996fbb46,True
2026-07-31,WELL,veto:rank_score_below_floor,,0,2026-07-31-live-381747dd,1,2026-07-31 21:08:05,3f4e3d6,2026-06-21,sha256:656b70be7dac0e61e4f6fae4f538cc33d6044b7e33f12cf6e3992d55996fbb46,True
2026-07-31,WFC,veto:rank_score_below_floor,,0,2026-07-31-live-381747dd,1,2026-07-31 21:08:05,3f4e3d6,2026-06-21,sha256:656b70be7dac0e61e4f6fae4f538cc33d6044b7e33f12cf6e3992d55996fbb46,True
2026-07-31,WMB,veto:rank_score_below_floor,,0,2026-07-31-live-381747dd,1,2026-07-31 21:08:05,3f4e3d6,2026-06-21,sha256:656b70be7dac0e61e4f6fae4f538cc33d6044b7e33f12cf6e3992d55996fbb46,True
2026-07-31,WMT,conviction:mu_below_floor,,0,2026-07-31-live-381747dd,1,2026-07-31 21:08:05,3f4e3d6,2026-06-21,sha256:656b70be7dac0e61e4f6fae4f538cc33d6044b7e33f12cf6e3992d55996fbb46,True
2026-07-31,XLF,veto:rank_score_below_floor,,0,2026-07-31-live-381747dd,1,2026-07-31 21:08:05,3f4e3d6,2026-06-21,sha256:656b70be7dac0e61e4f6fae4f538cc33d6044b7e33f12cf6e3992d55996fbb46,True
2026-07-31,XLI,veto:rank_score_below_floor,,0,2026-07-31-live-381747dd,1,2026-07-31 21:08:05,3f4e3d6,2026-06-21,sha256:656b70be7dac0e61e4f6fae4f538cc33d6044b7e33f12cf6e3992d55996fbb46,True
2026-07-31,XLK,veto:rank_score_below_floor,,0,2026-07-31-live-381747dd,1,2026-07-31 21:08:05,3f4e3d6,2026-06-21,sha256:656b70be7dac0e61e4f6fae4f538cc33d6044b7e33f12cf6e3992d55996fbb46,True
2026-07-31,XLU,veto:rank_score_below_floor,,0,2026-07-31-live-381747dd,1,2026-07-31 21:08:05,3f4e3d6,2026-06-21,sha256:656b70be7dac0e61e4f6fae4f538cc33d6044b7e33f12cf6e3992d55996fbb46,True
2026-07-31,XLY,veto:rank_score_below_floor,,0,2026-07-31-live-381747dd,1,2026-07-31 21:08:05,3f4e3d6,2026-06-21,sha256:656b70be7dac0e61e4f6fae4f538cc33d6044b7e33f12cf6e3992d55996fbb46,True
2026-08-03,AAPL,veto:rank_score_below_floor,,0,2026-08-03-live-ff1f674a,1,2026-08-03 21:07:01,0bc0f88,2026-06-21,sha256:656b70be7dac0e61e4f6fae4f538cc33d6044b7e33f12cf6e3992d55996fbb46,True
2026-08-03,ABBV,conviction:mu_below_floor,,0,2026-08-03-live-ff1f674a,1,2026-08-03 21:07:01,0bc0f88,2026-06-21,sha256:656b70be7dac0e61e4f6fae4f538cc33d6044b7e33f12cf6e3992d55996fbb46,True
2026-08-03,ADI,veto:rank_score_below_floor,,0,2026-08-03-live-ff1f674a,1,2026-08-03 21:07:01,0bc0f88,2026-06-21,sha256:656b70be7dac0e61e4f6fae4f538cc33d6044b7e33f12cf6e3992d55996fbb46,True
2026-08-03,AEP,veto:rank_score_below_floor,,0,2026-08-03-live-ff1f674a,1,2026-08-03 21:07:01,0bc0f88,2026-06-21,sha256:656b70be7dac0e61e4f6fae4f538cc33d6044b7e33f12cf6e3992d55996fbb46,True
2026-08-03,AMZN,size_insufficient_cash,0.0646553868861321,0,2026-08-03-live-ff1f674a,1,2026-08-03 21:07:01,0bc0f88,2026-06-21,sha256:656b70be7dac0e61e4f6fae4f538cc33d6044b7e33f12cf6e3992d55996fbb46,True
2026-08-03,ASML,conviction:mu_below_floor,,0,2026-08-03-live-ff1f674a,1,2026-08-03 21:07:01,0bc0f88,2026-06-21,sha256:656b70be7dac0e61e4f6fae4f538cc33d6044b7e33f12cf6e3992d55996fbb46,True
2026-08-03,ATI,conviction:mu_below_floor,,0,2026-08-03-live-ff1f674a,1,2026-08-03 21:07:01,0bc0f88,2026-06-21,sha256:656b70be7dac0e61e4f6fae4f538cc33d6044b7e33f12cf6e3992d55996fbb46,True
2026-08-03,AXP,veto:rank_score_below_floor,,0,2026-08-03-live-ff1f674a,1,2026-08-03 21:07:01,0bc0f88,2026-06-21,sha256:656b70be7dac0e61e4f6fae4f538cc33d6044b7e33f12cf6e3992d55996fbb46,True
2026-08-03,BA,veto:rank_score_below_floor,,0,2026-08-03-live-ff1f674a,1,2026-08-03 21:07:01,0bc0f88,2026-06-21,sha256:656b70be7dac0e61e4f6fae4f538cc33d6044b7e33f12cf6e3992d55996fbb46,True
2026-08-03,BAC,veto:rank_score_below_floor,,0,2026-08-03-live-ff1f674a,1,2026-08-03 21:07:01,0bc0f88,2026-06-21,sha256:656b70be7dac0e61e4f6fae4f538cc33d6044b7e33f12cf6e3992d55996fbb46,True
2026-08-03,BLK,veto:rank_score_below_floor,,0,2026-08-03-live-ff1f674a,1,2026-08-03 21:07:01,0bc0f88,2026-06-21,sha256:656b70be7dac0e61e4f6fae4f538cc33d6044b7e33f12cf6e3992d55996fbb46,True
2026-08-03,C,veto:rank_score_below_floor,,0,2026-08-03-live-ff1f674a,1,2026-08-03 21:07:01,0bc0f88,2026-06-21,sha256:656b70be7dac0e61e4f6fae4f538cc33d6044b7e33f12cf6e3992d55996fbb46,True
2026-08-03,CAT,conviction:mu_below_floor,,0,2026-08-03-live-ff1f674a,1,2026-08-03 21:07:01,0bc0f88,2026-06-21,sha256:656b70be7dac0e61e4f6fae4f538cc33d6044b7e33f12cf6e3992d55996fbb46,True
2026-08-03,CMG,veto:rank_score_below_floor,,0,2026-08-03-live-ff1f674a,1,2026-08-03 21:07:01,0bc0f88,2026-06-21,sha256:656b70be7dac0e61e4f6fae4f538cc33d6044b7e33f12cf6e3992d55996fbb46,True
2026-08-03,CRM,veto:rank_score_below_floor,,0,2026-08-03-live-ff1f674a,1,2026-08-03 21:07:01,0bc0f88,2026-06-21,sha256:656b70be7dac0e61e4f6fae4f538cc33d6044b7e33f12cf6e3992d55996fbb46,True
2026-08-03,CRWD,correlation,0.0646553868861321,0,2026-08-03-live-ff1f674a,1,2026-08-03 21:07:01,0bc0f88,2026-06-21,sha256:656b70be7dac0e61e4f6fae4f538cc33d6044b7e33f12cf6e3992d55996fbb46,True
2026-08-03,CVS,veto:rank_score_below_floor,,0,2026-08-03-live-ff1f674a,1,2026-08-03 21:07:01,0bc0f88,2026-06-21,sha256:656b70be7dac0e61e4f6fae4f538cc33d6044b7e33f12cf6e3992d55996fbb46,True
2026-08-03,CVX,veto:rank_score_below_floor,,0,2026-08-03-live-ff1f674a,1,2026-08-03 21:07:01,0bc0f88,2026-06-21,sha256:656b70be7dac0e61e4f6fae4f538cc33d6044b7e33f12cf6e3992d55996fbb46,True
2026-08-03,D,veto:rank_score_below_floor,,0,2026-08-03-live-ff1f674a,1,2026-08-03 21:07:01,0bc0f88,2026-06-21,sha256:656b70be7dac0e61e4f6fae4f538cc33d6044b7e33f12cf6e3992d55996fbb46,True
2026-08-03,DE,veto:rank_score_below_floor,,0,2026-08-03-live-ff1f674a,1,2026-08-03 21:07:01,0bc0f88,2026-06-21,sha256:656b70be7dac0e61e4f6fae4f538cc33d6044b7e33f12cf6e3992d55996fbb46,True
2026-08-03,DLR,veto:rank_score_below_floor,,0,2026-08-03-live-ff1f674a,1,2026-08-03 21:07:01,0bc0f88,2026-06-21,sha256:656b70be7dac0e61e4f6fae4f538cc33d6044b7e33f12cf6e3992d55996fbb46,True
2026-08-03,DUK,veto:rank_score_below_floor,,0,2026-08-03-live-ff1f674a,1,2026-08-03 21:07:01,0bc0f88,2026-06-21,sha256:656b70be7dac0e61e4f6fae4f538cc33d6044b7e33f12cf6e3992d55996fbb46,True
2026-08-03,EMR,veto:rank_score_below_floor,,0,2026-08-03-live-ff1f674a,1,2026-08-03 21:07:01,0bc0f88,2026-06-21,sha256:656b70be7dac0e61e4f6fae4f538cc33d6044b7e33f12cf6e3992d55996fbb46,True
2026-08-03,EOG,veto:rank_score_below_floor,,0,2026-08-03-live-ff1f674a,1,2026-08-03 21:07:01,0bc0f88,2026-06-21,sha256:656b70be7dac0e61e4f6fae4f538cc33d6044b7e33f12cf6e3992d55996fbb46,True
2026-08-03,EQIX,veto:rank_score_below_floor,,0,2026-08-03-live-ff1f674a,1,2026-08-03 21:07:01,0bc0f88,2026-06-21,sha256:656b70be7dac0e61e4f6fae4f538cc33d6044b7e33f12cf6e3992d55996fbb46,True
2026-08-03,ETN,veto:rank_score_below_floor,,0,2026-08-03-live-ff1f674a,1,2026-08-03 21:07:01,0bc0f88,2026-06-21,sha256:656b70be7dac0e61e4f6fae4f538cc33d6044b7e33f12cf6e3992d55996fbb46,True
2026-08-03,FDX,conviction:mu_below_floor,,0,2026-08-03-live-ff1f674a,1,2026-08-03 21:07:01,0bc0f88,2026-06-21,sha256:656b70be7dac0e61e4f6fae4f538cc33d6044b7e33f12cf6e3992d55996fbb46,True
2026-08-03,GE,veto:rank_score_below_floor,,0,2026-08-03-live-ff1f674a,1,2026-08-03 21:07:01,0bc0f88,2026-06-21,sha256:656b70be7dac0e61e4f6fae4f538cc33d6044b7e33f12cf6e3992d55996fbb46,True
2026-08-03,GLD,veto:rank_score_below_floor,,0,2026-08-03-live-ff1f674a,1,2026-08-03 21:07:01,0bc0f88,2026-06-21,sha256:656b70be7dac0e61e4f6fae4f538cc33d6044b7e33f12cf6e3992d55996fbb46,True
2026-08-03,GM,veto:rank_score_below_floor,,0,2026-08-03-live-ff1f674a,1,2026-08-03 21:07:01,0bc0f88,2026-06-21,sha256:656b70be7dac0e61e4f6fae4f538cc33d6044b7e33f12cf6e3992d55996fbb46,True
2026-08-03,GOOG,conviction:mu_below_floor,,0,2026-08-03-live-ff1f674a,1,2026-08-03 21:07:01,0bc0f88,2026-06-21,sha256:656b70be7dac0e61e4f6fae4f538cc33d6044b7e33f12cf6e3992d55996fbb46,True
2026-08-03,GRMN,conviction:mu_below_floor,,0,2026-08-03-live-ff1f674a,1,2026-08-03 21:07:01,0bc0f88,2026-06-21,sha256:656b70be7dac0e61e4f6fae4f538cc33d6044b7e33f12cf6e3992d55996fbb46,True
2026-08-03,GS,veto:rank_score_below_floor,,0,2026-08-03-live-ff1f674a,1,2026-08-03 21:07:01,0bc0f88,2026-06-21,sha256:656b70be7dac0e61e4f6fae4f538cc33d6044b7e33f12cf6e3992d55996fbb46,True
2026-08-03,HLT,veto:rank_score_below_floor,,0,2026-08-03-live-ff1f674a,1,2026-08-03 21:07:01,0bc0f88,2026-06-21,sha256:656b70be7dac0e61e4f6fae4f538cc33d6044b7e33f12cf6e3992d55996fbb46,True
2026-08-03,JNJ,veto:rank_score_below_floor,,0,2026-08-03-live-ff1f674a,1,2026-08-03 21:07:01,0bc0f88,2026-06-21,sha256:656b70be7dac0e61e4f6fae4f538cc33d6044b7e33f12cf6e3992d55996fbb46,True
2026-08-03,JPM,veto:rank_score_below_floor,,0,2026-08-03-live-ff1f674a,1,2026-08-03 21:07:01,0bc0f88,2026-06-21,sha256:656b70be7dac0e61e4f6fae4f538cc33d6044b7e33f12cf6e3992d55996fbb46,True
2026-08-03,KO,veto:rank_score_below_floor,,0,2026-08-03-live-ff1f674a,1,2026-08-03 21:07:01,0bc0f88,2026-06-21,sha256:656b70be7dac0e61e4f6fae4f538cc33d6044b7e33f12cf6e3992d55996fbb46,True
2026-08-03,LHX,veto:rank_score_below_floor,,0,2026-08-03-live-ff1f674a,1,2026-08-03 21:07:01,0bc0f88,2026-06-21,sha256:656b70be7dac0e61e4f6fae4f538cc33d6044b7e33f12cf6e3992d55996fbb46,True
2026-08-03,LLY,veto:rank_score_below_floor,,0,2026-08-03-live-ff1f674a,1,2026-08-03 21:07:01,0bc0f88,2026-06-21,sha256:656b70be7dac0e61e4f6fae4f538cc33d6044b7e33f12cf6e3992d55996fbb46,True
2026-08-03,LMT,veto:rank_score_below_floor,,0,2026-08-03-live-ff1f674a,1,2026-08-03 21:07:01,0bc0f88,2026-06-21,sha256:656b70be7dac0e61e4f6fae4f538cc33d6044b7e33f12cf6e3992d55996fbb46,True
2026-08-03,MA,veto:rank_score_below_floor,,0,2026-08-03-live-ff1f674a,1,2026-08-03 21:07:01,0bc0f88,2026-06-21,sha256:656b70be7dac0e61e4f6fae4f538cc33d6044b7e33f12cf6e3992d55996fbb46,True
2026-08-03,META,veto:rank_score_below_floor,,0,2026-08-03-live-ff1f674a,1,2026-08-03 21:07:01,0bc0f88,2026-06-21,sha256:656b70be7dac0e61e4f6fae4f538cc33d6044b7e33f12cf6e3992d55996fbb46,True
2026-08-03,MMM,veto:rank_score_below_floor,,0,2026-08-03-live-ff1f674a,1,2026-08-03 21:07:01,0bc0f88,2026-06-21,sha256:656b70be7dac0e61e4f6fae4f538cc33d6044b7e33f12cf6e3992d55996fbb46,True
2026-08-03,MO,veto:rank_score_below_floor,,0,2026-08-03-live-ff1f674a,1,2026-08-03 21:07:01,0bc0f88,2026-06-21,sha256:656b70be7dac0e61e4f6fae4f538cc33d6044b7e33f12cf6e3992d55996fbb46,True
2026-08-03,MRK,conviction:mu_below_floor,,0,2026-08-03-live-ff1f674a,1,2026-08-03 21:07:01,0bc0f88,2026-06-21,sha256:656b70be7dac0e61e4f6fae4f538cc33d6044b7e33f12cf6e3992d55996fbb46,True
2026-08-03,MS,veto:rank_score_below_floor,,0,2026-08-03-live-ff1f674a,1,2026-08-03 21:07:01,0bc0f88,2026-06-21,sha256:656b70be7dac0e61e4f6fae4f538cc33d6044b7e33f12cf6e3992d55996fbb46,True
2026-08-03,MSFT,veto:rank_score_below_floor,,0,2026-08-03-live-ff1f674a,1,2026-08-03 21:07:01,0bc0f88,2026-06-21,sha256:656b70be7dac0e61e4f6fae4f538cc33d6044b7e33f12cf6e3992d55996fbb46,True
2026-08-03,NEE,veto:rank_score_below_floor,,0,2026-08-03-live-ff1f674a,1,2026-08-03 21:07:01,0bc0f88,2026-06-21,sha256:656b70be7dac0e61e4f6fae4f538cc33d6044b7e33f12cf6e3992d55996fbb46,True
2026-08-03,NEM,conviction:mu_below_floor,,0,2026-08-03-live-ff1f674a,1,2026-08-03 21:07:01,0bc0f88,2026-06-21,sha256:656b70be7dac0e61e4f6fae4f538cc33d6044b7e33f12cf6e3992d55996fbb46,True
2026-08-03,NVDA,veto:rank_score_below_floor,,0,2026-08-03-live-ff1f674a,1,2026-08-03 21:07:01,0bc0f88,2026-06-21,sha256:656b70be7dac0e61e4f6fae4f538cc33d6044b7e33f12cf6e3992d55996fbb46,True
2026-08-03,OXY,veto:rank_score_below_floor,,0,2026-08-03-live-ff1f674a,1,2026-08-03 21:07:01,0bc0f88,2026-06-21,sha256:656b70be7dac0e61e4f6fae4f538cc33d6044b7e33f12cf6e3992d55996fbb46,True
2026-08-03,PG,veto:rank_score_below_floor,,0,2026-08-03-live-ff1f674a,1,2026-08-03 21:07:01,0bc0f88,2026-06-21,sha256:656b70be7dac0e61e4f6fae4f538cc33d6044b7e33f12cf6e3992d55996fbb46,True
2026-08-03,PH,veto:rank_score_below_floor,,0,2026-08-03-live-ff1f674a,1,2026-08-03 21:07:01,0bc0f88,2026-06-21,sha256:656b70be7dac0e61e4f6fae4f538cc33d6044b7e33f12cf6e3992d55996fbb46,True
2026-08-03,PM,conviction:mu_below_floor,,0,2026-08-03-live-ff1f674a,1,2026-08-03 21:07:01,0bc0f88,2026-06-21,sha256:656b70be7dac0e61e4f6fae4f538cc33d6044b7e33f12cf6e3992d55996fbb46,True
2026-08-03,PNC,veto:rank_score_below_floor,,0,2026-08-03-live-ff1f674a,1,2026-08-03 21:07:01,0bc0f88,2026-06-21,sha256:656b70be7dac0e61e4f6fae4f538cc33d6044b7e33f12cf6e3992d55996fbb46,True
2026-08-03,PYPL,conviction:mu_below_floor,,0,2026-08-03-live-ff1f674a,1,2026-08-03 21:07:01,0bc0f88,2026-06-21,sha256:656b70be7dac0e61e4f6fae4f538cc33d6044b7e33f12cf6e3992d55996fbb46,True
2026-08-03,ROST,conviction:mu_below_floor,,0,2026-08-03-live-ff1f674a,1,2026-08-03 21:07:01,0bc0f88,2026-06-21,sha256:656b70be7dac0e61e4f6fae4f538cc33d6044b7e33f12cf6e3992d55996fbb46,True
2026-08-03,RTX,veto:rank_score_below_floor,,0,2026-08-03-live-ff1f674a,1,2026-08-03 21:07:01,0bc0f88,2026-06-21,sha256:656b70be7dac0e61e4f6fae4f538cc33d6044b7e33f12cf6e3992d55996fbb46,True
2026-08-03,SCHW,veto:rank_score_below_floor,,0,2026-08-03-live-ff1f674a,1,2026-08-03 21:07:01,0bc0f88,2026-06-21,sha256:656b70be7dac0e61e4f6fae4f538cc33d6044b7e33f12cf6e3992d55996fbb46,True
2026-08-03,SO,veto:rank_score_below_floor,,0,2026-08-03-live-ff1f674a,1,2026-08-03 21:07:01,0bc0f88,2026-06-21,sha256:656b70be7dac0e61e4f6fae4f538cc33d6044b7e33f12cf6e3992d55996fbb46,True
2026-08-03,SOFI,veto:rank_score_below_floor,,0,2026-08-03-live-ff1f674a,1,2026-08-03 21:07:01,0bc0f88,2026-06-21,sha256:656b70be7dac0e61e4f6fae4f538cc33d6044b7e33f12cf6e3992d55996fbb46,True
2026-08-03,SPOT,veto:rank_score_below_floor,,0,2026-08-03-live-ff1f674a,1,2026-08-03 21:07:01,0bc0f88,2026-06-21,sha256:656b70be7dac0e61e4f6fae4f538cc33d6044b7e33f12cf6e3992d55996fbb46,True
2026-08-03,TJX,veto:rank_score_below_floor,,0,2026-08-03-live-ff1f674a,1,2026-08-03 21:07:01,0bc0f88,2026-06-21,sha256:656b70be7dac0e61e4f6fae4f538cc33d6044b7e33f12cf6e3992d55996fbb46,True
2026-08-03,TMO,veto:rank_score_below_floor,,0,2026-08-03-live-ff1f674a,1,2026-08-03 21:07:01,0bc0f88,2026-06-21,sha256:656b70be7dac0e61e4f6fae4f538cc33d6044b7e33f12cf6e3992d55996fbb46,True
2026-08-03,TSM,veto:rank_score_below_floor,,0,2026-08-03-live-ff1f674a,1,2026-08-03 21:07:01,0bc0f88,2026-06-21,sha256:656b70be7dac0e61e4f6fae4f538cc33d6044b7e33f12cf6e3992d55996fbb46,True
2026-08-03,TXN,veto:rank_score_below_floor,,0,2026-08-03-live-ff1f674a,1,2026-08-03 21:07:01,0bc0f88,2026-06-21,sha256:656b70be7dac0e61e4f6fae4f538cc33d6044b7e33f12cf6e3992d55996fbb46,True
2026-08-03,UNH,veto:rank_score_below_floor,,0,2026-08-03-live-ff1f674a,1,2026-08-03 21:07:01,0bc0f88,2026-06-21,sha256:656b70be7dac0e61e4f6fae4f538cc33d6044b7e33f12cf6e3992d55996fbb46,True
2026-08-03,UNP,veto:rank_score_below_floor,,0,2026-08-03-live-ff1f674a,1,2026-08-03 21:07:01,0bc0f88,2026-06-21,sha256:656b70be7dac0e61e4f6fae4f538cc33d6044b7e33f12cf6e3992d55996fbb46,True
2026-08-03,V,veto:rank_score_below_floor,,0,2026-08-03-live-ff1f674a,1,2026-08-03 21:07:01,0bc0f88,2026-06-21,sha256:656b70be7dac0e61e4f6fae4f538cc33d6044b7e33f12cf6e3992d55996fbb46,True
2026-08-03,VLO,conviction:mu_below_floor,,0,2026-08-03-live-ff1f674a,1,2026-08-03 21:07:01,0bc0f88,2026-06-21,sha256:656b70be7dac0e61e4f6fae4f538cc33d6044b7e33f12cf6e3992d55996fbb46,True
2026-08-03,WELL,veto:rank_score_below_floor,,0,2026-08-03-live-ff1f674a,1,2026-08-03 21:07:01,0bc0f88,2026-06-21,sha256:656b70be7dac0e61e4f6fae4f538cc33d6044b7e33f12cf6e3992d55996fbb46,True
2026-08-03,WFC,veto:rank_score_below_floor,,0,2026-08-03-live-ff1f674a,1,2026-08-03 21:07:01,0bc0f88,2026-06-21,sha256:656b70be7dac0e61e4f6fae4f538cc33d6044b7e33f12cf6e3992d55996fbb46,True
2026-08-03,WMB,veto:rank_score_below_floor,,0,2026-08-03-live-ff1f674a,1,2026-08-03 21:07:01,0bc0f88,2026-06-21,sha256:656b70be7dac0e61e4f6fae4f538cc33d6044b7e33f12cf6e3992d55996fbb46,True
2026-08-03,WMT,conviction:mu_below_floor,,0,2026-08-03-live-ff1f674a,1,2026-08-03 21:07:01,0bc0f88,2026-06-21,sha256:656b70be7dac0e61e4f6fae4f538cc33d6044b7e33f12cf6e3992d55996fbb46,True
2026-08-03,XLF,veto:rank_score_below_floor,,0,2026-08-03-live-ff1f674a,1,2026-08-03 21:07:01,0bc0f88,2026-06-21,sha256:656b70be7dac0e61e4f6fae4f538cc33d6044b7e33f12cf6e3992d55996fbb46,True
2026-08-03,XLI,veto:rank_score_below_floor,,0,2026-08-03-live-ff1f674a,1,2026-08-03 21:07:01,0bc0f88,2026-06-21,sha256:656b70be7dac0e61e4f6fae4f538cc33d6044b7e33f12cf6e3992d55996fbb46,True
2026-08-03,XLK,veto:rank_score_below_floor,,0,2026-08-03-live-ff1f674a,1,2026-08-03 21:07:01,0bc0f88,2026-06-21,sha256:656b70be7dac0e61e4f6fae4f538cc33d6044b7e33f12cf6e3992d55996fbb46,True
2026-08-03,XLU,veto:rank_score_below_floor,,0,2026-08-03-live-ff1f674a,1,2026-08-03 21:07:01,0bc0f88,2026-06-21,sha256:656b70be7dac0e61e4f6fae4f538cc33d6044b7e33f12cf6e3992d55996fbb46,True
2026-08-03,XLY,veto:rank_score_below_floor,,0,2026-08-03-live-ff1f674a,1,2026-08-03 21:07:01,0bc0f88,2026-06-21,sha256:656b70be7dac0e61e4f6fae4f538cc33d6044b7e33f12cf6e3992d55996fbb46,True
2026-08-03,ZM,conviction:mu_below_floor,,0,2026-08-03-live-ff1f674a,1,2026-08-03 21:07:01,0bc0f88,2026-06-21,sha256:656b70be7dac0e61e4f6fae4f538cc33d6044b7e33f12cf6e3992d55996fbb46,True
2026-08-04,AAPL,veto:rank_score_below_floor,,0,2026-08-04-live-2f5d92df,0,2026-08-04 21:54:47,a131f8d,2026-08-02,sha256:c816bf1344698a75571b816c8106e618bc6be3af9eecb9de1841300281be9ca7,True
2026-08-04,ABBV,veto:rank_score_below_floor,,0,2026-08-04-live-2f5d92df,0,2026-08-04 21:54:47,a131f8d,2026-08-02,sha256:c816bf1344698a75571b816c8106e618bc6be3af9eecb9de1841300281be9ca7,True
2026-08-04,ADI,veto:rank_score_below_floor,,0,2026-08-04-live-2f5d92df,0,2026-08-04 21:54:47,a131f8d,2026-08-02,sha256:c816bf1344698a75571b816c8106e618bc6be3af9eecb9de1841300281be9ca7,True
2026-08-04,AEP,veto:rank_score_below_floor,,0,2026-08-04-live-2f5d92df,0,2026-08-04 21:54:47,a131f8d,2026-08-02,sha256:c816bf1344698a75571b816c8106e618bc6be3af9eecb9de1841300281be9ca7,True
2026-08-04,AFRM,conviction:mu_below_floor,,0,2026-08-04-live-2f5d92df,0,2026-08-04 21:54:47,a131f8d,2026-08-02,sha256:c816bf1344698a75571b816c8106e618bc6be3af9eecb9de1841300281be9ca7,True
2026-08-04,AMZN,conviction:mu_below_floor,,0,2026-08-04-live-2f5d92df,0,2026-08-04 21:54:47,a131f8d,2026-08-02,sha256:c816bf1344698a75571b816c8106e618bc6be3af9eecb9de1841300281be9ca7,True
2026-08-04,APH,not_selected,0.06868578322261734,0,2026-08-04-live-2f5d92df,0,2026-08-04 21:54:47,a131f8d,2026-08-02,sha256:c816bf1344698a75571b816c8106e618bc6be3af9eecb9de1841300281be9ca7,True
2026-08-04,ASML,veto:rank_score_below_floor,,0,2026-08-04-live-2f5d92df,0,2026-08-04 21:54:47,a131f8d,2026-08-02,sha256:c816bf1344698a75571b816c8106e618bc6be3af9eecb9de1841300281be9ca7,True
2026-08-04,ATI,veto:rank_score_below_floor,,0,2026-08-04-live-2f5d92df,0,2026-08-04 21:54:47,a131f8d,2026-08-02,sha256:c816bf1344698a75571b816c8106e618bc6be3af9eecb9de1841300281be9ca7,True
2026-08-04,AXP,veto:rank_score_below_floor,,0,2026-08-04-live-2f5d92df,0,2026-08-04 21:54:47,a131f8d,2026-08-02,sha256:c816bf1344698a75571b816c8106e618bc6be3af9eecb9de1841300281be9ca7,True
2026-08-04,BA,veto:rank_score_below_floor,,0,2026-08-04-live-2f5d92df,0,2026-08-04 21:54:47,a131f8d,2026-08-02,sha256:c816bf1344698a75571b816c8106e618bc6be3af9eecb9de1841300281be9ca7,True
2026-08-04,BAC,veto:rank_score_below_floor,,0,2026-08-04-live-2f5d92df,0,2026-08-04 21:54:47,a131f8d,2026-08-02,sha256:c816bf1344698a75571b816c8106e618bc6be3af9eecb9de1841300281be9ca7,True
2026-08-04,BLK,veto:rank_score_below_floor,,0,2026-08-04-live-2f5d92df,0,2026-08-04 21:54:47,a131f8d,2026-08-02,sha256:c816bf1344698a75571b816c8106e618bc6be3af9eecb9de1841300281be9ca7,True
2026-08-04,BWXT,conviction:mu_below_floor,,0,2026-08-04-live-2f5d92df,0,2026-08-04 21:54:47,a131f8d,2026-08-02,sha256:c816bf1344698a75571b816c8106e618bc6be3af9eecb9de1841300281be9ca7,True
2026-08-04,C,veto:rank_score_below_floor,,0,2026-08-04-live-2f5d92df,0,2026-08-04 21:54:47,a131f8d,2026-08-02,sha256:c816bf1344698a75571b816c8106e618bc6be3af9eecb9de1841300281be9ca7,True
2026-08-04,CAT,veto:rank_score_below_floor,,0,2026-08-04-live-2f5d92df,0,2026-08-04 21:54:47,a131f8d,2026-08-02,sha256:c816bf1344698a75571b816c8106e618bc6be3af9eecb9de1841300281be9ca7,True
2026-08-04,CMG,veto:rank_score_below_floor,,0,2026-08-04-live-2f5d92df,0,2026-08-04 21:54:47,a131f8d,2026-08-02,sha256:c816bf1344698a75571b816c8106e618bc6be3af9eecb9de1841300281be9ca7,True
2026-08-04,CRM,veto:rank_score_below_floor,,0,2026-08-04-live-2f5d92df,0,2026-08-04 21:54:47,a131f8d,2026-08-02,sha256:c816bf1344698a75571b816c8106e618bc6be3af9eecb9de1841300281be9ca7,True
2026-08-04,CRWD,correlation,0.06868578322261734,0,2026-08-04-live-2f5d92df,0,2026-08-04 21:54:47,a131f8d,2026-08-02,sha256:c816bf1344698a75571b816c8106e618bc6be3af9eecb9de1841300281be9ca7,True
2026-08-04,CVS,veto:rank_score_below_floor,,0,2026-08-04-live-2f5d92df,0,2026-08-04 21:54:47,a131f8d,2026-08-02,sha256:c816bf1344698a75571b816c8106e618bc6be3af9eecb9de1841300281be9ca7,True
2026-08-04,CVX,veto:rank_score_below_floor,,0,2026-08-04-live-2f5d92df,0,2026-08-04 21:54:47,a131f8d,2026-08-02,sha256:c816bf1344698a75571b816c8106e618bc6be3af9eecb9de1841300281be9ca7,True
2026-08-04,D,veto:rank_score_below_floor,,0,2026-08-04-live-2f5d92df,0,2026-08-04 21:54:47,a131f8d,2026-08-02,sha256:c816bf1344698a75571b816c8106e618bc6be3af9eecb9de1841300281be9ca7,True
2026-08-04,DDOG,broker_pending_submitted,0.06868578322261734,0,2026-08-04-live-2f5d92df,0,2026-08-04 21:54:47,a131f8d,2026-08-02,sha256:c816bf1344698a75571b816c8106e618bc6be3af9eecb9de1841300281be9ca7,True
2026-08-04,DE,veto:rank_score_below_floor,,0,2026-08-04-live-2f5d92df,0,2026-08-04 21:54:47,a131f8d,2026-08-02,sha256:c816bf1344698a75571b816c8106e618bc6be3af9eecb9de1841300281be9ca7,True
2026-08-04,DLR,veto:rank_score_below_floor,,0,2026-08-04-live-2f5d92df,0,2026-08-04 21:54:47,a131f8d,2026-08-02,sha256:c816bf1344698a75571b816c8106e618bc6be3af9eecb9de1841300281be9ca7,True
2026-08-04,DUK,veto:rank_score_below_floor,,0,2026-08-04-live-2f5d92df,0,2026-08-04 21:54:47,a131f8d,2026-08-02,sha256:c816bf1344698a75571b816c8106e618bc6be3af9eecb9de1841300281be9ca7,True
2026-08-04,EME,veto:rank_score_below_floor,,0,2026-08-04-live-2f5d92df,0,2026-08-04 21:54:47,a131f8d,2026-08-02,sha256:c816bf1344698a75571b816c8106e618bc6be3af9eecb9de1841300281be9ca7,True
2026-08-04,EMR,veto:rank_score_below_floor,,0,2026-08-04-live-2f5d92df,0,2026-08-04 21:54:47,a131f8d,2026-08-02,sha256:c816bf1344698a75571b816c8106e618bc6be3af9eecb9de1841300281be9ca7,True
2026-08-04,EOG,veto:rank_score_below_floor,,0,2026-08-04-live-2f5d92df,0,2026-08-04 21:54:47,a131f8d,2026-08-02,sha256:c816bf1344698a75571b816c8106e618bc6be3af9eecb9de1841300281be9ca7,True
2026-08-04,EQIX,veto:rank_score_below_floor,,0,2026-08-04-live-2f5d92df,0,2026-08-04 21:54:47,a131f8d,2026-08-02,sha256:c816bf1344698a75571b816c8106e618bc6be3af9eecb9de1841300281be9ca7,True
2026-08-04,ETN,veto:rank_score_below_floor,,0,2026-08-04-live-2f5d92df,0,2026-08-04 21:54:47,a131f8d,2026-08-02,sha256:c816bf1344698a75571b816c8106e618bc6be3af9eecb9de1841300281be9ca7,True
2026-08-04,FDX,veto:rank_score_below_floor,,0,2026-08-04-live-2f5d92df,0,2026-08-04 21:54:47,a131f8d,2026-08-02,sha256:c816bf1344698a75571b816c8106e618bc6be3af9eecb9de1841300281be9ca7,True
2026-08-04,FTNT,wash_sale,0.06868578322261734,0,2026-08-04-live-2f5d92df,0,2026-08-04 21:54:47,a131f8d,2026-08-02,sha256:c816bf1344698a75571b816c8106e618bc6be3af9eecb9de1841300281be9ca7,True
2026-08-04,GE,veto:rank_score_below_floor,,0,2026-08-04-live-2f5d92df,0,2026-08-04 21:54:47,a131f8d,2026-08-02,sha256:c816bf1344698a75571b816c8106e618bc6be3af9eecb9de1841300281be9ca7,True
2026-08-04,GLD,veto:rank_score_below_floor,,0,2026-08-04-live-2f5d92df,0,2026-08-04 21:54:47,a131f8d,2026-08-02,sha256:c816bf1344698a75571b816c8106e618bc6be3af9eecb9de1841300281be9ca7,True
2026-08-04,GM,conviction:mu_below_floor,,0,2026-08-04-live-2f5d92df,0,2026-08-04 21:54:47,a131f8d,2026-08-02,sha256:c816bf1344698a75571b816c8106e618bc6be3af9eecb9de1841300281be9ca7,True
2026-08-04,GOOG,not_selected,0.06868578322261734,0,2026-08-04-live-2f5d92df,0,2026-08-04 21:54:47,a131f8d,2026-08-02,sha256:c816bf1344698a75571b816c8106e618bc6be3af9eecb9de1841300281be9ca7,True
2026-08-04,GRMN,veto:rank_score_below_floor,,0,2026-08-04-live-2f5d92df,0,2026-08-04 21:54:47,a131f8d,2026-08-02,sha256:c816bf1344698a75571b816c8106e618bc6be3af9eecb9de1841300281be9ca7,True
2026-08-04,GS,veto:rank_score_below_floor,,0,2026-08-04-live-2f5d92df,0,2026-08-04 21:54:47,a131f8d,2026-08-02,sha256:c816bf1344698a75571b816c8106e618bc6be3af9eecb9de1841300281be9ca7,True
2026-08-04,HLT,veto:rank_score_below_floor,,0,2026-08-04-live-2f5d92df,0,2026-08-04 21:54:47,a131f8d,2026-08-02,sha256:c816bf1344698a75571b816c8106e618bc6be3af9eecb9de1841300281be9ca7,True
2026-08-04,JNJ,veto:rank_score_below_floor,,0,2026-08-04-live-2f5d92df,0,2026-08-04 21:54:47,a131f8d,2026-08-02,sha256:c816bf1344698a75571b816c8106e618bc6be3af9eecb9de1841300281be9ca7,True
2026-08-04,JPM,veto:rank_score_below_floor,,0,2026-08-04-live-2f5d92df,0,2026-08-04 21:54:47,a131f8d,2026-08-02,sha256:c816bf1344698a75571b816c8106e618bc6be3af9eecb9de1841300281be9ca7,True
2026-08-04,KO,veto:rank_score_below_floor,,0,2026-08-04-live-2f5d92df,0,2026-08-04 21:54:47,a131f8d,2026-08-02,sha256:c816bf1344698a75571b816c8106e618bc6be3af9eecb9de1841300281be9ca7,True
2026-08-04,LHX,veto:rank_score_below_floor,,0,2026-08-04-live-2f5d92df,0,2026-08-04 21:54:47,a131f8d,2026-08-02,sha256:c816bf1344698a75571b816c8106e618bc6be3af9eecb9de1841300281be9ca7,True
2026-08-04,LLY,veto:rank_score_below_floor,,0,2026-08-04-live-2f5d92df,0,2026-08-04 21:54:47,a131f8d,2026-08-02,sha256:c816bf1344698a75571b816c8106e618bc6be3af9eecb9de1841300281be9ca7,True
2026-08-04,LMT,veto:rank_score_below_floor,,0,2026-08-04-live-2f5d92df,0,2026-08-04 21:54:47,a131f8d,2026-08-02,sha256:c816bf1344698a75571b816c8106e618bc6be3af9eecb9de1841300281be9ca7,True
2026-08-04,MA,veto:rank_score_below_floor,,0,2026-08-04-live-2f5d92df,0,2026-08-04 21:54:47,a131f8d,2026-08-02,sha256:c816bf1344698a75571b816c8106e618bc6be3af9eecb9de1841300281be9ca7,True
2026-08-04,MCHP,conviction:mu_below_floor,,0,2026-08-04-live-2f5d92df,0,2026-08-04 21:54:47,a131f8d,2026-08-02,sha256:c816bf1344698a75571b816c8106e618bc6be3af9eecb9de1841300281be9ca7,True
2026-08-04,META,conviction:mu_below_floor,,0,2026-08-04-live-2f5d92df,0,2026-08-04 21:54:47,a131f8d,2026-08-02,sha256:c816bf1344698a75571b816c8106e618bc6be3af9eecb9de1841300281be9ca7,True
2026-08-04,MMM,veto:rank_score_below_floor,,0,2026-08-04-live-2f5d92df,0,2026-08-04 21:54:47,a131f8d,2026-08-02,sha256:c816bf1344698a75571b816c8106e618bc6be3af9eecb9de1841300281be9ca7,True
2026-08-04,MO,veto:rank_score_below_floor,,0,2026-08-04-live-2f5d92df,0,2026-08-04 21:54:47,a131f8d,2026-08-02,sha256:c816bf1344698a75571b816c8106e618bc6be3af9eecb9de1841300281be9ca7,True
2026-08-04,MRK,veto:rank_score_below_floor,,0,2026-08-04-live-2f5d92df,0,2026-08-04 21:54:47,a131f8d,2026-08-02,sha256:c816bf1344698a75571b816c8106e618bc6be3af9eecb9de1841300281be9ca7,True
2026-08-04,MS,veto:rank_score_below_floor,,0,2026-08-04-live-2f5d92df,0,2026-08-04 21:54:47,a131f8d,2026-08-02,sha256:c816bf1344698a75571b816c8106e618bc6be3af9eecb9de1841300281be9ca7,True
2026-08-04,MSFT,veto:rank_score_below_floor,,0,2026-08-04-live-2f5d92df,0,2026-08-04 21:54:47,a131f8d,2026-08-02,sha256:c816bf1344698a75571b816c8106e618bc6be3af9eecb9de1841300281be9ca7,True
2026-08-04,NEE,veto:rank_score_below_floor,,0,2026-08-04-live-2f5d92df,0,2026-08-04 21:54:47,a131f8d,2026-08-02,sha256:c816bf1344698a75571b816c8106e618bc6be3af9eecb9de1841300281be9ca7,True
2026-08-04,NEM,veto:rank_score_below_floor,,0,2026-08-04-live-2f5d92df,0,2026-08-04 21:54:47,a131f8d,2026-08-02,sha256:c816bf1344698a75571b816c8106e618bc6be3af9eecb9de1841300281be9ca7,True
2026-08-04,NVDA,broker_pending_submitted,0.06868578322261734,0,2026-08-04-live-2f5d92df,0,2026-08-04 21:54:47,a131f8d,2026-08-02,sha256:c816bf1344698a75571b816c8106e618bc6be3af9eecb9de1841300281be9ca7,True
2026-08-04,OXY,veto:rank_score_below_floor,,0,2026-08-04-live-2f5d92df,0,2026-08-04 21:54:47,a131f8d,2026-08-02,sha256:c816bf1344698a75571b816c8106e618bc6be3af9eecb9de1841300281be9ca7,True
2026-08-04,PG,veto:rank_score_below_floor,,0,2026-08-04-live-2f5d92df,0,2026-08-04 21:54:47,a131f8d,2026-08-02,sha256:c816bf1344698a75571b816c8106e618bc6be3af9eecb9de1841300281be9ca7,True
2026-08-04,PH,veto:rank_score_below_floor,,0,2026-08-04-live-2f5d92df,0,2026-08-04 21:54:47,a131f8d,2026-08-02,sha256:c816bf1344698a75571b816c8106e618bc6be3af9eecb9de1841300281be9ca7,True
2026-08-04,PM,veto:rank_score_below_floor,,0,2026-08-04-live-2f5d92df,0,2026-08-04 21:54:47,a131f8d,2026-08-02,sha256:c816bf1344698a75571b816c8106e618bc6be3af9eecb9de1841300281be9ca7,True
2026-08-04,PNC,veto:rank_score_below_floor,,0,2026-08-04-live-2f5d92df,0,2026-08-04 21:54:47,a131f8d,2026-08-02,sha256:c816bf1344698a75571b816c8106e618bc6be3af9eecb9de1841300281be9ca7,True
2026-08-04,PYPL,conviction:mu_below_floor,,0,2026-08-04-live-2f5d92df,0,2026-08-04 21:54:47,a131f8d,2026-08-02,sha256:c816bf1344698a75571b816c8106e618bc6be3af9eecb9de1841300281be9ca7,True
2026-08-04,ROST,veto:rank_score_below_floor,,0,2026-08-04-live-2f5d92df,0,2026-08-04 21:54:47,a131f8d,2026-08-02,sha256:c816bf1344698a75571b816c8106e618bc6be3af9eecb9de1841300281be9ca7,True
2026-08-04,RTX,veto:rank_score_below_floor,,0,2026-08-04-live-2f5d92df,0,2026-08-04 21:54:47,a131f8d,2026-08-02,sha256:c816bf1344698a75571b816c8106e618bc6be3af9eecb9de1841300281be9ca7,True
2026-08-04,SCHW,veto:rank_score_below_floor,,0,2026-08-04-live-2f5d92df,0,2026-08-04 21:54:47,a131f8d,2026-08-02,sha256:c816bf1344698a75571b816c8106e618bc6be3af9eecb9de1841300281be9ca7,True
2026-08-04,SO,veto:rank_score_below_floor,,0,2026-08-04-live-2f5d92df,0,2026-08-04 21:54:47,a131f8d,2026-08-02,sha256:c816bf1344698a75571b816c8106e618bc6be3af9eecb9de1841300281be9ca7,True
2026-08-04,SOFI,broker_pending_submitted,0.06868578322261734,0,2026-08-04-live-2f5d92df,0,2026-08-04 21:54:47,a131f8d,2026-08-02,sha256:c816bf1344698a75571b816c8106e618bc6be3af9eecb9de1841300281be9ca7,True
2026-08-04,SPG,conviction:mu_below_floor,,0,2026-08-04-live-2f5d92df,0,2026-08-04 21:54:47,a131f8d,2026-08-02,sha256:c816bf1344698a75571b816c8106e618bc6be3af9eecb9de1841300281be9ca7,True
2026-08-04,SPOT,veto:rank_score_below_floor,,0,2026-08-04-live-2f5d92df,0,2026-08-04 21:54:47,a131f8d,2026-08-02,sha256:c816bf1344698a75571b816c8106e618bc6be3af9eecb9de1841300281be9ca7,True
2026-08-04,TJX,veto:rank_score_below_floor,,0,2026-08-04-live-2f5d92df,0,2026-08-04 21:54:47,a131f8d,2026-08-02,sha256:c816bf1344698a75571b816c8106e618bc6be3af9eecb9de1841300281be9ca7,True
2026-08-04,TMO,veto:rank_score_below_floor,,0,2026-08-04-live-2f5d92df,0,2026-08-04 21:54:47,a131f8d,2026-08-02,sha256:c816bf1344698a75571b816c8106e618bc6be3af9eecb9de1841300281be9ca7,True
2026-08-04,TSM,veto:rank_score_below_floor,,0,2026-08-04-live-2f5d92df,0,2026-08-04 21:54:47,a131f8d,2026-08-02,sha256:c816bf1344698a75571b816c8106e618bc6be3af9eecb9de1841300281be9ca7,True
2026-08-04,TXN,veto:rank_score_below_floor,,0,2026-08-04-live-2f5d92df,0,2026-08-04 21:54:47,a131f8d,2026-08-02,sha256:c816bf1344698a75571b816c8106e618bc6be3af9eecb9de1841300281be9ca7,True
2026-08-04,UNH,veto:rank_score_below_floor,,0,2026-08-04-live-2f5d92df,0,2026-08-04 21:54:47,a131f8d,2026-08-02,sha256:c816bf1344698a75571b816c8106e618bc6be3af9eecb9de1841300281be9ca7,True
2026-08-04,UNP,veto:rank_score_below_floor,,0,2026-08-04-live-2f5d92df,0,2026-08-04 21:54:47,a131f8d,2026-08-02,sha256:c816bf1344698a75571b816c8106e618bc6be3af9eecb9de1841300281be9ca7,True
2026-08-04,V,veto:rank_score_below_floor,,0,2026-08-04-live-2f5d92df,0,2026-08-04 21:54:47,a131f8d,2026-08-02,sha256:c816bf1344698a75571b816c8106e618bc6be3af9eecb9de1841300281be9ca7,True
2026-08-04,VLO,not_selected,0.06868578322261734,0,2026-08-04-live-2f5d92df,0,2026-08-04 21:54:47,a131f8d,2026-08-02,sha256:c816bf1344698a75571b816c8106e618bc6be3af9eecb9de1841300281be9ca7,True
2026-08-04,WELL,veto:rank_score_below_floor,,0,2026-08-04-live-2f5d92df,0,2026-08-04 21:54:47,a131f8d,2026-08-02,sha256:c816bf1344698a75571b816c8106e618bc6be3af9eecb9de1841300281be9ca7,True
2026-08-04,WFC,veto:rank_score_below_floor,,0,2026-08-04-live-2f5d92df,0,2026-08-04 21:54:47,a131f8d,2026-08-02,sha256:c816bf1344698a75571b816c8106e618bc6be3af9eecb9de1841300281be9ca7,True
2026-08-04,WMB,veto:rank_score_below_floor,,0,2026-08-04-live-2f5d92df,0,2026-08-04 21:54:47,a131f8d,2026-08-02,sha256:c816bf1344698a75571b816c8106e618bc6be3af9eecb9de1841300281be9ca7,True
2026-08-04,WMT,veto:rank_score_below_floor,,0,2026-08-04-live-2f5d92df,0,2026-08-04 21:54:47,a131f8d,2026-08-02,sha256:c816bf1344698a75571b816c8106e618bc6be3af9eecb9de1841300281be9ca7,True
2026-08-04,XLF,veto:rank_score_below_floor,,0,2026-08-04-live-2f5d92df,0,2026-08-04 21:54:47,a131f8d,2026-08-02,sha256:c816bf1344698a75571b816c8106e618bc6be3af9eecb9de1841300281be9ca7,True
2026-08-04,XLI,veto:rank_score_below_floor,,0,2026-08-04-live-2f5d92df,0,2026-08-04 21:54:47,a131f8d,2026-08-02,sha256:c816bf1344698a75571b816c8106e618bc6be3af9eecb9de1841300281be9ca7,True
2026-08-04,XLK,veto:rank_score_below_floor,,0,2026-08-04-live-2f5d92df,0,2026-08-04 21:54:47,a131f8d,2026-08-02,sha256:c816bf1344698a75571b816c8106e618bc6be3af9eecb9de1841300281be9ca7,True
2026-08-04,XLU,veto:rank_score_below_floor,,0,2026-08-04-live-2f5d92df,0,2026-08-04 21:54:47,a131f8d,2026-08-02,sha256:c816bf1344698a75571b816c8106e618bc6be3af9eecb9de1841300281be9ca7,True
2026-08-04,XLY,veto:rank_score_below_floor,,0,2026-08-04-live-2f5d92df,0,2026-08-04 21:54:47,a131f8d,2026-08-02,sha256:c816bf1344698a75571b816c8106e618bc6be3af9eecb9de1841300281be9ca7,True
2026-08-04,ZM,veto:rank_score_below_floor,,0,2026-08-04-live-2f5d92df,0,2026-08-04 21:54:47,a131f8d,2026-08-02,sha256:c816bf1344698a75571b816c8106e618bc6be3af9eecb9de1841300281be9ca7,True
2026-08-04,AAPL,not_selected,,0,2026-08-04-live-9e502d92,0,2026-08-05 02:28:17,514b6c4,2026-08-02,sha256:c816bf1344698a75571b816c8106e618bc6be3af9eecb9de1841300281be9ca7,True
2026-08-04,ABBV,not_selected,,0,2026-08-04-live-9e502d92,0,2026-08-05 02:28:17,514b6c4,2026-08-02,sha256:c816bf1344698a75571b816c8106e618bc6be3af9eecb9de1841300281be9ca7,True
2026-08-04,ADI,not_selected,,0,2026-08-04-live-9e502d92,0,2026-08-05 02:28:17,514b6c4,2026-08-02,sha256:c816bf1344698a75571b816c8106e618bc6be3af9eecb9de1841300281be9ca7,True
2026-08-04,AEP,not_selected,,0,2026-08-04-live-9e502d92,0,2026-08-05 02:28:17,514b6c4,2026-08-02,sha256:c816bf1344698a75571b816c8106e618bc6be3af9eecb9de1841300281be9ca7,True
2026-08-04,AFRM,not_selected,,0,2026-08-04-live-9e502d92,0,2026-08-05 02:28:17,514b6c4,2026-08-02,sha256:c816bf1344698a75571b816c8106e618bc6be3af9eecb9de1841300281be9ca7,True
2026-08-04,AMZN,not_selected,,0,2026-08-04-live-9e502d92,0,2026-08-05 02:28:17,514b6c4,2026-08-02,sha256:c816bf1344698a75571b816c8106e618bc6be3af9eecb9de1841300281be9ca7,True
2026-08-04,APH,nonpositive_expected_return_no_long,,0,2026-08-04-live-9e502d92,0,2026-08-05 02:28:17,514b6c4,2026-08-02,sha256:c816bf1344698a75571b816c8106e618bc6be3af9eecb9de1841300281be9ca7,True
2026-08-04,ASML,not_selected,,0,2026-08-04-live-9e502d92,0,2026-08-05 02:28:17,514b6c4,2026-08-02,sha256:c816bf1344698a75571b816c8106e618bc6be3af9eecb9de1841300281be9ca7,True
2026-08-04,ATI,not_selected,,0,2026-08-04-live-9e502d92,0,2026-08-05 02:28:17,514b6c4,2026-08-02,sha256:c816bf1344698a75571b816c8106e618bc6be3af9eecb9de1841300281be9ca7,True
2026-08-04,AXP,not_selected,,0,2026-08-04-live-9e502d92,0,2026-08-05 02:28:17,514b6c4,2026-08-02,sha256:c816bf1344698a75571b816c8106e618bc6be3af9eecb9de1841300281be9ca7,True
2026-08-04,BA,not_selected,,0,2026-08-04-live-9e502d92,0,2026-08-05 02:28:17,514b6c4,2026-08-02,sha256:c816bf1344698a75571b816c8106e618bc6be3af9eecb9de1841300281be9ca7,True
2026-08-04,BAC,not_selected,,0,2026-08-04-live-9e502d92,0,2026-08-05 02:28:17,514b6c4,2026-08-02,sha256:c816bf1344698a75571b816c8106e618bc6be3af9eecb9de1841300281be9ca7,True
2026-08-04,BLK,not_selected,,0,2026-08-04-live-9e502d92,0,2026-08-05 02:28:17,514b6c4,2026-08-02,sha256:c816bf1344698a75571b816c8106e618bc6be3af9eecb9de1841300281be9ca7,True
2026-08-04,BWXT,not_selected,,0,2026-08-04-live-9e502d92,0,2026-08-05 02:28:17,514b6c4,2026-08-02,sha256:c816bf1344698a75571b816c8106e618bc6be3af9eecb9de1841300281be9ca7,True
2026-08-04,C,not_selected,,0,2026-08-04-live-9e502d92,0,2026-08-05 02:28:17,514b6c4,2026-08-02,sha256:c816bf1344698a75571b816c8106e618bc6be3af9eecb9de1841300281be9ca7,True
2026-08-04,CAT,not_selected,,0,2026-08-04-live-9e502d92,0,2026-08-05 02:28:17,514b6c4,2026-08-02,sha256:c816bf1344698a75571b816c8106e618bc6be3af9eecb9de1841300281be9ca7,True
2026-08-04,CMG,not_selected,,0,2026-08-04-live-9e502d92,0,2026-08-05 02:28:17,514b6c4,2026-08-02,sha256:c816bf1344698a75571b816c8106e618bc6be3af9eecb9de1841300281be9ca7,True
2026-08-04,CRM,not_selected,,0,2026-08-04-live-9e502d92,0,2026-08-05 02:28:17,514b6c4,2026-08-02,sha256:c816bf1344698a75571b816c8106e618bc6be3af9eecb9de1841300281be9ca7,True
2026-08-04,CRWD,correlation,,0,2026-08-04-live-9e502d92,0,2026-08-05 02:28:17,514b6c4,2026-08-02,sha256:c816bf1344698a75571b816c8106e618bc6be3af9eecb9de1841300281be9ca7,True
2026-08-04,CVS,not_selected,,0,2026-08-04-live-9e502d92,0,2026-08-05 02:28:17,514b6c4,2026-08-02,sha256:c816bf1344698a75571b816c8106e618bc6be3af9eecb9de1841300281be9ca7,True
2026-08-04,CVX,not_selected,,0,2026-08-04-live-9e502d92,0,2026-08-05 02:28:17,514b6c4,2026-08-02,sha256:c816bf1344698a75571b816c8106e618bc6be3af9eecb9de1841300281be9ca7,True
2026-08-04,D,not_selected,,0,2026-08-04-live-9e502d92,0,2026-08-05 02:28:17,514b6c4,2026-08-02,sha256:c816bf1344698a75571b816c8106e618bc6be3af9eecb9de1841300281be9ca7,True
2026-08-04,DE,not_selected,,0,2026-08-04-live-9e502d92,0,2026-08-05 02:28:17,514b6c4,2026-08-02,sha256:c816bf1344698a75571b816c8106e618bc6be3af9eecb9de1841300281be9ca7,True
2026-08-04,DLR,not_selected,,0,2026-08-04-live-9e502d92,0,2026-08-05 02:28:17,514b6c4,2026-08-02,sha256:c816bf1344698a75571b816c8106e618bc6be3af9eecb9de1841300281be9ca7,True
2026-08-04,DUK,not_selected,,0,2026-08-04-live-9e502d92,0,2026-08-05 02:28:17,514b6c4,2026-08-02,sha256:c816bf1344698a75571b816c8106e618bc6be3af9eecb9de1841300281be9ca7,True
2026-08-04,EME,not_selected,,0,2026-08-04-live-9e502d92,0,2026-08-05 02:28:17,514b6c4,2026-08-02,sha256:c816bf1344698a75571b816c8106e618bc6be3af9eecb9de1841300281be9ca7,True
2026-08-04,EMR,not_selected,,0,2026-08-04-live-9e502d92,0,2026-08-05 02:28:17,514b6c4,2026-08-02,sha256:c816bf1344698a75571b816c8106e618bc6be3af9eecb9de1841300281be9ca7,True
2026-08-04,EOG,not_selected,,0,2026-08-04-live-9e502d92,0,2026-08-05 02:28:17,514b6c4,2026-08-02,sha256:c816bf1344698a75571b816c8106e618bc6be3af9eecb9de1841300281be9ca7,True
2026-08-04,EQIX,not_selected,,0,2026-08-04-live-9e502d92,0,2026-08-05 02:28:17,514b6c4,2026-08-02,sha256:c816bf1344698a75571b816c8106e618bc6be3af9eecb9de1841300281be9ca7,True
2026-08-04,ETN,not_selected,,0,2026-08-04-live-9e502d92,0,2026-08-05 02:28:17,514b6c4,2026-08-02,sha256:c816bf1344698a75571b816c8106e618bc6be3af9eecb9de1841300281be9ca7,True
2026-08-04,FDX,not_selected,,0,2026-08-04-live-9e502d92,0,2026-08-05 02:28:17,514b6c4,2026-08-02,sha256:c816bf1344698a75571b816c8106e618bc6be3af9eecb9de1841300281be9ca7,True
2026-08-04,FTNT,wash_sale,,0,2026-08-04-live-9e502d92,0,2026-08-05 02:28:17,514b6c4,2026-08-02,sha256:c816bf1344698a75571b816c8106e618bc6be3af9eecb9de1841300281be9ca7,True
2026-08-04,GE,not_selected,,0,2026-08-04-live-9e502d92,0,2026-08-05 02:28:17,514b6c4,2026-08-02,sha256:c816bf1344698a75571b816c8106e618bc6be3af9eecb9de1841300281be9ca7,True
2026-08-04,GLD,not_selected,,0,2026-08-04-live-9e502d92,0,2026-08-05 02:28:17,514b6c4,2026-08-02,sha256:c816bf1344698a75571b816c8106e618bc6be3af9eecb9de1841300281be9ca7,True
2026-08-04,GM,not_selected,,0,2026-08-04-live-9e502d92,0,2026-08-05 02:28:17,514b6c4,2026-08-02,sha256:c816bf1344698a75571b816c8106e618bc6be3af9eecb9de1841300281be9ca7,True
2026-08-04,GOOG,broker_pending_submitted,,0,2026-08-04-live-9e502d92,0,2026-08-05 02:28:17,514b6c4,2026-08-02,sha256:c816bf1344698a75571b816c8106e618bc6be3af9eecb9de1841300281be9ca7,True
2026-08-04,GRMN,not_selected,,0,2026-08-04-live-9e502d92,0,2026-08-05 02:28:17,514b6c4,2026-08-02,sha256:c816bf1344698a75571b816c8106e618bc6be3af9eecb9de1841300281be9ca7,True
2026-08-04,GS,not_selected,,0,2026-08-04-live-9e502d92,0,2026-08-05 02:28:17,514b6c4,2026-08-02,sha256:c816bf1344698a75571b816c8106e618bc6be3af9eecb9de1841300281be9ca7,True
2026-08-04,HLT,not_selected,,0,2026-08-04-live-9e502d92,0,2026-08-05 02:28:17,514b6c4,2026-08-02,sha256:c816bf1344698a75571b816c8106e618bc6be3af9eecb9de1841300281be9ca7,True
2026-08-04,JNJ,not_selected,,0,2026-08-04-live-9e502d92,0,2026-08-05 02:28:17,514b6c4,2026-08-02,sha256:c816bf1344698a75571b816c8106e618bc6be3af9eecb9de1841300281be9ca7,True
2026-08-04,JPM,not_selected,,0,2026-08-04-live-9e502d92,0,2026-08-05 02:28:17,514b6c4,2026-08-02,sha256:c816bf1344698a75571b816c8106e618bc6be3af9eecb9de1841300281be9ca7,True
2026-08-04,KO,not_selected,,0,2026-08-04-live-9e502d92,0,2026-08-05 02:28:17,514b6c4,2026-08-02,sha256:c816bf1344698a75571b816c8106e618bc6be3af9eecb9de1841300281be9ca7,True
2026-08-04,LHX,not_selected,,0,2026-08-04-live-9e502d92,0,2026-08-05 02:28:17,514b6c4,2026-08-02,sha256:c816bf1344698a75571b816c8106e618bc6be3af9eecb9de1841300281be9ca7,True
2026-08-04,LLY,not_selected,,0,2026-08-04-live-9e502d92,0,2026-08-05 02:28:17,514b6c4,2026-08-02,sha256:c816bf1344698a75571b816c8106e618bc6be3af9eecb9de1841300281be9ca7,True
2026-08-04,LMT,not_selected,,0,2026-08-04-live-9e502d92,0,2026-08-05 02:28:17,514b6c4,2026-08-02,sha256:c816bf1344698a75571b816c8106e618bc6be3af9eecb9de1841300281be9ca7,True
2026-08-04,MA,not_selected,,0,2026-08-04-live-9e502d92,0,2026-08-05 02:28:17,514b6c4,2026-08-02,sha256:c816bf1344698a75571b816c8106e618bc6be3af9eecb9de1841300281be9ca7,True
2026-08-04,MCHP,not_selected,,0,2026-08-04-live-9e502d92,0,2026-08-05 02:28:17,514b6c4,2026-08-02,sha256:c816bf1344698a75571b816c8106e618bc6be3af9eecb9de1841300281be9ca7,True
2026-08-04,META,not_selected,,0,2026-08-04-live-9e502d92,0,2026-08-05 02:28:17,514b6c4,2026-08-02,sha256:c816bf1344698a75571b816c8106e618bc6be3af9eecb9de1841300281be9ca7,True
2026-08-04,MMM,not_selected,,0,2026-08-04-live-9e502d92,0,2026-08-05 02:28:17,514b6c4,2026-08-02,sha256:c816bf1344698a75571b816c8106e618bc6be3af9eecb9de1841300281be9ca7,True
2026-08-04,MO,not_selected,,0,2026-08-04-live-9e502d92,0,2026-08-05 02:28:17,514b6c4,2026-08-02,sha256:c816bf1344698a75571b816c8106e618bc6be3af9eecb9de1841300281be9ca7,True
2026-08-04,MRK,not_selected,,0,2026-08-04-live-9e502d92,0,2026-08-05 02:28:17,514b6c4,2026-08-02,sha256:c816bf1344698a75571b816c8106e618bc6be3af9eecb9de1841300281be9ca7,True
2026-08-04,MS,not_selected,,0,2026-08-04-live-9e502d92,0,2026-08-05 02:28:17,514b6c4,2026-08-02,sha256:c816bf1344698a75571b816c8106e618bc6be3af9eecb9de1841300281be9ca7,True
2026-08-04,MSFT,not_selected,,0,2026-08-04-live-9e502d92,0,2026-08-05 02:28:17,514b6c4,2026-08-02,sha256:c816bf1344698a75571b816c8106e618bc6be3af9eecb9de1841300281be9ca7,True
2026-08-04,NEE,not_selected,,0,2026-08-04-live-9e502d92,0,2026-08-05 02:28:17,514b6c4,2026-08-02,sha256:c816bf1344698a75571b816c8106e618bc6be3af9eecb9de1841300281be9ca7,True
2026-08-04,NEM,not_selected,,0,2026-08-04-live-9e502d92,0,2026-08-05 02:28:17,514b6c4,2026-08-02,sha256:c816bf1344698a75571b816c8106e618bc6be3af9eecb9de1841300281be9ca7,True
2026-08-04,OXY,not_selected,,0,2026-08-04-live-9e502d92,0,2026-08-05 02:28:17,514b6c4,2026-08-02,sha256:c816bf1344698a75571b816c8106e618bc6be3af9eecb9de1841300281be9ca7,True
2026-08-04,PG,not_selected,,0,2026-08-04-live-9e502d92,0,2026-08-05 02:28:17,514b6c4,2026-08-02,sha256:c816bf1344698a75571b816c8106e618bc6be3af9eecb9de1841300281be9ca7,True
2026-08-04,PH,not_selected,,0,2026-08-04-live-9e502d92,0,2026-08-05 02:28:17,514b6c4,2026-08-02,sha256:c816bf1344698a75571b816c8106e618bc6be3af9eecb9de1841300281be9ca7,True
2026-08-04,PM,not_selected,,0,2026-08-04-live-9e502d92,0,2026-08-05 02:28:17,514b6c4,2026-08-02,sha256:c816bf1344698a75571b816c8106e618bc6be3af9eecb9de1841300281be9ca7,True
2026-08-04,PNC,not_selected,,0,2026-08-04-live-9e502d92,0,2026-08-05 02:28:17,514b6c4,2026-08-02,sha256:c816bf1344698a75571b816c8106e618bc6be3af9eecb9de1841300281be9ca7,True
2026-08-04,PYPL,not_selected,,0,2026-08-04-live-9e502d92,0,2026-08-05 02:28:17,514b6c4,2026-08-02,sha256:c816bf1344698a75571b816c8106e618bc6be3af9eecb9de1841300281be9ca7,True
2026-08-04,ROST,not_selected,,0,2026-08-04-live-9e502d92,0,2026-08-05 02:28:17,514b6c4,2026-08-02,sha256:c816bf1344698a75571b816c8106e618bc6be3af9eecb9de1841300281be9ca7,True
2026-08-04,RTX,not_selected,,0,2026-08-04-live-9e502d92,0,2026-08-05 02:28:17,514b6c4,2026-08-02,sha256:c816bf1344698a75571b816c8106e618bc6be3af9eecb9de1841300281be9ca7,True
2026-08-04,SCHW,not_selected,,0,2026-08-04-live-9e502d92,0,2026-08-05 02:28:17,514b6c4,2026-08-02,sha256:c816bf1344698a75571b816c8106e618bc6be3af9eecb9de1841300281be9ca7,True
2026-08-04,SO,not_selected,,0,2026-08-04-live-9e502d92,0,2026-08-05 02:28:17,514b6c4,2026-08-02,sha256:c816bf1344698a75571b816c8106e618bc6be3af9eecb9de1841300281be9ca7,True
2026-08-04,SPG,wash_sale,,0,2026-08-04-live-9e502d92,0,2026-08-05 02:28:17,514b6c4,2026-08-02,sha256:c816bf1344698a75571b816c8106e618bc6be3af9eecb9de1841300281be9ca7,True
2026-08-04,SPOT,not_selected,,0,2026-08-04-live-9e502d92,0,2026-08-05 02:28:17,514b6c4,2026-08-02,sha256:c816bf1344698a75571b816c8106e618bc6be3af9eecb9de1841300281be9ca7,True
2026-08-04,TJX,not_selected,,0,2026-08-04-live-9e502d92,0,2026-08-05 02:28:17,514b6c4,2026-08-02,sha256:c816bf1344698a75571b816c8106e618bc6be3af9eecb9de1841300281be9ca7,True
2026-08-04,TMO,not_selected,,0,2026-08-04-live-9e502d92,0,2026-08-05 02:28:17,514b6c4,2026-08-02,sha256:c816bf1344698a75571b816c8106e618bc6be3af9eecb9de1841300281be9ca7,True
2026-08-04,TSM,not_selected,,0,2026-08-04-live-9e502d92,0,2026-08-05 02:28:17,514b6c4,2026-08-02,sha256:c816bf1344698a75571b816c8106e618bc6be3af9eecb9de1841300281be9ca7,True
2026-08-04,TXN,not_selected,,0,2026-08-04-live-9e502d92,0,2026-08-05 02:28:17,514b6c4,2026-08-02,sha256:c816bf1344698a75571b816c8106e618bc6be3af9eecb9de1841300281be9ca7,True
2026-08-04,UNH,not_selected,,0,2026-08-04-live-9e502d92,0,2026-08-05 02:28:17,514b6c4,2026-08-02,sha256:c816bf1344698a75571b816c8106e618bc6be3af9eecb9de1841300281be9ca7,True
2026-08-04,UNP,not_selected,,0,2026-08-04-live-9e502d92,0,2026-08-05 02:28:17,514b6c4,2026-08-02,sha256:c816bf1344698a75571b816c8106e618bc6be3af9eecb9de1841300281be9ca7,True
2026-08-04,V,not_selected,,0,2026-08-04-live-9e502d92,0,2026-08-05 02:28:17,514b6c4,2026-08-02,sha256:c816bf1344698a75571b816c8106e618bc6be3af9eecb9de1841300281be9ca7,True
2026-08-04,VLO,not_selected,,0,2026-08-04-live-9e502d92,0,2026-08-05 02:28:17,514b6c4,2026-08-02,sha256:c816bf1344698a75571b816c8106e618bc6be3af9eecb9de1841300281be9ca7,True
2026-08-04,WELL,broker_pending_submitted,,0,2026-08-04-live-9e502d92,0,2026-08-05 02:28:17,514b6c4,2026-08-02,sha256:c816bf1344698a75571b816c8106e618bc6be3af9eecb9de1841300281be9ca7,True
2026-08-04,WFC,not_selected,,0,2026-08-04-live-9e502d92,0,2026-08-05 02:28:17,514b6c4,2026-08-02,sha256:c816bf1344698a75571b816c8106e618bc6be3af9eecb9de1841300281be9ca7,True
2026-08-04,WMB,not_selected,,0,2026-08-04-live-9e502d92,0,2026-08-05 02:28:17,514b6c4,2026-08-02,sha256:c816bf1344698a75571b816c8106e618bc6be3af9eecb9de1841300281be9ca7,True
2026-08-04,WMT,not_selected,,0,2026-08-04-live-9e502d92,0,2026-08-05 02:28:17,514b6c4,2026-08-02,sha256:c816bf1344698a75571b816c8106e618bc6be3af9eecb9de1841300281be9ca7,True
2026-08-04,XLF,not_selected,,0,2026-08-04-live-9e502d92,0,2026-08-05 02:28:17,514b6c4,2026-08-02,sha256:c816bf1344698a75571b816c8106e618bc6be3af9eecb9de1841300281be9ca7,True
2026-08-04,XLI,not_selected,,0,2026-08-04-live-9e502d92,0,2026-08-05 02:28:17,514b6c4,2026-08-02,sha256:c816bf1344698a75571b816c8106e618bc6be3af9eecb9de1841300281be9ca7,True
2026-08-04,XLK,not_selected,,0,2026-08-04-live-9e502d92,0,2026-08-05 02:28:17,514b6c4,2026-08-02,sha256:c816bf1344698a75571b816c8106e618bc6be3af9eecb9de1841300281be9ca7,True
2026-08-04,XLU,not_selected,,0,2026-08-04-live-9e502d92,0,2026-08-05 02:28:17,514b6c4,2026-08-02,sha256:c816bf1344698a75571b816c8106e618bc6be3af9eecb9de1841300281be9ca7,True
2026-08-04,XLY,not_selected,,0,2026-08-04-live-9e502d92,0,2026-08-05 02:28:17,514b6c4,2026-08-02,sha256:c816bf1344698a75571b816c8106e618bc6be3af9eecb9de1841300281be9ca7,True
2026-08-04,ZM,not_selected,,0,2026-08-04-live-9e502d92,0,2026-08-05 02:28:17,514b6c4,2026-08-02,sha256:c816bf1344698a75571b816c8106e618bc6be3af9eecb9de1841300281be9ca7,True
2026-08-04,AAPL,not_selected,,0,2026-08-04-live-a199b993,1,2026-08-05 03:18:39,2377d35,2026-08-02,sha256:c816bf1344698a75571b816c8106e618bc6be3af9eecb9de1841300281be9ca7,True
2026-08-04,ABBV,not_selected,,0,2026-08-04-live-a199b993,1,2026-08-05 03:18:39,2377d35,2026-08-02,sha256:c816bf1344698a75571b816c8106e618bc6be3af9eecb9de1841300281be9ca7,True
2026-08-04,ADI,not_selected,,0,2026-08-04-live-a199b993,1,2026-08-05 03:18:39,2377d35,2026-08-02,sha256:c816bf1344698a75571b816c8106e618bc6be3af9eecb9de1841300281be9ca7,True
2026-08-04,AEP,not_selected,,0,2026-08-04-live-a199b993,1,2026-08-05 03:18:39,2377d35,2026-08-02,sha256:c816bf1344698a75571b816c8106e618bc6be3af9eecb9de1841300281be9ca7,True
2026-08-04,AFRM,not_selected,,0,2026-08-04-live-a199b993,1,2026-08-05 03:18:39,2377d35,2026-08-02,sha256:c816bf1344698a75571b816c8106e618bc6be3af9eecb9de1841300281be9ca7,True
2026-08-04,AMZN,not_selected,,0,2026-08-04-live-a199b993,1,2026-08-05 03:18:39,2377d35,2026-08-02,sha256:c816bf1344698a75571b816c8106e618bc6be3af9eecb9de1841300281be9ca7,True
2026-08-04,APH,nonpositive_expected_return_no_long,,0,2026-08-04-live-a199b993,1,2026-08-05 03:18:39,2377d35,2026-08-02,sha256:c816bf1344698a75571b816c8106e618bc6be3af9eecb9de1841300281be9ca7,True
2026-08-04,ASML,correlation,,0,2026-08-04-live-a199b993,1,2026-08-05 03:18:39,2377d35,2026-08-02,sha256:c816bf1344698a75571b816c8106e618bc6be3af9eecb9de1841300281be9ca7,True
2026-08-04,ATI,not_selected,,0,2026-08-04-live-a199b993,1,2026-08-05 03:18:39,2377d35,2026-08-02,sha256:c816bf1344698a75571b816c8106e618bc6be3af9eecb9de1841300281be9ca7,True
2026-08-04,AXP,not_selected,,0,2026-08-04-live-a199b993,1,2026-08-05 03:18:39,2377d35,2026-08-02,sha256:c816bf1344698a75571b816c8106e618bc6be3af9eecb9de1841300281be9ca7,True
2026-08-04,BA,not_selected,,0,2026-08-04-live-a199b993,1,2026-08-05 03:18:39,2377d35,2026-08-02,sha256:c816bf1344698a75571b816c8106e618bc6be3af9eecb9de1841300281be9ca7,True
2026-08-04,BAC,not_selected,,0,2026-08-04-live-a199b993,1,2026-08-05 03:18:39,2377d35,2026-08-02,sha256:c816bf1344698a75571b816c8106e618bc6be3af9eecb9de1841300281be9ca7,True
2026-08-04,BLK,not_selected,,0,2026-08-04-live-a199b993,1,2026-08-05 03:18:39,2377d35,2026-08-02,sha256:c816bf1344698a75571b816c8106e618bc6be3af9eecb9de1841300281be9ca7,True
2026-08-04,BWXT,not_selected,,0,2026-08-04-live-a199b993,1,2026-08-05 03:18:39,2377d35,2026-08-02,sha256:c816bf1344698a75571b816c8106e618bc6be3af9eecb9de1841300281be9ca7,True
2026-08-04,C,not_selected,,0,2026-08-04-live-a199b993,1,2026-08-05 03:18:39,2377d35,2026-08-02,sha256:c816bf1344698a75571b816c8106e618bc6be3af9eecb9de1841300281be9ca7,True
2026-08-04,CAT,correlation,,0,2026-08-04-live-a199b993,1,2026-08-05 03:18:39,2377d35,2026-08-02,sha256:c816bf1344698a75571b816c8106e618bc6be3af9eecb9de1841300281be9ca7,True
2026-08-04,CMG,not_selected,,0,2026-08-04-live-a199b993,1,2026-08-05 03:18:39,2377d35,2026-08-02,sha256:c816bf1344698a75571b816c8106e618bc6be3af9eecb9de1841300281be9ca7,True
2026-08-04,CRM,not_selected,,0,2026-08-04-live-a199b993,1,2026-08-05 03:18:39,2377d35,2026-08-02,sha256:c816bf1344698a75571b816c8106e618bc6be3af9eecb9de1841300281be9ca7,True
2026-08-04,CRWD,correlation,,0,2026-08-04-live-a199b993,1,2026-08-05 03:18:39,2377d35,2026-08-02,sha256:c816bf1344698a75571b816c8106e618bc6be3af9eecb9de1841300281be9ca7,True
2026-08-04,CVS,not_selected,,0,2026-08-04-live-a199b993,1,2026-08-05 03:18:39,2377d35,2026-08-02,sha256:c816bf1344698a75571b816c8106e618bc6be3af9eecb9de1841300281be9ca7,True
2026-08-04,CVX,not_selected,,0,2026-08-04-live-a199b993,1,2026-08-05 03:18:39,2377d35,2026-08-02,sha256:c816bf1344698a75571b816c8106e618bc6be3af9eecb9de1841300281be9ca7,True
2026-08-04,D,not_selected,,0,2026-08-04-live-a199b993,1,2026-08-05 03:18:39,2377d35,2026-08-02,sha256:c816bf1344698a75571b816c8106e618bc6be3af9eecb9de1841300281be9ca7,True
2026-08-04,DE,not_selected,,0,2026-08-04-live-a199b993,1,2026-08-05 03:18:39,2377d35,2026-08-02,sha256:c816bf1344698a75571b816c8106e618bc6be3af9eecb9de1841300281be9ca7,True
2026-08-04,DLR,not_selected,,0,2026-08-04-live-a199b993,1,2026-08-05 03:18:39,2377d35,2026-08-02,sha256:c816bf1344698a75571b816c8106e618bc6be3af9eecb9de1841300281be9ca7,True
2026-08-04,DUK,not_selected,,0,2026-08-04-live-a199b993,1,2026-08-05 03:18:39,2377d35,2026-08-02,sha256:c816bf1344698a75571b816c8106e618bc6be3af9eecb9de1841300281be9ca7,True
2026-08-04,EME,not_selected,,0,2026-08-04-live-a199b993,1,2026-08-05 03:18:39,2377d35,2026-08-02,sha256:c816bf1344698a75571b816c8106e618bc6be3af9eecb9de1841300281be9ca7,True
2026-08-04,EMR,not_selected,,0,2026-08-04-live-a199b993,1,2026-08-05 03:18:39,2377d35,2026-08-02,sha256:c816bf1344698a75571b816c8106e618bc6be3af9eecb9de1841300281be9ca7,True
2026-08-04,EOG,not_selected,,0,2026-08-04-live-a199b993,1,2026-08-05 03:18:39,2377d35,2026-08-02,sha256:c816bf1344698a75571b816c8106e618bc6be3af9eecb9de1841300281be9ca7,True
2026-08-04,EQIX,not_selected,,0,2026-08-04-live-a199b993,1,2026-08-05 03:18:39,2377d35,2026-08-02,sha256:c816bf1344698a75571b816c8106e618bc6be3af9eecb9de1841300281be9ca7,True
2026-08-04,ETN,not_selected,,0,2026-08-04-live-a199b993,1,2026-08-05 03:18:39,2377d35,2026-08-02,sha256:c816bf1344698a75571b816c8106e618bc6be3af9eecb9de1841300281be9ca7,True
2026-08-04,FDX,not_selected,,0,2026-08-04-live-a199b993,1,2026-08-05 03:18:39,2377d35,2026-08-02,sha256:c816bf1344698a75571b816c8106e618bc6be3af9eecb9de1841300281be9ca7,True
2026-08-04,FTNT,wash_sale,,0,2026-08-04-live-a199b993,1,2026-08-05 03:18:39,2377d35,2026-08-02,sha256:c816bf1344698a75571b816c8106e618bc6be3af9eecb9de1841300281be9ca7,True
2026-08-04,GE,not_selected,,0,2026-08-04-live-a199b993,1,2026-08-05 03:18:39,2377d35,2026-08-02,sha256:c816bf1344698a75571b816c8106e618bc6be3af9eecb9de1841300281be9ca7,True
2026-08-04,GLD,not_selected,,0,2026-08-04-live-a199b993,1,2026-08-05 03:18:39,2377d35,2026-08-02,sha256:c816bf1344698a75571b816c8106e618bc6be3af9eecb9de1841300281be9ca7,True
2026-08-04,GM,not_selected,,0,2026-08-04-live-a199b993,1,2026-08-05 03:18:39,2377d35,2026-08-02,sha256:c816bf1344698a75571b816c8106e618bc6be3af9eecb9de1841300281be9ca7,True
2026-08-04,GRMN,not_selected,,0,2026-08-04-live-a199b993,1,2026-08-05 03:18:39,2377d35,2026-08-02,sha256:c816bf1344698a75571b816c8106e618bc6be3af9eecb9de1841300281be9ca7,True
2026-08-04,GS,not_selected,,0,2026-08-04-live-a199b993,1,2026-08-05 03:18:39,2377d35,2026-08-02,sha256:c816bf1344698a75571b816c8106e618bc6be3af9eecb9de1841300281be9ca7,True
2026-08-04,HLT,not_selected,,0,2026-08-04-live-a199b993,1,2026-08-05 03:18:39,2377d35,2026-08-02,sha256:c816bf1344698a75571b816c8106e618bc6be3af9eecb9de1841300281be9ca7,True
2026-08-04,JNJ,not_selected,,0,2026-08-04-live-a199b993,1,2026-08-05 03:18:39,2377d35,2026-08-02,sha256:c816bf1344698a75571b816c8106e618bc6be3af9eecb9de1841300281be9ca7,True
2026-08-04,JPM,not_selected,,0,2026-08-04-live-a199b993,1,2026-08-05 03:18:39,2377d35,2026-08-02,sha256:c816bf1344698a75571b816c8106e618bc6be3af9eecb9de1841300281be9ca7,True
2026-08-04,KO,not_selected,,0,2026-08-04-live-a199b993,1,2026-08-05 03:18:39,2377d35,2026-08-02,sha256:c816bf1344698a75571b816c8106e618bc6be3af9eecb9de1841300281be9ca7,True
2026-08-04,LHX,not_selected,,0,2026-08-04-live-a199b993,1,2026-08-05 03:18:39,2377d35,2026-08-02,sha256:c816bf1344698a75571b816c8106e618bc6be3af9eecb9de1841300281be9ca7,True
2026-08-04,LLY,not_selected,,0,2026-08-04-live-a199b993,1,2026-08-05 03:18:39,2377d35,2026-08-02,sha256:c816bf1344698a75571b816c8106e618bc6be3af9eecb9de1841300281be9ca7,True
2026-08-04,LMT,not_selected,,0,2026-08-04-live-a199b993,1,2026-08-05 03:18:39,2377d35,2026-08-02,sha256:c816bf1344698a75571b816c8106e618bc6be3af9eecb9de1841300281be9ca7,True
2026-08-04,MA,not_selected,,0,2026-08-04-live-a199b993,1,2026-08-05 03:18:39,2377d35,2026-08-02,sha256:c816bf1344698a75571b816c8106e618bc6be3af9eecb9de1841300281be9ca7,True
2026-08-04,MCHP,not_selected,,0,2026-08-04-live-a199b993,1,2026-08-05 03:18:39,2377d35,2026-08-02,sha256:c816bf1344698a75571b816c8106e618bc6be3af9eecb9de1841300281be9ca7,True
2026-08-04,META,not_selected,,0,2026-08-04-live-a199b993,1,2026-08-05 03:18:39,2377d35,2026-08-02,sha256:c816bf1344698a75571b816c8106e618bc6be3af9eecb9de1841300281be9ca7,True
2026-08-04,MMM,not_selected,,0,2026-08-04-live-a199b993,1,2026-08-05 03:18:39,2377d35,2026-08-02,sha256:c816bf1344698a75571b816c8106e618bc6be3af9eecb9de1841300281be9ca7,True
2026-08-04,MO,not_selected,,0,2026-08-04-live-a199b993,1,2026-08-05 03:18:39,2377d35,2026-08-02,sha256:c816bf1344698a75571b816c8106e618bc6be3af9eecb9de1841300281be9ca7,True
2026-08-04,MRK,not_selected,,0,2026-08-04-live-a199b993,1,2026-08-05 03:18:39,2377d35,2026-08-02,sha256:c816bf1344698a75571b816c8106e618bc6be3af9eecb9de1841300281be9ca7,True
2026-08-04,MS,not_selected,,0,2026-08-04-live-a199b993,1,2026-08-05 03:18:39,2377d35,2026-08-02,sha256:c816bf1344698a75571b816c8106e618bc6be3af9eecb9de1841300281be9ca7,True
2026-08-04,MSFT,not_selected,,0,2026-08-04-live-a199b993,1,2026-08-05 03:18:39,2377d35,2026-08-02,sha256:c816bf1344698a75571b816c8106e618bc6be3af9eecb9de1841300281be9ca7,True
2026-08-04,NEE,not_selected,,0,2026-08-04-live-a199b993,1,2026-08-05 03:18:39,2377d35,2026-08-02,sha256:c816bf1344698a75571b816c8106e618bc6be3af9eecb9de1841300281be9ca7,True
2026-08-04,NEM,nonpositive_expected_return_no_long,,0,2026-08-04-live-a199b993,1,2026-08-05 03:18:39,2377d35,2026-08-02,sha256:c816bf1344698a75571b816c8106e618bc6be3af9eecb9de1841300281be9ca7,True
2026-08-04,OXY,not_selected,,0,2026-08-04-live-a199b993,1,2026-08-05 03:18:39,2377d35,2026-08-02,sha256:c816bf1344698a75571b816c8106e618bc6be3af9eecb9de1841300281be9ca7,True
2026-08-04,PG,not_selected,,0,2026-08-04-live-a199b993,1,2026-08-05 03:18:39,2377d35,2026-08-02,sha256:c816bf1344698a75571b816c8106e618bc6be3af9eecb9de1841300281be9ca7,True
2026-08-04,PH,not_selected,,0,2026-08-04-live-a199b993,1,2026-08-05 03:18:39,2377d35,2026-08-02,sha256:c816bf1344698a75571b816c8106e618bc6be3af9eecb9de1841300281be9ca7,True
2026-08-04,PM,not_selected,,0,2026-08-04-live-a199b993,1,2026-08-05 03:18:39,2377d35,2026-08-02,sha256:c816bf1344698a75571b816c8106e618bc6be3af9eecb9de1841300281be9ca7,True
2026-08-04,PNC,not_selected,,0,2026-08-04-live-a199b993,1,2026-08-05 03:18:39,2377d35,2026-08-02,sha256:c816bf1344698a75571b816c8106e618bc6be3af9eecb9de1841300281be9ca7,True
2026-08-04,PYPL,not_selected,,0,2026-08-04-live-a199b993,1,2026-08-05 03:18:39,2377d35,2026-08-02,sha256:c816bf1344698a75571b816c8106e618bc6be3af9eecb9de1841300281be9ca7,True
2026-08-04,ROST,not_selected,,0,2026-08-04-live-a199b993,1,2026-08-05 03:18:39,2377d35,2026-08-02,sha256:c816bf1344698a75571b816c8106e618bc6be3af9eecb9de1841300281be9ca7,True
2026-08-04,RTX,not_selected,,0,2026-08-04-live-a199b993,1,2026-08-05 03:18:39,2377d35,2026-08-02,sha256:c816bf1344698a75571b816c8106e618bc6be3af9eecb9de1841300281be9ca7,True
2026-08-04,SCHW,not_selected,,0,2026-08-04-live-a199b993,1,2026-08-05 03:18:39,2377d35,2026-08-02,sha256:c816bf1344698a75571b816c8106e618bc6be3af9eecb9de1841300281be9ca7,True
2026-08-04,SO,not_selected,,0,2026-08-04-live-a199b993,1,2026-08-05 03:18:39,2377d35,2026-08-02,sha256:c816bf1344698a75571b816c8106e618bc6be3af9eecb9de1841300281be9ca7,True
2026-08-04,SPG,wash_sale,,0,2026-08-04-live-a199b993,1,2026-08-05 03:18:39,2377d35,2026-08-02,sha256:c816bf1344698a75571b816c8106e618bc6be3af9eecb9de1841300281be9ca7,True
2026-08-04,SPOT,not_selected,,0,2026-08-04-live-a199b993,1,2026-08-05 03:18:39,2377d35,2026-08-02,sha256:c816bf1344698a75571b816c8106e618bc6be3af9eecb9de1841300281be9ca7,True
2026-08-04,TJX,not_selected,,0,2026-08-04-live-a199b993,1,2026-08-05 03:18:39,2377d35,2026-08-02,sha256:c816bf1344698a75571b816c8106e618bc6be3af9eecb9de1841300281be9ca7,True
2026-08-04,TMO,not_selected,,0,2026-08-04-live-a199b993,1,2026-08-05 03:18:39,2377d35,2026-08-02,sha256:c816bf1344698a75571b816c8106e618bc6be3af9eecb9de1841300281be9ca7,True
2026-08-04,TSM,not_selected,,0,2026-08-04-live-a199b993,1,2026-08-05 03:18:39,2377d35,2026-08-02,sha256:c816bf1344698a75571b816c8106e618bc6be3af9eecb9de1841300281be9ca7,True
2026-08-04,TXN,not_selected,,0,2026-08-04-live-a199b993,1,2026-08-05 03:18:39,2377d35,2026-08-02,sha256:c816bf1344698a75571b816c8106e618bc6be3af9eecb9de1841300281be9ca7,True
2026-08-04,UNH,not_selected,,0,2026-08-04-live-a199b993,1,2026-08-05 03:18:39,2377d35,2026-08-02,sha256:c816bf1344698a75571b816c8106e618bc6be3af9eecb9de1841300281be9ca7,True
2026-08-04,UNP,not_selected,,0,2026-08-04-live-a199b993,1,2026-08-05 03:18:39,2377d35,2026-08-02,sha256:c816bf1344698a75571b816c8106e618bc6be3af9eecb9de1841300281be9ca7,True
2026-08-04,V,not_selected,,0,2026-08-04-live-a199b993,1,2026-08-05 03:18:39,2377d35,2026-08-02,sha256:c816bf1344698a75571b816c8106e618bc6be3af9eecb9de1841300281be9ca7,True
2026-08-04,VLO,broker_pending_submitted,,0,2026-08-04-live-a199b993,1,2026-08-05 03:18:39,2377d35,2026-08-02,sha256:c816bf1344698a75571b816c8106e618bc6be3af9eecb9de1841300281be9ca7,True
2026-08-04,WFC,not_selected,,0,2026-08-04-live-a199b993,1,2026-08-05 03:18:39,2377d35,2026-08-02,sha256:c816bf1344698a75571b816c8106e618bc6be3af9eecb9de1841300281be9ca7,True
2026-08-04,WMB,not_selected,,0,2026-08-04-live-a199b993,1,2026-08-05 03:18:39,2377d35,2026-08-02,sha256:c816bf1344698a75571b816c8106e618bc6be3af9eecb9de1841300281be9ca7,True
2026-08-04,WMT,not_selected,,0,2026-08-04-live-a199b993,1,2026-08-05 03:18:39,2377d35,2026-08-02,sha256:c816bf1344698a75571b816c8106e618bc6be3af9eecb9de1841300281be9ca7,True
2026-08-04,XLF,not_selected,,0,2026-08-04-live-a199b993,1,2026-08-05 03:18:39,2377d35,2026-08-02,sha256:c816bf1344698a75571b816c8106e618bc6be3af9eecb9de1841300281be9ca7,True
2026-08-04,XLI,not_selected,,0,2026-08-04-live-a199b993,1,2026-08-05 03:18:39,2377d35,2026-08-02,sha256:c816bf1344698a75571b816c8106e618bc6be3af9eecb9de1841300281be9ca7,True
2026-08-04,XLK,not_selected,,0,2026-08-04-live-a199b993,1,2026-08-05 03:18:39,2377d35,2026-08-02,sha256:c816bf1344698a75571b816c8106e618bc6be3af9eecb9de1841300281be9ca7,True
2026-08-04,XLU,not_selected,,0,2026-08-04-live-a199b993,1,2026-08-05 03:18:39,2377d35,2026-08-02,sha256:c816bf1344698a75571b816c8106e618bc6be3af9eecb9de1841300281be9ca7,True
2026-08-04,XLY,not_selected,,0,2026-08-04-live-a199b993,1,2026-08-05 03:18:39,2377d35,2026-08-02,sha256:c816bf1344698a75571b816c8106e618bc6be3af9eecb9de1841300281be9ca7,True
2026-08-04,ZM,not_selected,,0,2026-08-04-live-a199b993,1,2026-08-05 03:18:39,2377d35,2026-08-02,sha256:c816bf1344698a75571b816c8106e618bc6be3af9eecb9de1841300281be9ca7,True
2026-08-05,AAPL,not_selected,,0,2026-08-05-live-2d99f969,1,2026-08-05 21:07:15,f85a639,2026-08-02,sha256:c816bf1344698a75571b816c8106e618bc6be3af9eecb9de1841300281be9ca7,True
2026-08-05,ABBV,not_selected,,0,2026-08-05-live-2d99f969,1,2026-08-05 21:07:15,f85a639,2026-08-02,sha256:c816bf1344698a75571b816c8106e618bc6be3af9eecb9de1841300281be9ca7,True
2026-08-05,ADI,not_selected,,0,2026-08-05-live-2d99f969,1,2026-08-05 21:07:15,f85a639,2026-08-02,sha256:c816bf1344698a75571b816c8106e618bc6be3af9eecb9de1841300281be9ca7,True
2026-08-05,AEP,not_selected,,0,2026-08-05-live-2d99f969,1,2026-08-05 21:07:15,f85a639,2026-08-02,sha256:c816bf1344698a75571b816c8106e618bc6be3af9eecb9de1841300281be9ca7,True
2026-08-05,AFRM,not_selected,,0,2026-08-05-live-2d99f969,1,2026-08-05 21:07:15,f85a639,2026-08-02,sha256:c816bf1344698a75571b816c8106e618bc6be3af9eecb9de1841300281be9ca7,True
2026-08-05,AMZN,not_selected,,0,2026-08-05-live-2d99f969,1,2026-08-05 21:07:15,f85a639,2026-08-02,sha256:c816bf1344698a75571b816c8106e618bc6be3af9eecb9de1841300281be9ca7,True
2026-08-05,APH,not_selected,,0,2026-08-05-live-2d99f969,1,2026-08-05 21:07:15,f85a639,2026-08-02,sha256:c816bf1344698a75571b816c8106e618bc6be3af9eecb9de1841300281be9ca7,True
2026-08-05,ASML,not_selected,,0,2026-08-05-live-2d99f969,1,2026-08-05 21:07:15,f85a639,2026-08-02,sha256:c816bf1344698a75571b816c8106e618bc6be3af9eecb9de1841300281be9ca7,True
2026-08-05,ATI,not_selected,,0,2026-08-05-live-2d99f969,1,2026-08-05 21:07:15,f85a639,2026-08-02,sha256:c816bf1344698a75571b816c8106e618bc6be3af9eecb9de1841300281be9ca7,True
2026-08-05,AVGO,not_selected,,0,2026-08-05-live-2d99f969,1,2026-08-05 21:07:15,f85a639,2026-08-02,sha256:c816bf1344698a75571b816c8106e618bc6be3af9eecb9de1841300281be9ca7,True
2026-08-05,AXP,not_selected,,0,2026-08-05-live-2d99f969,1,2026-08-05 21:07:15,f85a639,2026-08-02,sha256:c816bf1344698a75571b816c8106e618bc6be3af9eecb9de1841300281be9ca7,True
2026-08-05,BA,not_selected,,0,2026-08-05-live-2d99f969,1,2026-08-05 21:07:15,f85a639,2026-08-02,sha256:c816bf1344698a75571b816c8106e618bc6be3af9eecb9de1841300281be9ca7,True
2026-08-05,BAC,not_selected,,0,2026-08-05-live-2d99f969,1,2026-08-05 21:07:15,f85a639,2026-08-02,sha256:c816bf1344698a75571b816c8106e618bc6be3af9eecb9de1841300281be9ca7,True
2026-08-05,BLK,not_selected,,0,2026-08-05-live-2d99f969,1,2026-08-05 21:07:15,f85a639,2026-08-02,sha256:c816bf1344698a75571b816c8106e618bc6be3af9eecb9de1841300281be9ca7,True
2026-08-05,BWXT,not_selected,,0,2026-08-05-live-2d99f969,1,2026-08-05 21:07:15,f85a639,2026-08-02,sha256:c816bf1344698a75571b816c8106e618bc6be3af9eecb9de1841300281be9ca7,True
2026-08-05,C,not_selected,,0,2026-08-05-live-2d99f969,1,2026-08-05 21:07:15,f85a639,2026-08-02,sha256:c816bf1344698a75571b816c8106e618bc6be3af9eecb9de1841300281be9ca7,True
2026-08-05,CAT,not_selected,,0,2026-08-05-live-2d99f969,1,2026-08-05 21:07:15,f85a639,2026-08-02,sha256:c816bf1344698a75571b816c8106e618bc6be3af9eecb9de1841300281be9ca7,True
2026-08-05,CMG,not_selected,,0,2026-08-05-live-2d99f969,1,2026-08-05 21:07:15,f85a639,2026-08-02,sha256:c816bf1344698a75571b816c8106e618bc6be3af9eecb9de1841300281be9ca7,True
2026-08-05,CRM,not_selected,,0,2026-08-05-live-2d99f969,1,2026-08-05 21:07:15,f85a639,2026-08-02,sha256:c816bf1344698a75571b816c8106e618bc6be3af9eecb9de1841300281be9ca7,True
2026-08-05,CRWD,not_selected,,0,2026-08-05-live-2d99f969,1,2026-08-05 21:07:15,f85a639,2026-08-02,sha256:c816bf1344698a75571b816c8106e618bc6be3af9eecb9de1841300281be9ca7,True
2026-08-05,CVS,not_selected,,0,2026-08-05-live-2d99f969,1,2026-08-05 21:07:15,f85a639,2026-08-02,sha256:c816bf1344698a75571b816c8106e618bc6be3af9eecb9de1841300281be9ca7,True
2026-08-05,CVX,not_selected,,0,2026-08-05-live-2d99f969,1,2026-08-05 21:07:15,f85a639,2026-08-02,sha256:c816bf1344698a75571b816c8106e618bc6be3af9eecb9de1841300281be9ca7,True
2026-08-05,D,not_selected,,0,2026-08-05-live-2d99f969,1,2026-08-05 21:07:15,f85a639,2026-08-02,sha256:c816bf1344698a75571b816c8106e618bc6be3af9eecb9de1841300281be9ca7,True
2026-08-05,DE,not_selected,,0,2026-08-05-live-2d99f969,1,2026-08-05 21:07:15,f85a639,2026-08-02,sha256:c816bf1344698a75571b816c8106e618bc6be3af9eecb9de1841300281be9ca7,True
2026-08-05,DLR,not_selected,,0,2026-08-05-live-2d99f969,1,2026-08-05 21:07:15,f85a639,2026-08-02,sha256:c816bf1344698a75571b816c8106e618bc6be3af9eecb9de1841300281be9ca7,True
2026-08-05,DUK,not_selected,,0,2026-08-05-live-2d99f969,1,2026-08-05 21:07:15,f85a639,2026-08-02,sha256:c816bf1344698a75571b816c8106e618bc6be3af9eecb9de1841300281be9ca7,True
2026-08-05,EME,not_selected,,0,2026-08-05-live-2d99f969,1,2026-08-05 21:07:15,f85a639,2026-08-02,sha256:c816bf1344698a75571b816c8106e618bc6be3af9eecb9de1841300281be9ca7,True
2026-08-05,EMR,not_selected,,0,2026-08-05-live-2d99f969,1,2026-08-05 21:07:15,f85a639,2026-08-02,sha256:c816bf1344698a75571b816c8106e618bc6be3af9eecb9de1841300281be9ca7,True
2026-08-05,EOG,not_selected,,0,2026-08-05-live-2d99f969,1,2026-08-05 21:07:15,f85a639,2026-08-02,sha256:c816bf1344698a75571b816c8106e618bc6be3af9eecb9de1841300281be9ca7,True
2026-08-05,EQIX,not_selected,,0,2026-08-05-live-2d99f969,1,2026-08-05 21:07:15,f85a639,2026-08-02,sha256:c816bf1344698a75571b816c8106e618bc6be3af9eecb9de1841300281be9ca7,True
2026-08-05,ETN,not_selected,,0,2026-08-05-live-2d99f969,1,2026-08-05 21:07:15,f85a639,2026-08-02,sha256:c816bf1344698a75571b816c8106e618bc6be3af9eecb9de1841300281be9ca7,True
2026-08-05,FDX,not_selected,,0,2026-08-05-live-2d99f969,1,2026-08-05 21:07:15,f85a639,2026-08-02,sha256:c816bf1344698a75571b816c8106e618bc6be3af9eecb9de1841300281be9ca7,True
2026-08-05,FTNT,not_selected,,0,2026-08-05-live-2d99f969,1,2026-08-05 21:07:15,f85a639,2026-08-02,sha256:c816bf1344698a75571b816c8106e618bc6be3af9eecb9de1841300281be9ca7,True
2026-08-05,GE,not_selected,,0,2026-08-05-live-2d99f969,1,2026-08-05 21:07:15,f85a639,2026-08-02,sha256:c816bf1344698a75571b816c8106e618bc6be3af9eecb9de1841300281be9ca7,True
2026-08-05,GLD,not_selected,,0,2026-08-05-live-2d99f969,1,2026-08-05 21:07:15,f85a639,2026-08-02,sha256:c816bf1344698a75571b816c8106e618bc6be3af9eecb9de1841300281be9ca7,True
2026-08-05,GM,not_selected,,0,2026-08-05-live-2d99f969,1,2026-08-05 21:07:15,f85a639,2026-08-02,sha256:c816bf1344698a75571b816c8106e618bc6be3af9eecb9de1841300281be9ca7,True
2026-08-05,GRMN,not_selected,,0,2026-08-05-live-2d99f969,1,2026-08-05 21:07:15,f85a639,2026-08-02,sha256:c816bf1344698a75571b816c8106e618bc6be3af9eecb9de1841300281be9ca7,True
2026-08-05,GS,not_selected,,0,2026-08-05-live-2d99f969,1,2026-08-05 21:07:15,f85a639,2026-08-02,sha256:c816bf1344698a75571b816c8106e618bc6be3af9eecb9de1841300281be9ca7,True
2026-08-05,HLT,not_selected,,0,2026-08-05-live-2d99f969,1,2026-08-05 21:07:15,f85a639,2026-08-02,sha256:c816bf1344698a75571b816c8106e618bc6be3af9eecb9de1841300281be9ca7,True
2026-08-05,JNJ,not_selected,,0,2026-08-05-live-2d99f969,1,2026-08-05 21:07:15,f85a639,2026-08-02,sha256:c816bf1344698a75571b816c8106e618bc6be3af9eecb9de1841300281be9ca7,True
2026-08-05,JPM,not_selected,,0,2026-08-05-live-2d99f969,1,2026-08-05 21:07:15,f85a639,2026-08-02,sha256:c816bf1344698a75571b816c8106e618bc6be3af9eecb9de1841300281be9ca7,True
2026-08-05,KO,not_selected,,0,2026-08-05-live-2d99f969,1,2026-08-05 21:07:15,f85a639,2026-08-02,sha256:c816bf1344698a75571b816c8106e618bc6be3af9eecb9de1841300281be9ca7,True
2026-08-05,LHX,not_selected,,0,2026-08-05-live-2d99f969,1,2026-08-05 21:07:15,f85a639,2026-08-02,sha256:c816bf1344698a75571b816c8106e618bc6be3af9eecb9de1841300281be9ca7,True
2026-08-05,LLY,not_selected,,0,2026-08-05-live-2d99f969,1,2026-08-05 21:07:15,f85a639,2026-08-02,sha256:c816bf1344698a75571b816c8106e618bc6be3af9eecb9de1841300281be9ca7,True
2026-08-05,LMT,not_selected,,0,2026-08-05-live-2d99f969,1,2026-08-05 21:07:15,f85a639,2026-08-02,sha256:c816bf1344698a75571b816c8106e618bc6be3af9eecb9de1841300281be9ca7,True
2026-08-05,MA,not_selected,,0,2026-08-05-live-2d99f969,1,2026-08-05 21:07:15,f85a639,2026-08-02,sha256:c816bf1344698a75571b816c8106e618bc6be3af9eecb9de1841300281be9ca7,True
2026-08-05,MCHP,not_selected,,0,2026-08-05-live-2d99f969,1,2026-08-05 21:07:15,f85a639,2026-08-02,sha256:c816bf1344698a75571b816c8106e618bc6be3af9eecb9de1841300281be9ca7,True
2026-08-05,META,not_selected,,0,2026-08-05-live-2d99f969,1,2026-08-05 21:07:15,f85a639,2026-08-02,sha256:c816bf1344698a75571b816c8106e618bc6be3af9eecb9de1841300281be9ca7,True
2026-08-05,MMM,not_selected,,0,2026-08-05-live-2d99f969,1,2026-08-05 21:07:15,f85a639,2026-08-02,sha256:c816bf1344698a75571b816c8106e618bc6be3af9eecb9de1841300281be9ca7,True
2026-08-05,MO,not_selected,,0,2026-08-05-live-2d99f969,1,2026-08-05 21:07:15,f85a639,2026-08-02,sha256:c816bf1344698a75571b816c8106e618bc6be3af9eecb9de1841300281be9ca7,True
2026-08-05,MRK,not_selected,,0,2026-08-05-live-2d99f969,1,2026-08-05 21:07:15,f85a639,2026-08-02,sha256:c816bf1344698a75571b816c8106e618bc6be3af9eecb9de1841300281be9ca7,True
2026-08-05,MS,not_selected,,0,2026-08-05-live-2d99f969,1,2026-08-05 21:07:15,f85a639,2026-08-02,sha256:c816bf1344698a75571b816c8106e618bc6be3af9eecb9de1841300281be9ca7,True
2026-08-05,MSFT,not_selected,,0,2026-08-05-live-2d99f969,1,2026-08-05 21:07:15,f85a639,2026-08-02,sha256:c816bf1344698a75571b816c8106e618bc6be3af9eecb9de1841300281be9ca7,True
2026-08-05,NEE,not_selected,,0,2026-08-05-live-2d99f969,1,2026-08-05 21:07:15,f85a639,2026-08-02,sha256:c816bf1344698a75571b816c8106e618bc6be3af9eecb9de1841300281be9ca7,True
2026-08-05,NEM,not_selected,,0,2026-08-05-live-2d99f969,1,2026-08-05 21:07:15,f85a639,2026-08-02,sha256:c816bf1344698a75571b816c8106e618bc6be3af9eecb9de1841300281be9ca7,True
2026-08-05,NET,not_selected,,0,2026-08-05-live-2d99f969,1,2026-08-05 21:07:15,f85a639,2026-08-02,sha256:c816bf1344698a75571b816c8106e618bc6be3af9eecb9de1841300281be9ca7,True
2026-08-05,OXY,not_selected,,0,2026-08-05-live-2d99f969,1,2026-08-05 21:07:15,f85a639,2026-08-02,sha256:c816bf1344698a75571b816c8106e618bc6be3af9eecb9de1841300281be9ca7,True
2026-08-05,PG,not_selected,,0,2026-08-05-live-2d99f969,1,2026-08-05 21:07:15,f85a639,2026-08-02,sha256:c816bf1344698a75571b816c8106e618bc6be3af9eecb9de1841300281be9ca7,True
2026-08-05,PH,not_selected,,0,2026-08-05-live-2d99f969,1,2026-08-05 21:07:15,f85a639,2026-08-02,sha256:c816bf1344698a75571b816c8106e618bc6be3af9eecb9de1841300281be9ca7,True
2026-08-05,PM,not_selected,,0,2026-08-05-live-2d99f969,1,2026-08-05 21:07:15,f85a639,2026-08-02,sha256:c816bf1344698a75571b816c8106e618bc6be3af9eecb9de1841300281be9ca7,True
2026-08-05,PNC,not_selected,,0,2026-08-05-live-2d99f969,1,2026-08-05 21:07:15,f85a639,2026-08-02,sha256:c816bf1344698a75571b816c8106e618bc6be3af9eecb9de1841300281be9ca7,True
2026-08-05,PYPL,not_selected,,0,2026-08-05-live-2d99f969,1,2026-08-05 21:07:15,f85a639,2026-08-02,sha256:c816bf1344698a75571b816c8106e618bc6be3af9eecb9de1841300281be9ca7,True
2026-08-05,ROST,not_selected,,0,2026-08-05-live-2d99f969,1,2026-08-05 21:07:15,f85a639,2026-08-02,sha256:c816bf1344698a75571b816c8106e618bc6be3af9eecb9de1841300281be9ca7,True
2026-08-05,RTX,not_selected,,0,2026-08-05-live-2d99f969,1,2026-08-05 21:07:15,f85a639,2026-08-02,sha256:c816bf1344698a75571b816c8106e618bc6be3af9eecb9de1841300281be9ca7,True
2026-08-05,SCHW,not_selected,,0,2026-08-05-live-2d99f969,1,2026-08-05 21:07:15,f85a639,2026-08-02,sha256:c816bf1344698a75571b816c8106e618bc6be3af9eecb9de1841300281be9ca7,True
2026-08-05,SO,not_selected,,0,2026-08-05-live-2d99f969,1,2026-08-05 21:07:15,f85a639,2026-08-02,sha256:c816bf1344698a75571b816c8106e618bc6be3af9eecb9de1841300281be9ca7,True
2026-08-05,SPG,not_selected,,0,2026-08-05-live-2d99f969,1,2026-08-05 21:07:15,f85a639,2026-08-02,sha256:c816bf1344698a75571b816c8106e618bc6be3af9eecb9de1841300281be9ca7,True
2026-08-05,SPOT,not_selected,,0,2026-08-05-live-2d99f969,1,2026-08-05 21:07:15,f85a639,2026-08-02,sha256:c816bf1344698a75571b816c8106e618bc6be3af9eecb9de1841300281be9ca7,True
2026-08-05,TJX,not_selected,,0,2026-08-05-live-2d99f969,1,2026-08-05 21:07:15,f85a639,2026-08-02,sha256:c816bf1344698a75571b816c8106e618bc6be3af9eecb9de1841300281be9ca7,True
2026-08-05,TMO,not_selected,,0,2026-08-05-live-2d99f969,1,2026-08-05 21:07:15,f85a639,2026-08-02,sha256:c816bf1344698a75571b816c8106e618bc6be3af9eecb9de1841300281be9ca7,True
2026-08-05,TSM,not_selected,,0,2026-08-05-live-2d99f969,1,2026-08-05 21:07:15,f85a639,2026-08-02,sha256:c816bf1344698a75571b816c8106e618bc6be3af9eecb9de1841300281be9ca7,True
2026-08-05,TXN,not_selected,,0,2026-08-05-live-2d99f969,1,2026-08-05 21:07:15,f85a639,2026-08-02,sha256:c816bf1344698a75571b816c8106e618bc6be3af9eecb9de1841300281be9ca7,True
2026-08-05,UNH,not_selected,,0,2026-08-05-live-2d99f969,1,2026-08-05 21:07:15,f85a639,2026-08-02,sha256:c816bf1344698a75571b816c8106e618bc6be3af9eecb9de1841300281be9ca7,True
2026-08-05,UNP,not_selected,,0,2026-08-05-live-2d99f969,1,2026-08-05 21:07:15,f85a639,2026-08-02,sha256:c816bf1344698a75571b816c8106e618bc6be3af9eecb9de1841300281be9ca7,True
2026-08-05,V,not_selected,,0,2026-08-05-live-2d99f969,1,2026-08-05 21:07:15,f85a639,2026-08-02,sha256:c816bf1344698a75571b816c8106e618bc6be3af9eecb9de1841300281be9ca7,True
2026-08-05,WFC,not_selected,,0,2026-08-05-live-2d99f969,1,2026-08-05 21:07:15,f85a639,2026-08-02,sha256:c816bf1344698a75571b816c8106e618bc6be3af9eecb9de1841300281be9ca7,True
2026-08-05,WMB,not_selected,,0,2026-08-05-live-2d99f969,1,2026-08-05 21:07:15,f85a639,2026-08-02,sha256:c816bf1344698a75571b816c8106e618bc6be3af9eecb9de1841300281be9ca7,True
2026-08-05,WMT,not_selected,,0,2026-08-05-live-2d99f969,1,2026-08-05 21:07:15,f85a639,2026-08-02,sha256:c816bf1344698a75571b816c8106e618bc6be3af9eecb9de1841300281be9ca7,True
2026-08-05,XLF,not_selected,,0,2026-08-05-live-2d99f969,1,2026-08-05 21:07:15,f85a639,2026-08-02,sha256:c816bf1344698a75571b816c8106e618bc6be3af9eecb9de1841300281be9ca7,True
2026-08-05,XLI,not_selected,,0,2026-08-05-live-2d99f969,1,2026-08-05 21:07:15,f85a639,2026-08-02,sha256:c816bf1344698a75571b816c8106e618bc6be3af9eecb9de1841300281be9ca7,True
2026-08-05,XLK,not_selected,,0,2026-08-05-live-2d99f969,1,2026-08-05 21:07:15,f85a639,2026-08-02,sha256:c816bf1344698a75571b816c8106e618bc6be3af9eecb9de1841300281be9ca7,True
2026-08-05,XLU,not_selected,,0,2026-08-05-live-2d99f969,1,2026-08-05 21:07:15,f85a639,2026-08-02,sha256:c816bf1344698a75571b816c8106e618bc6be3af9eecb9de1841300281be9ca7,True
2026-08-05,XLY,not_selected,,0,2026-08-05-live-2d99f969,1,2026-08-05 21:07:15,f85a639,2026-08-02,sha256:c816bf1344698a75571b816c8106e618bc6be3af9eecb9de1841300281be9ca7,True
2026-08-05,ZM,not_selected,,0,2026-08-05-live-2d99f969,1,2026-08-05 21:07:15,f85a639,2026-08-02,sha256:c816bf1344698a75571b816c8106e618bc6be3af9eecb9de1841300281be9ca7,True
2026-08-06,AAPL,not_selected,,0,2026-08-06-live-6463d2cc,0,2026-08-06 11:43:59,f85a639,2026-08-02,sha256:c816bf1344698a75571b816c8106e618bc6be3af9eecb9de1841300281be9ca7,True
2026-08-06,ABBV,not_selected,,0,2026-08-06-live-6463d2cc,0,2026-08-06 11:43:59,f85a639,2026-08-02,sha256:c816bf1344698a75571b816c8106e618bc6be3af9eecb9de1841300281be9ca7,True
2026-08-06,ADI,not_selected,,0,2026-08-06-live-6463d2cc,0,2026-08-06 11:43:59,f85a639,2026-08-02,sha256:c816bf1344698a75571b816c8106e618bc6be3af9eecb9de1841300281be9ca7,True
2026-08-06,AEP,not_selected,,0,2026-08-06-live-6463d2cc,0,2026-08-06 11:43:59,f85a639,2026-08-02,sha256:c816bf1344698a75571b816c8106e618bc6be3af9eecb9de1841300281be9ca7,True
2026-08-06,AFRM,not_selected,,0,2026-08-06-live-6463d2cc,0,2026-08-06 11:43:59,f85a639,2026-08-02,sha256:c816bf1344698a75571b816c8106e618bc6be3af9eecb9de1841300281be9ca7,True
2026-08-06,AMZN,not_selected,,0,2026-08-06-live-6463d2cc,0,2026-08-06 11:43:59,f85a639,2026-08-02,sha256:c816bf1344698a75571b816c8106e618bc6be3af9eecb9de1841300281be9ca7,True
2026-08-06,APH,not_selected,,0,2026-08-06-live-6463d2cc,0,2026-08-06 11:43:59,f85a639,2026-08-02,sha256:c816bf1344698a75571b816c8106e618bc6be3af9eecb9de1841300281be9ca7,True
2026-08-06,ASML,not_selected,,0,2026-08-06-live-6463d2cc,0,2026-08-06 11:43:59,f85a639,2026-08-02,sha256:c816bf1344698a75571b816c8106e618bc6be3af9eecb9de1841300281be9ca7,True
2026-08-06,ATI,not_selected,,0,2026-08-06-live-6463d2cc,0,2026-08-06 11:43:59,f85a639,2026-08-02,sha256:c816bf1344698a75571b816c8106e618bc6be3af9eecb9de1841300281be9ca7,True
2026-08-06,AVGO,not_selected,,0,2026-08-06-live-6463d2cc,0,2026-08-06 11:43:59,f85a639,2026-08-02,sha256:c816bf1344698a75571b816c8106e618bc6be3af9eecb9de1841300281be9ca7,True
2026-08-06,AXP,not_selected,,0,2026-08-06-live-6463d2cc,0,2026-08-06 11:43:59,f85a639,2026-08-02,sha256:c816bf1344698a75571b816c8106e618bc6be3af9eecb9de1841300281be9ca7,True
2026-08-06,BA,not_selected,,0,2026-08-06-live-6463d2cc,0,2026-08-06 11:43:59,f85a639,2026-08-02,sha256:c816bf1344698a75571b816c8106e618bc6be3af9eecb9de1841300281be9ca7,True
2026-08-06,BAC,not_selected,,0,2026-08-06-live-6463d2cc,0,2026-08-06 11:43:59,f85a639,2026-08-02,sha256:c816bf1344698a75571b816c8106e618bc6be3af9eecb9de1841300281be9ca7,True
2026-08-06,BLK,not_selected,,0,2026-08-06-live-6463d2cc,0,2026-08-06 11:43:59,f85a639,2026-08-02,sha256:c816bf1344698a75571b816c8106e618bc6be3af9eecb9de1841300281be9ca7,True
2026-08-06,BWXT,not_selected,,0,2026-08-06-live-6463d2cc,0,2026-08-06 11:43:59,f85a639,2026-08-02,sha256:c816bf1344698a75571b816c8106e618bc6be3af9eecb9de1841300281be9ca7,True
2026-08-06,C,not_selected,,0,2026-08-06-live-6463d2cc,0,2026-08-06 11:43:59,f85a639,2026-08-02,sha256:c816bf1344698a75571b816c8106e618bc6be3af9eecb9de1841300281be9ca7,True
2026-08-06,CAT,not_selected,,0,2026-08-06-live-6463d2cc,0,2026-08-06 11:43:59,f85a639,2026-08-02,sha256:c816bf1344698a75571b816c8106e618bc6be3af9eecb9de1841300281be9ca7,True
2026-08-06,CMG,not_selected,,0,2026-08-06-live-6463d2cc,0,2026-08-06 11:43:59,f85a639,2026-08-02,sha256:c816bf1344698a75571b816c8106e618bc6be3af9eecb9de1841300281be9ca7,True
2026-08-06,CRM,not_selected,,0,2026-08-06-live-6463d2cc,0,2026-08-06 11:43:59,f85a639,2026-08-02,sha256:c816bf1344698a75571b816c8106e618bc6be3af9eecb9de1841300281be9ca7,True
2026-08-06,CRWD,not_selected,,0,2026-08-06-live-6463d2cc,0,2026-08-06 11:43:59,f85a639,2026-08-02,sha256:c816bf1344698a75571b816c8106e618bc6be3af9eecb9de1841300281be9ca7,True
2026-08-06,CVS,not_selected,,0,2026-08-06-live-6463d2cc,0,2026-08-06 11:43:59,f85a639,2026-08-02,sha256:c816bf1344698a75571b816c8106e618bc6be3af9eecb9de1841300281be9ca7,True
2026-08-06,CVX,not_selected,,0,2026-08-06-live-6463d2cc,0,2026-08-06 11:43:59,f85a639,2026-08-02,sha256:c816bf1344698a75571b816c8106e618bc6be3af9eecb9de1841300281be9ca7,True
2026-08-06,D,not_selected,,0,2026-08-06-live-6463d2cc,0,2026-08-06 11:43:59,f85a639,2026-08-02,sha256:c816bf1344698a75571b816c8106e618bc6be3af9eecb9de1841300281be9ca7,True
2026-08-06,DE,not_selected,,0,2026-08-06-live-6463d2cc,0,2026-08-06 11:43:59,f85a639,2026-08-02,sha256:c816bf1344698a75571b816c8106e618bc6be3af9eecb9de1841300281be9ca7,True
2026-08-06,DLR,not_selected,,0,2026-08-06-live-6463d2cc,0,2026-08-06 11:43:59,f85a639,2026-08-02,sha256:c816bf1344698a75571b816c8106e618bc6be3af9eecb9de1841300281be9ca7,True
2026-08-06,DUK,not_selected,,0,2026-08-06-live-6463d2cc,0,2026-08-06 11:43:59,f85a639,2026-08-02,sha256:c816bf1344698a75571b816c8106e618bc6be3af9eecb9de1841300281be9ca7,True
2026-08-06,EME,not_selected,,0,2026-08-06-live-6463d2cc,0,2026-08-06 11:43:59,f85a639,2026-08-02,sha256:c816bf1344698a75571b816c8106e618bc6be3af9eecb9de1841300281be9ca7,True
2026-08-06,EMR,not_selected,,0,2026-08-06-live-6463d2cc,0,2026-08-06 11:43:59,f85a639,2026-08-02,sha256:c816bf1344698a75571b816c8106e618bc6be3af9eecb9de1841300281be9ca7,True
2026-08-06,EOG,not_selected,,0,2026-08-06-live-6463d2cc,0,2026-08-06 11:43:59,f85a639,2026-08-02,sha256:c816bf1344698a75571b816c8106e618bc6be3af9eecb9de1841300281be9ca7,True
2026-08-06,EQIX,not_selected,,0,2026-08-06-live-6463d2cc,0,2026-08-06 11:43:59,f85a639,2026-08-02,sha256:c816bf1344698a75571b816c8106e618bc6be3af9eecb9de1841300281be9ca7,True
2026-08-06,ETN,not_selected,,0,2026-08-06-live-6463d2cc,0,2026-08-06 11:43:59,f85a639,2026-08-02,sha256:c816bf1344698a75571b816c8106e618bc6be3af9eecb9de1841300281be9ca7,True
2026-08-06,FDX,not_selected,,0,2026-08-06-live-6463d2cc,0,2026-08-06 11:43:59,f85a639,2026-08-02,sha256:c816bf1344698a75571b816c8106e618bc6be3af9eecb9de1841300281be9ca7,True
2026-08-06,FTNT,not_selected,,0,2026-08-06-live-6463d2cc,0,2026-08-06 11:43:59,f85a639,2026-08-02,sha256:c816bf1344698a75571b816c8106e618bc6be3af9eecb9de1841300281be9ca7,True
2026-08-06,GE,not_selected,,0,2026-08-06-live-6463d2cc,0,2026-08-06 11:43:59,f85a639,2026-08-02,sha256:c816bf1344698a75571b816c8106e618bc6be3af9eecb9de1841300281be9ca7,True
2026-08-06,GLD,not_selected,,0,2026-08-06-live-6463d2cc,0,2026-08-06 11:43:59,f85a639,2026-08-02,sha256:c816bf1344698a75571b816c8106e618bc6be3af9eecb9de1841300281be9ca7,True
2026-08-06,GM,not_selected,,0,2026-08-06-live-6463d2cc,0,2026-08-06 11:43:59,f85a639,2026-08-02,sha256:c816bf1344698a75571b816c8106e618bc6be3af9eecb9de1841300281be9ca7,True
2026-08-06,GRMN,not_selected,,0,2026-08-06-live-6463d2cc,0,2026-08-06 11:43:59,f85a639,2026-08-02,sha256:c816bf1344698a75571b816c8106e618bc6be3af9eecb9de1841300281be9ca7,True
2026-08-06,GS,not_selected,,0,2026-08-06-live-6463d2cc,0,2026-08-06 11:43:59,f85a639,2026-08-02,sha256:c816bf1344698a75571b816c8106e618bc6be3af9eecb9de1841300281be9ca7,True
2026-08-06,HLT,not_selected,,0,2026-08-06-live-6463d2cc,0,2026-08-06 11:43:59,f85a639,2026-08-02,sha256:c816bf1344698a75571b816c8106e618bc6be3af9eecb9de1841300281be9ca7,True
2026-08-06,JNJ,not_selected,,0,2026-08-06-live-6463d2cc,0,2026-08-06 11:43:59,f85a639,2026-08-02,sha256:c816bf1344698a75571b816c8106e618bc6be3af9eecb9de1841300281be9ca7,True
2026-08-06,JPM,not_selected,,0,2026-08-06-live-6463d2cc,0,2026-08-06 11:43:59,f85a639,2026-08-02,sha256:c816bf1344698a75571b816c8106e618bc6be3af9eecb9de1841300281be9ca7,True
2026-08-06,KO,not_selected,,0,2026-08-06-live-6463d2cc,0,2026-08-06 11:43:59,f85a639,2026-08-02,sha256:c816bf1344698a75571b816c8106e618bc6be3af9eecb9de1841300281be9ca7,True
2026-08-06,LHX,not_selected,,0,2026-08-06-live-6463d2cc,0,2026-08-06 11:43:59,f85a639,2026-08-02,sha256:c816bf1344698a75571b816c8106e618bc6be3af9eecb9de1841300281be9ca7,True
2026-08-06,LLY,not_selected,,0,2026-08-06-live-6463d2cc,0,2026-08-06 11:43:59,f85a639,2026-08-02,sha256:c816bf1344698a75571b816c8106e618bc6be3af9eecb9de1841300281be9ca7,True
2026-08-06,LMT,not_selected,,0,2026-08-06-live-6463d2cc,0,2026-08-06 11:43:59,f85a639,2026-08-02,sha256:c816bf1344698a75571b816c8106e618bc6be3af9eecb9de1841300281be9ca7,True
2026-08-06,MA,not_selected,,0,2026-08-06-live-6463d2cc,0,2026-08-06 11:43:59,f85a639,2026-08-02,sha256:c816bf1344698a75571b816c8106e618bc6be3af9eecb9de1841300281be9ca7,True
2026-08-06,MCHP,not_selected,,0,2026-08-06-live-6463d2cc,0,2026-08-06 11:43:59,f85a639,2026-08-02,sha256:c816bf1344698a75571b816c8106e618bc6be3af9eecb9de1841300281be9ca7,True
2026-08-06,META,not_selected,,0,2026-08-06-live-6463d2cc,0,2026-08-06 11:43:59,f85a639,2026-08-02,sha256:c816bf1344698a75571b816c8106e618bc6be3af9eecb9de1841300281be9ca7,True
2026-08-06,MMM,not_selected,,0,2026-08-06-live-6463d2cc,0,2026-08-06 11:43:59,f85a639,2026-08-02,sha256:c816bf1344698a75571b816c8106e618bc6be3af9eecb9de1841300281be9ca7,True
2026-08-06,MO,not_selected,,0,2026-08-06-live-6463d2cc,0,2026-08-06 11:43:59,f85a639,2026-08-02,sha256:c816bf1344698a75571b816c8106e618bc6be3af9eecb9de1841300281be9ca7,True
2026-08-06,MRK,not_selected,,0,2026-08-06-live-6463d2cc,0,2026-08-06 11:43:59,f85a639,2026-08-02,sha256:c816bf1344698a75571b816c8106e618bc6be3af9eecb9de1841300281be9ca7,True
2026-08-06,MS,not_selected,,0,2026-08-06-live-6463d2cc,0,2026-08-06 11:43:59,f85a639,2026-08-02,sha256:c816bf1344698a75571b816c8106e618bc6be3af9eecb9de1841300281be9ca7,True
2026-08-06,MSFT,not_selected,,0,2026-08-06-live-6463d2cc,0,2026-08-06 11:43:59,f85a639,2026-08-02,sha256:c816bf1344698a75571b816c8106e618bc6be3af9eecb9de1841300281be9ca7,True
2026-08-06,NEE,not_selected,,0,2026-08-06-live-6463d2cc,0,2026-08-06 11:43:59,f85a639,2026-08-02,sha256:c816bf1344698a75571b816c8106e618bc6be3af9eecb9de1841300281be9ca7,True
2026-08-06,NEM,not_selected,,0,2026-08-06-live-6463d2cc,0,2026-08-06 11:43:59,f85a639,2026-08-02,sha256:c816bf1344698a75571b816c8106e618bc6be3af9eecb9de1841300281be9ca7,True
2026-08-06,NET,not_selected,,0,2026-08-06-live-6463d2cc,0,2026-08-06 11:43:59,f85a639,2026-08-02,sha256:c816bf1344698a75571b816c8106e618bc6be3af9eecb9de1841300281be9ca7,True
2026-08-06,OXY,not_selected,,0,2026-08-06-live-6463d2cc,0,2026-08-06 11:43:59,f85a639,2026-08-02,sha256:c816bf1344698a75571b816c8106e618bc6be3af9eecb9de1841300281be9ca7,True
2026-08-06,PG,not_selected,,0,2026-08-06-live-6463d2cc,0,2026-08-06 11:43:59,f85a639,2026-08-02,sha256:c816bf1344698a75571b816c8106e618bc6be3af9eecb9de1841300281be9ca7,True
2026-08-06,PH,not_selected,,0,2026-08-06-live-6463d2cc,0,2026-08-06 11:43:59,f85a639,2026-08-02,sha256:c816bf1344698a75571b816c8106e618bc6be3af9eecb9de1841300281be9ca7,True
2026-08-06,PM,not_selected,,0,2026-08-06-live-6463d2cc,0,2026-08-06 11:43:59,f85a639,2026-08-02,sha256:c816bf1344698a75571b816c8106e618bc6be3af9eecb9de1841300281be9ca7,True
2026-08-06,PNC,not_selected,,0,2026-08-06-live-6463d2cc,0,2026-08-06 11:43:59,f85a639,2026-08-02,sha256:c816bf1344698a75571b816c8106e618bc6be3af9eecb9de1841300281be9ca7,True
2026-08-06,PYPL,not_selected,,0,2026-08-06-live-6463d2cc,0,2026-08-06 11:43:59,f85a639,2026-08-02,sha256:c816bf1344698a75571b816c8106e618bc6be3af9eecb9de1841300281be9ca7,True
2026-08-06,ROST,not_selected,,0,2026-08-06-live-6463d2cc,0,2026-08-06 11:43:59,f85a639,2026-08-02,sha256:c816bf1344698a75571b816c8106e618bc6be3af9eecb9de1841300281be9ca7,True
2026-08-06,RTX,not_selected,,0,2026-08-06-live-6463d2cc,0,2026-08-06 11:43:59,f85a639,2026-08-02,sha256:c816bf1344698a75571b816c8106e618bc6be3af9eecb9de1841300281be9ca7,True
2026-08-06,SCHW,not_selected,,0,2026-08-06-live-6463d2cc,0,2026-08-06 11:43:59,f85a639,2026-08-02,sha256:c816bf1344698a75571b816c8106e618bc6be3af9eecb9de1841300281be9ca7,True
2026-08-06,SO,not_selected,,0,2026-08-06-live-6463d2cc,0,2026-08-06 11:43:59,f85a639,2026-08-02,sha256:c816bf1344698a75571b816c8106e618bc6be3af9eecb9de1841300281be9ca7,True
2026-08-06,SPG,not_selected,,0,2026-08-06-live-6463d2cc,0,2026-08-06 11:43:59,f85a639,2026-08-02,sha256:c816bf1344698a75571b816c8106e618bc6be3af9eecb9de1841300281be9ca7,True
2026-08-06,SPOT,not_selected,,0,2026-08-06-live-6463d2cc,0,2026-08-06 11:43:59,f85a639,2026-08-02,sha256:c816bf1344698a75571b816c8106e618bc6be3af9eecb9de1841300281be9ca7,True
2026-08-06,TJX,not_selected,,0,2026-08-06-live-6463d2cc,0,2026-08-06 11:43:59,f85a639,2026-08-02,sha256:c816bf1344698a75571b816c8106e618bc6be3af9eecb9de1841300281be9ca7,True
2026-08-06,TMO,not_selected,,0,2026-08-06-live-6463d2cc,0,2026-08-06 11:43:59,f85a639,2026-08-02,sha256:c816bf1344698a75571b816c8106e618bc6be3af9eecb9de1841300281be9ca7,True
2026-08-06,TSM,not_selected,,0,2026-08-06-live-6463d2cc,0,2026-08-06 11:43:59,f85a639,2026-08-02,sha256:c816bf1344698a75571b816c8106e618bc6be3af9eecb9de1841300281be9ca7,True
2026-08-06,TXN,not_selected,,0,2026-08-06-live-6463d2cc,0,2026-08-06 11:43:59,f85a639,2026-08-02,sha256:c816bf1344698a75571b816c8106e618bc6be3af9eecb9de1841300281be9ca7,True
2026-08-06,UNH,not_selected,,0,2026-08-06-live-6463d2cc,0,2026-08-06 11:43:59,f85a639,2026-08-02,sha256:c816bf1344698a75571b816c8106e618bc6be3af9eecb9de1841300281be9ca7,True
2026-08-06,UNP,not_selected,,0,2026-08-06-live-6463d2cc,0,2026-08-06 11:43:59,f85a639,2026-08-02,sha256:c816bf1344698a75571b816c8106e618bc6be3af9eecb9de1841300281be9ca7,True
2026-08-06,V,not_selected,,0,2026-08-06-live-6463d2cc,0,2026-08-06 11:43:59,f85a639,2026-08-02,sha256:c816bf1344698a75571b816c8106e618bc6be3af9eecb9de1841300281be9ca7,True
2026-08-06,WFC,not_selected,,0,2026-08-06-live-6463d2cc,0,2026-08-06 11:43:59,f85a639,2026-08-02,sha256:c816bf1344698a75571b816c8106e618bc6be3af9eecb9de1841300281be9ca7,True
2026-08-06,WMB,not_selected,,0,2026-08-06-live-6463d2cc,0,2026-08-06 11:43:59,f85a639,2026-08-02,sha256:c816bf1344698a75571b816c8106e618bc6be3af9eecb9de1841300281be9ca7,True
2026-08-06,WMT,not_selected,,0,2026-08-06-live-6463d2cc,0,2026-08-06 11:43:59,f85a639,2026-08-02,sha256:c816bf1344698a75571b816c8106e618bc6be3af9eecb9de1841300281be9ca7,True
2026-08-06,XLF,not_selected,,0,2026-08-06-live-6463d2cc,0,2026-08-06 11:43:59,f85a639,2026-08-02,sha256:c816bf1344698a75571b816c8106e618bc6be3af9eecb9de1841300281be9ca7,True
2026-08-06,XLI,not_selected,,0,2026-08-06-live-6463d2cc,0,2026-08-06 11:43:59,f85a639,2026-08-02,sha256:c816bf1344698a75571b816c8106e618bc6be3af9eecb9de1841300281be9ca7,True
2026-08-06,XLK,not_selected,,0,2026-08-06-live-6463d2cc,0,2026-08-06 11:43:59,f85a639,2026-08-02,sha256:c816bf1344698a75571b816c8106e618bc6be3af9eecb9de1841300281be9ca7,True
2026-08-06,XLU,not_selected,,0,2026-08-06-live-6463d2cc,0,2026-08-06 11:43:59,f85a639,2026-08-02,sha256:c816bf1344698a75571b816c8106e618bc6be3af9eecb9de1841300281be9ca7,True
2026-08-06,XLY,not_selected,,0,2026-08-06-live-6463d2cc,0,2026-08-06 11:43:59,f85a639,2026-08-02,sha256:c816bf1344698a75571b816c8106e618bc6be3af9eecb9de1841300281be9ca7,True
2026-08-06,ZM,not_selected,,0,2026-08-06-live-6463d2cc,0,2026-08-06 11:43:59,f85a639,2026-08-02,sha256:c816bf1344698a75571b816c8106e618bc6be3af9eecb9de1841300281be9ca7,True
2026-08-06,AAPL,not_selected,,0,2026-08-06-live-7902b1ea,0,2026-08-06 12:12:42,f85a639,2026-08-02,sha256:c816bf1344698a75571b816c8106e618bc6be3af9eecb9de1841300281be9ca7,True
2026-08-06,ABBV,not_selected,,0,2026-08-06-live-7902b1ea,0,2026-08-06 12:12:42,f85a639,2026-08-02,sha256:c816bf1344698a75571b816c8106e618bc6be3af9eecb9de1841300281be9ca7,True
2026-08-06,ADI,not_selected,,0,2026-08-06-live-7902b1ea,0,2026-08-06 12:12:42,f85a639,2026-08-02,sha256:c816bf1344698a75571b816c8106e618bc6be3af9eecb9de1841300281be9ca7,True
2026-08-06,AEP,not_selected,,0,2026-08-06-live-7902b1ea,0,2026-08-06 12:12:42,f85a639,2026-08-02,sha256:c816bf1344698a75571b816c8106e618bc6be3af9eecb9de1841300281be9ca7,True
2026-08-06,AFRM,not_selected,,0,2026-08-06-live-7902b1ea,0,2026-08-06 12:12:42,f85a639,2026-08-02,sha256:c816bf1344698a75571b816c8106e618bc6be3af9eecb9de1841300281be9ca7,True
2026-08-06,AMZN,not_selected,,0,2026-08-06-live-7902b1ea,0,2026-08-06 12:12:42,f85a639,2026-08-02,sha256:c816bf1344698a75571b816c8106e618bc6be3af9eecb9de1841300281be9ca7,True
2026-08-06,APH,not_selected,,0,2026-08-06-live-7902b1ea,0,2026-08-06 12:12:42,f85a639,2026-08-02,sha256:c816bf1344698a75571b816c8106e618bc6be3af9eecb9de1841300281be9ca7,True
2026-08-06,ASML,not_selected,,0,2026-08-06-live-7902b1ea,0,2026-08-06 12:12:42,f85a639,2026-08-02,sha256:c816bf1344698a75571b816c8106e618bc6be3af9eecb9de1841300281be9ca7,True
2026-08-06,ATI,not_selected,,0,2026-08-06-live-7902b1ea,0,2026-08-06 12:12:42,f85a639,2026-08-02,sha256:c816bf1344698a75571b816c8106e618bc6be3af9eecb9de1841300281be9ca7,True
2026-08-06,AVGO,not_selected,,0,2026-08-06-live-7902b1ea,0,2026-08-06 12:12:42,f85a639,2026-08-02,sha256:c816bf1344698a75571b816c8106e618bc6be3af9eecb9de1841300281be9ca7,True
2026-08-06,AXP,not_selected,,0,2026-08-06-live-7902b1ea,0,2026-08-06 12:12:42,f85a639,2026-08-02,sha256:c816bf1344698a75571b816c8106e618bc6be3af9eecb9de1841300281be9ca7,True
2026-08-06,BA,not_selected,,0,2026-08-06-live-7902b1ea,0,2026-08-06 12:12:42,f85a639,2026-08-02,sha256:c816bf1344698a75571b816c8106e618bc6be3af9eecb9de1841300281be9ca7,True
2026-08-06,BAC,not_selected,,0,2026-08-06-live-7902b1ea,0,2026-08-06 12:12:42,f85a639,2026-08-02,sha256:c816bf1344698a75571b816c8106e618bc6be3af9eecb9de1841300281be9ca7,True
2026-08-06,BLK,not_selected,,0,2026-08-06-live-7902b1ea,0,2026-08-06 12:12:42,f85a639,2026-08-02,sha256:c816bf1344698a75571b816c8106e618bc6be3af9eecb9de1841300281be9ca7,True
2026-08-06,BWXT,not_selected,,0,2026-08-06-live-7902b1ea,0,2026-08-06 12:12:42,f85a639,2026-08-02,sha256:c816bf1344698a75571b816c8106e618bc6be3af9eecb9de1841300281be9ca7,True
2026-08-06,C,not_selected,,0,2026-08-06-live-7902b1ea,0,2026-08-06 12:12:42,f85a639,2026-08-02,sha256:c816bf1344698a75571b816c8106e618bc6be3af9eecb9de1841300281be9ca7,True
2026-08-06,CAT,not_selected,,0,2026-08-06-live-7902b1ea,0,2026-08-06 12:12:42,f85a639,2026-08-02,sha256:c816bf1344698a75571b816c8106e618bc6be3af9eecb9de1841300281be9ca7,True
2026-08-06,CMG,not_selected,,0,2026-08-06-live-7902b1ea,0,2026-08-06 12:12:42,f85a639,2026-08-02,sha256:c816bf1344698a75571b816c8106e618bc6be3af9eecb9de1841300281be9ca7,True
2026-08-06,CRM,not_selected,,0,2026-08-06-live-7902b1ea,0,2026-08-06 12:12:42,f85a639,2026-08-02,sha256:c816bf1344698a75571b816c8106e618bc6be3af9eecb9de1841300281be9ca7,True
2026-08-06,CRWD,not_selected,,0,2026-08-06-live-7902b1ea,0,2026-08-06 12:12:42,f85a639,2026-08-02,sha256:c816bf1344698a75571b816c8106e618bc6be3af9eecb9de1841300281be9ca7,True
2026-08-06,CVS,not_selected,,0,2026-08-06-live-7902b1ea,0,2026-08-06 12:12:42,f85a639,2026-08-02,sha256:c816bf1344698a75571b816c8106e618bc6be3af9eecb9de1841300281be9ca7,True
2026-08-06,CVX,not_selected,,0,2026-08-06-live-7902b1ea,0,2026-08-06 12:12:42,f85a639,2026-08-02,sha256:c816bf1344698a75571b816c8106e618bc6be3af9eecb9de1841300281be9ca7,True
2026-08-06,D,not_selected,,0,2026-08-06-live-7902b1ea,0,2026-08-06 12:12:42,f85a639,2026-08-02,sha256:c816bf1344698a75571b816c8106e618bc6be3af9eecb9de1841300281be9ca7,True
2026-08-06,DE,not_selected,,0,2026-08-06-live-7902b1ea,0,2026-08-06 12:12:42,f85a639,2026-08-02,sha256:c816bf1344698a75571b816c8106e618bc6be3af9eecb9de1841300281be9ca7,True
2026-08-06,DLR,not_selected,,0,2026-08-06-live-7902b1ea,0,2026-08-06 12:12:42,f85a639,2026-08-02,sha256:c816bf1344698a75571b816c8106e618bc6be3af9eecb9de1841300281be9ca7,True
2026-08-06,DUK,not_selected,,0,2026-08-06-live-7902b1ea,0,2026-08-06 12:12:42,f85a639,2026-08-02,sha256:c816bf1344698a75571b816c8106e618bc6be3af9eecb9de1841300281be9ca7,True
2026-08-06,EME,not_selected,,0,2026-08-06-live-7902b1ea,0,2026-08-06 12:12:42,f85a639,2026-08-02,sha256:c816bf1344698a75571b816c8106e618bc6be3af9eecb9de1841300281be9ca7,True
2026-08-06,EMR,not_selected,,0,2026-08-06-live-7902b1ea,0,2026-08-06 12:12:42,f85a639,2026-08-02,sha256:c816bf1344698a75571b816c8106e618bc6be3af9eecb9de1841300281be9ca7,True
2026-08-06,EOG,not_selected,,0,2026-08-06-live-7902b1ea,0,2026-08-06 12:12:42,f85a639,2026-08-02,sha256:c816bf1344698a75571b816c8106e618bc6be3af9eecb9de1841300281be9ca7,True
2026-08-06,EQIX,not_selected,,0,2026-08-06-live-7902b1ea,0,2026-08-06 12:12:42,f85a639,2026-08-02,sha256:c816bf1344698a75571b816c8106e618bc6be3af9eecb9de1841300281be9ca7,True
2026-08-06,ETN,not_selected,,0,2026-08-06-live-7902b1ea,0,2026-08-06 12:12:42,f85a639,2026-08-02,sha256:c816bf1344698a75571b816c8106e618bc6be3af9eecb9de1841300281be9ca7,True
2026-08-06,FDX,not_selected,,0,2026-08-06-live-7902b1ea,0,2026-08-06 12:12:42,f85a639,2026-08-02,sha256:c816bf1344698a75571b816c8106e618bc6be3af9eecb9de1841300281be9ca7,True
2026-08-06,FTNT,not_selected,,0,2026-08-06-live-7902b1ea,0,2026-08-06 12:12:42,f85a639,2026-08-02,sha256:c816bf1344698a75571b816c8106e618bc6be3af9eecb9de1841300281be9ca7,True
2026-08-06,GE,not_selected,,0,2026-08-06-live-7902b1ea,0,2026-08-06 12:12:42,f85a639,2026-08-02,sha256:c816bf1344698a75571b816c8106e618bc6be3af9eecb9de1841300281be9ca7,True
2026-08-06,GLD,not_selected,,0,2026-08-06-live-7902b1ea,0,2026-08-06 12:12:42,f85a639,2026-08-02,sha256:c816bf1344698a75571b816c8106e618bc6be3af9eecb9de1841300281be9ca7,True
2026-08-06,GM,not_selected,,0,2026-08-06-live-7902b1ea,0,2026-08-06 12:12:42,f85a639,2026-08-02,sha256:c816bf1344698a75571b816c8106e618bc6be3af9eecb9de1841300281be9ca7,True
2026-08-06,GRMN,not_selected,,0,2026-08-06-live-7902b1ea,0,2026-08-06 12:12:42,f85a639,2026-08-02,sha256:c816bf1344698a75571b816c8106e618bc6be3af9eecb9de1841300281be9ca7,True
2026-08-06,GS,not_selected,,0,2026-08-06-live-7902b1ea,0,2026-08-06 12:12:42,f85a639,2026-08-02,sha256:c816bf1344698a75571b816c8106e618bc6be3af9eecb9de1841300281be9ca7,True
2026-08-06,HLT,not_selected,,0,2026-08-06-live-7902b1ea,0,2026-08-06 12:12:42,f85a639,2026-08-02,sha256:c816bf1344698a75571b816c8106e618bc6be3af9eecb9de1841300281be9ca7,True
2026-08-06,JNJ,not_selected,,0,2026-08-06-live-7902b1ea,0,2026-08-06 12:12:42,f85a639,2026-08-02,sha256:c816bf1344698a75571b816c8106e618bc6be3af9eecb9de1841300281be9ca7,True
2026-08-06,JPM,not_selected,,0,2026-08-06-live-7902b1ea,0,2026-08-06 12:12:42,f85a639,2026-08-02,sha256:c816bf1344698a75571b816c8106e618bc6be3af9eecb9de1841300281be9ca7,True
2026-08-06,KO,not_selected,,0,2026-08-06-live-7902b1ea,0,2026-08-06 12:12:42,f85a639,2026-08-02,sha256:c816bf1344698a75571b816c8106e618bc6be3af9eecb9de1841300281be9ca7,True
2026-08-06,LHX,not_selected,,0,2026-08-06-live-7902b1ea,0,2026-08-06 12:12:42,f85a639,2026-08-02,sha256:c816bf1344698a75571b816c8106e618bc6be3af9eecb9de1841300281be9ca7,True
2026-08-06,LLY,not_selected,,0,2026-08-06-live-7902b1ea,0,2026-08-06 12:12:42,f85a639,2026-08-02,sha256:c816bf1344698a75571b816c8106e618bc6be3af9eecb9de1841300281be9ca7,True
2026-08-06,LMT,not_selected,,0,2026-08-06-live-7902b1ea,0,2026-08-06 12:12:42,f85a639,2026-08-02,sha256:c816bf1344698a75571b816c8106e618bc6be3af9eecb9de1841300281be9ca7,True
2026-08-06,MA,not_selected,,0,2026-08-06-live-7902b1ea,0,2026-08-06 12:12:42,f85a639,2026-08-02,sha256:c816bf1344698a75571b816c8106e618bc6be3af9eecb9de1841300281be9ca7,True
2026-08-06,MCHP,not_selected,,0,2026-08-06-live-7902b1ea,0,2026-08-06 12:12:42,f85a639,2026-08-02,sha256:c816bf1344698a75571b816c8106e618bc6be3af9eecb9de1841300281be9ca7,True
2026-08-06,META,not_selected,,0,2026-08-06-live-7902b1ea,0,2026-08-06 12:12:42,f85a639,2026-08-02,sha256:c816bf1344698a75571b816c8106e618bc6be3af9eecb9de1841300281be9ca7,True
2026-08-06,MMM,not_selected,,0,2026-08-06-live-7902b1ea,0,2026-08-06 12:12:42,f85a639,2026-08-02,sha256:c816bf1344698a75571b816c8106e618bc6be3af9eecb9de1841300281be9ca7,True
2026-08-06,MO,not_selected,,0,2026-08-06-live-7902b1ea,0,2026-08-06 12:12:42,f85a639,2026-08-02,sha256:c816bf1344698a75571b816c8106e618bc6be3af9eecb9de1841300281be9ca7,True
2026-08-06,MRK,not_selected,,0,2026-08-06-live-7902b1ea,0,2026-08-06 12:12:42,f85a639,2026-08-02,sha256:c816bf1344698a75571b816c8106e618bc6be3af9eecb9de1841300281be9ca7,True
2026-08-06,MS,not_selected,,0,2026-08-06-live-7902b1ea,0,2026-08-06 12:12:42,f85a639,2026-08-02,sha256:c816bf1344698a75571b816c8106e618bc6be3af9eecb9de1841300281be9ca7,True
2026-08-06,MSFT,not_selected,,0,2026-08-06-live-7902b1ea,0,2026-08-06 12:12:42,f85a639,2026-08-02,sha256:c816bf1344698a75571b816c8106e618bc6be3af9eecb9de1841300281be9ca7,True
2026-08-06,NEE,not_selected,,0,2026-08-06-live-7902b1ea,0,2026-08-06 12:12:42,f85a639,2026-08-02,sha256:c816bf1344698a75571b816c8106e618bc6be3af9eecb9de1841300281be9ca7,True
2026-08-06,NEM,not_selected,,0,2026-08-06-live-7902b1ea,0,2026-08-06 12:12:42,f85a639,2026-08-02,sha256:c816bf1344698a75571b816c8106e618bc6be3af9eecb9de1841300281be9ca7,True
2026-08-06,NET,not_selected,,0,2026-08-06-live-7902b1ea,0,2026-08-06 12:12:42,f85a639,2026-08-02,sha256:c816bf1344698a75571b816c8106e618bc6be3af9eecb9de1841300281be9ca7,True
2026-08-06,OXY,not_selected,,0,2026-08-06-live-7902b1ea,0,2026-08-06 12:12:42,f85a639,2026-08-02,sha256:c816bf1344698a75571b816c8106e618bc6be3af9eecb9de1841300281be9ca7,True
2026-08-06,PG,not_selected,,0,2026-08-06-live-7902b1ea,0,2026-08-06 12:12:42,f85a639,2026-08-02,sha256:c816bf1344698a75571b816c8106e618bc6be3af9eecb9de1841300281be9ca7,True
2026-08-06,PH,not_selected,,0,2026-08-06-live-7902b1ea,0,2026-08-06 12:12:42,f85a639,2026-08-02,sha256:c816bf1344698a75571b816c8106e618bc6be3af9eecb9de1841300281be9ca7,True
2026-08-06,PM,not_selected,,0,2026-08-06-live-7902b1ea,0,2026-08-06 12:12:42,f85a639,2026-08-02,sha256:c816bf1344698a75571b816c8106e618bc6be3af9eecb9de1841300281be9ca7,True
2026-08-06,PNC,not_selected,,0,2026-08-06-live-7902b1ea,0,2026-08-06 12:12:42,f85a639,2026-08-02,sha256:c816bf1344698a75571b816c8106e618bc6be3af9eecb9de1841300281be9ca7,True
2026-08-06,PYPL,not_selected,,0,2026-08-06-live-7902b1ea,0,2026-08-06 12:12:42,f85a639,2026-08-02,sha256:c816bf1344698a75571b816c8106e618bc6be3af9eecb9de1841300281be9ca7,True
2026-08-06,ROST,not_selected,,0,2026-08-06-live-7902b1ea,0,2026-08-06 12:12:42,f85a639,2026-08-02,sha256:c816bf1344698a75571b816c8106e618bc6be3af9eecb9de1841300281be9ca7,True
2026-08-06,RTX,not_selected,,0,2026-08-06-live-7902b1ea,0,2026-08-06 12:12:42,f85a639,2026-08-02,sha256:c816bf1344698a75571b816c8106e618bc6be3af9eecb9de1841300281be9ca7,True
2026-08-06,SCHW,not_selected,,0,2026-08-06-live-7902b1ea,0,2026-08-06 12:12:42,f85a639,2026-08-02,sha256:c816bf1344698a75571b816c8106e618bc6be3af9eecb9de1841300281be9ca7,True
2026-08-06,SO,not_selected,,0,2026-08-06-live-7902b1ea,0,2026-08-06 12:12:42,f85a639,2026-08-02,sha256:c816bf1344698a75571b816c8106e618bc6be3af9eecb9de1841300281be9ca7,True
2026-08-06,SPG,not_selected,,0,2026-08-06-live-7902b1ea,0,2026-08-06 12:12:42,f85a639,2026-08-02,sha256:c816bf1344698a75571b816c8106e618bc6be3af9eecb9de1841300281be9ca7,True
2026-08-06,SPOT,not_selected,,0,2026-08-06-live-7902b1ea,0,2026-08-06 12:12:42,f85a639,2026-08-02,sha256:c816bf1344698a75571b816c8106e618bc6be3af9eecb9de1841300281be9ca7,True
2026-08-06,TJX,not_selected,,0,2026-08-06-live-7902b1ea,0,2026-08-06 12:12:42,f85a639,2026-08-02,sha256:c816bf1344698a75571b816c8106e618bc6be3af9eecb9de1841300281be9ca7,True
2026-08-06,TMO,not_selected,,0,2026-08-06-live-7902b1ea,0,2026-08-06 12:12:42,f85a639,2026-08-02,sha256:c816bf1344698a75571b816c8106e618bc6be3af9eecb9de1841300281be9ca7,True
2026-08-06,TSM,not_selected,,0,2026-08-06-live-7902b1ea,0,2026-08-06 12:12:42,f85a639,2026-08-02,sha256:c816bf1344698a75571b816c8106e618bc6be3af9eecb9de1841300281be9ca7,True
2026-08-06,TXN,not_selected,,0,2026-08-06-live-7902b1ea,0,2026-08-06 12:12:42,f85a639,2026-08-02,sha256:c816bf1344698a75571b816c8106e618bc6be3af9eecb9de1841300281be9ca7,True
2026-08-06,UNH,not_selected,,0,2026-08-06-live-7902b1ea,0,2026-08-06 12:12:42,f85a639,2026-08-02,sha256:c816bf1344698a75571b816c8106e618bc6be3af9eecb9de1841300281be9ca7,True
2026-08-06,UNP,not_selected,,0,2026-08-06-live-7902b1ea,0,2026-08-06 12:12:42,f85a639,2026-08-02,sha256:c816bf1344698a75571b816c8106e618bc6be3af9eecb9de1841300281be9ca7,True
2026-08-06,V,not_selected,,0,2026-08-06-live-7902b1ea,0,2026-08-06 12:12:42,f85a639,2026-08-02,sha256:c816bf1344698a75571b816c8106e618bc6be3af9eecb9de1841300281be9ca7,True
2026-08-06,WFC,not_selected,,0,2026-08-06-live-7902b1ea,0,2026-08-06 12:12:42,f85a639,2026-08-02,sha256:c816bf1344698a75571b816c8106e618bc6be3af9eecb9de1841300281be9ca7,True
2026-08-06,WMB,not_selected,,0,2026-08-06-live-7902b1ea,0,2026-08-06 12:12:42,f85a639,2026-08-02,sha256:c816bf1344698a75571b816c8106e618bc6be3af9eecb9de1841300281be9ca7,True
2026-08-06,WMT,not_selected,,0,2026-08-06-live-7902b1ea,0,2026-08-06 12:12:42,f85a639,2026-08-02,sha256:c816bf1344698a75571b816c8106e618bc6be3af9eecb9de1841300281be9ca7,True
2026-08-06,XLF,not_selected,,0,2026-08-06-live-7902b1ea,0,2026-08-06 12:12:42,f85a639,2026-08-02,sha256:c816bf1344698a75571b816c8106e618bc6be3af9eecb9de1841300281be9ca7,True
2026-08-06,XLI,not_selected,,0,2026-08-06-live-7902b1ea,0,2026-08-06 12:12:42,f85a639,2026-08-02,sha256:c816bf1344698a75571b816c8106e618bc6be3af9eecb9de1841300281be9ca7,True
2026-08-06,XLK,not_selected,,0,2026-08-06-live-7902b1ea,0,2026-08-06 12:12:42,f85a639,2026-08-02,sha256:c816bf1344698a75571b816c8106e618bc6be3af9eecb9de1841300281be9ca7,True
2026-08-06,XLU,not_selected,,0,2026-08-06-live-7902b1ea,0,2026-08-06 12:12:42,f85a639,2026-08-02,sha256:c816bf1344698a75571b816c8106e618bc6be3af9eecb9de1841300281be9ca7,True
2026-08-06,XLY,not_selected,,0,2026-08-06-live-7902b1ea,0,2026-08-06 12:12:42,f85a639,2026-08-02,sha256:c816bf1344698a75571b816c8106e618bc6be3af9eecb9de1841300281be9ca7,True
2026-08-06,ZM,not_selected,,0,2026-08-06-live-7902b1ea,0,2026-08-06 12:12:42,f85a639,2026-08-02,sha256:c816bf1344698a75571b816c8106e618bc6be3af9eecb9de1841300281be9ca7,True
2026-08-06,AAPL,not_selected,,0,2026-08-06-live-de94bd1a,0,2026-08-06 21:06:30,f85a639,2026-08-02,sha256:c816bf1344698a75571b816c8106e618bc6be3af9eecb9de1841300281be9ca7,True
2026-08-06,ABBV,not_selected,,0,2026-08-06-live-de94bd1a,0,2026-08-06 21:06:30,f85a639,2026-08-02,sha256:c816bf1344698a75571b816c8106e618bc6be3af9eecb9de1841300281be9ca7,True
2026-08-06,ADI,not_selected,,0,2026-08-06-live-de94bd1a,0,2026-08-06 21:06:30,f85a639,2026-08-02,sha256:c816bf1344698a75571b816c8106e618bc6be3af9eecb9de1841300281be9ca7,True
2026-08-06,AEP,not_selected,,0,2026-08-06-live-de94bd1a,0,2026-08-06 21:06:30,f85a639,2026-08-02,sha256:c816bf1344698a75571b816c8106e618bc6be3af9eecb9de1841300281be9ca7,True
2026-08-06,AFRM,not_selected,,0,2026-08-06-live-de94bd1a,0,2026-08-06 21:06:30,f85a639,2026-08-02,sha256:c816bf1344698a75571b816c8106e618bc6be3af9eecb9de1841300281be9ca7,True
2026-08-06,AMZN,not_selected,,0,2026-08-06-live-de94bd1a,0,2026-08-06 21:06:30,f85a639,2026-08-02,sha256:c816bf1344698a75571b816c8106e618bc6be3af9eecb9de1841300281be9ca7,True
2026-08-06,APH,nonpositive_expected_return_no_long,,0,2026-08-06-live-de94bd1a,0,2026-08-06 21:06:30,f85a639,2026-08-02,sha256:c816bf1344698a75571b816c8106e618bc6be3af9eecb9de1841300281be9ca7,True
2026-08-06,ASML,not_selected,,0,2026-08-06-live-de94bd1a,0,2026-08-06 21:06:30,f85a639,2026-08-02,sha256:c816bf1344698a75571b816c8106e618bc6be3af9eecb9de1841300281be9ca7,True
2026-08-06,ATI,not_selected,,0,2026-08-06-live-de94bd1a,0,2026-08-06 21:06:30,f85a639,2026-08-02,sha256:c816bf1344698a75571b816c8106e618bc6be3af9eecb9de1841300281be9ca7,True
2026-08-06,AVGO,not_selected,,0,2026-08-06-live-de94bd1a,0,2026-08-06 21:06:30,f85a639,2026-08-02,sha256:c816bf1344698a75571b816c8106e618bc6be3af9eecb9de1841300281be9ca7,True
2026-08-06,AXP,not_selected,,0,2026-08-06-live-de94bd1a,0,2026-08-06 21:06:30,f85a639,2026-08-02,sha256:c816bf1344698a75571b816c8106e618bc6be3af9eecb9de1841300281be9ca7,True
2026-08-06,BA,not_selected,,0,2026-08-06-live-de94bd1a,0,2026-08-06 21:06:30,f85a639,2026-08-02,sha256:c816bf1344698a75571b816c8106e618bc6be3af9eecb9de1841300281be9ca7,True
2026-08-06,BAC,not_selected,,0,2026-08-06-live-de94bd1a,0,2026-08-06 21:06:30,f85a639,2026-08-02,sha256:c816bf1344698a75571b816c8106e618bc6be3af9eecb9de1841300281be9ca7,True
2026-08-06,BLK,not_selected,,0,2026-08-06-live-de94bd1a,0,2026-08-06 21:06:30,f85a639,2026-08-02,sha256:c816bf1344698a75571b816c8106e618bc6be3af9eecb9de1841300281be9ca7,True
2026-08-06,BWXT,not_selected,,0,2026-08-06-live-de94bd1a,0,2026-08-06 21:06:30,f85a639,2026-08-02,sha256:c816bf1344698a75571b816c8106e618bc6be3af9eecb9de1841300281be9ca7,True
2026-08-06,C,not_selected,,0,2026-08-06-live-de94bd1a,0,2026-08-06 21:06:30,f85a639,2026-08-02,sha256:c816bf1344698a75571b816c8106e618bc6be3af9eecb9de1841300281be9ca7,True
2026-08-06,CAT,not_selected,,0,2026-08-06-live-de94bd1a,0,2026-08-06 21:06:30,f85a639,2026-08-02,sha256:c816bf1344698a75571b816c8106e618bc6be3af9eecb9de1841300281be9ca7,True
2026-08-06,CMG,not_selected,,0,2026-08-06-live-de94bd1a,0,2026-08-06 21:06:30,f85a639,2026-08-02,sha256:c816bf1344698a75571b816c8106e618bc6be3af9eecb9de1841300281be9ca7,True
2026-08-06,CRM,not_selected,,0,2026-08-06-live-de94bd1a,0,2026-08-06 21:06:30,f85a639,2026-08-02,sha256:c816bf1344698a75571b816c8106e618bc6be3af9eecb9de1841300281be9ca7,True
2026-08-06,CRWD,correlation,,0,2026-08-06-live-de94bd1a,0,2026-08-06 21:06:30,f85a639,2026-08-02,sha256:c816bf1344698a75571b816c8106e618bc6be3af9eecb9de1841300281be9ca7,True
2026-08-06,CVS,not_selected,,0,2026-08-06-live-de94bd1a,0,2026-08-06 21:06:30,f85a639,2026-08-02,sha256:c816bf1344698a75571b816c8106e618bc6be3af9eecb9de1841300281be9ca7,True
2026-08-06,CVX,not_selected,,0,2026-08-06-live-de94bd1a,0,2026-08-06 21:06:30,f85a639,2026-08-02,sha256:c816bf1344698a75571b816c8106e618bc6be3af9eecb9de1841300281be9ca7,True
2026-08-06,D,not_selected,,0,2026-08-06-live-de94bd1a,0,2026-08-06 21:06:30,f85a639,2026-08-02,sha256:c816bf1344698a75571b816c8106e618bc6be3af9eecb9de1841300281be9ca7,True
2026-08-06,DE,not_selected,,0,2026-08-06-live-de94bd1a,0,2026-08-06 21:06:30,f85a639,2026-08-02,sha256:c816bf1344698a75571b816c8106e618bc6be3af9eecb9de1841300281be9ca7,True
2026-08-06,DLR,not_selected,,0,2026-08-06-live-de94bd1a,0,2026-08-06 21:06:30,f85a639,2026-08-02,sha256:c816bf1344698a75571b816c8106e618bc6be3af9eecb9de1841300281be9ca7,True
2026-08-06,DUK,not_selected,,0,2026-08-06-live-de94bd1a,0,2026-08-06 21:06:30,f85a639,2026-08-02,sha256:c816bf1344698a75571b816c8106e618bc6be3af9eecb9de1841300281be9ca7,True
2026-08-06,EME,not_selected,,0,2026-08-06-live-de94bd1a,0,2026-08-06 21:06:30,f85a639,2026-08-02,sha256:c816bf1344698a75571b816c8106e618bc6be3af9eecb9de1841300281be9ca7,True
2026-08-06,EMR,not_selected,,0,2026-08-06-live-de94bd1a,0,2026-08-06 21:06:30,f85a639,2026-08-02,sha256:c816bf1344698a75571b816c8106e618bc6be3af9eecb9de1841300281be9ca7,True
2026-08-06,EOG,not_selected,,0,2026-08-06-live-de94bd1a,0,2026-08-06 21:06:30,f85a639,2026-08-02,sha256:c816bf1344698a75571b816c8106e618bc6be3af9eecb9de1841300281be9ca7,True
2026-08-06,EQIX,not_selected,,0,2026-08-06-live-de94bd1a,0,2026-08-06 21:06:30,f85a639,2026-08-02,sha256:c816bf1344698a75571b816c8106e618bc6be3af9eecb9de1841300281be9ca7,True
2026-08-06,ETN,not_selected,,0,2026-08-06-live-de94bd1a,0,2026-08-06 21:06:30,f85a639,2026-08-02,sha256:c816bf1344698a75571b816c8106e618bc6be3af9eecb9de1841300281be9ca7,True
2026-08-06,FDX,not_selected,,0,2026-08-06-live-de94bd1a,0,2026-08-06 21:06:30,f85a639,2026-08-02,sha256:c816bf1344698a75571b816c8106e618bc6be3af9eecb9de1841300281be9ca7,True
2026-08-06,FTNT,not_selected,,0,2026-08-06-live-de94bd1a,0,2026-08-06 21:06:30,f85a639,2026-08-02,sha256:c816bf1344698a75571b816c8106e618bc6be3af9eecb9de1841300281be9ca7,True
2026-08-06,GE,not_selected,,0,2026-08-06-live-de94bd1a,0,2026-08-06 21:06:30,f85a639,2026-08-02,sha256:c816bf1344698a75571b816c8106e618bc6be3af9eecb9de1841300281be9ca7,True
2026-08-06,GLD,not_selected,,0,2026-08-06-live-de94bd1a,0,2026-08-06 21:06:30,f85a639,2026-08-02,sha256:c816bf1344698a75571b816c8106e618bc6be3af9eecb9de1841300281be9ca7,True
2026-08-06,GM,not_selected,,0,2026-08-06-live-de94bd1a,0,2026-08-06 21:06:30,f85a639,2026-08-02,sha256:c816bf1344698a75571b816c8106e618bc6be3af9eecb9de1841300281be9ca7,True
2026-08-06,GRMN,not_selected,,0,2026-08-06-live-de94bd1a,0,2026-08-06 21:06:30,f85a639,2026-08-02,sha256:c816bf1344698a75571b816c8106e618bc6be3af9eecb9de1841300281be9ca7,True
2026-08-06,GS,not_selected,,0,2026-08-06-live-de94bd1a,0,2026-08-06 21:06:30,f85a639,2026-08-02,sha256:c816bf1344698a75571b816c8106e618bc6be3af9eecb9de1841300281be9ca7,True
2026-08-06,HLT,not_selected,,0,2026-08-06-live-de94bd1a,0,2026-08-06 21:06:30,f85a639,2026-08-02,sha256:c816bf1344698a75571b816c8106e618bc6be3af9eecb9de1841300281be9ca7,True
2026-08-06,JNJ,not_selected,,0,2026-08-06-live-de94bd1a,0,2026-08-06 21:06:30,f85a639,2026-08-02,sha256:c816bf1344698a75571b816c8106e618bc6be3af9eecb9de1841300281be9ca7,True
2026-08-06,JPM,not_selected,,0,2026-08-06-live-de94bd1a,0,2026-08-06 21:06:30,f85a639,2026-08-02,sha256:c816bf1344698a75571b816c8106e618bc6be3af9eecb9de1841300281be9ca7,True
2026-08-06,KO,not_selected,,0,2026-08-06-live-de94bd1a,0,2026-08-06 21:06:30,f85a639,2026-08-02,sha256:c816bf1344698a75571b816c8106e618bc6be3af9eecb9de1841300281be9ca7,True
2026-08-06,LHX,not_selected,,0,2026-08-06-live-de94bd1a,0,2026-08-06 21:06:30,f85a639,2026-08-02,sha256:c816bf1344698a75571b816c8106e618bc6be3af9eecb9de1841300281be9ca7,True
2026-08-06,LLY,not_selected,,0,2026-08-06-live-de94bd1a,0,2026-08-06 21:06:30,f85a639,2026-08-02,sha256:c816bf1344698a75571b816c8106e618bc6be3af9eecb9de1841300281be9ca7,True
2026-08-06,LMT,not_selected,,0,2026-08-06-live-de94bd1a,0,2026-08-06 21:06:30,f85a639,2026-08-02,sha256:c816bf1344698a75571b816c8106e618bc6be3af9eecb9de1841300281be9ca7,True
2026-08-06,MA,not_selected,,0,2026-08-06-live-de94bd1a,0,2026-08-06 21:06:30,f85a639,2026-08-02,sha256:c816bf1344698a75571b816c8106e618bc6be3af9eecb9de1841300281be9ca7,True
2026-08-06,MCHP,not_selected,,0,2026-08-06-live-de94bd1a,0,2026-08-06 21:06:30,f85a639,2026-08-02,sha256:c816bf1344698a75571b816c8106e618bc6be3af9eecb9de1841300281be9ca7,True
2026-08-06,META,not_selected,,0,2026-08-06-live-de94bd1a,0,2026-08-06 21:06:30,f85a639,2026-08-02,sha256:c816bf1344698a75571b816c8106e618bc6be3af9eecb9de1841300281be9ca7,True
2026-08-06,MMM,not_selected,,0,2026-08-06-live-de94bd1a,0,2026-08-06 21:06:30,f85a639,2026-08-02,sha256:c816bf1344698a75571b816c8106e618bc6be3af9eecb9de1841300281be9ca7,True
2026-08-06,MO,not_selected,,0,2026-08-06-live-de94bd1a,0,2026-08-06 21:06:30,f85a639,2026-08-02,sha256:c816bf1344698a75571b816c8106e618bc6be3af9eecb9de1841300281be9ca7,True
2026-08-06,MRK,not_selected,,0,2026-08-06-live-de94bd1a,0,2026-08-06 21:06:30,f85a639,2026-08-02,sha256:c816bf1344698a75571b816c8106e618bc6be3af9eecb9de1841300281be9ca7,True
2026-08-06,MS,not_selected,,0,2026-08-06-live-de94bd1a,0,2026-08-06 21:06:30,f85a639,2026-08-02,sha256:c816bf1344698a75571b816c8106e618bc6be3af9eecb9de1841300281be9ca7,True
2026-08-06,MSFT,not_selected,,0,2026-08-06-live-de94bd1a,0,2026-08-06 21:06:30,f85a639,2026-08-02,sha256:c816bf1344698a75571b816c8106e618bc6be3af9eecb9de1841300281be9ca7,True
2026-08-06,NEE,not_selected,,0,2026-08-06-live-de94bd1a,0,2026-08-06 21:06:30,f85a639,2026-08-02,sha256:c816bf1344698a75571b816c8106e618bc6be3af9eecb9de1841300281be9ca7,True
2026-08-06,NEM,not_selected,,0,2026-08-06-live-de94bd1a,0,2026-08-06 21:06:30,f85a639,2026-08-02,sha256:c816bf1344698a75571b816c8106e618bc6be3af9eecb9de1841300281be9ca7,True
2026-08-06,NET,not_selected,,0,2026-08-06-live-de94bd1a,0,2026-08-06 21:06:30,f85a639,2026-08-02,sha256:c816bf1344698a75571b816c8106e618bc6be3af9eecb9de1841300281be9ca7,True
2026-08-06,NVDA,not_selected,,0,2026-08-06-live-de94bd1a,0,2026-08-06 21:06:30,f85a639,2026-08-02,sha256:c816bf1344698a75571b816c8106e618bc6be3af9eecb9de1841300281be9ca7,True
2026-08-06,OXY,not_selected,,0,2026-08-06-live-de94bd1a,0,2026-08-06 21:06:30,f85a639,2026-08-02,sha256:c816bf1344698a75571b816c8106e618bc6be3af9eecb9de1841300281be9ca7,True
2026-08-06,PG,not_selected,,0,2026-08-06-live-de94bd1a,0,2026-08-06 21:06:30,f85a639,2026-08-02,sha256:c816bf1344698a75571b816c8106e618bc6be3af9eecb9de1841300281be9ca7,True
2026-08-06,PH,not_selected,,0,2026-08-06-live-de94bd1a,0,2026-08-06 21:06:30,f85a639,2026-08-02,sha256:c816bf1344698a75571b816c8106e618bc6be3af9eecb9de1841300281be9ca7,True
2026-08-06,PM,not_selected,,0,2026-08-06-live-de94bd1a,0,2026-08-06 21:06:30,f85a639,2026-08-02,sha256:c816bf1344698a75571b816c8106e618bc6be3af9eecb9de1841300281be9ca7,True
2026-08-06,PNC,not_selected,,0,2026-08-06-live-de94bd1a,0,2026-08-06 21:06:30,f85a639,2026-08-02,sha256:c816bf1344698a75571b816c8106e618bc6be3af9eecb9de1841300281be9ca7,True
2026-08-06,PYPL,not_selected,,0,2026-08-06-live-de94bd1a,0,2026-08-06 21:06:30,f85a639,2026-08-02,sha256:c816bf1344698a75571b816c8106e618bc6be3af9eecb9de1841300281be9ca7,True
2026-08-06,ROST,not_selected,,0,2026-08-06-live-de94bd1a,0,2026-08-06 21:06:30,f85a639,2026-08-02,sha256:c816bf1344698a75571b816c8106e618bc6be3af9eecb9de1841300281be9ca7,True
2026-08-06,RTX,not_selected,,0,2026-08-06-live-de94bd1a,0,2026-08-06 21:06:30,f85a639,2026-08-02,sha256:c816bf1344698a75571b816c8106e618bc6be3af9eecb9de1841300281be9ca7,True
2026-08-06,SCHW,not_selected,,0,2026-08-06-live-de94bd1a,0,2026-08-06 21:06:30,f85a639,2026-08-02,sha256:c816bf1344698a75571b816c8106e618bc6be3af9eecb9de1841300281be9ca7,True
2026-08-06,SO,not_selected,,0,2026-08-06-live-de94bd1a,0,2026-08-06 21:06:30,f85a639,2026-08-02,sha256:c816bf1344698a75571b816c8106e618bc6be3af9eecb9de1841300281be9ca7,True
2026-08-06,SPG,not_selected,,0,2026-08-06-live-de94bd1a,0,2026-08-06 21:06:30,f85a639,2026-08-02,sha256:c816bf1344698a75571b816c8106e618bc6be3af9eecb9de1841300281be9ca7,True
2026-08-06,SPOT,not_selected,,0,2026-08-06-live-de94bd1a,0,2026-08-06 21:06:30,f85a639,2026-08-02,sha256:c816bf1344698a75571b816c8106e618bc6be3af9eecb9de1841300281be9ca7,True
2026-08-06,TJX,not_selected,,0,2026-08-06-live-de94bd1a,0,2026-08-06 21:06:30,f85a639,2026-08-02,sha256:c816bf1344698a75571b816c8106e618bc6be3af9eecb9de1841300281be9ca7,True
2026-08-06,TMO,not_selected,,0,2026-08-06-live-de94bd1a,0,2026-08-06 21:06:30,f85a639,2026-08-02,sha256:c816bf1344698a75571b816c8106e618bc6be3af9eecb9de1841300281be9ca7,True
2026-08-06,TSM,not_selected,,0,2026-08-06-live-de94bd1a,0,2026-08-06 21:06:30,f85a639,2026-08-02,sha256:c816bf1344698a75571b816c8106e618bc6be3af9eecb9de1841300281be9ca7,True
2026-08-06,TXN,not_selected,,0,2026-08-06-live-de94bd1a,0,2026-08-06 21:06:30,f85a639,2026-08-02,sha256:c816bf1344698a75571b816c8106e618bc6be3af9eecb9de1841300281be9ca7,True
2026-08-06,UNH,not_selected,,0,2026-08-06-live-de94bd1a,0,2026-08-06 21:06:30,f85a639,2026-08-02,sha256:c816bf1344698a75571b816c8106e618bc6be3af9eecb9de1841300281be9ca7,True
2026-08-06,UNP,not_selected,,0,2026-08-06-live-de94bd1a,0,2026-08-06 21:06:30,f85a639,2026-08-02,sha256:c816bf1344698a75571b816c8106e618bc6be3af9eecb9de1841300281be9ca7,True
2026-08-06,V,not_selected,,0,2026-08-06-live-de94bd1a,0,2026-08-06 21:06:30,f85a639,2026-08-02,sha256:c816bf1344698a75571b816c8106e618bc6be3af9eecb9de1841300281be9ca7,True
2026-08-06,WFC,not_selected,,0,2026-08-06-live-de94bd1a,0,2026-08-06 21:06:30,f85a639,2026-08-02,sha256:c816bf1344698a75571b816c8106e618bc6be3af9eecb9de1841300281be9ca7,True
2026-08-06,WMB,not_selected,,0,2026-08-06-live-de94bd1a,0,2026-08-06 21:06:30,f85a639,2026-08-02,sha256:c816bf1344698a75571b816c8106e618bc6be3af9eecb9de1841300281be9ca7,True
2026-08-06,WMT,not_selected,,0,2026-08-06-live-de94bd1a,0,2026-08-06 21:06:30,f85a639,2026-08-02,sha256:c816bf1344698a75571b816c8106e618bc6be3af9eecb9de1841300281be9ca7,True
2026-08-06,XLF,not_selected,,0,2026-08-06-live-de94bd1a,0,2026-08-06 21:06:30,f85a639,2026-08-02,sha256:c816bf1344698a75571b816c8106e618bc6be3af9eecb9de1841300281be9ca7,True
2026-08-06,XLI,not_selected,,0,2026-08-06-live-de94bd1a,0,2026-08-06 21:06:30,f85a639,2026-08-02,sha256:c816bf1344698a75571b816c8106e618bc6be3af9eecb9de1841300281be9ca7,True
2026-08-06,XLK,not_selected,,0,2026-08-06-live-de94bd1a,0,2026-08-06 21:06:30,f85a639,2026-08-02,sha256:c816bf1344698a75571b816c8106e618bc6be3af9eecb9de1841300281be9ca7,True
2026-08-06,XLU,not_selected,,0,2026-08-06-live-de94bd1a,0,2026-08-06 21:06:30,f85a639,2026-08-02,sha256:c816bf1344698a75571b816c8106e618bc6be3af9eecb9de1841300281be9ca7,True
2026-08-06,XLY,not_selected,,0,2026-08-06-live-de94bd1a,0,2026-08-06 21:06:30,f85a639,2026-08-02,sha256:c816bf1344698a75571b816c8106e618bc6be3af9eecb9de1841300281be9ca7,True
2026-08-06,ZM,not_selected,,0,2026-08-06-live-de94bd1a,0,2026-08-06 21:06:30,f85a639,2026-08-02,sha256:c816bf1344698a75571b816c8106e618bc6be3af9eecb9de1841300281be9ca7,True
2026-08-06,AAPL,not_selected,,0,2026-08-06-live-b01e4201,1,2026-08-07 03:34:51,f85a639,2026-08-02,sha256:c816bf1344698a75571b816c8106e618bc6be3af9eecb9de1841300281be9ca7,True
2026-08-06,ABBV,not_selected,,0,2026-08-06-live-b01e4201,1,2026-08-07 03:34:51,f85a639,2026-08-02,sha256:c816bf1344698a75571b816c8106e618bc6be3af9eecb9de1841300281be9ca7,True
2026-08-06,ADI,not_selected,,0,2026-08-06-live-b01e4201,1,2026-08-07 03:34:51,f85a639,2026-08-02,sha256:c816bf1344698a75571b816c8106e618bc6be3af9eecb9de1841300281be9ca7,True
2026-08-06,AEP,not_selected,,0,2026-08-06-live-b01e4201,1,2026-08-07 03:34:51,f85a639,2026-08-02,sha256:c816bf1344698a75571b816c8106e618bc6be3af9eecb9de1841300281be9ca7,True
2026-08-06,AFRM,not_selected,,0,2026-08-06-live-b01e4201,1,2026-08-07 03:34:51,f85a639,2026-08-02,sha256:c816bf1344698a75571b816c8106e618bc6be3af9eecb9de1841300281be9ca7,True
2026-08-06,AMZN,not_selected,,0,2026-08-06-live-b01e4201,1,2026-08-07 03:34:51,f85a639,2026-08-02,sha256:c816bf1344698a75571b816c8106e618bc6be3af9eecb9de1841300281be9ca7,True
2026-08-06,APH,nonpositive_expected_return_no_long,,0,2026-08-06-live-b01e4201,1,2026-08-07 03:34:51,f85a639,2026-08-02,sha256:c816bf1344698a75571b816c8106e618bc6be3af9eecb9de1841300281be9ca7,True
2026-08-06,ASML,not_selected,,0,2026-08-06-live-b01e4201,1,2026-08-07 03:34:51,f85a639,2026-08-02,sha256:c816bf1344698a75571b816c8106e618bc6be3af9eecb9de1841300281be9ca7,True
2026-08-06,ATI,not_selected,,0,2026-08-06-live-b01e4201,1,2026-08-07 03:34:51,f85a639,2026-08-02,sha256:c816bf1344698a75571b816c8106e618bc6be3af9eecb9de1841300281be9ca7,True
2026-08-06,AVGO,not_selected,,0,2026-08-06-live-b01e4201,1,2026-08-07 03:34:51,f85a639,2026-08-02,sha256:c816bf1344698a75571b816c8106e618bc6be3af9eecb9de1841300281be9ca7,True
2026-08-06,AXP,not_selected,,0,2026-08-06-live-b01e4201,1,2026-08-07 03:34:51,f85a639,2026-08-02,sha256:c816bf1344698a75571b816c8106e618bc6be3af9eecb9de1841300281be9ca7,True
2026-08-06,BA,not_selected,,0,2026-08-06-live-b01e4201,1,2026-08-07 03:34:51,f85a639,2026-08-02,sha256:c816bf1344698a75571b816c8106e618bc6be3af9eecb9de1841300281be9ca7,True
2026-08-06,BAC,not_selected,,0,2026-08-06-live-b01e4201,1,2026-08-07 03:34:51,f85a639,2026-08-02,sha256:c816bf1344698a75571b816c8106e618bc6be3af9eecb9de1841300281be9ca7,True
2026-08-06,BLK,not_selected,,0,2026-08-06-live-b01e4201,1,2026-08-07 03:34:51,f85a639,2026-08-02,sha256:c816bf1344698a75571b816c8106e618bc6be3af9eecb9de1841300281be9ca7,True
2026-08-06,BWXT,not_selected,,0,2026-08-06-live-b01e4201,1,2026-08-07 03:34:51,f85a639,2026-08-02,sha256:c816bf1344698a75571b816c8106e618bc6be3af9eecb9de1841300281be9ca7,True
2026-08-06,C,not_selected,,0,2026-08-06-live-b01e4201,1,2026-08-07 03:34:51,f85a639,2026-08-02,sha256:c816bf1344698a75571b816c8106e618bc6be3af9eecb9de1841300281be9ca7,True
2026-08-06,CAT,not_selected,,0,2026-08-06-live-b01e4201,1,2026-08-07 03:34:51,f85a639,2026-08-02,sha256:c816bf1344698a75571b816c8106e618bc6be3af9eecb9de1841300281be9ca7,True
2026-08-06,CMG,not_selected,,0,2026-08-06-live-b01e4201,1,2026-08-07 03:34:51,f85a639,2026-08-02,sha256:c816bf1344698a75571b816c8106e618bc6be3af9eecb9de1841300281be9ca7,True
2026-08-06,CRM,not_selected,,0,2026-08-06-live-b01e4201,1,2026-08-07 03:34:51,f85a639,2026-08-02,sha256:c816bf1344698a75571b816c8106e618bc6be3af9eecb9de1841300281be9ca7,True
2026-08-06,CRWD,correlation,,0,2026-08-06-live-b01e4201,1,2026-08-07 03:34:51,f85a639,2026-08-02,sha256:c816bf1344698a75571b816c8106e618bc6be3af9eecb9de1841300281be9ca7,True
2026-08-06,CVS,not_selected,,0,2026-08-06-live-b01e4201,1,2026-08-07 03:34:51,f85a639,2026-08-02,sha256:c816bf1344698a75571b816c8106e618bc6be3af9eecb9de1841300281be9ca7,True
2026-08-06,CVX,not_selected,,0,2026-08-06-live-b01e4201,1,2026-08-07 03:34:51,f85a639,2026-08-02,sha256:c816bf1344698a75571b816c8106e618bc6be3af9eecb9de1841300281be9ca7,True
2026-08-06,D,not_selected,,0,2026-08-06-live-b01e4201,1,2026-08-07 03:34:51,f85a639,2026-08-02,sha256:c816bf1344698a75571b816c8106e618bc6be3af9eecb9de1841300281be9ca7,True
2026-08-06,DE,not_selected,,0,2026-08-06-live-b01e4201,1,2026-08-07 03:34:51,f85a639,2026-08-02,sha256:c816bf1344698a75571b816c8106e618bc6be3af9eecb9de1841300281be9ca7,True
2026-08-06,DLR,not_selected,,0,2026-08-06-live-b01e4201,1,2026-08-07 03:34:51,f85a639,2026-08-02,sha256:c816bf1344698a75571b816c8106e618bc6be3af9eecb9de1841300281be9ca7,True
2026-08-06,DUK,not_selected,,0,2026-08-06-live-b01e4201,1,2026-08-07 03:34:51,f85a639,2026-08-02,sha256:c816bf1344698a75571b816c8106e618bc6be3af9eecb9de1841300281be9ca7,True
2026-08-06,EME,not_selected,,0,2026-08-06-live-b01e4201,1,2026-08-07 03:34:51,f85a639,2026-08-02,sha256:c816bf1344698a75571b816c8106e618bc6be3af9eecb9de1841300281be9ca7,True
2026-08-06,EMR,not_selected,,0,2026-08-06-live-b01e4201,1,2026-08-07 03:34:51,f85a639,2026-08-02,sha256:c816bf1344698a75571b816c8106e618bc6be3af9eecb9de1841300281be9ca7,True
2026-08-06,EOG,not_selected,,0,2026-08-06-live-b01e4201,1,2026-08-07 03:34:51,f85a639,2026-08-02,sha256:c816bf1344698a75571b816c8106e618bc6be3af9eecb9de1841300281be9ca7,True
2026-08-06,EQIX,not_selected,,0,2026-08-06-live-b01e4201,1,2026-08-07 03:34:51,f85a639,2026-08-02,sha256:c816bf1344698a75571b816c8106e618bc6be3af9eecb9de1841300281be9ca7,True
2026-08-06,ETN,not_selected,,0,2026-08-06-live-b01e4201,1,2026-08-07 03:34:51,f85a639,2026-08-02,sha256:c816bf1344698a75571b816c8106e618bc6be3af9eecb9de1841300281be9ca7,True
2026-08-06,FDX,not_selected,,0,2026-08-06-live-b01e4201,1,2026-08-07 03:34:51,f85a639,2026-08-02,sha256:c816bf1344698a75571b816c8106e618bc6be3af9eecb9de1841300281be9ca7,True
2026-08-06,FTNT,not_selected,,0,2026-08-06-live-b01e4201,1,2026-08-07 03:34:51,f85a639,2026-08-02,sha256:c816bf1344698a75571b816c8106e618bc6be3af9eecb9de1841300281be9ca7,True
2026-08-06,GE,not_selected,,0,2026-08-06-live-b01e4201,1,2026-08-07 03:34:51,f85a639,2026-08-02,sha256:c816bf1344698a75571b816c8106e618bc6be3af9eecb9de1841300281be9ca7,True
2026-08-06,GLD,not_selected,,0,2026-08-06-live-b01e4201,1,2026-08-07 03:34:51,f85a639,2026-08-02,sha256:c816bf1344698a75571b816c8106e618bc6be3af9eecb9de1841300281be9ca7,True
2026-08-06,GM,not_selected,,0,2026-08-06-live-b01e4201,1,2026-08-07 03:34:51,f85a639,2026-08-02,sha256:c816bf1344698a75571b816c8106e618bc6be3af9eecb9de1841300281be9ca7,True
2026-08-06,GRMN,not_selected,,0,2026-08-06-live-b01e4201,1,2026-08-07 03:34:51,f85a639,2026-08-02,sha256:c816bf1344698a75571b816c8106e618bc6be3af9eecb9de1841300281be9ca7,True
2026-08-06,GS,not_selected,,0,2026-08-06-live-b01e4201,1,2026-08-07 03:34:51,f85a639,2026-08-02,sha256:c816bf1344698a75571b816c8106e618bc6be3af9eecb9de1841300281be9ca7,True
2026-08-06,HLT,not_selected,,0,2026-08-06-live-b01e4201,1,2026-08-07 03:34:51,f85a639,2026-08-02,sha256:c816bf1344698a75571b816c8106e618bc6be3af9eecb9de1841300281be9ca7,True
2026-08-06,JNJ,not_selected,,0,2026-08-06-live-b01e4201,1,2026-08-07 03:34:51,f85a639,2026-08-02,sha256:c816bf1344698a75571b816c8106e618bc6be3af9eecb9de1841300281be9ca7,True
2026-08-06,JPM,not_selected,,0,2026-08-06-live-b01e4201,1,2026-08-07 03:34:51,f85a639,2026-08-02,sha256:c816bf1344698a75571b816c8106e618bc6be3af9eecb9de1841300281be9ca7,True
2026-08-06,KO,not_selected,,0,2026-08-06-live-b01e4201,1,2026-08-07 03:34:51,f85a639,2026-08-02,sha256:c816bf1344698a75571b816c8106e618bc6be3af9eecb9de1841300281be9ca7,True
2026-08-06,LHX,not_selected,,0,2026-08-06-live-b01e4201,1,2026-08-07 03:34:51,f85a639,2026-08-02,sha256:c816bf1344698a75571b816c8106e618bc6be3af9eecb9de1841300281be9ca7,True
2026-08-06,LLY,not_selected,,0,2026-08-06-live-b01e4201,1,2026-08-07 03:34:51,f85a639,2026-08-02,sha256:c816bf1344698a75571b816c8106e618bc6be3af9eecb9de1841300281be9ca7,True
2026-08-06,LMT,not_selected,,0,2026-08-06-live-b01e4201,1,2026-08-07 03:34:51,f85a639,2026-08-02,sha256:c816bf1344698a75571b816c8106e618bc6be3af9eecb9de1841300281be9ca7,True
2026-08-06,MA,not_selected,,0,2026-08-06-live-b01e4201,1,2026-08-07 03:34:51,f85a639,2026-08-02,sha256:c816bf1344698a75571b816c8106e618bc6be3af9eecb9de1841300281be9ca7,True
2026-08-06,MCHP,not_selected,,0,2026-08-06-live-b01e4201,1,2026-08-07 03:34:51,f85a639,2026-08-02,sha256:c816bf1344698a75571b816c8106e618bc6be3af9eecb9de1841300281be9ca7,True
2026-08-06,META,not_selected,,0,2026-08-06-live-b01e4201,1,2026-08-07 03:34:51,f85a639,2026-08-02,sha256:c816bf1344698a75571b816c8106e618bc6be3af9eecb9de1841300281be9ca7,True
2026-08-06,MMM,not_selected,,0,2026-08-06-live-b01e4201,1,2026-08-07 03:34:51,f85a639,2026-08-02,sha256:c816bf1344698a75571b816c8106e618bc6be3af9eecb9de1841300281be9ca7,True
2026-08-06,MO,not_selected,,0,2026-08-06-live-b01e4201,1,2026-08-07 03:34:51,f85a639,2026-08-02,sha256:c816bf1344698a75571b816c8106e618bc6be3af9eecb9de1841300281be9ca7,True
2026-08-06,MRK,not_selected,,0,2026-08-06-live-b01e4201,1,2026-08-07 03:34:51,f85a639,2026-08-02,sha256:c816bf1344698a75571b816c8106e618bc6be3af9eecb9de1841300281be9ca7,True
2026-08-06,MS,not_selected,,0,2026-08-06-live-b01e4201,1,2026-08-07 03:34:51,f85a639,2026-08-02,sha256:c816bf1344698a75571b816c8106e618bc6be3af9eecb9de1841300281be9ca7,True
2026-08-06,MSFT,not_selected,,0,2026-08-06-live-b01e4201,1,2026-08-07 03:34:51,f85a639,2026-08-02,sha256:c816bf1344698a75571b816c8106e618bc6be3af9eecb9de1841300281be9ca7,True
2026-08-06,NEE,not_selected,,0,2026-08-06-live-b01e4201,1,2026-08-07 03:34:51,f85a639,2026-08-02,sha256:c816bf1344698a75571b816c8106e618bc6be3af9eecb9de1841300281be9ca7,True
2026-08-06,NEM,not_selected,,0,2026-08-06-live-b01e4201,1,2026-08-07 03:34:51,f85a639,2026-08-02,sha256:c816bf1344698a75571b816c8106e618bc6be3af9eecb9de1841300281be9ca7,True
2026-08-06,NET,not_selected,,0,2026-08-06-live-b01e4201,1,2026-08-07 03:34:51,f85a639,2026-08-02,sha256:c816bf1344698a75571b816c8106e618bc6be3af9eecb9de1841300281be9ca7,True
2026-08-06,NVDA,not_selected,,0,2026-08-06-live-b01e4201,1,2026-08-07 03:34:51,f85a639,2026-08-02,sha256:c816bf1344698a75571b816c8106e618bc6be3af9eecb9de1841300281be9ca7,True
2026-08-06,OXY,not_selected,,0,2026-08-06-live-b01e4201,1,2026-08-07 03:34:51,f85a639,2026-08-02,sha256:c816bf1344698a75571b816c8106e618bc6be3af9eecb9de1841300281be9ca7,True
2026-08-06,PG,not_selected,,0,2026-08-06-live-b01e4201,1,2026-08-07 03:34:51,f85a639,2026-08-02,sha256:c816bf1344698a75571b816c8106e618bc6be3af9eecb9de1841300281be9ca7,True
2026-08-06,PH,not_selected,,0,2026-08-06-live-b01e4201,1,2026-08-07 03:34:51,f85a639,2026-08-02,sha256:c816bf1344698a75571b816c8106e618bc6be3af9eecb9de1841300281be9ca7,True
2026-08-06,PM,not_selected,,0,2026-08-06-live-b01e4201,1,2026-08-07 03:34:51,f85a639,2026-08-02,sha256:c816bf1344698a75571b816c8106e618bc6be3af9eecb9de1841300281be9ca7,True
2026-08-06,PNC,not_selected,,0,2026-08-06-live-b01e4201,1,2026-08-07 03:34:51,f85a639,2026-08-02,sha256:c816bf1344698a75571b816c8106e618bc6be3af9eecb9de1841300281be9ca7,True
2026-08-06,PYPL,not_selected,,0,2026-08-06-live-b01e4201,1,2026-08-07 03:34:51,f85a639,2026-08-02,sha256:c816bf1344698a75571b816c8106e618bc6be3af9eecb9de1841300281be9ca7,True
2026-08-06,ROST,not_selected,,0,2026-08-06-live-b01e4201,1,2026-08-07 03:34:51,f85a639,2026-08-02,sha256:c816bf1344698a75571b816c8106e618bc6be3af9eecb9de1841300281be9ca7,True
2026-08-06,RTX,not_selected,,0,2026-08-06-live-b01e4201,1,2026-08-07 03:34:51,f85a639,2026-08-02,sha256:c816bf1344698a75571b816c8106e618bc6be3af9eecb9de1841300281be9ca7,True
2026-08-06,SCHW,not_selected,,0,2026-08-06-live-b01e4201,1,2026-08-07 03:34:51,f85a639,2026-08-02,sha256:c816bf1344698a75571b816c8106e618bc6be3af9eecb9de1841300281be9ca7,True
2026-08-06,SO,not_selected,,0,2026-08-06-live-b01e4201,1,2026-08-07 03:34:51,f85a639,2026-08-02,sha256:c816bf1344698a75571b816c8106e618bc6be3af9eecb9de1841300281be9ca7,True
2026-08-06,SPG,not_selected,,0,2026-08-06-live-b01e4201,1,2026-08-07 03:34:51,f85a639,2026-08-02,sha256:c816bf1344698a75571b816c8106e618bc6be3af9eecb9de1841300281be9ca7,True
2026-08-06,SPOT,not_selected,,0,2026-08-06-live-b01e4201,1,2026-08-07 03:34:51,f85a639,2026-08-02,sha256:c816bf1344698a75571b816c8106e618bc6be3af9eecb9de1841300281be9ca7,True
2026-08-06,TJX,not_selected,,0,2026-08-06-live-b01e4201,1,2026-08-07 03:34:51,f85a639,2026-08-02,sha256:c816bf1344698a75571b816c8106e618bc6be3af9eecb9de1841300281be9ca7,True
2026-08-06,TMO,not_selected,,0,2026-08-06-live-b01e4201,1,2026-08-07 03:34:51,f85a639,2026-08-02,sha256:c816bf1344698a75571b816c8106e618bc6be3af9eecb9de1841300281be9ca7,True
2026-08-06,TSM,not_selected,,0,2026-08-06-live-b01e4201,1,2026-08-07 03:34:51,f85a639,2026-08-02,sha256:c816bf1344698a75571b816c8106e618bc6be3af9eecb9de1841300281be9ca7,True
2026-08-06,TXN,not_selected,,0,2026-08-06-live-b01e4201,1,2026-08-07 03:34:51,f85a639,2026-08-02,sha256:c816bf1344698a75571b816c8106e618bc6be3af9eecb9de1841300281be9ca7,True
2026-08-06,UNH,not_selected,,0,2026-08-06-live-b01e4201,1,2026-08-07 03:34:51,f85a639,2026-08-02,sha256:c816bf1344698a75571b816c8106e618bc6be3af9eecb9de1841300281be9ca7,True
2026-08-06,UNP,not_selected,,0,2026-08-06-live-b01e4201,1,2026-08-07 03:34:51,f85a639,2026-08-02,sha256:c816bf1344698a75571b816c8106e618bc6be3af9eecb9de1841300281be9ca7,True
2026-08-06,V,not_selected,,0,2026-08-06-live-b01e4201,1,2026-08-07 03:34:51,f85a639,2026-08-02,sha256:c816bf1344698a75571b816c8106e618bc6be3af9eecb9de1841300281be9ca7,True
2026-08-06,WFC,not_selected,,0,2026-08-06-live-b01e4201,1,2026-08-07 03:34:51,f85a639,2026-08-02,sha256:c816bf1344698a75571b816c8106e618bc6be3af9eecb9de1841300281be9ca7,True
2026-08-06,WMB,not_selected,,0,2026-08-06-live-b01e4201,1,2026-08-07 03:34:51,f85a639,2026-08-02,sha256:c816bf1344698a75571b816c8106e618bc6be3af9eecb9de1841300281be9ca7,True
2026-08-06,WMT,not_selected,,0,2026-08-06-live-b01e4201,1,2026-08-07 03:34:51,f85a639,2026-08-02,sha256:c816bf1344698a75571b816c8106e618bc6be3af9eecb9de1841300281be9ca7,True
2026-08-06,XLF,not_selected,,0,2026-08-06-live-b01e4201,1,2026-08-07 03:34:51,f85a639,2026-08-02,sha256:c816bf1344698a75571b816c8106e618bc6be3af9eecb9de1841300281be9ca7,True
2026-08-06,XLI,not_selected,,0,2026-08-06-live-b01e4201,1,2026-08-07 03:34:51,f85a639,2026-08-02,sha256:c816bf1344698a75571b816c8106e618bc6be3af9eecb9de1841300281be9ca7,True
2026-08-06,XLK,not_selected,,0,2026-08-06-live-b01e4201,1,2026-08-07 03:34:51,f85a639,2026-08-02,sha256:c816bf1344698a75571b816c8106e618bc6be3af9eecb9de1841300281be9ca7,True
2026-08-06,XLU,not_selected,,0,2026-08-06-live-b01e4201,1,2026-08-07 03:34:51,f85a639,2026-08-02,sha256:c816bf1344698a75571b816c8106e618bc6be3af9eecb9de1841300281be9ca7,True
2026-08-06,XLY,not_selected,,0,2026-08-06-live-b01e4201,1,2026-08-07 03:34:51,f85a639,2026-08-02,sha256:c816bf1344698a75571b816c8106e618bc6be3af9eecb9de1841300281be9ca7,True
2026-08-06,ZM,not_selected,,0,2026-08-06-live-b01e4201,1,2026-08-07 03:34:51,f85a639,2026-08-02,sha256:c816bf1344698a75571b816c8106e618bc6be3af9eecb9de1841300281be9ca7,True
2026-08-07,AAPL,not_selected,,0,2026-08-07-live-1e3a1fb0,1,2026-08-07 21:06:30,f85a639,2026-08-02,sha256:c816bf1344698a75571b816c8106e618bc6be3af9eecb9de1841300281be9ca7,True
2026-08-07,ABBV,not_selected,,0,2026-08-07-live-1e3a1fb0,1,2026-08-07 21:06:30,f85a639,2026-08-02,sha256:c816bf1344698a75571b816c8106e618bc6be3af9eecb9de1841300281be9ca7,True
2026-08-07,ADI,not_selected,,0,2026-08-07-live-1e3a1fb0,1,2026-08-07 21:06:30,f85a639,2026-08-02,sha256:c816bf1344698a75571b816c8106e618bc6be3af9eecb9de1841300281be9ca7,True
2026-08-07,AEP,not_selected,,0,2026-08-07-live-1e3a1fb0,1,2026-08-07 21:06:30,f85a639,2026-08-02,sha256:c816bf1344698a75571b816c8106e618bc6be3af9eecb9de1841300281be9ca7,True
2026-08-07,AFRM,not_selected,,0,2026-08-07-live-1e3a1fb0,1,2026-08-07 21:06:30,f85a639,2026-08-02,sha256:c816bf1344698a75571b816c8106e618bc6be3af9eecb9de1841300281be9ca7,True
2026-08-07,AMZN,not_selected,,0,2026-08-07-live-1e3a1fb0,1,2026-08-07 21:06:30,f85a639,2026-08-02,sha256:c816bf1344698a75571b816c8106e618bc6be3af9eecb9de1841300281be9ca7,True
2026-08-07,ANET,not_selected,,0,2026-08-07-live-1e3a1fb0,1,2026-08-07 21:06:30,f85a639,2026-08-02,sha256:c816bf1344698a75571b816c8106e618bc6be3af9eecb9de1841300281be9ca7,True
2026-08-07,APH,nonpositive_expected_return_no_long,,0,2026-08-07-live-1e3a1fb0,1,2026-08-07 21:06:30,f85a639,2026-08-02,sha256:c816bf1344698a75571b816c8106e618bc6be3af9eecb9de1841300281be9ca7,True
2026-08-07,ASML,not_selected,,0,2026-08-07-live-1e3a1fb0,1,2026-08-07 21:06:30,f85a639,2026-08-02,sha256:c816bf1344698a75571b816c8106e618bc6be3af9eecb9de1841300281be9ca7,True
2026-08-07,ATI,not_selected,,0,2026-08-07-live-1e3a1fb0,1,2026-08-07 21:06:30,f85a639,2026-08-02,sha256:c816bf1344698a75571b816c8106e618bc6be3af9eecb9de1841300281be9ca7,True
2026-08-07,AVGO,not_selected,,0,2026-08-07-live-1e3a1fb0,1,2026-08-07 21:06:30,f85a639,2026-08-02,sha256:c816bf1344698a75571b816c8106e618bc6be3af9eecb9de1841300281be9ca7,True
2026-08-07,AXP,not_selected,,0,2026-08-07-live-1e3a1fb0,1,2026-08-07 21:06:30,f85a639,2026-08-02,sha256:c816bf1344698a75571b816c8106e618bc6be3af9eecb9de1841300281be9ca7,True
2026-08-07,BA,not_selected,,0,2026-08-07-live-1e3a1fb0,1,2026-08-07 21:06:30,f85a639,2026-08-02,sha256:c816bf1344698a75571b816c8106e618bc6be3af9eecb9de1841300281be9ca7,True
2026-08-07,BAC,not_selected,,0,2026-08-07-live-1e3a1fb0,1,2026-08-07 21:06:30,f85a639,2026-08-02,sha256:c816bf1344698a75571b816c8106e618bc6be3af9eecb9de1841300281be9ca7,True
2026-08-07,BLK,not_selected,,0,2026-08-07-live-1e3a1fb0,1,2026-08-07 21:06:30,f85a639,2026-08-02,sha256:c816bf1344698a75571b816c8106e618bc6be3af9eecb9de1841300281be9ca7,True
2026-08-07,BWXT,not_selected,,0,2026-08-07-live-1e3a1fb0,1,2026-08-07 21:06:30,f85a639,2026-08-02,sha256:c816bf1344698a75571b816c8106e618bc6be3af9eecb9de1841300281be9ca7,True
2026-08-07,C,not_selected,,0,2026-08-07-live-1e3a1fb0,1,2026-08-07 21:06:30,f85a639,2026-08-02,sha256:c816bf1344698a75571b816c8106e618bc6be3af9eecb9de1841300281be9ca7,True
2026-08-07,CAT,not_selected,,0,2026-08-07-live-1e3a1fb0,1,2026-08-07 21:06:30,f85a639,2026-08-02,sha256:c816bf1344698a75571b816c8106e618bc6be3af9eecb9de1841300281be9ca7,True
2026-08-07,CMG,not_selected,,0,2026-08-07-live-1e3a1fb0,1,2026-08-07 21:06:30,f85a639,2026-08-02,sha256:c816bf1344698a75571b816c8106e618bc6be3af9eecb9de1841300281be9ca7,True
2026-08-07,CRM,not_selected,,0,2026-08-07-live-1e3a1fb0,1,2026-08-07 21:06:30,f85a639,2026-08-02,sha256:c816bf1344698a75571b816c8106e618bc6be3af9eecb9de1841300281be9ca7,True
2026-08-07,CRWD,correlation,,0,2026-08-07-live-1e3a1fb0,1,2026-08-07 21:06:30,f85a639,2026-08-02,sha256:c816bf1344698a75571b816c8106e618bc6be3af9eecb9de1841300281be9ca7,True
2026-08-07,CVS,not_selected,,0,2026-08-07-live-1e3a1fb0,1,2026-08-07 21:06:30,f85a639,2026-08-02,sha256:c816bf1344698a75571b816c8106e618bc6be3af9eecb9de1841300281be9ca7,True
2026-08-07,CVX,not_selected,,0,2026-08-07-live-1e3a1fb0,1,2026-08-07 21:06:30,f85a639,2026-08-02,sha256:c816bf1344698a75571b816c8106e618bc6be3af9eecb9de1841300281be9ca7,True
2026-08-07,D,not_selected,,0,2026-08-07-live-1e3a1fb0,1,2026-08-07 21:06:30,f85a639,2026-08-02,sha256:c816bf1344698a75571b816c8106e618bc6be3af9eecb9de1841300281be9ca7,True
2026-08-07,DE,not_selected,,0,2026-08-07-live-1e3a1fb0,1,2026-08-07 21:06:30,f85a639,2026-08-02,sha256:c816bf1344698a75571b816c8106e618bc6be3af9eecb9de1841300281be9ca7,True
2026-08-07,DLR,not_selected,,0,2026-08-07-live-1e3a1fb0,1,2026-08-07 21:06:30,f85a639,2026-08-02,sha256:c816bf1344698a75571b816c8106e618bc6be3af9eecb9de1841300281be9ca7,True
2026-08-07,DUK,not_selected,,0,2026-08-07-live-1e3a1fb0,1,2026-08-07 21:06:30,f85a639,2026-08-02,sha256:c816bf1344698a75571b816c8106e618bc6be3af9eecb9de1841300281be9ca7,True
2026-08-07,EME,not_selected,,0,2026-08-07-live-1e3a1fb0,1,2026-08-07 21:06:30,f85a639,2026-08-02,sha256:c816bf1344698a75571b816c8106e618bc6be3af9eecb9de1841300281be9ca7,True
2026-08-07,EMR,not_selected,,0,2026-08-07-live-1e3a1fb0,1,2026-08-07 21:06:30,f85a639,2026-08-02,sha256:c816bf1344698a75571b816c8106e618bc6be3af9eecb9de1841300281be9ca7,True
2026-08-07,EOG,not_selected,,0,2026-08-07-live-1e3a1fb0,1,2026-08-07 21:06:30,f85a639,2026-08-02,sha256:c816bf1344698a75571b816c8106e618bc6be3af9eecb9de1841300281be9ca7,True
2026-08-07,EQIX,not_selected,,0,2026-08-07-live-1e3a1fb0,1,2026-08-07 21:06:30,f85a639,2026-08-02,sha256:c816bf1344698a75571b816c8106e618bc6be3af9eecb9de1841300281be9ca7,True
2026-08-07,ETN,not_selected,,0,2026-08-07-live-1e3a1fb0,1,2026-08-07 21:06:30,f85a639,2026-08-02,sha256:c816bf1344698a75571b816c8106e618bc6be3af9eecb9de1841300281be9ca7,True
2026-08-07,FDX,not_selected,,0,2026-08-07-live-1e3a1fb0,1,2026-08-07 21:06:30,f85a639,2026-08-02,sha256:c816bf1344698a75571b816c8106e618bc6be3af9eecb9de1841300281be9ca7,True
2026-08-07,FTNT,not_selected,,0,2026-08-07-live-1e3a1fb0,1,2026-08-07 21:06:30,f85a639,2026-08-02,sha256:c816bf1344698a75571b816c8106e618bc6be3af9eecb9de1841300281be9ca7,True
2026-08-07,GE,not_selected,,0,2026-08-07-live-1e3a1fb0,1,2026-08-07 21:06:30,f85a639,2026-08-02,sha256:c816bf1344698a75571b816c8106e618bc6be3af9eecb9de1841300281be9ca7,True
2026-08-07,GLD,not_selected,,0,2026-08-07-live-1e3a1fb0,1,2026-08-07 21:06:30,f85a639,2026-08-02,sha256:c816bf1344698a75571b816c8106e618bc6be3af9eecb9de1841300281be9ca7,True
2026-08-07,GM,not_selected,,0,2026-08-07-live-1e3a1fb0,1,2026-08-07 21:06:30,f85a639,2026-08-02,sha256:c816bf1344698a75571b816c8106e618bc6be3af9eecb9de1841300281be9ca7,True
2026-08-07,GOOG,wash_sale,,0,2026-08-07-live-1e3a1fb0,1,2026-08-07 21:06:30,f85a639,2026-08-02,sha256:c816bf1344698a75571b816c8106e618bc6be3af9eecb9de1841300281be9ca7,True
2026-08-07,GRMN,not_selected,,0,2026-08-07-live-1e3a1fb0,1,2026-08-07 21:06:30,f85a639,2026-08-02,sha256:c816bf1344698a75571b816c8106e618bc6be3af9eecb9de1841300281be9ca7,True
2026-08-07,GS,not_selected,,0,2026-08-07-live-1e3a1fb0,1,2026-08-07 21:06:30,f85a639,2026-08-02,sha256:c816bf1344698a75571b816c8106e618bc6be3af9eecb9de1841300281be9ca7,True
2026-08-07,HLT,not_selected,,0,2026-08-07-live-1e3a1fb0,1,2026-08-07 21:06:30,f85a639,2026-08-02,sha256:c816bf1344698a75571b816c8106e618bc6be3af9eecb9de1841300281be9ca7,True
2026-08-07,JNJ,not_selected,,0,2026-08-07-live-1e3a1fb0,1,2026-08-07 21:06:30,f85a639,2026-08-02,sha256:c816bf1344698a75571b816c8106e618bc6be3af9eecb9de1841300281be9ca7,True
2026-08-07,JPM,not_selected,,0,2026-08-07-live-1e3a1fb0,1,2026-08-07 21:06:30,f85a639,2026-08-02,sha256:c816bf1344698a75571b816c8106e618bc6be3af9eecb9de1841300281be9ca7,True
2026-08-07,KO,not_selected,,0,2026-08-07-live-1e3a1fb0,1,2026-08-07 21:06:30,f85a639,2026-08-02,sha256:c816bf1344698a75571b816c8106e618bc6be3af9eecb9de1841300281be9ca7,True
2026-08-07,LHX,not_selected,,0,2026-08-07-live-1e3a1fb0,1,2026-08-07 21:06:30,f85a639,2026-08-02,sha256:c816bf1344698a75571b816c8106e618bc6be3af9eecb9de1841300281be9ca7,True
2026-08-07,LLY,not_selected,,0,2026-08-07-live-1e3a1fb0,1,2026-08-07 21:06:30,f85a639,2026-08-02,sha256:c816bf1344698a75571b816c8106e618bc6be3af9eecb9de1841300281be9ca7,True
2026-08-07,LMT,not_selected,,0,2026-08-07-live-1e3a1fb0,1,2026-08-07 21:06:30,f85a639,2026-08-02,sha256:c816bf1344698a75571b816c8106e618bc6be3af9eecb9de1841300281be9ca7,True
2026-08-07,MA,not_selected,,0,2026-08-07-live-1e3a1fb0,1,2026-08-07 21:06:30,f85a639,2026-08-02,sha256:c816bf1344698a75571b816c8106e618bc6be3af9eecb9de1841300281be9ca7,True
2026-08-07,META,not_selected,,0,2026-08-07-live-1e3a1fb0,1,2026-08-07 21:06:30,f85a639,2026-08-02,sha256:c816bf1344698a75571b816c8106e618bc6be3af9eecb9de1841300281be9ca7,True
2026-08-07,MMM,not_selected,,0,2026-08-07-live-1e3a1fb0,1,2026-08-07 21:06:30,f85a639,2026-08-02,sha256:c816bf1344698a75571b816c8106e618bc6be3af9eecb9de1841300281be9ca7,True
2026-08-07,MO,not_selected,,0,2026-08-07-live-1e3a1fb0,1,2026-08-07 21:06:30,f85a639,2026-08-02,sha256:c816bf1344698a75571b816c8106e618bc6be3af9eecb9de1841300281be9ca7,True
2026-08-07,MRK,not_selected,,0,2026-08-07-live-1e3a1fb0,1,2026-08-07 21:06:30,f85a639,2026-08-02,sha256:c816bf1344698a75571b816c8106e618bc6be3af9eecb9de1841300281be9ca7,True
2026-08-07,MS,not_selected,,0,2026-08-07-live-1e3a1fb0,1,2026-08-07 21:06:30,f85a639,2026-08-02,sha256:c816bf1344698a75571b816c8106e618bc6be3af9eecb9de1841300281be9ca7,True
2026-08-07,MSFT,not_selected,,0,2026-08-07-live-1e3a1fb0,1,2026-08-07 21:06:30,f85a639,2026-08-02,sha256:c816bf1344698a75571b816c8106e618bc6be3af9eecb9de1841300281be9ca7,True
2026-08-07,NEE,not_selected,,0,2026-08-07-live-1e3a1fb0,1,2026-08-07 21:06:30,f85a639,2026-08-02,sha256:c816bf1344698a75571b816c8106e618bc6be3af9eecb9de1841300281be9ca7,True
2026-08-07,NEM,not_selected,,0,2026-08-07-live-1e3a1fb0,1,2026-08-07 21:06:30,f85a639,2026-08-02,sha256:c816bf1344698a75571b816c8106e618bc6be3af9eecb9de1841300281be9ca7,True
2026-08-07,NET,nonpositive_expected_return_no_long,,0,2026-08-07-live-1e3a1fb0,1,2026-08-07 21:06:30,f85a639,2026-08-02,sha256:c816bf1344698a75571b816c8106e618bc6be3af9eecb9de1841300281be9ca7,True
2026-08-07,NVDA,not_selected,,0,2026-08-07-live-1e3a1fb0,1,2026-08-07 21:06:30,f85a639,2026-08-02,sha256:c816bf1344698a75571b816c8106e618bc6be3af9eecb9de1841300281be9ca7,True
2026-08-07,OXY,not_selected,,0,2026-08-07-live-1e3a1fb0,1,2026-08-07 21:06:30,f85a639,2026-08-02,sha256:c816bf1344698a75571b816c8106e618bc6be3af9eecb9de1841300281be9ca7,True
2026-08-07,PG,not_selected,,0,2026-08-07-live-1e3a1fb0,1,2026-08-07 21:06:30,f85a639,2026-08-02,sha256:c816bf1344698a75571b816c8106e618bc6be3af9eecb9de1841300281be9ca7,True
2026-08-07,PH,not_selected,,0,2026-08-07-live-1e3a1fb0,1,2026-08-07 21:06:30,f85a639,2026-08-02,sha256:c816bf1344698a75571b816c8106e618bc6be3af9eecb9de1841300281be9ca7,True
2026-08-07,PM,not_selected,,0,2026-08-07-live-1e3a1fb0,1,2026-08-07 21:06:30,f85a639,2026-08-02,sha256:c816bf1344698a75571b816c8106e618bc6be3af9eecb9de1841300281be9ca7,True
2026-08-07,PNC,not_selected,,0,2026-08-07-live-1e3a1fb0,1,2026-08-07 21:06:30,f85a639,2026-08-02,sha256:c816bf1344698a75571b816c8106e618bc6be3af9eecb9de1841300281be9ca7,True
2026-08-07,PYPL,not_selected,,0,2026-08-07-live-1e3a1fb0,1,2026-08-07 21:06:30,f85a639,2026-08-02,sha256:c816bf1344698a75571b816c8106e618bc6be3af9eecb9de1841300281be9ca7,True
2026-08-07,ROST,not_selected,,0,2026-08-07-live-1e3a1fb0,1,2026-08-07 21:06:30,f85a639,2026-08-02,sha256:c816bf1344698a75571b816c8106e618bc6be3af9eecb9de1841300281be9ca7,True
2026-08-07,RTX,not_selected,,0,2026-08-07-live-1e3a1fb0,1,2026-08-07 21:06:30,f85a639,2026-08-02,sha256:c816bf1344698a75571b816c8106e618bc6be3af9eecb9de1841300281be9ca7,True
2026-08-07,SCHW,not_selected,,0,2026-08-07-live-1e3a1fb0,1,2026-08-07 21:06:30,f85a639,2026-08-02,sha256:c816bf1344698a75571b816c8106e618bc6be3af9eecb9de1841300281be9ca7,True
2026-08-07,SO,not_selected,,0,2026-08-07-live-1e3a1fb0,1,2026-08-07 21:06:30,f85a639,2026-08-02,sha256:c816bf1344698a75571b816c8106e618bc6be3af9eecb9de1841300281be9ca7,True
2026-08-07,SPG,not_selected,,0,2026-08-07-live-1e3a1fb0,1,2026-08-07 21:06:30,f85a639,2026-08-02,sha256:c816bf1344698a75571b816c8106e618bc6be3af9eecb9de1841300281be9ca7,True
2026-08-07,SPOT,not_selected,,0,2026-08-07-live-1e3a1fb0,1,2026-08-07 21:06:30,f85a639,2026-08-02,sha256:c816bf1344698a75571b816c8106e618bc6be3af9eecb9de1841300281be9ca7,True
2026-08-07,TJX,not_selected,,0,2026-08-07-live-1e3a1fb0,1,2026-08-07 21:06:30,f85a639,2026-08-02,sha256:c816bf1344698a75571b816c8106e618bc6be3af9eecb9de1841300281be9ca7,True
2026-08-07,TMO,not_selected,,0,2026-08-07-live-1e3a1fb0,1,2026-08-07 21:06:30,f85a639,2026-08-02,sha256:c816bf1344698a75571b816c8106e618bc6be3af9eecb9de1841300281be9ca7,True
2026-08-07,TSM,not_selected,,0,2026-08-07-live-1e3a1fb0,1,2026-08-07 21:06:30,f85a639,2026-08-02,sha256:c816bf1344698a75571b816c8106e618bc6be3af9eecb9de1841300281be9ca7,True
2026-08-07,TXN,not_selected,,0,2026-08-07-live-1e3a1fb0,1,2026-08-07 21:06:30,f85a639,2026-08-02,sha256:c816bf1344698a75571b816c8106e618bc6be3af9eecb9de1841300281be9ca7,True
2026-08-07,UNH,not_selected,,0,2026-08-07-live-1e3a1fb0,1,2026-08-07 21:06:30,f85a639,2026-08-02,sha256:c816bf1344698a75571b816c8106e618bc6be3af9eecb9de1841300281be9ca7,True
2026-08-07,UNP,not_selected,,0,2026-08-07-live-1e3a1fb0,1,2026-08-07 21:06:30,f85a639,2026-08-02,sha256:c816bf1344698a75571b816c8106e618bc6be3af9eecb9de1841300281be9ca7,True
2026-08-07,V,not_selected,,0,2026-08-07-live-1e3a1fb0,1,2026-08-07 21:06:30,f85a639,2026-08-02,sha256:c816bf1344698a75571b816c8106e618bc6be3af9eecb9de1841300281be9ca7,True
2026-08-07,WFC,not_selected,,0,2026-08-07-live-1e3a1fb0,1,2026-08-07 21:06:30,f85a639,2026-08-02,sha256:c816bf1344698a75571b816c8106e618bc6be3af9eecb9de1841300281be9ca7,True
2026-08-07,WMB,not_selected,,0,2026-08-07-live-1e3a1fb0,1,2026-08-07 21:06:30,f85a639,2026-08-02,sha256:c816bf1344698a75571b816c8106e618bc6be3af9eecb9de1841300281be9ca7,True
2026-08-07,WMT,not_selected,,0,2026-08-07-live-1e3a1fb0,1,2026-08-07 21:06:30,f85a639,2026-08-02,sha256:c816bf1344698a75571b816c8106e618bc6be3af9eecb9de1841300281be9ca7,True
2026-08-07,XLF,not_selected,,0,2026-08-07-live-1e3a1fb0,1,2026-08-07 21:06:30,f85a639,2026-08-02,sha256:c816bf1344698a75571b816c8106e618bc6be3af9eecb9de1841300281be9ca7,True
2026-08-07,XLI,not_selected,,0,2026-08-07-live-1e3a1fb0,1,2026-08-07 21:06:30,f85a639,2026-08-02,sha256:c816bf1344698a75571b816c8106e618bc6be3af9eecb9de1841300281be9ca7,True
2026-08-07,XLK,not_selected,,0,2026-08-07-live-1e3a1fb0,1,2026-08-07 21:06:30,f85a639,2026-08-02,sha256:c816bf1344698a75571b816c8106e618bc6be3af9eecb9de1841300281be9ca7,True
2026-08-07,XLU,not_selected,,0,2026-08-07-live-1e3a1fb0,1,2026-08-07 21:06:30,f85a639,2026-08-02,sha256:c816bf1344698a75571b816c8106e618bc6be3af9eecb9de1841300281be9ca7,True
2026-08-07,XLY,not_selected,,0,2026-08-07-live-1e3a1fb0,1,2026-08-07 21:06:30,f85a639,2026-08-02,sha256:c816bf1344698a75571b816c8106e618bc6be3af9eecb9de1841300281be9ca7,True
2026-08-07,ZM,not_selected,,0,2026-08-07-live-1e3a1fb0,1,2026-08-07 21:06:30,f85a639,2026-08-02,sha256:c816bf1344698a75571b816c8106e618bc6be3af9eecb9de1841300281be9ca7,True
